# total_time tau_hot tau_cold eta power W_out Q_hot Q_cold W_comp W_exp W_net
1.060500000000000000e+03 3.510000000000000000e+02 7.020000000000000000e+02 -1.789676399059228231e+02 -1.160435119993778448e-04 -1.230641444753401981e-01 6.876334992182431272e-04 -2.095646373344094426e-01 -4.763673296237981303e-01 5.994314740991383283e-01 1.230641444753401981e-01
1.063500000000000000e+03 3.520000000000000000e+02 7.040000000000000000e+02 -5.629054793325882855e+01 -1.142747839954068675e-04 -1.215312327791152058e-01 2.158998930392529159e-03 -2.089615343868073682e-01 -4.773031206147307359e-01 5.988343533938459418e-01 1.215312327791152058e-01
1.066500000000000000e+03 3.530000000000000000e+02 7.060000000000000000e+02 -3.381134088583954878e+01 -1.148144134507538602e-04 -1.224495719452289855e-01 3.621553263997046024e-03 -2.107803709191630737e-01 -4.782327880978028967e-01 6.006823600430318821e-01 1.224495719452289855e-01
1.069500000000000000e+03 3.540000000000000000e+02 7.080000000000000000e+02 -2.335943892610618633e+01 -1.108528004522916908e-04 -1.185570700837259572e-01 5.075338943660509528e-03 -2.078295758615042454e-01 -4.791563721429965561e-01 5.977134422267225133e-01 1.185570700837259572e-01
1.072500000000000000e+03 3.550000000000000000e+02 7.100000000000000000e+02 -1.868536481769755042e+01 -1.136000214090204812e-04 -1.218360229611744616e-01 6.520398405375493756e-03 -2.119763676764937488e-01 -4.800739125578620259e-01 6.019099355190364875e-01 1.218360229611744616e-01
1.075500000000000000e+03 3.560000000000000000e+02 7.120000000000000000e+02 -1.453180754035756905e+01 -1.075093532960244379e-04 -1.156263094698742888e-01 7.956774072926456332e-03 -2.067187707094713667e-01 -4.809854488892747471e-01 5.966117583591490359e-01 1.156263094698742888e-01
1.078500000000000000e+03 3.570000000000000000e+02 7.140000000000000000e+02 -1.291686357750925218e+01 -1.123953770977903824e-04 -1.212184141999669285e-01 9.384508357820821323e-03 -2.131477338042559178e-01 -4.818910204279786003e-01 6.031094346279455287e-01 1.212184141999669285e-01
1.081500000000000000e+03 3.580000000000000000e+02 7.160000000000000000e+02 -1.043565309778496619e+01 -1.042469508322677160e-04 -1.127430773250975293e-01 1.080364365015429318e-02 -2.056334281392855345e-01 -4.827906662072848909e-01 5.955337435323824202e-01 1.127430773250975293e-01
1.084500000000000000e+03 3.590000000000000000e+02 7.180000000000000000e+02 -9.873187633415943409e+00 -1.111971495479210703e-04 -1.205933086847204017e-01 1.221422231221157284e-02 -2.142912052045418958e-01 -4.836844250034192383e-01 6.042777336881396399e-01 1.205933086847204017e-01
1.087500000000000000e+03 3.600000000000000000e+02 7.200000000000000000e+02 -8.072048581627857544e+00 -1.010678874064805332e-04 -1.099113275545475776e-01 1.361628667655791214e-02 -2.045776899936424809e-01 -4.845723353386833798e-01 5.944836628932309575e-01 1.099113275545475776e-01
1.090500000000000000e+03 3.610000000000000000e+02 7.220000000000000000e+02 -7.991751504398161288e+00 -1.100002048731290856e-04 -1.199552234141472717e-01 1.500987904192609135e-02 -2.154014893750126891e-01 -4.854544354830951369e-01 6.054096588972424087e-01 1.199552234141472717e-01
1.093500000000000000e+03 3.620000000000000000e+02 7.240000000000000000e+02 -6.534619834307133779e+00 -9.797472745808509726e-05 -1.071353644754160506e-01 1.639504166913416383e-02 -2.035560485878661063e-01 -4.863307634559868031e-01 5.934661279314028537e-01 1.071353644754160506e-01
1.096500000000000000e+03 3.630000000000000000e+02 7.260000000000000000e+02 -6.712872717392811772e+00 -1.088006785055259628e-04 -1.192999439813092200e-01 1.777181677707181245e-02 -2.164745494994301245e-01 -4.872013570276034211e-01 6.065013010089126411e-01 1.192999439813092200e-01
1.099500000000000000e+03 3.640000000000000000e+02 7.280000000000000000e+02 -5.455428622835523988e+00 -9.496884840046415600e-05 -1.044182488163103439e-01 1.914024653887556882e-02 -2.025717661855582219e-01 -4.880662537207044460e-01 5.924845025370147900e-01 1.044182488163103439e-01
1.102500000000000000e+03 3.650000000000000000e+02 7.300000000000000000e+02 -5.786468764837806589e+00 -1.075961618903937411e-04 -1.186247684841590933e-01 2.050037307813656201e-02 -2.175078478504996471e-01 -4.889254908121351550e-01 6.075502592962942483e-01 1.186247684841590933e-01
1.105500000000000000e+03 3.660000000000000000e+02 7.320000000000000000e+02 -4.656927270661444851e+00 -9.205272296093094074e-05 -1.017642852333091597e-01 2.185223846514036672e-02 -2.016293404892125496e-01 -4.897791053343676371e-01 5.915433905676767967e-01 1.017642852333091597e-01
1.108500000000000000e+03 3.670000000000000000e+02 7.340000000000000000e+02 -5.083844132868695631e+00 -1.063818334744785993e-04 -1.179242624064595346e-01 2.319588471330996660e-02 -2.184961366130967475e-01 -4.906271340770591016e-01 6.085513964835186362e-01 1.179242624064595346e-01
1.111500000000000000e+03 3.680000000000000000e+02 7.360000000000000000e+02 -4.042814241918855522e+00 -8.922690635885194646e-05 -9.917570641786394026e-02 2.453135377567874920e-02 -2.007312162671714972e-01 -4.914696135886034711e-01 5.906453200064674114e-01 9.917570641786394026e-02
1.114500000000000000e+03 3.690000000000000000e+02 7.380000000000000000e+02 -4.532197838759998376e+00 -1.051562923177769255e-04 -1.171966877881623903e-01 2.585868754136893405e-02 -2.194378335618361042e-01 -4.923065801775970973e-01 6.095032679657594876e-01 1.171966877881623903e-01
1.117500000000000000e+03 3.700000000000000000e+02 7.400000000000000000e+02 -3.556440974733680260e+00 -8.649368783129434942e-05 -9.665669615147143290e-02 2.717792783239132703e-02 -1.998817747452927562e-01 -4.931380699144539692e-01 5.897947660659254021e-01 9.665669615147143290e-02
1.120500000000000000e+03 3.710000000000000000e+02 7.420000000000000000e+02 -4.087070119640525689e+00 -1.039152311040904378e-04 -1.164370164521333351e-01 2.848911641926379218e-02 -2.203280927003480050e-01 -4.939641186448547883e-01 6.104011350969881233e-01 1.164370164521333351e-01
1.123500000000000000e+03 3.720000000000000000e+02 7.440000000000000000e+02 -3.162209970190748454e+00 -8.385357569051728232e-05 -9.420949228829617050e-02 2.979229500140161135e-02 -1.990834679124599826e-01 -4.947847619808524722e-01 5.889942542691486427e-01 9.420949228829617050e-02
1.126500000000000000e+03 3.730000000000000000e+02 7.460000000000000000e+02 -3.719951793505588800e+00 -1.026578079808375670e-04 -1.156440206904135182e-01 3.108750519087601083e-02 -2.211658387012676585e-01 -4.956000352940143627e-01 6.112440559844278809e-01 1.156440206904135182e-01
1.129500000000000000e+03 3.740000000000000000e+02 7.480000000000000000e+02 -2.836638740536832959e+00 -8.130640047512330238e-05 -9.183557933665176254e-02 3.237478852145687924e-02 -1.983380001377837432e-01 -4.964099737245687427e-01 5.882455530612205052e-01 9.183557933665176254e-02
1.132500000000000000e+03 3.750000000000000000e+02 7.500000000000000000e+02 -3.411571443645143642e+00 -1.013807165007367611e-04 -1.148136614370843800e-01 3.365418644564864559e-02 -2.219472068075496185e-01 -4.972146121828290299e-01 6.120282736199134099e-01 1.148136614370843800e-01
1.135500000000000000e+03 3.760000000000000000e+02 7.520000000000000000e+02 -2.563693986358796639e+00 -7.885417037273352732e-05 -8.953891045823891837e-02 3.492574033198503347e-02 -1.976495261428172223e-01 -4.980139853507649095e-01 5.875528958090038278e-01 8.953891045823891837e-02
1.138500000000000000e+03 3.770000000000000000e+02 7.540000000000000000e+02 -3.148525477307943188e+00 -1.000821571187264850e-04 -1.139435358796700992e-01 3.618949146223655877e-02 -2.226699561866410937e-01 -4.988081276834487321e-01 6.127516635631188313e-01 1.139435358796700992e-01
1.141500000000000000e+03 3.780000000000000000e+02 7.560000000000000000e+02 -2.331927228372681515e+00 -7.649595864267422685e-05 -8.732013679061262357e-02 3.744548102881767315e-02 -1.970189228895274924e-01 -4.995970734105595334e-01 5.869172102011721570e-01 8.732013679061262357e-02
1.144500000000000000e+03 3.790000000000000000e+02 7.580000000000000000e+02 -2.921211221575810590e+00 -9.876157019737038384e-05 -1.130326170908904082e-01 3.869375013215113623e-02 -2.233332128789703164e-01 -5.003808565378254913e-01 6.134134736287158995e-01 1.130326170908904082e-01
1.147500000000000000e+03 3.800000000000000000e+02 7.600000000000000000e+02 -2.133026492432908761e+00 -7.423181148585022429e-05 -8.518100368001313427e-02 3.993433929780053349e-02 -1.964481523878495173e-01 -5.011595105449891951e-01 5.863405142250023294e-01 8.518100368001313427e-02
1.150500000000000000e+03 3.810000000000000000e+02 7.620000000000000000e+02 -2.722497733350011107e+00 -9.741664916994657538e-05 -1.120778548700235300e-01 4.116729042492632551e-02 -2.239340943689025476e-01 -5.019330696198667230e-01 6.140109244898902530e-01 1.120778548700235300e-01
1.153500000000000000e+03 3.820000000000000000e+02 7.640000000000000000e+02 -1.960809210031834837e+00 -7.206232029850205177e-05 -8.312388646432211647e-02 4.239264383247799695e-02 -1.959398026945869398e-01 -5.027015667949196187e-01 5.858254532592417352e-01 8.312388646432211647e-02
1.156500000000000000e+03 3.830000000000000000e+02 7.660000000000000000e+02 -2.547044207534697069e+00 -9.604644978089764797e-05 -1.110777191716081358e-01 4.361044022833081291e-02 -2.244712290918985664e-01 -5.034650351944146562e-01 6.145427543660227920e-01 1.110777191716081358e-01
1.159500000000000000e+03 3.840000000000000000e+02 7.680000000000000000e+02 -1.810524640064139268e+00 -6.998621676307191898e-05 -8.114901833678189735e-02 4.482072021616183288e-02 -1.954943322913802461e-01 -5.042235077256365106e-01 5.853725260624184079e-01 8.114901833678189735e-02
1.162500000000000000e+03 3.850000000000000000e+02 7.700000000000000000e+02 -2.390773442503696611e+00 -9.465102762205545293e-05 -1.100318196106394586e-01 4.602352429321387994e-02 -2.249443778107346747e-01 -5.049770170802519997e-01 6.150088366908914583e-01 1.100318196106394586e-01
1.165500000000000000e+03 3.860000000000000000e+02 7.720000000000000000e+02 -1.678510940997440137e+00 -6.800294145641323893e-05 -7.925742826744963665e-02 4.721889284817626375e-02 -1.951129888255669909e-01 -5.057255957357282838e-01 5.849830240031779205e-01 7.925742826744963665e-02
1.168500000000000000e+03 3.870000000000000000e+02 7.740000000000000000e+02 -2.250464491071089590e+00 -9.322886899008603465e-05 -1.089379334149155332e-01 4.840686615902455026e-02 -2.253514820801012231e-01 -5.064692759566389313e-01 6.154072093715544645e-01 1.089379334149155332e-01
1.171500000000000000e+03 3.880000000000000000e+02 7.760000000000000000e+02 -1.561877284204493455e+00 -6.611145151612833691e-05 -7.744956545114434210e-02 4.958748439099779082e-02 -1.947964423321460470e-01 -5.072080897960337120e-01 5.846576552471780541e-01 7.744956545114434210e-02
1.174500000000000000e+03 3.890000000000000000e+02 7.780000000000000000e+02 -2.123610783091173904e+00 -9.178046478846402885e-05 -1.077961558940510045e-01 5.076078759458010903e-02 -2.256927876854638026e-01 -5.079420690967482166e-01 6.157382249907992211e-01 1.077961558940510045e-01
1.177500000000000000e+03 3.900000000000000000e+02 7.800000000000000000e+02 -1.458318511940463358e+00 -6.431068926257294677e-05 -7.572583660667964178e-02 5.192681570359931886e-02 -1.945453188178405401e-01 -5.086712454927587723e-01 5.843970820994384141e-01 7.572583660667964178e-02
1.180500000000000000e+03 3.910000000000000000e+02 7.820000000000000000e+02 -2.008184215971904329e+00 -9.030553253011860460e-05 -1.066056811518050207e-01 5.308560853328432583e-02 -2.259676460799348585e-01 -5.093956504104548699e-01 6.160013315622598906e-01 1.066056811518050207e-01
1.183500000000000000e+03 3.920000000000000000e+02 7.840000000000000000e+02 -1.365965251583830309e+00 -6.259918752547743417e-05 -7.408613843640254881e-02 5.423720577847790381e-02 -1.943597353877275502e-01 -5.101153150699677674e-01 5.842014535063703162e-01 7.408613843640254881e-02
1.186500000000000000e+03 3.930000000000000000e+02 7.860000000000000000e+02 -1.902545454252194235e+00 -8.880413044357450634e-05 -1.053661007713011522e-01 5.538164701180076088e-02 -2.261758047692916940e-01 -5.108302704864275956e-01 6.161963712577287478e-01 1.053661007713011522e-01
1.189500000000000000e+03 3.940000000000000000e+02 7.880000000000000000e+02 -1.283280941783318863e+00 -6.097496360540875251e-05 -7.252971920863371391e-02 5.651897168194702781e-02 -1.942391622113041061e-01 -5.115405474712615419e-01 5.840702666798952558e-01 7.252971920863371391e-02
1.192500000000000000e+03 3.950000000000000000e+02 7.900000000000000000e+02 -1.805372367736114869e+00 -8.727740646231629026e-05 -1.040783072063121706e-01 5.764921911196822790e-02 -2.263183058328976927e-01 -5.122461766334280853e-01 6.163244838397402559e-01 1.040783072063121706e-01
1.195500000000000000e+03 3.960000000000000000e+02 7.920000000000000000e+02 -1.209023981919541413e+00 -5.943728609727234478e-05 -7.105727552928908786e-02 5.877242849763242294e-02 -1.941845072518514070e-01 -5.129471883806882015e-01 5.840044639099772894e-01 7.105727552928908786e-02
1.198500000000000000e+03 3.970000000000000000e+02 7.940000000000000000e+02 -1.715547223361669316e+00 -8.572531346332502270e-05 -1.027417881857950466e-01 5.988863890582343807e-02 -2.263947958819860495e-01 -5.136436129208277190e-01 6.163854011066227656e-01 1.027417881857950466e-01
1.201500000000000000e+03 3.980000000000000000e+02 7.960000000000000000e+02 -1.142097850151215788e+00 -5.798215414271752600e-05 -6.966555820247510855e-02 6.099788927301742769e-02 -1.941927521899482201e-01 -5.143354802629181988e-01 5.840010384653933073e-01 6.966555820247510855e-02
1.204500000000000000e+03 3.990000000000000000e+02 7.980000000000000000e+02 -1.632178579964582266e+00 -8.414997616406540300e-05 -1.013586462896167717e-01 6.210021840368486201e-02 -2.264075231489616202e-01 -5.150228202184643500e-01 6.163814665080811217e-01 1.013586462896167717e-01
1.207500000000000000e+03 4.000000000000000000e+02 8.000000000000000000e+02 -1.081659539467954900e+00 -5.660968436160133049e-05 -6.835619386663360775e-02 6.319566496890190177e-02 -1.942657250936053737e-01 -5.157056624026622460e-01 5.840618562692958537e-01 6.835619386663360775e-02
1.210500000000000000e+03 4.010000000000000000e+02 8.020000000000000000e+02 -1.554461291999031047e+00 -8.255052087932362862e-05 -9.992740552442125335e-02 6.428426750717929072e-02 -2.263551777598740156e-01 -5.163840362370234471e-01 6.163114417614447005e-01 9.992740552442125335e-02
1.213500000000000000e+03 4.020000000000000000e+02 8.040000000000000000e+02 -1.026934289214017637e+00 -5.531656612031583809e-05 -6.712665298700326577e-02 6.536606450095247545e-02 -1.944011179622242569e-01 -5.170579709995364315e-01 5.841846239865396972e-01 6.712665298700326577e-02
1.216500000000000000e+03 4.030000000000000000e+02 8.060000000000000000e+02 -1.481769118918239370e+00 -8.092919171298061144e-05 -9.845036171884091747e-02 6.644109427163273629e-02 -2.262402027203811727e-01 -5.177274957606337047e-01 6.161778574794746222e-01 9.845036171884091747e-02
1.219500000000000000e+03 4.040000000000000000e+02 8.080000000000000000e+02 -9.772936673052360357e-01 -5.410127444538625319e-05 -6.597650418614853240e-02 6.750939496832146502e-02 -1.945987073458380900e-01 -5.183926393780782238e-01 5.843691435642267562e-01 6.597650418614853240e-02
1.222500000000000000e+03 4.050000000000000000e+02 8.100000000000000000e+02 -1.413554314854936766e+00 -7.928739421636030855e-05 -9.692883942950047960e-02 6.857100460228697514e-02 -2.260640763168709211e-01 -5.190534305206152554e-01 6.159822699501157350e-01 9.692883942950047960e-02
1.225500000000000000e+03 4.060000000000000000e+02 8.120000000000000000e+02 -9.321358401706295593e-01 -5.295867294758606656e-05 -6.490085369726672493e-02 6.962596104596351088e-02 -1.948538266437788713e-01 -5.197098976692569039e-01 5.846107513665236288e-01 6.490085369726672493e-02
1.228500000000000000e+03 4.070000000000000000e+02 8.140000000000000000e+02 -1.349337144373250474e+00 -7.762593478552076199e-05 -9.536346088401226329e-02 7.067430203168931224e-02 -2.258275788565793363e-01 -5.203620691183497016e-01 6.157255300023619649e-01 9.536346088401226329e-02
1.231500000000000000e+03 4.080000000000000000e+02 8.160000000000000000e+02 -8.910260911027063635e-01 -5.188866033348314005e-05 -6.390088520068448741e-02 7.171606515091238920e-02 -1.951678535962875771e-01 -5.210099729769435140e-01 5.849108581776280014e-01 6.390088520068448741e-02
1.234500000000000000e+03 4.090000000000000000e+02 8.180000000000000000e+02 -1.288748199670464611e+00 -7.594823106046184587e-05 -9.375809124414014040e-02 7.275128785290584099e-02 -2.255347190955508396e-01 -5.216536371697655383e-01 6.154117284139056787e-01 9.375809124414014040e-02
1.237500000000000000e+03 4.100000000000000000e+02 8.200000000000000000e+02 -8.535109337739317237e-01 -5.088649943220142636e-05 -6.297204304734926872e-02 7.378000744396859267e-02 -1.955364516667296160e-01 -5.222930894385217071e-01 5.852651324858709758e-01 6.297204304734926872e-02
1.240500000000000000e+03 4.110000000000000000e+02 8.220000000000000000e+02 -1.231428902843093587e+00 -7.425527311563455933e-05 -9.211366629994466315e-02 7.480226108651083505e-02 -2.251865917437843312e-01 -5.229283573430523191e-01 6.150420236429969822e-01 9.211366629994466315e-02
1.243500000000000000e+03 4.120000000000000000e+02 8.240000000000000000e+02 -8.192433973862133234e-01 -4.995051563528582684e-05 -6.211346619247792855e-02 7.581808579800609904e-02 -1.959589583237923427e-01 -5.235594682624024054e-01 5.856729344548803340e-01 6.211346619247792855e-02
1.246500000000000000e+03 4.130000000000000000e+02 8.260000000000000000e+02 -1.177083526010821002e+00 -7.254906242449508371e-05 -9.043240631213311786e-02 7.682751845029370252e-02 -2.247855707712962114e-01 -5.241864493960521898e-01 6.146188557081853077e-01 9.043240631213311786e-02
1.249500000000000000e+03 4.140000000000000000e+02 8.280000000000000000e+02 -7.878837290086452283e-01 -4.907679873956292342e-05 -6.132146002508387372e-02 7.783059576854266248e-02 -1.964318875972843881e-01 -5.248093277649393817e-01 5.861307877900232555e-01 6.132146002508387372e-02
1.252500000000000000e+03 4.150000000000000000e+02 8.300000000000000000e+02 -1.125461109121723702e+00 -7.083203324083967554e-05 -8.871712163415168551e-02 7.882735433069196218e-02 -2.243346186372426887e-01 -5.254281302127170594e-01 6.141452518468687449e-01 8.871712163415168551e-02
1.255500000000000000e+03 4.160000000000000000e+02 8.320000000000000000e+02 -7.591470246945765110e-01 -4.826242022466458148e-05 -6.059346859206637959e-02 7.981783056641053586e-02 -1.969528838673656190e-01 -5.260428834067119030e-01 5.866363519987782826e-01 6.059346859206637959e-02
1.258500000000000000e+03 4.170000000000000000e+02 8.340000000000000000e+02 -1.076323615614812157e+00 -6.910541611644887108e-05 -8.696916618255090548e-02 8.080206075648802000e-02 -2.238352485152099447e-01 -5.266536138390928157e-01 6.136227800216437211e-01 8.696916618255090548e-02
1.261500000000000000e+03 4.180000000000000000e+02 8.360000000000000000e+02 -7.327842069553965887e-01 -4.750467841766941793e-05 -5.992715182388996809e-02 8.178008103214708113e-02 -1.975198036369983923e-01 -5.272603478280006861e-01 5.871874996518906542e-01 5.992715182388996809e-02
1.264500000000000000e+03 4.190000000000000000e+02 8.380000000000000000e+02 -1.029490745037123789e+00 -6.737235537772069119e-05 -8.519234337512782140e-02 8.275192738333529696e-02 -2.232914133532034606e-01 -5.278631115242401473e-01 6.130554548993679687e-01 8.519234337512782140e-02
1.267500000000000000e+03 4.200000000000000000e+02 8.400000000000000000e+02 -7.085572531244322958e-01 -4.679979327877639120e-05 -5.931873798084907889e-02 8.371763568755946627e-02 -1.981290748428432558e-01 -5.284619309308804525e-01 5.877806689117295313e-01 5.931873798084907889e-02
1.270500000000000000e+03 4.210000000000000000e+02 8.420000000000000000e+02 -9.847871751308139299e-01 -6.563483793307950582e-05 -8.338906159397752038e-02 8.467724164147502619e-02 -2.227056779085155314e-01 -5.290568318617507870e-01 6.124458934557283074e-01 8.338906159397752038e-02
1.273500000000000000e+03 4.220000000000000000e+02 8.440000000000000000e+02 -6.862615824832173361e-01 -4.614457411184505015e-05 -5.876511513143467536e-02 8.563078078594292541e-02 -1.987777794860091374e-01 -5.296478399586238561e-01 5.884129550900585315e-01 5.876511513143467536e-02
1.276500000000000000e+03 4.230000000000000000e+02 8.460000000000000000e+02 -9.420645418464801413e-01 -6.389528844458552894e-05 -8.156233569951343298e-02 8.657828851051790897e-02 -2.220812115004379694e-01 -5.302349806954393951e-01 6.117973163949528281e-01 8.156233569951343298e-02
1.279500000000000000e+03 4.240000000000000000e+02 8.480000000000000000e+02 -6.657130513567116603e-01 -4.553581332335001057e-05 -5.826307314722634079e-02 8.751980005272122498e-02 -1.994628988077827569e-01 -5.308182793792092236e-01 5.890813525264355643e-01 5.826307314722634079e-02
1.282500000000000000e+03 4.250000000000000000e+02 8.500000000000000000e+02 -9.011918816277871835e-01 -6.215613548172607716e-05 -7.971524375531369166e-02 8.845535049797298432e-02 -2.214212469633071723e-01 -5.313977611513669430e-01 6.111130049066806347e-01 7.971524375531369166e-02
1.285500000000000000e+03 4.260000000000000000e+02 8.520000000000000000e+02 -6.467445917688970924e-01 -4.497024428126487162e-05 -5.780924902356598949e-02 8.938497477876571062e-02 -2.001812589071811643e-01 -5.319734509885422069e-01 5.897827000121081964e-01 5.780924902356598949e-02
1.288500000000000000e+03 4.270000000000000000e+02 8.540000000000000000e+02 -8.620544845270585732e-01 -6.041988858569771059e-05 -7.785102644267150040e-02 9.030870767452968406e-02 -2.207291796262586814e-01 -5.325453737038203794e-01 6.103964001464918798e-01 7.785102644267150040e-02
1.291500000000000000e+03 4.280000000000000000e+02 8.560000000000000000e+02 -6.292014502500989925e-01 -4.444436611331700065e-05 -5.739989883534890591e-02 9.122658381116767468e-02 -2.009293035272665950e-01 -5.331135539477122043e-01 5.905134527830611102e-01 5.739989883534890591e-02
1.294500000000000000e+03 4.290000000000000000e+02 8.580000000000000000e+02 -8.245472457750002704e-01 -5.868880642141504857e-05 -7.597265991252177830e-02 9.213863766061616833e-02 -2.200081416449421456e-01 -5.336780162091585566e-01 6.096506761216803350e-01 7.597265991252177830e-02
1.297500000000000000e+03 4.300000000000000000e+02 8.600000000000000000e+02 -6.129459657116393956e-01 -4.395491195006724622e-05 -5.703149825521225402e-02 9.304490354055570955e-02 -2.017036923486204558e-01 -5.342387848165779385e-01 5.912702830717901925e-01 5.703149825521225402e-02
1.300500000000000000e+03 4.310000000000000000e+02 8.620000000000000000e+02 -7.885798350307029470e-01 -5.696536743317936265e-05 -7.408346034684976100e-02 9.394541561408979724e-02 -2.192616042095545947e-01 -5.347958839388766705e-01 6.088793442857264315e-01 7.408346034684976100e-02
1.303500000000000000e+03 4.320000000000000000e+02 8.640000000000000000e+02 -5.978545526896023032e-01 -4.349877258514606843e-05 -5.670065006473790081e-02 9.484020788945314584e-02 -2.025012089997927922e-01 -5.353493375864805115e-01 5.920499876512184123e-01 5.670065006473790081e-02
1.306500000000000000e+03 4.330000000000000000e+02 8.660000000000000000e+02 -7.540744295163590571e-01 -5.525222197330988968e-05 -7.218702800812937248e-02 9.572931421958968956e-02 -2.184933218272936128e-01 -5.358991696122348269e-01 6.080861976203641994e-01 7.218702800812937248e-02
1.309500000000000000e+03 4.340000000000000000e+02 8.680000000000000000e+02 -5.838060335319209537e-01 -4.307225433451118506e-05 -5.640311705104239515e-02 9.661276830219402145e-02 -2.033177973228716962e-01 -5.364454037125780950e-01 5.928485207636204901e-01 5.640311705104239515e-02
1.312500000000000000e+03 4.350000000000000000e+02 8.700000000000000000e+02 -7.209606236465403439e-01 -5.355191346901037630e-05 -7.028688642807612297e-02 9.749060367898139401e-02 -2.177069727166044411e-01 -5.369880634282282461e-01 6.072749498563043691e-01 7.028688642807612297e-02
1.315500000000000000e+03 4.360000000000000000e+02 8.720000000000000000e+02 -5.706985772382079380e-01 -4.267239884472331484e-05 -5.613554068023351995e-02 9.836285373601466597e-02 -2.041502741380931685e-01 -5.375271721454848439e-01 5.936627128257183639e-01 5.613554068023351995e-02
1.318500000000000000e+03 4.370000000000000000e+02 8.740000000000000000e+02 -6.891673749097135815e-01 -5.186634028920047155e-05 -6.838576967131082540e-02 9.922955171850655898e-02 -2.169054482302845976e-01 -5.380627531066095592e-01 6.064485227779203846e-01 6.838576967131082540e-02
1.321500000000000000e+03 4.380000000000000000e+02 8.760000000000000000e+02 -5.584400647574819798e-01 -4.229638603685264729e-05 -5.589467414770077358e-02 1.000907307250144679e-01 -2.049955652295167574e-01 -5.385948294072424591e-01 5.944895035549432327e-01 5.589467414770077358e-02
1.324500000000000000e+03 4.390000000000000000e+02 8.780000000000000000e+02 -6.586437279899644004e-01 -5.019836075561167932e-05 -6.648772882080766777e-02 1.009464236814545807e-01 -2.160929523574774413e-01 -5.391234239811948381e-01 6.056111528020025059e-01 6.648772882080766777e-02
1.327500000000000000e+03 4.400000000000000000e+02 8.800000000000000000e+02 -5.469269506636168510e-01 -4.193999147127534588e-05 -5.567533867811802484e-02 1.017966633579933111e-01 -2.058486680689521342e-01 -5.396485596120479400e-01 5.953238982901659648e-01 5.567533867811802484e-02
1.330500000000000000e+03 4.410000000000000000e+02 8.820000000000000000e+02 -6.293294825451467567e-01 -4.854965124907017332e-05 -6.459531098688786610e-02 1.026414823689019429e-01 -2.152721897142392260e-01 -5.401702589340963145e-01 6.047655699209841806e-01 6.459531098688786610e-02
1.333500000000000000e+03 4.420000000000000000e+02 8.840000000000000000e+02 -5.361002332536869419e-01 -4.160190602862794026e-05 -5.547614168917536226e-02 1.034809131726745768e-01 -2.067083519464919528e-01 -5.406885444334061930e-01 5.961646861225815552e-01 5.547614168917536226e-02
1.336500000000000000e+03 4.430000000000000000e+02 8.860000000000000000e+02 -6.011849144532774858e-01 -4.692300574647610093e-05 -6.271259718016530815e-02 1.043149880718425293e-01 -2.144473936933207203e-01 -5.412034384486810179e-01 6.039160356288463261e-01 6.271259718016530815e-02
1.339500000000000000e+03 4.440000000000000000e+02 8.880000000000000000e+02 -5.258671571128097355e-01 -4.127781950584348016e-05 -5.529163922807733833e-02 1.051437392128599935e-01 -2.075693450461492118e-01 -5.417149631721545067e-01 5.970066024002318450e-01 5.529163922807733833e-02
1.342500000000000000e+03 4.450000000000000000e+02 8.900000000000000000e+02 -5.741652424412266864e-01 -4.532043371852561902e-05 -6.084268226712064020e-02 1.059671985863001459e-01 -2.136218142628104333e-01 -5.422231406506599072e-01 6.030658229177805474e-01 6.084268226712064020e-02
1.345500000000000000e+03 4.460000000000000000e+02 8.920000000000000000e+02 -5.161649634292676536e-01 -4.096535196373465149e-05 -5.511888106720497227e-02 1.067853980266487979e-01 -2.084288592757489178e-01 -5.427279927864121500e-01 5.978468738536171223e-01 5.511888106720497227e-02
1.348500000000000000e+03 4.470000000000000000e+02 8.940000000000000000e+02 -5.482312640183001351e-01 -4.374400441941598465e-05 -5.898878995958245497e-02 1.075983692123282237e-01 -2.127988293409181220e-01 -5.432295413379519822e-01 6.022183312975344371e-01 5.898878995958245497e-02
1.351500000000000000e+03 4.480000000000000000e+02 8.960000000000000000e+02 -5.069291997185946252e-01 -4.066166456019293634e-05 -5.495423965310075598e-02 1.084061436658350364e-01 -2.092834290729467250e-01 -5.437278079211205206e-01 5.986820475742212766e-01 5.495423965310075598e-02
1.354500000000000000e+03 4.490000000000000000e+02 8.980000000000000000e+02 -5.233463095934169917e-01 -4.219564247241504995e-05 -5.715399772888618557e-02 1.092087527535803432e-01 -2.119816704443615030e-01 -5.442228140098310796e-01 6.013768117387172651e-01 5.715399772888618557e-02
1.357500000000000000e+03 4.500000000000000000e+02 9.000000000000000000e+02 -4.981018762523083399e-01 -4.036413142534320535e-05 -5.479430840990340279e-02 1.100062276861368676e-01 -2.101298070627487802e-01 -5.447145809370950165e-01 5.995088893469984193e-01 5.479430840990340279e-02
1.360500000000000000e+03 4.510000000000000000e+02 9.020000000000000000e+02 -4.994786047083925595e-01 -4.067734648356912769e-05 -5.534152989089580199e-02 1.107985995180023747e-01 -2.111737148676071374e-01 -5.452031298957125127e-01 6.005446597866083147e-01 5.534152989089580199e-02
1.363500000000000000e+03 4.520000000000000000e+02 9.040000000000000000e+02 -4.896303258129388047e-01 -4.007028981002412431e-05 -5.463584015596789634e-02 1.115858991480059709e-01 -2.109649027641904984e-01 -5.456884819393508224e-01 6.003243220953187187e-01 5.463584015596789634e-02
1.366500000000000000e+03 4.530000000000000000e+02 9.060000000000000000e+02 -4.765971662336317971e-01 -3.919088573228105379e-05 -5.355434535316205835e-02 1.123681573190665611e-01 -2.103780744960100368e-01 -5.461706579832429354e-01 5.997250033364049937e-01 5.355434535316205835e-02
1.369500000000000000e+03 4.540000000000000000e+02 9.080000000000000000e+02 -4.814641168679188454e-01 -3.977762125827272676e-05 -5.447545231320449766e-02 1.131454046203590191e-01 -2.117854886583110940e-01 -5.466496788062867873e-01 6.011251311194912850e-01 5.447545231320449766e-02
1.372500000000000000e+03 4.550000000000000000e+02 9.100000000000000000e+02 -4.546726290756829547e-01 -3.773788503192600902e-05 -5.179524720631845103e-02 1.139176715159091469e-01 -2.095977049917971957e-01 -5.471255650697656181e-01 5.989208122760840691e-01 5.179524720631845103e-02
1.375500000000000000e+03 4.560000000000000000e+02 9.120000000000000000e+02 -4.735586281313579060e-01 -3.948387184837046364e-05 -5.431006572743357630e-02 1.146849883017415916e-01 -2.125886379730845266e-01 -5.475983372912842650e-01 6.019084030187178413e-01 5.431006572743357630e-02
1.378500000000000000e+03 4.570000000000000000e+02 9.140000000000000000e+02 -4.336792460781964120e-01 -3.632001083526620127e-05 -5.006713493641445911e-02 1.154473851104852872e-01 -2.088356573363646107e-01 -5.480680158484266817e-01 5.981351507848411408e-01 5.006713493641445911e-02
1.381500000000000000e+03 4.580000000000000000e+02 9.160000000000000000e+02 -4.658723257115982008e-01 -3.918685722625800248e-05 -5.413664325807543420e-02 1.162048919205154324e-01 -2.133714639867921314e-01 -5.485346209852215438e-01 6.026712642432969780e-01 5.413664325807543420e-02
1.384500000000000000e+03 4.590000000000000000e+02 9.180000000000000000e+02 -4.135913250658846407e-01 -3.493869508709498820e-05 -4.837262334808301034e-02 1.169575385566351128e-01 -2.080946975386685494e-01 -5.489981728132833361e-01 5.973707961613663464e-01 4.837262334808301034e-02
1.387500000000000000e+03 4.600000000000000000e+02 9.200000000000000000e+02 -4.583687122767685640e-01 -3.888464998726022515e-05 -5.395245185732355786e-02 1.177053546899737291e-01 -2.141313814985084663e-01 -5.494586913124905880e-01 6.034111431698141459e-01 5.395245185732355786e-02
1.390500000000000000e+03 4.610000000000000000e+02 9.220000000000000000e+02 -3.943845242633995940e-01 -3.359525637433329515e-05 -4.671420398851044986e-02 1.184483698384452832e-01 -2.073774675918200749e-01 -5.499161963319438851e-01 5.966304003204543349e-01 4.671420398851044986e-02
1.393500000000000000e+03 4.620000000000000000e+02 9.240000000000000000e+02 -4.510116556270797883e-01 -3.857520762335496674e-05 -5.375455182314514690e-02 1.191866133668000871e-01 -2.148655974230851140e-01 -5.503707075907187107e-01 6.041252594138638576e-01 5.375455182314514690e-02
1.396500000000000000e+03 4.630000000000000000e+02 9.260000000000000000e+02 -3.760358899386879727e-01 -3.229091798973962092e-05 -4.509426697267138184e-02 1.199201144870079422e-01 -2.066865071812603594e-01 -5.508222446787720550e-01 5.959165116514434368e-01 4.509426697267138184e-02
1.399500000000000000e+03 4.640000000000000000e+02 9.280000000000000000e+02 -4.437713130593669009e-01 -3.825689301489165620e-05 -5.354052177434087678e-02 1.206489022583087239e-01 -2.155718340910188213e-01 -5.512708270576346381e-01 6.048113488319755149e-01 5.354052177434087678e-02
1.402500000000000000e+03 4.650000000000000000e+02 9.300000000000000000e+02 -3.585234994095985450e-01 -3.102679122794974037e-05 -4.351507469719950727e-02 1.213730055878019243e-01 -2.060242273960053161e-01 -5.517164740614558527e-01 5.952315487586553600e-01 4.351507469719950727e-02
1.405500000000000000e+03 4.660000000000000000e+02 9.320000000000000000e+02 -4.366186414358786960e-01 -3.792802636715614597e-05 -5.330784105903796366e-02 1.220924532304163840e-01 -2.162477131957880605e-01 -5.521592048975931810e-01 6.054670459566311447e-01 5.330784105903796366e-02
1.408500000000000000e+03 4.670000000000000000e+02 9.340000000000000000e+02 -3.418250345222355047e-01 -2.980376329614281637e-05 -4.197860060261715542e-02 1.228072737893235733e-01 -2.053927497774780953e-01 -5.525990386475361227e-01 5.945776392501532781e-01 4.197860060261715542e-02
1.411500000000000000e+03 4.680000000000000000e+02 9.360000000000000000e+02 -4.295283982099398212e-01 -3.758715698608871094e-05 -5.305427208586421806e-02 1.235174957161574577e-01 -2.168911372955527883e-01 -5.530359942676356111e-01 6.060902663534998291e-01 5.305427208586421806e-02
1.414500000000000000e+03 4.690000000000000000e+02 9.380000000000000000e+02 -3.259196788385703147e-01 -2.862267110362209094e-05 -4.048676827607344819e-02 1.242231473114784046e-01 -2.047941448116871177e-01 -5.534700905900260537e-01 5.939568588660995019e-01 4.048676827607344819e-02
1.417500000000000000e+03 4.700000000000000000e+02 9.400000000000000000e+02 -4.224777414688116739e-01 -3.723295790884029410e-05 -5.277771783578111275e-02 1.249242567248416563e-01 -2.175001477207751943e-01 -5.539013463232387302e-01 6.066790641590198430e-01 5.277771783578111275e-02
1.420500000000000000e+03 4.710000000000000000e+02 9.420000000000000000e+02 -3.107875737533750682e-01 -2.748426595704217258e-05 -3.904139979197840393e-02 1.256208519551674230e-01 -2.042303803461124612e-01 -5.543297800530455621e-01 5.933711798450239661e-01 3.904139979197840393e-02
1.423500000000000000e+03 4.720000000000000000e+02 9.440000000000000000e+02 -4.154462946012568714e-01 -3.686424415018866435e-05 -5.247625154779356205e-02 1.263129608561318062e-01 -2.180729542551199662e-01 -5.547554102463767567e-01 6.072316617941703187e-01 5.247625154779356205e-02
1.426500000000000000e+03 4.730000000000000000e+02 9.460000000000000000e+02 -2.964081925598802125e-01 -2.638907928742998551e-05 -3.764402160351887350e-02 1.270006111450986686e-01 -2.037031278497554165e-01 -5.551782552574707763e-01 5.928222768609896498e-01 3.764402160351887350e-02
1.429500000000000000e+03 4.740000000000000000e+02 9.480000000000000000e+02 -4.084167273865200731e-01 -3.648003647649039681e-05 -5.214821214314302456e-02 1.276838303779626038e-01 -2.186080304695412480e-01 -5.555983333127266777e-01 6.077465454558697022e-01 5.214821214314302456e-02
1.432500000000000000e+03 4.750000000000000000e+02 9.500000000000000000e+02 -2.827615027045999319e-01 -2.533753205099181384e-05 -3.629601466304577251e-02 1.283626459609111259e-01 -2.032139121643973811e-01 -5.560156625185854740e-01 5.923116771816312465e-01 3.629601466304577251e-02
1.435500000000000000e+03 4.760000000000000000e+02 9.520000000000000000e+02 -4.013712057812545697e-01 -3.607925493408821476e-05 -5.179177045788363465e-02 1.290370851518180539e-01 -2.191036808177606598e-01 -5.564302608629383418e-01 6.082220313208219764e-01 5.179177045788363465e-02
1.438500000000000000e+03 4.770000000000000000e+02 9.540000000000000000e+02 -2.698276778093843808e-01 -2.432991716499841869e-05 -3.499858584185022714e-02 1.297071750607231566e-01 -2.027640828822513674e-01 -5.568421462159469648e-01 5.918407320577971920e-01 3.499858584185022714e-02
1.441500000000000000e+03 4.780000000000000000e+02 9.560000000000000000e+02 -3.942981858882977364e-01 -3.566133525900292176e-05 -5.140581477585270953e-02 1.303729426500979671e-01 -2.195589244721175559e-01 -5.572513363307263212e-01 6.086571511065790308e-01 5.140581477585270953e-02
1.444500000000000000e+03 4.790000000000000000e+02 9.580000000000000000e+02 -2.575869752640819188e-01 -2.336639567128377518e-05 -3.375275854716941470e-02 1.310344147353164623e-01 -2.023548049608629995e-01 -5.576578488441508163e-01 5.914106073913202311e-01 3.375275854716941470e-02
1.447500000000000000e+03 4.800000000000000000e+02 9.600000000000000000e+02 -3.871849708253659594e-01 -3.522557186008628503e-05 -5.098901526747490198e-02 1.316916179850192159e-01 -2.199725616698467168e-01 -5.580617012775570540e-01 6.090507165450319560e-01 5.098901526747490198e-02
1.450500000000000000e+03 4.810000000000000000e+02 9.620000000000000000e+02 -2.460228249711433057e-01 -2.244728519537548460e-05 -3.255978717589214089e-02 1.323445789215336732e-01 -2.019874723847575049e-01 -5.584629110375175509e-01 5.910226982134096918e-01 3.255978717589214089e-02
1.453500000000000000e+03 4.820000000000000000e+02 9.640000000000000000e+02 -3.800221595346758852e-01 -3.477152401808232014e-05 -5.054041016028265609e-02 1.329933239213409446e-01 -2.203437587858170232e-01 -5.588614954165828097e-01 6.094019055768654658e-01 5.054041016028265609e-02
1.456500000000000000e+03 4.830000000000000000e+02 9.660000000000000000e+02 -2.351094808692135441e-01 -2.157194123361329765e-05 -3.141953240675776637e-02 1.336378792152401185e-01 -2.016620863765075378e-01 -5.592574715938913865e-01 5.906770040006491529e-01 3.141953240675776637e-02
1.459500000000000000e+03 4.840000000000000000e+02 9.680000000000000000e+02 -3.728018975761430154e-01 -3.429886549552793725e-05 -5.005919419072302201e-02 1.342782708891621657e-01 -2.206718372397737660e-01 -5.596508566360929304e-01 6.097100508268159524e-01 5.005919419072302201e-02
1.462500000000000000e+03 4.850000000000000000e+02 9.700000000000000000e+02 -2.248298191773179522e-01 -2.074038169853652166e-05 -3.033280823410966498e-02 1.349145248842054112e-01 -2.013795980882306103e-01 -5.600416674978505593e-01 5.903744757319602243e-01 3.033280823410966498e-02
1.465500000000000000e+03 4.860000000000000000e+02 9.720000000000000000e+02 -3.655147899259668653e-01 -3.380710440988522107e-05 -4.954431151268678946e-02 1.355466669973101057e-01 -2.209558671279527597e-01 -5.604299210227112749e-01 6.099742325353980643e-01 4.954431151268678946e-02
1.468500000000000000e+03 4.870000000000000000e+02 9.740000000000000000e+02 -2.151642715704717435e-01 -1.995228808655512140e-05 -2.929993505510619656e-02 1.361747228814879085e-01 -2.011404643369138767e-01 -5.608156339436514148e-01 5.901155689987576114e-01 2.929993505510619656e-02
1.471500000000000000e+03 4.880000000000000000e+02 9.760000000000000000e+02 -3.581624376209981420e-01 -3.329674639412276514e-05 -4.899616231895165264e-02 1.367987180464709240e-01 -2.211963709723953897e-01 -5.611988228839419612e-01 6.101949852028936139e-01 4.899616231895165264e-02
1.474500000000000000e+03 4.890000000000000000e+02 9.780000000000000000e+02 -2.060926592389343559e-01 -1.920717582166179950e-05 -2.832098074904032536e-02 1.374186778589056024e-01 -2.009448881919838337e-01 -5.615795043576715662e-01 5.899004851067118915e-01 2.832098074904032536e-02
1.477500000000000000e+03 4.900000000000000000e+02 9.800000000000000000e+02 -3.507385768406877657e-01 -3.276755927092557085e-05 -4.841406882279253310e-02 1.380346275533390621e-01 -2.213927940908919367e-01 -5.619576947770086317e-01 6.103717635998011648e-01 4.841406882279253310e-02
1.480500000000000000e+03 4.910000000000000000e+02 9.820000000000000000e+02 -1.975952058460581917e-01 -1.850449302962296102e-05 -2.739590193035679189e-02 1.386465922240051607e-01 -2.007929599912211538e-01 -5.623334104474956296e-01 5.897293123778524215e-01 2.739590193035679189e-02
1.483500000000000000e+03 4.920000000000000000e+02 9.840000000000000000e+02 -3.432413700500354659e-01 -3.221970919920890547e-05 -4.779793859702641257e-02 1.392545968163999004e-01 -2.215451651259195964e-01 -5.627066675631704484e-01 6.105046061601968610e-01 4.779793859702641257e-02
1.486500000000000000e+03 4.930000000000000000e+02 9.860000000000000000e+02 -1.896482123237472339e-01 -1.784321965053981370e-05 -2.652394601052743273e-02 1.398586661352155258e-01 -2.006840603077600094e-01 -5.630774822119261058e-01 5.896014282224535386e-01 2.652394601052743273e-02
1.489500000000000000e+03 4.940000000000000000e+02 9.880000000000000000e+02 -3.356705147469544182e-01 -3.165349851395112424e-05 -4.714788603653019550e-02 1.404588248451690280e-01 -2.216537181480675300e-01 -5.634458703763932652e-01 6.105937564129234607e-01 4.714788603653019550e-02
1.492500000000000000e+03 4.950000000000000000e+02 9.900000000000000000e+02 -1.822344358325038161e-01 -1.722284496411256955e-05 -2.570509610893800811e-02 1.410550974710630401e-01 -2.006183025353755478e-01 -5.638118479343612321e-01 5.895169440432992403e-01 2.570509610893800811e-02
1.495500000000000000e+03 4.960000000000000000e+02 9.920000000000000000e+02 -3.280268593635136676e-01 -3.106933287639780249e-05 -4.646418731665291624e-02 1.416475083985793693e-01 -2.217188477289382398e-01 -5.641754306596401536e-01 6.106396179762930698e-01 4.646418731665291624e-02
1.498500000000000000e+03 4.970000000000000000e+02 9.940000000000000000e+02 -1.753385003299912093e-01 -1.664295047629128115e-05 -2.493946128872248647e-02 1.422360818746928324e-01 -2.005959242042408275e-01 -5.645366342226780798e-01 5.894760955114005663e-01 2.493946128872248647e-02
1.501500000000000000e+03 4.980000000000000000e+02 9.960000000000000000e+02 -3.203131428614004461e-01 -3.046779405242021975e-05 -4.574739276970896107e-02 1.428208420080466778e-01 -2.217412211821599699e-01 -5.648954741911389466e-01 6.106428669608479076e-01 4.574739276970896107e-02
1.504500000000000000e+03 4.990000000000000000e+02 9.980000000000000000e+02 -1.689334451550321692e-01 -1.610193570796665261e-05 -2.422536227263583086e-02 1.434018127695432798e-01 -2.006153754700860659e-01 -5.652519660306372096e-01 5.894773283032730404e-01 2.422536227263583086e-02
1.507500000000000000e+03 5.000000000000000000e+02 1.000000000000000000e+03 -3.125304800763772928e-01 -2.984930787012691919e-05 -4.499783161421633260e-02 1.439790179928037983e-01 -2.217212840319793266e-01 -5.656061251053516870e-01 6.106039567195680196e-01 4.499783161421633260e-02
1.510500000000000000e+03 5.010000000000000000e+02 1.002000000000000000e+03 -1.630011967903141623e-01 -1.559895892954835182e-05 -2.356222746308278548e-02 1.445524813746821291e-01 -2.006762107929891403e-01 -5.659579666786898056e-01 5.895201941417725910e-01 2.356222746308278548e-02
1.513500000000000000e+03 5.020000000000000000e+02 1.004000000000000000e+03 -3.046911546679181293e-01 -2.921536752748404660e-05 -4.421745875284710525e-02 1.451222264756571734e-01 -2.216611042256943220e-01 -5.663075059138421574e-01 6.105249646666892627e-01 4.421745875284710525e-02
1.516500000000000000e+03 5.030000000000000000e+02 1.006000000000000000e+03 -1.575280497239344435e-01 -1.513352462869099848e-05 -2.294999009940990042e-02 1.456882767204279727e-01 -2.007784871433801743e-01 -5.666547578745055880e-01 5.896047479739154884e-01 2.294999009940990042e-02
1.519500000000000000e+03 5.040000000000000000e+02 1.008000000000000000e+03 -2.967792187426678274e-01 -2.856476159903196429e-05 -4.340415524972907058e-02 1.462506553983622115e-01 -2.215586805090127287e-01 -5.669997375254502980e-01 6.104038927751793686e-01 4.340415524972907058e-02
1.522500000000000000e+03 5.050000000000000000e+02 1.010000000000000000e+03 -1.524824141296190483e-01 -1.470334945348738534e-05 -2.238584954293454388e-02 1.468093856640100836e-01 -2.009195296691352051e-01 -5.673424597331702124e-01 5.897283092761047563e-01 2.238584954293454388e-02
1.525500000000000000e+03 5.060000000000000000e+02 1.012000000000000000e+03 -2.888248715563866420e-01 -2.790070799835050219e-05 -4.256253005148369351e-02 1.473644905375619818e-01 -2.214187293568814496e-01 -5.676829392664515250e-01 6.102454693179352185e-01 4.256253005148369351e-02
1.528500000000000000e+03 5.070000000000000000e+02 1.014000000000000000e+03 -1.478437654828152481e-01 -1.430713599384025182e-05 -2.186845736658482586e-02 1.479159929075719027e-01 -2.010981119570570685e-01 -5.680211907983969688e-01 5.898896481649817947e-01 2.186845736658482586e-02
1.531500000000000000e+03 5.080000000000000000e+02 1.016000000000000000e+03 -2.808198215382819996e-01 -2.722272952642414159e-05 -4.169161026971857087e-02 1.484639155503311714e-01 -2.212403920353600839e-01 -5.683572289187486248e-01 6.100488391884671957e-01 4.169161026971857087e-02
1.534500000000000000e+03 5.090000000000000000e+02 1.018000000000000000e+03 -1.435921422599664432e-01 -1.394357660300270515e-05 -2.139641829730765110e-02 1.490082810977950145e-01 -2.013129591853810019e-01 -5.686910681142289814e-01 5.900874864115366325e-01 2.139641829730765110e-02
1.537500000000000000e+03 5.100000000000000000e+02 1.020000000000000000e+03 -2.727694058496219487e-01 -2.653165687028879424e-05 -4.079242243806902035e-02 1.495491120457912437e-01 -2.210248055675092804e-01 -5.690227227739216298e-01 6.098151452119906502e-01 4.079242243806902035e-02
1.540500000000000000e+03 5.110000000000000000e+02 1.022000000000000000e+03 -1.397203257318263003e-01 -1.361254462420589994e-05 -2.097012499358918980e-02 1.500864307591038838e-01 -2.015645806324046496e-01 -5.693522071927237249e-01 5.903223321863129147e-01 2.097012499358918980e-02
1.543500000000000000e+03 5.120000000000000000e+02 1.024000000000000000e+03 -2.646926256101704844e-01 -2.582965464836148658e-05 -3.986807194974595348e-02 1.506202594720646992e-01 -2.207751823227248056e-01 -5.696795355719688203e-01 6.095476075217147738e-01 3.986807194974595348e-02
1.546500000000000000e+03 5.130000000000000000e+02 1.026000000000000000e+03 -1.361914658979506421e-01 -1.331097610641250129e-05 -2.058542454856693293e-02 1.511506202891725881e-01 -2.018489439969478327e-01 -5.700047220201059917e-01 5.905901465686729246e-01 2.058542454856693293e-02
1.549500000000000000e+03 5.140000000000000000e+02 1.028000000000000000e+03 -2.565928563968049025e-01 -2.511737463986507334e-05 -3.891937200447093126e-02 1.516775351854867671e-01 -2.204924444340401468e-01 -5.703277805531783429e-01 6.092471525576492741e-01 3.891937200447093126e-02
1.552500000000000000e+03 5.150000000000000000e+02 1.030000000000000000e+03 -1.329911364277326646e-01 -1.303793070156451656e-05 -2.024138741417891296e-02 1.522010260073089483e-01 -2.021652346669502165e-01 -5.706487250955218915e-01 5.908901125097008045e-01 2.024138741417891296e-02
1.555500000000000000e+03 5.160000000000000000e+02 1.032000000000000000e+03 -2.484784971716062218e-01 -2.439595821956428237e-05 -3.794791301053224153e-02 1.527211144726312031e-01 -2.201782893259285889e-01 -5.709675694802940349e-01 6.089154824908262764e-01 3.794791301053224153e-02
1.558500000000000000e+03 5.170000000000000000e+02 1.034000000000000000e+03 -1.300991280884547519e-01 -1.279185566553083966e-05 -1.993610705472981248e-02 1.532378221718380673e-01 -2.025116606371308303e-01 -5.712843274501402391e-01 5.912204345048700516e-01 1.993610705472981248e-02
1.561500000000000000e+03 5.180000000000000000e+02 1.036000000000000000e+03 -2.403589964005492796e-01 -2.366665197127530717e-05 -3.695547705314639053e-02 1.537511705680509322e-01 -2.198346049441528005e-01 -5.715990126576765418e-01 6.085544897108229323e-01 3.695547705314639053e-02
1.564500000000000000e+03 5.190000000000000000e+02 1.038000000000000000e+03 -1.274952153421507750e-01 -1.257114892312953370e-05 -1.966756249023615677e-02 1.542611809976991988e-01 -2.028863139842048691e-01 -5.719116386660709761e-01 5.915792011563071329e-01 1.966756249023615677e-02
1.567500000000000000e+03 5.200000000000000000e+02 1.040000000000000000e+03 -2.322439614607177960e-01 -2.293072045966887512e-05 -3.594390432053096163e-02 1.547678746713532227e-01 -2.194633363438646401e-01 -5.722222189497881972e-01 6.081661232703191589e-01 3.594390432053096163e-02
1.570500000000000000e+03 5.210000000000000000e+02 1.042000000000000000e+03 -1.251594534646951751e-01 -1.237419142096085453e-05 -1.943366762661902225e-02 1.552712726737884574e-01 -2.032872201561195524e-01 -5.725307668948624862e-01 5.919644345214815084e-01 1.943366762661902225e-02
1.573500000000000000e+03 5.220000000000000000e+02 1.044000000000000000e+03 -2.241430056288335193e-01 -2.218943049417900133e-05 -3.491506888259066077e-02 1.557713959649839885e-01 -2.190664614917534336e-01 -5.728372957997586168e-01 6.077523646823492776e-01 3.491506888259066077e-02
1.576500000000000000e+03 5.230000000000000000e+02 1.046000000000000000e+03 -1.230718706056728451e-01 -1.219931984564696643e-05 -1.923222773666244390e-02 1.562682653803423860e-01 -2.037122945174018596e-01 -5.731418188756973731e-01 5.923740466123598170e-01 1.923222773666244390e-02
1.579500000000000000e+03 5.240000000000000000e+02 1.048000000000000000e+03 -2.160663666876518341e-01 -2.144411175724257287e-05 -3.387097452056464508e-02 1.567619016314970304e-01 -2.186460869918830652e-01 -5.734443492474066151e-01 6.073153237679712602e-01 3.387097452056464508e-02
1.582500000000000000e+03 5.250000000000000000e+02 1.050000000000000000e+03 -1.212136220718855878e-01 -1.204494403160934939e-05 -1.906112393002179495e-02 1.572523253097545259e-01 -2.041595266472268910e-01 -5.737448999554497497e-01 5.928060238854715447e-01 1.906112393002179495e-02
1.585500000000000000e+03 5.260000000000000000e+02 1.052000000000000000e+03 -2.080242895491319910e-01 -2.069609539932160388e-05 -3.281365925562440555e-02 1.577395568889773669e-01 -2.182043527292087393e-01 -5.740434839582440052e-01 6.068571432138684107e-01 3.281365925562440555e-02
1.588500000000000000e+03 5.270000000000000000e+02 1.054000000000000000e+03 -1.195652812022680034e-01 -1.190938068958047295e-05 -1.891805122539857997e-02 1.582236167152486772e-01 -2.046267187273759225e-01 -5.743401141258169806e-01 5.932581653512155606e-01 1.891805122539857997e-02
1.591500000000000000e+03 5.280000000000000000e+02 1.056000000000000000e+03 -2.000274495024795818e-01 -1.994675549032432413e-05 -3.174526136285116262e-02 1.587045250129914820e-01 -2.177434978174699887e-01 -5.746348032438282072e-01 6.063800646066793698e-01 3.174526136285116262e-02
1.594500000000000000e+03 5.290000000000000000e+02 1.058000000000000000e+03 -1.181079618813191262e-01 -1.179096722690458266e-05 -1.880069724329935799e-02 1.591823018857209115e-01 -2.051116640392848245e-01 -5.749275640142322841e-01 5.937282612575316421e-01 1.880069724329935799e-02
1.597500000000000000e+03 5.300000000000000000e+02 1.060000000000000000e+03 -1.920852409221382728e-01 -1.919733773515750087e-05 -3.066774703191410545e-02 1.596569673166366443e-01 -2.172655885000081555e-01 -5.752184090558277729e-01 6.058861560877418784e-01 3.066774703191410545e-02
1.600500000000000000e+03 5.310000000000000000e+02 1.062000000000000000e+03 -1.168226513902214381e-01 -1.168799796477889462e-05 -1.870664074262862187e-02 1.601285411691524829e-01 -2.056120456253741346e-01 -5.755073509047841096e-01 5.942139916474127315e-01 1.870664074262862187e-02
1.603500000000000000e+03 5.320000000000000000e+02 1.064000000000000000e+03 -1.842086294929356216e-01 -1.844924304720831450e-05 -2.958336122619853459e-02 1.605970431875617110e-01 -2.167729685747435131e-01 -5.757944020152427900e-01 6.053777632414413246e-01 2.958336122619853459e-02
1.606500000000000000e+03 5.330000000000000000e+02 1.066000000000000000e+03 -1.156927089107358808e-01 -1.159897673127179997e-05 -1.863375611878814730e-02 1.610624929974217301e-01 -2.061258404351874185e-01 -5.760795747597236005e-01 5.947133308785117478e-01 1.863375611878814730e-02
1.609500000000000000e+03 5.340000000000000000e+02 1.068000000000000000e+03 -1.764086726058338717e-01 -1.770388007741937751e-05 -2.849439498460648590e-02 1.615249101061722314e-01 -2.162680269338292383e-01 -5.763628814297128145e-01 6.048572764143193004e-01 2.849439498460648590e-02
1.612500000000000000e+03 5.350000000000000000e+02 1.070000000000000000e+03 -1.146996862703134612e-01 -1.152220154137423775e-05 -1.857954998546595959e-02 1.619843139036964696e-01 -2.066506565583768329e-01 -5.766443342361580182e-01 5.952238842216239778e-01 1.857954998546595959e-02
1.615500000000000000e+03 5.360000000000000000e+02 1.072000000000000000e+03 -1.686935686759216124e-01 -1.696236791891127054e-05 -2.740270537300115716e-02 1.624407236629434592e-01 -2.157527179352005942e-01 -5.769239453100369897e-01 6.043266506830381468e-01 2.740270537300115716e-02
1.618500000000000000e+03 5.370000000000000000e+02 1.074000000000000000e+03 -1.138256821597805613e-01 -1.145600167790565963e-05 -1.854153871569030887e-02 1.628941585402755576e-01 -2.071841104199322603e-01 -5.772017267027522713e-01 5.957432654184425802e-01 1.854153871569030887e-02
1.621500000000000000e+03 5.380000000000000000e+02 1.076000000000000000e+03 -1.610744202151785098e-01 -1.622611334742591081e-05 -2.631064279285111329e-02 1.633446375762387104e-01 -2.152294878629811281e-01 -5.774776903867614442e-01 6.037883331796125574e-01 2.631064279285111329e-02
1.624500000000000000e+03 5.390000000000000000e+02 1.078000000000000000e+03 -1.130556689682430949e-01 -1.139897472901558854e-05 -1.851763444728582453e-02 1.637921796958926313e-01 -2.077242124858786065e-01 -5.777518482559432789e-01 5.962694827032291034e-01 1.851763444728582453e-02
1.627500000000000000e+03 5.400000000000000000e+02 1.080000000000000000e+03 -1.535611153635856596e-01 -1.549639739562563501e-05 -2.522038676138071978e-02 1.642368037094975031e-01 -2.147006113129078519e-01 -5.780242121261923716e-01 6.032445988875730913e-01 2.522038676138071978e-02
1.630500000000000000e+03 5.410000000000000000e+02 1.082000000000000000e+03 -1.123727244059238017e-01 -1.134950927794765963e-05 -1.850537487769365885e-02 1.646785283130337285e-01 -2.082685977588746296e-01 -5.782947937358928758e-01 5.968001686135865347e-01 1.850537487769365885e-02
1.633500000000000000e+03 5.420000000000000000e+02 1.084000000000000000e+03 -1.461631329135539281e-01 -1.477445509822199391e-05 -2.413407240294562772e-02 1.651173720887563201e-01 -2.141683175579515708e-01 -5.785636047464077780e-01 6.026976771493534057e-01 2.413407240294562772e-02
1.636500000000000000e+03 5.430000000000000000e+02 1.086000000000000000e+03 -1.117616127987209051e-01 -1.130614713897633650e-05 -1.850250979293477371e-02 1.655533535137614920e-01 -2.088151118240514914e-01 -5.788306567475614006e-01 5.973331665404961743e-01 1.850250979293477371e-02
1.639500000000000000e+03 5.440000000000000000e+02 1.088000000000000000e+03 -1.388892108986037599e-01 -1.406144113941851221e-05 -2.305373274807664963e-02 1.659864909514609799e-01 -2.136347329047347809e-01 -5.790959612524861910e-01 6.021496940005628407e-01 2.305373274807664963e-02
1.642500000000000000e+03 5.450000000000000000e+02 1.090000000000000000e+03 -1.112059954000184231e-01 -1.126730361638247358e-05 -1.850654618990821287e-02 1.664168026493394181e-01 -2.093613563909723640e-01 -5.793595296963678365e-01 5.978660758862760494e-01 1.850654618990821287e-02
1.645500000000000000e+03 5.460000000000000000e+02 1.092000000000000000e+03 -1.317476349025099858e-01 -1.335845810416987642e-05 -2.198134281041153049e-02 1.668443067435493865e-01 -2.131019247115726878e-01 -5.796213734394412009e-01 6.016027162498527314e-01 2.198134281041153049e-02
1.648500000000000000e+03 5.470000000000000000e+02 1.094000000000000000e+03 -1.106933079149088894e-01 -1.123176298144545214e-05 -1.851556127491282844e-02 1.672690212595863146e-01 -2.099055016350778735e-01 -5.798815037675515427e-01 5.983970650424643711e-01 1.851556127491282844e-02
1.651500000000000000e+03 5.480000000000000000e+02 1.096000000000000000e+03 -1.247492692981040652e-01 -1.266686360336096649e-05 -2.091932524095063695e-02 1.676909641126737016e-01 -2.125724066420202063e-01 -5.801399318925251070e-01 6.010592571334757439e-01 2.091932524095063695e-02
1.654500000000000000e+03 5.490000000000000000e+02 1.098000000000000000e+03 -1.102100809253902663e-01 -1.119820705860688532e-05 -1.852743357846509120e-02 1.681101531084778500e-01 -2.104455179708737134e-01 -5.803966689527552125e-01 5.989241025312203037e-01 1.852743357846509120e-02
1.657500000000000000e+03 5.500000000000000000e+02 1.100000000000000000e+03 -1.178985998769194327e-01 -1.198736101523273705e-05 -1.986905088274826259e-02 1.685266059435024111e-01 -2.120476403697820478e-01 -5.806517260135610758e-01 6.005207768963093384e-01 1.986905088274826259e-02
1.660500000000000000e+03 5.510000000000000000e+02 1.102000000000000000e+03 -1.097371401695254323e-01 -1.116472736732297353e-05 -1.853902979343979851e-02 1.689403402056962045e-01 -2.109783634783027328e-01 -5.809051140677007341e-01 5.994441438611405326e-01 1.853902979343979851e-02
1.663500000000000000e+03 5.520000000000000000e+02 1.104000000000000000e+03 -1.112081253094735628e-01 -1.132146002501570747e-05 -1.883324875161362932e-02 1.693513733749567041e-01 -2.115304437432382889e-01 -5.811568440358148013e-01 5.999900927874284307e-01 1.883324875161362932e-02
1.666500000000000000e+03 5.530000000000000000e+02 1.106000000000000000e+03 -1.092705526805368421e-01 -1.113095633714130048e-05 -1.854973873584597754e-02 1.697597228237506528e-01 -2.115035153056676331e-01 -5.814069267669292884e-01 5.999566655027752660e-01 1.854973873584597754e-02
1.669500000000000000e+03 5.540000000000000000e+02 1.108000000000000000e+03 -1.046832655032323284e-01 -1.066994331036420372e-05 -1.781347035665303835e-02 1.701654058174466022e-01 -2.110224569932076522e-01 -5.816553730387739041e-01 5.994688433954269424e-01 1.781347035665303835e-02
1.672500000000000000e+03 5.550000000000000000e+02 1.110000000000000000e+03 -1.087931396160218001e-01 -1.109517252870455561e-05 -1.855667605425836975e-02 1.705684395151471078e-01 -2.120181779126177335e-01 -5.819021935584300920e-01 6.004588696126884617e-01 1.855667605425836975e-02
1.675500000000000000e+03 5.560000000000000000e+02 1.112000000000000000e+03 -9.832623212316347894e-02 -1.003325690422322842e-05 -1.681072194302601908e-02 1.709688409698126299e-01 -2.105247744410034816e-01 -5.821473989625134404e-01 5.989581209055394595e-01 1.681072194302601908e-02
1.678500000000000000e+03 5.570000000000000000e+02 1.114000000000000000e+03 -1.082926384412465498e-01 -1.105614786571272677e-05 -1.855774419259881292e-02 1.713666271292041132e-01 -2.125203408027040164e-01 -5.823909998178767866e-01 6.009487440104755995e-01 1.855774419259881292e-02
1.681500000000000000e+03 5.580000000000000000e+02 1.116000000000000000e+03 -9.215350878791175870e-02 -9.413294030879624963e-06 -1.582845391292408976e-02 1.717618148360769426e-01 -2.100409319095546401e-01 -5.826330066218412540e-01 5.984614605347653438e-01 1.582845391292408976e-02
1.684500000000000000e+03 5.590000000000000000e+02 1.118000000000000000e+03 -1.077643774454965231e-01 -1.101342474628351555e-05 -1.855211398511458221e-02 1.721544208288828814e-01 -2.130092598946557447e-01 -5.828734298027395955e-01 6.014255437878541777e-01 1.855211398511458221e-02
1.687500000000000000e+03 5.600000000000000000e+02 1.120000000000000000e+03 -8.615918066489763882e-02 -8.809653008724880965e-06 -1.486628945222323583e-02 1.725444617450958840e-01 -2.095706395849303849e-01 -5.831122797220829046e-01 5.979785691743061404e-01 1.486628945222323583e-02
1.690500000000000000e+03 5.610000000000000000e+02 1.122000000000000000e+03 -1.071907019943919431e-01 -1.096521594856388878e-05 -1.853669756104725508e-02 1.729319541355095191e-01 -2.134819327980858050e-01 -5.833495666835613047e-01 6.018862642446085598e-01 1.853669756104725508e-02
1.693500000000000000e+03 5.620000000000000000e+02 1.124000000000000000e+03 -8.035338898475812008e-02 -8.223561525481000795e-06 -1.392660144340207573e-02 1.733169144370967640e-01 -2.091163545465451468e-01 -5.835853009162603744e-01 5.975119023596624501e-01 1.392660144340207573e-02
1.696500000000000000e+03 5.630000000000000000e+02 1.126000000000000000e+03 -1.065714319575947339e-01 -1.091151748710811112e-05 -1.851138941687890949e-02 1.736993589824773754e-01 -2.139383365063531328e-01 -5.838194925806685642e-01 6.023308819975474737e-01 1.851138941687890949e-02
1.699500000000000000e+03 5.640000000000000000e+02 1.128000000000000000e+03 -7.474588871229104203e-02 -7.656200226031837679e-06 -1.301171228414110814e-02 1.740793040032647676e-01 -2.086804824762452382e-01 -5.840521517708446853e-01 5.970638640549857934e-01 1.301171228414110814e-02
1.702500000000000000e+03 5.650000000000000000e+02 1.130000000000000000e+03 -1.058905640486934030e-01 -1.085070503067065609e-05 -1.847332531471679307e-02 1.744567656304285841e-01 -2.143756899351884349e-01 -5.842832885147343225e-01 6.027566138294511155e-01 1.847332531471679307e-02
1.705500000000000000e+03 5.660000000000000000e+02 1.132000000000000000e+03 -6.933124892182040977e-02 -7.107185144954377231e-06 -1.212130426471969002e-02 1.748317598949928886e-01 -2.082627895624516723e-01 -5.845129127746937492e-01 5.966342170394134392e-01 1.212130426471969002e-02
1.708500000000000000e+03 5.670000000000000000e+02 1.134000000000000000e+03 -1.051433690411784361e-01 -1.078230650241491756e-05 -1.842157065937588545e-02 1.752043027284131138e-01 -2.147931393804171640e-01 -5.847410344478390920e-01 6.031626051072149775e-01 1.842157065937588545e-02
1.711500000000000000e+03 5.680000000000000000e+02 1.136000000000000000e+03 -6.412126231732717674e-02 -6.577886530800305740e-06 -1.125805279746472376e-02 1.755744099632691735e-01 -2.078660322944733130e-01 -5.849676633665337189e-01 5.962257161639984426e-01 1.125805279746472376e-02
1.714500000000000000e+03 5.690000000000000000e+02 1.138000000000000000e+03 -1.043253655198358304e-01 -1.070587554077471249e-05 -1.835522361465824481e-02 1.759420973336373040e-01 -2.151898628809387481e-01 -5.851928092987414010e-01 6.035480329133996458e-01 1.835522361465824481e-02
1.717500000000000000e+03 5.700000000000000000e+02 1.140000000000000000e+03 -5.911286268750826078e-02 -6.068142051154399437e-06 -1.042203397285768052e-02 1.763073804757566976e-01 -2.074903683982021740e-01 -5.854164819484947158e-01 5.958385159213523963e-01 1.042203397285768052e-02
1.720500000000000000e+03 5.710000000000000000e+02 1.142000000000000000e+03 -1.034244295698876076e-01 -1.062018157886247379e-05 -1.827202240643288622e-02 1.766702749284763951e-01 -2.155636783074852125e-01 -5.856386909562836252e-01 6.039107133627165114e-01 1.827202240643288622e-02
1.723500000000000000e+03 5.720000000000000000e+02 1.144000000000000000e+03 -5.431284841217657450e-02 -5.578791293706113268e-06 -9.615046794702486466e-03 1.770307961338087044e-01 -2.071376765186386804e-01 -5.858594458994688114e-01 5.954744926941712979e-01 9.615046794702486466e-03
1.726500000000000000e+03 5.730000000000000000e+02 1.146000000000000000e+03 -1.024404994272351682e-01 -1.052523231836043980e-05 -1.817181359764930004e-02 1.773889594374437606e-01 -2.159145096773981976e-01 -5.860787562926829120e-01 6.042505698903322120e-01 1.817181359764930004e-02
1.729500000000000000e+03 5.740000000000000000e+02 1.148000000000000000e+03 -4.972180543022963056e-02 -5.110026812279297734e-06 -8.837791371837044885e-03 1.777447800892580920e-01 -2.068087360502995353e-01 -5.862966315882289781e-01 5.951344229600660229e-01 8.837791371837044885e-03
1.732500000000000000e+03 5.750000000000000000e+02 1.150000000000000000e+03 -1.013649034446237052e-01 -1.042015253738314421e-05 -1.805291427101629598e-02 1.780982732438424199e-01 -2.162407514145178733e-01 -5.865130811764858176e-01 6.045659954475021136e-01 1.805291427101629598e-02
1.735500000000000000e+03 5.760000000000000000e+02 1.152000000000000000e+03 -4.533897819333990858e-02 -4.661893345867235631e-06 -8.090715901752587591e-03 1.784494539610307628e-01 -2.065040736108811892e-01 -5.867281143863181114e-01 5.948188302880706990e-01 8.090715901752587591e-03
1.738500000000000000e+03 5.770000000000000000e+02 1.154000000000000000e+03 -1.001951109374080856e-01 -1.030469901168598711e-05 -1.791471923181608972e-02 1.787983372063674803e-01 -2.165418741192036145e-01 -5.869417404854309073e-01 6.048564597172469970e-01 1.791471923181608972e-02
1.741500000000000000e+03 5.780000000000000000e+02 1.156000000000000000e+03 -4.116715179195214180e-02 -4.234790036988105811e-06 -7.374886849414785672e-03 1.791449378544696658e-01 -2.062248327746284970e-01 -5.871539686825314464e-01 5.945288555319462320e-01 7.374886849414785672e-03
1.744500000000000000e+03 5.790000000000000000e+02 1.158000000000000000e+03 -9.892911133438904436e-02 -1.017868388842755899e-05 -1.775671404336187642e-02 1.794892706894195278e-01 -2.168174381897603475e-01 -5.873648081276567900e-01 6.051215221710186665e-01 1.775671404336187642e-02
1.747500000000000000e+03 5.800000000000000000e+02 1.160000000000000000e+03 -3.720659154788286821e-02 -3.828847840801219883e-06 -6.690911601800131336e-03 1.798313503990090212e-01 -2.059716973221752401e-01 -5.875742679086604081e-01 5.942651795104605394e-01 6.690911601800131336e-03
1.750500000000000000e+03 5.810000000000000000e+02 1.162000000000000000e+03 -9.756163403366574505e-02 -1.004158575049127562e-05 -1.757779585623497898e-02 1.801711915789497853e-01 -2.170664149966745893e-01 -5.877823570538921460e-01 6.053601529101271250e-01 1.757779585623497898e-02
1.753500000000000000e+03 5.820000000000000000e+02 1.164000000000000000e+03 -3.345401179805124192e-02 -3.443823106369336991e-06 -6.038743817018632498e-03 1.805088087333789060e-01 -2.057446966432341373e-01 -5.879890845325923543e-01 5.940278283496109868e-01 6.038743817018632498e-03
1.756500000000000000e+03 5.830000000000000000e+02 1.166000000000000000e+03 -9.609126390885834590e-02 -9.893281703677015663e-06 -1.737754931250867774e-02 1.808442162753850224e-01 -2.172884621398164240e-01 -5.881944592552690310e-01 6.055720085677777087e-01 1.737754931250867774e-02
1.759500000000000000e+03 5.840000000000000000e+02 1.168000000000000000e+03 -2.991116648622803298e-02 -3.079981942731795470e-06 -5.419228228236594447e-03 1.811774285276291085e-01 -2.055447497915089405e-01 -5.883984900741638935e-01 5.938177183024004879e-01 5.419228228236594447e-03
1.762500000000000000e+03 5.850000000000000000e+02 1.170000000000000000e+03 -9.451604687348080791e-02 -9.733595510403948622e-06 -1.715546208708695897e-02 1.815084597227311358e-01 -2.174831394126764406e-01 -5.886011857835375949e-01 6.057566478706245539e-01 1.715546208708695897e-02
1.765500000000000000e+03 5.860000000000000000e+02 1.172000000000000000e+03 -2.657671167053064776e-02 -2.737263172466092856e-06 -4.832638130988886616e-03 1.818373240037635952e-01 -2.053722037071766815e-01 -5.888025551200561925e-01 5.936351932510450791e-01 4.832638130988886616e-03
1.768500000000000000e+03 5.870000000000000000e+02 1.174000000000000000e+03 -9.283688335368432687e-02 -9.562647050025263533e-06 -1.691154130796967969e-02 1.821640354248118820e-01 -2.176505249483630666e-01 -5.890026067631890516e-01 6.059141480711587313e-01 1.691154130796967969e-02
1.771500000000000000e+03 5.880000000000000000e+02 1.176000000000000000e+03 -2.344254780634440205e-02 -2.414901448497957240e-06 -4.277997916014131263e-03 1.824886079514083381e-01 -2.052261560256961603e-01 -5.892013493355383602e-01 5.934793472515524915e-01 4.277997916014131263e-03
1.774500000000000000e+03 5.890000000000000000e+02 1.178000000000000000e+03 -9.105247332558204232e-02 -9.380331784162811479e-06 -1.664539875099690924e-02 1.828110554611395711e-01 -2.177903008537856455e-01 -5.893987914032760012e-01 6.060441901542729104e-01 1.664539875099690924e-02
1.777500000000000000e+03 5.900000000000000000e+02 1.180000000000000000e+03 -2.051721037580372595e-02 -2.113837013120893941e-06 -3.757345290822389217e-03 1.831313917438545380e-01 -2.051087153972665500e-01 -5.895949414763315133e-01 5.933522867671539025e-01 3.757345290822389217e-03
1.780500000000000000e+03 5.910000000000000000e+02 1.182000000000000000e+03 -8.916421006203952004e-02 -9.186824706502323058e-06 -1.635714138992738764e-02 1.834496305024881646e-01 -2.179026433645239180e-01 -5.897898080089556405e-01 6.061469493988830282e-01 1.635714138992738764e-02
1.783500000000000000e+03 5.920000000000000000e+02 1.184000000000000000e+03 -1.778956681489248653e-02 -1.832976572377175723e-06 -3.269113716834692873e-03 1.837657853533546104e-01 -2.050183868924043418e-01 -5.899833993999549220e-01 5.932525131167896149e-01 3.269113716834692873e-03
1.786500000000000000e+03 5.930000000000000000e+02 1.186000000000000000e+03 -8.717034567819786917e-02 -8.981979224844896474e-06 -1.604630588518540790e-02 1.840798698266346567e-01 -2.179871578119466635e-01 -5.901757239930578436e-01 6.062220298782432515e-01 1.604630588518540790e-02
1.789500000000000000e+03 5.940000000000000000e+02 1.188000000000000000e+03 -1.525547953330017720e-02 -1.571940104155833667e-06 -2.812986816386864319e-03 1.843918973668826067e-01 -2.049549242280551686e-01 -5.903667900772671118e-01 5.931797768936539761e-01 2.812986816386864319e-03
1.792500000000000000e+03 5.950000000000000000e+02 1.190000000000000000e+03 -8.507562878667832007e-02 -8.766320051628639297e-06 -1.571362869254433470e-02 1.847018813336690213e-01 -2.180446479917106939e-01 -5.905566058873252810e-01 6.062702345798696157e-01 1.571362869254433470e-02
1.795500000000000000e+03 5.960000000000000000e+02 1.192000000000000000e+03 -1.291394635617584483e-02 -1.330663929068948208e-06 -2.389207084643296675e-03 1.850098350068416220e-01 -2.049186388413469784e-01 -5.907451796070125605e-01 5.931343866916558571e-01 2.389207084643296675e-03
1.798500000000000000e+03 5.970000000000000000e+02 1.194000000000000000e+03 -8.287982469431560972e-02 -8.539860251141402923e-06 -1.535893866167781230e-02 1.853157715804292782e-01 -2.180750096761457368e-01 -5.909325193654252351e-01 6.062914580271030474e-01 1.535893866167781230e-02
1.801500000000000000e+03 5.980000000000000000e+02 1.196000000000000000e+03 -1.075958781839418850e-02 -1.108626981829959095e-06 -1.997191507766671315e-03 1.856197041630486544e-01 -2.049090160977891095e-01 -5.911186332372747598e-01 5.931158247450414311e-01 1.997191507766671315e-03
1.804500000000000000e+03 5.990000000000000000e+02 1.198000000000000000e+03 -8.058598025101877671e-02 -8.302952660064171817e-06 -1.498267807508579796e-02 1.859216457802706501e-01 -2.180787510185209499e-01 -5.913035292443904467e-01 6.062862073194762447e-01 1.498267807508579796e-02
1.807500000000000000e+03 6.000000000000000000e+02 1.200000000000000000e+03 -8.788663589923653707e-03 -9.054711358067697213e-07 -1.636639077970736267e-03 1.862216093749645418e-01 -2.049258223353159492e-01 -5.914872153560024604e-01 5.931238544339731966e-01 1.636639077970736267e-03
1.810500000000000000e+03 6.010000000000000000e+02 1.202000000000000000e+03 -7.819750402873971995e-02 -8.055988833469277506e-06 -1.458536778299612813e-02 1.865196078078861230e-01 -2.180564579198856212e-01 -5.916696994891309513e-01 6.062550672721270795e-01 1.458536778299612813e-02
1.813500000000000000e+03 6.020000000000000000e+02 1.204000000000000000e+03 -6.992763558355106872e-03 -7.203516385051344783e-07 -1.306357696429061299e-03 1.868156538580796888e-01 -2.049679322336743215e-01 -5.918509895088819306e-01 5.931573472053109919e-01 1.306357696429061299e-03
1.816500000000000000e+03 6.030000000000000000e+02 1.206000000000000000e+03 -7.571765109947718730e-02 -7.799345742855487323e-06 -1.416751154189699324e-02 1.871097602233307566e-01 -2.180086984180240883e-01 -5.920310932287888850e-01 6.061986047706858782e-01 1.416751154189699324e-02
1.819500000000000000e+03 6.040000000000000000e+02 1.208000000000000000e+03 -5.367463895224320290e-03 -5.528294280143056957e-07 -1.005873144272029229e-03 1.874019395206367178e-01 -2.050349371772238471e-01 -5.922100184111178667e-01 5.932158915553898959e-01 1.005873144272029229e-03
1.822500000000000000e+03 6.050000000000000000e+02 1.210000000000000000e+03 -7.315599820628632122e-02 -7.534052433541857280e-06 -1.373081056013003565e-02 1.876922042866765450e-01 -2.179372368072053368e-01 -5.923877727672214322e-01 6.061185833273514678e-01 1.373081056013003565e-02
1.825500000000000000e+03 6.060000000000000000e+02 1.212000000000000000e+03 -3.908529148053545114e-03 -4.024801562870527143e-07 -7.347275253020146835e-04 1.879805669782225741e-01 -2.051264439904246784e-01 -5.925643639578310751e-01 5.932990914831330898e-01 7.347275253020146835e-04
1.828500000000000000e+03 6.070000000000000000e+02 1.214000000000000000e+03 -7.049948138614894888e-02 -7.258807044121067687e-06 -1.327272868017537188e-02 1.882670399726240895e-01 -2.178396007601202944e-01 -5.927397995933926245e-01 6.060125282735679964e-01 1.327272868017537188e-02
1.831500000000000000e+03 6.080000000000000000e+02 1.216000000000000000e+03 -2.607445600387788432e-03 -2.684346888387762167e-07 -4.916381326082186476e-04 1.885516355681976786e-01 -2.052412341037764820e-01 -5.929140872343443558e-01 5.934057253669525744e-01 4.916381326082186476e-04
1.834500000000000000e+03 6.090000000000000000e+02 1.218000000000000000e+03 -6.776926782404352201e-02 -6.975833591061966145e-06 -1.279716672280317713e-02 1.888343659847382117e-01 -2.177197518915635899e-01 -5.930872343914751488e-01 6.058844011142783259e-01 1.279716672280317713e-02
1.837500000000000000e+03 6.100000000000000000e+02 1.220000000000000000e+03 -1.459009181800343703e-03 -1.501610212170411156e-07 -2.759208764863130270e-04 1.891152433638838282e-01 -2.053786864836207038e-01 -5.932592485261980464e-01 5.935351694026843594e-01 2.759208764863130270e-04
1.840500000000000000e+03 6.110000000000000000e+02 1.222000000000000000e+03 -6.496673800460665837e-02 -6.685318420735758736e-06 -1.230432855336416331e-02 1.893942797696213098e-01 -2.175779554423082074e-01 -5.934301370508752171e-01 6.057344656042393805e-01 1.230432855336416331e-02
1.843500000000000000e+03 6.120000000000000000e+02 1.224000000000000000e+03 -4.555097535513993857e-04 -4.686585971522337991e-08 -8.639721238501429923e-05 1.896714871886169274e-01 -2.055376849527267846e-01 -5.935999073290707528e-01 5.936863045414557671e-01 8.639721238501429923e-05
1.846500000000000000e+03 6.130000000000000000e+02 1.226000000000000000e+03 -6.209522478609966895e-02 -6.387649097159466823e-06 -1.179479405790495594e-02 1.899468775342171012e-01 -2.174148517973694128e-01 -5.937685666780820881e-01 6.055633607359870441e-01 1.179479405790495594e-02
1.849500000000000000e+03 6.140000000000000000e+02 1.228000000000000000e+03 4.103504749931726424e-04 4.220441049153558529e-08 7.805705720409505943e-05 1.902204626554745981e-01 -2.057171668258128971e-01 -5.939361223745553975e-01 5.938580653173513024e-01 -7.805705720409505943e-05
1.852500000000000000e+03 6.150000000000000000e+02 1.230000000000000000e+03 -5.916081936645978256e-02 -6.083496814195723006e-06 -1.126967784829757679e-02 1.904922543159827952e-01 -2.172316151990953959e-01 -5.941025816413804117e-01 6.053722594896779885e-01 1.126967784829757679e-02
1.855500000000000000e+03 6.160000000000000000e+02 1.232000000000000000e+03 1.145275846531136708e-03 1.177447661660946357e-07 2.184754136211886077e-04 1.907622642029139226e-01 -2.059161592955650044e-01 -5.942679516533455608e-01 5.940494762397243722e-01 -2.184754136211886077e-04
1.858500000000000000e+03 6.170000000000000000e+02 1.234000000000000000e+03 -5.616911321597636841e-02 -5.773480765610367147e-06 -1.073001400288686735e-02 1.910305039288904827e-01 -2.170293386601687413e-01 -5.944322395383309088e-01 6.051622535412177761e-01 1.073001400288686735e-02
1.861500000000000000e+03 6.180000000000000000e+02 1.236000000000000000e+03 1.757779892967398054e-03 1.806381917138148452e-07 3.362579938752663367e-04 1.912969850324161003e-01 -2.061333221662106641e-01 -5.945954523775898171e-01 5.942591943837145507e-01 -3.362579938752663367e-04
1.864500000000000000e+03 6.190000000000000000e+02 1.238000000000000000e+03 -5.312702684267139874e-02 -5.458355905705212252e-06 -1.017710458618736880e-02 1.915617189782802265e-01 -2.168093823830766764e-01 -5.947575972060541449e-01 6.049347017922415137e-01 1.017710458618736880e-02
1.867500000000000000e+03 6.200000000000000000e+02 1.240000000000000000e+03 2.253934019140751890e-03 2.315182092179224258e-07 4.323602557144701208e-04 1.918247171580005628e-01 -2.063677589716028105e-01 -5.949186810126030345e-01 5.944863207568885644e-01 -4.323602557144701208e-04
1.870500000000000000e+03 6.210000000000000000e+02 1.242000000000000000e+03 -5.003871333427646617e-02 -5.138591731457669679e-06 -9.611735833691570363e-03 1.920859908903281288e-01 -2.165725901958538424e-01 -5.950787107404489351e-01 6.046904465741405055e-01 9.611735833691570363e-03
1.873500000000000000e+03 6.220000000000000000e+02 1.244000000000000000e+03 2.642970714922701463e-03 2.713443605833298127e-07 5.083636595528684410e-04 1.923455514215701156e-01 -2.066179466272780318e-01 -5.952376932873220117e-01 5.947293296277691432e-01 -5.083636595528684410e-04
1.876500000000000000e+03 6.230000000000000000e+02 1.246000000000000000e+03 -4.691296975282215065e-02 -4.815133463445412077e-06 -9.035597944155315808e-03 1.926034099261379751e-01 -2.163207089327541799e-01 -5.953956355058654948e-01 6.044312334500208106e-01 9.035597944155315808e-03
1.879500000000000000e+03 6.240000000000000000e+02 1.248000000000000000e+03 2.931911853936260831e-03 3.008498438081836325e-07 5.654472814374811307e-04 1.928595775068529250e-01 -2.068827635214975647e-01 -5.955525442038462902e-01 5.949870969224088091e-01 -5.654472814374811307e-04
1.882500000000000000e+03 6.250000000000000000e+02 1.250000000000000000e+03 -4.375312220545161251e-02 -4.488362971628611653e-06 -8.449343294090860823e-03 1.931140651955136900e-01 -2.160544472177899633e-01 -5.957084261445207973e-01 6.041577694386116582e-01 8.449343294090860823e-03
1.885500000000000000e+03 6.260000000000000000e+02 1.252000000000000000e+03 3.129569747107064596e-03 3.209520817354382659e-07 6.051551501121688048e-04 1.933668839531589578e-01 -2.071607224115928070e-01 -5.958632880468440751e-01 5.952581328967319063e-01 -6.051551501121688048e-04
1.888500000000000000e+03 6.270000000000000000e+02 1.254000000000000000e+03 -4.056923092591736835e-02 -4.159351424764767747e-06 -7.854935165668264219e-03 1.936180446706519676e-01 -2.157758235363434751e-01 -5.960171365858369930e-01 6.038720717515052572e-01 7.854935165668264219e-03
1.891500000000000000e+03 6.280000000000000000e+02 1.256000000000000000e+03 3.243528354098704214e-03 3.324424646369775335e-07 6.288149218608429791e-04 1.938675581689419114e-01 -2.074505515951886314e-01 -5.961699783927767449e-01 5.955411634709159019e-01 -6.288149218608429791e-04
1.894500000000000000e+03 6.290000000000000000e+02 1.258000000000000000e+03 -3.736619220958528609e-02 -3.828637984964417105e-06 -7.253354662515087981e-03 1.941154351995876270e-01 -2.154858737965020810e-01 -5.963218200555671089e-01 6.035751747180821969e-01 7.253354662515087981e-03
1.897500000000000000e+03 6.300000000000000000e+02 1.260000000000000000e+03 3.280226417393933887e-03 3.359949082511845988e-07 6.375503384066227852e-04 1.943616864451516157e-01 -2.077511824745214564e-01 -5.964726681189695956e-01 5.958351177805629728e-01 -6.375503384066227852e-04
1.900500000000000000e+03 6.310000000000000000e+02 1.262000000000000000e+03 -3.414966237203293647e-02 -3.496837784528888615e-06 -6.645740209497152939e-03 1.946063225193031543e-01 -2.151857905127385617e-01 -5.966225290847126939e-01 6.032682692942098468e-01 6.645740209497152939e-03
1.903500000000000000e+03 6.320000000000000000e+02 1.264000000000000000e+03 3.250714450432718502e-03 3.327552459150366494e-07 6.333996105992723002e-04 1.948493539673893382e-01 -2.080606314683296487e-01 -5.967714094118663493e-01 5.961380098012670770e-01 -6.333996105992723002e-04
1.906500000000000000e+03 6.330000000000000000e+02 1.266000000000000000e+03 -3.092855494173349720e-02 -3.164897066001867412e-06 -6.033876256332559862e-03 1.950907912671580591e-01 -2.148774113996828050e-01 -5.969193155173074805e-01 6.029531917736400404e-01 6.033876256332559862e-03
1.909500000000000000e+03 6.340000000000000000e+02 1.268000000000000000e+03 3.159870630181590024e-03 3.232362229744552714e-07 6.172195677697223104e-04 1.953306448290423325e-01 -2.083780953353728538e-01 -5.970662537759172661e-01 5.964490342081475438e-01 -6.172195677697223104e-04
1.912500000000000000e+03 6.350000000000000000e+02 1.270000000000000000e+03 -2.770709974133586662e-02 -2.833279848983559201e-06 -5.418647711181057147e-03 1.955689249963988852e-01 -2.145616742036444702e-01 -5.972122305207547832e-01 6.026308782319358404e-01 5.418647711181057147e-03
1.915500000000000000e+03 6.360000000000000000e+02 1.272000000000000000e+03 3.018664761799213451e-03 3.085730053801112344e-07 5.910715918056030915e-04 1.958056420459577396e-01 -2.087015658539137786e-01 -5.973572520433416688e-01 5.967661804515360657e-01 -5.910715918056030915e-04
1.918500000000000000e+03 6.370000000000000000e+02 1.274000000000000000e+03 -2.449319042272164043e-02 -2.502822411567455825e-06 -4.801664796592164386e-03 1.960408061882291941e-01 -2.142402411562835396e-01 -5.975013245939504447e-01 6.023029893905426091e-01 4.801664796592164386e-03
1.921500000000000000e+03 6.380000000000000000e+02 1.276000000000000000e+03 2.832819045608187241e-03 2.893624442259251969e-07 5.560099365801152160e-04 1.962744275678729722e-01 -2.090300409654128333e-01 -5.976444543818446586e-01 5.970884444452645434e-01 -5.560099365801152160e-04
1.924500000000000000e+03 6.390000000000000000e+02 1.278000000000000000e+03 -2.129317013701867781e-02 -2.174199368066733184e-06 -4.184246683844428105e-03 1.965065162641055907e-01 -2.139144828678347376e-01 -5.977866475755477804e-01 6.019708942593922085e-01 4.184246683844428105e-03
1.927500000000000000e+03 6.400000000000000000e+02 1.280000000000000000e+03 2.609000230231495968e-03 2.662968057029130967e-07 5.132870929923649683e-04 1.967370822910280426e-01 -2.093623197210229270e-01 -5.979279103030690212e-01 5.974146232100766563e-01 -5.132870929923649683e-04
1.930500000000000000e+03 6.410000000000000000e+02 1.282000000000000000e+03 -1.811331278558609564e-02 -1.848075225204131928e-06 -3.567709222256576496e-03 1.969661355981014994e-01 -2.135857659893500293e-01 -5.980682486522188590e-01 6.016359578744754355e-01 3.567709222256576496e-03
1.933500000000000000e+03 6.420000000000000000e+02 1.284000000000000000e+03 2.356490999479861001e-03 2.403336676385289544e-07 4.646851463790957482e-04 1.971936860703749350e-01 -2.096966710001613443e-01 -5.982076686707429314e-01 5.977429835243638356e-01 -4.646851463790957482e-04
1.936500000000000000e+03 6.430000000000000000e+02 1.286000000000000000e+03 -1.496148517380256442e-02 -1.525273723638124240e-06 -2.953692565825227767e-03 1.974197435290126756e-01 -2.132557807742684886e-01 -5.983461763667073940e-01 6.012998689325326218e-01 2.953692565825227767e-03
1.939500000000000000e+03 6.440000000000000000e+02 1.288000000000000000e+03 2.081171706080380511e-03 2.120813415470654648e-07 4.113317619305334460e-04 1.976443177315840016e-01 -2.100320172678480646e-01 -5.984837777086600141e-01 5.980724459467294807e-01 -4.113317619305334460e-04
1.942500000000000000e+03 6.450000000000000000e+02 1.290000000000000000e+03 -1.183802205531551445e-02 -1.205847548376287889e-06 -2.342358862720939072e-03 1.978674183724106195e-01 -2.129247391608745654e-01 -5.986204786258774169e-01 6.009628374885983559e-01 2.342358862720939072e-03
1.945500000000000000e+03 6.460000000000000000e+02 1.292000000000000000e+03 1.796536879875424743e-03 1.829217645624510984e-07 3.558742929562486168e-04 1.980890550829803309e-01 -2.103657609449196275e-01 -5.987562850086278754e-01 5.984004107156716268e-01 -3.558742929562486168e-04
1.948500000000000000e+03 6.470000000000000000e+02 1.294000000000000000e+03 -8.755736027300654867e-03 -8.911179546997655138e-07 -1.736343334732493027e-03 1.983092374322981966e-01 -2.125953250089272495e-01 -5.988912027084180023e-01 6.006275460431504953e-01 1.736343334732493027e-03
1.951500000000000000e+03 6.480000000000000000e+02 1.296000000000000000e+03 1.494074292295381875e-03 1.519936170339161171e-07 2.966155436416872959e-04 1.985279749282010398e-01 -2.106996474308913403e-01 -5.990252375388015471e-01 5.987286219951598598e-01 -2.966155436416872959e-04
1.954500000000000000e+03 6.490000000000000000e+02 1.298000000000000000e+03 -5.713281148832015897e-03 -5.809606777554219959e-07 -1.135487644672972252e-03 1.987452770296633531e-01 -2.122674285990313603e-01 -5.991583952830450421e-01 6.002938829277180144e-01 1.135487644672972252e-03
1.957500000000000000e+03 6.500000000000000000e+02 1.300000000000000000e+03 1.197331487702293527e-03 1.216972942375164447e-07 2.382224534699384222e-04 1.989611531281890444e-01 -2.110290586796984280e-01 -5.992906816825930294e-01 5.990524592291230910e-01 -2.382224534699384222e-04
1.960500000000000000e+03 6.510000000000000000e+02 1.302000000000000000e+03 -2.727955524189681902e-03 -2.771447143805360690e-07 -5.433422125430409366e-04 1.991756125512480768e-01 -2.119446476423967607e-01 -5.994221024392033526e-01 5.999654446517463935e-01 5.433422125430409366e-04
1.963500000000000000e+03 6.520000000000000000e+02 1.304000000000000000e+03 9.036105591956060563e-04 9.175946151559039695e-08 1.801697026858617434e-04 1.993886645661254453e-01 -2.113545671958992067e-01 -5.995526632173719950e-01 5.993724935146861332e-01 -1.801697026858617434e-04
1.966500000000000000e+03 6.530000000000000000e+02 1.306000000000000000e+03 2.034290540353673874e-04 2.064810778198202296e-08 4.060450395326764550e-05 1.996003183803248815e-01 -2.116265180804999257e-01 -5.996823696445670038e-01 5.996417651406137361e-01 -4.060450395326764550e-05
1.969500000000000000e+03 6.540000000000000000e+02 1.308000000000000000e+03 6.248693465171425727e-04 6.339452069816841430e-08 1.248555085150426791e-04 1.998105831418270917e-01 -2.116738218833339458e-01 -5.998112273114275528e-01 5.996863718029125101e-01 -1.248555085150426791e-04
1.972500000000000000e+03 6.550000000000000000e+02 1.310000000000000000e+03 3.083050488033932651e-03 3.126337735095101065e-07 6.166701182475087251e-04 2.000194679396121444e-01 -2.113127691158869503e-01 -5.999392417720768034e-01 5.993225716538292946e-01 -6.166701182475087251e-04
1.975500000000000000e+03 6.560000000000000000e+02 1.312000000000000000e+03 3.572607247616949727e-04 3.621019318456700018e-08 7.153323663611210748e-05 2.002269818039114357e-01 -2.119876152798653157e-01 -6.000664185442997622e-01 5.999948853076636501e-01 -7.153323663611210748e-05
1.978500000000000000e+03 6.570000000000000000e+02 1.314000000000000000e+03 5.892660268985765171e-03 5.969594963767150360e-07 1.181084363581330621e-03 2.004331337066233010e-01 -2.110072164807257622e-01 -6.001927631098249449e-01 5.990116787462436143e-01 -1.181084363581330621e-03
1.981500000000000000e+03 6.580000000000000000e+02 1.316000000000000000e+03 1.136245239944459864e-04 1.150511712467914738e-08 2.279738958255173031e-05 2.006379325616895470e-01 -2.122933988008483819e-01 -6.003182809145386489e-01 6.002954835249560972e-01 -2.279738958255173031e-05
1.984500000000000000e+03 6.590000000000000000e+02 1.318000000000000000e+03 8.630844468078926676e-03 8.734848958910696929e-07 1.733430775895827836e-03 2.008413872254216359e-01 -2.107103221565218565e-01 -6.004429773687305349e-01 5.987095465928347071e-01 -1.733430775895827836e-03
1.987500000000000000e+03 6.600000000000000000e+02 1.320000000000000000e+03 -9.647198549877834567e-05 -9.758523896038882193e-09 -1.939506624337727914e-05 2.010435064967423524e-01 -2.125892606559167120e-01 -6.005668578472340702e-01 6.005862529134774475e-01 1.939506624337727914e-05
1.990500000000000000e+03 6.610000000000000000e+02 1.322000000000000000e+03 1.129896534144573562e-02 1.142352354130648080e-06 2.273852360897055114e-03 2.012442991179322349e-01 -2.104219881587783836e-01 -6.006899276898995943e-01 5.984160753290025392e-01 -2.273852360897055114e-03
1.993500000000000000e+03 6.620000000000000000e+02 1.324000000000000000e+03 -2.774093750976070003e-04 -2.803230067724409662e-08 -5.588239140008610661e-05 2.014437737744940449e-01 -2.128760832019605809e-01 -6.008121922015341454e-01 6.008680745929342315e-01 5.588239140008610661e-05
1.996500000000000000e+03 6.630000000000000000e+02 1.326000000000000000e+03 1.388982451643454123e-02 1.402840545551923014e-06 2.800771149194414278e-03 2.016419390958122948e-01 -2.101438365991464274e-01 -6.009336566523002521e-01 5.981328855031058378e-01 -2.800771149194414278e-03
1.999500000000000000e+03 6.640000000000000000e+02 1.328000000000000000e+03 -4.206472966901170945e-04 -4.246208908468158147e-08 -8.490294712482082673e-05 2.018388036554225606e-01 -2.131521487689288785e-01 -6.010543262779174389e-01 6.011392292250422598e-01 8.490294712482082673e-05
2.002500000000000000e+03 6.650000000000000000e+02 1.330000000000000000e+03 1.639578284980457851e-02 1.654188143132059694e-06 3.312511756621949743e-03 2.020343759713450760e-01 -2.098775864315741146e-01 -6.011742062798464126e-01 5.978616945232244628e-01 -3.312511756621949743e-03
2.005500000000000000e+03 6.660000000000000000e+02 1.332000000000000000e+03 -5.248839424110916243e-04 -5.292773806765241402e-08 -1.061465786946769185e-04 2.022286645064527433e-01 -2.134171903486487554e-01 -6.012933018255524065e-01 6.013994484042470834e-01 1.061465786946769185e-04
2.008500000000000000e+03 6.670000000000000000e+02 1.334000000000000000e+03 1.882121747915090765e-02 1.896849598156590894e-06 3.809822417897512636e-03 2.024216776687172981e-01 -2.096225328227996343e-01 -6.014116180486548391e-01 5.976017956307573264e-01 -3.809822417897512636e-03
2.011500000000000000e+03 6.680000000000000000e+02 1.336000000000000000e+03 -5.785224914554220818e-04 -5.827314081325846806e-08 -1.172164227458694086e-04 2.026134238117196784e-01 -2.136688539895040262e-01 -6.015291600492542745e-01 6.016463764720001439e-01 1.172164227458694086e-04
2.014500000000000000e+03 6.690000000000000000e+02 1.338000000000000000e+03 2.116031926156768453e-02 2.130253417335360740e-06 4.291395509222084570e-03 2.028039112347566619e-01 -2.093800258998623487e-01 -6.016459328940029216e-01 5.973545373847808371e-01 -4.291395509222084570e-03
2.017500000000000000e+03 6.700000000000000000e+02 1.340000000000000000e+03 -5.841399583166115165e-04 -5.877393264857407953e-08 -1.185764091184982050e-04 2.029931481835526574e-01 -2.139076455155125844e-01 -6.017619416165596036e-01 6.018805180256781018e-01 1.185764091184982050e-04
2.020500000000000000e+03 6.710000000000000000e+02 1.342000000000000000e+03 2.340376345409764594e-02 2.353478547684889452e-06 4.755203405597319133e-03 2.031811428501151817e-01 -2.091521351412096719e-01 -6.018771912175024941e-01 5.971219878119051749e-01 -4.755203405597319133e-03
2.023500000000000000e+03 6.720000000000000000e+02 1.344000000000000000e+03 -5.354351545270888369e-04 -5.381286126442970898e-08 -1.088903247685735209e-04 2.033679033733757635e-01 -2.141322703414750284e-01 -6.019916866647416764e-01 6.021005769895102500e-01 1.088903247685735209e-04
2.026500000000000000e+03 6.730000000000000000e+02 1.346000000000000000e+03 2.556011744176754294e-02 2.567406749001635619e-06 5.202849776851814489e-03 2.035534378394477650e-01 -2.089372987323627195e-01 -6.021054328936685796e-01 5.969025831168167651e-01 -5.202849776851814489e-03
2.029500000000000000e+03 6.740000000000000000e+02 1.348000000000000000e+03 -4.348287164387096867e-04 -4.365165123652414080e-08 -8.859102618452574518e-05 2.037377542819504561e-01 -2.143432021448476166e-01 -6.022184348073860161e-01 6.023070258335705418e-01 8.859102618452574518e-05
2.032500000000000000e+03 6.750000000000000000e+02 1.350000000000000000e+03 2.761832061849178732e-02 2.770947951351410252e-06 5.631951711121740978e-03 2.039208606822704439e-01 -2.087379403012202816e-01 -6.023306972768555090e-01 5.966987455657337680e-01 -5.631951711121740978e-03
2.035500000000000000e+03 6.760000000000000000e+02 1.352000000000000000e+03 -2.751356863756214063e-04 -2.758828510497264439e-08 -5.615595433117182012e-05 2.041027649699590496e-01 -2.145389589414689602e-01 -6.024422251411746254e-01 6.024983810955057972e-01 5.615595433117182012e-05
2.038500000000000000e+03 6.770000000000000000e+02 1.354000000000000000e+03 2.958455615503106234e-02 2.964746597186052176e-06 6.043635938363767224e-03 2.042834750230317076e-01 -2.085529738095877050e-01 -6.025530232077387360e-01 5.965093872693749688e-01 -6.043635938363767224e-03
2.041500000000000000e+03 6.780000000000000000e+02 1.356000000000000000e+03 -4.853214888342050726e-05 -4.860655739659858463e-09 -9.923028692515600824e-06 2.044629986681981426e-01 -2.147179187027903891e-01 -6.026630962524189838e-01 6.026730192811114994e-01 9.923028692515600824e-06
2.044500000000000000e+03 6.790000000000000000e+02 1.358000000000000000e+03 3.144958284251714309e-02 3.147901634194407365e-06 6.435884891110466022e-03 2.046413436813445119e-01 -2.083844565408302374e-01 -6.027724490198413942e-01 5.963365641287309282e-01 -6.435884891110466022e-03
2.047500000000000000e+03 6.800000000000000000e+02 1.360000000000000000e+03 2.353128409739701219e-04 2.353915863477019706e-08 4.819642730469198000e-05 2.048185177876603036e-01 -2.148820317941935731e-01 -6.028810862234871282e-01 6.028328897961824362e-01 -4.819642730469198000e-05
2.050500000000000000e+03 6.810000000000000000e+02 1.362000000000000000e+03 3.322066240248011670e-02 3.321167535292804611e-06 6.810054031117895867e-03 2.049945286644701270e-01 -2.082310726899098685e-01 -6.029890125474552942e-01 5.961789585163373983e-01 -6.810054031117895867e-03
2.053500000000000000e+03 6.820000000000000000e+02 1.364000000000000000e+03 5.831935311806300511e-04 5.826805819845473867e-08 1.196534575105268061e-04 2.051693839406923126e-01 -2.150298861749637691e-01 -6.030962326461188905e-01 6.029765791886083637e-01 -1.196534575105268061e-04
2.056500000000000000e+03 6.830000000000000000e+02 1.366000000000000000e+03 3.489059674745779299e-02 3.483852657268150628e-06 7.164542989671951467e-03 2.053430911924421509e-01 -2.080944613738210380e-01 -6.032027511414090881e-01 5.960382081517371367e-01 -7.164542989671951467e-03
2.059500000000000000e+03 6.840000000000000000e+02 1.368000000000000000e+03 9.973116890866608533e-04 9.952083901935920921e-08 2.049631679603702850e-04 2.055156579464899047e-01 -2.151610051080533048e-01 -6.033085726249746150e-01 6.031036094570142447e-01 -2.049631679603702850e-04
2.062500000000000000e+03 6.850000000000000000e+02 1.370000000000000000e+03 3.646159315352041907e-02 3.636208026073545025e-06 7.499679053776686644e-03 2.056870916802652771e-01 -2.079743337911424961e-01 -6.034137016581727631e-01 5.959140226043960764e-01 -7.499679053776686644e-03
2.065500000000000000e+03 6.860000000000000000e+02 1.372000000000000000e+03 1.477637882703060346e-03 1.472683090844031289e-07 3.041826924138346655e-04 2.058573998234193014e-01 -2.152753692646485195e-01 -6.035181427730549331e-01 6.032139600806410984e-01 -3.041826924138346655e-04
2.068500000000000000e+03 6.870000000000000000e+02 1.374000000000000000e+03 3.793230604595043687e-02 3.778130846621796896e-06 7.815063656237186684e-03 2.060265897562403581e-01 -2.078711263907302986e-01 -6.036219004713785363e-01 5.958068368151413496e-01 -7.815063656237186684e-03
2.071500000000000000e+03 6.880000000000000000e+02 1.376000000000000000e+03 2.021618787848589952e-03 2.012295517365169804e-07 4.168470164221949048e-04 2.061946688108316494e-01 -2.153734809134610628e-01 -6.037249792253548408e-01 6.033081322089326459e-01 -4.168470164221949048e-04
2.074500000000000000e+03 6.890000000000000000e+02 1.378000000000000000e+03 3.930667282615889907e-02 3.910045618362073480e-06 8.111389635292121092e-03 2.063616442726214917e-01 -2.077841838449429324e-01 -6.038273834785671257e-01 5.957159938432750046e-01 -8.111389635292121092e-03
2.077500000000000000e+03 6.900000000000000000e+02 1.380000000000000000e+03 2.632948254987340676e-03 2.617455029048119896e-07 5.437762822847469479e-04 2.065275233779182151e-01 -2.154545568392347010e-01 -6.039291176444840925e-01 6.033853413621993456e-01 -5.437762822847469479e-04
2.080500000000000000e+03 6.910000000000000000e+02 1.382000000000000000e+03 4.058037961031422253e-02 4.031556134059379533e-06 8.387652536910539247e-03 2.066923133163266202e-01 -2.077145474176964879e-01 -6.040301861079468981e-01 5.956425335710363589e-01 -8.387652536910539247e-03
2.083500000000000000e+03 6.920000000000000000e+02 1.384000000000000000e+03 3.310527479033752510e-03 3.286789260809182461e-07 6.848025424895931579e-04 2.068560212312351154e-01 -2.155188013166796923e-01 -6.041305932254689148e-01 6.034457906829793217e-01 -6.848025424895931579e-04
2.086500000000000000e+03 6.930000000000000000e+02 1.386000000000000000e+03 4.175662961437977966e-02 4.143015225227221287e-06 8.644401267436596648e-03 2.070186542177176736e-01 -2.076617047068481936e-01 -6.042303433239568644e-01 5.955859420565202678e-01 -8.644401267436596648e-03
2.089500000000000000e+03 6.940000000000000000e+02 1.388000000000000000e+03 4.054069375942862333e-03 4.019731909408087291e-07 8.399229824708198677e-04 2.071802193260388891e-01 -2.155662530368899488e-01 -6.043294407028692028e-01 6.034895177203983829e-01 -8.399229824708198677e-04
2.092500000000000000e+03 6.950000000000000000e+02 1.390000000000000000e+03 4.284111368666952691e-02 4.245021510090363495e-06 8.882707509864085083e-03 2.073407235589217468e-01 -2.076246200981970713e-01 -6.044278896325399053e-01 5.955451821226758202e-01 -8.882707509864085083e-03
2.095500000000000000e+03 6.960000000000000000e+02 1.392000000000000000e+03 4.861618830541217240e-03 4.814062288929383175e-07 1.008786752645152163e-03 2.075001738737402290e-01 -2.155972982221428524e-01 -6.045256943555289419e-01 6.035169076028837898e-01 -1.008786752645152163e-03
2.098500000000000000e+03 6.970000000000000000e+02 1.394000000000000000e+03 4.382785220294465461e-02 4.337016644960748778e-06 9.101229429450130581e-03 2.076585771829961569e-01 -2.076046707478357289e-01 -6.046228590869218156e-01 5.955216296574716850e-01 -9.101229429450130581e-03
2.101500000000000000e+03 6.980000000000000000e+02 1.396000000000000000e+03 5.733899518902162325e-03 5.670215181558427914e-07 1.191595720404503567e-03 2.078159403519948267e-01 -2.156117699791121334e-01 -6.047193880129015930e-01 6.035277922924970895e-01 -1.191595720404503567e-03
2.104500000000000000e+03 6.990000000000000000e+02 1.398000000000000000e+03 4.472239151107259419e-02 4.419585313123747685e-06 9.301017291468927084e-03 2.079722702030846193e-01 -2.076008415008490093e-01 -6.048152852933683654e-01 5.955142680018994383e-01 -9.301017291468927084e-03
2.107500000000000000e+03 7.000000000000000000e+02 1.400000000000000000e+03 6.669393620024003516e-03 6.586404322331319013e-07 1.388084710931325461e-03 2.081275735118974235e-01 -2.156099679506809641e-01 -6.049105550596151071e-01 6.035224703486837816e-01 -1.388084710931325461e-03
2.110500000000000000e+03 7.010000000000000000e+02 1.402000000000000000e+03 4.552714742501425688e-02 4.493001094551968977e-06 9.482478810051930829e-03 2.082818570100422040e-01 -2.076127592094490770e-01 -6.050052014160008929e-01 5.955227226059489620e-01 -9.482478810051930829e-03
2.113500000000000000e+03 7.020000000000000000e+02 1.404000000000000000e+03 7.666284307715813540e-03 7.560553329801773310e-07 1.597922946253604870e-03 2.084351273856825670e-01 -2.155922569277015088e-01 -6.050992284403066135e-01 6.035013054940530086e-01 -1.597922946253604870e-03
2.116500000000000000e+03 7.030000000000000000e+02 1.406000000000000000e+03 4.624355496463915943e-02 4.557440346639301726e-06 9.645822493662081776e-03 2.085873912816155196e-01 -2.076402494462638026e-01 -6.051926401825589164e-01 5.955468176888968346e-01 -9.645822493662081776e-03
2.119500000000000000e+03 7.040000000000000000e+02 1.408000000000000000e+03 8.718682970118104072e-03 8.586582491853683844e-07 1.819926159148388400e-03 2.087386552975828147e-01 -2.155598546661883497e-01 -6.052854406664449627e-01 6.034655145072965743e-01 -1.819926159148388400e-03
2.122500000000000000e+03 7.050000000000000000e+02 1.410000000000000000e+03 4.687873918606730306e-02 4.613639331124143498e-06 9.792449480310994048e-03 2.088889259893188521e-01 -2.076819448095012510e-01 -6.053776338887367769e-01 5.955851844084257829e-01 -9.792449480310994048e-03
2.125500000000000000e+03 7.060000000000000000e+02 1.412000000000000000e+03 9.830685268848898470e-03 9.668260881631584306e-07 2.054988850390793154e-03 2.090382098695157675e-01 -2.155118999202011720e-01 -6.054692238198889909e-01 6.034142349694981977e-01 -2.054988850390793154e-03
2.128500000000000000e+03 7.070000000000000000e+02 1.414000000000000000e+03 4.742199026239724002e-02 4.660578248454130552e-06 9.920040801834617561e-03 2.091865134074857302e-01 -2.077401971933853508e-01 -6.055602144038365608e-01 5.956401736020019433e-01 -9.920040801834617561e-03
2.131500000000000000e+03 7.080000000000000000e+02 1.416000000000000000e+03 1.099531123035551831e-02 1.079845533736576800e-06 2.301690755159513380e-03 2.093338430298431196e-01 -2.154498455514648469e-01 -6.056506095583988891e-01 6.033489188032393757e-01 -2.301690755159513380e-03
2.134500000000000000e+03 7.090000000000000000e+02 1.418000000000000000e+03 4.789387496974896463e-02 4.700313306484015281e-06 1.003281875269013135e-02 2.094802051207408922e-01 -2.078108173994823171e-01 -6.057404131754621224e-01 5.957075944227719910e-01 -1.003281875269013135e-02
2.137500000000000000e+03 7.100000000000000000e+02 1.420000000000000000e+03 1.220919691328237536e-02 1.197361544786175971e-06 2.559360301980451169e-03 2.096256060213202987e-01 -2.153743953772536412e-01 -6.058296291206033413e-01 6.032702688186228901e-01 -2.559360301980451169e-03
2.140500000000000000e+03 7.110000000000000000e+02 1.422000000000000000e+03 4.828133039341316046e-02 4.731594108283475622e-06 1.012797718878077902e-02 2.097700520315923245e-01 -2.078966435676709024e-01 -6.059182612342783880e-01 5.957902840454976090e-01 -1.012797718878077902e-02
2.143500000000000000e+03 7.120000000000000000e+02 1.424000000000000000e+03 1.347855365185928606e-02 1.319958496824210352e-06 2.829331037942695026e-03 2.099135494076106445e-01 -2.152842478489744027e-01 -6.060063133300720439e-01 6.031769822921293489e-01 -2.829331037942695026e-03
2.146500000000000000e+03 7.130000000000000000e+02 1.426000000000000000e+03 4.859894643564312278e-02 4.755884167336192798e-06 1.020850536518713714e-02 2.100561043788406468e-01 -2.079947185351632699e-01 -6.060937892054483189e-01 5.958852838402611818e-01 -1.020850536518713714e-02
2.149500000000000000e+03 7.140000000000000000e+02 1.428000000000000000e+03 1.479091315338552405e-02 1.446390448330559379e-06 3.109016268686537465e-03 2.101977231862055817e-01 -2.151820209565044051e-01 -6.061806926653399152e-01 6.030716763966533778e-01 -3.109016268686537465e-03
2.152500000000000000e+03 7.150000000000000000e+02 1.430000000000000000e+03 4.884784329497220134e-02 4.773323013879187212e-06 1.027457778737494998e-02 2.103384119812816699e-01 -2.081048993495926980e-01 -6.062670274596784203e-01 5.959924496723034704e-01 -1.027457778737494998e-02
2.155500000000000000e+03 7.160000000000000000e+02 1.432000000000000000e+03 1.614603916672208150e-02 1.576612798678293945e-06 3.398388887551062609e-03 2.104781768741982306e-01 -2.150677730313196312e-01 -6.063527973130730109e-01 6.029544084255219483e-01 -3.398388887551062609e-03
2.158500000000000000e+03 7.170000000000000000e+02 1.434000000000000000e+03 4.903129235674576203e-02 4.784259844951684401e-06 1.032682487532821103e-02 2.106170239240581221e-01 -2.082265867100903667e-01 -6.064380059188915206e-01 5.961111810435633096e-01 -1.032682487532821103e-02
2.161500000000000000e+03 7.180000000000000000e+02 1.436000000000000000e+03 1.754107066596255829e-02 1.710325066768283485e-06 3.696867631819644728e-03 2.107549591595457572e-01 -2.149421159949327365e-01 -6.065226569520042466e-01 6.028257893201846018e-01 -3.696867631819644728e-03
2.164500000000000000e+03 7.190000000000000000e+02 1.438000000000000000e+03 4.914777665527432504e-02 4.788575815320510731e-06 1.036487235226124515e-02 2.108919885625982205e-01 -2.083601854606270121e-01 -6.066067540586966844e-01 5.962418817064354393e-01 -1.036487235226124515e-02
2.167500000000000000e+03 7.200000000000000000e+02 1.440000000000000000e+03 1.897198732019940090e-02 1.847115469682433866e-06 4.003622780536675307e-03 2.110281180861866834e-01 -2.148059098054169169e-01 -6.066903008676616249e-01 6.026866780871249496e-01 -4.003622780536675307e-03
2.170500000000000000e+03 7.210000000000000000e+02 1.442000000000000000e+03 4.920852767944085965e-02 4.787393564649188127e-06 1.039103773207106229e-02 2.111633536317405191e-01 -2.085034084671110455e-01 -6.067733009760267748e-01 5.963822632439557125e-01 -1.039103773207106229e-02
2.173500000000000000e+03 7.220000000000000000e+02 1.444000000000000000e+03 2.043608081662123821e-02 1.986702045288014154e-06 4.318096895433498617e-03 2.112977010700343994e-01 -2.146597417683789311e-01 -6.068557579622944065e-01 6.025376610668609079e-01 -4.318096895433498617e-03
2.176500000000000000e+03 7.230000000000000000e+02 1.446000000000000000e+03 4.921722284202639103e-02 4.781095715211025207e-06 1.040605482415679628e-02 2.114311662313280160e-01 -2.086555517545990723e-01 -6.069376753802196989e-01 5.965316205560629026e-01 -1.040605482415679628e-02
2.179500000000000000e+03 7.240000000000000000e+02 1.448000000000000000e+03 2.192909735186150677e-02 2.128654359948724523e-06 4.639402177508245018e-03 2.115637549082437507e-01 -2.145045291382113029e-01 -6.070190567606217336e-01 6.023796545831134885e-01 -4.639402177508245018e-03
2.182500000000000000e+03 7.250000000000000000e+02 1.450000000000000000e+03 4.917007055103314594e-02 4.769338527165826089e-06 1.040908133553941628e-02 2.116954728534694852e-01 -2.088174869395809652e-01 -6.070999056099268820e-01 5.966908242743874657e-01 -1.040908133553941628e-02
2.185500000000000000e+03 7.260000000000000000e+02 1.452000000000000000e+03 2.344610778338717533e-02 2.272479005109544886e-06 4.966502865666910793e-03 2.118263257829917645e-01 -2.143413367379793100e-01 -6.071802254122020681e-01 6.022137225465351573e-01 -4.966502865666910793e-03
2.188500000000000000e+03 7.270000000000000000e+02 1.454000000000000000e+03 4.907960830701758870e-02 4.753362181036912020e-06 1.040273313319928228e-02 2.119563193765721110e-01 -2.089866273395843965e-01 -6.072600196294217767e-01 5.968572864962224944e-01 -1.040273313319928228e-02
2.191500000000000000e+03 7.280000000000000000e+02 1.456000000000000000e+03 2.498839936807680656e-02 2.418287089441453944e-06 5.299676156510946257e-03 2.120854592744099987e-01 -2.141699161517429117e-01 -6.073392916994244661e-01 6.020396155429135199e-01 -5.299676156510946257e-03
2.194500000000000000e+03 7.290000000000000000e+02 1.458000000000000000e+03 4.894651976852371078e-02 4.733253389120968449e-06 1.038712456242596449e-02 2.122137510807390604e-01 -2.091628872170581688e-01 -6.074180450381242435e-01 5.970309204756982790e-01 -1.038712456242596449e-02
2.197500000000000000e+03 7.300000000000000000e+02 1.460000000000000000e+03 2.654676143285994439e-02 2.565174602206974623e-06 5.636971188349826356e-03 2.123412003609715659e-01 -2.139922464849496331e-01 -6.074962830377552692e-01 6.018593118494054428e-01 -5.636971188349826356e-03
2.200500000000000000e+03 7.310000000000000000e+02 1.462000000000000000e+03 4.877588213212787072e-02 4.709522829633608689e-06 1.036330498660875676e-02 2.124678126483870999e-01 -2.093452454972361820e-01 -6.075740090710022301e-01 5.972107040843934733e-01 -1.036330498660875676e-02
2.203500000000000000e+03 7.320000000000000000e+02 1.464000000000000000e+03 2.811888670280893177e-02 2.712909084417573926e-06 5.977895167514124530e-03 2.125935934340161260e-01 -2.138088485140291484e-01 -6.076512264847458988e-01 6.016733313172317743e-01 -5.977895167514124530e-03
2.206500000000000000e+03 7.330000000000000000e+02 1.466000000000000000e+03 4.857068370283598030e-02 4.682476918772387297e-06 1.033188532127127246e-02 2.127185481778179343e-01 -2.095331191437893037e-01 -6.077279386069625033e-01 5.973960532856912309e-01 -1.033188532127127246e-02
2.209500000000000000e+03 7.340000000000000000e+02 1.468000000000000000e+03 2.970240493958293052e-02 2.861253468237373157e-06 6.321939538070475706e-03 2.128426822989521183e-01 -2.136202584078215616e-01 -6.078041487407364052e-01 6.014822092026659295e-01 -6.321939538070475706e-03
2.212500000000000000e+03 7.350000000000000000e+02 1.470000000000000000e+03 4.833636852056692051e-02 4.652656775436979163e-06 1.029400311565431547e-02 2.129660011855102619e-01 -2.097253981452620319e-01 -6.078798601702515292e-01 5.975858570545972137e-01 -1.029400311565431547e-02
2.215500000000000000e+03 7.360000000000000000e+02 1.472000000000000000e+03 3.129195824980605251e-02 3.009684840587513721e-06 6.667956764321636420e-03 2.130885101881715704e-01 -2.134276509135367150e-01 -6.079550761568847106e-01 6.012871193925630742e-01 -6.667956764321636420e-03
2.218500000000000000e+03 7.370000000000000000e+02 1.474000000000000000e+03 4.807603326769836760e-02 4.620374745185567158e-06 1.025030137219418158e-02 2.132102146430874534e-01 -2.099214666505298255e-01 -6.080297999533705866e-01 5.977794985811764050e-01 -1.025030137219418158e-02
2.221500000000000000e+03 7.380000000000000000e+02 1.476000000000000000e+03 3.288640165276052185e-02 3.158088180106392626e-06 7.015692892106351053e-03 2.133311198404537479e-01 -2.132313069446069576e-01 -6.081040347843261751e-01 6.010883418922198240e-01 -7.015692892106351053e-03
2.224500000000000000e+03 7.390000000000000000e+02 1.478000000000000000e+03 4.779466063534115738e-02 4.586122341751536398e-06 1.020182914922629358e-02 2.134512310289882198e-01 -2.101203024578061629e-01 -6.081777838490403099e-01 5.979759546998140163e-01 -1.020182914922629358e-02
2.227500000000000000e+03 7.400000000000000000e+02 1.480000000000000000e+03 3.447867592223716887e-02 3.305782221399461541e-06 7.363629898167300958e-03 2.135705534277230200e-01 -2.130327710484040959e-01 -6.082510503287646975e-01 6.008874204305973965e-01 -7.363629898167300958e-03
2.230500000000000000e+03 7.410000000000000000e+02 1.482000000000000000e+03 4.749547920585139166e-02 4.550220056409319336e-06 1.014926583582098640e-02 2.136890922151304106e-01 -2.103212526207335897e-01 -6.083238373799813026e-01 5.981745715441603162e-01 -1.014926583582098640e-02
2.233500000000000000e+03 7.420000000000000000e+02 1.484000000000000000e+03 3.606163110213136264e-02 3.452081416305245138e-06 7.710223843317765002e-03 2.138068525375732276e-01 -2.128336133248687756e-01 -6.083961481396430448e-01 6.006859242963252798e-01 -7.710223843317765002e-03
2.236500000000000000e+03 7.430000000000000000e+02 1.486000000000000000e+03 4.718535217135421539e-02 4.513334095754266919e-06 1.009407170515441710e-02 2.139238395105681478e-01 -2.105228829921813039e-01 -6.084679857259414071e-01 5.983739140207869900e-01 -1.009407170515441710e-02
2.239500000000000000e+03 7.440000000000000000e+02 1.488000000000000000e+03 3.764049775986706703e-02 3.597487980160516859e-06 8.056574331569477110e-03 2.140400582098447302e-01 -2.126327601424639058e-01 -6.085393532327785238e-01 6.004827789012090467e-01 -8.056574331569477110e-03
2.242500000000000000e+03 7.450000000000000000e+02 1.490000000000000000e+03 4.686559977439203745e-02 4.475597143311282372e-06 1.003652659387554991e-02 2.141555136857468677e-01 -2.107249394437323287e-01 -6.086102537386788303e-01 5.985737271448032804e-01 -1.003652659387554991e-02
2.245500000000000000e+03 7.460000000000000000e+02 1.492000000000000000e+03 3.920532012199733768e-02 3.741051976331317704e-06 8.400532212851974379e-03 2.142702109487074347e-01 -2.124323860945846743e-01 -6.086806902978078027e-01 6.002801580849558283e-01 -8.400532212851974379e-03
2.248500000000000000e+03 7.470000000000000000e+02 1.494000000000000000e+03 4.653788485743318853e-02 4.437173724570217951e-06 9.976985119696135662e-03 2.143841549795441059e-01 -2.109270927308409538e-01 -6.087506659463229886e-01 5.987736808266268529e-01 -9.976985119696135662e-03
2.251500000000000000e+03 7.480000000000000000e+02 1.496000000000000000e+03 4.076053258391080375e-02 3.883200645533912873e-06 8.743026253419605709e-03 2.144973507257531831e-01 -2.122315876985032546e-01 -6.088201837000930539e-01 6.000771574466734481e-01 -8.743026253419605709e-03
2.254500000000000000e+03 7.490000000000000000e+02 1.498000000000000000e+03 4.620964385551284276e-02 4.398776921378660739e-06 9.917042569248191164e-03 2.146098031020657049e-01 -2.111277726688600420e-01 -6.088892465550508337e-01 5.989722039858026426e-01 -9.917042569248191164e-03
2.257500000000000000e+03 7.500000000000000000e+02 1.500000000000000000e+03 4.228884089085493264e-02 4.022291945869823549e-06 9.080324067801126553e-03 2.147215169892436049e-01 -2.120341220377191527e-01 -6.089578574864099592e-01 5.998775334186088326e-01 -9.080324067801126553e-03
2.260500000000000000e+03 7.510000000000000000e+02 1.502000000000000000e+03 4.588444780945169499e-02 4.360747846664332755e-06 9.857470507384724634e-03 2.148324972400385557e-01 -2.113262324110261881e-01 -6.090260194524063087e-01 5.991685489450215840e-01 -9.857470507384724634e-03
2.263500000000000000e+03 7.520000000000000000e+02 1.504000000000000000e+03 4.380176759503603273e-02 4.159431112647981614e-06 9.414872323478706839e-03 2.149427486699344025e-01 -2.118375671515651537e-01 -6.090937353885182981e-01 5.996788630650395913e-01 -9.414872323478706839e-03
2.266500000000000000e+03 7.530000000000000000e+02 1.506000000000000000e+03 4.556564236637681425e-02 4.323403971483321321e-06 9.798995101366947402e-03 2.150522760674979383e-01 -2.115217701767088676e-01 -6.091610082138984028e-01 5.993620131125314554e-01 -9.798995101366947402e-03
2.269500000000000000e+03 7.540000000000000000e+02 1.508000000000000000e+03 4.528122525797306785e-02 4.292909239806450927e-06 9.742757519740741223e-03 2.151610841852219513e-01 -2.116458605875679577e-01 -6.092278408256968092e-01 5.994850833059560680e-01 -9.742757519740741223e-03
2.272500000000000000e+03 7.550000000000000000e+02 1.510000000000000000e+03 4.525668277295710057e-02 4.287071017885565538e-06 9.742368888144947725e-03 2.152691777481855195e-01 -2.117136574898516588e-01 -6.092942361044311195e-01 5.995518672162861717e-01 -9.742368888144947725e-03
2.275500000000000000e+03 7.560000000000000000e+02 1.512000000000000000e+03 4.674083275862801756e-02 4.424029812657254001e-06 1.006687983870158121e-02 2.153765614465503742e-01 -2.114561262410837306e-01 -6.093601969093144222e-01 5.992933170706128410e-01 -1.006687983870158121e-02
2.278500000000000000e+03 7.570000000000000000e+02 1.514000000000000000e+03 4.495432397945829661e-02 4.251438832807988867e-06 9.686903380553002485e-03 2.154832399432676515e-01 -2.119026065069859743e-01 -6.094257260830604483e-01 5.997388227025074459e-01 -9.686903380553002485e-03
2.281500000000000000e+03 7.580000000000000000e+02 1.516000000000000000e+03 4.816208119534117621e-02 4.551052121754773056e-06 1.038322541578351466e-02 2.155892178676843962e-01 -2.112724013922971655e-01 -6.094908264478844373e-01 5.991076010321009226e-01 -1.038322541578351466e-02
2.284500000000000000e+03 7.590000000000000000e+02 1.518000000000000000e+03 4.467095026349056364e-02 4.217674884413809717e-06 9.635278273443348418e-03 2.156944998172163896e-01 -2.120859610499791770e-01 -6.095555008065848268e-01 5.999202225331414784e-01 -9.635278273443348418e-03
2.287500000000000000e+03 7.600000000000000000e+02 1.520000000000000000e+03 4.955213059108437568e-02 4.674668724729974635e-06 1.069330470781981735e-02 2.157990903774337499e-01 -2.110931989664593389e-01 -6.096197519549345634e-01 5.989264472471147460e-01 -1.069330470781981735e-02
2.290500000000000000e+03 7.610000000000000000e+02 1.522000000000000000e+03 4.441132915194875852e-02 4.186220884457973553e-06 9.588538935850987599e-03 2.159029940996540775e-01 -2.122626989026428213e-01 -6.096835826678373982e-01 6.000950437319864106e-01 -9.588538935850987599e-03
2.293500000000000000e+03 7.620000000000000000e+02 1.524000000000000000e+03 5.091026988787585028e-02 4.794826565627166000e-06 1.099693472826590579e-02 2.160062154941511658e-01 -2.109187249845529133e-01 -6.097469956950950509e-01 5.987500609668291451e-01 -1.099693472826590579e-02
2.296500000000000000e+03 7.630000000000000000e+02 1.526000000000000000e+03 4.416592175454209235e-02 4.156169189010831912e-06 9.544642542563375187e-03 2.161087590475067877e-01 -2.124348856015549347e-01 -6.098099937721745967e-01 6.002653512296112215e-01 -9.544642542563375187e-03
2.299500000000000000e+03 7.640000000000000000e+02 1.528000000000000000e+03 5.222599460170133240e-02 4.910552360973870228e-06 1.129181515405941472e-02 2.162106292120584694e-01 -2.107513023780120121e-01 -6.098725796136509336e-01 5.985807644595915189e-01 -1.129181515405941472e-02
2.302500000000000000e+03 7.650000000000000000e+02 1.530000000000000000e+03 4.394528527887166941e-02 4.128506013733324754e-06 9.505885096620980690e-03 2.163118304113339774e-01 -2.126002477333978624e-01 -6.099347559165853028e-01 6.004288708199643221e-01 -9.505885096620980690e-03
2.305500000000000000e+03 7.660000000000000000e+02 1.532000000000000000e+03 5.349692070119568127e-02 5.021641829693867715e-06 1.157739523835921158e-02 2.164123670411641220e-01 -2.105915042785923008e-01 -6.099965253612115168e-01 5.984191301228523052e-01 -1.157739523835921158e-02
2.308500000000000000e+03 7.670000000000000000e+02 1.534000000000000000e+03 4.375401649532674464e-02 4.103651839798800863e-06 9.473280272175532701e-03 2.165122434688332986e-01 -2.127577938501759580e-01 -6.100578906103988341e-01 6.005846103382233014e-01 -9.473280272175532701e-03
2.311500000000000000e+03 7.680000000000000000e+02 1.536000000000000000e+03 5.472659236514025582e-02 5.128447888182199291e-06 1.185440729353315348e-02 2.166114640290334181e-01 -2.104386205191944026e-01 -6.101188543071627279e-01 5.982644470136295745e-01 -1.185440729353315348e-02
2.314500000000000000e+03 7.690000000000000000e+02 1.538000000000000000e+03 4.358831983720243275e-02 4.081238380574056975e-06 9.446026231838655640e-03 2.167100330345037851e-01 -2.129083476436527123e-01 -6.101794190812285246e-01 6.007333928493898689e-01 -9.446026231838655640e-03
2.317500000000000000e+03 7.700000000000000000e+02 1.540000000000000000e+03 5.591294899682747177e-02 5.230797029898987496e-06 1.212237211679090265e-02 2.168079547633721127e-01 -2.102931521015050931e-01 -6.102395875412154336e-01 5.981172154244245309e-01 -1.212237211679090265e-02
2.320500000000000000e+03 7.710000000000000000e+02 1.542000000000000000e+03 4.345378451293471778e-02 4.061776890722162120e-06 9.425353274920778013e-03 2.169052334697147144e-01 -2.130507004677860694e-01 -6.102993622811514474e-01 6.008740090062306693e-01 -9.425353274920778013e-03
2.323500000000000000e+03 7.720000000000000000e+02 1.544000000000000000e+03 5.705712759492898717e-02 5.328815828537040006e-06 1.238150357760581244e-02 2.170018733769246422e-01 -2.101549066938532828e-01 -6.103587458763917173e-01 5.979772422987859049e-01 -1.238150357760581244e-02
2.326500000000000000e+03 7.730000000000000000e+02 1.546000000000000000e+03 4.334547919053334530e-02 4.044793287214722544e-06 9.410211582705052535e-03 2.170978786816652184e-01 -2.131859234135422554e-01 -6.104177408860317344e-01 6.010075293033266819e-01 -9.410211582705052535e-03
2.329500000000000000e+03 7.740000000000000000e+02 1.548000000000000000e+03 5.814233101561507022e-02 5.420958163750686574e-06 1.262812204245722381e-02 2.171932535533488695e-01 -2.100275850296615954e-01 -6.104763498526163401e-01 5.978482278101591163e-01 -1.262812204245722381e-02
2.332500000000000000e+03 7.750000000000000000e+02 1.550000000000000000e+03 4.328185168440808889e-02 4.031994461346299915e-06 9.404627081090244367e-03 2.172880021322696753e-01 -2.133100117437474186e-01 -6.105345753009588927e-01 6.011299482198686484e-01 -9.404627081090244367e-03
2.335500000000000000e+03 7.760000000000000000e+02 1.552000000000000000e+03 5.918688965580781725e-02 5.508958276460808745e-06 1.286617205467421865e-02 2.173821285337926568e-01 -2.099072636841893824e-01 -6.105924197407412990e-01 5.977262476860670803e-01 -1.286617205467421865e-02
2.338500000000000000e+03 7.770000000000000000e+02 1.554000000000000000e+03 4.324611084396692146e-02 4.021798373663918084e-06 9.404975496813072766e-03 2.174756368438879039e-01 -2.134266103432052586e-01 -6.106498856637547767e-01 6.012449101669417040e-01 -9.404975496813072766e-03
2.341500000000000000e+03 7.780000000000000000e+02 1.556000000000000000e+03 6.017579744512000645e-02 5.591441323591569955e-06 1.309235985918966172e-02 2.175685311213336470e-01 -2.097972569706425816e-01 -6.107069755452455562e-01 5.976146156860558945e-01 -1.309235985918966172e-02
2.344500000000000000e+03 7.790000000000000000e+02 1.558000000000000000e+03 4.325294960213036527e-02 4.015556527569644580e-06 9.414472278887031642e-03 2.176608154007451668e-01 -2.135325243594335398e-01 -6.107636918458065889e-01 6.013492195669195572e-01 -9.414472278887031642e-03
2.347500000000000000e+03 7.800000000000000000e+02 1.560000000000000000e+03 6.111244532894262449e-02 5.668748611568362369e-06 1.330738736565673097e-02 2.177524936864930483e-01 -2.096968834165300333e-01 -6.108200370075954622e-01 5.975126496419387312e-01 -1.330738736565673097e-02
2.350500000000000000e+03 7.810000000000000000e+02 1.562000000000000000e+03 4.329256620831994223e-02 4.012340853251882576e-06 9.431007175568550949e-03 2.178435699604267251e-01 -2.136298841718667907e-01 -6.108760134591282309e-01 6.014450062835596800e-01 -9.431007175568550949e-03
2.353500000000000000e+03 7.820000000000000000e+02 1.564000000000000000e+03 6.200000103286673614e-02 5.741198730314785002e-06 1.351191121179584620e-02 2.179340481725647871e-01 -2.096055065441917165e-01 -6.109316236095019281e-01 5.974197123977060819e-01 -1.351191121179584620e-02
2.356500000000000000e+03 7.830000000000000000e+02 1.566000000000000000e+03 4.337325299975126197e-02 4.012903532311648668e-06 9.456407173892400486e-03 2.180239322595109719e-01 -2.137168827984249064e-01 -6.109868698598035497e-01 6.015304626859111492e-01 -9.456407173892400486e-03
2.359500000000000000e+03 7.840000000000000000e+02 1.568000000000000000e+03 6.283410613021302160e-02 5.808412629446212844e-06 1.370494959917833988e-02 2.181132261319538579e-01 -2.095241280041933163e-01 -6.110417545953676921e-01 5.973368049961893522e-01 -1.370494959917833988e-02
2.362500000000000000e+03 7.850000000000000000e+02 1.570000000000000000e+03 4.349172687681059774e-02 4.016922287019497518e-06 9.489978903083562400e-03 2.182019336680681432e-01 -2.137942332922992406e-01 -6.110962801816866019e-01 6.016063012786030395e-01 -9.489978903083562400e-03
2.365500000000000000e+03 7.860000000000000000e+02 1.572000000000000000e+03 6.361735316109456972e-02 5.870655572649491899e-06 1.388703575710237281e-02 2.182900587193093156e-01 -2.094522342186216357e-01 -6.111504489679948637e-01 5.972634132108924909e-01 -1.388703575710237281e-02
2.368500000000000000e+03 7.870000000000000000e+02 1.574000000000000000e+03 4.364972310809366041e-02 4.024539580482298201e-06 9.532121996372322492e-03 2.183776051171524846e-01 -2.138615554641454253e-01 -6.112042632914436169e-01 6.016721412950712944e-01 -9.532121996372322492e-03
2.371500000000000000e+03 7.880000000000000000e+02 1.576000000000000000e+03 6.434167709483160080e-02 5.927209465762118430e-06 1.405637724805486322e-02 2.184645766590373184e-01 -2.093916369257314836e-01 -6.112577254683930761e-01 5.972013482203382129e-01 -1.405637724805486322e-02
2.374500000000000000e+03 7.890000000000000000e+02 1.578000000000000000e+03 4.384779813489224354e-02 4.035788219467172665e-06 9.582979127124802154e-03 2.185509771241869459e-01 -2.139187258141873327e-01 -6.113108378042120261e-01 6.017278586770872240e-01 -9.582979127124802154e-03
2.377500000000000000e+03 7.900000000000000000e+02 1.580000000000000000e+03 6.501675730893782812e-02 5.978993241630126652e-06 1.421505643197562563e-02 2.186368102677044567e-01 -2.093402729333769807e-01 -6.113636025896129755e-01 5.971485461576373499e-01 -1.421505643197562563e-02
2.380500000000000000e+03 7.910000000000000000e+02 1.582000000000000000e+03 4.408660807876108728e-02 4.050709771444247608e-06 9.642714610923031060e-03 2.187220798138120037e-01 -2.139655989528430335e-01 -6.114160220964691694e-01 6.017733074855461384e-01 -9.642714610923031060e-03
2.383500000000000000e+03 7.920000000000000000e+02 1.584000000000000000e+03 6.563734964170950259e-02 6.025549714386226565e-06 1.436189774423957122e-02 2.188067894672159064e-01 -2.092993366160562363e-01 -6.114680985848450767e-01 5.971062008406055055e-01 -1.436189774423957122e-02
2.386500000000000000e+03 7.930000000000000000e+02 1.586000000000000000e+03 4.436383047829083742e-02 4.069072149335144057e-06 9.710840684388322153e-03 2.188909429076522362e-01 -2.140026812952980362e-01 -6.115198342996350789e-01 6.018089936152467567e-01 -9.710840684388322153e-03
2.389500000000000000e+03 7.940000000000000000e+02 1.588000000000000000e+03 6.621042733418039394e-02 6.067544724678224322e-06 1.449839811961861624e-02 2.189745437896302716e-01 -2.092673496833290236e-01 -6.115712314703691810e-01 5.970728333507505647e-01 -1.449839811961861624e-02
2.392500000000000000e+03 7.950000000000000000e+02 1.590000000000000000e+03 4.467798539760880344e-02 4.090721865792479447e-06 9.787052063908507904e-03 2.190575957445099475e-01 -2.140302965423591108e-01 -6.116222923125347322e-01 6.018352402486262243e-01 -9.787052063908507904e-03
2.395500000000000000e+03 7.960000000000000000e+02 1.592000000000000000e+03 6.672643571597225431e-02 6.104127720384726071e-06 1.462243795418161074e-02 2.191401023789653624e-01 -2.092464500269546890e-01 -6.116730190265931011e-01 5.970505810724114903e-01 -1.462243795418161074e-02
2.398500000000000000e+03 7.970000000000000000e+02 1.594000000000000000e+03 4.503529765479133418e-02 4.116210570025102338e-06 9.872731052205208080e-03 2.192220672744868981e-01 -2.140470806124146752e-01 -6.117234137976903519e-01 6.018506827454851438e-01 -9.872731052205208080e-03
2.401500000000000000e+03 7.980000000000000000e+02 1.596000000000000000e+03 6.718625841538204690e-02 6.135407544855238153e-06 1.473418121896985511e-02 2.193034939953810436e-01 -2.092364917898854038e-01 -6.117734788005995128e-01 5.970392975816296577e-01 -1.473418121896985511e-02
2.404500000000000000e+03 7.990000000000000000e+02 1.598000000000000000e+03 4.543590474889905306e-02 4.145530492427535244e-06 9.967928069042009120e-03 2.193843860737369755e-01 -2.140530010297442831e-01 -6.118232161904162414e-01 6.018552881213742323e-01 -9.967928069042009120e-03
2.407500000000000000e+03 8.000000000000000000e+02 1.600000000000000000e+03 6.760062984353998328e-02 6.162390499445935759e-06 1.483595512741608946e-02 2.194647470260787103e-01 -2.092351656937200821e-01 -6.118726281128522571e-01 5.970366729854361676e-01 -1.483595512741608946e-02
