# total_time tau_hot tau_cold eta power W_out Q_hot Q_cold W_comp W_exp W_net
1.060500000000000000e+03 3.510000000000000000e+02 7.020000000000000000e+02 6.847065903917567420e-01 1.009695558479332619e-04 1.070782139767332275e-01 1.563855459832336758e-01 -1.358619727602520533e-01 -6.363385690428264851e-01 5.292603550660932576e-01 -1.070782139767332275e-01
1.063500000000000000e+03 3.520000000000000000e+02 7.040000000000000000e+02 6.847059089159557299e-01 1.018571554348596828e-04 1.083250848049732706e-01 1.582067328387400384e-01 -1.358788026903963719e-01 -6.375886125765961587e-01 5.292635277716228881e-01 -1.083250848049732706e-01
1.066500000000000000e+03 3.530000000000000000e+02 7.060000000000000000e+02 6.847081297091723862e-01 1.027330724307992671e-04 1.095648217474474162e-01 1.600168261387296953e-01 -1.358952066971289285e-01 -6.388304762374098500e-01 5.292656544899624338e-01 -1.095648217474474162e-01
1.069500000000000000e+03 3.540000000000000000e+02 7.080000000000000000e+02 6.847092207793500362e-01 1.035968455538671061e-04 1.107968263198608749e-01 1.618158817749666967e-01 -1.359118114548042155e-01 -6.400642135513625597e-01 5.292673872315016848e-01 -1.107968263198608749e-01
1.072500000000000000e+03 3.550000000000000000e+02 7.100000000000000000e+02 6.847095515689313183e-01 1.044486629947217316e-04 1.120211910618390538e-01 1.636039555825615222e-01 -1.359285595277836267e-01 -6.412898776939920387e-01 5.292686866321529848e-01 -1.120211910618390538e-01
1.075500000000000000e+03 3.560000000000000000e+02 7.120000000000000000e+02 6.847123011832548789e-01 1.052891453618089217e-04 1.132384758366254962e-01 1.653811033348422388e-01 -1.359449305413958087e-01 -6.425075214925691780e-01 5.292690456559436818e-01 -1.132384758366254962e-01
1.078500000000000000e+03 3.570000000000000000e+02 7.140000000000000000e+02 6.847109124078213371e-01 1.061174182435896781e-04 1.144476355757114705e-01 1.671473807438681458e-01 -1.359619940681609240e-01 -6.437171974322675183e-01 5.292695618565560478e-01 -1.144476355757114705e-01
1.081500000000000000e+03 3.580000000000000000e+02 7.160000000000000000e+02 6.847153062312489880e-01 1.069351476431657107e-04 1.156503621760837097e-01 1.689028434498368036e-01 -1.359781081583224527e-01 -6.449189576543683522e-01 5.292685954782846425e-01 -1.156503621760837097e-01
1.084500000000000000e+03 3.590000000000000000e+02 7.180000000000000000e+02 6.847122066279349717e-01 1.077403950866253571e-04 1.168444584714452006e-01 1.706475470137736039e-01 -1.359954842824793730e-01 -6.461128539567196905e-01 5.292683954852744899e-01 -1.168444584714452006e-01
1.087500000000000000e+03 3.600000000000000000e+02 7.200000000000000000e+02 6.847181370376013154e-01 1.085358819897398318e-04 1.180327716638420732e-01 1.723815469157936042e-01 -1.360113352915121865e-01 -6.472989377980081782e-01 5.292661661341661050e-01 -1.180327716638420732e-01
1.090500000000000000e+03 3.610000000000000000e+02 7.220000000000000000e+02 6.847134206587353056e-01 1.093186250710224613e-04 1.192119606399499876e-01 1.741048985504927704e-01 -1.360290069953671299e-01 -6.484772602998705171e-01 5.292652996599205295e-01 -1.192119606399499876e-01
1.093500000000000000e+03 3.620000000000000000e+02 7.240000000000000000e+02 6.847207683016013346e-01 1.100923651892136561e-04 1.203860013344051350e-01 1.758176572225399470e-01 -1.360445928368820834e-01 -6.496478722491033642e-01 5.292618709146982292e-01 -1.203860013344051350e-01
1.096500000000000000e+03 3.630000000000000000e+02 7.260000000000000000e+02 6.847146202825387107e-01 1.108531290057273016e-04 1.215504559547799790e-01 1.775198781422598349e-01 -1.360625266007574607e-01 -6.508108240997494409e-01 5.292603681449694619e-01 -1.215504559547799790e-01
1.099500000000000000e+03 3.640000000000000000e+02 7.280000000000000000e+02 6.847232559100302485e-01 1.116056039045392769e-04 1.227103614930409314e-01 1.792116164215175333e-01 -1.360778489015036785e-01 -6.519661659753200889e-01 5.292558044822791574e-01 -1.227103614930409314e-01
1.102500000000000000e+03 3.650000000000000000e+02 7.300000000000000000e+02 6.847157751485744015e-01 1.123448895938606326e-04 1.238602407772313452e-01 1.808929270694183966e-01 -1.360960251412289823e-01 -6.531139476707250591e-01 5.292537068934937139e-01 -1.238602407772313452e-01
1.105500000000000000e+03 3.660000000000000000e+02 7.320000000000000000e+02 6.847256069399213496e-01 1.130765746354391260e-04 1.250061532594779479e-01 1.825638649883969400e-01 -1.361110809143124545e-01 -6.542542186544992866e-01 5.292480653950213387e-01 -1.250061532594779479e-01
1.108500000000000000e+03 3.670000000000000000e+02 7.340000000000000000e+02 6.847168904595590799e-01 1.137948727968948450e-04 1.261416164953579333e-01 1.842244849702713017e-01 -1.361294798264087447e-01 -6.553870280708267160e-01 5.292454115754687827e-01 -1.261416164953579333e-01
1.111500000000000000e+03 3.680000000000000000e+02 7.360000000000000000e+02 6.847278301328229011e-01 1.145062321442402503e-04 1.272736770283230401e-01 1.858748416924058677e-01 -1.361442671025578921e-01 -6.565124247415998759e-01 5.292387477132768359e-01 -1.272736770283230401e-01
1.114500000000000000e+03 3.690000000000000000e+02 7.380000000000000000e+02 6.847180332985501883e-01 1.152040331726241564e-04 1.283948949708896281e-01 1.875149897138856103e-01 -1.361628574857872698e-01 -6.576304571683813105e-01 5.292355621974916824e-01 -1.283948949708896281e-01
1.117500000000000000e+03 3.700000000000000000e+02 7.400000000000000000e+02 6.847299077999495776e-01 1.158955052292228523e-04 1.295132270936565355e-01 1.891449834720744794e-01 -1.361773916914015004e-01 -6.587411735345551911e-01 5.292279464408986556e-01 -1.295132270936565355e-01
1.120500000000000000e+03 3.710000000000000000e+02 7.420000000000000000e+02 6.847190280459266587e-01 1.165732631606197030e-04 1.306203413714743800e-01 1.907648773019247623e-01 -1.361961711712659784e-01 -6.598446217233274735e-01 5.292242803518530936e-01 -1.306203413714743800e-01
1.123500000000000000e+03 3.720000000000000000e+02 7.440000000000000000e+02 6.847319040380926980e-01 1.172453155501816533e-04 1.317251120206290871e-01 1.923747254126791928e-01 -1.362104246278184327e-01 -6.609408493057997713e-01 5.292157372851706842e-01 -1.317251120206290871e-01
1.126500000000000000e+03 3.730000000000000000e+02 7.460000000000000000e+02 6.847200622882426702e-01 1.179034955876171403e-04 1.328182877794507055e-01 1.939745818686687828e-01 -1.362293673947396755e-01 -6.620299035318482073e-01 5.292116157523975017e-01 -1.328182877794507055e-01
1.129500000000000000e+03 3.740000000000000000e+02 7.480000000000000000e+02 6.847337665758294056e-01 1.185565445814802064e-04 1.339096171047818862e-01 1.955645006006175302e-01 -1.362433586846845679e-01 -6.631118313423124411e-01 5.292022142375305549e-01 -1.339096171047818862e-01
1.132500000000000000e+03 3.750000000000000000e+02 7.500000000000000000e+02 6.847210768111092749e-01 1.191956013847368087e-04 1.349890185682144361e-01 1.971445354024836116e-01 -1.362624396174034191e-01 -6.641866793708915973e-01 5.291976608026771611e-01 -1.349890185682144361e-01
1.135500000000000000e+03 3.760000000000000000e+02 7.520000000000000000e+02 6.847355210967407402e-01 1.198300669261195633e-04 1.360670409946087567e-01 1.987147399285934535e-01 -1.362761729463464466e-01 -6.652544939462834428e-01 5.291874529516746861e-01 -1.360670409946087567e-01
1.138500000000000000e+03 3.770000000000000000e+02 7.540000000000000000e+02 6.847220746503092093e-01 1.204504420923080611e-04 1.371328283220927258e-01 2.002751676906679434e-01 -1.362953707040531481e-01 -6.663153210940915283e-01 5.291824927719988025e-01 -1.371328283220927258e-01
1.141500000000000000e+03 3.780000000000000000e+02 7.560000000000000000e+02 6.847371723315104353e-01 1.210667340642226653e-04 1.381976769343101763e-01 2.018258720550412666e-01 -1.363088513496471810e-01 -6.673692065388365791e-01 5.291715296045264028e-01 -1.381976769343101763e-01
1.144500000000000000e+03 3.790000000000000000e+02 7.580000000000000000e+02 6.847230585227682687e-01 1.216688598015711417e-04 1.392500100428981646e-01 2.033669062399011684e-01 -1.363281445276248727e-01 -6.684161957058715187e-01 5.291661856629733540e-01 -1.392500100428981646e-01
1.147500000000000000e+03 3.800000000000000000e+02 7.600000000000000000e+02 6.847387250246320667e-01 1.222673780108311738e-04 1.403018162674287694e-01 2.048983227323410150e-01 -1.363413787132864707e-01 -6.694563333179323061e-01 5.291545170505035367e-01 -1.403018162674287694e-01
1.150500000000000000e+03 3.810000000000000000e+02 7.620000000000000000e+02 6.847240309960300753e-01 1.228516773096886068e-04 1.413408547447967401e-01 2.064201756424351442e-01 -1.363607459033318314e-01 -6.704896650436005245e-01 5.291488102988037845e-01 -1.413408547447967401e-01
1.153500000000000000e+03 3.820000000000000000e+02 7.640000000000000000e+02 6.847401836944790876e-01 1.234328131594679087e-04 1.423797499794462462e-01 2.079325171355417001e-01 -1.363737407343574848e-01 -6.715162350081655962e-01 5.291364850287193500e-01 -1.423797499794462462e-01
1.156500000000000000e+03 3.830000000000000000e+02 7.660000000000000000e+02 6.847249940471279439e-01 1.239996998607864468e-04 1.434056528889995352e-01 2.094353998112259418e-01 -1.363931606302933863e-01 -6.725360874594764615e-01 5.291304345704769263e-01 -1.434056528889995352e-01
1.159500000000000000e+03 3.840000000000000000e+02 7.680000000000000000e+02 6.847415524990766444e-01 1.245638344916847717e-04 1.444317660931084824e-01 2.109288761080455044e-01 -1.364059240067949375e-01 -6.735492663555876502e-01 5.291175002624791679e-01 -1.444317660931084824e-01
1.162500000000000000e+03 3.850000000000000000e+02 7.700000000000000000e+02 6.847259496329598516e-01 1.251137135278884054e-04 1.454446919761702706e-01 2.124129983011953382e-01 -1.364253753656364532e-01 -6.745558153665428547e-01 5.291111233903725841e-01 -1.454446919761702706e-01
1.165500000000000000e+03 3.860000000000000000e+02 7.720000000000000000e+02 6.847428351018589598e-01 1.256612194196293319e-04 1.464581512335779712e-01 2.138878185001988064e-01 -1.364379160048687090e-01 -6.755557778761817067e-01 5.290976266426037355e-01 -1.464581512335779712e-01
1.168500000000000000e+03 3.870000000000000000e+02 7.740000000000000000e+02 6.847268991842234698e-01 1.261944869806931211e-04 1.474582580369399043e-01 2.153533886468023129e-01 -1.364573776822950724e-01 -6.765491969840189412e-01 5.290909389470790369e-01 -1.474582580369399043e-01
1.171500000000000000e+03 3.880000000000000000e+02 7.760000000000000000e+02 6.847440355377744092e-01 1.267257280047176570e-04 1.484591903575267491e-01 2.168097605128199712e-01 -1.364697048736084883e-01 -6.775361155070025454e-01 5.290769251494757963e-01 -1.484591903575267491e-01
1.174500000000000000e+03 3.890000000000000000e+02 7.780000000000000000e+02 6.847278441841527785e-01 1.272427716433604139e-04 1.494466352951268062e-01 2.182569856980055567e-01 -1.364891559205054783e-01 -6.785165759812581410e-01 5.290699406861313348e-01 -1.494466352951268062e-01
1.177500000000000000e+03 3.900000000000000000e+02 7.800000000000000000e+02 6.847451569631787249e-01 1.277581031293746746e-04 1.504351664348386741e-01 2.196951156281461981e-01 -1.365012796636189685e-01 -6.794906206639360624e-01 5.290554542290973883e-01 -1.504351664348386741e-01
1.180500000000000000e+03 3.910000000000000000e+02 7.820000000000000000e+02 6.847287861882780380e-01 1.282593020976294977e-04 1.514101061262516090e-01 2.211242015530201221e-01 -1.365206991493244371e-01 -6.804582915348433847e-01 5.290481854085917757e-01 -1.514101061262516090e-01
1.183500000000000000e+03 3.920000000000000000e+02 7.840000000000000000e+02 6.847462030179864989e-01 1.287590711387850669e-04 1.523863606927521319e-01 2.225442945446304832e-01 -1.365326300107652102e-01 -6.814196302983341891e-01 5.290332696055820572e-01 -1.523863606927521319e-01
1.186500000000000000e+03 3.930000000000000000e+02 7.860000000000000000e+02 6.847297259356907029e-01 1.292447963049086883e-04 1.533489508157741543e-01 2.239554454952589202e-01 -1.365519973314039959e-01 -6.823746783848638753e-01 5.290257275690897210e-01 -1.533489508157741543e-01
1.189500000000000000e+03 3.940000000000000000e+02 7.880000000000000000e+02 6.847471768658632829e-01 1.297293420453762120e-04 1.543130523629749895e-01 2.253577051157433786e-01 -1.365637463137842900e-01 -6.833234769527793961e-01 5.290104245898044066e-01 -1.543130523629749895e-01
1.192500000000000000e+03 3.950000000000000000e+02 7.900000000000000000e+02 6.847306642847393876e-01 1.301999561580704221e-04 1.552634477184989814e-01 2.267511239337953732e-01 -1.365830410925331639e-01 -6.842660668900119036e-01 5.290026191715129222e-01 -1.552634477184989814e-01
1.195500000000000000e+03 3.960000000000000000e+02 7.920000000000000000e+02 6.847480816650814983e-01 1.306696099885694537e-04 1.562155187413347690e-01 2.281357522922446979e-01 -1.365946196047587435e-01 -6.852024888156903470e-01 5.289869700743555780e-01 -1.562155187413347690e-01
1.198500000000000000e+03 3.970000000000000000e+02 7.940000000000000000e+02 6.847316089233405068e-01 1.311254691378994290e-04 1.571538747617724496e-01 2.295116403474908029e-01 -1.366138201582088041e-01 -6.861327830818113593e-01 5.289789083200389097e-01 -1.571538747617724496e-01
1.201500000000000000e+03 3.980000000000000000e+02 7.960000000000000000e+02 6.847489094566164836e-01 1.315805514637114306e-04 1.580940325836492910e-01 2.308788380679642760e-01 -1.366252440724865513e-01 -6.870569897749484456e-01 5.289629571912991546e-01 -1.580940325836492910e-01
1.204500000000000000e+03 3.990000000000000000e+02 7.980000000000000000e+02 6.847325543375235579e-01 1.320220048570004126e-04 1.590205048502569829e-01 2.322373952325207935e-01 -1.366443278583709398e-01 -6.879751487177729885e-01 5.289546438675160056e-01 -1.590205048502569829e-01
1.207500000000000000e+03 4.000000000000000000e+02 8.000000000000000000e+02 6.847497082446276639e-01 1.324628385823034169e-04 1.599488775881313662e-01 2.335873614289872002e-01 -1.366556015996145956e-01 -6.888872994706596309e-01 5.289384218825282646e-01 -1.599488775881313662e-01
1.210500000000000000e+03 4.010000000000000000e+02 8.020000000000000000e+02 6.847334593404608150e-01 1.328902109661689421e-04 1.608636003745474996e-01 2.349287860556605878e-01 -1.366745665324763381e-01 -6.897934813353502337e-01 5.289298809608027341e-01 -1.608636003745474996e-01
1.213500000000000000e+03 4.020000000000000000e+02 8.040000000000000000e+02 6.847503966896434369e-01 1.333171037547622529e-04 1.617803054064039792e-01 2.362617184137672799e-01 -1.366857045361866141e-01 -6.906937334217881919e-01 5.289134280153842127e-01 -1.617803054064039792e-01
1.216500000000000000e+03 4.030000000000000000e+02 8.060000000000000000e+02 6.847344203202037072e-01 1.337307473277183809e-04 1.626834541241694021e-01 2.375862075811719931e-01 -1.367045070218093628e-01 -6.915880945626979859e-01 5.289046404385285838e-01 -1.626834541241694021e-01
1.219500000000000000e+03 4.040000000000000000e+02 8.080000000000000000e+02 6.847510843065097719e-01 1.341440021410519249e-04 1.635886106110128191e-01 2.389023023989647609e-01 -1.367155212913839790e-01 -6.924766033067079052e-01 5.288879926956950861e-01 -1.635886106110128191e-01
1.222500000000000000e+03 4.050000000000000000e+02 8.100000000000000000e+02 6.847353515443309613e-01 1.345442241861168325e-04 1.644803140675278330e-01 2.402100515134263370e-01 -1.367341632313406330e-01 -6.933592979499673126e-01 5.288789838824394796e-01 -1.644803140675278330e-01
1.225500000000000000e+03 4.060000000000000000e+02 8.120000000000000000e+02 6.847517036566942439e-01 1.349441402573373344e-04 1.653740438853669170e-01 2.415095033750781772e-01 -1.367450621782068942e-01 -6.942362165378183070e-01 5.288621726524513900e-01 -1.653740438853669170e-01
1.228500000000000000e+03 4.070000000000000000e+02 8.140000000000000000e+02 6.847362768341590522e-01 1.353312589350773819e-04 1.662544516017425700e-01 2.428007062374597513e-01 -1.367635240328567980e-01 -6.951073968662744296e-01 5.288529452645318596e-01 -1.662544516017425700e-01
1.231500000000000000e+03 4.080000000000000000e+02 8.160000000000000000e+02 6.847522160213740383e-01 1.357181161631108727e-04 1.671368600548710504e-01 2.440837081564902755e-01 -1.367743317528316571e-01 -6.959728764838144510e-01 5.288360164289434007e-01 -1.671368600548710504e-01
1.234500000000000000e+03 4.090000000000000000e+02 8.180000000000000000e+02 6.847372517591949759e-01 1.360924617321679461e-04 1.680061440083613356e-01 2.453585569891630624e-01 -1.367925708017576070e-01 -6.968326926927246312e-01 5.288265486843632956e-01 -1.680061440083613356e-01
1.237500000000000000e+03 4.100000000000000000e+02 8.200000000000000000e+02 6.847527570105079731e-01 1.364665490040835316e-04 1.688773543925533582e-01 2.466253003928567389e-01 -1.368032926550941941e-01 -6.976868825507825944e-01 5.288095281582292362e-01 -1.688773543925533582e-01
1.240500000000000000e+03 4.110000000000000000e+02 8.220000000000000000e+02 6.847381311914385593e-01 1.368283895249799238e-04 1.697356172057375989e-01 2.478839858244772376e-01 -1.368213343562276751e-01 -6.985354828728083110e-01 5.287998656670707120e-01 -1.697356172057375989e-01
1.243500000000000000e+03 4.120000000000000000e+02 8.240000000000000000e+02 6.847532228215891248e-01 1.371899973631314452e-04 1.705957617210539512e-01 2.491346605396003999e-01 -1.368319659864900562e-01 -6.993785302321754438e-01 5.287827685111214926e-01 -1.705957617210539512e-01
1.246500000000000000e+03 4.130000000000000000e+02 8.260000000000000000e+02 6.847390752574213924e-01 1.375396469226608119e-04 1.714431698890966915e-01 2.503773715917179121e-01 -1.368497713531827142e-01 -7.002160609623413468e-01 5.287728910732446552e-01 -1.714431698890966915e-01
1.249500000000000000e+03 4.140000000000000000e+02 8.280000000000000000e+02 6.847536386991954771e-01 1.378890324882042729e-04 1.722923460940112284e-01 2.516121658313630327e-01 -1.368603420142270877e-01 -7.010481111582677061e-01 5.287557650642564777e-01 -1.722923460940112284e-01
1.252500000000000000e+03 4.150000000000000000e+02 8.300000000000000000e+02 6.847399959676530035e-01 1.382267763692371560e-04 1.731290374024695433e-01 2.528390899056641716e-01 -1.368778997476762793e-01 -7.018747166781083013e-01 5.287456792756387580e-01 -1.731290374024695433e-01
1.255500000000000000e+03 4.160000000000000000e+02 8.320000000000000000e+02 6.847085925651490435e-01 1.385323837009431644e-04 1.739274077365341453e-01 2.540166862591040076e-01 -1.368868755885026545e-01 -7.026538344430126592e-01 5.287264267064785139e-01 -1.739274077365341453e-01
1.258500000000000000e+03 4.170000000000000000e+02 8.340000000000000000e+02 6.847409771572569026e-01 1.388903423561974482e-04 1.747934958552744833e-01 2.552695131244228088e-01 -1.369056951111537190e-01 -7.035117359460006936e-01 5.287182400907262103e-01 -1.747934958552744833e-01
1.261500000000000000e+03 4.180000000000000000e+02 8.360000000000000000e+02 6.847542986842577450e-01 1.392160609037856802e-04 1.756210608301256304e-01 2.564731045392166786e-01 -1.369161954582940044e-01 -7.043222202388559339e-01 5.287011594087303035e-01 -1.756210608301256304e-01
1.264500000000000000e+03 4.190000000000000000e+02 8.380000000000000000e+02 6.847418530360466216e-01 1.395308466662947865e-04 1.764367556095297607e-01 2.576690103390564257e-01 -1.369331966585457527e-01 -7.051274009556868227e-01 5.286906453461570621e-01 -1.764367556095297607e-01
1.267500000000000000e+03 4.200000000000000000e+02 8.400000000000000000e+02 6.847546153880651465e-01 1.398451397282118706e-04 1.772537146055085389e-01 2.588572762011323580e-01 -1.369436490919119231e-01 -7.059273128317495871e-01 5.286735982262410483e-01 -1.772537146055085389e-01
1.270500000000000000e+03 4.210000000000000000e+02 8.420000000000000000e+02 6.847428192108906408e-01 1.401488526675861014e-04 1.780591173141681249e-01 2.600379475601752310e-01 -1.369603519754737098e-01 -7.067219903495711719e-01 5.286628730354030470e-01 -1.780591173141681249e-01
1.273500000000000000e+03 4.220000000000000000e+02 8.440000000000000000e+02 6.847548734780202206e-01 1.404519457727981184e-04 1.788655529416584011e-01 2.612110696389220443e-01 -1.369707970571136246e-01 -7.075114677617799774e-01 5.286459148201215763e-01 -1.788655529416584011e-01
1.276500000000000000e+03 4.230000000000000000e+02 8.460000000000000000e+02 6.847436853901117670e-01 1.407448334724785541e-04 1.796607799276188633e-01 2.623766874538793759e-01 -1.369872080061597386e-01 -7.082957790968735790e-01 5.286349991692547157e-01 -1.796607799276188633e-01
1.279500000000000000e+03 4.240000000000000000e+02 8.480000000000000000e+02 6.847551728628865630e-01 1.410370057844017103e-04 1.804568489011419974e-01 2.635348458145582717e-01 -1.369976115043438358e-01 -7.090749581603246199e-01 5.286181092591826225e-01 -1.804568489011419974e-01
1.282500000000000000e+03 4.250000000000000000e+02 8.500000000000000000e+02 6.847445925639469300e-01 1.413193185333636059e-04 1.812420260190388266e-01 2.646855893237491930e-01 -1.370137264721514314e-01 -7.098490385364293331e-01 5.286070125173905065e-01 -1.812420260190388266e-01
1.285500000000000000e+03 4.260000000000000000e+02 8.520000000000000000e+02 6.847553708383913307e-01 1.416007854623286958e-04 1.820278097118235294e-01 2.658289623766730281e-01 -1.370241282403371341e-01 -7.106180535893545924e-01 5.285902438775310630e-01 -1.820278097118235294e-01
1.288500000000000000e+03 4.270000000000000000e+02 8.540000000000000000e+02 6.847455011844549855e-01 1.418727892873282849e-04 1.828030889967224848e-01 2.669650091610889509e-01 -1.370399161298462010e-01 -7.113820364647740480e-01 5.285789474680515632e-01 -1.828030889967224848e-01
1.291500000000000000e+03 4.280000000000000000e+02 8.560000000000000000e+02 6.847555546688945949e-01 1.421437868244424983e-04 1.835787006837674706e-01 2.680937736569873886e-01 -1.370503232725946985e-01 -7.121410200912222654e-01 5.285623194074547948e-01 -1.835787006837674706e-01
1.294500000000000000e+03 4.290000000000000000e+02 8.580000000000000000e+02 6.847464535471400326e-01 1.424057332302364448e-04 1.843442216665410749e-01 2.692152996362328077e-01 -1.370657644582761736e-01 -7.128950371813720377e-01 5.285508155148309628e-01 -1.843442216665410749e-01
1.297500000000000000e+03 4.300000000000000000e+02 8.600000000000000000e+02 6.847557014621948879e-01 1.426664785127714592e-04 1.851097558703209689e-01 2.703296306625068701e-01 -1.370762017821022527e-01 -7.136441202335045420e-01 5.285343643631835731e-01 -1.851097558703209689e-01
1.300500000000000000e+03 4.310000000000000000e+02 8.620000000000000000e+02 6.847472724915385500e-01 1.429185815945183298e-04 1.858656153636710773e-01 2.714368100910804493e-01 -1.370913182143654041e-01 -7.143883015327932018e-01 5.285226861691221245e-01 -1.858656153636710773e-01
1.303500000000000000e+03 4.320000000000000000e+02 8.640000000000000000e+02 6.847558831175813987e-01 1.431693384567160067e-04 1.866212326783293074e-01 2.725368810687297527e-01 -1.371017436947027102e-01 -7.151276131527400937e-01 5.285063804744107863e-01 -1.866212326783293074e-01
1.306500000000000000e+03 4.330000000000000000e+02 8.660000000000000000e+02 6.847481658447946984e-01 1.434118353800744683e-04 1.873675629240673102e-01 2.736298865334034769e-01 -1.371165210227034137e-01 -7.158620869562899447e-01 5.284945240322226345e-01 -1.873675629240673102e-01
1.309500000000000000e+03 4.340000000000000000e+02 8.680000000000000000e+02 6.847559584057499871e-01 1.436527898536016856e-04 1.881133283132914169e-01 2.747158692145698078e-01 -1.371269869260851315e-01 -7.165917545975348801e-01 5.284784262842434632e-01 -1.881133283132914169e-01
1.312500000000000000e+03 4.350000000000000000e+02 8.700000000000000000e+02 6.847490531929361079e-01 1.438859255053721376e-04 1.888502772258009443e-01 2.757948716324696292e-01 -1.371413941698282624e-01 -7.173166475225138949e-01 5.284663702967129506e-01 -1.888502772258009443e-01
1.315500000000000000e+03 4.360000000000000000e+02 8.720000000000000000e+02 6.847560445231406501e-01 1.441172999028639658e-04 1.895863080222175423e-01 2.768669360987446870e-01 -1.371518995664154361e-01 -7.180367969709953169e-01 5.284504889487777746e-01 -1.895863080222175423e-01
1.318500000000000000e+03 4.370000000000000000e+02 8.740000000000000000e+02 6.847499112238507601e-01 1.443412848261057407e-04 1.903139840432204188e-01 2.779321047345197915e-01 -1.371659440802767693e-01 -7.187522339903020807e-01 5.284382499470816619e-01 -1.903139840432204188e-01
1.321500000000000000e+03 4.380000000000000000e+02 8.760000000000000000e+02 6.847562065978654022e-01 1.445633154060684553e-04 1.910404213091194681e-01 2.789904194637131130e-01 -1.371764634111238557e-01 -7.194629894319928276e-01 5.284225681228733595e-01 -1.910404213091194681e-01
1.324500000000000000e+03 4.390000000000000000e+02 8.780000000000000000e+02 6.847506946947047313e-01 1.447783319143460532e-04 1.917589006205513424e-01 2.800419219816152605e-01 -1.371901837362654586e-01 -7.201690939313341033e-01 5.284101933107827609e-01 -1.917589006205513424e-01
1.327500000000000000e+03 4.400000000000000000e+02 8.800000000000000000e+02 6.847562884129484440e-01 1.449912269392956651e-04 1.924758537619150056e-01 2.810866537757747419e-01 -1.372007219645080545e-01 -7.208705779230228927e-01 5.283947241611078871e-01 -1.924758537619150056e-01
1.330500000000000000e+03 4.410000000000000000e+02 8.820000000000000000e+02 6.847515769623389037e-01 1.451975221210777224e-04 1.931853031820939259e-01 2.821246561257924057e-01 -1.372140652371771630e-01 -7.215674716422552093e-01 5.283821684601612834e-01 -1.931853031820939259e-01
1.333500000000000000e+03 4.420000000000000000e+02 8.840000000000000000e+02 6.847563223703114765e-01 1.454014553771975650e-04 1.938928407454929559e-01 2.831559701038248167e-01 -1.372246670198089546e-01 -7.222598051262640872e-01 5.283669643807711314e-01 -1.938928407454929559e-01
1.336500000000000000e+03 4.430000000000000000e+02 8.860000000000000000e+02 6.847523775148031122e-01 1.455992267400146758e-04 1.945933665380296107e-01 2.841806365744569685e-01 -1.372376397101691681e-01 -7.229476082154193683e-01 5.283542416773897576e-01 -1.945933665380296107e-01
1.339500000000000000e+03 4.440000000000000000e+02 8.880000000000000000e+02 6.847563805864829156e-01 1.457944210185551769e-04 1.952916269543546468e-01 2.851986961948284049e-01 -1.372482790056142044e-01 -7.236309105544387332e-01 5.283392836000840864e-01 -1.952916269543546468e-01
1.342500000000000000e+03 4.450000000000000000e+02 8.900000000000000000e+02 6.847531660218324490e-01 1.459838609680884098e-04 1.959833333496586727e-01 2.862101894150424486e-01 -1.372608885799930234e-01 -7.243097415938097861e-01 5.283264082441511134e-01 -1.959833333496586727e-01
1.345500000000000000e+03 4.460000000000000000e+02 8.920000000000000000e+02 6.847564291532031167e-01 1.461705127823150819e-04 1.966724249486049292e-01 2.872151564780747179e-01 -1.372715683182752777e-01 -7.249841305908459876e-01 5.283117056422410585e-01 -1.966724249486049292e-01
1.348500000000000000e+03 4.470000000000000000e+02 8.940000000000000000e+02 6.847539574284609021e-01 1.463518196575539832e-04 1.973554288082115526e-01 2.882136374200219286e-01 -1.372838086138346014e-01 -7.256541066109116755e-01 5.282986778027001229e-01 -1.973554288082115526e-01
1.351500000000000000e+03 4.480000000000000000e+02 8.960000000000000000e+02 6.847564856422024837e-01 1.465301218163340058e-04 1.980354596347754237e-01 2.892056720704833106e-01 -1.372945309690680182e-01 -7.263196985287756480e-01 5.282842388940002243e-01 -1.980354596347754237e-01
1.354500000000000000e+03 4.490000000000000000e+02 8.980000000000000000e+02 6.847547211092587238e-01 1.467034793176884668e-04 1.987098627358090397e-01 2.901913000525382369e-01 -1.373064098250534881e-01 -7.269809350296356776e-01 5.282710722938266379e-01 -1.987098627358090397e-01
1.357500000000000000e+03 4.500000000000000000e+02 9.000000000000000000e+02 6.847565683605524312e-01 1.468736309462144929e-04 1.993809540094861887e-01 2.911705607831481801e-01 -1.373171627901804970e-01 -7.276378446104014852e-01 5.282568906009152965e-01 -1.993809540094861887e-01
1.360500000000000000e+03 4.510000000000000000e+02 9.020000000000000000e+02 6.847554167412172044e-01 1.470392058959817550e-04 2.000468396214831746e-01 2.921434934732102806e-01 -1.373287054630082660e-01 -7.282904555807652169e-01 5.282436159592820424e-01 -2.000468396214831746e-01
1.363500000000000000e+03 4.520000000000000000e+02 9.040000000000000000e+02 6.847566047433416569e-01 1.472013951710093751e-04 2.007091023156712950e-01 2.931101371280682155e-01 -1.373394862017960905e-01 -7.289387960645168363e-01 5.282296937488455413e-01 -2.007091023156712950e-01
1.366500000000000000e+03 4.530000000000000000e+02 9.060000000000000000e+02 6.847561401403461367e-01 1.473593863349784226e-04 2.013666014267480042e-01 2.940705305475265208e-01 -1.373506693152124480e-01 -7.295828940005310015e-01 5.282162925737829973e-01 -2.013666014267480042e-01
1.369500000000000000e+03 4.540000000000000000e+02 9.080000000000000000e+02 6.847566342331707911e-01 1.475137853448092262e-04 2.020201290297162222e-01 2.950247123285629769e-01 -1.373614913834649010e-01 -7.302227771455763738e-01 5.282026481158601516e-01 -2.020201290297162222e-01
1.372500000000000000e+03 4.550000000000000000e+02 9.100000000000000000e+02 6.847568675485470324e-01 1.476643739478137826e-04 2.026693532433744283e-01 2.959727209001022930e-01 -1.373723098741685411e-01 -7.308584730993005207e-01 5.281891198559260925e-01 -2.026693532433744283e-01
1.375500000000000000e+03 4.560000000000000000e+02 9.120000000000000000e+02 6.847566757599579113e-01 1.478111600834834953e-04 2.033142506948315553e-01 2.969145944713703633e-01 -1.373831744278143918e-01 -7.314900092694214262e-01 5.281757585745898709e-01 -2.033142506948315553e-01
1.378500000000000000e+03 4.570000000000000000e+02 9.140000000000000000e+02 6.847575806713588342e-01 1.479545153963154425e-04 2.039552994738208502e-01 2.978503710376690927e-01 -1.373936343330276755e-01 -7.321174128766284595e-01 5.281621134028076092e-01 -2.039552994738208502e-01
1.381500000000000000e+03 4.580000000000000000e+02 9.160000000000000000e+02 6.847566932521631511e-01 1.480938583688870297e-04 2.045916653366174343e-01 2.987800883915947558e-01 -1.374045478140012433e-01 -7.327407109632075866e-01 5.281490456265901523e-01 -2.045916653366174343e-01
1.384500000000000000e+03 4.590000000000000000e+02 9.180000000000000000e+02 6.847582472418319854e-01 1.482301465572146424e-04 2.052246379084636807e-01 2.997037841239548195e-01 -1.374146543315690194e-01 -7.333599303945229630e-01 5.281352924860592823e-01 -2.052246379084636807e-01
1.387500000000000000e+03 4.600000000000000000e+02 9.200000000000000000e+02 6.847567408339670925e-01 1.483622310400553330e-04 2.058525955680767794e-01 3.006214956239325886e-01 -1.374255973688242038e-01 -7.339750978599961506e-01 5.281225022919193712e-01 -2.058525955680767794e-01
1.390500000000000000e+03 4.610000000000000000e+02 9.220000000000000000e+02 6.847588914375845048e-01 1.484916079854370591e-04 2.064775809037502352e-01 3.015332600797204776e-01 -1.374353648887461088e-01 -7.345862398743725485e-01 5.281086589706223133e-01 -2.064775809037502352e-01
1.393500000000000000e+03 4.620000000000000000e+02 9.240000000000000000e+02 6.847567900940288999e-01 1.486166036809211848e-04 2.070972372293636843e-01 3.024391144787708652e-01 -1.374463335429884914e-01 -7.351933827786805153e-01 5.280961455493168311e-01 -2.070972372293636843e-01
1.396500000000000000e+03 4.630000000000000000e+02 9.260000000000000000e+02 6.847595151474085151e-01 1.487392280945638531e-04 2.077143320340584243e-01 3.033390956083956702e-01 -1.374557677015540991e-01 -7.357965527414598306e-01 5.280822207074014063e-01 -2.077143320340584243e-01
1.399500000000000000e+03 4.640000000000000000e+02 9.280000000000000000e+02 6.847568441270804884e-01 1.488573014214594759e-04 2.083257933393325434e-01 3.042332400560430750e-01 -1.374667575454488200e-01 -7.363957757597406895e-01 5.280699824204081461e-01 -2.083257933393325434e-01
1.402500000000000000e+03 4.650000000000000000e+02 9.300000000000000000e+02 6.847601172199588859e-01 1.489733274652870355e-04 2.089350917700650845e-01 3.051215842101254738e-01 -1.374758654832437810e-01 -7.369910776603493252e-01 5.280559858902842407e-01 -2.089350917700650845e-01
1.405500000000000000e+03 4.660000000000000000e+02 9.320000000000000000e+02 6.847569038250000961e-01 1.490846418187805609e-04 2.095384640762960604e-01 3.060041642600901390e-01 -1.374868713403660236e-01 -7.375824841007432298e-01 5.280440200244471693e-01 -2.095384640762960604e-01
1.408500000000000000e+03 4.670000000000000000e+02 9.340000000000000000e+02 6.847606970925623759e-01 1.491942197910478107e-04 2.101400585756908468e-01 3.068810161972325146e-01 -1.374956608722251172e-01 -7.381700205702890205e-01 5.280299619945981737e-01 -2.101400585756908468e-01
1.411500000000000000e+03 4.680000000000000000e+02 9.360000000000000000e+02 6.847569700973068496e-01 1.492989354954994176e-04 2.107354474518974286e-01 3.077521758149479592e-01 -1.375066769781034259e-01 -7.387537123911624981e-01 5.280182649392650696e-01 -2.107354474518974286e-01
1.414500000000000000e+03 4.690000000000000000e+02 9.380000000000000000e+02 6.847612545087972125e-01 1.494022119736487884e-04 2.113294288367262297e-01 3.086176787095235019e-01 -1.375151565066740911e-01 -7.393335847195963151e-01 5.280041558828700854e-01 -2.113294288367262297e-01
1.417500000000000000e+03 4.700000000000000000e+02 9.400000000000000000e+02 6.847570436309721176e-01 1.495004862417551679e-04 2.119169392476879521e-01 3.094775602803346848e-01 -1.375261766625294479e-01 -7.399096625467134203e-01 5.279927232990254682e-01 -2.119169392476879521e-01
1.420500000000000000e+03 4.710000000000000000e+02 9.420000000000000000e+02 6.847617895388143916e-01 1.495976042808368873e-04 2.125033968809287854e-01 3.103318557305152492e-01 -1.375343550087411715e-01 -7.404819706996892403e-01 5.279785738187604549e-01 -2.125033968809287854e-01
1.423500000000000000e+03 4.720000000000000000e+02 9.440000000000000000e+02 6.847571257926137189e-01 1.496895913654812925e-04 2.130831333087626067e-01 3.111806000735174438e-01 -1.375453724663595612e-01 -7.410505338469097758e-01 5.279674005381471691e-01 -2.130831333087626067e-01
1.426500000000000000e+03 4.730000000000000000e+02 9.460000000000000000e+02 6.847623003890854765e-01 1.497806900358755993e-04 2.136621543361765241e-01 3.120238281441203299e-01 -1.375532596573222355e-01 -7.416153765062517556e-01 5.279532221700752315e-01 -2.136621543361765241e-01
1.429500000000000000e+03 4.740000000000000000e+02 9.480000000000000000e+02 6.847572167766116102e-01 1.498665414743916013e-04 2.142342210376427802e-01 3.128615745681617710e-01 -1.375642668972714422e-01 -7.421765230248055234e-01 5.279423019871627432e-01 -2.142342210376427802e-01
1.432500000000000000e+03 4.750000000000000000e+02 9.500000000000000000e+02 6.847627878068442975e-01 1.499517567367183470e-04 2.148058915253490131e-01 3.136938737768278918e-01 -1.375718730186640260e-01 -7.427339975893991753e-01 5.279281060640501622e-01 -2.148058915253490131e-01
1.435500000000000000e+03 4.760000000000000000e+02 9.520000000000000000e+02 6.847573180890172972e-01 1.500316211123988862e-04 2.153703921068486071e-01 3.145207600086587507e-01 -1.375828621224769455e-01 -7.432878242285780868e-01 5.279174321217294796e-01 -2.153703921068486071e-01
1.438500000000000000e+03 4.770000000000000000e+02 9.540000000000000000e+02 6.847632546370814310e-01 1.501110860534127678e-04 2.159347972878342681e-01 3.153422673100031437e-01 -1.375901970587365963e-01 -7.438380268135180717e-01 5.279032295256838037e-01 -2.159347972878342681e-01
1.441500000000000000e+03 4.780000000000000000e+02 9.560000000000000000e+02 6.847574294817985185e-01 1.501851082330100918e-04 2.164918335178840358e-01 3.161584295357230401e-01 -1.376011609196185481e-01 -7.443846290591322745e-01 5.278927955412482387e-01 -2.164918335178840358e-01
1.444500000000000000e+03 4.790000000000000000e+02 9.580000000000000000e+02 6.847636954652118746e-01 1.502589517211731806e-04 2.170490557612346771e-01 3.169692803497369815e-01 -1.376082363973924472e-01 -7.449276545249863268e-01 5.278785987637516497e-01 -2.170490557612346771e-01
1.447500000000000000e+03 4.800000000000000000e+02 9.600000000000000000e+02 6.847575470959873511e-01 1.503272739368689153e-04 2.175987290236177651e-01 3.177748532257000380e-01 -1.376191672747742456e-01 -7.454671266163703791e-01 5.278683975927526140e-01 -2.175987290236177651e-01
1.450500000000000000e+03 4.810000000000000000e+02 9.620000000000000000e+02 6.847641148748615514e-01 1.503956236780694747e-04 2.181488521450397622e-01 3.185751814475642485e-01 -1.376259925645595128e-01 -7.460030685852246934e-01 5.278542164401849313e-01 -2.181488521450397622e-01
1.453500000000000000e+03 4.820000000000000000e+02 9.640000000000000000e+02 6.847576830069952436e-01 1.504583868973393226e-04 2.186912653552827157e-01 3.193702981103296867e-01 -1.376368801751333970e-01 -7.465355035312203347e-01 5.278442381759376190e-01 -2.186912653552827157e-01
1.456500000000000000e+03 4.830000000000000000e+02 9.660000000000000000e+02 6.847645134964343017e-01 1.505213651409808510e-04 2.192343683278386024e-01 3.201602361203260694e-01 -1.376434683730194952e-01 -7.470644544024667155e-01 5.278300860746281131e-01 -2.192343683278386024e-01
1.459500000000000000e+03 4.840000000000000000e+02 9.680000000000000000e+02 6.847578194122172501e-01 1.505787034319793394e-04 2.197696176589738482e-01 3.209450281964210117e-01 -1.376543081544346347e-01 -7.475899439968864968e-01 5.278203263379126486e-01 -2.197696176589738482e-01
1.462500000000000000e+03 4.850000000000000000e+02 9.700000000000000000e+02 6.847648762993081561e-01 1.506364301554219691e-04 2.203057791023046441e-01 3.217247068700553880e-01 -1.376606717059653817e-01 -7.481119949627580423e-01 5.278062158604533982e-01 -2.203057791023046441e-01
1.465500000000000000e+03 4.860000000000000000e+02 9.720000000000000000e+02 6.847579730679557164e-01 1.506884817849591816e-04 2.208339700558576979e-01 3.224993044862903835e-01 -1.376714487789890695e-01 -7.486306297999343329e-01 5.277966597440766350e-01 -2.208339700558576979e-01
1.468500000000000000e+03 4.870000000000000000e+02 9.740000000000000000e+02 6.847652312364732596e-01 1.507410766196132950e-04 2.213632710159021411e-01 3.232688532041687601e-01 -1.376775967080449692e-01 -7.491458708605833738e-01 5.277825998446812328e-01 -2.213632710159021411e-01
1.471500000000000000e+03 4.880000000000000000e+02 9.760000000000000000e+02 6.847581406769952528e-01 1.507879702536564894e-04 2.218844982282555112e-01 3.240333849976378966e-01 -1.376883060394173408e-01 -7.496577403503059678e-01 5.277732421220504566e-01 -2.218844982282555112e-01
1.474500000000000000e+03 4.890000000000000000e+02 9.780000000000000000e+02 6.847544871054220827e-01 1.508272925854642907e-04 2.223948429172670771e-01 3.247804097748512309e-01 -1.376939018891692457e-01 -7.501536574141877134e-01 5.277588144969206363e-01 -2.223948429172670771e-01
1.477500000000000000e+03 4.900000000000000000e+02 9.800000000000000000e+02 6.847583136019231853e-01 1.508774105428878245e-04 2.229213740771167629e-01 3.255475247967704044e-01 -1.377048857204599686e-01 -7.506714527199234155e-01 5.277500786428066526e-01 -2.229213740771167629e-01
1.480500000000000000e+03 4.910000000000000000e+02 9.820000000000000000e+02 6.847658636309152946e-01 1.509200818111117301e-04 2.234371811213509140e-01 3.262971958569801378e-01 -1.377106415899322922e-01 -7.511733393046116092e-01 5.277361581832606952e-01 -2.234371811213509140e-01
1.483500000000000000e+03 4.920000000000000000e+02 9.840000000000000000e+02 6.847585025196222253e-01 1.509570433454514803e-04 2.239447738029772816e-01 3.270419760820129085e-01 -1.377211873858154856e-01 -7.516719417151951355e-01 5.277271679122178538e-01 -2.239447738029772816e-01
1.486500000000000000e+03 4.930000000000000000e+02 9.860000000000000000e+02 6.847661431135438903e-01 1.509949176409680930e-04 2.244539450732990771e-01 3.277818965358534897e-01 -1.377267672046225966e-01 -7.521672814421250797e-01 5.277133363688260026e-01 -2.244539450732990771e-01
1.489500000000000000e+03 4.940000000000000000e+02 9.880000000000000000e+02 6.847586992859434618e-01 1.510271000108128663e-04 2.249548654661057689e-01 3.285169881020649774e-01 -1.377372167381875068e-01 -7.526593798352135822e-01 5.277045143691078133e-01 -2.249548654661057689e-01
1.492500000000000000e+03 4.950000000000000000e+02 9.900000000000000000e+02 6.847664058982637636e-01 1.510602864948819703e-04 2.254574775936113440e-01 3.292472814840565198e-01 -1.377426300095262457e-01 -7.531482581042663327e-01 5.276907805106549887e-01 -2.254574775936113440e-01
1.495500000000000000e+03 4.960000000000000000e+02 9.920000000000000000e+02 6.847589041641161112e-01 1.510878086702791760e-04 2.259518178664025045e-01 3.299728072060946205e-01 -1.377529767842786967e-01 -7.536339373201620395e-01 5.276821194537595350e-01 -2.259518178664025045e-01
1.498500000000000000e+03 4.970000000000000000e+02 9.940000000000000000e+02 6.847666491990389570e-01 1.511164133334315222e-04 2.264479453801471198e-01 3.306935956139508415e-01 -1.377582341398420063e-01 -7.541164384157359457e-01 5.276684930355888259e-01 -2.264479453801471198e-01
1.501500000000000000e+03 4.980000000000000000e+02 9.960000000000000000e+02 6.847591228115754713e-01 1.511393936919518187e-04 2.269357996284656620e-01 3.314096768753986844e-01 -1.377684687659402329e-01 -7.545957821864868187e-01 5.276599825580211567e-01 -2.269357996284656620e-01
1.504500000000000000e+03 4.990000000000000000e+02 9.980000000000000000e+02 6.847668690532902058e-01 1.511635179594976149e-04 2.274255127700641754e-01 3.321210809811614428e-01 -1.377735841541785078e-01 -7.550719892916175624e-01 5.276464765215533870e-01 -2.274255127700641754e-01
1.507500000000000000e+03 5.000000000000000000e+02 1.000000000000000000e+03 6.847593538839891192e-01 1.511820730541919313e-04 2.279069751291943335e-01 3.328278377454716441e-01 -1.377836962382071317e-01 -7.555450802548439038e-01 5.276381051256495702e-01 -2.279069751291943335e-01
1.510500000000000000e+03 5.010000000000000000e+02 1.002000000000000000e+03 6.847670698123413668e-01 1.512018172211691857e-04 2.283903449125760377e-01 3.335299768068079040e-01 -1.377886818781955125e-01 -7.560150754652177341e-01 5.276247305526416964e-01 -2.283903449125760377e-01
1.513500000000000000e+03 5.020000000000000000e+02 1.004000000000000000e+03 6.847595933583866534e-01 1.512160594041162529e-04 2.288655059081299292e-01 3.342275276285866514e-01 -1.377986636735750170e-01 -7.564819951780094032e-01 5.276164892698794739e-01 -2.288655059081299292e-01
1.516500000000000000e+03 5.030000000000000000e+02 1.006000000000000000e+03 6.847672505187553105e-01 1.512315221102381708e-04 2.293426032801761938e-01 3.349205194997780799e-01 -1.378035308989020991e-01 -7.569458595154447966e-01 5.276032562352686028e-01 -2.293426032801761938e-01
1.519500000000000000e+03 5.040000000000000000e+02 1.008000000000000000e+03 6.847598434544127644e-01 1.512415621312193507e-04 2.298115536583877905e-01 3.356089815358561657e-01 -1.378133734872495908e-01 -7.574066884677896905e-01 5.275951348094019000e-01 -2.298115536583877905e-01
1.522500000000000000e+03 5.050000000000000000e+02 1.010000000000000000e+03 6.847674127076819328e-01 1.512528395863886881e-04 2.302824482702767739e-01 3.362929426791827492e-01 -1.378181339791720306e-01 -7.578645018938534594e-01 5.275820536235766856e-01 -2.302824482702767739e-01
1.525500000000000000e+03 5.060000000000000000e+02 1.012000000000000000e+03 6.847601029407047735e-01 1.512587853287513371e-04 2.307452770190101532e-01 3.369724316999102576e-01 -1.378278292529038496e-01 -7.583193195220134797e-01 5.275740425030033265e-01 -2.307452770190101532e-01
1.528500000000000000e+03 5.070000000000000000e+02 1.014000000000000000e+03 6.847675569204499935e-01 1.512659719084882154e-04 2.312100380621242568e-01 3.376474771993091539e-01 -1.378324942134380449e-01 -7.587711609528360324e-01 5.275611228907117756e-01 -2.312100380621242568e-01
1.531500000000000000e+03 5.080000000000000000e+02 1.016000000000000000e+03 6.847603777417434756e-01 1.512679302512541881e-04 2.316668351797958048e-01 3.383181076332203441e-01 -1.378420321396826020e-01 -7.592200456755093807e-01 5.275532104957135759e-01 -2.316668351797958048e-01
1.534500000000000000e+03 5.090000000000000000e+02 1.018000000000000000e+03 6.847677128433949933e-01 1.512711234351522317e-04 2.321255389112411027e-01 3.389843512734773689e-01 -1.378466048281206391e-01 -7.596659930416103101e-01 5.275404541303692074e-01 -2.321255389112411027e-01
1.537500000000000000e+03 5.100000000000000000e+02 1.020000000000000000e+03 6.847606240678125733e-01 1.512691828779407280e-04 2.325763686748338888e-01 3.396462362178722660e-01 -1.378560001532566359e-01 -7.601090222722954870e-01 5.275326535974615982e-01 -2.325763686748338888e-01
1.540500000000000000e+03 5.110000000000000000e+02 1.022000000000000000e+03 6.847678299598876084e-01 1.512684765185836819e-04 2.330290880768781658e-01 3.403037903964158950e-01 -1.378604861518953617e-01 -7.605491524628820166e-01 5.275200643860038507e-01 -2.330290880768781658e-01
1.543500000000000000e+03 5.120000000000000000e+02 1.024000000000000000e+03 6.847609275820304431e-01 1.512627535164233190e-04 2.334740600525994081e-01 3.409570415721924208e-01 -1.378697074480219609e-01 -7.609864025837624890e-01 5.275123425311630809e-01 -2.334740600525994081e-01
1.546500000000000000e+03 5.130000000000000000e+02 1.026000000000000000e+03 6.847678832370673874e-01 1.512582149346227063e-04 2.339208293963940255e-01 3.416060173420989443e-01 -1.378741500841339507e-01 -7.614207914811715883e-01 5.274999620847775628e-01 -2.339208293963940255e-01
1.549500000000000000e+03 5.140000000000000000e+02 1.028000000000000000e+03 6.847612191688834393e-01 1.512488141347780252e-04 2.343600375018385362e-01 3.422507451375368381e-01 -1.378831806382325442e-01 -7.618523378779816779e-01 5.274923003761431417e-01 -2.343600375018385362e-01
1.552500000000000000e+03 5.150000000000000000e+02 1.030000000000000000e+03 6.847679786380126421e-01 1.512405472972187977e-04 2.348009496789321693e-01 3.428912522252365314e-01 -1.378875637815978605e-01 -7.622810603745127089e-01 5.274801106955805396e-01 -2.348009496789321693e-01
1.555500000000000000e+03 5.160000000000000000e+02 1.032000000000000000e+03 6.847615326198135399e-01 1.512275553785304984e-04 2.352344623913041888e-01 3.435275657079129852e-01 -1.378964113844535766e-01 -7.627069774492798437e-01 5.274725150579756550e-01 -2.352344623913041888e-01
1.558500000000000000e+03 5.170000000000000000e+02 1.034000000000000000e+03 6.847680245361380535e-01 1.512156345658371677e-04 2.356695664708572391e-01 3.441597125252742750e-01 -1.379007617740333203e-01 -7.631301074599434742e-01 5.274605409890862351e-01 -2.356695664708572391e-01
1.561500000000000000e+03 5.180000000000000000e+02 1.036000000000000000e+03 6.847618213089422534e-01 1.511991461662405155e-04 2.360974667385845605e-01 3.447877194544481938e-01 -1.379094188645008934e-01 -7.635504686438773225e-01 5.274530019052927621e-01 -2.360974667385845605e-01
1.564500000000000000e+03 5.190000000000000000e+02 1.038000000000000000e+03 6.847680904926420897e-01 1.511836693792528925e-04 2.365268507438411660e-01 3.454116131107640708e-01 -1.379137234355578001e-01 -7.639680791189189524e-01 5.274412283750777863e-01 -2.365268507438411660e-01
1.567500000000000000e+03 5.200000000000000000e+02 1.040000000000000000e+03 6.847621308590510214e-01 1.511637719096729836e-04 2.369492124684123846e-01 3.460314199489299414e-01 -1.379221905975165918e-01 -7.643829568845080802e-01 5.274337444160956956e-01 -2.369492124684123846e-01
1.570500000000000000e+03 5.210000000000000000e+02 1.042000000000000000e+03 6.847681290598807147e-01 1.511448146997166535e-04 2.373729314859049921e-01 3.466471662631184225e-01 -1.379264682978479373e-01 -7.647951198219034019e-01 5.274221883359984098e-01 -2.373729314859049921e-01
1.573500000000000000e+03 5.220000000000000000e+02 1.044000000000000000e+03 6.847624424761099560e-01 1.511215999998065038e-04 2.377898375996955194e-01 3.472588781882434139e-01 -1.379347362104749730e-01 -7.652045856953533232e-01 5.274147480956578038e-01 -2.377898375996955194e-01
1.576500000000000000e+03 5.230000000000000000e+02 1.046000000000000000e+03 6.847681429403612574e-01 1.510992408131993218e-04 2.382079531420087104e-01 3.478665817004209515e-01 -1.379389986895909193e-01 -7.656113721526327520e-01 5.274034190106240416e-01 -2.382079531420087104e-01
1.579500000000000000e+03 5.240000000000000000e+02 1.048000000000000000e+03 6.847627612918144591e-01 1.510727993978205690e-04 2.386194866488575705e-01 3.484703026179440388e-01 -1.379470570835802379e-01 -7.660154967259511505e-01 5.273960100770935799e-01 -2.386194866488575705e-01
1.582500000000000000e+03 5.250000000000000000e+02 1.050000000000000000e+03 6.847681894026764748e-01 1.510471263722872471e-04 2.390320774841445672e-01 3.490700666055360224e-01 -1.379512978834276926e-01 -7.664169768350814760e-01 5.273848993509369087e-01 -2.390320774841445672e-01
1.585500000000000000e+03 5.260000000000000000e+02 1.052000000000000000e+03 6.847631129348082935e-01 1.510175399610399723e-04 2.394383096082288720e-01 3.496658991779310055e-01 -1.379591473993194706e-01 -7.668158297900615761e-01 5.273775201818327041e-01 -2.394383096082288720e-01
1.588500000000000000e+03 5.270000000000000000e+02 1.054000000000000000e+03 6.847681664031647353e-01 1.509886113090133501e-04 2.398454090643676873e-01 3.502578256874693818e-01 -1.379634046070443709e-01 -7.672120727828725117e-01 5.273666637185048245e-01 -2.398454090643676873e-01
1.591500000000000000e+03 5.280000000000000000e+02 1.056000000000000000e+03 6.847634129041566542e-01 1.509559637174622850e-04 2.402464162563412442e-01 3.508458713315740218e-01 -1.379710398050391362e-01 -7.676057228927894993e-01 5.273593066364482551e-01 -2.402464162563412442e-01
1.594500000000000000e+03 5.290000000000000000e+02 1.058000000000000000e+03 6.847681912473019272e-01 1.509238804178015614e-04 2.406481273261845688e-01 3.514300611537536367e-01 -1.379752810459198842e-01 -7.679967970872703109e-01 5.273486697610857421e-01 -2.406481273261845688e-01
1.597500000000000000e+03 5.300000000000000000e+02 1.060000000000000000e+03 6.847637406937161497e-01 1.508882453788649416e-04 2.410439719927367497e-01 3.520104200443520126e-01 -1.379827096581208168e-01 -7.683853122226856902e-01 5.273413402299489405e-01 -2.410439719927367497e-01
1.600500000000000000e+03 5.310000000000000000e+02 1.062000000000000000e+03 6.847681823596873940e-01 1.508530711951310628e-04 2.414403404478072668e-01 3.525869727413622479e-01 -1.379869588729565888e-01 -7.687712850450794111e-01 5.273309445972721443e-01 -2.414403404478072668e-01
1.603500000000000000e+03 5.320000000000000000e+02 1.064000000000000000e+03 6.847640697155751299e-01 1.508145328628195526e-04 2.418311034455311592e-01 3.531597438311542270e-01 -1.379941693547886150e-01 -7.691547321908205337e-01 5.273236287452893745e-01 -2.418311034455311592e-01
1.606500000000000000e+03 5.330000000000000000e+02 1.066000000000000000e+03 6.847681368614862985e-01 1.507763351374054111e-04 2.422221823982417810e-01 3.537287577491913249e-01 -1.379984423106414559e-01 -7.695356701873425909e-01 5.273134877891008099e-01 -2.422221823982417810e-01
1.609500000000000000e+03 5.340000000000000000e+02 1.068000000000000000e+03 6.847644277128807078e-01 1.507349827323854015e-04 2.426079547077742982e-01 3.542940387807337332e-01 -1.380054121644968268e-01 -7.699141154537728626e-01 5.273061607459985645e-01 -2.426079547077742982e-01
1.612500000000000000e+03 5.350000000000000000e+02 1.070000000000000000e+03 6.847681174904350909e-01 1.506938348946466920e-04 2.429938087676177805e-01 3.548556110616700177e-01 -1.380097123085233246e-01 -7.702900843016982080e-01 5.272962755340804275e-01 -2.429938087676177805e-01
1.615500000000000000e+03 5.360000000000000000e+02 1.072000000000000000e+03 6.847647330760860962e-01 1.506497242254785113e-04 2.433746294862605408e-01 3.554134985792536394e-01 -1.380164700429804825e-01 -7.706635929358369719e-01 5.272889634495764311e-01 -2.433746294862605408e-01
1.618500000000000000e+03 5.370000000000000000e+02 1.074000000000000000e+03 6.847681152567909324e-01 1.506057140925425291e-04 2.437553482587800913e-01 3.559677251727335623e-01 -1.380207750221264518e-01 -7.710346574546710352e-01 5.272793091958909439e-01 -2.437553482587800913e-01
1.621500000000000000e+03 5.380000000000000000e+02 1.076000000000000000e+03 6.847650638175438731e-01 1.505589185347666842e-04 2.441312864041241815e-01 3.565183145341846993e-01 -1.380273184308629941e-01 -7.714032938511382609e-01 5.272720074470140794e-01 -2.441312864041241815e-01
1.624500000000000000e+03 5.390000000000000000e+02 1.078000000000000000e+03 6.847680551532872029e-01 1.505120987006823639e-04 2.445069043392584796e-01 3.570652902091423497e-01 -1.380316601802212551e-01 -7.717695180132851940e-01 5.272626136740267144e-01 -2.445069043392584796e-01
1.627500000000000000e+03 5.400000000000000000e+02 1.080000000000000000e+03 6.847653868191391213e-01 1.504626992782544389e-04 2.448780430753590975e-01 3.576086755974371423e-01 -1.380379721075633559e-01 -7.721333457249758281e-01 5.272553026496167305e-01 -2.448780430753590975e-01
1.630500000000000000e+03 5.410000000000000000e+02 1.082000000000000000e+03 6.847680442334447282e-01 1.504131516405473256e-04 2.452486437499123983e-01 3.581484939538220336e-01 -1.380423326665087824e-01 -7.724947926664635922e-01 5.272461489165511939e-01 -2.452486437499123983e-01
1.633500000000000000e+03 5.420000000000000000e+02 1.084000000000000000e+03 6.847657122268654417e-01 1.503612065446910786e-04 2.456150308907528723e-01 3.586847683888992333e-01 -1.380484304693797848e-01 -7.728538744152292361e-01 5.272388435244763638e-01 -2.456150308907528723e-01
1.636500000000000000e+03 5.430000000000000000e+02 1.086000000000000000e+03 6.847680029143636826e-01 1.503089917929437906e-04 2.459806650691525043e-01 3.592175218793255409e-01 -1.380528238649928741e-01 -7.732106064530990253e-01 5.272299413839465210e-01 -2.459806650691525043e-01
1.639500000000000000e+03 5.440000000000000000e+02 1.088000000000000000e+03 6.847660367445389529e-01 1.502545745010144167e-04 2.463423748944131297e-01 3.597467772577547240e-01 -1.380586976764033580e-01 -7.735650041595074633e-01 5.272226292650943336e-01 -2.463423748944131297e-01
1.642500000000000000e+03 5.450000000000000000e+02 1.090000000000000000e+03 6.847679595135598429e-01 1.501997588246471911e-04 2.467031038694830203e-01 3.602725572100862750e-01 -1.380631266343070596e-01 -7.739170828097372556e-01 5.272139789402542354e-01 -2.467031038694830203e-01
1.645500000000000000e+03 5.460000000000000000e+02 1.092000000000000000e+03 6.847663455522291498e-01 1.501429318767104272e-04 2.470601944031269870e-01 3.607948842811273815e-01 -1.380687820323993620e-01 -7.742668575789438679e-01 5.272066631758168809e-01 -2.470601944031269870e-01
1.648500000000000000e+03 5.470000000000000000e+02 1.094000000000000000e+03 6.847678921359762194e-01 1.500855784833438522e-04 2.474160761297923283e-01 3.613137808754944280e-01 -1.380732518155319832e-01 -7.746143435429488910e-01 5.271982674131565627e-01 -2.474160761297923283e-01
1.651500000000000000e+03 5.480000000000000000e+02 1.096000000000000000e+03 6.847666704051161846e-01 1.500264147532601817e-04 2.477686239650092048e-01 3.618292692581347447e-01 -1.380786750374826122e-01 -7.749595556786805783e-01 5.271909317136713735e-01 -2.477686239650092048e-01
1.654500000000000000e+03 5.490000000000000000e+02 1.098000000000000000e+03 6.847678693162460029e-01 1.499665935116220583e-04 2.481197289649786919e-01 3.623413715551973002e-01 -1.380831775721931831e-01 -7.753025088649415641e-01 5.271827798999628722e-01 -2.481197289649786919e-01
1.657500000000000000e+03 5.500000000000000000e+02 1.100000000000000000e+03 6.847669858800835563e-01 1.499051438811239024e-04 2.484677759829628796e-01 3.628501097546699694e-01 -1.380883887656098874e-01 -7.756432178829699708e-01 5.271754419000070913e-01 -2.484677759829628796e-01
1.660500000000000000e+03 5.510000000000000000e+02 1.102000000000000000e+03 6.847678240296546370e-01 1.498429141778109179e-04 2.488141589922550079e-01 3.633555057071137240e-01 -1.380929309803937133e-01 -7.759816974170503645e-01 5.271675384247953566e-01 -2.488141589922550079e-01
1.663500000000000000e+03 5.520000000000000000e+02 1.104000000000000000e+03 6.847673148449783254e-01 1.497792478592712784e-04 2.491577788138977789e-01 3.638575811263766169e-01 -1.380979178095511906e-01 -7.763179620551399207e-01 5.271601832412421418e-01 -2.491577788138977789e-01
1.666500000000000000e+03 5.530000000000000000e+02 1.106000000000000000e+03 6.847677598852982550e-01 1.497146635386275096e-04 2.494994867871227484e-01 3.643563575903676632e-01 -1.381025136449136048e-01 -7.766520262895293403e-01 5.271525395024065919e-01 -2.494994867871227484e-01
1.669500000000000000e+03 5.540000000000000000e+02 1.108000000000000000e+03 6.847675936248921458e-01 1.496488336828522188e-04 2.498387278335217898e-01 3.648518565415357351e-01 -1.381072881955852094e-01 -7.769839045172615144e-01 5.271451766837397246e-01 -2.498387278335217898e-01
1.672500000000000000e+03 5.550000000000000000e+02 1.110000000000000000e+03 6.847677172410560065e-01 1.495819700310380552e-04 2.501758448769111354e-01 3.653440992879674054e-01 -1.381119137099628413e-01 -7.773136110410348021e-01 5.271377661641236667e-01 -2.501758448769111354e-01
1.675500000000000000e+03 5.560000000000000000e+02 1.112000000000000000e+03 6.847678884368184615e-01 1.495140341409205919e-04 2.505107642031124682e-01 3.658331070035658605e-01 -1.381164786876358241e-01 -7.776411600694066451e-01 5.271303958662941769e-01 -2.505107642031124682e-01
1.678500000000000000e+03 5.570000000000000000e+02 1.114000000000000000e+03 6.847677172399844192e-01 1.494449552780361865e-04 2.508433574341837335e-01 3.663189007291839383e-01 -1.381211261658522593e-01 -7.779665657176764171e-01 5.271232082834926835e-01 -2.508433574341837335e-01
1.681500000000000000e+03 5.580000000000000000e+02 1.116000000000000000e+03 6.847681804338096034e-01 1.493749608538008178e-04 2.511739966756660891e-01 3.668015013731275586e-01 -1.381254989400503841e-01 -7.782898420083843583e-01 5.271158453327182691e-01 -2.511739966756660891e-01
1.684500000000000000e+03 5.590000000000000000e+02 1.118000000000000000e+03 6.847676518676847346e-01 1.493037101896938000e-04 2.515020998145391928e-01 3.672809297118142524e-01 -1.381301933003480920e-01 -7.786110028718165044e-01 5.271089030572773115e-01 -2.515020998145391928e-01
1.687500000000000000e+03 5.600000000000000000e+02 1.120000000000000000e+03 6.847684574964947313e-01 1.492317244181747742e-04 2.518285349556699249e-01 3.677572063940445224e-01 -1.381343561792872376e-01 -7.789300621490684584e-01 5.271015271933985336e-01 -2.518285349556699249e-01
1.690500000000000000e+03 5.610000000000000000e+02 1.122000000000000000e+03 6.847676150791488503e-01 1.491583672937969772e-04 2.521522199101637884e-01 3.682303519581877072e-01 -1.381390834637518106e-01 -7.792470336039352130e-01 5.270948136937714246e-01 -2.521522199101637884e-01
1.693500000000000000e+03 5.620000000000000000e+02 1.124000000000000000e+03 6.847687428245736729e-01 1.490844407131140445e-04 2.524745003476586147e-01 3.687003867995451989e-01 -1.381430446339629858e-01 -7.795619309005774600e-01 5.270874305529188453e-01 -2.524745003476586147e-01
1.696500000000000000e+03 5.630000000000000000e+02 1.126000000000000000e+03 6.847675710975101859e-01 1.490090284125742640e-04 2.527938167019322391e-01 3.691673311818305381e-01 -1.381478124809472352e-01 -7.798747676115507232e-01 5.270809509096184842e-01 -2.527938167019322391e-01
1.699500000000000000e+03 5.640000000000000000e+02 1.128000000000000000e+03 6.847689893407120643e-01 1.489332079092833957e-04 2.531119868418271190e-01 3.696312052412310534e-01 -1.381515843756385142e-01 -7.801855572206236600e-01 5.270735703787965409e-01 -2.531119868418271190e-01
1.702500000000000000e+03 5.650000000000000000e+02 1.130000000000000000e+03 6.847675521542083699e-01 1.488558077892429771e-04 2.534270127611861767e-01 3.700920289869618074e-01 -1.381563711280777984e-01 -7.804943131232936482e-01 5.270673003621074715e-01 -2.534270127611861767e-01
1.705500000000000000e+03 5.660000000000000000e+02 1.132000000000000000e+03 6.847692522810429061e-01 1.487781440930382732e-04 2.537411247506767831e-01 3.705498223020918802e-01 -1.381599577305357984e-01 -7.808010486274163942e-01 5.270599238767396111e-01 -2.537411247506767831e-01
1.708500000000000000e+03 5.670000000000000000e+02 1.134000000000000000e+03 6.847675273159066212e-01 1.486988035998860211e-04 2.540519059504052768e-01 3.710046049441279581e-01 -1.381647734530433158e-01 -7.811057769537027573e-01 5.270538710032974805e-01 -2.540519059504052768e-01
1.711500000000000000e+03 5.680000000000000000e+02 1.136000000000000000e+03 6.847695007750983498e-01 1.486193463175201608e-04 2.543620112224357355e-01 3.714563965458749228e-01 -1.381681787565468000e-01 -7.814085112364003161e-01 5.270465000139645806e-01 -2.543620112224357355e-01
1.714500000000000000e+03 5.690000000000000000e+02 1.138000000000000000e+03 6.847675071175347572e-01 1.485381207734370749e-04 2.546686080660578444e-01 3.719052166158726136e-01 -1.381730181737798047e-01 -7.817092645236477511e-01 5.270406564575899067e-01 -2.546686080660578444e-01
1.717500000000000000e+03 5.700000000000000000e+02 1.140000000000000000e+03 6.847697387675449887e-01 1.484569169664398344e-04 2.549747548898604332e-01 3.723510845394050195e-01 -1.381762486369942367e-01 -7.820080497782737616e-01 5.270332948884133284e-01 -2.549747548898604332e-01
1.720500000000000000e+03 5.710000000000000000e+02 1.142000000000000000e+03 6.847674952323842268e-01 1.483738605200179647e-04 2.552772270246909114e-01 3.727940195789513078e-01 -1.381811064960623281e-01 -7.823048798781804258e-01 5.270276528534895144e-01 -2.552772270246909114e-01
1.723500000000000000e+03 5.720000000000000000e+02 1.144000000000000000e+03 6.847699302639778107e-01 1.482909475730257462e-04 2.555794481421098663e-01 3.732340408749904581e-01 -1.381841834077624231e-01 -7.825997676169513806e-01 5.270203194748415143e-01 -2.555794481421098663e-01
1.726500000000000000e+03 5.730000000000000000e+02 1.146000000000000000e+03 6.847674715968605774e-01 1.482061167338974070e-04 2.558778605410738649e-01 3.736711674466269839e-01 -1.381890484472487746e-01 -7.828927257043699628e-01 5.270148651632960979e-01 -2.558778605410738649e-01
1.729500000000000000e+03 5.740000000000000000e+02 1.148000000000000000e+03 6.847701865424473677e-01 1.481215594114281236e-04 2.561762370020649326e-01 3.741054181922757182e-01 -1.381919441330246578e-01 -7.831837667669596659e-01 5.270075297648947332e-01 -2.561762370020649326e-01
1.732500000000000000e+03 5.750000000000000000e+02 1.150000000000000000e+03 6.847674810526196421e-01 1.480349952321166748e-04 2.564706292396421450e-01 3.745368118903621424e-01 -1.381968297975328941e-01 -7.834729033485290373e-01 5.270022741088868923e-01 -2.564706292396421450e-01
1.735500000000000000e+03 5.760000000000000000e+02 1.152000000000000000e+03 6.847703936969803395e-01 1.479488228869386978e-04 2.567651821202820983e-01 3.749653672000077265e-01 -1.381995758500478566e-01 -7.837601479107241254e-01 5.269949657904420270e-01 -2.567651821202820983e-01
1.738500000000000000e+03 5.770000000000000000e+02 1.154000000000000000e+03 6.847674890916598534e-01 1.478605825694218317e-04 2.570556227969398311e-01 3.753911026616094659e-01 -1.382044659030361999e-01 -7.840455128334693491e-01 5.269898900365295180e-01 -2.570556227969398311e-01
1.741500000000000000e+03 5.780000000000000000e+02 1.156000000000000000e+03 6.847706062129087501e-01 1.477728427993535345e-04 2.573464057350741685e-01 3.758140367010147087e-01 -1.382070607062229617e-01 -7.843290104179178046e-01 5.269826046828436361e-01 -2.573464057350741685e-01
1.744500000000000000e+03 5.790000000000000000e+02 1.158000000000000000e+03 6.847674946900303983e-01 1.476829705245647666e-04 2.576329420801032333e-01 3.762341876299551968e-01 -1.382119596163619013e-01 -7.846106528867955454e-01 5.269777108066923121e-01 -2.576329420801032333e-01
1.747500000000000000e+03 5.800000000000000000e+02 1.160000000000000000e+03 6.847707848012704046e-01 1.475937016753002822e-04 2.579199936775872226e-01 3.766515736392566094e-01 -1.382144159335245148e-01 -7.848904523798165833e-01 5.269704587022293607e-01 -2.579199936775872226e-01
1.750500000000000000e+03 5.810000000000000000e+02 1.162000000000000000e+03 6.847675111262084835e-01 1.475022519688474912e-04 2.582026920714675100e-01 3.770662128038351768e-01 -1.382193083718102899e-01 -7.851684209571545559e-01 5.269657288856870458e-01 -2.582026920714675100e-01
1.753500000000000000e+03 5.820000000000000000e+02 1.164000000000000000e+03 6.847709625834494940e-01 1.474114956932340878e-04 2.584860576980859692e-01 3.774781230835055901e-01 -1.382216315432594489e-01 -7.854445706000798832e-01 5.269585129019939140e-01 -2.584860576980859692e-01
1.756500000000000000e+03 5.830000000000000000e+02 1.166000000000000000e+03 6.847675338014541646e-01 1.473185139552172401e-04 2.587649697623390921e-01 3.778873223235595935e-01 -1.382265162807355119e-01 -7.857189132113844288e-01 5.269539434490453367e-01 -2.587649697623390921e-01
1.759500000000000000e+03 5.840000000000000000e+02 1.168000000000000000e+03 6.847711154462879923e-01 1.472263067581769413e-04 2.590446867410123311e-01 3.782938282555687870e-01 -1.382287190457711923e-01 -7.859914606160021133e-01 5.269467738749897823e-01 -2.590446867410123311e-01
1.762500000000000000e+03 5.850000000000000000e+02 1.170000000000000000e+03 6.847675785820326322e-01 1.471318460279825047e-04 2.593198786243191556e-01 3.786976584979389049e-01 -1.382335796923528370e-01 -7.862622245614536709e-01 5.269423459371345153e-01 -2.593198786243191556e-01
1.765500000000000000e+03 5.860000000000000000e+02 1.172000000000000000e+03 6.847712894093852531e-01 1.470382299709943933e-04 2.595959950137906036e-01 3.790988305565380356e-01 -1.382356634228140146e-01 -7.865312167183035053e-01 5.269352217045129017e-01 -2.595959950137906036e-01
1.768500000000000000e+03 5.870000000000000000e+02 1.174000000000000000e+03 6.847675947237221727e-01 1.469423215500049421e-04 2.598674956611837228e-01 3.794973618254094405e-01 -1.382405201410654982e-01 -7.867984486807195754e-01 5.269309530195358526e-01 -2.598674956611837228e-01
1.771500000000000000e+03 5.880000000000000000e+02 1.176000000000000000e+03 6.847714582617491219e-01 1.468473430421378802e-04 2.601400681991472563e-01 3.798932695873409870e-01 -1.382424769038790024e-01 -7.870639319668990552e-01 5.269238637677517989e-01 -2.601400681991472563e-01
1.774500000000000000e+03 5.890000000000000000e+02 1.178000000000000000e+03 6.847676579178648693e-01 1.467500392061439629e-04 2.604079445713024521e-01 3.802865710146277611e-01 -1.382473112316687791e-01 -7.873276780196599711e-01 5.269197334483575190e-01 -2.604079445713024521e-01
1.777500000000000000e+03 5.900000000000000000e+02 1.180000000000000000e+03 6.847715790060555641e-01 1.466537183052958658e-04 2.606769842876633936e-01 3.806772831694262837e-01 -1.382491781584381518e-01 -7.875896982067001062e-01 5.269127139190367126e-01 -2.606769842876633936e-01
1.780500000000000000e+03 5.910000000000000000e+02 1.182000000000000000e+03 6.847676945982571484e-01 1.465550638596092327e-04 2.609412912020342423e-01 3.810654230046943702e-01 -1.382539831514830175e-01 -7.878500038213183121e-01 5.269087126192840698e-01 -2.609412912020342423e-01
1.783500000000000000e+03 5.920000000000000000e+02 1.184000000000000000e+03 6.847716921126932865e-01 1.464574442227235579e-04 2.612068517712274884e-01 3.814510073647152666e-01 -1.382557541326324135e-01 -7.881086060827948714e-01 5.269017543115673829e-01 -2.612068517712274884e-01
1.786500000000000000e+03 5.930000000000000000e+02 1.186000000000000000e+03 6.847677479613926144e-01 1.463574836596082216e-04 2.614676445578900665e-01 3.818340529855557275e-01 -1.382605217214077364e-01 -7.883655161367530972e-01 5.268978715788630307e-01 -2.614676445578900665e-01
1.789500000000000000e+03 5.940000000000000000e+02 1.188000000000000000e+03 6.847718405639499073e-01 1.462586080120183314e-04 2.617297790375068267e-01 3.822145764959565817e-01 -1.382621906544682644e-01 -7.886207450558324616e-01 5.268909660183256349e-01 -2.617297790375068267e-01
1.792500000000000000e+03 5.950000000000000000e+02 1.190000000000000000e+03 6.847678015123136452e-01 1.461573722479430043e-04 2.619870897544378519e-01 3.825925944179002780e-01 -1.382669354261230610e-01 -7.888743038400833907e-01 5.268872140856455388e-01 -2.619870897544378519e-01
1.795500000000000000e+03 5.960000000000000000e+02 1.192000000000000000e+03 6.847719190346310825e-01 1.460572635112102763e-04 2.622458166343780706e-01 3.829681231731634217e-01 -1.382685301645278364e-01 -7.891262034215229537e-01 5.268803867871448832e-01 -2.622458166343780706e-01
1.798500000000000000e+03 5.970000000000000000e+02 1.194000000000000000e+03 6.847678873191579418e-01 1.459548119645740600e-04 2.624997293182864677e-01 3.833411790759692628e-01 -1.382732141609874510e-01 -7.893764546591293119e-01 5.268767253408428441e-01 -2.624997293182864677e-01
1.801500000000000000e+03 5.980000000000000000e+02 1.196000000000000000e+03 6.847720187878953979e-01 1.458535049026403279e-04 2.627550890821065410e-01 3.837117783334741961e-01 -1.382747399853960779e-01 -7.896250683392126435e-01 5.268699792571061025e-01 -2.627550890821065410e-01
1.804500000000000000e+03 5.990000000000000000e+02 1.198000000000000000e+03 6.847680078267759374e-01 1.457498771621373076e-04 2.630056533390767726e-01 3.840799370487072428e-01 -1.382793590685739427e-01 -7.898720551774589538e-01 5.268664018383821812e-01 -2.630056533390767726e-01
1.807500000000000000e+03 6.000000000000000000e+02 1.200000000000000000e+03 6.847720782152120211e-01 1.456473921122366654e-04 2.632576612428677576e-01 3.844456712210313487e-01 -1.382808458840169563e-01 -7.901174258192953381e-01 5.268597645764275805e-01 -2.632576612428677576e-01
1.810500000000000000e+03 6.010000000000000000e+02 1.202000000000000000e+03 6.847680733830361355e-01 1.455426210012652458e-04 2.635049153227907448e-01 3.848089967468372175e-01 -1.382854066819081684e-01 -7.903611908403743724e-01 5.268562755175836276e-01 -2.635049153227907448e-01
1.813500000000000000e+03 6.020000000000000000e+02 1.204000000000000000e+03 6.847721812175956435e-01 1.454390144518539942e-04 2.637536527084372029e-01 3.851699294201116341e-01 -1.382868177519775976e-01 -7.906033607470284164e-01 5.268497080385912135e-01 -2.637536527084372029e-01
1.816500000000000000e+03 6.030000000000000000e+02 1.206000000000000000e+03 6.847681596794454872e-01 1.453331302678826753e-04 2.639976311316089008e-01 3.855284849330491426e-01 -1.382913300431511394e-01 -7.908439459767004909e-01 5.268463148450915901e-01 -2.639976311316089008e-01
1.819500000000000000e+03 6.040000000000000000e+02 1.208000000000000000e+03 6.847722507032885098e-01 1.452284254279831920e-04 2.642431200662154200e-01 3.858846788765566416e-01 -1.382926873092738540e-01 -7.910829568983173132e-01 5.268398368321018932e-01 -2.642431200662154200e-01
1.822500000000000000e+03 6.050000000000000000e+02 1.210000000000000000e+03 6.847682895678730564e-01 1.451214789144922735e-04 2.644838953216621658e-01 3.862385267410181067e-01 -1.382971223462878541e-01 -7.913204038128678341e-01 5.268365084912056684e-01 -2.644838953216621658e-01
1.825500000000000000e+03 6.060000000000000000e+02 1.212000000000000000e+03 6.847722785408982826e-01 1.450156917195413394e-04 2.647261452340227139e-01 3.865900439166388702e-01 -1.382984598164805901e-01 -7.915562969536271698e-01 5.268301517196044559e-01 -2.647261452340227139e-01
1.828500000000000000e+03 6.070000000000000000e+02 1.214000000000000000e+03 6.847683962723037920e-01 1.449077203876567000e-04 2.649637667288302634e-01 3.869392456941970759e-01 -1.383028113603795572e-01 -7.917906464867335847e-01 5.268268797579033214e-01 -2.649637667288302634e-01
1.831500000000000000e+03 6.080000000000000000e+02 1.216000000000000000e+03 6.847723321720839973e-01 1.448008945023169939e-04 2.652028382809935581e-01 3.872861472655816928e-01 -1.383041112663991323e-01 -7.920234625115891713e-01 5.268206242305956133e-01 -2.652028382809935581e-01
1.834500000000000000e+03 6.090000000000000000e+02 1.218000000000000000e+03 6.847684617139175867e-01 1.446919170283202918e-04 2.654373217884535840e-01 3.876307637242614734e-01 -1.383084061421933630e-01 -7.922547550611599432e-01 5.268174332727063591e-01 -2.654373217884535840e-01
1.837500000000000000e+03 6.100000000000000000e+02 1.220000000000000000e+03 6.847724195858276852e-01 1.445841008512243275e-04 2.656732853141247075e-01 3.879731100659872256e-01 -1.383096404917281419e-01 -7.924845341025412715e-01 5.268112487884165640e-01 -2.656732853141247075e-01
1.840500000000000000e+03 6.110000000000000000e+02 1.222000000000000000e+03 6.847685731222409311e-01 1.444741519711502766e-04 2.659046767029020764e-01 3.883132011892641566e-01 -1.383138748876425461e-01 -7.927128095372621974e-01 5.268081328343601211e-01 -2.659046767029020764e-01
1.843500000000000000e+03 6.120000000000000000e+02 1.224000000000000000e+03 6.847724538288956220e-01 1.443653563818440974e-04 2.661375344899296058e-01 3.886510518958893323e-01 -1.383150831624839205e-01 -7.929395912017009884e-01 5.268020567117713826e-01 -2.661375344899296058e-01
1.846500000000000000e+03 6.130000000000000000e+02 1.226000000000000000e+03 6.847686927868948947e-01 1.442544805033450306e-04 2.663658982494265803e-01 3.889866768957581655e-01 -1.383192341090610511e-01 -7.931648888703950462e-01 5.267989906209684658e-01 -2.663658982494265803e-01
1.849500000000000000e+03 6.140000000000000000e+02 1.228000000000000000e+03 6.847724761790793258e-01 1.441447324226018914e-04 2.665956826156021808e-01 3.893200908178485187e-01 -1.383204252474872220e-01 -7.933887122635938649e-01 5.267930296479916841e-01 -2.665956826156021808e-01
1.852500000000000000e+03 6.150000000000000000e+02 1.230000000000000000e+03 6.847688280345146650e-01 1.440329660716420553e-04 2.668210696477169019e-01 3.896513081846479931e-01 -1.383244828491619893e-01 -7.936110710297514803e-01 5.267900013820345784e-01 -2.668210696477169019e-01
1.855500000000000000e+03 6.160000000000000000e+02 1.232000000000000000e+03 6.847724772490342282e-01 1.439222882480652773e-04 2.670478058442851133e-01 3.899803434231289279e-01 -1.383256723261777621e-01 -7.938319747530582227e-01 5.267841689087731094e-01 -2.670478058442851133e-01
1.858500000000000000e+03 6.170000000000000000e+02 1.234000000000000000e+03 6.847689946132595740e-01 1.438096725185500227e-04 2.672702763757252020e-01 3.903072108670352369e-01 -1.383296168165569495e-01 -7.940514329550424355e-01 5.267811565793172335e-01 -2.672702763757252020e-01
1.861500000000000000e+03 6.180000000000000000e+02 1.236000000000000000e+03 6.847724884823710445e-01 1.436980903555216949e-04 2.674939951968036134e-01 3.906319247574299158e-01 -1.383308140277687837e-01 -7.942694550949470633e-01 5.267754598981434500e-01 -2.674939951968036134e-01
1.864500000000000000e+03 6.190000000000000000e+02 1.238000000000000000e+03 6.847691039556522696e-01 1.435846404581442412e-04 2.677135621342099370e-01 3.909544992432191779e-01 -1.383346724213083412e-01 -7.944860505701316633e-01 5.267724884359217263e-01 -2.677135621342099370e-01
1.867500000000000000e+03 6.200000000000000000e+02 1.240000000000000000e+03 6.847724939822684709e-01 1.434721939684787686e-04 2.679343222361341148e-01 3.912749483817204998e-01 -1.383358583879943648e-01 -7.947012287164475497e-01 5.267669064803134349e-01 -2.679343222361341148e-01
1.870500000000000000e+03 6.210000000000000000e+02 1.242000000000000000e+03 6.847692340218543006e-01 1.433579441848306516e-04 2.681510345977257126e-01 3.915932861393239817e-01 -1.383396210812439520e-01 -7.949149988087514940e-01 5.267639642110257814e-01 -2.681510345977257126e-01
1.873500000000000000e+03 6.220000000000000000e+02 1.244000000000000000e+03 6.847725120084465766e-01 1.432446601907650112e-04 2.683688708673982459e-01 3.919095263918653815e-01 -1.383408000725730724e-01 -7.951273700611223294e-01 5.267584991937240835e-01 -2.683688708673982459e-01
1.876500000000000000e+03 6.230000000000000000e+02 1.246000000000000000e+03 6.847694046837580206e-01 1.431296444762401746e-04 2.685827778596646676e-01 3.922236829253524792e-01 -1.383444567625096711e-01 -7.953383516274215026e-01 5.267555737677568350e-01 -2.685827778596646676e-01
1.879500000000000000e+03 6.240000000000000000e+02 1.248000000000000000e+03 6.847724774391334979e-01 1.430155314287991314e-04 2.687976913204279672e-01 3.925357694363822425e-01 -1.383456663938035791e-01 -7.955479526015702962e-01 5.267502612811423290e-01 -2.687976913204279672e-01
1.882500000000000000e+03 6.250000000000000000e+02 1.250000000000000000e+03 6.847695479038696798e-01 1.428997824924453392e-04 2.690088405420283379e-01 3.928457995328272778e-01 -1.383492078797746438e-01 -7.957561820180462098e-01 5.267473414760178718e-01 -2.690088405420283379e-01
1.885500000000000000e+03 6.260000000000000000e+02 1.252000000000000000e+03 6.847724943444631895e-01 1.427848842232424707e-04 2.692208992029236914e-01 3.931537867341626802e-01 -1.383504182976953156e-01 -7.959630488520895719e-01 5.267421496491658806e-01 -2.692208992029236914e-01
1.888500000000000000e+03 6.270000000000000000e+02 1.254000000000000000e+03 6.847696969699808012e-01 1.426684193763035242e-04 2.694293099921492018e-01 3.934597444722507387e-01 -1.383538631326726442e-01 -7.961685620203122760e-01 5.267392520281630741e-01 -2.694293099921492018e-01
1.891500000000000000e+03 6.280000000000000000e+02 1.256000000000000000e+03 6.847724503867755885e-01 1.425527487170686496e-04 2.696385241983353387e-01 3.937636860916895465e-01 -1.383551016360584640e-01 -7.963727303808925129e-01 5.267342061825571742e-01 -2.696385241983353387e-01
1.894500000000000000e+03 6.290000000000000000e+02 1.258000000000000000e+03 6.847698570357557690e-01 1.424356091800012844e-04 2.698442615915124243e-01 3.940656248503974224e-01 -1.383584221945628745e-01 -7.965755627340098677e-01 5.267313011424974434e-01 -2.698442615915124243e-01
1.897500000000000000e+03 6.300000000000000000e+02 1.260000000000000000e+03 6.847723998677127666e-01 1.423191886580026219e-04 2.700506604785599674e-01 3.943655739202244215e-01 -1.383596968072629274e-01 -7.967770678222906300e-01 5.267264073437306626e-01 -2.700506604785599674e-01
1.900500000000000000e+03 6.310000000000000000e+02 1.262000000000000000e+03 6.847700047018216996e-01 1.422013988503402905e-04 2.702537585150717181e-01 3.946635463870118432e-01 -1.383628959652550283e-01 -7.969772543308231150e-01 5.267234958157513969e-01 -2.702537585150717181e-01
1.903500000000000000e+03 6.320000000000000000e+02 1.264000000000000000e+03 6.847724137607948958e-01 1.420842700222559962e-04 2.704574079873642845e-01 3.949595552513606722e-01 -1.383641774668790125e-01 -7.971761308877289842e-01 5.267187229003646998e-01 -2.704574079873642845e-01
1.906500000000000000e+03 6.330000000000000000e+02 1.266000000000000000e+03 6.847701683365172709e-01 1.419658449534569745e-04 2.706578834037657311e-01 3.952536134295442372e-01 -1.383672749169945482e-01 -7.973737060647821950e-01 5.267158226610164640e-01 -2.706578834037657311e-01
1.909500000000000000e+03 6.340000000000000000e+02 1.268000000000000000e+03 6.847723698763277245e-01 1.418480175423263709e-04 2.708587894970722054e-01 3.955457337538169638e-01 -1.383685934624860059e-01 -7.975699883776292687e-01 5.267111988805570633e-01 -2.708587894970722054e-01
1.912500000000000000e+03 6.350000000000000000e+02 1.270000000000000000e+03 6.847703151423516488e-01 1.417289902365283097e-04 2.710566938273604176e-01 3.958359289727862995e-01 -1.383715736340525304e-01 -7.977649862860516361e-01 5.267082924586912185e-01 -2.710566938273604176e-01
1.915500000000000000e+03 6.360000000000000000e+02 1.272000000000000000e+03 6.847723331363076982e-01 1.416104937056623112e-04 2.712549006931961326e-01 3.961242117519975237e-01 -1.383729207999025712e-01 -7.979587081943857463e-01 5.267038075011896137e-01 -2.712549006931961326e-01
1.918500000000000000e+03 6.370000000000000000e+02 1.274000000000000000e+03 6.847705211763536193e-01 1.414908988871552771e-04 2.714502895150073813e-01 3.964105946743857189e-01 -1.383757636095033217e-01 -7.981511624518333736e-01 5.267008729368259923e-01 -2.714502895150073813e-01
1.921500000000000000e+03 6.380000000000000000e+02 1.276000000000000000e+03 6.847723066456479213e-01 1.413717470617691075e-04 2.716458119791893555e-01 3.966950902407901935e-01 -1.383771598239621758e-01 -7.983423573528107831e-01 5.266965453736214275e-01 -2.716458119791893555e-01
1.924500000000000000e+03 6.390000000000000000e+02 1.278000000000000000e+03 6.847706784056727392e-01 1.412515959390505012e-04 2.718386963847027049e-01 3.969777108704699575e-01 -1.383798891991049052e-01 -7.985323011373304247e-01 5.266936047526277198e-01 -2.718386963847027049e-01
1.927500000000000000e+03 6.400000000000000000e+02 1.280000000000000000e+03 6.847722829187875559e-01 1.411318229097384403e-04 2.720315886585208398e-01 3.972584689015270509e-01 -1.383813150529196456e-01 -7.987210019912740488e-01 5.266894133327532090e-01 -2.720315886585208398e-01
1.930500000000000000e+03 6.410000000000000000e+02 1.282000000000000000e+03 6.847708050374853306e-01 1.410111315208689795e-04 2.722219894010375896e-01 3.975373765914798074e-01 -1.383839448040386499e-01 -7.989084680468202526e-01 5.266864786457826630e-01 -2.722219894010375896e-01
1.933500000000000000e+03 6.420000000000000000e+02 1.284000000000000000e+03 6.847722302269834138e-01 1.408907605298565814e-04 2.724122854844777120e-01 3.978144461176242874e-01 -1.383854006386003588e-01 -7.990947073826615288e-01 5.266824218981838168e-01 -2.724122854844777120e-01
1.936500000000000000e+03 6.430000000000000000e+02 1.286000000000000000e+03 6.847709957292692495e-01 1.407695704217043443e-04 2.726002731216304875e-01 3.980896895776315780e-01 -1.383878943296954489e-01 -7.992797280244460234e-01 5.266794549028155359e-01 -2.726002731216304875e-01
1.939500000000000000e+03 6.440000000000000000e+02 1.288000000000000000e+03 6.847721885482164206e-01 1.406486129557303882e-04 2.727879848276391073e-01 3.983631189899463076e-01 -1.383894022181399730e-01 -7.994635379450500956e-01 5.266755531174109883e-01 -2.727879848276391073e-01
1.942500000000000000e+03 6.450000000000000000e+02 1.290000000000000000e+03 6.847711541785496125e-01 1.405269370993947483e-04 2.729735753155743128e-01 3.986347462942316788e-01 -1.383917775548323403e-01 -7.996461450648832958e-01 5.266725697493089831e-01 -2.729735753155743128e-01
1.945500000000000000e+03 6.460000000000000000e+02 1.292000000000000000e+03 6.847721458800200001e-01 1.404054215077241727e-04 2.731587475432774026e-01 3.989045833519314632e-01 -1.383933260462302528e-01 -7.998275572522757226e-01 5.266688097089983200e-01 -2.731587475432774026e-01
1.948500000000000000e+03 6.470000000000000000e+02 1.294000000000000000e+03 6.847713033922414594e-01 1.402832796019054832e-04 2.733419703043128424e-01 3.991726419466219422e-01 -1.383955868285675905e-01 -8.000077823237247143e-01 5.266658120194118720e-01 -2.733419703043128424e-01
1.951500000000000000e+03 6.480000000000000000e+02 1.296000000000000000e+03 6.847720941550503593e-01 1.401612273510290910e-04 2.735246351755332705e-01 3.994389337857569000e-01 -1.383971768074121755e-01 -8.001868280450993298e-01 5.266621928695660593e-01 -2.735246351755332705e-01
1.954500000000000000e+03 6.490000000000000000e+02 1.298000000000000000e+03 6.847714523901348160e-01 1.400386421234214548e-04 2.737055260302272419e-01 3.997034705154282608e-01 -1.383993200143828761e-01 -8.003647021417656937e-01 5.266591761115384518e-01 -2.737055260302272419e-01
1.957500000000000000e+03 6.500000000000000000e+02 1.300000000000000000e+03 6.847720549055863470e-01 1.399160767741284975e-04 2.738857202853565154e-01 3.999662636979524621e-01 -1.384009473421358438e-01 -8.005414122831903123e-01 5.266556919978337969e-01 -2.738857202853565154e-01
1.960500000000000000e+03 6.510000000000000000e+02 1.302000000000000000e+03 6.847715924043992208e-01 1.397930642887480529e-04 2.740643025380905540e-01 4.002273248161248853e-01 -1.384029820495699670e-01 -8.007169660859093652e-01 5.266526635478188112e-01 -2.740643025380905540e-01
1.963500000000000000e+03 6.520000000000000000e+02 1.304000000000000000e+03 6.847719941777220543e-01 1.396700037809204241e-04 2.742420524238372570e-01 4.004866652777595015e-01 -1.384046526384299369e-01 -8.008913711166045779e-01 5.266493186927673209e-01 -2.742420524238372570e-01
1.966500000000000000e+03 6.530000000000000000e+02 1.306000000000000000e+03 6.847717675104035839e-01 1.395465955640609807e-04 2.744183801767259290e-01 4.007442964163336896e-01 -1.384065566928462110e-01 -8.010646348925749560e-01 5.266462547158490271e-01 -2.744183801767259290e-01
1.969500000000000000e+03 6.540000000000000000e+02 1.308000000000000000e+03 6.847719721228956447e-01 1.394230606602830946e-04 2.745937179704275310e-01 4.010002294912069498e-01 -1.384082700016958933e-01 -8.012367648818541355e-01 5.266430469114266044e-01 -2.745937179704275310e-01
1.972500000000000000e+03 6.550000000000000000e+02 1.310000000000000000e+03 6.847718936092413999e-01 1.392992583707406914e-04 2.747677871362860236e-01 4.012544756883372754e-01 -1.384100790094551503e-01 -8.014077685037330756e-01 5.266399813674470520e-01 -2.747677871362860236e-01
1.975500000000000000e+03 6.560000000000000000e+02 1.312000000000000000e+03 6.847719186913724387e-01 1.391752722551668515e-04 2.749407503400821406e-01 4.015070461205613173e-01 -1.384118288575817979e-01 -8.015776531289228179e-01 5.266369027888406773e-01 -2.749407503400821406e-01
1.978500000000000000e+03 6.570000000000000000e+02 1.314000000000000000e+03 6.847720479090426693e-01 1.390511071201201547e-04 2.751126154371577037e-01 4.017579518282272666e-01 -1.384135194176727701e-01 -8.017464260800386544e-01 5.266338106428809507e-01 -2.751126154371577037e-01
1.981500000000000000e+03 6.580000000000000000e+02 1.316000000000000000e+03 6.847718936917281951e-01 1.389266889779520195e-04 2.752832342098119334e-01 4.020072037795106024e-01 -1.384153065558776652e-01 -8.019140946317455665e-01 5.266308604219336331e-01 -2.752832342098119334e-01
1.984500000000000000e+03 6.590000000000000000e+02 1.318000000000000000e+03 6.847721751664246348e-01 1.388021683954716564e-04 2.754529031808135020e-01 4.022548128709645399e-01 -1.384169014265347608e-01 -8.020806660112063113e-01 5.266277628303928093e-01 -2.754529031808135020e-01
1.987500000000000000e+03 6.600000000000000000e+02 1.320000000000000000e+03 6.847718796967219301e-01 1.386773446532027607e-04 2.756212224982405035e-01 4.025007899277496248e-01 -1.384187113856860940e-01 -8.022461473981861158e-01 5.266249248999456123e-01 -2.756212224982405035e-01
1.990500000000000000e+03 6.610000000000000000e+02 1.322000000000000000e+03 6.847723385729326262e-01 1.385524919734012919e-04 2.757887352730552522e-01 4.027451457046289374e-01 -1.384202009409834511e-01 -8.024105459257628858e-01 5.266218106527076337e-01 -2.757887352730552522e-01
1.993500000000000000e+03 6.620000000000000000e+02 1.324000000000000000e+03 6.847718096196333537e-01 1.384272622506300065e-04 2.759547472966309423e-01 4.029878908857449926e-01 -1.384220716573898724e-01 -8.025738686801602295e-01 5.266191213835292873e-01 -2.759547472966309423e-01
1.996500000000000000e+03 6.630000000000000000e+02 1.326000000000000000e+03 6.847724616207337967e-01 1.383020984909664455e-04 2.761201396372144901e-01 4.032290360854868250e-01 -1.384234500410467250e-01 -8.027361227013473099e-01 5.266159830641328199e-01 -2.761201396372144901e-01
1.999500000000000000e+03 6.640000000000000000e+02 1.328000000000000000e+03 6.847258387638851529e-01 1.381476511642506708e-04 2.762262285029192244e-01 4.034114281441197880e-01 -1.384258633043418119e-01 -8.028400908276821513e-01 5.266138623247629269e-01 -2.762262285029192244e-01
2.002500000000000000e+03 6.650000000000000000e+02 1.330000000000000000e+03 6.847725812896472419e-01 1.380510307611674951e-04 2.764471890992379333e-01 4.037065686517396501e-01 -1.384266351241261184e-01 -8.030574524740985431e-01 5.266102633748606099e-01 -2.764471890992379333e-01
2.005500000000000000e+03 6.660000000000000000e+02 1.332000000000000000e+03 6.847717798459314054e-01 1.379250816500765704e-04 2.766087512492285683e-01 4.039429769016817384e-01 -1.384285513902498155e-01 -8.032165420766403940e-01 5.266077908274118258e-01 -2.766087512492285683e-01
2.008500000000000000e+03 6.670000000000000000e+02 1.334000000000000000e+03 6.847727225922481953e-01 1.377993283364035569e-04 2.767699509636665223e-01 4.041778269378740740e-01 -1.384297473302547321e-01 -8.033745906484492938e-01 5.266046396847827715e-01 -2.767699509636665223e-01
2.011500000000000000e+03 6.680000000000000000e+02 1.336000000000000000e+03 6.847717519946524556e-01 1.376730387041330192e-04 2.769293173533635688e-01 4.044111290319787888e-01 -1.384317007851283421e-01 -8.035316050023131318e-01 5.266022876489495630e-01 -2.769293173533635688e-01
2.014500000000000000e+03 6.690000000000000000e+02 1.338000000000000000e+03 6.847728240295054558e-01 1.375470125733067514e-04 2.770884568289264660e-01 4.046428933882272316e-01 -1.384328127318815438e-01 -8.036875919063584117e-01 5.265991350774319457e-01 -2.770884568289264660e-01
2.017500000000000000e+03 6.700000000000000000e+02 1.340000000000000000e+03 6.847717033082847404e-01 1.374204029505014389e-04 2.772456629526366401e-01 4.048731301442525243e-01 -1.384347964353198068e-01 -8.038425580845828256e-01 5.265968951319461855e-01 -2.772456629526366401e-01
2.020500000000000000e+03 6.710000000000000000e+02 1.342000000000000000e+03 6.847729730032461326e-01 1.372941340078913624e-04 2.774027977629445196e-01 4.051018493710754065e-01 -1.384357971831057799e-01 -8.039965102168786792e-01 5.265937124539341596e-01 -2.774027977629445196e-01
2.023500000000000000e+03 6.720000000000000000e+02 1.344000000000000000e+03 6.847716911586804178e-01 1.371672184962662423e-04 2.775578666271947270e-01 4.053290610736958177e-01 -1.384378163051291077e-01 -8.041494549394114788e-01 5.265915883122167518e-01 -2.775578666271947270e-01
2.026500000000000000e+03 6.730000000000000000e+02 1.346000000000000000e+03 6.847730804331277898e-01 1.370407069786952069e-04 2.777129926923258552e-01 4.055547751916135923e-01 -1.384387379193813272e-01 -8.043013988449834173e-01 5.265884061526575621e-01 -2.777129926923258552e-01
2.029500000000000000e+03 6.740000000000000000e+02 1.348000000000000000e+03 6.847716820547132821e-01 1.369135104545524421e-04 2.778659694675141845e-01 4.057790015991237786e-01 -1.384407750986054730e-01 -8.044523484832284410e-01 5.265863790157142565e-01 -2.778659694675141845e-01
2.032500000000000000e+03 6.750000000000000000e+02 1.350000000000000000e+03 6.847731692158497419e-01 1.367867675901701240e-04 2.780191051270207714e-01 4.060017501056403244e-01 -1.384416268604264366e-01 -8.046023103608224147e-01 5.265832052338016434e-01 -2.780191051270207714e-01
2.035500000000000000e+03 6.760000000000000000e+02 1.352000000000000000e+03 6.847716702018271651e-01 1.366593087890078393e-04 2.781700230400254714e-01 4.062230304563251293e-01 -1.384436763107613766e-01 -8.047512909419414218e-01 5.265812679019159503e-01 -2.781700230400254714e-01
2.038500000000000000e+03 6.770000000000000000e+02 1.354000000000000000e+03 6.847732917252991047e-01 1.365323570712685490e-04 2.783212098897809295e-01 4.064428523322594078e-01 -1.384444438842967473e-01 -8.048992966483274891e-01 5.265780867585465597e-01 -2.783212098897809295e-01
2.041500000000000000e+03 6.780000000000000000e+02 1.356000000000000000e+03 6.847716403519720219e-01 1.364046408773677394e-04 2.784700743511462351e-01 4.066612253509985786e-01 -1.384465272704495931e-01 -8.050463338597182439e-01 5.265762595085720088e-01 -2.784700743511462351e-01
2.044500000000000000e+03 6.790000000000000000e+02 1.358000000000000000e+03 6.847733826816719827e-01 1.362774924546485892e-04 2.786193333235290615e-01 4.068781590668949510e-01 -1.384472166210092003e-01 -8.051924089140138907e-01 5.265730755904848293e-01 -2.786193333235290615e-01
2.047500000000000000e+03 6.800000000000000000e+02 1.360000000000000000e+03 6.847716276072447483e-01 1.361495434342309516e-04 2.787661901815878807e-01 4.070936629714980715e-01 -1.384493148183706390e-01 -8.053375281075869641e-01 5.265713379259990834e-01 -2.787661901815878807e-01
2.050500000000000000e+03 6.810000000000000000e+02 1.362000000000000000e+03 6.847623965826233894e-01 1.360159488136852444e-04 2.789007030424616174e-01 4.072955881256681843e-01 -1.384506122646216308e-01 -8.054695285325896847e-01 5.265688254901280674e-01 -2.789007030424616174e-01
2.053500000000000000e+03 6.820000000000000000e+02 1.364000000000000000e+03 6.847716600794170327e-01 1.358940510567695811e-04 2.790584338450763369e-01 4.075204190148761230e-01 -1.384520285630896630e-01 -8.056249239011181729e-01 5.265664900560418360e-01 -2.790584338450763369e-01
2.056500000000000000e+03 6.830000000000000000e+02 1.366000000000000000e+03 6.847735690063510017e-01 1.357665375362891356e-04 2.792038844433786249e-01 4.077316898321890482e-01 -1.384525933762282834e-01 -8.057672128925297272e-01 5.265633284491511024e-01 -2.792038844433786249e-01
2.059500000000000000e+03 6.840000000000000000e+02 1.368000000000000000e+03 6.847716288763996406e-01 1.356381704970558908e-04 2.793468121386866176e-01 4.079415681941290783e-01 -1.384547139293886286e-01 -8.059085708052914354e-01 5.265617586666048178e-01 -2.793468121386866176e-01
2.062500000000000000e+03 6.850000000000000000e+02 1.370000000000000000e+03 6.847736549087017899e-01 1.355105021027032007e-04 2.794904105868253330e-01 4.081500632849093813e-01 -1.384552033895199985e-01 -8.060490037325579449e-01 5.265585931457326119e-01 -2.794904105868253330e-01
2.065500000000000000e+03 6.860000000000000000e+02 1.372000000000000000e+03 6.847716480869208144e-01 1.353819520953353890e-04 2.796314220529152461e-01 4.083571842294214105e-01 -1.384573254613402638e-01 -8.061885177282830384e-01 5.265570956753677923e-01 -2.796314220529152461e-01
2.068500000000000000e+03 6.870000000000000000e+02 1.374000000000000000e+03 6.847737185192943610e-01 1.352541279843390721e-04 2.797731637356053458e-01 4.085629400914608800e-01 -1.384577696890325615e-01 -8.063271188060218142e-01 5.265539550704164684e-01 -2.797731637356053458e-01
2.071500000000000000e+03 6.880000000000000000e+02 1.376000000000000000e+03 6.847716475138980741e-01 1.351254090157215653e-04 2.799122847760672217e-01 4.087673398749853138e-01 -1.384598928153606412e-01 -8.064648129397682386e-01 5.265525281637010169e-01 -2.799122847760672217e-01
2.074500000000000000e+03 6.890000000000000000e+02 1.378000000000000000e+03 6.847738025402172468e-01 1.349974503815461126e-04 2.800522108165174329e-01 4.089703925261798378e-01 -1.384602758605079642e-01 -8.066016060653837805e-01 5.265493952488663476e-01 -2.800522108165174329e-01
2.077500000000000000e+03 6.900000000000000000e+02 1.380000000000000000e+03 6.847716737615846538e-01 1.348685769045456840e-04 2.801894685191936851e-01 4.091721069302679537e-01 -1.384623979586455944e-01 -8.067375040783806295e-01 5.265480355591869444e-01 -2.801894685191936851e-01
2.080500000000000000e+03 6.910000000000000000e+02 1.382000000000000000e+03 6.847738532680868184e-01 1.347404848403839332e-04 2.803275787104188010e-01 4.093724919147452290e-01 -1.384627448628710789e-01 -8.068725128361735610e-01 5.265449341257547600e-01 -2.803275787104188010e-01
2.083500000000000000e+03 6.920000000000000000e+02 1.384000000000000000e+03 6.847716922593399813e-01 1.346114747657020964e-04 2.804630076743402922e-01 4.095715562496149431e-01 -1.384648560079772550e-01 -8.070066381581745274e-01 5.265436304838342352e-01 -2.804630076743402922e-01
2.086500000000000000e+03 6.930000000000000000e+02 1.386000000000000000e+03 6.847739126651863906e-01 1.344832651670826475e-04 2.805993327711179264e-01 4.097693086452524613e-01 -1.384651605265620478e-01 -8.071398858243976626e-01 5.265405530532797362e-01 -2.805993327711179264e-01
2.089500000000000000e+03 6.940000000000000000e+02 1.388000000000000000e+03 6.847717030352091783e-01 1.343541278415551535e-04 2.807329501249294923e-01 4.099657577563407540e-01 -1.384672679349376323e-01 -8.072722615780792976e-01 5.265393114531498053e-01 -2.807329501249294923e-01
2.092500000000000000e+03 6.950000000000000000e+02 1.390000000000000000e+03 6.847739794195780716e-01 1.342258160263045763e-04 2.808675200350423395e-01 4.101609121788020174e-01 -1.384675243446585047e-01 -8.074037711236277115e-01 5.265362510885853720e-01 -2.808675200350423395e-01
2.095500000000000000e+03 6.960000000000000000e+02 1.392000000000000000e+03 6.847717285807388699e-01 1.340965651833469802e-04 2.809993523417035899e-01 4.103547804523183240e-01 -1.384696254761104139e-01 -8.075344201283013446e-01 5.265350677865977547e-01 -2.809993523417035899e-01
2.098500000000000000e+03 6.970000000000000000e+02 1.394000000000000000e+03 6.847740302382516742e-01 1.339681572004506433e-04 2.811321778851456621e-01 4.105473710609791604e-01 -1.384698468182680442e-01 -8.076642142226682086e-01 5.265320363375225465e-01 -2.811321778851456621e-01
2.101500000000000000e+03 6.980000000000000000e+02 1.396000000000000000e+03 6.847449238294414098e-01 1.338225729788597462e-04 2.812281371150737730e-01 4.107049608229341731e-01 -1.384723217588731681e-01 -8.077594022840304255e-01 5.265312651689566525e-01 -2.812281371150737730e-01
2.104500000000000000e+03 6.990000000000000000e+02 1.398000000000000000e+03 6.847740642674136069e-01 1.337103123167257231e-04 2.813933522705492907e-01 4.109287529334074707e-01 -1.384721292470865173e-01 -8.079212600132625877e-01 5.265279077427132970e-01 -2.813933522705492907e-01
2.107500000000000000e+03 7.000000000000000000e+02 1.400000000000000000e+03 6.847717966400856948e-01 1.335808829404725579e-04 2.815217107970459098e-01 4.111175608843204432e-01 -1.384741923092460414e-01 -8.080485227849935059e-01 5.265268119879475961e-01 -2.815217107970459098e-01
2.110500000000000000e+03 7.010000000000000000e+02 1.402000000000000000e+03 6.847741114689591679e-01 1.334523104486376585e-04 2.816511012018497739e-01 4.113051245434196090e-01 -1.384743602412090158e-01 -8.081749527965491620e-01 5.265238515946993880e-01 -2.816511012018497739e-01
2.113500000000000000e+03 7.020000000000000000e+02 1.404000000000000000e+03 6.847718582735549120e-01 1.333228134988861285e-04 2.817777663298958180e-01 4.114914521170791595e-01 -1.384763955479544340e-01 -8.083005554950923877e-01 5.265227891651965697e-01 -2.817777663298958180e-01
2.116500000000000000e+03 7.030000000000000000e+02 1.406000000000000000e+03 6.847741581658556287e-01 1.331941715875427574e-04 2.819054641650342585e-01 4.116765517555576182e-01 -1.384765463121951368e-01 -8.084253362907086737e-01 5.265198721256744152e-01 -2.819054641650342585e-01
2.119500000000000000e+03 7.040000000000000000e+02 1.408000000000000000e+03 6.847718804824911576e-01 1.330646106217578135e-04 2.820304422128157018e-01 4.118604315558295204e-01 -1.384785703116991895e-01 -8.085493005583064274e-01 5.265188583454907256e-01 -2.820304422128157018e-01
2.122500000000000000e+03 7.050000000000000000e+02 1.410000000000000000e+03 6.847741698740651417e-01 1.329359111678688984e-04 2.821564714538017382e-01 4.120430995603884261e-01 -1.384787025481835354e-01 -8.086724536368200544e-01 5.265159821830183162e-01 -2.821564714538017382e-01
2.125500000000000000e+03 7.060000000000000000e+02 1.412000000000000000e+03 6.847719190447116855e-01 1.328063070347054828e-04 2.822798056022665092e-01 4.122245637584844857e-01 -1.384806945250800780e-01 -8.087948008300381852e-01 5.265149952277716761e-01 -2.822798056022665092e-01
2.128500000000000000e+03 7.070000000000000000e+02 1.414000000000000000e+03 6.847742043896100084e-01 1.326775620286433147e-04 2.824041907779673011e-01 4.124048320857750527e-01 -1.384808060179036071e-01 -8.089163474063663095e-01 5.265121566283990084e-01 -2.824041907779673011e-01
2.131500000000000000e+03 7.080000000000000000e+02 1.416000000000000000e+03 6.847719950258898125e-01 1.325479281383279970e-04 2.825259088268461394e-01 4.125839124249881529e-01 -1.384827603354546188e-01 -8.090370985992518804e-01 5.265111897724057410e-01 -2.825259088268461394e-01
2.134500000000000000e+03 7.090000000000000000e+02 1.418000000000000000e+03 6.847705316659117303e-01 1.324169875177899809e-04 2.826440598567226958e-01 4.127573351749021513e-01 -1.384829857350319826e-01 -8.091525791977961513e-01 5.265085193410734554e-01 -2.826440598567226958e-01
2.137500000000000000e+03 7.100000000000000000e+02 1.420000000000000000e+03 6.847720097473891654e-01 1.322894756569537999e-04 2.827687542167387491e-01 4.129385404071225230e-01 -1.384848092874635117e-01 -8.092762355949369990e-01 5.265074813781982499e-01 -2.827687542167387491e-01
2.140500000000000000e+03 7.110000000000000000e+02 1.422000000000000000e+03 6.847742311490688794e-01 1.321606599568077170e-04 2.828898926375469358e-01 4.131141035532986949e-01 -1.384849036599686001e-01 -8.093946316915443528e-01 5.265047390539974170e-01 -2.828898926375469358e-01
2.143500000000000000e+03 7.120000000000000000e+02 1.424000000000000000e+03 6.847721113246489910e-01 1.320309985467993592e-04 2.830084453850644222e-01 4.132885097169074484e-01 -1.384867810614542616e-01 -8.095122529916575216e-01 5.265038076065930994e-01 -2.830084453850644222e-01
2.146500000000000000e+03 7.130000000000000000e+02 1.426000000000000000e+03 6.847742173890405404e-01 1.319021465643293429e-04 2.831279576003329357e-01 4.134617665365160066e-01 -1.384869019924844513e-01 -8.096291045679480103e-01 5.265011469676150746e-01 -2.831279576003329357e-01
2.149500000000000000e+03 7.140000000000000000e+02 1.428000000000000000e+03 6.847721508398499912e-01 1.317724879306390873e-04 2.832449628069086955e-01 4.136338816634383964e-01 -1.384887379682005204e-01 -8.097451915031248504e-01 5.265002286962161548e-01 -2.832449628069086955e-01
2.152500000000000000e+03 7.150000000000000000e+02 1.430000000000000000e+03 6.847742540583109383e-01 1.316436311915951114e-04 2.833629161399084939e-01 4.138048626398549423e-01 -1.384888394114185683e-01 -8.098605188063707772e-01 5.264976026664622832e-01 -2.833629161399084939e-01
2.155500000000000000e+03 7.160000000000000000e+02 1.432000000000000000e+03 6.847722366964272833e-01 1.315139841643613743e-04 2.834783928662809593e-01 4.139747169568038232e-01 -1.384906359936116105e-01 -8.099750914531286261e-01 5.264966985868476668e-01 -2.834783928662809593e-01
2.158500000000000000e+03 7.170000000000000000e+02 1.434000000000000000e+03 6.847742484082065539e-01 1.313851151751505345e-04 2.835947711055624154e-01 4.141434520424698285e-01 -1.384907550592955339e-01 -8.100889143770043654e-01 5.264941432714419500e-01 -2.835947711055624154e-01
2.161500000000000000e+03 7.180000000000000000e+02 1.436000000000000000e+03 6.847722624430389038e-01 1.312554857180875389e-04 2.837087323796462224e-01 4.143110752872322111e-01 -1.384925199704639120e-01 -8.102019924869646728e-01 5.264932601073184504e-01 -2.837087323796462224e-01
2.164500000000000000e+03 7.190000000000000000e+02 1.438000000000000000e+03 6.847742204860326476e-01 1.311266210933774033e-04 2.838235713566154006e-01 4.144775940238605294e-01 -1.384926414418969631e-01 -8.103143306537566870e-01 5.264907592971412864e-01 -2.838235713566154006e-01
2.167500000000000000e+03 7.200000000000000000e+02 1.440000000000000000e+03 6.847723440506615633e-01 1.309970333110882284e-04 2.839360697017837554e-01 4.146430155490877789e-01 -1.384943426412790501e-01 -8.104259337246771944e-01 5.264898640228934390e-01 -2.839360697017837554e-01
2.170500000000000000e+03 7.210000000000000000e+02 1.442000000000000000e+03 6.847742408834297523e-01 1.308681807052223460e-04 2.840493862206850961e-01 4.148073470962224674e-01 -1.384944700584218591e-01 -8.105368065047791060e-01 5.264874202840940098e-01 -2.840493862206850961e-01
2.173500000000000000e+03 7.220000000000000000e+02 1.444000000000000000e+03 6.847724083203891032e-01 1.307386309222734720e-04 2.841604143095614043e-01 4.149705958605290901e-01 -1.384961350742661135e-01 -8.106469537742988507e-01 5.264865394647374464e-01 -2.841604143095614043e-01
2.176500000000000000e+03 7.230000000000000000e+02 1.446000000000000000e+03 6.847742084458063871e-01 1.306097924572314367e-04 2.842722132831642101e-01 4.151327689872562621e-01 -1.384962835932882497e-01 -8.107563802804030884e-01 5.264841669972388782e-01 -2.842722132831642101e-01
2.179500000000000000e+03 7.240000000000000000e+02 1.448000000000000000e+03 6.847725240710016426e-01 1.304803092632575109e-04 2.843818340392697541e-01 4.152938735751366406e-01 -1.384978694452221881e-01 -8.108650907396112162e-01 5.264832567003414621e-01 -2.843818340392697541e-01
2.182500000000000000e+03 7.250000000000000000e+02 1.450000000000000000e+03 6.847741981838936232e-01 1.303514880515531230e-04 2.844921226725146690e-01 4.154539166735884415e-01 -1.384980516652872806e-01 -8.109730898358405993e-01 5.264809671633259303e-01 -2.844921226725146690e-01
2.185500000000000000e+03 7.260000000000000000e+02 1.452000000000000000e+03 6.847725682083495302e-01 1.302220620149750112e-04 2.846003165337278595e-01 4.156129052867303386e-01 -1.384995975833223092e-01 -8.110803822231875682e-01 5.264800656894597086e-01 -2.846003165337278595e-01
2.188500000000000000e+03 7.270000000000000000e+02 1.454000000000000000e+03 6.847742027059163794e-01 1.300932829947455465e-04 2.847091498340006410e-01 4.157708463738258309e-01 -1.384997780409408796e-01 -8.111869725261826591e-01 5.264778226921820181e-01 -2.847091498340006410e-01
2.191500000000000000e+03 7.280000000000000000e+02 1.456000000000000000e+03 6.847726752768111824e-01 1.299639315214103303e-04 2.848159559291707499e-01 4.159277468453853044e-01 -1.385012643093717355e-01 -8.112928653371453969e-01 5.264769094079746470e-01 -2.848159559291707499e-01
2.194500000000000000e+03 7.290000000000000000e+02 1.458000000000000000e+03 6.847741662992714584e-01 1.298351832269162439e-04 2.849233095914677216e-01 4.160836135674922387e-01 -1.385014865872177814e-01 -8.113980652191331577e-01 5.264747556276654361e-01 -2.849233095914677216e-01
2.197500000000000000e+03 7.300000000000000000e+02 1.460000000000000000e+03 6.847727505321984376e-01 1.297059160789179697e-04 2.850287505834222523e-01 4.162384533582867974e-01 -1.385029096935625204e-01 -8.115025767035118909e-01 5.264738261200896385e-01 -2.850287505834222523e-01
2.200500000000000000e+03 7.310000000000000000e+02 1.462000000000000000e+03 6.847741683519860123e-01 1.295772199268981951e-04 2.851346724491394813e-01 4.163922729961613278e-01 -1.385031449761335853e-01 -8.116064042955757341e-01 5.264717318464362528e-01 -2.851346724491394813e-01
2.203500000000000000e+03 7.320000000000000000e+02 1.464000000000000000e+03 6.847728216519559652e-01 1.294480368659634050e-04 2.852387492341503794e-01 4.165450792074899544e-01 -1.385045229202420125e-01 -8.117095524661329664e-01 5.264708032319825870e-01 -2.852387492341503794e-01
2.206500000000000000e+03 7.330000000000000000e+02 1.466000000000000000e+03 6.847741509236180413e-01 1.293193978204052255e-04 2.853432512907241314e-01 4.166968786801537039e-01 -1.385047779892840114e-01 -8.118120256607559426e-01 5.264687743700318112e-01 -2.853432512907241314e-01
2.209500000000000000e+03 7.340000000000000000e+02 1.468000000000000000e+03 6.847728899934567570e-01 1.291903096567525793e-04 2.854459891865948062e-01 4.168476780518024505e-01 -1.385061040972258295e-01 -8.119138282917466309e-01 5.264678391051518247e-01 -2.854459891865948062e-01
2.212500000000000000e+03 7.350000000000000000e+02 1.470000000000000000e+03 6.847741040041014360e-01 1.290617303613052647e-04 2.855490784243879254e-01 4.169974839216140094e-01 -1.385063904806795865e-01 -8.120149647461736286e-01 5.264658863217857032e-01 -2.855490784243879254e-01
2.215500000000000000e+03 7.360000000000000000e+02 1.472000000000000000e+03 6.847729646188500663e-01 1.289327512874470808e-04 2.856505104773390258e-01 4.171463028426279918e-01 -1.385076501040899966e-01 -8.121154393806067073e-01 5.264649289032676815e-01 -2.856505104773390258e-01
2.218500000000000000e+03 7.370000000000000000e+02 1.474000000000000000e+03 6.847740794884356053e-01 1.288042422891552056e-04 2.857522115184908396e-01 4.172941413494559715e-01 -1.385079614721835273e-01 -8.122152565401206115e-01 5.264630450216297719e-01 -2.857522115184908396e-01
2.221500000000000000e+03 7.380000000000000000e+02 1.476000000000000000e+03 6.847730847283090005e-01 1.286753838920122245e-04 2.858523653161051392e-01 4.174410059202605661e-01 -1.385091452170855719e-01 -8.123144205322135880e-01 5.264620552161084488e-01 -2.858523653161051392e-01
2.224500000000000000e+03 7.390000000000000000e+02 1.478000000000000000e+03 6.847740747141998208e-01 1.285469476747057435e-04 2.859526851023829197e-01 4.175869029821687173e-01 -1.385094926927875614e-01 -8.124129356305107574e-01 5.264602505281278377e-01 -2.859526851023829197e-01
2.227500000000000000e+03 7.400000000000000000e+02 1.480000000000000000e+03 6.847731692146613591e-01 1.284182066096343112e-04 2.860515552229604408e-01 4.177318389256129971e-01 -1.385106239078072454e-01 -8.125108060846025770e-01 5.264592508616421362e-01 -2.860515552229604408e-01
2.230500000000000000e+03 7.410000000000000000e+02 1.482000000000000000e+03 6.847740409399111217e-01 1.282898515735872446e-04 2.861505139348863302e-01 4.178758200911357745e-01 -1.385110051171340173e-01 -8.126080361109777606e-01 5.264575221760914303e-01 -2.861505139348863302e-01
2.233500000000000000e+03 7.420000000000000000e+02 1.484000000000000000e+03 6.847732301854281278e-01 1.281612357717798478e-04 2.862481200962703198e-01 4.180188527795659637e-01 -1.385120817669880933e-01 -8.127046298999811569e-01 5.264565098037108370e-01 -2.862481200962703198e-01
2.236500000000000000e+03 7.430000000000000000e+02 1.486000000000000000e+03 6.847740123232990417e-01 1.280329742493664126e-04 2.863457469087079543e-01 4.181609432536655957e-01 -1.385124851009029157e-01 -8.128005916169704914e-01 5.264548447082625371e-01 -2.863457469087079543e-01
2.239500000000000000e+03 7.440000000000000000e+02 1.488000000000000000e+03 6.847733174875910711e-01 1.279044943838892690e-04 2.864421151727200021e-01 4.183020977272682295e-01 -1.385134985733515456e-01 -8.128959253948232488e-01 5.264538102221032467e-01 -2.864421151727200021e-01
2.242500000000000000e+03 7.450000000000000000e+02 1.490000000000000000e+03 6.847739826276453279e-01 1.277763280258322365e-04 2.865384155979288083e-01 4.184423223826507221e-01 -1.385139358506758123e-01 -8.129906353458635770e-01 5.264522197479347687e-01 -2.865384155979288083e-01
2.245500000000000000e+03 7.460000000000000000e+02 1.492000000000000000e+03 6.847734146672939115e-01 1.276479926700010688e-04 2.866335675404874106e-01 4.185816233531087782e-01 -1.385148817883669614e-01 -8.130847255499046300e-01 5.264511580094172194e-01 -2.866335675404874106e-01
2.248500000000000000e+03 7.470000000000000000e+02 1.494000000000000000e+03 6.847739353327646494e-01 1.275199229774049098e-04 2.867285468146949512e-01 4.187200067353026856e-01 -1.385153648742467603e-01 -8.131782000627054696e-01 5.264496532480105184e-01 -2.867285468146949512e-01
2.251500000000000000e+03 7.480000000000000000e+02 1.496000000000000000e+03 6.847734797486442204e-01 1.273917357891360814e-04 2.868224931292399082e-01 4.188574785847754556e-01 -1.385162495703997076e-01 -8.132710629128685476e-01 5.264485697836286393e-01 -2.868224931292399082e-01
2.254500000000000000e+03 7.490000000000000000e+02 1.498000000000000000e+03 6.847739473161762458e-01 1.272637862229406653e-04 2.869162060396197589e-01 4.189940449167581793e-01 -1.385167405552227282e-01 -8.133633181024308989e-01 5.264471120628111400e-01 -2.869162060396197589e-01
2.257500000000000000e+03 7.500000000000000000e+02 1.500000000000000000e+03 6.847735679220984251e-01 1.271357466693719292e-04 2.870089481061071091e-01 4.191297117045819642e-01 -1.385175793894362628e-01 -8.134549696057267187e-01 5.264460214996196097e-01 -2.870089481061071091e-01
2.260500000000000000e+03 7.510000000000000000e+02 1.502000000000000000e+03 6.847739160486552290e-01 1.270079111595631357e-04 2.871013831761924928e-01 4.192644848869989671e-01 -1.385181063973760507e-01 -8.135460213744223346e-01 5.264446381982298417e-01 -2.871013831761924928e-01
2.263500000000000000e+03 7.520000000000000000e+02 1.504000000000000000e+03 6.847736624340252654e-01 1.268800344988467910e-04 2.871929580881397159e-01 4.193983703568759935e-01 -1.385188788160039985e-01 -8.136364773297338759e-01 5.264435192415941600e-01 -2.871929580881397159e-01
2.266500000000000000e+03 7.530000000000000000e+02 1.506000000000000000e+03 6.847738920458285028e-01 1.267523193432263642e-04 2.872841317914225368e-01 4.195313739738723013e-01 -1.385194418006430728e-01 -8.137263413711495197e-01 5.264422095797269829e-01 -2.872841317914225368e-01
2.269500000000000000e+03 7.540000000000000000e+02 1.508000000000000000e+03 6.847737289933987226e-01 1.266246049266587181e-04 2.873745408810519653e-01 4.196635015532587665e-01 -1.385201627875345953e-01 -8.138156173687234318e-01 5.264410764876714666e-01 -2.873745408810519653e-01
2.272500000000000000e+03 7.550000000000000000e+02 1.510000000000000000e+03 6.847738582837838983e-01 1.264970194601152060e-04 2.874644767231118170e-01 4.197947588764125992e-01 -1.385207544513705480e-01 -8.139043091702675703e-01 5.264398324471557533e-01 -2.874644767231118170e-01
2.275500000000000000e+03 7.560000000000000000e+02 1.512000000000000000e+03 6.847738147622044469e-01 1.263694783703470602e-04 2.875537480317247319e-01 4.199251516817725793e-01 -1.385214120644135405e-01 -8.139924205951609704e-01 5.264386725634362385e-01 -2.875537480317247319e-01
2.278500000000000000e+03 7.570000000000000000e+02 1.514000000000000000e+03 6.847738057733745443e-01 1.262420213921805229e-04 2.876424457420833081e-01 4.200546856742332635e-01 -1.385220486683743368e-01 -8.140799554407791572e-01 5.264375096986958491e-01 -2.876424457420833081e-01
2.281500000000000000e+03 7.580000000000000000e+02 1.516000000000000000e+03 6.847738849880711243e-01 1.261146597840784517e-04 2.877305962973749631e-01 4.201833665172369781e-01 -1.385226417646205910e-01 -8.141669174770398421e-01 5.264363211796648789e-01 -2.877305962973749631e-01
2.284500000000000000e+03 7.590000000000000000e+02 1.518000000000000000e+03 6.847738035473172058e-01 1.259873490849540976e-04 2.878180989845776638e-01 4.203111998350411715e-01 -1.385232959772706440e-01 -8.142533104479966477e-01 5.264352114634189839e-01 -2.878180989845776638e-01
2.287500000000000000e+03 7.600000000000000000e+02 1.520000000000000000e+03 6.847739470553942942e-01 1.258601616201242843e-04 2.879051197060342737e-01 4.204381912367708418e-01 -1.385238493166759399e-01 -8.143391380882583075e-01 5.264340183822240338e-01 -2.879051197060342737e-01
2.290500000000000000e+03 7.610000000000000000e+02 1.522000000000000000e+03 6.847737776598451509e-01 1.257329998505658753e-04 2.879914361577211590e-01 4.205643462895247708e-01 -1.385245279520155304e-01 -8.144244041046039273e-01 5.264329679468827683e-01 -2.879914361577211590e-01
2.293500000000000000e+03 7.620000000000000000e+02 1.524000000000000000e+03 6.847740447995057655e-01 1.256060027384080550e-04 2.880773672805388985e-01 4.206896705100508504e-01 -1.385250167974169944e-01 -8.145091121702290327e-01 5.264317448896901341e-01 -2.880773672805388985e-01
2.296500000000000000e+03 7.630000000000000000e+02 1.526000000000000000e+03 6.847737566902338813e-01 1.254789896097612369e-04 2.881624996388166826e-01 4.208141693858321597e-01 -1.385257330895648953e-01 -8.145932659392337571e-01 5.264307663004170745e-01 -2.881624996388166826e-01
2.299500000000000000e+03 7.640000000000000000e+02 1.528000000000000000e+03 6.847741100844181306e-01 1.253521811320367125e-04 2.882473405131183997e-01 4.209378483622630007e-01 -1.385261733609407797e-01 -8.146768690377902411e-01 5.264295285246718414e-01 -2.882473405131183997e-01
2.302500000000000000e+03 7.650000000000000000e+02 1.530000000000000000e+03 6.847737004833239771e-01 1.252253213749925304e-04 2.883313024659203139e-01 4.210607128492399598e-01 -1.385269287885234069e-01 -8.147599250686654582e-01 5.264286226027451443e-01 -2.883313024659203139e-01
2.305500000000000000e+03 7.660000000000000000e+02 1.532000000000000000e+03 6.847741850936648333e-01 1.250987147625625599e-04 2.884150868850879901e-01 4.211827682225461889e-01 -1.385273017565266662e-01 -8.148424376121676804e-01 5.264273507270796904e-01 -2.884150868850879901e-01
2.308500000000000000e+03 7.670000000000000000e+02 1.534000000000000000e+03 6.847736752094106816e-01 1.249720173422249009e-04 2.884979020345261880e-01 4.213040198227547828e-01 -1.385280876836914032e-01 -8.149244102253738742e-01 5.264265081908476862e-01 -2.884979020345261880e-01
2.311500000000000000e+03 7.680000000000000000e+02 1.536000000000000000e+03 6.847742528117980454e-01 1.248456104612828709e-04 2.885806285812553273e-01 4.214244729504574849e-01 -1.385284096292766498e-01 -8.150058464388725277e-01 5.264252178576172003e-01 -2.885806285812553273e-01
2.314500000000000000e+03 7.690000000000000000e+02 1.538000000000000000e+03 6.847736692752506293e-01 1.247190851730594653e-04 2.886623226330461423e-01 4.215441328790576758e-01 -1.385292151154980667e-01 -8.150867497655108762e-01 5.264244271324647340e-01 -2.886623226330461423e-01
2.317500000000000000e+03 7.700000000000000000e+02 1.540000000000000000e+03 6.847742870026776174e-01 1.245928731367153567e-04 2.887439834943378303e-01 4.216630048394454100e-01 -1.385295085192690678e-01 -8.151671236898865303e-01 5.264231401955487000e-01 -2.887439834943378303e-01
2.320500000000000000e+03 7.710000000000000000e+02 1.542000000000000000e+03 6.847736448133923126e-01 1.244665275045345166e-04 2.888245770742723373e-01 4.217810940328755587e-01 -1.385303275082343522e-01 -8.152469716771761910e-01 5.264223946029038537e-01 -2.888245770742723373e-01
2.323500000000000000e+03 7.720000000000000000e+02 1.544000000000000000e+03 6.847743815361972963e-01 1.243405292797440480e-04 2.889052197814853118e-01 4.218984056228360924e-01 -1.385305593114595224e-01 -8.153262971675353521e-01 5.264210773860500403e-01 -2.889052197814853118e-01
2.326500000000000000e+03 7.730000000000000000e+02 1.546000000000000000e+03 6.847736360393728017e-01 1.242143598420517589e-04 2.889847081725334110e-01 4.220149447399541565e-01 -1.385314108940521871e-01 -8.154051035794864788e-01 5.264203954069530678e-01 -2.889847081725334110e-01
2.329500000000000000e+03 7.740000000000000000e+02 1.548000000000000000e+03 6.847744355166885954e-01 1.240885696899351814e-04 2.890643230927040230e-01 4.221307164812511115e-01 -1.385316050071327409e-01 -8.154833943093663384e-01 5.264190712166623154e-01 -2.890643230927040230e-01
2.332500000000000000e+03 7.750000000000000000e+02 1.550000000000000000e+03 6.847736083872408841e-01 1.239625849329485977e-04 2.891427293561026346e-01 4.222457259079877012e-01 -1.385324803057758070e-01 -8.155611727298687219e-01 5.264184433737660873e-01 -2.891427293561026346e-01
2.335500000000000000e+03 7.760000000000000000e+02 1.552000000000000000e+03 6.847745012411159404e-01 1.238370127655279878e-04 2.892213433138905998e-01 4.223599780507202306e-01 -1.385326239925229463e-01 -8.156384421934907980e-01 5.264170988796001982e-01 -2.892213433138905998e-01
2.338500000000000000e+03 7.770000000000000000e+02 1.554000000000000000e+03 6.847735984532365983e-01 1.237112181805580203e-04 2.892986837152349278e-01 4.224734779037939703e-01 -1.385335207362929644e-01 -8.157152060287519157e-01 5.264165223135169880e-01 -2.892986837152349278e-01
2.341500000000000000e+03 7.780000000000000000e+02 1.556000000000000000e+03 6.847745501205042551e-01 1.235858619810354352e-04 2.893762958285944764e-01 4.225862304282059778e-01 -1.385336287770444486e-01 -8.157914675421562567e-01 5.264151717135617803e-01 -2.893762958285944764e-01
2.344500000000000000e+03 7.790000000000000000e+02 1.558000000000000000e+03 6.847735860792467655e-01 1.234602644548201712e-04 2.894525900143258834e-01 4.226982405551320543e-01 -1.385345411256697912e-01 -8.158672300206011307e-01 5.264146400062752473e-01 -2.894525900143258834e-01
2.347500000000000000e+03 7.800000000000000000e+02 1.560000000000000000e+03 6.847746005482602261e-01 1.233351290712995170e-04 2.895292154948756469e-01 4.228095131785933880e-01 -1.385346120235001477e-01 -8.159424967263362305e-01 5.264132812314605836e-01 -2.895292154948756469e-01
2.350500000000000000e+03 7.810000000000000000e+02 1.562000000000000000e+03 6.847735781073105432e-01 1.232097332733670400e-04 2.896044780590492085e-01 4.229200531648804606e-01 -1.385355390052798730e-01 -8.160172709034383409e-01 5.264127928443891324e-01 -2.896044780590492085e-01
2.353500000000000000e+03 7.820000000000000000e+02 1.564000000000000000e+03 6.847396757923293054e-01 1.230647303766332912e-04 2.896328429414064543e-01 4.229824167940394175e-01 -1.385354117139956931e-01 -8.160440923865186491e-01 5.264112494451121949e-01 -2.896328429414064543e-01
2.356500000000000000e+03 7.830000000000000000e+02 1.566000000000000000e+03 6.847735768986353833e-01 1.229596331043721633e-04 2.897543754104530134e-01 4.231389545180191947e-01 -1.385365137881209574e-01 -8.161653545334237592e-01 5.264109791229707458e-01 -2.897543754104530134e-01
2.359500000000000000e+03 7.840000000000000000e+02 1.568000000000000000e+03 6.847746834247702141e-01 1.228349452476258283e-04 2.898290533117731105e-01 4.232473254739037571e-01 -1.385365251435919931e-01 -8.162386703800790233e-01 5.264096170683059128e-01 -2.898290533117731105e-01
2.362500000000000000e+03 7.850000000000000000e+02 1.570000000000000000e+03 6.847735696564544172e-01 1.227099694835461841e-04 2.899023029048778399e-01 4.233549829476034865e-01 -1.385374712940711794e-01 -8.163115064698251988e-01 5.264092035649473589e-01 -2.899023029048778399e-01
2.365500000000000000e+03 7.860000000000000000e+02 1.572000000000000000e+03 6.847747306518358057e-01 1.225855126542102404e-04 2.899760301835343501e-01 4.234619316450340953e-01 -1.385374495818387786e-01 -8.163838659408046983e-01 5.264078357572703482e-01 -2.899760301835343501e-01
2.368500000000000000e+03 7.870000000000000000e+02 1.574000000000000000e+03 6.847735913294873411e-01 1.224607562684576782e-04 2.900483012218419976e-01 4.235681762474418077e-01 -1.385383971232803935e-01 -8.164557519150351661e-01 5.264074506931931685e-01 -2.900483012218419976e-01
2.371500000000000000e+03 7.880000000000000000e+02 1.576000000000000000e+03 6.847747684346965347e-01 1.223365272863988858e-04 2.901210744596949276e-01 4.236737213943686520e-01 -1.385383587681836837e-01 -8.165271674867213836e-01 5.264060930270264560e-01 -2.901210744596949276e-01
2.374500000000000000e+03 7.890000000000000000e+02 1.578000000000000000e+03 6.847735723353560733e-01 1.222119883866703324e-04 2.901923664241486955e-01 4.237785717028693666e-01 -1.385393211351308995e-01 -8.165981157354232911e-01 5.264057493112745956e-01 -2.901923664241486955e-01
2.377500000000000000e+03 7.900000000000000000e+02 1.580000000000000000e+03 6.847748041440845368e-01 1.220879977376269183e-04 2.902642146212079943e-01 4.238827317602840150e-01 -1.385392499719564352e-01 -8.166685997210969550e-01 5.264043850998889607e-01 -2.902642146212079943e-01
2.380500000000000000e+03 7.910000000000000000e+02 1.582000000000000000e+03 6.847735865890481888e-01 1.219636862114831688e-04 2.903345550264356811e-01 4.239862061161444595e-01 -1.385402124006652191e-01 -8.167386224785462279e-01 5.264040674521105467e-01 -2.903345550264356811e-01
2.383500000000000000e+03 7.920000000000000000e+02 1.584000000000000000e+03 6.847748437438712088e-01 1.218399321276878041e-04 2.904054782263438828e-01 4.240889992958989385e-01 -1.385401210452462673e-01 -8.168081870268208977e-01 5.264027088004770150e-01 -2.904054782263438828e-01
2.386500000000000000e+03 7.930000000000000000e+02 1.586000000000000000e+03 6.847736011078660034e-01 1.217158507942277354e-04 2.904748779204244791e-01 4.241911157942969135e-01 -1.385410852657235348e-01 -8.168772963646582230e-01 5.264024184442337440e-01 -2.904748779204244791e-01
2.389500000000000000e+03 7.940000000000000000e+02 1.588000000000000000e+03 6.847748770912479577e-01 1.215923354995438745e-04 2.905448856761601029e-01 4.242925600751037418e-01 -1.385409766615165184e-01 -8.169459534703117365e-01 5.264010677941516336e-01 -2.905448856761601029e-01
2.392500000000000000e+03 7.950000000000000000e+02 1.590000000000000000e+03 6.847735927930098665e-01 1.214684847828322685e-04 2.906133498429261941e-01 4.243933365736132224e-01 -1.385419499014654832e-01 -8.170141613032440020e-01 5.264008114603178079e-01 -2.906133498429261941e-01
2.395500000000000000e+03 7.960000000000000000e+02 1.592000000000000000e+03 6.847749037562900210e-01 1.213452144270287295e-04 2.906824611599473362e-01 4.244934496948220559e-01 -1.385418173721768842e-01 -8.170819228028918246e-01 5.263994616429444884e-01 -2.906824611599473362e-01
2.398500000000000000e+03 7.970000000000000000e+02 1.594000000000000000e+03 6.847736050312535072e-01 1.212216024242503332e-04 2.907500134145644122e-01 4.245929038127782551e-01 -1.385427882617639717e-01 -8.171492408881814162e-01 5.263992274736170041e-01 -2.907500134145644122e-01
2.401500000000000000e+03 7.980000000000000000e+02 1.596000000000000000e+03 6.847749112227947688e-01 1.210985731462987843e-04 2.908182234108365183e-01 4.246917032803169123e-01 -1.385426488544833634e-01 -8.172161184642301457e-01 5.263978950533936274e-01 -2.908182234108365183e-01
2.404500000000000000e+03 7.990000000000000000e+02 1.598000000000000000e+03 6.847736185166464207e-01 1.209752066311161342e-04 2.908848843445187571e-01 4.247898524108336682e-01 -1.385436088892675610e-01 -8.172825584098177831e-01 5.263976740652990260e-01 -2.908848843445187571e-01
2.407500000000000000e+03 8.000000000000000000e+02 1.600000000000000000e+03 6.847749661172929381e-01 1.208524296843735185e-04 2.909522244651292500e-01 4.248873554984674561e-01 -1.385434431625122975e-01 -8.173485635912450809e-01 5.263963391261158309e-01 -2.909522244651292500e-01
