# tau eta eta_joint W_out W_out_joint power power_joint
5.000000000000000000e+00 6.847560276917287192e-01 6.841596181566883539e-01 2.993011760346171446e-01 2.990404903772194700e-01 1.221637453202518986e-02 1.220573430111099832e-02
5.049999999999999822e+00 6.847568708234594848e-01 6.854621862783902841e-01 2.993017610616048874e-01 2.996100488156377972e-01 1.217911540433793890e-02 1.219166017561089561e-02
5.099999999999999645e+00 6.847567317581469970e-01 6.842946798818376752e-01 2.993017526584798027e-01 2.990997934370736022e-01 1.214205893137849240e-02 1.213386585951617067e-02
5.149999999999999467e+00 6.847594596817794255e-01 6.853350289957660380e-01 2.993028745760193399e-01 2.995544513125772967e-01 1.210527298588551584e-02 1.211544798028624075e-02
5.199999999999999289e+00 6.847565152862162829e-01 6.845288645328378996e-01 2.993014477274700269e-01 2.992019434532625644e-01 1.206860676320443797e-02 1.206459449408316988e-02
5.249999999999999112e+00 6.847614589121183704e-01 6.852102958697283697e-01 2.993034563655164737e-01 2.994996392128552731e-01 1.203229975338759687e-02 1.204018650101930724e-02
5.299999999999998934e+00 6.847568503789798200e-01 6.847062630282233497e-01 2.993013319514981063e-01 2.992792206554184542e-01 1.199604536879751888e-02 1.199515914450574941e-02
5.349999999999998757e+00 6.847626776837266727e-01 6.851277265747324208e-01 2.993038553385534151e-01 2.994634150576004350e-01 1.196019401952261481e-02 1.196657003227174706e-02
5.399999999999998579e+00 6.847582645026478732e-01 6.847765041507911654e-01 2.993020184481027801e-01 2.993099908433085599e-01 1.192438320510369812e-02 1.192470083041070016e-02
5.449999999999998401e+00 6.847638046588515603e-01 6.850262876398444112e-01 2.993046591036949700e-01 2.994193882681339680e-01 1.188896361881608757e-02 1.189352088453362460e-02
5.499999999999998224e+00 6.847601983332071152e-01 6.848085000768369124e-01 2.993034220320094363e-01 2.993245343530726021e-01 1.185360087255483107e-02 1.185443700408208428e-02
5.549999999999998046e+00 6.847656742414172104e-01 6.848271789531099607e-01 2.993062506815156176e-01 2.993331339575741046e-01 1.181860812167880199e-02 1.181966965281635445e-02
5.599999999999997868e+00 6.847619173381735980e-01 6.848827533338782692e-01 2.993051070725080143e-01 2.993579237226704493e-01 1.178366563277590678e-02 1.178574502845159376e-02
5.649999999999997691e+00 6.847682859381215570e-01 6.845475595968597560e-01 2.993084098995768549e-01 2.992119316432342302e-01 1.174910343079791503e-02 1.174531625684923503e-02
5.699999999999997513e+00 6.847633524645009295e-01 6.849955656972019913e-01 2.993067511361197086e-01 2.994082504175874515e-01 1.171454994661916792e-02 1.171852252123630096e-02
5.749999999999997335e+00 6.847706966623925418e-01 6.843120899686778724e-01 2.993104029965485413e-01 2.991099479318360954e-01 1.168040597059701903e-02 1.167258333392531475e-02
5.799999999999997158e+00 6.847649988156293555e-01 6.850763924131644256e-01 2.993082728690570349e-01 2.994443818699871196e-01 1.164623629840689026e-02 1.165153236848199061e-02
5.849999999999996980e+00 6.847719321464973419e-01 6.842440934421831766e-01 2.993115719302409383e-01 2.990808553589313634e-01 1.161247611756511915e-02 1.160352494118065472e-02
5.899999999999996803e+00 6.847671580830863025e-01 6.850822929341001677e-01 2.993096651554405518e-01 2.994474096509560646e-01 1.157871045088745138e-02 1.158403905806406654e-02
5.949999999999996625e+00 6.847719449336004960e-01 6.843516332952581660e-01 2.993118669759871064e-01 2.991281499558685608e-01 1.154529862973913829e-02 1.153821214873167363e-02
5.999999999999996447e+00 6.847695116266478976e-01 6.850502787968703045e-01 2.993108696395682111e-01 2.994335921972444137e-01 1.151195652459878135e-02 1.151667662297094219e-02
6.049999999999996270e+00 6.847716216890672447e-01 6.845266819728328400e-01 2.993118499123430531e-01 2.992047874155031595e-01 1.147888206758746268e-02 1.147477612331747679e-02
6.099999999999996092e+00 6.847715190148979669e-01 6.850479951729386840e-01 2.993118879755746198e-01 2.994327350005245858e-01 1.144596129925715827e-02 1.145058260040247161e-02
6.149999999999995914e+00 6.847718896553381951e-01 6.846516855016242520e-01 2.993121907101804480e-01 2.992596497558508428e-01 1.141323892126522473e-02 1.141123545303530593e-02
6.199999999999995737e+00 6.847731129966985186e-01 6.850873197732094688e-01 2.993129441057454931e-01 2.994502832529031267e-01 1.138072030820325327e-02 1.138594232900772690e-02
6.249999999999995559e+00 6.847729024508775186e-01 6.846974373440748440e-01 2.993131584287584968e-01 2.992801727492909736e-01 1.134836619635103648e-02 1.134711555447548946e-02
6.299999999999995381e+00 6.847748182434981734e-01 6.851064763330138030e-01 2.993143856773785583e-01 2.994593530953875149e-01 1.131623386303889055e-02 1.132171467279348247e-02
6.349999999999995204e+00 6.847741030706715470e-01 6.847173694047193893e-01 2.993145299780499702e-01 2.992897317117571010e-01 1.128424241199057695e-02 1.128330751033957378e-02
6.399999999999995026e+00 6.847771176507357893e-01 6.850435492161561779e-01 2.993163444801345552e-01 2.994328018210126174e-01 1.125249415338851894e-02 1.125687224891025115e-02
6.449999999999994849e+00 6.847749696658634866e-01 6.847619053711011539e-01 2.993159079130757183e-01 2.993101974951701827e-01 1.122084003422964618e-02 1.122062596045624201e-02
6.499999999999994671e+00 6.847797800915856881e-01 6.849168966510252865e-01 2.993184827081805111e-01 2.993784166047686046e-01 1.118947598909086384e-02 1.119171650858948389e-02
6.549999999999994493e+00 6.847755554705200476e-01 6.848172565330784556e-01 2.993170438959203983e-01 2.993352715307601164e-01 1.115813770348259189e-02 1.115881720524735353e-02
6.599999999999994316e+00 6.847819374140137194e-01 6.848189794709270695e-01 2.993201501295272848e-01 2.993363413189127353e-01 1.112714312749172457e-02 1.112774503044285622e-02
6.649999999999994138e+00 6.847762856783876639e-01 6.848317015694868060e-01 2.993178897623398615e-01 2.993421122243760113e-01 1.109612195597182299e-02 1.109701991563952043e-02
6.699999999999993960e+00 6.847828625893924714e-01 6.848273874374329884e-01 2.993208643189950724e-01 2.993403262780002239e-01 1.106546633341941484e-02 1.106618581434382076e-02
6.749999999999993783e+00 6.847773614186275504e-01 6.847869968102313631e-01 2.993184582563117591e-01 2.993226699179729611e-01 1.103478187120043863e-02 1.103493713983310850e-02
6.799999999999993605e+00 6.847826368835117083e-01 6.849289395690582039e-01 2.993206801738306222e-01 2.993846295454857254e-01 1.100443677109671885e-02 1.100678785093697938e-02
6.849999999999993427e+00 6.847785208992550610e-01 6.847247309573747387e-01 2.993187431228208073e-01 2.992952313780670170e-01 1.097410607233073945e-02 1.097324404685855528e-02
6.899999999999993250e+00 6.847820248477645144e-01 6.850355385046085210e-01 2.993201156728535484e-01 2.994309271929253002e-01 1.094406273026887234e-02 1.094811433977789343e-02
6.949999999999993072e+00 6.847794195499967707e-01 6.846975022473433814e-01 2.993188292921432625e-01 2.992830230304055483e-01 1.091408675632245598e-02 1.091278114969574005e-02
6.999999999999992895e+00 6.847817360989035818e-01 6.850715504658629884e-01 2.993197341965314617e-01 2.994464127492901806e-01 1.088435397078296729e-02 1.088896046361055581e-02
7.049999999999992717e+00 6.847801283998519173e-01 6.847057675653056563e-01 2.993189850635824545e-01 2.992864817700408020e-01 1.085472293974914203e-02 1.085354421650193760e-02
7.099999999999992539e+00 6.847818676835794038e-01 6.850376648157956438e-01 2.993197705647895335e-01 2.994315800950054784e-01 1.082530815785857740e-02 1.082935190217018499e-02
7.149999999999992362e+00 6.847811173918594285e-01 6.846972059204835537e-01 2.993195412140725598e-01 2.992828632998063565e-01 1.079601591394310951e-02 1.079469299548445511e-02
7.199999999999992184e+00 6.847820512188472764e-01 6.849906820048655698e-01 2.993201105209806201e-01 2.994113036090849667e-01 1.076691045039498973e-02 1.077019077730521912e-02
7.249999999999992006e+00 6.847827079167267961e-01 6.846312471521025511e-01 2.993206045048845132e-01 2.992544005439754518e-01 1.073795890600482902e-02 1.073558387601706091e-02
7.299999999999991829e+00 6.847820321290899459e-01 6.849722081133586826e-01 2.993205383685568766e-01 2.994036649333984279e-01 1.070914269654944621e-02 1.071211681335951932e-02
7.349999999999991651e+00 6.847846181927571552e-01 6.845351274764216454e-01 2.993218962272076178e-01 2.992128429098277476e-01 1.068053153353105272e-02 1.067664024655942505e-02
7.399999999999991473e+00 6.847819915399588897e-01 6.849692657783285066e-01 2.993209508696650367e-01 2.994028091892393384e-01 1.065199113415178471e-02 1.065490424160994536e-02
7.449999999999991296e+00 6.847861394559998649e-01 6.844860191249104719e-01 2.993229256953880979e-01 2.991917418258756012e-01 1.062370632459230628e-02 1.061905028663267907e-02
7.499999999999991118e+00 6.847822912813937846e-01 6.849441589837005351e-01 2.993213546999063945e-01 2.993921077853081147e-01 1.059544618406748837e-02 1.059795071806400937e-02
7.549999999999990941e+00 6.847867867560158972e-01 6.845367492238755291e-01 2.993233794847722784e-01 2.992140869566952688e-01 1.056746264729999801e-02 1.056360412909780784e-02
7.599999999999990763e+00 6.847830158151201330e-01 6.848892591873834146e-01 2.993217479724499253e-01 2.993681874301494794e-01 1.053949816804401751e-02 1.054113336021653656e-02
7.649999999999990585e+00 6.847867415750472642e-01 6.846645355566494118e-01 2.993233649496714888e-01 2.992699481493406033e-01 1.051179508163903840e-02 1.050991916240002523e-02
7.699999999999990408e+00 6.847838771117397139e-01 6.848384682124082357e-01 2.993220941245992028e-01 2.993459561387599166e-01 1.048413639665847150e-02 1.048497219400210297e-02
7.749999999999990230e+00 6.847866411731071690e-01 6.847956599452442727e-01 2.993232965253995737e-01 2.993272386709444621e-01 1.045670904892226187e-02 1.045684676579719183e-02
7.799999999999990052e+00 6.847845828633049026e-01 6.848233468427276094e-01 2.993224266352886298e-01 2.993393705453549769e-01 1.042935284443514965e-02 1.042994322457683337e-02
7.849999999999989875e+00 6.847869645987493259e-01 6.848762191041011249e-01 2.993235468798989274e-01 2.993625604366663140e-01 1.040220840590439996e-02 1.040356422021430048e-02
7.899999999999989697e+00 6.847852056980104907e-01 6.848294615445863487e-01 2.993229163885093858e-01 2.993422608325103651e-01 1.037514441554625820e-02 1.037581493353589325e-02
7.949999999999989519e+00 6.847876651483211230e-01 6.849131548179052675e-01 2.993241896752565356e-01 2.993790418514457041e-01 1.034828659205727641e-02 1.035018295078464663e-02
7.999999999999989342e+00 6.847860932806936196e-01 6.848079604489318850e-01 2.993237525364684792e-01 2.993333107954907479e-01 1.032150870815409099e-02 1.032183830329279003e-02
8.049999999999990052e+00 6.847883759790825975e-01 6.849480637921755433e-01 2.993250372933897729e-01 2.993948377781614489e-01 1.029492819581736586e-02 1.029732890036669235e-02
8.099999999999988987e+00 6.847874090212059395e-01 6.847316105657861307e-01 2.993249183596079499e-01 2.993005285009553429e-01 1.026843630736219877e-02 1.026759960552162988e-02
8.149999999999987921e+00 6.847888834189196361e-01 6.850005956363195425e-01 2.993258602406462243e-01 2.994184010851766997e-01 1.024211668915813236e-02 1.024528318512153702e-02
8.199999999999988631e+00 6.847888347486761340e-01 6.846324558279709427e-01 2.993261078811498832e-01 2.992577535340663619e-01 1.021590811881058214e-02 1.021357520594083808e-02
8.249999999999989342e+00 6.847893200255416035e-01 6.850471912033714306e-01 2.993265418078081552e-01 2.994392592314514268e-01 1.018983972111687890e-02 1.019367691000686200e-02
8.299999999999988276e+00 6.847898000257249818e-01 6.845763606734349693e-01 2.993269113695218309e-01 2.992336153798863529e-01 1.016390191407545024e-02 1.016073396875675876e-02
8.349999999999987210e+00 6.847899135190390618e-01 6.850537795998444812e-01 2.993270563350981517e-01 2.994423942740410682e-01 1.013808827553254292e-02 1.014199472562375172e-02
8.399999999999987921e+00 6.847900137521233388e-01 6.846003904451170019e-01 2.993271310110475758e-01 2.992442451638255285e-01 1.011240307469755961e-02 1.010960287715627522e-02
8.449999999999988631e+00 6.847906482766565883e-01 6.850183636477141791e-01 2.993273851154554244e-01 2.994269212974123295e-01 1.008685375283759414e-02 1.009020796284456657e-02
8.499999999999987566e+00 6.847897391315974636e-01 6.846793333351394173e-01 2.993269265793374601e-01 2.992786673461131919e-01 1.006140929678445844e-02 1.005978713768448246e-02
8.549999999999986500e+00 6.847912670746543196e-01 6.849721551909475625e-01 2.993275153909499275e-01 2.994065829740473195e-01 1.003612792593294549e-02 1.003877897649782004e-02
8.599999999999987210e+00 6.847895326686945783e-01 6.847545677197360847e-01 2.993266812729529214e-01 2.993113978294519306e-01 1.001092579508204398e-02 1.001041464312548909e-02
8.649999999999987921e+00 6.847916020918081159e-01 6.849398404396372930e-01 2.993275322824426876e-01 2.993923283732676799e-01 9.985905997746218760e-03 9.988067668832957546e-03
8.699999999999986855e+00 6.847897378290316306e-01 6.847914865811517426e-01 2.993267015309317713e-01 2.993274659235255486e-01 9.960955125821364248e-03 9.960980563178893632e-03
8.749999999999985789e+00 6.847918218185040651e-01 6.849086634020767894e-01 2.993276433263637459e-01 2.993787156592085941e-01 9.936187330335733564e-03 9.937882677484109056e-03
8.799999999999986500e+00 6.847902579984493920e-01 6.848042982401555401e-01 2.993270405246682975e-01 2.993331776213180584e-01 9.911491408101606032e-03 9.911694623222458422e-03
8.849999999999987210e+00 6.847922760345127591e-01 6.848450070746070484e-01 2.993280479965112484e-01 2.993510971456512237e-01 9.886971032089559783e-03 9.887732358237866226e-03
8.899999999999986144e+00 6.847907927628716918e-01 6.848272341372904082e-01 2.993275585419761242e-01 2.993434873595799406e-01 9.862522521976155310e-03 9.863047359458983199e-03
8.949999999999985079e+00 6.847930949498108877e-01 6.847404177856802887e-01 2.993287464805801656e-01 2.993057208548492998e-01 9.838249678901574147e-03 9.837492879370567447e-03
8.999999999999985789e+00 6.847912181826795175e-01 6.848704037307481451e-01 2.993281102340058508e-01 2.993627229156989866e-01 9.814036401114951957e-03 9.815171243137679399e-03
9.049999999999986500e+00 6.847939985542567110e-01 6.846336216573123412e-01 2.993294981269054578e-01 2.992593959703812034e-01 9.790008115352596615e-03 9.787715322007567095e-03
9.099999999999985434e+00 6.847916827666166162e-01 6.849106159426797680e-01 2.993286327564952387e-01 2.993806195225092726e-01 9.766023907226605016e-03 9.767720049674044960e-03
9.149999999999984368e+00 6.847945454876805949e-01 6.845807788937712246e-01 2.993299977572897452e-01 2.992365584118727995e-01 9.742229381848330552e-03 9.739188231468609222e-03
9.199999999999985079e+00 6.847923607952879355e-01 6.849230351974490150e-01 2.993291203947650025e-01 2.993862393933057753e-01 9.718477934894975342e-03 9.720332447834611339e-03
9.249999999999985789e+00 6.847945667956583105e-01 6.846038570736602269e-01 2.993301292747760911e-01 2.992467682662232065e-01 9.694902972462390162e-03 9.692203020768369592e-03
9.299999999999984723e+00 6.847932002272871799e-01 6.849125273256528867e-01 2.993295521265439962e-01 2.993817111241778850e-01 9.671391021859264067e-03 9.673076288341780210e-03
9.349999999999983658e+00 6.847943251638365370e-01 6.846717691967937336e-01 2.993300526706473841e-01 2.992764823025499954e-01 9.648027483340777116e-03 9.646300799437557832e-03
9.399999999999984368e+00 6.847939785587696671e-01 6.849067980600080929e-01 2.993299112622656022e-01 2.993792257310718963e-01 9.624755989140381177e-03 9.626341663378524052e-03
9.449999999999985079e+00 6.847942444892380909e-01 6.847323652799528482e-01 2.993300552271036530e-01 2.993030072381904771e-01 9.601605620757141038e-03 9.600738002828892656e-03
9.499999999999984013e+00 6.847945883085941876e-01 6.849207831397265966e-01 2.993302618309319207e-01 2.993854227981613825e-01 9.578568378589828736e-03 9.580333529541171234e-03
9.549999999999982947e+00 6.847945101383586808e-01 6.847597701727650144e-01 2.993303199586240249e-01 2.993151347828340025e-01 9.555636710570606859e-03 9.555151948374597179e-03
9.599999999999983658e+00 6.847951916984573728e-01 6.849362421763636188e-01 2.993307485588864170e-01 2.993924031172829903e-01 9.532826387225688466e-03 9.534789908193732136e-03
9.649999999999984368e+00 6.847949579077697857e-01 6.847681977103509121e-01 2.993308121581534920e-01 2.993191150048166715e-01 9.510113174206630618e-03 9.509741541058519543e-03
9.699999999999983302e+00 6.847960377707407176e-01 6.849221449233870995e-01 2.993314762211931601e-01 2.993865989702770847e-01 9.487526980069521665e-03 9.489274135349518718e-03
9.749999999999982236e+00 6.847953232379122568e-01 6.847832826611260915e-01 2.993313693233423667e-01 2.993261062582854848e-01 9.465023535915972550e-03 9.464857114886506689e-03
9.799999999999982947e+00 6.847971357336587461e-01 6.848733923456016282e-01 2.993323650674820646e-01 2.993656976718604978e-01 9.442661358595656404e-03 9.443712860311063648e-03
9.849999999999983658e+00 6.847955421722442537e-01 6.848079873671243378e-01 2.993318541862599602e-01 2.993372941212912863e-01 9.420357330802837242e-03 9.420528532534744662e-03
9.899999999999982592e+00 6.847981616498006741e-01 6.848230044569152408e-01 2.993331531749656715e-01 2.993440122517035951e-01 9.398215170328599877e-03 9.398556114653181665e-03
9.949999999999981526e+00 6.847957732535998598e-01 6.848215482807064047e-01 2.993322211771918262e-01 2.993434877422262996e-01 9.376107162950416893e-03 9.376460070234191382e-03
9.999999999999982236e+00 6.847987268447773834e-01 6.848120919300844101e-01 2.993335751609200734e-01 2.993394171968504214e-01 9.354174223778760969e-03 9.354356787401584342e-03
1.004999999999998295e+01 6.847961599019772860e-01 6.848083538212479393e-01 2.993324689822522977e-01 2.993377990880203843e-01 9.332267154551911192e-03 9.332433330881391084e-03
1.009999999999998188e+01 6.847987343149012363e-01 6.848491978755532061e-01 2.993335671628178929e-01 2.993556253776842313e-01 9.310530860429801214e-03 9.311216963536064067e-03
1.014999999999998082e+01 6.847966455656664397e-01 6.847795144249967381e-01 2.993325943717599635e-01 2.993251061505275423e-01 9.288831477789300309e-03 9.288599104748728602e-03
1.019999999999998153e+01 6.847984529755163363e-01 6.849023633588146032e-01 2.993333052755984269e-01 2.993787257030978699e-01 9.267284993052592179e-03 9.268691198238332776e-03
1.024999999999998224e+01 6.847970622153667364e-01 6.847606708404483378e-01 2.993326134388074600e-01 2.993167063533919148e-01 9.245795009692902092e-03 9.245303671147248742e-03
1.029999999999998117e+01 6.847982461701213053e-01 6.849311972705749429e-01 2.993330568458802965e-01 2.993911712752503895e-01 9.224439348101095767e-03 9.226230239607106920e-03
1.034999999999998010e+01 6.847973719732740605e-01 6.847611911575587351e-01 2.993326224734518259e-01 2.993168074325440742e-01 9.203155187500448517e-03 9.202668944889910024e-03
1.039999999999998082e+01 6.847982522051240251e-01 6.849240577974717858e-01 2.993329848771153490e-01 2.993879759103874605e-01 9.181993401138515906e-03 9.183680242649929285e-03
1.044999999999998153e+01 6.847977528261162128e-01 6.847622535720535586e-01 2.993327780889631917e-01 2.993172609668716122e-01 9.160911341666824054e-03 9.160436448871366391e-03
1.049999999999998046e+01 6.847983416210615681e-01 6.849018960207423623e-01 2.993330798426637740e-01 2.993783446388873504e-01 9.139941369241649793e-03 9.141323500424049231e-03
1.054999999999997939e+01 6.847984041278427636e-01 6.847394349311103356e-01 2.993331784513439953e-01 2.993074023441243403e-01 9.119061034313612202e-03 9.118275775906310027e-03
1.059999999999998010e+01 6.847983512005902940e-01 6.848893389317555203e-01 2.993332430221293805e-01 2.993730148069141395e-01 9.098274863894518366e-03 9.099483732732961336e-03
1.064999999999998082e+01 6.847992862625941202e-01 6.846945605951887392e-01 2.993337470596884042e-01 2.992879702502397876e-01 9.077596574971603591e-03 9.076208347240030672e-03
1.069999999999997975e+01 6.847983034511159195e-01 6.848881091188270265e-01 2.993334072721665073e-01 2.993726623876842297e-01 9.056986604301566629e-03 9.058174353636445214e-03
1.074999999999997868e+01 6.848000975748252950e-01 6.846598588491233928e-01 2.993342672599247356e-01 2.992729672450034073e-01 9.036506181431697496e-03 9.034655614943506649e-03
1.079999999999997939e+01 6.847983694505779262e-01 6.848811481219453379e-01 2.993335657720154197e-01 2.993697493203059112e-01 9.016071258193245064e-03 9.017161124105608702e-03
1.084999999999998010e+01 6.848005386001445594e-01 6.846682456099082437e-01 2.993345432286272922e-01 2.992767163731085978e-01 8.995778909951242241e-03 8.994041063053610438e-03
1.089999999999997904e+01 6.847986516190631701e-01 6.848584588543991103e-01 2.993337239487821044e-01 2.993598664104091256e-01 8.975523956485230437e-03 8.976307838393086935e-03
1.094999999999997797e+01 6.848005907802940939e-01 6.847210431607715364e-01 2.993345591570411024e-01 2.992997879375907111e-01 8.955409398864364393e-03 8.954369123039372311e-03
1.099999999999997868e+01 6.847990592475911020e-01 6.848315286249744283e-01 2.993338675640615509e-01 2.993480603176559285e-01 8.935339330270502395e-03 8.935762994556900249e-03
1.104999999999997939e+01 6.848005205492989633e-01 6.847874753796305836e-01 2.993344846201688725e-01 2.993287824207366832e-01 8.915397903802507046e-03 8.915228069120982243e-03
1.109999999999997833e+01 6.847994287543248682e-01 6.848189371066856213e-01 2.993339959612830725e-01 2.993425232947205528e-01 8.895512509993560787e-03 8.895765922577141341e-03
1.114999999999997726e+01 6.848006135036727171e-01 6.848350729698264860e-01 2.993345243678886547e-01 2.993495870119746716e-01 8.875745718840295437e-03 8.876192350243884005e-03
1.119999999999997797e+01 6.847997322091156081e-01 6.848214053631571652e-01 2.993341761483419017e-01 2.993436497439121435e-01 8.856040714447992873e-03 8.856320998340603753e-03
1.124999999999997868e+01 6.848009268540948824e-01 6.848579664114030630e-01 2.993347651504096874e-01 2.993596978305822498e-01 8.836450631746418233e-03 8.837186651825312822e-03
1.129999999999997762e+01 6.848001165694449499e-01 6.848174893746462599e-01 2.993345074102288228e-01 2.993421012758860078e-01 8.816922162304246038e-03 8.817145840232293655e-03
1.134999999999997655e+01 6.848013026672681303e-01 6.848741642680677977e-01 2.993351465123612609e-01 2.993669952221483799e-01 8.797506142905557255e-03 8.798442181400403447e-03
1.139999999999997726e+01 6.848007139120000364e-01 6.847871678587679201e-01 2.993350254223672291e-01 2.993291042717226569e-01 8.778153238192596200e-03 8.777979597411229851e-03
1.144999999999997797e+01 6.848015897025399035e-01 6.848990637186559427e-01 2.993355493541119960e-01 2.993781564955096952e-01 8.758904150815281786e-03 8.760150885018580524e-03
1.149999999999997691e+01 6.848014391589507532e-01 6.847370379563363363e-01 2.993356179126793748e-01 2.993074673091955518e-01 8.739726070443201364e-03 8.738904155013016775e-03
1.154999999999997584e+01 6.848018064737445565e-01 6.849266215972363847e-01 2.993358957438105872e-01 2.993904540794335434e-01 8.720637894939866838e-03 8.722227358468576802e-03
1.159999999999997655e+01 6.848020178344477182e-01 6.846982113728160568e-01 2.993360785176093497e-01 2.992907033312921516e-01 8.701630189465396625e-03 8.700311143351525597e-03
1.164999999999997726e+01 6.848020762449121834e-01 6.849383675225275692e-01 2.993361618107903688e-01 2.993957365541284332e-01 8.682702300530548839e-03 8.684430356900035494e-03
1.169999999999997620e+01 6.848022325461695647e-01 6.846973774647541200e-01 2.993362554175457158e-01 2.992904218528452676e-01 8.663856886180782563e-03 8.662530299648208906e-03
1.174999999999997513e+01 6.848024405900797751e-01 6.849266851165174419e-01 2.993363410268200520e-01 2.993906499774487973e-01 8.645092881641020660e-03 8.646661371189865233e-03
1.179999999999997584e+01 6.848021315357879502e-01 6.847317225487389303e-01 2.993361754361734128e-01 2.993053987257500159e-01 8.626402750322009413e-03 8.625515813422201389e-03
1.184999999999997655e+01 6.848027923242907544e-01 6.849036416845715181e-01 2.993364184709221831e-01 2.993805010690802071e-01 8.607804988380230241e-03 8.609072640376146807e-03
1.189999999999997549e+01 6.848019793216088003e-01 6.847736429038252526e-01 2.993360118144924309e-01 2.993236255911102539e-01 8.589268631692761197e-03 8.588913216387676977e-03
1.194999999999997442e+01 6.848030079596733044e-01 6.848852646072324246e-01 2.993364158890943205e-01 2.993723713533332775e-01 8.570835100618314634e-03 8.571864605678844104e-03
1.199999999999997513e+01 6.848020083642181177e-01 6.847989155937788119e-01 2.993359485312719892e-01 2.993345966407083836e-01 8.552455672322064814e-03 8.552417046877390516e-03
1.204999999999997584e+01 6.848031166970833805e-01 6.848710514853655340e-01 2.993364246985084076e-01 2.993661198855500638e-01 8.534181744789984952e-03 8.535028364520325442e-03
1.209999999999997478e+01 6.848022336230968898e-01 6.848075528972763504e-01 2.993360559121795994e-01 2.993383810368287490e-01 8.515961761370694633e-03 8.516027910009361934e-03
1.214999999999997371e+01 6.848032906759576877e-01 6.848443047881372925e-01 2.993365606407542012e-01 2.993544884507468584e-01 8.497844162973869700e-03 8.498353114286649745e-03
1.219999999999997442e+01 6.848025076451289550e-01 6.848168311042062140e-01 2.993362828162505762e-01 2.993425437906912512e-01 8.479781382896626335e-03 8.479958747611659325e-03
1.224999999999997513e+01 6.848036545772251404e-01 6.847941391606527928e-01 2.993368657216903816e-01 2.993327064054341902e-01 8.461819525701503794e-03 8.461701947856805489e-03
1.229999999999997407e+01 6.848027229367358304e-01 6.848375224990556065e-01 2.993365474356822764e-01 2.993517587958129944e-01 8.443908249243514685e-03 8.444337342618147071e-03
1.234999999999997300e+01 6.848041254066014050e-01 6.847339375324316135e-01 2.993372482737087781e-01 2.993065681940528799e-01 8.426101288492866825e-03 8.425237669079611511e-03
1.239999999999997371e+01 6.848029245584119629e-01 6.848615246533793499e-01 2.993368020417048747e-01 2.993624169513348088e-01 8.408337136002955528e-03 8.409056655936381422e-03
1.244999999999997442e+01 6.848044720647742389e-01 6.846939104024827305e-01 2.993375425232164266e-01 2.992892144855974212e-01 8.390680939683720779e-03 8.389326264487673851e-03
1.249999999999997335e+01 6.848032223430102761e-01 6.848735044411426998e-01 2.993370416865772654e-01 2.993677629721263056e-01 8.373064103121052870e-03 8.373923439779766553e-03
1.254999999999997229e+01 6.848045402514558733e-01 6.846941150827623446e-01 2.993376438790218419e-01 2.992893754931119643e-01 8.355551817976892073e-03 8.354204479919394646e-03
1.259999999999997300e+01 6.848036322231266793e-01 6.848703894699662564e-01 2.993372574507964234e-01 2.993664379782405849e-01 8.338085165760355383e-03 8.338897993822865645e-03
1.264999999999997371e+01 6.848044045863870277e-01 6.847261426736928058e-01 2.993375950911325578e-01 2.993033857131317532e-01 8.320711468829266808e-03 8.319760547967534892e-03
1.269999999999997264e+01 6.848040474477236073e-01 6.848651168098103259e-01 2.993374353131967869e-01 2.993641295862393692e-01 8.303396263888962112e-03 8.304136743030227780e-03
1.274999999999997158e+01 6.848042892726021735e-01 6.847625284077198948e-01 2.993375426751075929e-01 2.993192884163804468e-01 8.286160350868040231e-03 8.285655042667981404e-03
1.279999999999997229e+01 6.848043727372552514e-01 6.848699408821776746e-01 2.993375933298972891e-01 2.993662540854087339e-01 8.268994290881149026e-03 8.269786024458814638e-03
1.284999999999997300e+01 6.848043490689256219e-01 6.847828486833077433e-01 2.993376146837480878e-01 2.993282165627308977e-01 8.251898406168115332e-03 8.251639326333045504e-03
1.289999999999997193e+01 6.848046528745458383e-01 6.848802626752790168e-01 2.993377998018836861e-01 2.993708499152261115e-01 8.234877573641927184e-03 8.235786792715997159e-03
1.294999999999997087e+01 6.848045439471054374e-01 6.847889193524325790e-01 2.993378258518035739e-01 2.993309961187935464e-01 8.217922466761947570e-03 8.217734965512530146e-03
1.299999999999997158e+01 6.848050303473491862e-01 6.848788833604696480e-01 2.993381305053752772e-01 2.993704127198743015e-01 8.201044671380153944e-03 8.201929115613003710e-03
1.304999999999997229e+01 6.848047259664501452e-01 6.847951625512775919e-01 2.993381019653450492e-01 2.993339216575324757e-01 8.184226984698438415e-03 8.184112690568224463e-03
1.309999999999997122e+01 6.848055673853605807e-01 6.848567805630154659e-01 2.993385789084048731e-01 2.993609649410989837e-01 8.167491921102460611e-03 8.168102726905846281e-03
1.314999999999997016e+01 6.848048181638524134e-01 6.848080470065878167e-01 2.993383564408300668e-01 2.993397678159430697e-01 8.150806165849705520e-03 8.150844596758161087e-03
1.319999999999997087e+01 6.848061347791210007e-01 6.848266271370806457e-01 2.993390242550261204e-01 2.993479817717958902e-01 8.134212615625720580e-03 8.134456026407506368e-03
1.324999999999997158e+01 6.848048833743783925e-01 6.848187169610334690e-01 2.993385491744422477e-01 2.993445960439371500e-01 8.117655570832341128e-03 8.117819553733897353e-03
1.329999999999997051e+01 6.848065032859771417e-01 6.848126662652924690e-01 2.993393046713812566e-01 2.993419986030745328e-01 8.101199043880423500e-03 8.101271951368739163e-03
1.334999999999996945e+01 6.848050214581323791e-01 6.848156433873403559e-01 2.993386769913477519e-01 2.993433199979504966e-01 8.084771829611023253e-03 8.084897231544924470e-03
1.339999999999997016e+01 6.848065514098869988e-01 6.848269630751069315e-01 2.993393394535915908e-01 2.993482617023223158e-01 8.068445807374447290e-03 8.068686299253981231e-03
1.344999999999997087e+01 6.848052363310634938e-01 6.848002968837104687e-01 2.993387366159588892e-01 2.993365775087386549e-01 8.052151623832125293e-03 8.052093544283498230e-03
1.349999999999996980e+01 6.848063726547565233e-01 6.848573941520995634e-01 2.993391884869651687e-01 2.993614907525689040e-01 8.035951368777598247e-03 8.036550087317295699e-03
1.354999999999996874e+01 6.848054369060861957e-01 6.847864681776206774e-01 2.993387274237337969e-01 2.993304359080218857e-01 8.019791759510628074e-03 8.019569615754113326e-03
1.359999999999996945e+01 6.848061748775321478e-01 6.848799519977553096e-01 2.993389982262187887e-01 2.993712473064253921e-01 8.003716530112810548e-03 8.004578804984644955e-03
1.364999999999997016e+01 6.848055660496887853e-01 6.847838315994241309e-01 2.993386885643634088e-01 2.993291881131967536e-01 7.987690155153137281e-03 7.987436640779109129e-03
1.369999999999996909e+01 6.848060860627781521e-01 6.848816286813230736e-01 2.993388869867779079e-01 2.993719077846584975e-01 7.971741331205811978e-03 7.972620713306493440e-03
1.374999999999996803e+01 6.848056938171021013e-01 6.847859516944504454e-01 2.993387048682453200e-01 2.993300752942227305e-01 7.955845976564670727e-03 7.955616619115564794e-03
1.379999999999996874e+01 6.848060707168686090e-01 6.848698324793197623e-01 2.993388781434405121e-01 2.993667493543668012e-01 7.940023292929466320e-03 7.940762582343956558e-03
1.384999999999996945e+01 6.848059512658940529e-01 6.847776234869866752e-01 2.993388506732634902e-01 2.993264681804352900e-01 7.924258125036765660e-03 7.923930329065138889e-03
1.389999999999996838e+01 6.848060266780351402e-01 6.848601544408066122e-01 2.993389233581971176e-01 2.993625834102419114e-01 7.908558080797821119e-03 7.909183181248145150e-03
1.394999999999996732e+01 6.848063699412147987e-01 6.847539468896861603e-01 2.993391220168934996e-01 2.993162071158254056e-01 7.892923454631347799e-03 7.892319238386968222e-03
1.399999999999996803e+01 6.848059321765050944e-01 6.848582732643450077e-01 2.993389793486433970e-01 2.993618584258765924e-01 7.877341561806415135e-03 7.877943642786235795e-03
1.404999999999996874e+01 6.848068125144518570e-01 6.847293437143073813e-01 2.993394078042367346e-01 2.993055450208432777e-01 7.861836055265584294e-03 7.860946684723405312e-03
1.409999999999996767e+01 6.848058735217746884e-01 6.848562940954899814e-01 2.993390304648797517e-01 2.993610700621364140e-01 7.846370392264224655e-03 7.846948101235564493e-03
1.414999999999996660e+01 6.848070829352774780e-01 6.847252770356069274e-01 2.993395789428796583e-01 2.993038203414097875e-01 7.830989638793460841e-03 7.830054161972797508e-03
1.419999999999996732e+01 6.848059355243409918e-01 6.848456370621542888e-01 2.993390826227322332e-01 2.993564367683247962e-01 7.815641843935577579e-03 7.816094954786557969e-03
1.424999999999996803e+01 6.848071085931553004e-01 6.847493575594705284e-01 2.993395880402799358e-01 2.993143441863316268e-01 7.800380144372125353e-03 7.799722324073798431e-03
1.429999999999996696e+01 6.848060973780940586e-01 6.848293856966451987e-01 2.993391296218768094e-01 2.993493092990615612e-01 7.785152916043619475e-03 7.785417667075732531e-03
1.434999999999996589e+01 6.848070039063119951e-01 6.847880681515351453e-01 2.993395057036132290e-01 2.993312285986147181e-01 7.770006637342339803e-03 7.769791787115253034e-03
1.439999999999996660e+01 6.848062615956866939e-01 6.848188281527467502e-01 2.993391644993399492e-01 2.993446575313140068e-01 7.754900634697936036e-03 7.755042941225761578e-03
1.444999999999996732e+01 6.848069526298365961e-01 6.848204643747161091e-01 2.993394582770527723e-01 2.993453644647412482e-01 7.739869638708548640e-03 7.740022352029517563e-03
1.449999999999996625e+01 6.848063788170489774e-01 6.848186402598114286e-01 2.993392134784016445e-01 2.993445731402654131e-01 7.724882928474892212e-03 7.725021242329441554e-03
1.454999999999996518e+01 6.848070384466329319e-01 6.848375529549962648e-01 2.993395250624470982e-01 2.993528634160681490e-01 7.709968449773277853e-03 7.710312000413871610e-03
1.459999999999996589e+01 6.848065137829424387e-01 6.848191700257796333e-01 2.993393377549571355e-01 2.993448699911043231e-01 7.695098656939782129e-03 7.695240873807318929e-03
1.464999999999996660e+01 6.848071984952841529e-01 6.848470521704693725e-01 2.993396948060786933e-01 2.993571154567276071e-01 7.680300059168160970e-03 7.680747029037279447e-03
1.469999999999996554e+01 6.848067661392107652e-01 6.848061658457497147e-01 2.993395768700904958e-01 2.993393144725799981e-01 7.665546142639970660e-03 7.665539423113452988e-03
1.474999999999996447e+01 6.848073290413453362e-01 6.848603493238467621e-01 2.993399011901095585e-01 2.993630771776494282e-01 7.650860094315910763e-03 7.651452451824916449e-03
1.479999999999996518e+01 6.848071318755515335e-01 6.847779424068292098e-01 2.993398937411918537e-01 2.993271345684861418e-01 7.636221779112047775e-03 7.635896290012412178e-03
1.484999999999996589e+01 6.848074090157456606e-01 6.848778523020333520e-01 2.993400875586540444e-01 2.993708794268605811e-01 7.621644495446325794e-03 7.622428502275263584e-03
1.489999999999996483e+01 6.848074685567647757e-01 6.847500599498839158e-01 2.993401731436982072e-01 2.993150789338470119e-01 7.607120029064768155e-03 7.606482310898283160e-03
1.494999999999996376e+01 6.848075036867063980e-01 6.848892261735911591e-01 2.993402306375486654e-01 2.993759528338456599e-01 7.592650111288498649e-03 7.593556191093114860e-03
1.499999999999996447e+01 6.848076149445783134e-01 6.847416033826876358e-01 2.993403011802123759e-01 2.993114464765167515e-01 7.578235472916779528e-03 7.577504974089042597e-03
1.504999999999996518e+01 6.848076608141869803e-01 6.848865403702103505e-01 2.993403246105958981e-01 2.993748041195971599e-01 7.563874279484429468e-03 7.564745524184398467e-03
1.509999999999996412e+01 6.848075443405754470e-01 6.847570628073831323e-01 2.993402590326419421e-01 2.993181927523460573e-01 7.549565171062858591e-03 7.549008644447577181e-03
1.514999999999996305e+01 6.848078370805378290e-01 6.848738216196481599e-01 2.993403589143952548e-01 2.993692018022107160e-01 7.535314258386298022e-03 7.536040322270890456e-03
1.519999999999996376e+01 6.848073894504311809e-01 6.847829196590541345e-01 2.993401288274910588e-01 2.993294326950952655e-01 7.521108764509835953e-03 7.520840017464715428e-03
1.524999999999996447e+01 6.848079476278544631e-01 6.848615143836740415e-01 2.993403374415246621e-01 2.993637523139983658e-01 7.506967710132290451e-03 7.507554916965486665e-03
1.529999999999996341e+01 6.848073153829519200e-01 6.848019642968958820e-01 2.993400315760308406e-01 2.993376925322838167e-01 7.492866872992021490e-03 7.492808323711745017e-03
1.534999999999996234e+01 6.848079772328680148e-01 6.848530320310954878e-01 2.993403025487642033e-01 2.993599967073912183e-01 7.478833292911046815e-03 7.479325339347699456e-03
1.539999999999996305e+01 6.848073769722067272e-01 6.848093745039911528e-01 2.993400363821502319e-01 2.993409095345973547e-01 7.464838812522459587e-03 7.464860586897699955e-03
1.544999999999996376e+01 6.848080159539553513e-01 6.848400704802449779e-01 2.993403279391280147e-01 2.993543394754826226e-01 7.450910465192990724e-03 7.451259227765600658e-03
1.549999999999996270e+01 6.848075041419914299e-01 6.848138885658144881e-01 2.993401316200908768e-01 2.993429223521666405e-01 7.437021903604752911e-03 7.437091238563156917e-03
1.554999999999996163e+01 6.848081650064933301e-01 6.848131828421796241e-01 2.993404610174463798e-01 2.993426543926489547e-01 7.423198041350199082e-03 7.423252433791676166e-03
1.559999999999996234e+01 6.848076114915596646e-01 6.848247041970328963e-01 2.993402666049772565e-01 2.993477380975942959e-01 7.409412539727170711e-03 7.409597477663235759e-03
1.564999999999996305e+01 6.848084150716133855e-01 6.847757749829969098e-01 2.993406688114809144e-01 2.993264013087144626e-01 7.395692867485641198e-03 7.395340365873128048e-03
1.569999999999996199e+01 6.848076979324374536e-01 6.848401486604193122e-01 2.993404037077427304e-01 2.993545884402508683e-01 7.382007489710066227e-03 7.382357298156628708e-03
1.574999999999996092e+01 6.848086370992745309e-01 6.847449921613033563e-01 2.993408549916674044e-01 2.993130347669855640e-01 7.368390276717977361e-03 7.367705471187347387e-03
1.579999999999996163e+01 6.848078288597077012e-01 6.848506065112316410e-01 2.993405326583080672e-01 2.993592314588378045e-01 7.354804242218881613e-03 7.355263672207327033e-03
1.584999999999996234e+01 6.848087041948410780e-01 6.847370834110541038e-01 2.993409345359645535e-01 2.993096279357130296e-01 7.341285948153647954e-03 7.340518159061028974e-03
1.589999999999996128e+01 6.848080380740125817e-01 6.848510030406715909e-01 2.993406518247866410e-01 2.993594325055179972e-01 7.327800534266512740e-03 7.328260281652836973e-03
1.594999999999996021e+01 6.848086171679356182e-01 6.847525199235618976e-01 2.993409038321452886e-01 2.993163828208549315e-01 7.314377613491648486e-03 7.313778444003796349e-03
1.599999999999996092e+01 6.848082769802249503e-01 6.848470163387356813e-01 2.993407502132727771e-01 2.993576838121050354e-01 7.300993907640809279e-03 7.301406922246474369e-03
1.604999999999996163e+01 6.848085014260384407e-01 6.847762491949319630e-01 2.993408428820887313e-01 2.993267449115989409e-01 7.287665073209717397e-03 7.287321848121711999e-03
1.609999999999995879e+01 6.848084740868217724e-01 6.848478838252568535e-01 2.993408299627529079e-01 2.993580565951007300e-01 7.274382259119158665e-03 7.274800889309871073e-03
1.614999999999995950e+01 6.848084821227359287e-01 6.847925260172020856e-01 2.993408433145657854e-01 2.993338686432361895e-01 7.261148412724469439e-03 7.260979227246492328e-03
1.619999999999996021e+01 6.848086301274768362e-01 6.848543499620882713e-01 2.993409296601644565e-01 2.993609145394349191e-01 7.247964398551207631e-03 7.248448293933059533e-03
1.624999999999996092e+01 6.848085722615476767e-01 6.847981932377873449e-01 2.993409391688852672e-01 2.993364023291815723e-01 7.234826324323520921e-03 7.234716672608628059e-03
1.629999999999996163e+01 6.848088275674170111e-01 6.848568336425440162e-01 2.993410996438830018e-01 2.993620838817310226e-01 7.221739436523121926e-03 7.222245690753472183e-03
1.634999999999995879e+01 6.848086873524243945e-01 6.848012566987019545e-01 2.993410969115058995e-01 2.993378488510225477e-01 7.208695891908642635e-03 7.208617672511089848e-03
1.639999999999995950e+01 6.848091329375241010e-01 6.848466384428972820e-01 2.993413566593208230e-01 2.993577509337552733e-01 7.195705688925991932e-03 7.196099782061435648e-03
1.644999999999996021e+01 6.848087541832618141e-01 6.848083786007609364e-01 2.993412572750995260e-01 2.993410931017630450e-01 7.182753623877623228e-03 7.182749684505422387e-03
1.649999999999995737e+01 6.848094990606650168e-01 6.848276055125127604e-01 2.993416443952059414e-01 2.993495590270527362e-01 7.169859745992967701e-03 7.170049318013249802e-03
1.654999999999995808e+01 6.848087872611218208e-01 6.848164612771292514e-01 2.993413849570357721e-01 2.993447393978995175e-01 7.156996651692437532e-03 7.157076853506275267e-03
1.659999999999995879e+01 6.848097843124961726e-01 6.848144335544333883e-01 2.993418570920785005e-01 2.993438893538064027e-01 7.144197066636729689e-03 7.144245569303266444e-03
1.664999999999995950e+01 6.848088526675890630e-01 6.848173856961579098e-01 2.993414705860333314e-01 2.993452005163786955e-01 7.131422765599375671e-03 7.131511626358049728e-03
1.669999999999996021e+01 6.848098762298748809e-01 6.848185956235205429e-01 2.993419219925727015e-01 2.993457333862793446e-01 7.118713959395318001e-03 7.118804598960280089e-03
1.674999999999995737e+01 6.848089767126679384e-01 6.848090624518289316e-01 2.993415156736284333e-01 2.993415531516570027e-01 7.106030045664781143e-03 7.106030935350919273e-03
1.679999999999995808e+01 6.848097937340962282e-01 6.848368588567770310e-01 2.993418478270474248e-01 2.993536784461610090e-01 7.093408716280755026e-03 7.093689062705247489e-03
1.684999999999995879e+01 6.848091142254389974e-01 6.847987885812566455e-01 2.993415165790032084e-01 2.993370030672449777e-01 7.080816477327112057e-03 7.080709711821299955e-03
1.689999999999995595e+01 6.848096615169860790e-01 6.848545238182648376e-01 2.993417189222058461e-01 2.993613289819556655e-01 7.068281438540880736e-03 7.068744485996602406e-03
1.694999999999995666e+01 6.848092136766067428e-01 6.847948311907084973e-01 2.993414886619866211e-01 2.993352018383670377e-01 7.055780522380367473e-03 7.055632335612669649e-03
1.699999999999995737e+01 6.848095887348333299e-01 6.848598169175549311e-01 2.993416251828762142e-01 2.993635807543126859e-01 7.043332357244157238e-03 7.043848958925015037e-03
1.704999999999995808e+01 6.848092956541413923e-01 6.847962716682104434e-01 2.993414802816702913e-01 2.993357872818052101e-01 7.030921439381578736e-03 7.030787722414695053e-03
1.709999999999995879e+01 6.848095820191634209e-01 6.848537970523881357e-01 2.993416008823367447e-01 2.993609280050524291e-01 7.018560395834400924e-03 7.019013552287288980e-03
1.714999999999995595e+01 6.848094426028623616e-01 6.847937548800485663e-01 2.993415473718403774e-01 2.993346900084197237e-01 7.006238674589603498e-03 7.006078174568055109e-03
1.719999999999995666e+01 6.848095760053258818e-01 6.848463006914857765e-01 2.993416230225593999e-01 2.993576759919471808e-01 6.993963154732707292e-03 6.994338224110926115e-03
1.724999999999995737e+01 6.848097024960979606e-01 6.847808801370355303e-01 2.993417044125941118e-01 2.993291056803397687e-01 6.981730715162555272e-03 6.981436867179946493e-03
1.729999999999995453e+01 6.848095328678805993e-01 6.848437996822984708e-01 2.993416589584165788e-01 2.993566375540446245e-01 6.969538043269314295e-03 6.969886788219909271e-03
1.734999999999995524e+01 6.848100148057272296e-01 6.847634596618851210e-01 2.993418978773151329e-01 2.993215478461935808e-01 6.957394488723197754e-03 6.956921507174760114e-03
1.739999999999995595e+01 6.848094916313104408e-01 6.848432966983893921e-01 2.993416923172401711e-01 2.993564690779479953e-01 6.945282884390733061e-03 6.945625732667016876e-03
1.744999999999995666e+01 6.848102493027238280e-01 6.847555877621037679e-01 2.993420388808001320e-01 2.993181454051486723e-01 6.933226146631166209e-03 6.932672736656609810e-03
1.749999999999995737e+01 6.848095181156770295e-01 6.848382145751484851e-01 2.993417253745896955e-01 2.993542690782957649e-01 6.921195962418268989e-03 6.921485990249623410e-03
1.754999999999995453e+01 6.848103244408447754e-01 6.847661438445362680e-01 2.993420747594566222e-01 2.993227626800514241e-01 6.909222729589315631e-03 6.908776980497447276e-03
1.759999999999995524e+01 6.848096233323850424e-01 6.848279984002234588e-01 2.993417571864847027e-01 2.993497892364264112e-01 6.897275511209335734e-03 6.897460581484490122e-03
1.764999999999995595e+01 6.848102825199375854e-01 6.847900859425933850e-01 2.993420306907921269e-01 2.993332024289661053e-01 6.885383109621450066e-03 6.885180044369557800e-03
1.769999999999995310e+01 6.848097519573309588e-01 6.848193322265311300e-01 2.993417821376889165e-01 2.993459698333920116e-01 6.873519681692064585e-03 6.873615840031974990e-03
1.774999999999995381e+01 6.848102439070723468e-01 6.848136998420525368e-01 2.993419850225165213e-01 2.993434956693654669e-01 6.861707393066292064e-03 6.861742021074291285e-03
1.779999999999995453e+01 6.848098540178993998e-01 6.848175636531379507e-01 2.993418103130954799e-01 2.993451803232605180e-01 6.849927009452996124e-03 6.850004126390411840e-03
1.784999999999995524e+01 6.848102918485068358e-01 6.848278014390017931e-01 2.993420065654395223e-01 2.993496602996419398e-01 6.838195466943231514e-03 6.838370309529238043e-03
1.789999999999995595e+01 6.848099500385883553e-01 6.848189527812509336e-01 2.993418754985706087e-01 2.993458107478658148e-01 6.826496590617355843e-03 6.826586334044840339e-03
1.794999999999995310e+01 6.848104091357544165e-01 6.848346834582602627e-01 2.993421051522408005e-01 2.993527158653711551e-01 6.814845877114201513e-03 6.815087441442724443e-03
1.799999999999995381e+01 6.848101074739105787e-01 6.848137139917770400e-01 2.993420131934371176e-01 2.993435896630408655e-01 6.803227572578127505e-03 6.803263401432758060e-03
1.804999999999995453e+01 6.848105236333473789e-01 6.848424072112420102e-01 2.993422421337993411e-01 2.993561789840153420e-01 6.791656089252405895e-03 6.791972296857987264e-03
1.809999999999995168e+01 6.848103502588435143e-01 6.847972884035032903e-01 2.993422165936960866e-01 2.993365070352338453e-01 6.780118156142617841e-03 6.779988834320143168e-03
1.814999999999995239e+01 6.848105994218853798e-01 6.848539469759353793e-01 2.993423746018935017e-01 2.993613225559313973e-01 6.768623507108964717e-03 6.769051951519092572e-03
1.819999999999995310e+01 6.848106064435313112e-01 6.847770524610076182e-01 2.993424205036772090e-01 2.993277534844288601e-01 6.757165248390015894e-03 6.756834164434071151e-03
1.824999999999995381e+01 6.848106683399601824e-01 6.848638318010510373e-01 2.993424801147782643e-01 2.993657187747906789e-01 6.745746030755577285e-03 6.746269718868533327e-03
1.829999999999995453e+01 6.848107607635716132e-01 6.847664862543858533e-01 2.993425408577035096e-01 2.993231877096015348e-01 6.734365373626635676e-03 6.733929982218267267e-03
1.834999999999995168e+01 6.848107744841159805e-01 6.848652171862966709e-01 2.993425539057572582e-01 2.993663517461527812e-01 6.723021985530775076e-03 6.723556468189854397e-03
1.839999999999995239e+01 6.848107621905095144e-01 6.847724416477618536e-01 2.993425435172520910e-01 2.993257929499882897e-01 6.711716222359922525e-03 6.711340649102886559e-03
1.844999999999995310e+01 6.848109084242299804e-01 6.848582516826576816e-01 2.993425917354208821e-01 2.993632862855581944e-01 6.700449731067070411e-03 6.700912955468577362e-03
1.849999999999995026e+01 6.848106734347267910e-01 6.847889578721073622e-01 2.993424654461638301e-01 2.993329732020951761e-01 6.689217104942218883e-03 6.689004987756327382e-03
1.854999999999995097e+01 6.848110134842846364e-01 6.848495191606100985e-01 2.993425874546618015e-01 2.993594189432856600e-01 6.678027606350525787e-03 6.678403099682903715e-03
1.859999999999995168e+01 6.848106105266121846e-01 6.848039161693243448e-01 2.993423862434811955e-01 2.993394600258465488e-01 6.666868290500705362e-03 6.666803118615747224e-03
1.864999999999995239e+01 6.848110582349283826e-01 6.848434684117058469e-01 2.993425623326728680e-01 2.993567293722461109e-01 6.655754582160607752e-03 6.656069580261179952e-03
1.869999999999995310e+01 6.848106374292232124e-01 6.848109251160143796e-01 2.993423676943224310e-01 2.993424934471079490e-01 6.644669649152562182e-03 6.644672440557345718e-03
1.874999999999995026e+01 6.848110839714734999e-01 6.848365022010122205e-01 2.993425622313097278e-01 2.993536729713891509e-01 6.633630187951472697e-03 6.633876409338274570e-03
1.879999999999995097e+01 6.848107258230305971e-01 6.848137764684024686e-01 2.993424158016204650e-01 2.993437492905991482e-01 6.622619818619932854e-03 6.622649320588487598e-03
1.884999999999995168e+01 6.848111657477382597e-01 6.848213191944737543e-01 2.993426275145592008e-01 2.993470657591091877e-01 6.611653837980335617e-03 6.611751866573377205e-03
1.889999999999994884e+01 6.848108110061993381e-01 6.848196602511676945e-01 2.993424996340097177e-01 2.993463677900991549e-01 6.600716640220732727e-03 6.600801935834611951e-03
1.894999999999994955e+01 6.848113252604915990e-01 6.847970236782150444e-01 2.993427561563669625e-01 2.993365046898708304e-01 6.589824021053769174e-03 6.589686399336738137e-03
1.899999999999995026e+01 6.848108727123373152e-01 6.848298955303887547e-01 2.993425906073245990e-01 2.993509058077150620e-01 6.578958035325825800e-03 6.579140786982759156e-03
1.904999999999995097e+01 6.848114946506861367e-01 6.847731677407340456e-01 2.993428912648410378e-01 2.993261379128194788e-01 6.568138042015173733e-03 6.567770442409653735e-03
1.909999999999995168e+01 6.848109489301144048e-01 6.848387502633334067e-01 2.993426755903509928e-01 2.993548280325450950e-01 6.557342291135847927e-03 6.557608500165291489e-03
1.914999999999994884e+01 6.848115772485172670e-01 6.847623810723881821e-01 2.993429662051785289e-01 2.993214617070396599e-01 6.546593027997354292e-03 6.546122727327286644e-03
1.919999999999994955e+01 6.848110767728390336e-01 6.848409909193209355e-01 2.993427545702569414e-01 2.993558305605734660e-01 6.535868003717411161e-03 6.536153505689387341e-03
1.924999999999995026e+01 6.848115433682269160e-01 6.847688399431337558e-01 2.993429591222089847e-01 2.993242927171873013e-01 6.525187119830178767e-03 6.524780222717989006e-03
1.929999999999994742e+01 6.848112391758852668e-01 6.848384299766708816e-01 2.993428223072103211e-01 2.993547078759368762e-01 6.514533673715143872e-03 6.514792336799508574e-03
1.934999999999994813e+01 6.848114591657035177e-01 6.847846942207915788e-01 2.993429121493981215e-01 2.993312127298772829e-01 6.503919872882099433e-03 6.503665675825698843e-03
1.939999999999994884e+01 6.848113838485634375e-01 6.848375808972544387e-01 2.993428739294214935e-01 2.993543251114967330e-01 6.493337829271627129e-03 6.493586228015124119e-03
1.944999999999994955e+01 6.848114196938669407e-01 6.847980786468762515e-01 2.993428895955331237e-01 2.993370579936620590e-01 6.482791328544312316e-03 6.482665035054954901e-03
1.949999999999995026e+01 6.848114910421674306e-01 6.848413136042073024e-01 2.993429289623655842e-01 2.993559649192485406e-01 6.472279545132238882e-03 6.472561403659438280e-03
1.954999999999994742e+01 6.848114590923737310e-01 6.848037971525861023e-01 2.993429317904683362e-01 2.993395826240827784e-01 6.461801010047897934e-03 6.461728712878214709e-03
1.959999999999994813e+01 6.848116046419000513e-01 6.848446843123889849e-01 2.993430211223589987e-01 2.993574808196461934e-01 6.451358213843954616e-03 6.451669845251006494e-03
1.964999999999994884e+01 6.848115322309558106e-01 6.848057609815025870e-01 2.993430243477024355e-01 2.993405016342487457e-01 6.440947269450304769e-03 6.440892988364695787e-03
1.969999999999994600e+01 6.848117827950175318e-01 6.848404764391226029e-01 2.993431750040400630e-01 2.993557174963636935e-01 6.430573039829013543e-03 6.430842481124902921e-03
1.974999999999994671e+01 6.848115787956289280e-01 6.848097423650523208e-01 2.993431303585587511e-01 2.993423276226025997e-01 6.420227996966417980e-03 6.420210780109450108e-03
1.979999999999994742e+01 6.848120206292103163e-01 6.848283499191816226e-01 2.993433667917195784e-01 2.993505046112818757e-01 6.409922201107497164e-03 6.410075045209473639e-03
1.984999999999994813e+01 6.848115906397623798e-01 6.848156702174644783e-01 2.993432174604412355e-01 2.993450007157656412e-01 6.399641207064495074e-03 6.399679331176187300e-03
1.989999999999994884e+01 6.848122338215643090e-01 6.848169988723025181e-01 2.993435285684116209e-01 2.993456114562914605e-01 6.389402957703567247e-03 6.389447416356284874e-03
1.994999999999994600e+01 6.848116104628250156e-01 6.848181678333905564e-01 2.993432760440355445e-01 2.993461423867747051e-01 6.379185424486650581e-03 6.379246507976030038e-03
1.999999999999994671e+01 6.848123283913977177e-01 6.848161807036267090e-01 2.993435976983607194e-01 2.993452816122657012e-01 6.369012716986408897e-03 6.369048544941834263e-03
2.004999999999994742e+01 6.848116705924193193e-01 6.848139072703601782e-01 2.993433069811344271e-01 2.993442846726666051e-01 6.358859415425065567e-03 6.358880184230847506e-03
2.009999999999994458e+01 6.848122867234850419e-01 6.848269806676900995e-01 2.993435616139127342e-01 2.993499845967910744e-01 6.348749981207067739e-03 6.348886205658358164e-03
2.014999999999994529e+01 6.848117518057448283e-01 6.848063339029051289e-01 2.993433065497725920e-01 2.993409382887923798e-01 6.338661864473756243e-03 6.338611716014672971e-03
2.019999999999994600e+01 6.848121793237093025e-01 6.848406998201803653e-01 2.993434671667005720e-01 2.993559339781223239e-01 6.328614527837232023e-03 6.328878096789065932e-03
2.024999999999994671e+01 6.848118117465471499e-01 6.848019056341092536e-01 2.993432796189392509e-01 2.993389494830762665e-01 6.318591654225640813e-03 6.318500252940934155e-03
2.029999999999994742e+01 6.848120935444241830e-01 6.848473960614293032e-01 2.993433789170778514e-01 2.993588102665301065e-01 6.308606510370460760e-03 6.308931723214554477e-03
2.034999999999994458e+01 6.848118464213108769e-01 6.848022947560854501e-01 2.993432529736321790e-01 2.993390777734588060e-01 6.298648142527778215e-03 6.298560289815030404e-03
2.039999999999994529e+01 6.848120566577751145e-01 6.848449588015548262e-01 2.993433348770726532e-01 2.993577169799399584e-01 6.288725522627588126e-03 6.289027667645808416e-03
2.044999999999994600e+01 6.848119062525669376e-01 6.848020858854269033e-01 2.993432678186060958e-01 2.993389751642815400e-01 6.278830997768360990e-03 6.278740957824479121e-03
2.049999999999994316e+01 6.848120321686478329e-01 6.848392534839047308e-01 2.993433285296583923e-01 2.993552274431312554e-01 6.268970230987621836e-03 6.269219422892812268e-03
2.054999999999994387e+01 6.848120409719590240e-01 6.847951993409968630e-01 2.993433464285812917e-01 2.993359846564892512e-01 6.259139496677089583e-03 6.258985565216723147e-03
2.059999999999994458e+01 6.848119826765692864e-01 6.848363350113946257e-01 2.993433392017453842e-01 2.993539840347920755e-01 6.249339023000957498e-03 6.249561253335962283e-03
2.064999999999994529e+01 6.848122331244955729e-01 6.847829494195964983e-01 2.993434674403431250e-01 2.993306670180667650e-01 6.239572015431863773e-03 6.239305201001923984e-03
2.069999999999994600e+01 6.848119215728416531e-01 6.848360154645276587e-01 2.993433485866971999e-01 2.993538804509807694e-01 6.229830355602449833e-03 6.230049541123439984e-03
2.074999999999994316e+01 6.848123986892902249e-01 6.847743516170751166e-01 2.993435693271081499e-01 2.993269382812610013e-01 6.220126115887972262e-03 6.219780535714525098e-03
2.079999999999994387e+01 6.848118967803623613e-01 6.848336645117536481e-01 2.993433567188434896e-01 2.993528717781078763e-01 6.210443085453195254e-03 6.210640493321750548e-03
2.084999999999994458e+01 6.848124610717587490e-01 6.847777638140777334e-01 2.993436033879051106e-01 2.993284366046873313e-01 6.200799655886185535e-03 6.200485481194983536e-03
2.089999999999994174e+01 6.848119311736264869e-01 6.848271700200935230e-01 2.993433657210937682e-01 2.993500268894868643e-01 6.191176126599675679e-03 6.191313896369956930e-03
2.094999999999994245e+01 6.848124223992916315e-01 6.847926690569884345e-01 2.993435702012492428e-01 2.993349356674483985e-01 6.181591537454823003e-03 6.181413230097035361e-03
2.099999999999994316e+01 6.848119957058146356e-01 6.848201374207076864e-01 2.993433708049408892e-01 2.993469296917529165e-01 6.172028264019410911e-03 6.172101643128936541e-03
2.104999999999994387e+01 6.848123582775961227e-01 6.848103265494693837e-01 2.993435168621256803e-01 2.993426287580553957e-01 6.162501633805994583e-03 6.162483350654779368e-03
2.109999999999994458e+01 6.848120468917406889e-01 6.848174208111811323e-01 2.993433720264808695e-01 2.993457210610424024e-01 6.152998397255526018e-03 6.153046681624725102e-03
2.114999999999994174e+01 6.848123434758170980e-01 6.848224118330689114e-01 2.993435002207505136e-01 2.993479012764994618e-01 6.143530019923059207e-03 6.143620344309903315e-03
2.119999999999994245e+01 6.848120830597198561e-01 6.848184340257458258e-01 2.993433916713319487e-01 2.993461677901499973e-01 6.134085894904354672e-03 6.134142782585051863e-03
2.124999999999994316e+01 6.848123879533287717e-01 6.848281876782348343e-01 2.993435401727351231e-01 2.993504465103983270e-01 6.124676013764412258e-03 6.124817319905859030e-03
2.129999999999994031e+01 6.848121488822149772e-01 6.848167929127407794e-01 2.993434584250065367e-01 2.993454884125891224e-01 6.115290264045088534e-03 6.115331734680075348e-03
2.134999999999994102e+01 6.848124466280931522e-01 6.848330015597876574e-01 2.993436179776225448e-01 2.993526029013794387e-01 6.105938153546620721e-03 6.106121425831310262e-03
2.139999999999994174e+01 6.848122783927745871e-01 6.848072548407730942e-01 2.993435774286131723e-01 2.993413815450477466e-01 6.096610538260971955e-03 6.096565815581432221e-03
2.144999999999994245e+01 6.848124819497355409e-01 6.848406672109300652e-01 2.993437014429145560e-01 2.993560217212892782e-01 6.087314721767465159e-03 6.087565261236193778e-03
2.149999999999994316e+01 6.848124408241287320e-01 6.847925756188204538e-01 2.993437156527326559e-01 2.993350322176565603e-01 6.078044987872754414e-03 6.077868674470194264e-03
2.154999999999994031e+01 6.848125042629943371e-01 6.848487999033240348e-01 2.993437701095482684e-01 2.993596355818449739e-01 6.068804259696884348e-03 6.069125911441368426e-03
2.159999999999994102e+01 6.848125550121267890e-01 6.847819780319948091e-01 2.993438112095310188e-01 2.993304454648451074e-01 6.059591320031003023e-03 6.059320758397684914e-03
2.164999999999994174e+01 6.848125478191080528e-01 6.848520144203315008e-01 2.993438171072364540e-01 2.993610686647555363e-01 6.050405600954765137e-03 6.050754293375565362e-03
2.169999999999993889e+01 6.848125629461839781e-01 6.847826594342049100e-01 2.993438242748790445e-01 2.993307529147443136e-01 6.041247714931979526e-03 6.040983913516546032e-03
2.174999999999993960e+01 6.848126186772620638e-01 6.848485680529743380e-01 2.993438406145707553e-01 2.993595547294978232e-01 6.032117695003956330e-03 6.032434352231705321e-03
2.179999999999994031e+01 6.848124856288220208e-01 6.847930222754513574e-01 2.993437672769214686e-01 2.993352594975744463e-01 6.023013426095010642e-03 6.022842243411971608e-03
2.184999999999994102e+01 6.848126814029155129e-01 6.848422625639148942e-01 2.993438332598754581e-01 2.993567637127807490e-01 6.013939392463606148e-03 6.014199170522979004e-03
2.189999999999994174e+01 6.848124028137129171e-01 6.848048165145046440e-01 2.993436916394114355e-01 2.993403755329835381e-01 6.004888498283089161e-03 6.004821976589450397e-03
2.194999999999993889e+01 6.848127024563377407e-01 6.848374132023550276e-01 2.993438046161962518e-01 2.993546061225076382e-01 5.995869897169690127e-03 5.996086251827905181e-03
2.199999999999993960e+01 6.848123787071779267e-01 6.848115252008190046e-01 2.993436499793533656e-01 2.993432768965693658e-01 5.986872999587078761e-03 5.986865537931398279e-03
2.204999999999994031e+01 6.848126965887306739e-01 6.848331665984358496e-01 2.993437824563980332e-01 2.993527302609036989e-01 5.977908785949047690e-03 5.978087474007074027e-03
2.209999999999993747e+01 6.848124121796513863e-01 6.848138919440771577e-01 2.993436596446501508e-01 2.993443064759440109e-01 5.968966294010981388e-03 5.968979191943062264e-03
2.214999999999993818e+01 6.848127180799686853e-01 6.848243276114807099e-01 2.993438023343033549e-01 2.993488770667293020e-01 5.960055795605851726e-03 5.960156835574511799e-03
2.219999999999993889e+01 6.848124583813866018e-01 6.848171468254453664e-01 2.993437036095534243e-01 2.993457530118263099e-01 5.951167069772444161e-03 5.951207813356397883e-03
2.224999999999993960e+01 6.848128003045663714e-01 6.848082224246460070e-01 2.993438720878022208e-01 2.993418710149532425e-01 5.942310115886903499e-03 5.942270392356402940e-03
2.229999999999994031e+01 6.848124891246193391e-01 6.848239259115127542e-01 2.993437595711603283e-01 2.993487587948024942e-01 5.933473926088421099e-03 5.933573018727512742e-03
2.234999999999993747e+01 6.848129117642238750e-01 6.847897255676160810e-01 2.993439656341010391e-01 2.993338305330810467e-01 5.924670274796667128e-03 5.924469679031798587e-03
2.239999999999993818e+01 6.848125214612367229e-01 6.848312121784291273e-01 2.993438131996729590e-01 2.993519832467741448e-01 5.915885636357184028e-03 5.916047099738630348e-03
2.244999999999993889e+01 6.848129803884011046e-01 6.847782838855918097e-01 2.993440266632182434e-01 2.993288602000239162e-01 5.907134221277134285e-03 5.906834932412914803e-03
2.249999999999993605e+01 6.848125872082644339e-01 6.848343846378712740e-01 2.993438624665273329e-01 2.993533905138970885e-01 5.898401230867544864e-03 5.898588975643303742e-03
2.254999999999993676e+01 6.848129639975983896e-01 6.847794257698014420e-01 2.993440297101346292e-01 2.993293695492061923e-01 5.889700535369113941e-03 5.889412091474800943e-03
2.259999999999993747e+01 6.848126865628846316e-01 6.848330917410708762e-01 2.993439059305202932e-01 2.993528253998282151e-01 5.881019762878601786e-03 5.881194998031999237e-03
2.264999999999993818e+01 6.848128921776933664e-01 6.847898242060050933e-01 2.993439905260277811e-01 2.993339071021066111e-01 5.872368622384076774e-03 5.872170811223288538e-03
2.269999999999993889e+01 6.848127849670503364e-01 6.848316105918743624e-01 2.993439385243608086e-01 2.993521675422817774e-01 5.863740225746549156e-03 5.863901421004550155e-03
2.274999999999993605e+01 6.848128358813222460e-01 6.848008158414883306e-01 2.993439561005559746e-01 2.993387019258562098e-01 5.855138505634358351e-03 5.855035734491086628e-03
2.279999999999993676e+01 6.848128572704865746e-01 6.848334348701017316e-01 2.993439666706647628e-01 2.993529615080542383e-01 5.846561849036432425e-03 5.846737529454195184e-03
2.284999999999993747e+01 6.848128385577230137e-01 6.848066008219146905e-01 2.993439656623948508e-01 2.993412390362738540e-01 5.838010056799520196e-03 5.837956880278389292e-03
2.289999999999993463e+01 6.848129238975328992e-01 6.848365585482971696e-01 2.993440171181497300e-01 2.993543482480920392e-01 5.829484267149956898e-03 5.829685457606477265e-03
2.294999999999993534e+01 6.848128823152198619e-01 6.848083462929064336e-01 2.993440199087604725e-01 2.993420371318753492e-01 5.820982399781448983e-03 5.820943843108913711e-03
2.299999999999993605e+01 6.848130310873226101e-01 6.848354805135605794e-01 2.993441111448333913e-01 2.993539241934143336e-01 5.812507012521048178e-03 5.812697557153687251e-03
2.304999999999993676e+01 6.848129196532213303e-01 6.848105824424582933e-01 2.993440927703581167e-01 2.993430711333308070e-01 5.804054149691879015e-03 5.804034340927413486e-03
2.309999999999993747e+01 6.848131928730458728e-01 6.848279419342727659e-01 2.993442442696949701e-01 2.993506913513700463e-01 5.795629124292265774e-03 5.795753946783554177e-03
2.314999999999993463e+01 6.848129301112099165e-01 6.848148027495437606e-01 2.993441592270540408e-01 2.993449777912530196e-01 5.787223957990422427e-03 5.787239783301181308e-03
2.319999999999993534e+01 6.848133610852288333e-01 6.848186607104919110e-01 2.993443727357607553e-01 2.993466892983313032e-01 5.778848894512766433e-03 5.778893615797912019e-03
2.324999999999993605e+01 6.848129365749037190e-01 6.848177734423528396e-01 2.993442059469135774e-01 2.993463202297614867e-01 5.770490717048947643e-03 5.770531474308665879e-03
2.329999999999993321e+01 6.848134604346690635e-01 6.848154131394056376e-01 2.993444446474232690e-01 2.993452982102526860e-01 5.762164478294972379e-03 5.762180908763295945e-03
2.334999999999993392e+01 6.848129697318431353e-01 6.848160222605691461e-01 2.993442319345583913e-01 2.993455662505064563e-01 5.753853569140970209e-03 5.753879216732475654e-03
2.339999999999993463e+01 6.848134566333293760e-01 6.848213602319818127e-01 2.993444384339746245e-01 2.993478932409403548e-01 5.745574634049427365e-03 5.745640945123625838e-03
2.344999999999993534e+01 6.848130272723023104e-01 6.848106201646099178e-01 2.993442363190470523e-01 2.993431841284706074e-01 5.737311668788646138e-03 5.737291502222734152e-03
2.349999999999993605e+01 6.848133857850651207e-01 6.848318000981782339e-01 2.993443748956072792e-01 2.993524241264815533e-01 5.729078945370485315e-03 5.729232997636021438e-03
2.354999999999993321e+01 6.848130792016620116e-01 6.848062529982895663e-01 2.993442203448748451e-01 2.993412364875442933e-01 5.720864220637848253e-03 5.720807195175247988e-03
2.359999999999993392e+01 6.848133160771642247e-01 6.848388443547250848e-01 2.993443042366867868e-01 2.993554631091932539e-01 5.712677561768842588e-03 5.712890517351027451e-03
2.364999999999993463e+01 6.848131111472288701e-01 6.848056960322207454e-01 2.993441978052583385e-01 2.993409565243634329e-01 5.704510677565676618e-03 5.704448909468584628e-03
2.369999999999993179e+01 6.848132844039434008e-01 6.848388165590307830e-01 2.993442617467938494e-01 2.993554223131693615e-01 5.696370347227296474e-03 5.696582727177353436e-03
2.374999999999993250e+01 6.848131507461208134e-01 6.848062679373071449e-01 2.993441977045006031e-01 2.993411891044466255e-01 5.688250787733988879e-03 5.688193617186644915e-03
2.379999999999993321e+01 6.848132741241030885e-01 6.848347293947023573e-01 2.993442523502450880e-01 2.993536308365846166e-01 5.680156591086255036e-03 5.680334550978845438e-03
2.384999999999993392e+01 6.848132403756097553e-01 6.848028800359781121e-01 2.993442434065821667e-01 2.993397147148957327e-01 5.672084195292899020e-03 5.671998383986666392e-03
2.389999999999993463e+01 6.848132514872036225e-01 6.848317123902855075e-01 2.993442590082660004e-01 2.993523286029207142e-01 5.664035175180067057e-03 5.664187863820648039e-03
2.394999999999993179e+01 6.848133838830582354e-01 6.847944860858360405e-01 2.993443303126055444e-01 2.993360697432490003e-01 5.656010020077584070e-03 5.655853939409533418e-03
2.399999999999993250e+01 6.848132133224206219e-01 6.848311748670012911e-01 2.993442682872033966e-01 2.993521196039058418e-01 5.648005062022716169e-03 5.648153200073705374e-03
2.404999999999993321e+01 6.848135289037459161e-01 6.847864909806530287e-01 2.993444172649331048e-01 2.993325984982313503e-01 5.640026703060454713e-03 5.639804022576201323e-03
2.409999999999993037e+01 6.848131913753395805e-01 6.848301980090187868e-01 2.993442765956246809e-01 2.993517105039081860e-01 5.632065411018349899e-03 5.632205277590005173e-03
2.414999999999993108e+01 6.848136095499324227e-01 6.847860455069874064e-01 2.993444611431195224e-01 2.993324123995384500e-01 5.624132665911133963e-03 5.623906292147280890e-03
2.419999999999993179e+01 6.848132127505203171e-01 6.848261738033610824e-01 2.993442850831036228e-01 2.993499505945516059e-01 5.616215479983192871e-03 5.616321774757076710e-03
2.424999999999993250e+01 6.848136076321857946e-01 6.847950504157405138e-01 2.993444506203978284e-01 2.993363389244561024e-01 5.608326943707698208e-03 5.608174968139703447e-03
2.429999999999993321e+01 6.848132670184797766e-01 6.848206412054220760e-01 2.993442922466476031e-01 2.993475156374278967e-01 5.600454485437757202e-03 5.600514792094077841e-03
2.434999999999993037e+01 6.848135679968604395e-01 6.848083424866429070e-01 2.993444132956205594e-01 2.993421291304647625e-01 5.592609309586570043e-03 5.592566634852225681e-03
2.439999999999993108e+01 6.848133206216656665e-01 6.848175115988003325e-01 2.993442956290881529e-01 2.993461275810385125e-01 5.584781634871058970e-03 5.584815813079087483e-03
2.444999999999993179e+01 6.848135534568720040e-01 6.848188874820808625e-01 2.993443920439640138e-01 2.993467236428718481e-01 5.576979823827938297e-03 5.577023263025102963e-03
2.449999999999992895e+01 6.848133601459306385e-01 6.848178712544646940e-01 2.993443080412236945e-01 2.993462799283701514e-01 5.569196428673940311e-03 5.569233114946432403e-03
2.454999999999992966e+01 6.848135876566664448e-01 6.848242685276066943e-01 2.993444131398748098e-01 2.993490819418686000e-01 5.561438237619608163e-03 5.561524978018934917e-03
2.459999999999993037e+01 6.848134109344543585e-01 6.848178493659088373e-01 2.993443489242810784e-01 2.993462890430824697e-01 5.553698495812275926e-03 5.553734490595233116e-03
2.464999999999993108e+01 6.848136445167111175e-01 6.848276208163264211e-01 2.993444698831186912e-01 2.993505791772789193e-01 5.545983693990167405e-03 5.546096881468819302e-03
2.469999999999993179e+01 6.848135053920841875e-01 6.848125870446103436e-01 2.993444313676918433e-01 2.993440299413178129e-01 5.538287351853698331e-03 5.538279924908758207e-03
2.474999999999992895e+01 6.848136885983858724e-01 6.848327510360969761e-01 2.993445369704221815e-01 2.993528695091625114e-01 5.530615001763007285e-03 5.530768951670450052e-03
2.479999999999992966e+01 6.848136359420913255e-01 6.848021256251203281e-01 2.993445384756070471e-01 2.993395071059897772e-01 5.522961964494605552e-03 5.522869134796869542e-03
2.484999999999993037e+01 6.848137163723276855e-01 6.848392521105431952e-01 2.993445959427298853e-01 2.993557580807763019e-01 5.515331109032343970e-03 5.515536767955355260e-03
2.489999999999992752e+01 6.848137483233516232e-01 6.847924591775156333e-01 2.993446261232327599e-01 2.993353202478522546e-01 5.507720811835020019e-03 5.507549590576869131e-03
2.494999999999992824e+01 6.848137525128744629e-01 6.848432126953803989e-01 2.993446392917566978e-01 2.993575168773386919e-01 5.500131176697424171e-03 5.500367788283680448e-03
2.499999999999992895e+01 6.848137881434597229e-01 6.847902020230016706e-01 2.993446585751606825e-01 2.993343486496045092e-01 5.492562542663509927e-03 5.492373369717524871e-03
2.504999999999992966e+01 6.848138114255378772e-01 6.848420858197236116e-01 2.993446660776108992e-01 2.993570253334332243e-01 5.485014495237956408e-03 5.485240958926867333e-03
2.509999999999993037e+01 6.848137527733778596e-01 6.847963069974647432e-01 2.993446312921979047e-01 2.993370054240882538e-01 5.477486391440045468e-03 5.477346851309951477e-03
2.514999999999992752e+01 6.848138741938721852e-01 6.848376692711951597e-01 2.993446703900761729e-01 2.993550716536115264e-01 5.469980272089113547e-03 5.470170336292591758e-03
2.519999999999992824e+01 6.848136943376946784e-01 6.848055235526450124e-01 2.993445764935119824e-01 2.993410048940966517e-01 5.462492271779426437e-03 5.462427096607614004e-03
2.524999999999992895e+01 6.848139103873459588e-01 6.848336249099975515e-01 2.993446554721890251e-01 2.993532730497548977e-01 5.455027890153797340e-03 5.455184930291671896e-03
2.529999999999992610e+01 6.848136702438829548e-01 6.848119075316081439e-01 2.993445375488065219e-01 2.993437670351417612e-01 5.447580301161185010e-03 5.447566279074474507e-03
2.534999999999992681e+01 6.848139179233498908e-01 6.848306698805334269e-01 2.993446369252265038e-01 2.993519595108364850e-01 5.440156963657012505e-03 5.440290041087452420e-03
2.539999999999992752e+01 6.848136943961233847e-01 6.848143235354831049e-01 2.993445363276119320e-01 2.993448113358827545e-01 5.432750205582804331e-03 5.432755196658499430e-03
2.544999999999992824e+01 6.848139319388067969e-01 6.848254303105212326e-01 2.993446428516107760e-01 2.993496689993184745e-01 5.425367337591506349e-03 5.425458432248646788e-03
2.549999999999992895e+01 6.848137376188948577e-01 6.848162355074064456e-01 2.993445655962949647e-01 2.993456574688879712e-01 5.418001187263267807e-03 5.418020949663141482e-03
2.554999999999992610e+01 6.848139870483942460e-01 6.848147296381981164e-01 2.993446870019565997e-01 2.993450116015071716e-01 5.410658599222000625e-03 5.410664466362544861e-03
2.559999999999992681e+01 6.848137703585858160e-01 6.848206846018437544e-01 2.993446081241997181e-01 2.993476304662262555e-01 5.403332276610113560e-03 5.403386831520340036e-03
2.564999999999992752e+01 6.848140748664632849e-01 6.848005114550181904e-01 2.993447571503933258e-01 2.993388283351803292e-01 5.396029872021521068e-03 5.395922998380908372e-03
2.569999999999992468e+01 6.848137962219899011e-01 6.848265299422484631e-01 2.993446494419271797e-01 2.993502155842098222e-01 5.388742564211121584e-03 5.388842764792267301e-03
2.574999999999992539e+01 6.848141456692133922e-01 6.847895041494906909e-01 2.993448143795799377e-01 2.993340431196781504e-01 5.381479809071111099e-03 5.381286168443663413e-03
2.579999999999992610e+01 6.848138406444569393e-01 6.848301181661561321e-01 2.993446887122229727e-01 2.993518039154751120e-01 5.374231395192523818e-03 5.374359136723082936e-03
2.584999999999992681e+01 6.848141560015682527e-01 6.847874569537435452e-01 2.993448298479757241e-01 2.993331592044030653e-01 5.367007258592134712e-03 5.366798013525838316e-03
2.589999999999992752e+01 6.848139136654569636e-01 6.848299013802590096e-01 2.993447232004459169e-01 2.993517117238484460e-01 5.359798087742998450e-03 5.359923217974019855e-03
2.594999999999992468e+01 6.848141122217328292e-01 6.847938714204639954e-01 2.993448062953121269e-01 2.993359586699099184e-01 5.352611645870589824e-03 5.352453440677881411e-03
2.599999999999992539e+01 6.848139944645615929e-01 6.848283930658989327e-01 2.993447497138146396e-01 2.993510436063875346e-01 5.345441959175272449e-03 5.345554350114073774e-03
2.604999999999992610e+01 6.848140636667010561e-01 6.848027665106583006e-01 2.993447749461567442e-01 2.993398367522548398e-01 5.338292910319346503e-03 5.338204846228362596e-03
2.609999999999992326e+01 6.848140572459443520e-01 6.848289565998844086e-01 2.993447698001445723e-01 2.993512825806988742e-01 5.331162418524402168e-03 5.331278407492421809e-03
2.614999999999992397e+01 6.848140536890562347e-01 6.848085033610451511e-01 2.993447707307523853e-01 2.993423445806799865e-01 5.324051057905789322e-03 5.324007907170841443e-03
2.619999999999992468e+01 6.848141060922507961e-01 6.848314224921766558e-01 2.993448006118595295e-01 2.993523699277322869e-01 5.316959158292364901e-03 5.317093604400228816e-03
2.624999999999992539e+01 6.848140813530952942e-01 6.848104236574933390e-01 2.993448015582704791e-01 2.993432027124027783e-01 5.309885615224320572e-03 5.309857254322010792e-03
2.629999999999992610e+01 6.848141742384489250e-01 6.848319322236855466e-01 2.993448599871405547e-01 2.993526223288155430e-01 5.302831886397540474e-03 5.302969394664590330e-03
2.634999999999992326e+01 6.848141124479358854e-01 6.848117336736384564e-01 2.993448541183973965e-01 2.993438143123652306e-01 5.295795738494436453e-03 5.295777342987454187e-03
2.639999999999992397e+01 6.848142843561433324e-01 6.848275161589105764e-01 2.993449522982639666e-01 2.993507361632601338e-01 5.288780075941070143e-03 5.288882264368564325e-03
2.644999999999992468e+01 6.848141219802186264e-01 6.848146281050770945e-01 2.993449045431968436e-01 2.993451257797230536e-01 5.281780406584868880e-03 5.281784310184802628e-03
2.649999999999992184e+01 6.848144136818210548e-01 6.848202401839244002e-01 2.993450530955492628e-01 2.993475999674413135e-01 5.274802697718940225e-03 5.274847576518800624e-03
2.654999999999992255e+01 6.848141198378365768e-01 6.848175110742804605e-01 2.993449414357657323e-01 2.993464238080552065e-01 5.267838828610054216e-03 5.267864915231955034e-03
2.659999999999992326e+01 6.848145060163275399e-01 6.848159483383167156e-01 2.993451217818356991e-01 2.993457522475277965e-01 5.260898449592905403e-03 5.260909529833539267e-03
2.664999999999992397e+01 6.848141322607785852e-01 6.848173043877389121e-01 2.993449628103476146e-01 2.993463494058955510e-01 5.253970387193474499e-03 5.253994724105241591e-03
2.669999999999992468e+01 6.848145212650268432e-01 6.848186206766464501e-01 2.993451314142507869e-01 2.993469233431189647e-01 5.247066282458394230e-03 5.247097692254506368e-03
2.674999999999992184e+01 6.848141665797899957e-01 6.848136247316191083e-01 2.993449687837748119e-01 2.993447319318933708e-01 5.240174508249898118e-03 5.240170362046284169e-03
2.679999999999992255e+01 6.848144714387145449e-01 6.848263114350462422e-01 2.993450886809690958e-01 2.993502641626502037e-01 5.233305746170799355e-03 5.233396226619769359e-03
2.684999999999992326e+01 6.848142029518078377e-01 6.848096249407968905e-01 2.993449565544823443e-01 2.993429554211803900e-01 5.226450572753957649e-03 5.226415633717695387e-03
2.689999999999992042e+01 6.848144059761765989e-01 6.848330723196941472e-01 2.993450290055901242e-01 2.993531884092079931e-01 5.219616896348574196e-03 5.219759170169287546e-03
2.694999999999992113e+01 6.848142227452903574e-01 6.848083374669805545e-01 2.993449338956180039e-01 2.993423613318655363e-01 5.212798152296362411e-03 5.212753353624138310e-03
2.699999999999992184e+01 6.848143637408876661e-01 6.848346396385084356e-01 2.993449832441513747e-01 2.993538462127964817e-01 5.205999708593947624e-03 5.206153847179079315e-03
2.704999999999992255e+01 6.848142376780786966e-01 6.848089320402579450e-01 2.993449207934684164e-01 2.993426016014221203e-01 5.199217035058080472e-03 5.199176753824102763e-03
2.709999999999992326e+01 6.848143429300052043e-01 6.848319741850906750e-01 2.993449639958278841e-01 2.993526709422043020e-01 5.192453842078551506e-03 5.192587527184820348e-03
2.714999999999992042e+01 6.848142815143475337e-01 6.848075375958494471e-01 2.993449378035821784e-01 2.993419899125731032e-01 5.185707021283374706e-03 5.185655953444326047e-03
2.719999999999992113e+01 6.848143176317491587e-01 6.848290772164903339e-01 2.993449601303123098e-01 2.993514118168383309e-01 5.178978548967352359e-03 5.179090169841504485e-03
2.724999999999992184e+01 6.848143700542389523e-01 6.848019813368109165e-01 2.993449918641336582e-01 2.993395765272484077e-01 5.172267677998000114e-03 5.172174108462185282e-03
2.729999999999991900e+01 6.848142769257236084e-01 6.848281838179265391e-01 2.993449612899945489e-01 2.993510402492809419e-01 5.165573102502074229e-03 5.165678002576040879e-03
2.734999999999991971e+01 6.848144748401338022e-01 6.847950946568828190e-01 2.993450559969372815e-01 2.993365845608715325e-01 5.158897992191949222e-03 5.158751995878881579e-03
2.739999999999992042e+01 6.848142401577084204e-01 6.848277911371905002e-01 2.993449606556974896e-01 2.993508840392693493e-01 5.152236844332152947e-03 5.152338795856625624e-03
2.744999999999992113e+01 6.848145431823219331e-01 6.847925885796537493e-01 2.993450964256708646e-01 2.993354996629880027e-01 5.145596844446437799e-03 5.145431880756143155e-03
2.749999999999992184e+01 6.848142331908433356e-01 6.848253871862397535e-01 2.993449606214931835e-01 2.993498362390707435e-01 5.138969281055686712e-03 5.139052982645001683e-03
2.754999999999991900e+01 6.848145460850165733e-01 6.847975502197761744e-01 2.993450933038939166e-01 2.993376640971178171e-01 5.132363365690433693e-03 5.132235989663410866e-03
2.759999999999991971e+01 6.848142569876896069e-01 6.848211419322182136e-01 2.993449599724893329e-01 2.993479695089049653e-01 5.125769862542635912e-03 5.125821395700437717e-03
2.764999999999992042e+01 6.848145051451838272e-01 6.848074018335724711e-01 2.993450595933495606e-01 2.993419546047407787e-01 5.119197256833692145e-03 5.119144157413277677e-03
2.769999999999991758e+01 6.848142872443605533e-01 6.848179216041426765e-01 2.993449559770708923e-01 2.993465446227654425e-01 5.112638018395756351e-03 5.112665151541692134e-03
2.774999999999991829e+01 6.848144697942636361e-01 6.848165521523534860e-01 2.993450289500354522e-01 2.993459391871436948e-01 5.106098574840700968e-03 5.106114101273251209e-03
2.779999999999991900e+01 6.848143056420070707e-01 6.848175782764738262e-01 2.993449544466690870e-01 2.993463849755106931e-01 5.099573329585514736e-03 5.099597699753174659e-03
2.784999999999991971e+01 6.848144705408624189e-01 6.848217466627685157e-01 2.993450276915468056e-01 2.993482082185466853e-01 5.093067251238577418e-03 5.093121364841297731e-03
2.789999999999992042e+01 6.848143241069530873e-01 6.848181169498812615e-01 2.993449702822575942e-01 2.993466282038483861e-01 5.086575535807276449e-03 5.086603707796924674e-03
2.794999999999991758e+01 6.848144972946923481e-01 6.848244008672402794e-01 2.993450578672535167e-01 2.993493869016258246e-01 5.080102806402276953e-03 5.080176273256282668e-03
2.799999999999991829e+01 6.848143708955137798e-01 6.848154753933791694e-01 2.993450179853285320e-01 2.993455007817583668e-01 5.073644372632697686e-03 5.073652555623034237e-03
2.804999999999991900e+01 6.848145212531184800e-01 6.848278282700721586e-01 2.993451021636994724e-01 2.993509189071035248e-01 5.067204437811259100e-03 5.067302901516786660e-03
2.809999999999991616e+01 6.848144525029808971e-01 6.848081990146345222e-01 2.993450909016420747e-01 2.993423573859712583e-01 5.060779220653299944e-03 5.060733007370614954e-03
2.814999999999991687e+01 6.848145312548526986e-01 6.848328549590728676e-01 2.993451434958955826e-01 2.993531531271443891e-01 5.054371354932818590e-03 5.054506595646179358e-03
2.819999999999991758e+01 6.848145354856715050e-01 6.847998346373435075e-01 2.993451613127700028e-01 2.993387352987382233e-01 5.047979111513838275e-03 5.047870747027636239e-03
2.824999999999991829e+01 6.848145424037586082e-01 6.848369092074296782e-01 2.993451748249873479e-01 2.993549517709203078e-01 5.041602944420850614e-03 5.041767608773405768e-03
2.829999999999991900e+01 6.848145722410853287e-01 6.847959777872369980e-01 2.993451950108518833e-01 2.993370670290025348e-01 5.035242977474390161e-03 5.035106257846983478e-03
2.834999999999991616e+01 6.848145709503588030e-01 6.848372822727766263e-01 2.993451937381030881e-01 2.993551212798021277e-01 5.028898676826605574e-03 5.029065456191562054e-03
2.839999999999991687e+01 6.848145458671662800e-01 6.847990059789869077e-01 2.993451783525739041e-01 2.993383855783451342e-01 5.022570106586820605e-03 5.022456133864861699e-03
2.844999999999991758e+01 6.848146091423591431e-01 6.848343591378114326e-01 2.993451969840930094e-01 2.993538300742756286e-01 5.016258013977270731e-03 5.016402682434457569e-03
2.849999999999991473e+01 6.848144867310823614e-01 6.848059853769512539e-01 2.993451311535531012e-01 2.993414150537674345e-01 5.009960354034372065e-03 5.009898159895699588e-03
2.854999999999991545e+01 6.848146321692315519e-01 6.848309492761722739e-01 2.993451824968182962e-01 2.993523150070269701e-01 5.003680442905457035e-03 5.003799665809069951e-03
2.859999999999991616e+01 6.848144433305752843e-01 6.848118926200664758e-01 2.993450881272505804e-01 2.993439731644026436e-01 4.997413825162791423e-03 4.997395211425764011e-03
2.864999999999991687e+01 6.848146297045389908e-01 6.848285755626868365e-01 2.993451603233732161e-01 2.993512563163062135e-01 4.991165657746958126e-03 4.991267299980105612e-03
2.869999999999991758e+01 6.848144392777113509e-01 6.848145071919149451e-01 2.993450716135832579e-01 2.993451013001391381e-01 4.984930418211221993e-03 4.984930912575183219e-03
2.874999999999991473e+01 6.848146228459187634e-01 6.848253540207727141e-01 2.993451508446485221e-01 2.993498416398626683e-01 4.978713527561732209e-03 4.978791544945751490e-03
2.879999999999991545e+01 6.848144597182963533e-01 6.848157787866719914e-01 2.993450829913806288e-01 2.993456595805965570e-01 4.972509684242214061e-03 4.972519262136165970e-03
2.884999999999991616e+01 6.848146435376872843e-01 6.848182727711769058e-01 2.993451702436791262e-01 2.993467566488867693e-01 4.966323853068100452e-03 4.966350172524054522e-03
2.889999999999991331e+01 6.848144780555083244e-01 6.848186225164957230e-01 2.993451083915712463e-01 2.993469200123287655e-01 4.960150926123809562e-03 4.960180944694770992e-03
2.894999999999991402e+01 6.848146973431533668e-01 6.848074590351874713e-01 2.993452166703569617e-01 2.993420526715777630e-01 4.953996138524742465e-03 4.953943776112178579e-03
2.899999999999991473e+01 6.848144884848770264e-01 6.848231760006046054e-01 2.993451371513807802e-01 2.993489346259241568e-01 4.947853506634403153e-03 4.947916274808674200e-03
2.904999999999991545e+01 6.848147519714279374e-01 6.847974239522348627e-01 2.993452621372372224e-01 2.993376877378354228e-01 4.941729461613501503e-03 4.941604419939514201e-03
2.909999999999991616e+01 6.848145082218832780e-01 6.848267804509478029e-01 2.993451633421967406e-01 2.993505277618604410e-01 4.935616872913393786e-03 4.935705321712465996e-03
2.914999999999991331e+01 6.848147668740858229e-01 6.847934774471943209e-01 2.993452798879262522e-01 2.993359738832082062e-01 4.929522929401843230e-03 4.929369681073839105e-03
2.919999999999991402e+01 6.848145509306677869e-01 6.848274017908974054e-01 2.993451868605769839e-01 2.993508042107800859e-01 4.923440573364763068e-03 4.923532963993103653e-03
2.924999999999991473e+01 6.848147335859787743e-01 6.847968759605014277e-01 2.993452648124410587e-01 2.993374589120051388e-01 4.917376013346064917e-03 4.917247785002147945e-03
2.929999999999991189e+01 6.848146065703718532e-01 6.848261701290797587e-01 2.993452053298693016e-01 2.993502599765175409e-01 4.911324123541754849e-03 4.911407054577821008e-03
2.934999999999991260e+01 6.848146840587101547e-01 6.848038522954569274e-01 2.993452344410680865e-01 2.993404996759032599e-01 4.905288561099037728e-03 4.905210973796049999e-03
2.939999999999991331e+01 6.848146530865579784e-01 6.848259421068265684e-01 2.993452172292758728e-01 2.993501518699255293e-01 4.899267057762299836e-03 4.899347821111721228e-03
2.944999999999991402e+01 6.848146585303691580e-01 6.848093617576028747e-01 2.993452187333474068e-01 2.993429034154981849e-01 4.893260624983212723e-03 4.893222777531651933e-03
2.949999999999991473e+01 6.848146857386813169e-01 6.848276392896653908e-01 2.993452337782048778e-01 2.993508960162210020e-01 4.887269122909477376e-03 4.887361567611782018e-03
2.954999999999991189e+01 6.848146681296815030e-01 6.848115842022867161e-01 2.993452328938035478e-01 2.993438848517606665e-01 4.881292016205531457e-03 4.881270034272504159e-03
2.959999999999991260e+01 6.848147268011349764e-01 6.848288382008446140e-01 2.993452685649869993e-01 2.993514369205590997e-01 4.875330106921623233e-03 4.875430568738758387e-03
2.964999999999991331e+01 6.848146907330632249e-01 6.848124789322197481e-01 2.993452682967812084e-01 2.993443014773979893e-01 4.869382160175386200e-03 4.869366433141905127e-03
2.969999999999991047e+01 6.848148004175909076e-01 6.848265472786387864e-01 2.993453336486655569e-01 2.993504684209244981e-01 4.863449774958021089e-03 4.863533199365152604e-03
2.974999999999991118e+01 6.848147009669758312e-01 6.848143878248909022e-01 2.993453079780175052e-01 2.993451710977581559e-01 4.857530352584472563e-03 4.857528131403793942e-03
2.979999999999991189e+01 6.848149001875085684e-01 6.848210891659710642e-01 2.993454126145492777e-01 2.993481179328929542e-01 4.851627432974877155e-03 4.851671279301354722e-03
2.984999999999991260e+01 6.848146980399455463e-01 6.848169202247553766e-01 2.993453400431788092e-01 2.993463114018097837e-01 4.845735978036089936e-03 4.845751702174187422e-03
2.989999999999991331e+01 6.848149855768088656e-01 6.848165678062553274e-01 2.993454771340238185e-01 2.993461687561970175e-01 4.839862201035156734e-03 4.839873383285330302e-03
2.994999999999991047e+01 6.848147013843316477e-01 6.848176236234995162e-01 2.993453589597905307e-01 2.993466363253770579e-01 4.833998529831105145e-03 4.834019157454625890e-03
2.999999999999991118e+01 6.848150164446538124e-01 6.848170484477840159e-01 2.993454980662070275e-01 2.993463862929170993e-01 4.828153194616252759e-03 4.828167520853511759e-03
3.004999999999991189e+01 6.848147233562659197e-01 6.848153276093469355e-01 2.993453667160723697e-01 2.993456308464333970e-01 4.822317627322963984e-03 4.822321882342875919e-03
3.009999999999990905e+01 6.848149891819189650e-01 6.848224482103212329e-01 2.993454748126075371e-01 2.993487352938090096e-01 4.816499996984846370e-03 4.816552458468377831e-03
3.014999999999990976e+01 6.848147536336397501e-01 6.848118814673946897e-01 2.993453605202196499e-01 2.993441050425367234e-01 4.810692816717080343e-03 4.810672640297909523e-03
3.019999999999991047e+01 6.848149378245645957e-01 6.848285601320133198e-01 2.993454275427063216e-01 2.993513821082716131e-01 4.804902528775392180e-03 4.804998107676921627e-03
3.024999999999991118e+01 6.848147745763610850e-01 6.848101158154273893e-01 2.993453437782276350e-01 2.993433073467062222e-01 4.799123747947547404e-03 4.799091099746802952e-03
3.029999999999991189e+01 6.848148997782864678e-01 6.848311665024122696e-01 2.993453871772324693e-01 2.993524976662611525e-01 4.793360883542563747e-03 4.793474742454151803e-03
3.034999999999990905e+01 6.848147877271545392e-01 6.848104160386180306e-01 2.993453297365902266e-01 2.993434187899081111e-01 4.787610231692777246e-03 4.787579668771031749e-03
3.039999999999990976e+01 6.848148835653213862e-01 6.848297608512060597e-01 2.993453668052572514e-01 2.993518699445830711e-01 4.781874869093576813e-03 4.781978753108366564e-03
3.044999999999991047e+01 6.848148172971170178e-01 6.848101104450441401e-01 2.993453368460367026e-01 2.993432793931550817e-01 4.776152163478856842e-03 4.776119336149273024e-03
3.049999999999990763e+01 6.848148709340242668e-01 6.848271948917737939e-01 2.993453624431430260e-01 2.993507494751072029e-01 4.770444022998305937e-03 4.770529872113273007e-03
3.054999999999990834e+01 6.848148830313042223e-01 6.848066522061126982e-01 2.993453730254524991e-01 2.993417751780658165e-01 4.764749272191852805e-03 4.764692004426047262e-03
3.059999999999990905e+01 6.848148465548316022e-01 6.848259984714588633e-01 2.993453647165542630e-01 2.993502394276778000e-01 4.759067801535054112e-03 4.759145300916986857e-03
3.064999999999990976e+01 6.848149722869620870e-01 6.848010651740416010e-01 2.993454269755277952e-01 2.993393479164773163e-01 4.753400984129074747e-03 4.753304452822198871e-03
3.069999999999991047e+01 6.848148190601439644e-01 6.848257857488480038e-01 2.993453661736656946e-01 2.993501599184189566e-01 4.747745696648156960e-03 4.747821727492777116e-03
3.074999999999990763e+01 6.848150447111660544e-01 6.847976170213212477e-01 2.993454681481401147e-01 2.993378501788568347e-01 4.742106426109161249e-03 4.741985745407643373e-03
3.079999999999990834e+01 6.848148105003443176e-01 6.848244499656299666e-01 2.993453670663414057e-01 2.993495806569793638e-01 4.736477326999082547e-03 4.736543997737025120e-03
3.084999999999990905e+01 6.848150680397837586e-01 6.847998080418905564e-01 2.993454781825733990e-01 2.993388077520008350e-01 4.730864925840759516e-03 4.730759506155693059e-03
3.089999999999990621e+01 6.848148292006671634e-01 6.848213246511507535e-01 2.993453691523860760e-01 2.993482084352694361e-01 4.725262338632782444e-03 4.725307157620680168e-03
3.094999999999990692e+01 6.848150478301858746e-01 6.848069126392966055e-01 2.993454582118829643e-01 2.993419021678793701e-01 4.719676124743928634e-03 4.719620057830193650e-03
3.099999999999990763e+01 6.848148603850026106e-01 6.848182807997396093e-01 2.993453690765530695e-01 2.993468642037342420e-01 4.714100300418169222e-03 4.714123845728108823e-03
3.104999999999990834e+01 6.848150210119030579e-01 6.848147626220327799e-01 2.993454322167964365e-01 2.993453192697596021e-01 4.708540027004279663e-03 4.708538250409126553e-03
3.109999999999990905e+01 6.848148852565253408e-01 6.848173765498462018e-01 2.993453695437762185e-01 2.993464585345908535e-01 4.702990880499243603e-03 4.703007989545820652e-03
3.114999999999990621e+01 6.848150198450403403e-01 6.848198485429577431e-01 2.993454256414351811e-01 2.993475363554112256e-01 4.697456659732222005e-03 4.697489781960171099e-03
3.119999999999990692e+01 6.848149056267145429e-01 6.848179650445622713e-01 2.993453790081966881e-01 2.993467163368495054e-01 4.691933840253877455e-03 4.691954801518028080e-03
3.124999999999990763e+01 6.848150452646459829e-01 6.848222713752998292e-01 2.993454466277087889e-01 2.993486052956382260e-01 4.686425778907388380e-03 4.686475229677321275e-03
3.129999999999990479e+01 6.848149425871267182e-01 6.848169111144294385e-01 2.993454115016125350e-01 2.993462719816909479e-01 4.680929030517797830e-03 4.680942486031142852e-03
3.134999999999990550e+01 6.848150750410612053e-01 6.848246314644345079e-01 2.993454830610384754e-01 2.993496603525077626e-01 4.675446826412168501e-03 4.675512071105168352e-03
3.139999999999990621e+01 6.848150088059276053e-01 6.848120785437146196e-01 2.993454683826723972e-01 2.993441875101691130e-01 4.669976105813932431e-03 4.669956123403585374e-03
3.144999999999990692e+01 6.848150935265797656e-01 6.848284271295620451e-01 2.993455205921042861e-01 2.993513489600299060e-01 4.664519214524424917e-03 4.664610034437562634e-03
3.149999999999990763e+01 6.848150861097478392e-01 6.848051660642585636e-01 2.993455309593830993e-01 2.993411947212593072e-01 4.659074411819202899e-03 4.659006921731673016e-03
3.154999999999990479e+01 6.848151076623822942e-01 6.848322435208948900e-01 2.993455506646542919e-01 2.993530410703786337e-01 4.653642451063426562e-03 4.653758897324201949e-03
3.159999999999990550e+01 6.848151361059688913e-01 6.848006064464757792e-01 2.993455697635151180e-01 2.993392185762090429e-01 4.648223132973847149e-03 4.648124512052945190e-03
3.164999999999990621e+01 6.848151330912791712e-01 6.848335849252230600e-01 2.993455720385282959e-01 2.993536376821162026e-01 4.642816161900410743e-03 4.642941259125504296e-03
3.169999999999990337e+01 6.848151353353996162e-01 6.848014408627081107e-01 2.993455716446246084e-01 2.993395855331257849e-01 4.637421714091793587e-03 4.637328978049983473e-03
3.174999999999990408e+01 6.848151704001909090e-01 6.848319004501821627e-01 2.993455817832859633e-01 2.993528948025711012e-01 4.632039950224937919e-03 4.632153111064940196e-03
3.179999999999990479e+01 6.848150981238819712e-01 6.848064968987537249e-01 2.993455417303445554e-01 2.993417819732909768e-01 4.626669887640574678e-03 4.626611777021508859e-03
3.184999999999990550e+01 6.848152016214655857e-01 6.848291093682893349e-01 2.993455768351038770e-01 2.993516561722529001e-01 4.621313420842987352e-03 4.621407273983072460e-03
3.189999999999990621e+01 6.848150630720146737e-01 6.848118188859070310e-01 2.993455059833038945e-01 2.993440878887200229e-01 4.615967709842784712e-03 4.615945842540026232e-03
3.194999999999990337e+01 6.848152122291093491e-01 6.848270373260096910e-01 2.993455616725451129e-01 2.993507306439847637e-01 4.610636298383454651e-03 4.610715912883872267e-03
3.199999999999990408e+01 6.848150574231081089e-01 6.848146642594414857e-01 2.993454879722615702e-01 2.993453161130590345e-01 4.605315199573264615e-03 4.605312555585533603e-03
3.204999999999990479e+01 6.848152116711703208e-01 6.848249446355795245e-01 2.993455521879228032e-01 2.993498066489158616e-01 4.600008485407966474e-03 4.600073863218079144e-03
3.209999999999990195e+01 6.848150768481378048e-01 6.848157427996367508e-01 2.993454936836509317e-01 2.993457847835214736e-01 4.594712105658505311e-03 4.594716573806940756e-03
3.214999999999990621e+01 6.848152256758799350e-01 6.848203199554135923e-01 2.993455621863654326e-01 2.993477889913688239e-01 4.589429853374719752e-03 4.589463993735063210e-03
3.219999999999990337e+01 6.848150991861509107e-01 6.848175358052646100e-01 2.993455135361791086e-01 2.993465786280568031e-01 4.584157940829705971e-03 4.584174251578215613e-03
3.224999999999990052e+01 6.848152673332653650e-01 6.848122412062973563e-01 2.993455959593278592e-01 2.993442731824800251e-01 4.578900129396994319e-03 4.578879895716721389e-03
3.229999999999990479e+01 6.848151131234292421e-01 6.848209790370931582e-01 2.993455384172009071e-01 2.993481025181536914e-01 4.573652229445402013e-03 4.573691405930547377e-03
3.234999999999990195e+01 6.848153187488834615e-01 6.848034483742699852e-01 2.993456369516007687e-01 2.993404481879264889e-01 4.568418724938595570e-03 4.568339537396828680e-03
3.239999999999990621e+01 6.848151288381064683e-01 6.848243722732905159e-01 2.993455603770979190e-01 2.993496008562994692e-01 4.563194517943576500e-03 4.563256110614331840e-03
3.244999999999990337e+01 6.848153459504117135e-01 6.847984860738389745e-01 2.993456600791551958e-01 2.993382903101928783e-01 4.557984926976107153e-03 4.557872711232486239e-03
3.249999999999990052e+01 6.848151610327873895e-01 6.848256181229408490e-01 2.993455811069271055e-01 2.993501520976218355e-01 4.552784503527418369e-03 4.552854024298441139e-03
3.254999999999989768e+01 6.848153324627427319e-01 6.847996219166579968e-01 2.993456561608801580e-01 2.993387887858325325e-01 4.547598270579275917e-03 4.547493942815544928e-03
3.259999999999990195e+01 6.848152077566547202e-01 6.848248306516513395e-01 2.993455989107254300e-01 2.993498052589977920e-01 4.542421834760638696e-03 4.542485664021221441e-03
3.264999999999990621e+01 6.848152959120875627e-01 6.848048540769728909e-01 2.993456336702438048e-01 2.993410693479108264e-01 4.537258562641068027e-03 4.537189380036551339e-03
3.269999999999990337e+01 6.848152516114487387e-01 6.848241887692683161e-01 2.993456101837974614e-01 2.993495167833577497e-01 4.532106134501106588e-03 4.532165280595887996e-03
3.274999999999990052e+01 6.848152701287827382e-01 6.848099760984629469e-01 2.993456157012330809e-01 2.993433015811560738e-01 4.526965832910906894e-03 4.526930836766075023e-03
3.279999999999989768e+01 6.848152822783490912e-01 6.848251760436313562e-01 2.993456213879328587e-01 2.993499461385523697e-01 4.521837181086609155e-03 4.521902509645816387e-03
3.284999999999990195e+01 6.848152724427390980e-01 6.848125114030544358e-01 2.993456207189912899e-01 2.993444138166754254e-01 4.516720041025906740e-03 4.516701830504355093e-03
3.289999999999989910e+01 6.848153118890564217e-01 6.848265483501722040e-01 2.993456444137190253e-01 2.993505560820699518e-01 4.511614836680025338e-03 4.511688863331885825e-03
3.294999999999990337e+01 6.848152909258495846e-01 6.848133169252881292e-01 2.993456451154827835e-01 2.993447822427062199e-01 4.506520814685486577e-03 4.506507824504431617e-03
3.299999999999990052e+01 6.848153626995374665e-01 6.848256642400137872e-01 2.993456886440475362e-01 2.993501916413456865e-01 4.501438926978167804e-03 4.501506641223253051e-03
3.304999999999989768e+01 6.848153027129817438e-01 6.848145353853024586e-01 2.993456766585251838e-01 2.993453412451334561e-01 4.496367655404068936e-03 4.496362617275766367e-03
3.309999999999990195e+01 6.848154386546629890e-01 6.848217802934424281e-01 2.993457515079971376e-01 2.993485235579818049e-01 4.491309099894941030e-03 4.491350691042498254e-03
3.314999999999989910e+01 6.848153006466625170e-01 6.848166008611170641e-01 2.993457042170220017e-01 2.993462725653214251e-01 4.486260085680369644e-03 4.486268603451810943e-03
3.319999999999990337e+01 6.848155138574069101e-01 6.848175111988319408e-01 2.993458077387269878e-01 2.993466808144241709e-01 4.481224666747420093e-03 4.481237736742886210e-03
3.324999999999990052e+01 6.848152978939946456e-01 6.848177843888714200e-01 2.993457216627726236e-01 2.993468085567213555e-01 4.476197707106889870e-03 4.476213959726684129e-03
3.329999999999989768e+01 6.848155521541178237e-01 6.848165657030296227e-01 2.993458359823717441e-01 2.993462790237795268e-01 4.471185003470835514e-03 4.471191620967590943e-03
3.334999999999989484e+01 6.848153087092193614e-01 6.848165632184616269e-01 2.993457290454453190e-01 2.993462774151720573e-01 4.466180217015234058e-03 4.466188398585196374e-03
3.339999999999989910e+01 6.848155400865046927e-01 6.848200607781953497e-01 2.993458258765879787e-01 2.993478019564349557e-01 4.461189655388802210e-03 4.461219105162974458e-03
3.344999999999990337e+01 6.848153299164099206e-01 6.848137560030386206e-01 2.993457261253982260e-01 2.993450381381110859e-01 4.456207311133589602e-03 4.456197069417368838e-03
3.349999999999990052e+01 6.848154978082373612e-01 6.848253233023324782e-01 2.993457894840130251e-01 2.993500843930745337e-01 4.451238505338492996e-03 4.451302370157251935e-03
3.354999999999989768e+01 6.848153462843362682e-01 6.848117447062962437e-01 2.993457116824871367e-01 2.993441373647569570e-01 4.446278673338103712e-03 4.446255289487673935e-03
3.359999999999989484e+01 6.848154578835349282e-01 6.848285063425730845e-01 2.993457502720588970e-01 2.993514539995605350e-01 4.441331606410379995e-03 4.441416231447496699e-03
3.364999999999989910e+01 6.848153526483864439e-01 6.848116203479455155e-01 2.993456964461294056e-01 2.993440649872689541e-01 4.436394167412079613e-03 4.436369988696104057e-03
3.369999999999989626e+01 6.848154352257884714e-01 6.848281711780935810e-01 2.993457266522507876e-01 2.993512937769113869e-01 4.431468936376779973e-03 4.431551351249623724e-03
3.374999999999990052e+01 6.848153645783106036e-01 6.848118063443993098e-01 2.993456929409659129e-01 2.993441375699112950e-01 4.426553684894144608e-03 4.426530684952486791e-03
3.379999999999989768e+01 6.848154196000308946e-01 6.848260619314091580e-01 2.993457168919917422e-01 2.993503688554619568e-01 4.421650175657199783e-03 4.421718890036376026e-03
3.384999999999989484e+01 6.848154024274127893e-01 6.848098335384187330e-01 2.993457121018531231e-01 2.993432778355740176e-01 4.416757094826319861e-03 4.416721177950199036e-03
3.389999999999989910e+01 6.848153956041518331e-01 6.848246489046582175e-01 2.993457140577846509e-01 2.993497588498048589e-01 4.411874930844293663e-03 4.411934544580773873e-03
3.394999999999989626e+01 6.848154652061626546e-01 6.848055185101989961e-01 2.993457507396269923e-01 2.993414028512951797e-01 4.407004059471883971e-03 4.406940049338180058e-03
3.399999999999990052e+01 6.848153647031338664e-01 6.848243709727011019e-01 2.993457122832260398e-01 2.993496490935220189e-01 4.402142827694509666e-03 4.402200721963568132e-03
3.404999999999989768e+01 6.848155247713432203e-01 6.848017960372145829e-01 2.993457860296826478e-01 2.993397849409802358e-01 4.397293955632513261e-03 4.397205801556825638e-03
3.409999999999989484e+01 6.848153441225776072e-01 6.848236791418931269e-01 2.993457093205345032e-01 2.993493527147583766e-01 4.392453548357082987e-03 4.392507009754352196e-03
3.414999999999989200e+01 6.848155494886686290e-01 6.848020905469387465e-01 2.993457987655143704e-01 2.993399156081215651e-01 4.387626218622426959e-03 4.387539986927406314e-03
3.419999999999989626e+01 6.848153458691231821e-01 6.848214677270797468e-01 2.993457071237619616e-01 2.993483831033671994e-01 4.382806839293743387e-03 4.382846019082985330e-03
3.424999999999990052e+01 6.848155335192822601e-01 6.848069466990315268e-01 2.993457842703641791e-01 2.993420308092983317e-01 4.378000501211916536e-03 4.377945605986090574e-03
3.429999999999989768e+01 6.848153624734628631e-01 6.848187403467714818e-01 2.993457039421900667e-01 2.993471804742873221e-01 4.373202395064875424e-03 4.373223966023199669e-03
3.434999999999989484e+01 6.848155015894051845e-01 6.848135221660542893e-01 2.993457582883036761e-01 2.993448930450628431e-01 4.368416757217137916e-03 4.368404130537227939e-03
3.439999999999989200e+01 6.848153768668024943e-01 6.848174248473501979e-01 2.993456986428699729e-01 2.993465938537378523e-01 4.363639921907735801e-03 4.363652971628841602e-03
3.444999999999989626e+01 6.848154842561143818e-01 6.848184362500205902e-01 2.993457428069372650e-01 2.993470331790578642e-01 4.358875031771940016e-03 4.358893821318653682e-03
3.449999999999989342e+01 6.848153843750955927e-01 6.848177673607535043e-01 2.993456986624014604e-01 2.993467403103009516e-01 4.354119253271304148e-03 4.354134404513478225e-03
3.454999999999989768e+01 6.848154907642572953e-01 6.848208458756623873e-01 2.993457493983964213e-01 2.993480902184542103e-01 4.349375218284011468e-03 4.349409229472646007e-03
3.459999999999989484e+01 6.848153995090960899e-01 6.848175976274740728e-01 2.993457157931398438e-01 2.993466766321042360e-01 4.344640287273447525e-03 4.344654232686573879e-03
3.464999999999989200e+01 6.848155067840709931e-01 6.848225543904323809e-01 2.993457719534551309e-01 2.993488525950962487e-01 4.339916954743832690e-03 4.339961617906443712e-03
3.469999999999989626e+01 6.848154377732518228e-01 6.848145683927605587e-01 2.993457525938826302e-01 2.993453725712618141e-01 4.335202789194544590e-03 4.335197285608436042e-03
3.474999999999989342e+01 6.848155160155354748e-01 6.848253309493935737e-01 2.993457998633610728e-01 2.993500901563781458e-01 4.330499817191489631e-03 4.330561882913255660e-03
3.479999999999989768e+01 6.848154925668598070e-01 6.848090745203191387e-01 2.993458014710677073e-01 2.993429960215613361e-01 4.325806379639716114e-03 4.325765838461878565e-03
3.484999999999989484e+01 6.848155190198279563e-01 6.848286993058612104e-01 2.993458224116989363e-01 2.993515837641400612e-01 4.321123383784909733e-03 4.321206550186080901e-03
3.489999999999989200e+01 6.848155348465775338e-01 6.848043657943425622e-01 2.993458377511614144e-01 2.993409555469355166e-01 4.316450436209979917e-03 4.316380036725828845e-03
3.494999999999988916e+01 6.848155285042046847e-01 6.848305885085738121e-01 2.993458386387564119e-01 2.993524216519185543e-01 4.311787376863623726e-03 4.311882198803302334e-03
3.499999999999989342e+01 6.848155385466709877e-01 6.848036417054736980e-01 2.993458437463614175e-01 2.993406434117228399e-01 4.307134442393698720e-03 4.307059617434870827e-03
3.504999999999989768e+01 6.848155496155585720e-01 6.848298894038010731e-01 2.993458450768751167e-01 2.993521132698682141e-01 4.302491485114995351e-03 4.302581577719998343e-03
3.509999999999989484e+01 6.848155057302794946e-01 6.848070170154664238e-01 2.993458213638828802e-01 2.993421107859436381e-01 4.297858167464229870e-03 4.297804892834807509e-03
3.514999999999989200e+01 6.848155706868148673e-01 6.848276945505591407e-01 2.993458420293066968e-01 2.993511415995216973e-01 4.293235453987915250e-03 4.293311460731766283e-03
3.519999999999988916e+01 6.848154648186343119e-01 6.848116260739511851e-01 2.993457865955624353e-01 2.993441086076872315e-01 4.288621584463654830e-03 4.288597544522749702e-03
3.524999999999989342e+01 6.848155764527877887e-01 6.848257974175528950e-01 2.993458269172659669e-01 2.993502946940729270e-01 4.284018989871436235e-03 4.284082929432180345e-03
3.529999999999989058e+01 6.848154438353580842e-01 6.848146118022565565e-01 2.993457628963188677e-01 2.993453991989376561e-01 4.279424773356963092e-03 4.279419573966238705e-03
3.534999999999989484e+01 6.848155686029043787e-01 6.848242818857378511e-01 2.993458129915905763e-01 2.993496217320065211e-01 4.274842027727115794e-03 4.274896418879074907e-03
3.539999999999989200e+01 6.848154474017242865e-01 6.848157229452883632e-01 2.993457584167746877e-01 2.993458788620676492e-01 4.270267595103786028e-03 4.270269313296267549e-03
3.544999999999988916e+01 6.848155667112778566e-01 6.848212773080012417e-01 2.993458119306610099e-01 2.993483081402915635e-01 4.265704480664933573e-03 4.265740051874488716e-03
3.549999999999989342e+01 6.848154595304246639e-01 6.848168501307467793e-01 2.993457686289258124e-01 2.993463764865851306e-01 4.261149731372619251e-03 4.261158384150687088e-03
3.554999999999989058e+01 6.848155874797489107e-01 6.848153518551577390e-01 2.993458307102827565e-01 2.993457277143225514e-01 4.256606195667023834e-03 4.256604731095957848e-03
3.559999999999989484e+01 6.848154664045058571e-01 6.848193495953061039e-01 2.993457842849214234e-01 2.993474817010176592e-01 4.252070799501734936e-03 4.252094910525828879e-03
3.564999999999989200e+01 6.848156238133061846e-01 6.848078800481104400e-01 2.993458620378558477e-01 2.993424770916202071e-01 4.247546818557737698e-03 4.247498788103879624e-03
3.569999999999988916e+01 6.848154715611148857e-01 6.848223792260769160e-01 2.993458011720553369e-01 2.993488206431218490e-01 4.243030491453664288e-03 4.243073290476577671e-03
3.574999999999988631e+01 6.848156488143513076e-01 6.848024942360687595e-01 2.993458844535875629e-01 2.993401343383887969e-01 4.238525797572931242e-03 4.238444380012595242e-03
3.579999999999989058e+01 6.848154878503055487e-01 6.848240238238557653e-01 2.993458162739141004e-01 2.993495475095759861e-01 4.234028518725810493e-03 4.234081294336304244e-03
3.584999999999989484e+01 6.848156418357146391e-01 6.848019417035161593e-01 2.993458845116639955e-01 2.993398959244584212e-01 4.229542698857855464e-03 4.229458084414823398e-03
3.589999999999989200e+01 6.848155184700617237e-01 6.848237124957875510e-01 2.993458290031014712e-01 2.993494107668869253e-01 4.225064629542725839e-03 4.225115183724596074e-03
3.594999999999988916e+01 6.848156092817759832e-01 6.848055832144561705e-01 2.993458659481998962e-01 2.993414833643872619e-01 4.220597334482912265e-03 4.220535542677305955e-03
3.599999999999988631e+01 6.848155514430378510e-01 6.848229219851625915e-01 2.993458369705201960e-01 2.993490587739628950e-01 4.216138548880575890e-03 4.216183926393854073e-03
3.604999999999989058e+01 6.848155780146222282e-01 6.848101590070675426e-01 2.993458454943335179e-01 2.993434767436066180e-01 4.211689700940333785e-03 4.211656373459124990e-03
3.609999999999988773e+01 6.848155748054945979e-01 6.848233130197728391e-01 2.993458438453366899e-01 2.993492263651977847e-01 4.207250089182535541e-03 4.207297629869269188e-03
3.614999999999989200e+01 6.848155689229235010e-01 6.848129277094129330e-01 2.993458412266436497e-01 2.993446867022490077e-01 4.202819813641900382e-03 4.202803604103189962e-03
3.619999999999988916e+01 6.848155934371438214e-01 6.848245533052942369e-01 2.993458559532329311e-01 2.993497724811660099e-01 4.198399101728381155e-03 4.198454031993922170e-03
3.624999999999988631e+01 6.848155790298755541e-01 6.848138334357406487e-01 2.993458561829632769e-01 2.993450931507151136e-01 4.193987477169373174e-03 4.193976786700046554e-03
3.629999999999989058e+01 6.848156258559722209e-01 6.848245475406138372e-01 2.993458851440463642e-01 2.993497849814408251e-01 4.189585516361750243e-03 4.189640097710867726e-03
3.634999999999988773e+01 6.848155896499737993e-01 6.848146088280806509e-01 2.993458805618401941e-01 2.993454518259911490e-01 4.185192318236153480e-03 4.185186324026450230e-03
3.639999999999989200e+01 6.848156818722799244e-01 6.848219712009741000e-01 2.993459330494177006e-01 2.993486822343678355e-01 4.180809120801932434e-03 4.180847517239783678e-03
3.644999999999988916e+01 6.848155892927905164e-01 6.848161955582912075e-01 2.993459042786070778e-01 2.993461692887753323e-01 4.176433962729092855e-03 4.176437660115465619e-03
3.649999999999988631e+01 6.848157465699062918e-01 6.848182236953843649e-01 2.993459826571741589e-01 2.993470654558161304e-01 4.172069444699301292e-03 4.172084535969572926e-03
3.654999999999988347e+01 6.848155845871209957e-01 6.848175605749405870e-01 2.993459204592248124e-01 2.993467842010933966e-01 4.167712084360954486e-03 4.167724110004791989e-03
3.659999999999988773e+01 6.848157893128957729e-01 6.848164272556006571e-01 2.993460142569184246e-01 2.993462931138154426e-01 4.163365984101795314e-03 4.163369862500919741e-03
3.664999999999989200e+01 6.848155889983659206e-01 6.848171460617792361e-01 2.993459279761343517e-01 2.993466085981877356e-01 4.159026439404446551e-03 4.159035895771981926e-03
3.669999999999988916e+01 6.848157910468872789e-01 6.848183803476566300e-01 2.993460144803226086e-01 2.993471463129638854e-01 4.154698327277214082e-03 4.154714036265989667e-03
3.674999999999988631e+01 6.848156047770505017e-01 6.848150044964078642e-01 2.993459282082551187e-01 2.993456658141669946e-01 4.150376820911692681e-03 4.150373182865410050e-03
3.679999999999988347e+01 6.848157610081475610e-01 6.848226908118015821e-01 2.993459890505720811e-01 2.993490181995006605e-01 4.146066330340343956e-03 4.146108285311653555e-03
3.684999999999988773e+01 6.848156208977823622e-01 6.848129400661807642e-01 2.993459190271461345e-01 2.993447471847187069e-01 4.141762975124826593e-03 4.141746761462738319e-03
3.689999999999988489e+01 6.848157261319453015e-01 6.848261166723225157e-01 2.993459555332287358e-01 2.993504974356983039e-01 4.137470014280987714e-03 4.137532791094665659e-03
3.694999999999988916e+01 6.848156291515082872e-01 6.848124145391698558e-01 2.993459054947529285e-01 2.993445003267043436e-01 4.133184749668672442e-03 4.133165347969692399e-03
3.699999999999988631e+01 6.848157050915135713e-01 6.848266617455643912e-01 2.993459323860671040e-01 2.993507217473482251e-01 4.128909412221624942e-03 4.128975472377226751e-03
3.704999999999988347e+01 6.848156379029435303e-01 6.848127320316609312e-01 2.993458990259290076e-01 2.993446288144977485e-01 4.124642080963551380e-03 4.124624578911450373e-03
3.709999999999988773e+01 6.848156946365182574e-01 6.848251061329710954e-01 2.993459223948522485e-01 2.993500363383685414e-01 4.120384341291850189e-03 4.120440968181269051e-03
3.714999999999988489e+01 6.848156650619015018e-01 6.848117806011354558e-01 2.993459101126756394e-01 2.993442121412321910e-01 4.116134893264714392e-03 4.116111545427746793e-03
3.719999999999988916e+01 6.848156807017949932e-01 6.848236140814848438e-01 2.993459198462209425e-01 2.993493876769199868e-01 4.111894503382164563e-03 4.111942138419239987e-03
3.724999999999988631e+01 6.848157163293072669e-01 6.848086352742936977e-01 2.993459398490252443e-01 2.993428445855585984e-01 4.107662982490921724e-03 4.107620508892751918e-03
3.729999999999988347e+01 6.848156591026791640e-01 6.848231769314166995e-01 2.993459197493848478e-01 2.993492059349853740e-01 4.103439612740035318e-03 4.103484659835313249e-03
3.734999999999988773e+01 6.848157735731763562e-01 6.848050738747059052e-01 2.993459740254277301e-01 2.993412969841211524e-01 4.099225936671392102e-03 4.099161889546345042e-03
3.739999999999988489e+01 6.848156414602030173e-01 6.848228447288796650e-01 2.993459188210589872e-01 2.993490675065590967e-01 4.095019409316822713e-03 4.095062482989874665e-03
3.744999999999988205e+01 6.848158082687040293e-01 6.848041429293404425e-01 2.993459925567907298e-01 2.993408934154623280e-01 4.090823266918912696e-03 4.090753582719003183e-03
3.749999999999988631e+01 6.848156410438650532e-01 6.848213693589705331e-01 2.993459177908873725e-01 2.993484217461709340e-01 4.086633689977994116e-03 4.086667873667871979e-03
3.754999999999988347e+01 6.848158076563563013e-01 6.848071923081330281e-01 2.993459874726660530e-01 2.993422215404365483e-01 4.082454653565179524e-03 4.082403294107566499e-03
3.759999999999988063e+01 6.848156567135158523e-01 6.848190625979628798e-01 2.993459166793570603e-01 2.993474054560693043e-01 4.078282243587980430e-03 4.078302526649455612e-03
3.764999999999988489e+01 6.848157863098685016e-01 6.848125489314491610e-01 2.993459686567856437e-01 2.993445535372772914e-01 4.074120022548980563e-03 4.074100762671358129e-03
3.769999999999988205e+01 6.848156750132007309e-01 6.848175174205667348e-01 2.993459148595385422e-01 2.993467202107281677e-01 4.069964851931192826e-03 4.069975801641452853e-03
3.774999999999988631e+01 6.848157711758755539e-01 6.848172178824120104e-01 2.993459530582478489e-01 2.993465854410947147e-01 4.065819396376890542e-03 4.065827985617594641e-03
3.779999999999988347e+01 6.848156875365126739e-01 6.848175328807496465e-01 2.993459151074566726e-01 2.993467217423941840e-01 4.061681344741619945e-03 4.061692289584734224e-03
3.784999999999988063e+01 6.848157765784278483e-01 6.848197346241958750e-01 2.993459554420455637e-01 2.993476855788687052e-01 4.057552767767485732e-03 4.057576219300161602e-03
3.789999999999988489e+01 6.848157021752513396e-01 6.848177884524661030e-01 2.993459266684121989e-01 2.993468386197359887e-01 4.053431640736802725e-03 4.053443989434485188e-03
3.794999999999988205e+01 6.848157948988292665e-01 6.848211189973181234e-01 2.993459733290539937e-01 2.993483005934893804e-01 4.049319896233407809e-03 4.049351377659655797e-03
3.799999999999988631e+01 6.848157335335615103e-01 6.848160819581231573e-01 2.993459545321857096e-01 2.993461068351744858e-01 4.045215601786302656e-03 4.045217659934799773e-03
3.804999999999988347e+01 6.848158105385535599e-01 6.848231261089841038e-01 2.993459979414635486e-01 2.993491957162481842e-01 4.041120458204040290e-03 4.041163627624014786e-03
3.809999999999988063e+01 6.848157824091339885e-01 6.848119125940668184e-01 2.993459964431461895e-01 2.993443048734173439e-01 4.037032993164489311e-03 4.037010180356279121e-03
3.814999999999988489e+01 6.848158189964915765e-01 6.848259664587608153e-01 2.993460218077697021e-01 2.993504574565638565e-01 4.032954150323616455e-03 4.033013909822358301e-03
3.819999999999988205e+01 6.848158285361333197e-01 6.848074458744987103e-01 2.993460336244763154e-01 2.993423694035179938e-01 4.028883359683405052e-03 4.028834043115998853e-03
3.824999999999987921e+01 6.848158294270887403e-01 6.848281176164955353e-01 2.993460387551094559e-01 2.993514101566809860e-01 4.024820689144338950e-03 4.024892909669670719e-03
3.829999999999988347e+01 6.848158468616184491e-01 6.848056915890402552e-01 2.993460483858755294e-01 2.993416093228332686e-01 4.020766264417410980e-03 4.020706639661974190e-03
3.834999999999988063e+01 6.848158497249337007e-01 6.848282009636477152e-01 2.993460491375368182e-01 2.993514480991883442e-01 4.016719881080678227e-03 4.016792326054197462e-03
3.839999999999987779e+01 6.848158313573482481e-01 6.848076493407716514e-01 2.993460380510836183e-01 2.993424615358610819e-01 4.012681475215607897e-03 4.012633532652303166e-03
3.844999999999988205e+01 6.848158740481250506e-01 6.848266112216013779e-01 2.993460511077405961e-01 2.993507445306036185e-01 4.008651504623251399e-03 4.008714355950509546e-03
3.849999999999987921e+01 6.848158011116519672e-01 6.848114827245309622e-01 2.993460122866509199e-01 2.993441246375019293e-01 4.004628926911727588e-03 4.004603674080303537e-03
3.854999999999988347e+01 6.848158886588964211e-01 6.848248897470341490e-01 2.993460432476142685e-01 2.993499777943494644e-01 4.000615345775008352e-03 4.000667929092551443e-03
3.859999999999988063e+01 6.848157822900482472e-01 6.848145097282719584e-01 2.993459901810173740e-01 2.993454339200858350e-01 3.996608680654447320e-03 3.996601253939740563e-03
3.864999999999987779e+01 6.848158893994596985e-01 6.848236627137656019e-01 2.993460320077989678e-01 2.993494298711211199e-01 3.992611297203063452e-03 3.992656617154009130e-03
3.869999999999988205e+01 6.848157851156362330e-01 6.848157878505046758e-01 2.993459835542301439e-01 2.993459847496930948e-01 3.988620700256240159e-03 3.988620716185126841e-03
3.874999999999987921e+01 6.848158890913069730e-01 6.848217129280418369e-01 2.993460278885043957e-01 2.993485735981198381e-01 3.984639306336175066e-03 3.984673192653851413e-03
3.879999999999988347e+01 6.848157993962620260e-01 6.848165598946194255e-01 2.993459898882609993e-01 2.993463223165341303e-01 3.980664759152416354e-03 3.980669179741155167e-03
3.884999999999988063e+01 6.848159045078907603e-01 6.848174742918863300e-01 2.993460407833935522e-01 2.993467269657980045e-01 3.976699312964387251e-03 3.976708428638973079e-03
3.889999999999987779e+01 6.848158107853693499e-01 6.848183184158578296e-01 2.993460054732934861e-01 2.993471016062362322e-01 3.972740616765682575e-03 3.972755163984564332e-03
3.894999999999988205e+01 6.848159363562665858e-01 6.848113177048532618e-01 2.993460670652592359e-01 2.993440481649061180e-01 3.968791078094264721e-03 3.968764311102509698e-03
3.899999999999987921e+01 6.848158177885801390e-01 6.848209065626047476e-01 2.993460211839525931e-01 2.993482455838822887e-01 3.964847962701368786e-03 3.964877424952092944e-03
3.904999999999987637e+01 6.848159654938892338e-01 6.848059478082086926e-01 2.993460900035558314e-01 2.993417110825165040e-01 3.960914191247853766e-03 3.960856249851369207e-03
3.909999999999988063e+01 6.848158306929195138e-01 6.848227622376550361e-01 2.993460343992189188e-01 2.993490643093580372e-01 3.956986575006207589e-03 3.957026626693439970e-03
3.914999999999987779e+01 6.848159708842349591e-01 6.848041871788677071e-01 2.993460970638155416e-01 2.993409461818843376e-01 3.953068300611637699e-03 3.953000279721162816e-03
3.919999999999987494e+01 6.848158560623310853e-01 6.848229179543195988e-01 2.993460467830619809e-01 2.993491336704797723e-01 3.949156290014020285e-03 3.949197014122433902e-03
3.924999999999987921e+01 6.848159507408667634e-01 6.848064197274068565e-01 2.993460863549165518e-01 2.993419201675269203e-01 3.945253197428893674e-03 3.945198288863626182e-03
3.929999999999987637e+01 6.848158870019487310e-01 6.848221818879058898e-01 2.993460556609393031e-01 2.993488072753773821e-01 3.941356888228308639e-03 3.941393117516498769e-03
3.934999999999988063e+01 6.848159243680878028e-01 6.848103396639487750e-01 2.993460686425641892e-01 2.993436274621402715e-01 3.937468841072869728e-03 3.937436730840394167e-03
3.939999999999987779e+01 6.848159115040340916e-01 6.848221354626990998e-01 2.993460606912820010e-01 2.993487813019993782e-01 3.933588182539851305e-03 3.933623933009199221e-03
3.944999999999987494e+01 6.848159128081449110e-01 6.848132352408342616e-01 2.993460608441503856e-01 2.993448904285509471e-01 3.929715271994107216e-03 3.929699907168384722e-03
3.949999999999987921e+01 6.848159285664964235e-01 6.848230964368855478e-01 2.993460697872306620e-01 2.993492029997337767e-01 3.925850095570247722e-03 3.925891186881764333e-03
3.954999999999987637e+01 6.848159194547611683e-01 6.848143467653927674e-01 2.993460697954511973e-01 2.993453823430014538e-01 3.921992398237168949e-03 3.921983391326592204e-03
3.959999999999988063e+01 6.848159516812263314e-01 6.848235832546215596e-01 2.993460893002970469e-01 2.993494252063101380e-01 3.918142530108609245e-03 3.918186193799880375e-03
3.964999999999987779e+01 6.848159305076961800e-01 6.848148880527181737e-01 2.993460891851835726e-01 2.993456335082536057e-01 3.914299956654910227e-03 3.914293998146509135e-03
3.969999999999987494e+01 6.848159933115169906e-01 6.848220517069393276e-01 2.993461261897263359e-01 2.993487744298642950e-01 3.910465397645029872e-03 3.910499992552123397e-03
3.974999999999987921e+01 6.848159327913437844e-01 6.848160402900534960e-01 2.993461093854722366e-01 2.993461563752091159e-01 3.906637642877298401e-03 3.906638256120193234e-03
3.979999999999987637e+01 6.848160476112920003e-01 6.848189594736973085e-01 2.993461692677605868e-01 2.993474420984126860e-01 3.902818373764814844e-03 3.902834968688571188e-03
3.984999999999987352e+01 6.848159278794005989e-01 6.848173881744770153e-01 2.993461247737949638e-01 2.993467630966702986e-01 3.899005207082978895e-03 3.899013521285197518e-03
3.989999999999987779e+01 6.848160908977826145e-01 6.848167367838227104e-01 2.993462012634361402e-01 2.993464835925682133e-01 3.895201057429236325e-03 3.895204731198033746e-03
3.994999999999987494e+01 6.848159273506602140e-01 6.848175434895950042e-01 2.993461335996705497e-01 2.993468400448949795e-01 3.891402451734433249e-03 3.891411635292761975e-03
3.999999999999987210e+01 6.848161020480371119e-01 6.848174791605895484e-01 2.993462086900557928e-01 2.993468106522764183e-01 3.887613099870864449e-03 3.887620917562041589e-03
4.004999999999987637e+01 6.848159370184381256e-01 6.848160402745266939e-01 2.993461338701052243e-01 2.993461790053149052e-01 3.883829177685448487e-03 3.883829763286611968e-03
4.009999999999987352e+01 6.848160815168261584e-01 6.848208106938094009e-01 2.993461920307702862e-01 2.993482592443763579e-01 3.880054336108503411e-03 3.880081130840921499e-03
4.014999999999987779e+01 6.848159498798573885e-01 6.848140848587666030e-01 2.993461276311905062e-01 2.993453123948608408e-01 3.876285239639898784e-03 3.876274683002415341e-03
4.019999999999987494e+01 6.848160493699921858e-01 6.848242062691293208e-01 2.993461634941353422e-01 2.993497290304059089e-01 3.872524754128539148e-03 3.872570880082880362e-03
4.024999999999987210e+01 6.848159564023863499e-01 6.848132184309206894e-01 2.993461154375414157e-01 2.993449186179948374e-01 3.868770474152403212e-03 3.868755006371510288e-03
4.029999999999987637e+01 6.848160251641995933e-01 6.848254261760586825e-01 2.993461391334978350e-01 2.993502484949913667e-01 3.865024391652660280e-03 3.865077449903060736e-03
4.034999999999987352e+01 6.848159590644646855e-01 6.848134418040601190e-01 2.993461055806214688e-01 2.993450052381296800e-01 3.861284818840660625e-03 3.861270625451537330e-03
4.039999999999987779e+01 6.848160114366846907e-01 6.848244547292494655e-01 2.993461259081671155e-01 2.993498166322111631e-01 3.857553168919688243e-03 3.857600729796544468e-03
4.044999999999987494e+01 6.848159722984856757e-01 6.848131293152204258e-01 2.993461080453865275e-01 2.993448653232391177e-01 3.853828233606530502e-03 3.853812234608816611e-03
4.049999999999987210e+01 6.848159973447112137e-01 6.848230030422606252e-01 2.993461203217108180e-01 2.993491826455900728e-01 3.850110872304972082e-03 3.850150259107277834e-03
4.054999999999987637e+01 6.848160059817189893e-01 6.848109776656685632e-01 2.993461270511018624e-01 2.993439290783294071e-01 3.846400604575683606e-03 3.846372362072985555e-03
4.059999999999987352e+01 6.848159758741894088e-01 6.848223721501242034e-01 2.993461173974785172e-01 2.993489133316189488e-01 3.842697270827718278e-03 3.842733162151729196e-03
4.064999999999987068e+01 6.848160508149470083e-01 6.848078178088151668e-01 2.993461547047080451e-01 2.993425559007310000e-01 3.839001663414027144e-03 3.838955510108774897e-03
4.069999999999987494e+01 6.848159538098153032e-01 6.848221810178624080e-01 2.993461151991817504e-01 2.993488372305933565e-01 3.835312174236802946e-03 3.835347049719334787e-03
4.074999999999987210e+01 6.848160832221078520e-01 6.848061486536248799e-01 2.993461724655832601e-01 2.993418298762029472e-01 3.831631007559475454e-03 3.831575422415407599e-03
4.079999999999986926e+01 6.848159438350558403e-01 6.848212520861038932e-01 2.993461122490777004e-01 2.993484325868682738e-01 3.827955399604583871e-03 3.827985071443338119e-03
4.084999999999987352e+01 6.848160865808430309e-01 6.848077558354052075e-01 2.993461727727553257e-01 2.993425312450341824e-01 3.824288377805890211e-03 3.824241855573745456e-03
4.089999999999987068e+01 6.848159491719221226e-01 6.848193859009578111e-01 2.993461093951776952e-01 2.993476116549704802e-01 3.820626795088429267e-03 3.820645968793506039e-03
4.094999999999987494e+01 6.848160664201213832e-01 6.848119406583245139e-01 2.993461563960531091e-01 2.993443529469276276e-01 3.816973623156567560e-03 3.816950627311805309e-03
4.099999999999987210e+01 6.848159601350023440e-01 6.848177578446204006e-01 2.993461040972618115e-01 2.993468899103879366e-01 3.813326166844108970e-03 3.813336177202403861e-03
4.104999999999986926e+01 6.848160445456088485e-01 6.848162516226143914e-01 2.993461378885265978e-01 2.993462284058302503e-01 3.809686769182657733e-03 3.809687921168705086e-03
4.109999999999987352e+01 6.848159665848668753e-01 6.848174229272677715e-01 2.993461012654439202e-01 2.993467378604433016e-01 3.806053417233880038e-03 3.806061511258029741e-03
4.114999999999987068e+01 6.848160379756019767e-01 6.848188819252613024e-01 2.993461320842265572e-01 2.993473752287838519e-01 3.802427844829816064e-03 3.802443635805456863e-03
4.119999999999987494e+01 6.848159712033655699e-01 6.848177860728497102e-01 2.993461044084275713e-01 2.993468977224461591e-01 3.798808431579039305e-03 3.798818499015823268e-03
4.124999999999987210e+01 6.848160455113996292e-01 6.848201455787186198e-01 2.993461414408100651e-01 2.993479336583546591e-01 3.795196721912023029e-03 3.795219444162984453e-03
4.129999999999986926e+01 6.848159866211187552e-01 6.848169868027795815e-01 2.993461217855929446e-01 2.993465589840624830e-01 3.791591156245645300e-03 3.791596693908337416e-03
4.134999999999987352e+01 6.848160543832545466e-01 6.848215775086643475e-01 2.993461590666863792e-01 2.993485733301471940e-01 3.787993154909042974e-03 3.788023705538094699e-03
4.139999999999987068e+01 6.848160187323096837e-01 6.848139700198205837e-01 2.993461517122133486e-01 2.993452561808840340e-01 3.784401412290948948e-03 3.784390090782361118e-03
4.144999999999986784e+01 6.848160572106245514e-01 6.848238704218929662e-01 2.993461770915439857e-01 2.993495923954045956e-01 3.780816887799744088e-03 3.780860023939442479e-03
4.149999999999987210e+01 6.848160551863414769e-01 6.848099672834078167e-01 2.993461824274079586e-01 2.993435212887147756e-01 3.777238894983075100e-03 3.777205315945937440e-03
4.154999999999986926e+01 6.848160592265336577e-01 6.848260492283874123e-01 2.993461909677324062e-01 2.993505577885193780e-01 3.773667708386172718e-03 3.773722758128208402e-03
4.159999999999986642e+01 6.848160737370868612e-01 6.848075843427796627e-01 2.993462001800930583e-01 2.993424893035159240e-01 3.770103276827377770e-03 3.770056540346557357e-03
4.164999999999987068e+01 6.848160688240682026e-01 6.848267062928660165e-01 2.993461988060447387e-01 2.993508486470670693e-01 3.766545439522434122e-03 3.766603946487169334e-03
4.169999999999986784e+01 6.848160627629136243e-01 6.848083574854307853e-01 2.993461947222519903e-01 2.993428265981392666e-01 3.762994276835358431e-03 3.762951937123067570e-03
4.174999999999987210e+01 6.848160844914766843e-01 6.848256845857232378e-01 2.993462007552367687e-01 2.993503971399372743e-01 3.759449930991993778e-03 3.759502632840665791e-03
4.179999999999986926e+01 6.848160328099762717e-01 6.848113649043834350e-01 2.993461728510211639e-01 2.993441324202960052e-01 3.755911830000274905e-03 3.755886228611000736e-03
4.184999999999986642e+01 6.848160949915433893e-01 6.848241591758569280e-01 2.993461939045021225e-01 2.993497189134772807e-01 3.752380995355723663e-03 3.752425182243535138e-03
4.189999999999987068e+01 6.848160065742275870e-01 6.848142942152486423e-01 2.993461492004422242e-01 2.993454006956446367e-01 3.748855969949191434e-03 3.748846596063185477e-03
4.194999999999986784e+01 6.848160930568835125e-01 6.848230498600578198e-01 2.993461818315087397e-01 2.993492227829248620e-01 3.745338527763646987e-03 3.745376575325938279e-03
4.199999999999987210e+01 6.848159982645125599e-01 6.848157636968812412e-01 2.993461367680798624e-01 2.993460342340934499e-01 3.741826709601007474e-03 3.741825427926177405e-03
4.204999999999986926e+01 6.848160859559146996e-01 6.848217408822796504e-01 2.993461734338151992e-01 2.993486453099920563e-01 3.738322490587773182e-03 3.738353360099816100e-03
4.209999999999986642e+01 6.848160037698204361e-01 6.848163843616584812e-01 2.993461366606545715e-01 2.993463030246059642e-01 3.734823913420527546e-03 3.734825989078062285e-03
4.214999999999987068e+01 6.848160890742864826e-01 6.848187723359147050e-01 2.993461770788521381e-01 2.993473499836996066e-01 3.731332839873516185e-03 3.731347460064821618e-03
4.219999999999986784e+01 6.848160102521623216e-01 6.848175711011670330e-01 2.993461465397753152e-01 2.993468288166611924e-01 3.727847403982267188e-03 3.727855900581095346e-03
4.224999999999986500e+01 6.848161084643186181e-01 6.848138362228249898e-01 2.993461945368791621e-01 2.993452012967439124e-01 3.724369449914524417e-03 3.724357092338969125e-03
4.229999999999986926e+01 6.848160124908028168e-01 6.848196785357215655e-01 2.993461581901821766e-01 2.993477606884330511e-01 3.720896932134032300e-03 3.720916851316765240e-03
4.234999999999986642e+01 6.848161319398574642e-01 6.848087590762372834e-01 2.993462150710155534e-01 2.993429922514644348e-01 3.717432040621127236e-03 3.717392018025025401e-03
4.239999999999986358e+01 6.848160171574034782e-01 6.848215815478178037e-01 2.993461676356348189e-01 2.993485999370180117e-01 3.713972303171657330e-03 3.714002480608173153e-03
4.244999999999986784e+01 6.848161397526263405e-01 6.848061828188929390e-01 2.993462240160114085e-01 2.993418716499632870e-01 3.710520285292992493e-03 3.710466335915265593e-03
4.249999999999986500e+01 6.848160319566609644e-01 6.848221354112273840e-01 2.993461772976762081e-01 2.993488452343300299e-01 3.707073403067206747e-03 3.707106442530411997e-03
4.254999999999986926e+01 6.848161242909243107e-01 6.848071916659769220e-01 2.993462164053268815e-01 2.993423117842385350e-01 3.703633979651439843e-03 3.703585670080287821e-03
4.259999999999986642e+01 6.848160542905735726e-01 6.848215751311752530e-01 2.993461838392783569e-01 2.993485971042060267e-01 3.700200047457096256e-03 3.700229877678699007e-03
4.264999999999986358e+01 6.848160977563142460e-01 6.848103689458416854e-01 2.993461999354904979e-01 2.993436957629823647e-01 3.696773077313877942e-03 3.696742152059069152e-03
4.269999999999986784e+01 6.848160738814141890e-01 6.848212403900124645e-01 2.993461868908704471e-01 2.993484452704666676e-01 3.693352089955227735e-03 3.693379953984792310e-03
4.274999999999986500e+01 6.848160799062634752e-01 6.848132557947655963e-01 2.993461879704413242e-01 2.993449534973673387e-01 3.689937602100980523e-03 3.689922385175569385e-03
4.279999999999986926e+01 6.848160863283153654e-01 6.848218620536401513e-01 2.993461910991112029e-01 2.993487157789651576e-01 3.686529447033398167e-03 3.686560539149826097e-03
4.284999999999986642e+01 6.848160791437416517e-01 6.848146018004331870e-01 2.993461894691618053e-01 2.993455436941816483e-01 3.683127523459397371e-03 3.683119577904427761e-03
4.289999999999986358e+01 6.848161004900008564e-01 6.848225577990874058e-01 2.993462039650183204e-01 2.993490265782154935e-01 3.679732070866860352e-03 3.679766768017409331e-03
4.294999999999986784e+01 6.848160870832246117e-01 6.848150677170320444e-01 2.993462041339018942e-01 2.993457585494506690e-01 3.676342697376759616e-03 3.676337225046993201e-03
4.299999999999986500e+01 6.848161292907564146e-01 6.848218144827564746e-01 2.993462300840461499e-01 2.993487151902224364e-01 3.672959878331863350e-03 3.672990370432185903e-03
4.304999999999986215e+01 6.848160904856511744e-01 6.848158649916982199e-01 2.993462214407074384e-01 2.993461228729843437e-01 3.669582855540400902e-03 3.669581647232425525e-03
4.309999999999986642e+01 6.848161731016987330e-01 6.848194177565285479e-01 2.993462658866548054e-01 2.993476841874274097e-01 3.666212686915560313e-03 3.666230057408795089e-03
4.314999999999986358e+01 6.848160864175243390e-01 6.848170706033230859e-01 2.993462344010318077e-01 2.993466646075042537e-01 3.662847774867330347e-03 3.662853038941633541e-03
4.319999999999986073e+01 6.848162147464894600e-01 6.848170813312580707e-01 2.993462975164535855e-01 2.993466763172710765e-01 3.659490189687706133e-03 3.659494820504545932e-03
4.324999999999986500e+01 6.848160833595910990e-01 6.848175974512573649e-01 2.993462433916787013e-01 2.993469052301831468e-01 3.656137323867840374e-03 3.656145407391558824e-03
4.329999999999986215e+01 6.848162332186443768e-01 6.848169168876622193e-01 2.993463100546324140e-01 2.993466088994726215e-01 3.652792069001015163e-03 3.652795715673866871e-03
4.334999999999986642e+01 6.848160888606596997e-01 6.848166677311443573e-01 2.993462460866199715e-01 2.993464991220106119e-01 3.649451339062732922e-03 3.649454423919674863e-03
4.339999999999986358e+01 6.848162225947947990e-01 6.848193061414369343e-01 2.993463015522046522e-01 2.993476494295658208e-01 3.646118167505547035e-03 3.646134585012991269e-03
4.344999999999986073e+01 6.848160999908756708e-01 6.848149406165687791e-01 2.993462427864967967e-01 2.993457360017661717e-01 3.642789690130788897e-03 3.642783522990775385e-03
4.349999999999986500e+01 6.848161964876773311e-01 6.848224651518288741e-01 2.993462787417640047e-01 2.993490188949555764e-01 3.639468434550330918e-03 3.639501749482751316e-03
4.354999999999986215e+01 6.848161080177997961e-01 6.848138398542685801e-01 2.993462335060607105e-01 2.993452420483510013e-01 3.636152244227895420e-03 3.636140201012472237e-03
4.359999999999986642e+01 6.848161738545839317e-01 6.848241687479132978e-01 2.993462561993727178e-01 2.993497509202601714e-01 3.632842915040939563e-03 3.632885326702195005e-03
4.364999999999986358e+01 6.848161114530194604e-01 6.848138578222530137e-01 2.993462239828910132e-01 2.993452388777673168e-01 3.629538938865010771e-03 3.629526994577363715e-03
4.369999999999986073e+01 6.848161617853654182e-01 6.848237816042007653e-01 2.993462426620213668e-01 2.993495734305771094e-01 3.626241582822800104e-03 3.626281931321355401e-03
4.374999999999986500e+01 6.848161206402209045e-01 6.848139013395359020e-01 2.993462231584426148e-01 2.993452530596699690e-01 3.622949750782975160e-03 3.622938009799342787e-03
4.379999999999986215e+01 6.848161530192407032e-01 6.848224917936737155e-01 2.993462371980841752e-01 2.993490079976142137e-01 3.619664295019164781e-03 3.619697799245646507e-03
4.384999999999985931e+01 6.848161467434410454e-01 6.848125608841431067e-01 2.993462360497269881e-01 2.993446686020420078e-01 3.616384609480250388e-03 3.616365673235188809e-03
4.389999999999986358e+01 6.848161389148433864e-01 6.848217028260979999e-01 2.993462355716152157e-01 2.993486676636680777e-01 3.613110869904839675e-03 3.613140225270595075e-03
4.394999999999986073e+01 6.848161868235592697e-01 6.848099386253797549e-01 2.993462590643238830e-01 2.993435278573417513e-01 3.609843341143499033e-03 3.609810405273952607e-03
4.399999999999985789e+01 6.848161216408570340e-01 6.848215198891853817e-01 2.993462346339650360e-01 2.993485943116356296e-01 3.606581140168262610e-03 3.606609570019715660e-03
4.404999999999986215e+01 6.848162226420750898e-01 6.848079131244532158e-01 2.993462807551827698e-01 2.993426485059562658e-01 3.603325678666067025e-03 3.603281956135504383e-03
4.409999999999985931e+01 6.848161118723467000e-01 6.848209806934726362e-01 2.993462330098810575e-01 2.993483612648066838e-01 3.600074961032853973e-03 3.600100556401772921e-03
4.414999999999986358e+01 6.848162360723019093e-01 6.848084159738142551e-01 2.993462858769986301e-01 2.993428675622534785e-01 3.596831311228589761e-03 3.596790238056524029e-03
4.419999999999986073e+01 6.848161158490037037e-01 6.848195541499731975e-01 2.993462317057238309e-01 2.993477346528871097e-01 3.593592217355637448e-03 3.593610259938630203e-03
4.424999999999985789e+01 6.848162260908885468e-01 6.848115210300325106e-01 2.993462765771404133e-01 2.993442199050075914e-01 3.590360138856265801e-03 3.590335471124537874e-03
4.429999999999986215e+01 6.848161281043987358e-01 6.848179742273580173e-01 2.993462295608582124e-01 2.993470365365185071e-01 3.587132768853912215e-03 3.587142439023598053e-03
4.434999999999985931e+01 6.848162089799387786e-01 6.848153882328498199e-01 2.993462609539994101e-01 2.993459021897513228e-01 3.583912133540857921e-03 3.583907838249052093e-03
4.439999999999986358e+01 6.848161387130916600e-01 6.848173516896838287e-01 2.993462269959690225e-01 2.993467572112279429e-01 3.580696495167102165e-03 3.580702837454888265e-03
4.444999999999986073e+01 6.848162024687648453e-01 6.848181066916335658e-01 2.993462534486797111e-01 2.993470858208978624e-01 3.577487343276731114e-03 3.577497290957856561e-03
4.449999999999985789e+01 6.848161461711675946e-01 6.848176477825361763e-01 2.993462295205093771e-01 2.993468859035457452e-01 3.574283337558329960e-03 3.574291174967719406e-03
4.454999999999986215e+01 6.848162102737812562e-01 6.848194015865798345e-01 2.993462597819871451e-01 2.993476547658320275e-01 3.571085711684913577e-03 3.571102353305490810e-03
4.459999999999985931e+01 6.848161597547728352e-01 6.848174328029477120e-01 2.993462418805472591e-01 2.993467983542540400e-01 3.567893228612014234e-03 3.567899861194932017e-03
4.464999999999985647e+01 6.848162227571564786e-01 6.848204653615491688e-01 2.993462743483010779e-01 2.993481288718597977e-01 3.564707047910709980e-03 3.564729132144812008e-03
4.469999999999986073e+01 6.848161875261706832e-01 6.848154004721465071e-01 2.993462667093242935e-01 2.993459226729417999e-01 3.561526076256098412e-03 3.561521983021327317e-03
4.474999999999985789e+01 6.848162307414112915e-01 6.848222495992363212e-01 2.993462928290240299e-01 2.993489237870768926e-01 3.558351177759581322e-03 3.558382452149511533e-03
4.479999999999985505e+01 6.848162234243904134e-01 6.848120044887557878e-01 2.993462960922304017e-01 2.993444519146065685e-01 3.555181663803220430e-03 3.555159761456143808e-03
4.484999999999985931e+01 6.848162357014057067e-01 6.848243105566961253e-01 2.993463070341071397e-01 2.993498367081788292e-01 3.552017882338865361e-03 3.552059765151938109e-03
4.489999999999985647e+01 6.848162491995384293e-01 6.848093258752527834e-01 2.993463171969933390e-01 2.993432908791597846e-01 3.548859717806687915e-03 3.548823839705519522e-03
4.494999999999986073e+01 6.848162454171501379e-01 6.848253692948003124e-01 2.993463173354944384e-01 2.993503055574338045e-01 3.545707045726920019e-03 3.545754285548529186e-03
4.499999999999985789e+01 6.848162506250119463e-01 6.848091630485692027e-01 2.993463195024750334e-01 2.993432213868558733e-01 3.542559994112139642e-03 3.542523330021972103e-03
4.504999999999985505e+01 6.848162619034314780e-01 6.848248799386871255e-01 2.993463216522671555e-01 2.993500887607561944e-01 3.539418523822263248e-03 3.539463065453821253e-03
4.509999999999985931e+01 6.848162313893656483e-01 6.848113548283635277e-01 2.993463054828768843e-01 2.993441738445591360e-01 3.536282403814265847e-03 3.536257222026696623e-03
4.514999999999985647e+01 6.848162772236321416e-01 6.848236039847984680e-01 2.993463205692769025e-01 2.993495232370139147e-01 3.533152205007703429e-03 3.533190005748181733e-03
4.519999999999986073e+01 6.848162097457957120e-01 6.848140748051525506e-01 2.993462857293751611e-01 2.993453525059165399e-01 3.530026954355848165e-03 3.530015949362232553e-03
4.524999999999985789e+01 6.848162826228595401e-01 6.848225571427951630e-01 2.993463125969203498e-01 2.993490553097525320e-01 3.526907954013797780e-03 3.526940268745252290e-03
4.529999999999985505e+01 6.848162015556055193e-01 6.848157249578193939e-01 2.993462731652916098e-01 2.993460648352743725e-01 3.523793680580251334e-03 3.523791228196293101e-03
4.534999999999985931e+01 6.848162803142167077e-01 6.848216206937944861e-01 2.993463050851988827e-01 2.993486394673394724e-01 3.520685740490439326e-03 3.520713195734668458e-03
4.539999999999985647e+01 6.848162075435870744e-01 6.848163497665574750e-01 2.993462725115773049e-01 2.993463346799599689e-01 3.517582520700095021e-03 3.517583251233381229e-03
4.544999999999985363e+01 6.848162826340130627e-01 6.848195923263536988e-01 2.993463049053166625e-01 2.993477516351881196e-01 3.514485528679981655e-03 3.514502514061507415e-03
4.549999999999985789e+01 6.848162171525614683e-01 6.848171437623720159e-01 2.993462797885015902e-01 2.993466848273903524e-01 3.511393311302080274e-03 3.511398062491391178e-03
4.554999999999985505e+01 6.848162984963246380e-01 6.848157553941213171e-01 2.993463191552550029e-01 2.993460817548808661e-01 3.508307285734025855e-03 3.508304503426681702e-03
4.559999999999985221e+01 6.848162227883889397e-01 6.848187910772678411e-01 2.993462904852817186e-01 2.993474131335531752e-01 3.505225883902605456e-03 3.505239029666908090e-03
4.564999999999985647e+01 6.848163219002613156e-01 6.848111688343617720e-01 2.993463384952037565e-01 2.993440859913428786e-01 3.502150786723656154e-03 3.502124433943769061e-03
4.569999999999985363e+01 6.848162277484959315e-01 6.848206254483846234e-01 2.993463009219214932e-01 2.993482232408457566e-01 3.499080080910838692e-03 3.499102551032688690e-03
4.574999999999985789e+01 6.848163362366618268e-01 6.848081145835005490e-01 2.993463508046569910e-01 2.993427569624234064e-01 3.496015775820820234e-03 3.495973803940719861e-03
4.579999999999985505e+01 6.848162398731802991e-01 6.848214874066295144e-01 2.993463092553825255e-01 2.993486030528704767e-01 3.492955767274017170e-03 3.492982532705615241e-03
4.584999999999985221e+01 6.848163306106040960e-01 6.848081020079986869e-01 2.993463489197527583e-01 2.993427520397770047e-01 3.489902056773576747e-03 3.489860122877036248e-03
4.589999999999985647e+01 6.848162600752879525e-01 6.848211848629781606e-01 2.993463168802823482e-01 2.993484695994019784e-01 3.486852846596192376e-03 3.486877921949944545e-03
4.594999999999985363e+01 6.848163109327649600e-01 6.848105038797244193e-01 2.993463367091065974e-01 2.993437983349075404e-01 3.483809563096972300e-03 3.483780021354766169e-03
4.599999999999985789e+01 6.848162804229155354e-01 6.848207112477514569e-01 2.993463208805213771e-01 2.993482576789752159e-01 3.480771173029327103e-03 3.480793693941581102e-03
4.604999999999985505e+01 6.848162939536556193e-01 6.848132571008643810e-01 2.993463247946352990e-01 2.993449973280869481e-01 3.477738307227836671e-03 3.477722885019897577e-03
4.609999999999985221e+01 6.848162943043687445e-01 6.848210081658649973e-01 2.993463241685352383e-01 2.993483846877186272e-01 3.474710669396819437e-03 3.474734587205100238e-03
4.614999999999985647e+01 6.848162908228038193e-01 6.848148222566945442e-01 2.993463235712656711e-01 2.993456816328777803e-01 3.471688298883925106e-03 3.471680853962059044e-03
4.619999999999985363e+01 6.848163059733577418e-01 6.848217212357655681e-01 2.993463329939625162e-01 2.993487001089535360e-01 3.468671297728426976e-03 3.468698726639099679e-03
4.624999999999985079e+01 6.848162978152046998e-01 6.848153361875150003e-01 2.993463336470849612e-01 2.993459133011846518e-01 3.465659434409097076e-03 3.465654567886372779e-03
4.629999999999985505e+01 6.848163269787174157e-01 6.848215395616419343e-01 2.993463513493179740e-01 2.993486298692920045e-01 3.462652994208429216e-03 3.462679350714779891e-03
4.634999999999985221e+01 6.848163031403244894e-01 6.848158755949523835e-01 2.993463484647245210e-01 2.993461615764373418e-01 3.459651528052300456e-03 3.459649368118325290e-03
4.639999999999984936e+01 6.848163620294861476e-01 6.848198114989664242e-01 2.993463808579160945e-01 2.993478886872584788e-01 3.456655668105275848e-03 3.456673079529553032e-03
4.644999999999985363e+01 6.848163009567581616e-01 6.848168789648974020e-01 2.993463610705338063e-01 2.993466137289955142e-01 3.453664390776285415e-03 3.453667305785938779e-03
4.649999999999985079e+01 6.848164004069172694e-01 6.848175832837312127e-01 2.993464111190481391e-01 2.993469281772389579e-01 3.450679090709497538e-03 3.450685051034463758e-03
4.654999999999985505e+01 6.848162966321443834e-01 6.848176076516405697e-01 2.993463697597709139e-01 2.993469428315987946e-01 3.447697895304021026e-03 3.447704495613009186e-03
4.659999999999985221e+01 6.848164232912447025e-01 6.848167831067977218e-01 2.993464273131499764e-01 2.993465845954472737e-01 3.444722984040859970e-03 3.444724793963728667e-03
4.664999999999984936e+01 6.848162983155600125e-01 6.848171630937271992e-01 2.993463729427934261e-01 2.993467509539599058e-01 3.441751916559864736e-03 3.441756262764710840e-03
4.669999999999985363e+01 6.848164205197864174e-01 6.848183080026111202e-01 2.993464240055041525e-01 2.993472490605364467e-01 3.438787179844973122e-03 3.438796657789054603e-03
4.674999999999985079e+01 6.848163063532807238e-01 6.848157378250300242e-01 2.993463715599775643e-01 2.993461230453504651e-01 3.435826359368474546e-03 3.435823506976771937e-03
4.679999999999985505e+01 6.848163993831484220e-01 6.848210835736109336e-01 2.993464072795533060e-01 2.993484548292136838e-01 3.432871643114151876e-03 3.432895124188238729e-03
4.684999999999985221e+01 6.848163134635076865e-01 6.848145123815168045e-01 2.993463641449380930e-01 2.993455768574058151e-01 3.429921101632069352e-03 3.429912080864011038e-03
4.689999999999984936e+01 6.848163764431006717e-01 6.848230799531228596e-01 2.993463860714697944e-01 2.993493163044025351e-01 3.426976371739789105e-03 3.427009917623392594e-03
4.694999999999985363e+01 6.848163153618608279e-01 6.848142817012253802e-01 2.993463544286206757e-01 2.993454654765269618e-01 3.424036081539850486e-03 3.424025913371778196e-03
4.699999999999985079e+01 6.848163616602547243e-01 6.848232298496265136e-01 2.993463709010255602e-01 2.993493731183763940e-01 3.421101381726015123e-03 3.421135692781453359e-03
4.704999999999984794e+01 6.848163183490214578e-01 6.848144616082038061e-01 2.993463496641186605e-01 2.993455380470891880e-01 3.418171277923145231e-03 3.418162010243676330e-03
4.709999999999985221e+01 6.848163516878693624e-01 6.848221884333716147e-01 2.993463632240136452e-01 2.993489145774310689e-01 3.415246585556353659e-03 3.415275693980967912e-03
4.714999999999984936e+01 6.848163334453754025e-01 6.848137327488212911e-01 2.993463558918906253e-01 2.993452190775387489e-01 3.412326655934926414e-03 3.412313697093639908e-03
4.719999999999984652e+01 6.848163381565695040e-01 6.848212938778939218e-01 2.993463610597526525e-01 2.993485273006295522e-01 3.409411857172590498e-03 3.409436529619935645e-03
4.724999999999985079e+01 6.848163627580533541e-01 6.848116827235386506e-01 2.993463732473212735e-01 2.993443275144287430e-01 3.406502113767534076e-03 3.406478833734617479e-03
4.729999999999984794e+01 6.848163199775746390e-01 6.848210299633995524e-01 2.993463576679855631e-01 2.993484164931919933e-01 3.403597017259651133e-03 3.403620426301225219e-03
4.734999999999985221e+01 6.848163937027322845e-01 6.848095713470713219e-01 2.993463920964795077e-01 2.993434099138514437e-01 3.400697439323831488e-03 3.400663560509539340e-03
4.739999999999984936e+01 6.848163053898551622e-01 6.848207293797277107e-01 2.993463546911798723e-01 2.993482885020881668e-01 3.397801982873787340e-03 3.397823933054358071e-03
4.744999999999984652e+01 6.848164088133432692e-01 6.848092589001382180e-01 2.993463998898129308e-01 2.993432745254818172e-01 3.394912388883625752e-03 3.394876943867111870e-03
4.749999999999985079e+01 6.848163020878190732e-01 6.848196934730562679e-01 2.993463519502057579e-01 2.993478343897968408e-01 3.392026650993841541e-03 3.392043449176177124e-03
4.754999999999984794e+01 6.848164018800315667e-01 6.848113798272789099e-01 2.993463931487794216e-01 2.993441979131314934e-01 3.389146823082707892e-03 3.389121969013668498e-03
4.759999999999985221e+01 6.848163081294380561e-01 6.848182498881215663e-01 2.993463489759937701e-01 2.993471977559740704e-01 3.386270916018037716e-03 3.386280517601525201e-03
4.764999999999984936e+01 6.848163834164753272e-01 6.848147196225895517e-01 2.993463771909974369e-01 2.993456499147754135e-01 3.383400702921709070e-03 3.383392482789219450e-03
4.769999999999984652e+01 6.848163147087067415e-01 6.848174088026596218e-01 2.993463447291808688e-01 2.993468229786304668e-01 3.380534666619781654e-03 3.380540067517010232e-03
4.774999999999985079e+01 6.848163700915245178e-01 6.848174496620426099e-01 2.993463666159328351e-01 2.993468385169069101e-01 3.377674094396993908e-03 3.377679419090636511e-03
4.779999999999984794e+01 6.848163174790510288e-01 6.848175247981097558e-01 2.993463429778302487e-01 2.993468707201398793e-01 3.374817846424250142e-03 3.374823796168440089e-03
4.784999999999984510e+01 6.848163694473308194e-01 6.848188450568868380e-01 2.993463669402718352e-01 2.993474490766804275e-01 3.371966960746523682e-03 3.371979150399112644e-03
4.789999999999984936e+01 6.848163224352956657e-01 6.848176314929214081e-01 2.993463489990707549e-01 2.993469212132661150e-01 3.369120416421739293e-03 3.369126856649036494e-03
4.794999999999984652e+01 6.848163758246003097e-01 6.848196862382419647e-01 2.993463765689238221e-01 2.993478236142392834e-01 3.366279185481299823e-03 3.366295458130335368e-03
4.799999999999984368e+01 6.848163385010116455e-01 6.848163776532280034e-01 2.993463650459236014e-01 2.993463821601087815e-01 3.363442303886790639e-03 3.363442496181006346e-03
4.804999999999984794e+01 6.848163800372627508e-01 6.848210316356901917e-01 2.993463891244062536e-01 2.993484224273958993e-01 3.360610599207488301e-03 3.360633426072373153e-03
4.809999999999984510e+01 6.848163647767780970e-01 6.848136348972840848e-01 2.993463895163006594e-01 2.993451962335282879e-01 3.357783393340453559e-03 3.357770008228032343e-03
4.814999999999984936e+01 6.848163805595757214e-01 6.848228620177686521e-01 2.993464018276201788e-01 2.993492349975672706e-01 3.354961073999674498e-03 3.354992827095186828e-03
4.819999999999984652e+01 6.848163875105782727e-01 6.848109063187725054e-01 2.993464091694124640e-01 2.993440132350935201e-01 3.352143439747068757e-03 3.352116609575523775e-03
4.824999999999984368e+01 6.848163835351883666e-01 6.848241540591745169e-01 2.993464100146973061e-01 2.993498066601559815e-01 3.349330461702915238e-03 3.349368466127627952e-03
4.829999999999984794e+01 6.848163915860029372e-01 6.848100296696912892e-01 2.993464143459022564e-01 2.993436334299375279e-01 3.346522239752968125e-03 3.346491150698024421e-03
4.834999999999984510e+01 6.848163929438116915e-01 6.848241224577390485e-01 2.993464141967634440e-01 2.993497929159376625e-01 3.343718672960226037e-03 3.343756413470410065e-03
4.839999999999984936e+01 6.848163750069966582e-01 6.848114345432660954e-01 2.993464039882650640e-01 2.993442444165816951e-01 3.340919687369038344e-03 3.340895585006500683e-03
4.844999999999984652e+01 6.848164038527497777e-01 6.848231274992941930e-01 2.993464130419142277e-01 2.993493520770545979e-01 3.338125598460161582e-03 3.338158372757795908e-03
4.849999999999984368e+01 6.848163510212040839e-01 6.848138317451654133e-01 2.993463854361076981e-01 2.993452842121445689e-01 3.335335770875860143e-03 3.335323500970978523e-03
4.854999999999984794e+01 6.848164075779713533e-01 6.848221260392535203e-01 2.993464055664517565e-01 2.993489052157172203e-01 3.332551133497940569e-03 3.332578961488649651e-03
4.859999999999984510e+01 6.848163357133633111e-01 6.848155965450544169e-01 2.993463700950829143e-01 2.993460469904216659e-01 3.329770523860775197e-03 3.329766929815600011e-03
4.864999999999984226e+01 6.848164027542756882e-01 6.848213732446133406e-01 2.993463963985903975e-01 2.993485690953379130e-01 3.326995236438912845e-03 3.327019384221602521e-03
4.869999999999984652e+01 6.848163341109070323e-01 6.848163113602587782e-01 2.993463647678695772e-01 2.993463548231245497e-01 3.324223928571574949e-03 3.324223818135761243e-03
4.874999999999984368e+01 6.848163985725385094e-01 6.848200016093747289e-01 2.993463925736324915e-01 2.993479675301923271e-01 3.321457892633933231e-03 3.321475367880089621e-03
4.879999999999984084e+01 6.848163389948082047e-01 6.848168527524650662e-01 2.993463678572336750e-01 2.993465924305678261e-01 3.318695874248718970e-03 3.318698363975261956e-03
4.884999999999984510e+01 6.848164052535691271e-01 6.848171008471438670e-01 2.993463992633527138e-01 2.993467033206597128e-01 3.315939066888435281e-03 3.315942435011470530e-03
4.889999999999984226e+01 6.848163418665732527e-01 6.848180801630195935e-01 2.993463752073670658e-01 2.993471350501284434e-01 3.313186222549726993e-03 3.313194632541551898e-03
4.894999999999984652e+01 6.848164218052928964e-01 6.848131069605056798e-01 2.993464132006131706e-01 2.993449642182789416e-01 3.310438630916383122e-03 3.310422606782191697e-03
4.899999999999984368e+01 6.848163427768418909e-01 6.848197410614198510e-01 2.993463830041026563e-01 2.993478684595938244e-01 3.307694839824347130e-03 3.307711253697177486e-03
4.904999999999984084e+01 6.848164352332738458e-01 6.848098392603239049e-01 2.993464264571665812e-01 2.993435432306112975e-01 3.304956405820230238e-03 3.304924573343771214e-03
4.909999999999984510e+01 6.848163483093284709e-01 6.848208152534071003e-01 2.993463900770574337e-01 2.993483426641823097e-01 3.302221622471684589e-03 3.302243162318621930e-03
4.914999999999984226e+01 6.848164329493460212e-01 6.848090025796116365e-01 2.993464274655797119e-01 2.993431795081304969e-01 3.299492173773276374e-03 3.299456373746280109e-03
4.919999999999984652e+01 6.848163616238186480e-01 6.848207873322604833e-01 2.993463951706925030e-01 2.993483297329231352e-01 3.296766466637591000e-03 3.296787772389029713e-03
4.924999999999984368e+01 6.848164155331378788e-01 6.848106245968927919e-01 2.993464174949420631e-01 2.993438861654067473e-01 3.294045859641736487e-03 3.294018004571196839e-03
4.929999999999984084e+01 6.848163775265813102e-01 6.848202928027867786e-01 2.993463985034752195e-01 2.993481099459431860e-01 3.291329285359824268e-03 3.291348102759142271e-03
4.934999999999984510e+01 6.848163961667628197e-01 6.848131211159129705e-01 2.993464044428909565e-01 2.993449728552395328e-01 3.288617461608258317e-03 3.288601734196542909e-03
4.939999999999984226e+01 6.848163889017168104e-01 6.848203106662715811e-01 2.993463997755616557e-01 2.993481140541905949e-01 3.285909986559411907e-03 3.285928804107479412e-03
4.944999999999983942e+01 6.848163875298131087e-01 6.848148475729544105e-01 2.993463990987108581e-01 2.993457259539835658e-01 3.283207009582798756e-03 3.283199626586063950e-03
4.949999999999984368e+01 6.848163965907730910e-01 6.848209138350245251e-01 2.993464044133843371e-01 2.993483789876369983e-01 3.280508541516548738e-03 3.280530180686440887e-03
4.954999999999984084e+01 6.848163903561367283e-01 6.848154836851567673e-01 2.993464047666267724e-01 2.993460084433173796e-01 3.277814451318122619e-03 3.277810111615857107e-03
4.959999999999983800e+01 6.848164099993664378e-01 6.848210917148839227e-01 2.993464175537516869e-01 2.993484640216045323e-01 3.275124918531208910e-03 3.275147308770299213e-03
4.964999999999984226e+01 6.848163952409357380e-01 6.848158632408454238e-01 2.993464164330652544e-01 2.993461838855946411e-01 3.272439643979950779e-03 3.272437101782950560e-03
4.969999999999983942e+01 6.848164363455613302e-01 6.848199583958770598e-01 2.993464405446910614e-01 2.993479801006501129e-01 3.269759044726290066e-03 3.269775861285100036e-03
4.974999999999984368e+01 6.848163944693347327e-01 6.848166454629937006e-01 2.993464282328472947e-01 2.993465379470070520e-01 3.267082436374876050e-03 3.267083633800903740e-03
4.979999999999984084e+01 6.848164701460546233e-01 6.848179866754955381e-01 2.993464673024386347e-01 2.993471302066625928e-01 3.264410766656918213e-03 3.264417995710614580e-03
4.984999999999983800e+01 6.848163899774392105e-01 6.848174457499026646e-01 2.993464368973968170e-01 2.993468983958798013e-01 3.261742706591093995e-03 3.261747735177124644e-03
4.989999999999984226e+01 6.848164954767053114e-01 6.848167883077843632e-01 2.993464857055541106e-01 2.993466137076612466e-01 3.259079866146487228e-03 3.259081259745911889e-03
4.994999999999983942e+01 6.848163891674148296e-01 6.848173866622412342e-01 2.993464403660002215e-01 2.993468763902109586e-01 3.256420346652173000e-03 3.256425089912556425e-03
4.999999999999984368e+01 6.848164997524559539e-01 6.848175635126192429e-01 2.993464882866720966e-01 2.993469532767378816e-01 3.253766177029052391e-03 3.253771231268898050e-03
