# tau eta eta_joint W_out W_out_joint power power_joint
5.000000000000000000e+00 6.823177094545782584e-01 7.209560917993410589e-01 2.970628601055254059e-01 3.138849771488617657e-01 1.212501469818470963e-02 1.281163172036170472e-02
5.049999999999999822e+00 6.815614282158771742e-01 7.133348157876800988e-01 2.966692266971017178e-01 3.104995080631540727e-01 1.207199294800006921e-02 1.263477143695438537e-02
5.099999999999999645e+00 6.809339076280056524e-01 6.978642166945794312e-01 2.962929555346542898e-01 3.036597957745894583e-01 1.201999819613202083e-02 1.231885581235657098e-02
5.149999999999999467e+00 6.808880373429959665e-01 6.782465255121359338e-01 2.962603033465117663e-01 2.951109585888070930e-01 1.198221651553131595e-02 1.193573138882940768e-02
5.199999999999999289e+00 6.815225471341228580e-01 6.635964752793633847e-01 2.966341805609302718e-01 2.888318185441877128e-01 1.196105566777944801e-02 1.164644429613660194e-02
5.249999999999999112e+00 6.823374758954879882e-01 6.569020780138576932e-01 2.971023978634927953e-01 2.860273536687901741e-01 1.194381498948714725e-02 1.149858708216241858e-02
5.299999999999998934e+00 6.829822210619894696e-01 6.573418645539990113e-01 2.974178338105575303e-01 2.862522440549717384e-01 1.192055446134499160e-02 1.147303583386660372e-02
5.349999999999998757e+00 6.835542071397944230e-01 6.667164548317793260e-01 2.976244773468450511e-01 2.902931974307465524e-01 1.189308600786593596e-02 1.160012776946040165e-02
5.399999999999998579e+00 6.839658776787697070e-01 6.837773036474803501e-01 2.977602846949045645e-01 2.976781901649356854e-01 1.186295954959779193e-02 1.185968885119265820e-02
5.449999999999998401e+00 6.838947575723177685e-01 7.014631493648513239e-01 2.977418854946115578e-01 3.053904981495548787e-01 1.182688720931922982e-02 1.213070499104488241e-02
5.499999999999998224e+00 6.834181151946252530e-01 7.136647927778958511e-01 2.975900862315787876e-01 3.107608102584958898e-01 1.178574598936945814e-02 1.230735882211865008e-02
5.549999999999998046e+00 6.828891056358494804e-01 7.169013100003496231e-01 2.974113960516375776e-01 3.122243680252068110e-01 1.174378661605676721e-02 1.232870160020560144e-02
5.599999999999997868e+00 6.823711679468362767e-01 7.095416006552345278e-01 2.972106995605220403e-01 3.090449383032326525e-01 1.170120864411504195e-02 1.216712355524538110e-02
5.649999999999997691e+00 6.818581340410850844e-01 6.962645174453899743e-01 2.969968421675932557e-01 3.032718283627074962e-01 1.165836475633339614e-02 1.190468413592571210e-02
5.699999999999997513e+00 6.816314779200606244e-01 6.846855578445875112e-01 2.969052291476891314e-01 2.982355261324967088e-01 1.162055691380388042e-02 1.167262333199595853e-02
5.749999999999997335e+00 6.818749330208497827e-01 6.751119742439187776e-01 2.970126505550763074e-01 2.940668254269518389e-01 1.159073758263712804e-02 1.147577855324690387e-02
5.799999999999997158e+00 6.824048706520590146e-01 6.650677165170981731e-01 2.972398542893537332e-01 2.896881890089700873e-01 1.156575308518886271e-02 1.127191396922062709e-02
5.849999999999996980e+00 6.830272427399980417e-01 6.601501772154773073e-01 2.975236061656665321e-01 2.875584589395629997e-01 1.154310790167474565e-02 1.115648725274735222e-02
5.899999999999996803e+00 6.836677440115126458e-01 6.664268545607024974e-01 2.978498094605774860e-01 2.903385648789285067e-01 1.152223634276895725e-02 1.123166595276319478e-02
5.949999999999996625e+00 6.841450442107931407e-01 6.793668921605099387e-01 2.981186426579247595e-01 2.960365458632504554e-01 1.149927261939922250e-02 1.141896030330763825e-02
5.999999999999996447e+00 6.842581084229854005e-01 6.921563637052641216e-01 2.981921105277858253e-01 3.016340827647505662e-01 1.146892732799176598e-02 1.160131087556733227e-02
6.049999999999996270e+00 6.839883701079482181e-01 7.039695464299501326e-01 2.980404338716746704e-01 3.067470124050728497e-01 1.143012210437870449e-02 1.176402732138342837e-02
6.099999999999996092e+00 6.834250445857201761e-01 7.122270966511183854e-01 2.977469886347601236e-01 3.102951449203881218e-01 1.138611811222792203e-02 1.186597112506264547e-02
6.149999999999995914e+00 6.827559797569151545e-01 7.108496249788693877e-01 2.974638540490758265e-01 3.097037233871448025e-01 1.134275897231938612e-02 1.180948420923336011e-02
6.199999999999995737e+00 6.822920547549848891e-01 7.007735560202863478e-01 2.973411749924286251e-01 3.053953671284079796e-01 1.130574809857143315e-02 1.161199114556684536e-02
6.249999999999995559e+00 6.821639700053361288e-01 6.890637367505239030e-01 2.973694051183219944e-01 3.003771563668313771e-01 1.127466938837240126e-02 1.138870735040119209e-02
6.299999999999995381e+00 6.822115058724008696e-01 6.783326051901336085e-01 2.973997362812839107e-01 2.957087884886453466e-01 1.124384636224136022e-02 1.117991638898470363e-02
6.349999999999995204e+00 6.824057865386075061e-01 6.683161654416445163e-01 2.974183645297832079e-01 2.912775724290028734e-01 1.121275643844611876e-02 1.098124683992471144e-02
6.399999999999995026e+00 6.829258726388827139e-01 6.626299108682643935e-01 2.975863188484468846e-01 2.887423127962690517e-01 1.118745559580627651e-02 1.085497416527327411e-02
6.449999999999994849e+00 6.836609867659069195e-01 6.647637818702438750e-01 2.979325149664147077e-01 2.896973049875127826e-01 1.116897900530139723e-02 1.086025510731069774e-02
6.499999999999994671e+00 6.842051521944437775e-01 6.734475284158960573e-01 2.982650165324285396e-01 2.935754540176371830e-01 1.115009407597863933e-02 1.097478332776214045e-02
6.549999999999994493e+00 6.843884827311833563e-01 6.858567650513160974e-01 2.984184390704902601e-01 2.990586639269054992e-01 1.112463892154670619e-02 1.114850564499182163e-02
6.599999999999994316e+00 6.842843651816028494e-01 6.987602248039386232e-01 2.983584484797018321e-01 3.046701446649330292e-01 1.109139213679189405e-02 1.132602768271126839e-02
6.649999999999994138e+00 6.838757662980650132e-01 7.075395676606160977e-01 2.981079300153779421e-01 3.084232053740467716e-01 1.105126709973597819e-02 1.143366841053000335e-02
6.699999999999993960e+00 6.832260166390942135e-01 7.099322604155986483e-01 2.977841522291153620e-01 3.094240722095211726e-01 1.100865627464382539e-02 1.143896754933535279e-02
6.749999999999993783e+00 6.826702121112646626e-01 7.067807665466304679e-01 2.975822702149149013e-01 3.080922842710827059e-01 1.097077493879870976e-02 1.135824089478646402e-02
6.799999999999993605e+00 6.824356001956575213e-01 6.974764230556229627e-01 2.975611538311011550e-01 3.041193764729114291e-01 1.093974830261401805e-02 1.118085942915116038e-02
6.849999999999993427e+00 6.824279551250955755e-01 6.825293158888920964e-01 2.976014791210773724e-01 2.976456817552223244e-01 1.091114497235847781e-02 1.091276560055810807e-02
6.899999999999993250e+00 6.825741701274934403e-01 6.689155893206188974e-01 2.976411392474839213e-01 2.916852215907952406e-01 1.088267419552044028e-02 1.066490755359397920e-02
6.949999999999993072e+00 6.829460373685454222e-01 6.633786397082079844e-01 2.977539450961026457e-01 2.892228613356947475e-01 1.085702625692261565e-02 1.054595665763700431e-02
6.999999999999992895e+00 6.834917020756451356e-01 6.646713617024678777e-01 2.979774091523870183e-01 2.897724283944131951e-01 1.083554215099589643e-02 1.053717921434230154e-02
7.049999999999992717e+00 6.840092314375109117e-01 6.698655572537468572e-01 2.982369828982450732e-01 2.920701557242949553e-01 1.081548442060725930e-02 1.059184608247670280e-02
7.099999999999992539e+00 6.843306658300939427e-01 6.798773176929970852e-01 2.984226521411386113e-01 2.964806378075149906e-01 1.079286264524914087e-02 1.072262704547975037e-02
7.149999999999992362e+00 6.843447909099530380e-01 6.928780066768607249e-01 2.984478996527273331e-01 3.021692990945654689e-01 1.076457708395770797e-02 1.089880249213942727e-02
7.199999999999992184e+00 6.840385631894072560e-01 7.026547732216134046e-01 2.983055297563981245e-01 3.064239585914928510e-01 1.073041473943878513e-02 1.102244455365082587e-02
7.249999999999992006e+00 6.835763970065873441e-01 7.068107034722302950e-01 2.980910284038238434e-01 3.082229439277098804e-01 1.069384855260355031e-02 1.105732534269811621e-02
7.299999999999991829e+00 6.831272507142723827e-01 7.067973717173813286e-01 2.978935214418912958e-01 3.082154280723164996e-01 1.065808663477250083e-02 1.102738561976088043e-02
7.349999999999991651e+00 6.827311383814305135e-01 7.012100740385087683e-01 2.977269950878997928e-01 3.057853326622596013e-01 1.062362159100445694e-02 1.091116262844816186e-02
7.399999999999991473e+00 6.824965090703035697e-01 6.889470271999235118e-01 2.976333429963508026e-01 3.004463819635282418e-01 1.059193391446088678e-02 1.069204206275901729e-02
7.449999999999991296e+00 6.826108787130545918e-01 6.752467012644639555e-01 2.976983556792269781e-01 2.944867111160628381e-01 1.056604634176493834e-02 1.045205718246896079e-02
7.499999999999991118e+00 6.830177446851749545e-01 6.667283011096011291e-01 2.978985468413792859e-01 2.907938974998679482e-01 1.054508130411962660e-02 1.029358929203072828e-02
7.549999999999990941e+00 6.834585070039641552e-01 6.651049026240003492e-01 2.981061590831970420e-01 2.901008120855748107e-01 1.052448928802108413e-02 1.024186450434510023e-02
7.599999999999990763e+00 6.838439195520101821e-01 6.693051170112015447e-01 2.982645859181439763e-01 2.919233583432599977e-01 1.050227415204732853e-02 1.027899149095986425e-02
7.649999999999990585e+00 6.841911585333578794e-01 6.776575582573327594e-01 2.983888062697832577e-01 2.955393786460966954e-01 1.047897475925490401e-02 1.037890706395423399e-02
7.699999999999990408e+00 6.843483970583279508e-01 6.872010248148548994e-01 2.984469288342156412e-01 2.996909706069476043e-01 1.045348262116342457e-02 1.049705676381603239e-02
7.749999999999990230e+00 6.841867461945596585e-01 6.957163160547242819e-01 2.984070269926722974e-01 3.034356316588867619e-01 1.042469963293178765e-02 1.060037141166417229e-02
7.799999999999990052e+00 6.838352531672999834e-01 7.023855337952913391e-01 2.983051307464379409e-01 3.063972024296189867e-01 1.039390699464941108e-02 1.067586071183341916e-02
7.849999999999989875e+00 6.834365822177242977e-01 7.046695651367427260e-01 2.981540126450881178e-01 3.074170506832146765e-01 1.036156429696223451e-02 1.068347700028548543e-02
7.899999999999989697e+00 6.829939303066864253e-01 7.001278549959267794e-01 2.979315049375831359e-01 3.054055625267338980e-01 1.032691524913633557e-02 1.058598137007743696e-02
7.949999999999989519e+00 6.826218267015912167e-01 6.912340617922133612e-01 2.977217282464582615e-01 3.014779068726739508e-01 1.029288602407807916e-02 1.042274526785390287e-02
7.999999999999989342e+00 6.825629924723799480e-01 6.821881400663366568e-01 2.976888135979696148e-01 2.975253277816273245e-01 1.026513150337826814e-02 1.025949406143543061e-02
8.049999999999990052e+00 6.828664885241009230e-01 6.739904123234315980e-01 2.978713056889075173e-01 2.939994969946457815e-01 1.024492882850929279e-02 1.011176257935153706e-02
8.099999999999988987e+00 6.833504854849553611e-01 6.680930767125254910e-01 2.981437486591362873e-01 2.914869873882215412e-01 1.022791590597380527e-02 9.999553598223728801e-03
8.149999999999987921e+00 6.838357928073238723e-01 6.684618582561990818e-01 2.983677991597437629e-01 2.916599212383295114e-01 1.020933444515804804e-02 9.979809109951401358e-03
8.199999999999988631e+00 6.842042836220192381e-01 6.751906122206672300e-01 2.984847338720555410e-01 2.945525116193679072e-01 1.018719228232272019e-02 1.005298674468832996e-02
8.249999999999989342e+00 6.843760016852878936e-01 6.835077846020344294e-01 2.985139229727594712e-01 2.981352204950633578e-01 1.016217610120032783e-02 1.014928410195960889e-02
8.299999999999988276e+00 6.843528446369515628e-01 6.910882572684758918e-01 2.985116046330238415e-01 3.014495610516436663e-01 1.013621747480556931e-02 1.023597830396074174e-02
8.349999999999987210e+00 6.841486801603230417e-01 6.982560361958850548e-01 2.984798647680126926e-01 3.046346113075251161e-01 1.010939423431034268e-02 1.031785305021254255e-02
8.399999999999987921e+00 6.837351217129566949e-01 7.022349283990388935e-01 2.983498292659692019e-01 3.064222742683823109e-01 1.007938612385031810e-02 1.035210386041832825e-02
8.449999999999988631e+00 6.832047476022549137e-01 6.998223417147709791e-01 2.981166833537503003e-01 3.053677776406802380e-01 1.004605504140692468e-02 1.029040531223859856e-02
8.499999999999987566e+00 6.828009540980288783e-01 6.930402507745517804e-01 2.978999444136321006e-01 3.023672579000349359e-01 1.001344350970192511e-02 1.016360530756420591e-02
8.549999999999986500e+00 6.826639839183492597e-01 6.856528973763827972e-01 2.978129657334095404e-01 2.991168827441594846e-01 9.985346713609713834e-03 1.002906564104475047e-02
8.599999999999987210e+00 6.827750091924627007e-01 6.785303335064103436e-01 2.978795984649826867e-01 2.960277405733606759e-01 9.962528376755279760e-03 9.900593330212738297e-03
8.649999999999987921e+00 6.831353778682223155e-01 6.724123738411327267e-01 2.980818392823969543e-01 2.934029237020008285e-01 9.944348266301823031e-03 9.788254335346155063e-03
8.699999999999986855e+00 6.836952397006536009e-01 6.697847280282933635e-01 2.983555773348087747e-01 2.922852136697834391e-01 9.928638180858867859e-03 9.726629406648373485e-03
8.749999999999985789e+00 6.842089726099895852e-01 6.719862815292974023e-01 2.985748325198767095e-01 2.932410995691980826e-01 9.911197759995915221e-03 9.734144384039777539e-03
8.799999999999986500e+00 6.844666827912215812e-01 6.784620791795789030e-01 2.986668850117297769e-01 2.960467775594485262e-01 9.889631954030793023e-03 9.802873429120818882e-03
8.849999999999987210e+00 6.845020783488486860e-01 6.876630506065710691e-01 2.986751415540657151e-01 3.000543979016886409e-01 9.865405171067412674e-03 9.910962771319201808e-03
8.899999999999986144e+00 6.843717332552635702e-01 6.960731143652268971e-01 2.986317298408256438e-01 3.037377321968459665e-01 9.839595711394590397e-03 1.000783302131288792e-02
8.949999999999985079e+00 6.840196554341104740e-01 6.999338176811059631e-01 2.984982572359899944e-01 3.054430133674261860e-01 9.810953401347254771e-03 1.003921161437720463e-02
8.999999999999985789e+00 6.835111788413427147e-01 6.990977836597035422e-01 2.982900178719850581e-01 3.050921430950337410e-01 9.780000585966730497e-03 1.000302108508308030e-02
9.049999999999986500e+00 6.830828782023926626e-01 6.953756716639591939e-01 2.981102151840766545e-01 3.034750214484128739e-01 9.750129687132520762e-03 9.925593506080557585e-03
9.099999999999985434e+00 6.828786371565033209e-01 6.890380028985809702e-01 2.980261109851436441e-01 3.007142194108078925e-01 9.723527275208608545e-03 9.811230649618534957e-03
9.149999999999984368e+00 6.828927249550549305e-01 6.811444326047122466e-01 2.980335982965736097e-01 2.972705943268340034e-01 9.700035746023558114e-03 9.675202419099568352e-03
9.199999999999985079e+00 6.831221679624498444e-01 6.751544474587413136e-01 2.981288746019219449e-01 2.946515938777457544e-01 9.679508915646823849e-03 9.566610190835909272e-03
9.249999999999985789e+00 6.835429387037976756e-01 6.726556320021734869e-01 2.983091754704623177e-01 2.935577790308848689e-01 9.661835642768016458e-03 9.507944260109637766e-03
9.299999999999984723e+00 6.840291151583585139e-01 6.726038066149322425e-01 2.985330839566826544e-01 2.935466988466920446e-01 9.645656993753888922e-03 9.484546004739653063e-03
9.349999999999983658e+00 6.844313053931884161e-01 6.757789586702660500e-01 2.987356501775643158e-01 2.949591361527579281e-01 9.628868660034312424e-03 9.507143792192043752e-03
9.399999999999984368e+00 6.846330975612857639e-01 6.833813025411252795e-01 2.988454547610710499e-01 2.982990405526431132e-01 9.609178609680748065e-03 9.591609020985316855e-03
9.449999999999985079e+00 6.845488728506017306e-01 6.920259832823473234e-01 2.988039488871843119e-01 3.020676897417525764e-01 9.584729715707604458e-03 9.689420681371381863e-03
9.499999999999984013e+00 6.842146446975344576e-01 6.968430341478870638e-01 2.986327292747640305e-01 3.041445236175620570e-01 9.556247336792457123e-03 9.732624755761993401e-03
9.549999999999982947e+00 6.837992905931480347e-01 6.973674891922229113e-01 2.984374201599493404e-01 3.043591259028922691e-01 9.527132327532309222e-03 9.716173213180925861e-03
9.599999999999983658e+00 6.834309705826496772e-01 6.953313951747579491e-01 2.982976375930721513e-01 3.034918250018663333e-01 9.499924764110585437e-03 9.665344745282375069e-03
9.649999999999984368e+00 6.831564725277035066e-01 6.908066070775147338e-01 2.982196508647376731e-01 3.015591792835662366e-01 9.474810194272847985e-03 9.580911176602587703e-03
9.699999999999983302e+00 6.830640568960252290e-01 6.843889775102196538e-01 2.982022405248572205e-01 2.987806552308889252e-01 9.451735040407525587e-03 9.470068311597121258e-03
9.749999999999982236e+00 6.832203471735998068e-01 6.786511922032616440e-01 2.982529062207381898e-01 2.962582880064038582e-01 9.430921935833627701e-03 9.367851004155070341e-03
9.799999999999982947e+00 6.835387607732000825e-01 6.753722691080203955e-01 2.983563180903332501e-01 2.947917442508303232e-01 9.411871233133549397e-03 9.299424108859007457e-03
9.849999999999983658e+00 6.839082868972152784e-01 6.748829783077444633e-01 2.985071683173007306e-01 2.945678692009593425e-01 9.394403408884373363e-03 9.270428613720205560e-03
9.899999999999982592e+00 6.843071716349727884e-01 6.774288143518450989e-01 2.987120088735588652e-01 2.957094860198467012e-01 9.378712994460254582e-03 9.284442261219685161e-03
9.949999999999981526e+00 6.846396911016755515e-01 6.822213137637648250e-01 2.988999484394474493e-01 2.978441334304673394e-01 9.362566904916137800e-03 9.329495174016213047e-03
9.999999999999982236e+00 6.847044878333701234e-01 6.872841499871871207e-01 2.989412609955243161e-01 3.000675387852971276e-01 9.341914406110143551e-03 9.377110587040543913e-03
1.004999999999998295e+01 6.844584579731317620e-01 6.915745988747744599e-01 2.988086061931063409e-01 3.019152434470170343e-01 9.315934721530992613e-03 9.412790130850109266e-03
1.009999999999998188e+01 6.840758546492822223e-01 6.944941104397779341e-01 2.986105935319549598e-01 3.031583370665701382e-01 9.288043344695339279e-03 9.429497264901099546e-03
1.014999999999998082e+01 6.837059852524305370e-01 6.943841774469317052e-01 2.984484854271445275e-01 3.031096853526830115e-01 9.261395979120085747e-03 9.406041438407548513e-03
1.019999999999998153e+01 6.834014727405045564e-01 6.908790584109287813e-01 2.983462404619686703e-01 3.016106606622313002e-01 9.236725710896872069e-03 9.337791351771875317e-03
1.024999999999998224e+01 6.832380040037838720e-01 6.862573337529607187e-01 2.983052573075656300e-01 2.996235123408725887e-01 9.214062001778097061e-03 9.254780303965185265e-03
1.029999999999998117e+01 6.832853623858642367e-01 6.820774465080897686e-01 2.983286686263229015e-01 2.978012814533110841e-01 9.193487476928293919e-03 9.177235175756897484e-03
1.034999999999998010e+01 6.835201385984114308e-01 6.783384243298670180e-01 2.984109093707153493e-01 2.961486789262016694e-01 9.174816583265660297e-03 9.105262995425116718e-03
1.039999999999998082e+01 6.838772308549028178e-01 6.765791825588952646e-01 2.985502114809095442e-01 2.953642100118341052e-01 9.157981947267171755e-03 9.060251840853813729e-03
1.044999999999998153e+01 6.842804035602348955e-01 6.785627577709634206e-01 2.987307303274865378e-01 2.962346242085677206e-01 9.142486008492328384e-03 9.066094084424422550e-03
1.049999999999998046e+01 6.846040682967838853e-01 6.824817065550536910e-01 2.988904027234540184e-01 2.979638035618557002e-01 9.126424510639824864e-03 9.098131406468883478e-03
1.054999999999997939e+01 6.847379491453777778e-01 6.855602277606444028e-01 2.989627827082788070e-01 2.993217969900028308e-01 9.107777081744984973e-03 9.118714302818069217e-03
1.059999999999998010e+01 6.846629888268601638e-01 6.882069831844725982e-01 2.989315631392555073e-01 3.004789109444772066e-01 9.086065748913550039e-03 9.133097597096580256e-03
1.064999999999998082e+01 6.844001432453017397e-01 6.912869093353176675e-01 2.988121350626451456e-01 3.018189276522502684e-01 9.061778167176509982e-03 9.152962172926475820e-03
1.069999999999997975e+01 6.840035508280373211e-01 6.929369994308243186e-01 2.986359903814463923e-01 3.025363345650188274e-01 9.035884731662531880e-03 9.153898171407538059e-03
1.074999999999997868e+01 6.836227951224459476e-01 6.915296088528291030e-01 2.984690723244651789e-01 3.019211797965793975e-01 9.010387089040465883e-03 9.114601654236366424e-03
1.079999999999997939e+01 6.834080955577862548e-01 6.880271747326991427e-01 2.983752940471582349e-01 3.003919794156815204e-01 8.987207652022847701e-03 9.047951187219332309e-03
1.084999999999998010e+01 6.833788561998107580e-01 6.838531816817028375e-01 2.983661669246678860e-01 2.985732594833897524e-01 8.966676691950958150e-03 8.972900360131931888e-03
1.089999999999997904e+01 6.835132656318053668e-01 6.800209267293783055e-01 2.984357259623935388e-01 2.969109001132724801e-01 8.948597480131749438e-03 8.902875565615375048e-03
1.094999999999997797e+01 6.838296486857649015e-01 6.780470959933003749e-01 2.985864698119509164e-01 2.960615836823967673e-01 8.933028266625316419e-03 8.857489414581811230e-03
1.099999999999997868e+01 6.842502642339776120e-01 6.786625061899896894e-01 2.987718261069773895e-01 2.963319809773372615e-01 8.918561973342616772e-03 8.845730775442910837e-03
1.104999999999997939e+01 6.845795282840335672e-01 6.809385982469369214e-01 2.989022183192726612e-01 2.973125095712454424e-01 8.902523255972388111e-03 8.855175266455569266e-03
1.109999999999997833e+01 6.847207717305476837e-01 6.840573500094677684e-01 2.989494860525309106e-01 2.986598357443451812e-01 8.884085766791416719e-03 8.875478031035525725e-03
1.114999999999997726e+01 6.847208478473155724e-01 6.876016111495250049e-01 2.989537418763261734e-01 3.002115025701375117e-01 8.864454911084550595e-03 8.901749520241298425e-03
1.119999999999997797e+01 6.845894690391439719e-01 6.903424391848111963e-01 2.989207600992338509e-01 3.014327505497803594e-01 8.843809470391542776e-03 8.918128714490550918e-03
1.124999999999997868e+01 6.842985072207324881e-01 6.914204375646221257e-01 2.988159263411083177e-01 3.019258939803621811e-01 8.821134356933093765e-03 8.912941519715496946e-03
1.129999999999997762e+01 6.839317644588139844e-01 6.912555462460704403e-01 2.986526925013570644e-01 3.018507705315349732e-01 8.796839248935416425e-03 8.891038896363338134e-03
1.134999999999997655e+01 6.836432505251582858e-01 6.895933171442411025e-01 2.985017758820567302e-01 3.010997763026684870e-01 8.773013251493226930e-03 8.849368884722081871e-03
1.139999999999997726e+01 6.835214106077130980e-01 6.857403177939623840e-01 2.984306160487952830e-01 2.993994077037029911e-01 8.751630969172891072e-03 8.780041281633527844e-03
1.144999999999997797e+01 6.835940800663291572e-01 6.814035709817010122e-01 2.984743654543446922e-01 2.975179341040425918e-01 8.733704914538257744e-03 8.705718627770090562e-03
1.149999999999997691e+01 6.838485361307043986e-01 6.792634940256373488e-01 2.986181081468968213e-01 2.966159446167444536e-01 8.718776880201374591e-03 8.660319550853860446e-03
1.154999999999997584e+01 6.841898099954759616e-01 6.792205016346686275e-01 2.987879174373146984e-01 2.966178042983317331e-01 8.704673486884632883e-03 8.641450962806470140e-03
1.159999999999997655e+01 6.844919606585834204e-01 6.799927307234817642e-01 2.989089960899975473e-01 2.969442391894412392e-01 8.689215002616216404e-03 8.632099976437254685e-03
1.164999999999997726e+01 6.846889479382772814e-01 6.822265054192896416e-01 2.989673587763187479e-01 2.978921406962591334e-01 8.672004605549501685e-03 8.640816263850889870e-03
1.169999999999997620e+01 6.847507691255085849e-01 6.862131243088864796e-01 2.989826515772091575e-01 2.996211595570283936e-01 8.653622332191301947e-03 8.672103026252641136e-03
1.174999999999997513e+01 6.846586020176753662e-01 6.896816515702350880e-01 2.989610696006557156e-01 3.011544200711893104e-01 8.634254717708476912e-03 8.697600579673345558e-03
1.179999999999997584e+01 6.844516213428284424e-01 6.908731671442154276e-01 2.989010809294138094e-01 3.017053799060260832e-01 8.613864003729513816e-03 8.694679536196726205e-03
1.184999999999997655e+01 6.841968714647783667e-01 6.904535049271073310e-01 2.988023848714038699e-01 3.015347811710358261e-01 8.592448163088545199e-03 8.671021744673936341e-03
1.189999999999997549e+01 6.839305038232031952e-01 6.890587455868708577e-01 2.986725770412042014e-01 3.009120811643319904e-01 8.570231765888220235e-03 8.634493003280696924e-03
1.194999999999997442e+01 6.837250954998972396e-01 6.865247266887425370e-01 2.985630068262716819e-01 2.997855249278416068e-01 8.548690245562548876e-03 8.583694342958967868e-03
1.199999999999997513e+01 6.837069807795636001e-01 6.835947067227869933e-01 2.985524588133450230e-01 2.985034324078029710e-01 8.530070251809867068e-03 8.528669497365807400e-03
1.204999999999997584e+01 6.838957972503642013e-01 6.813882427852335777e-01 2.986521031375549695e-01 2.975570731377301659e-01 8.514671507841919257e-03 8.483451835715766914e-03
1.209999999999997478e+01 6.841636869714050606e-01 6.801428152129179727e-01 2.987884935397570052e-01 2.970324953213290264e-01 8.500383884488116673e-03 8.450426609426154104e-03
1.214999999999997371e+01 6.844158309579791988e-01 6.801502212585394114e-01 2.989041313213628426e-01 2.970412165492389844e-01 8.485567958023085625e-03 8.432681804094800324e-03
1.219999999999997442e+01 6.846412541636009985e-01 6.819242060141633699e-01 2.989954560695038399e-01 2.978088710577718734e-01 8.470126234263573514e-03 8.436511927982216080e-03
1.224999999999997513e+01 6.847819789911228083e-01 6.848400916720357445e-01 2.990499296558047915e-01 2.990753079421386573e-01 8.453708258821345314e-03 8.454425666208874313e-03
1.229999999999997407e+01 6.847530514896236209e-01 6.876691744109205695e-01 2.990386548443860759e-01 3.003121555229861794e-01 8.435505073184383293e-03 8.471428928716120965e-03
1.234999999999997300e+01 6.845774868730720719e-01 6.897727494983417751e-01 2.989690611557217492e-01 3.012379391415125340e-01 8.415737119091402929e-03 8.479604198212888772e-03
1.239999999999997371e+01 6.843462103614379455e-01 6.903731703658718688e-01 2.988749811097282105e-01 3.015071394094328561e-01 8.395364637913724226e-03 8.469301668804303865e-03
1.244999999999997442e+01 6.841099573703999237e-01 6.888166562954998184e-01 2.987772892562589044e-01 3.008328867973210086e-01 8.374976573406004224e-03 8.432596686680345066e-03
1.249999999999997335e+01 6.839160372515206143e-01 6.863117390278541396e-01 2.986979005736660753e-01 2.997442148169571219e-01 8.355186030032627983e-03 8.384453561313495729e-03
1.254999999999997229e+01 6.838417388276323283e-01 6.845708731976356543e-01 2.986685401303772469e-01 2.989869902709333394e-01 8.336874811734196547e-03 8.345763859621315936e-03
1.259999999999997300e+01 6.839170162176145817e-01 6.831659049213795187e-01 2.986986413510620553e-01 2.983705958157577554e-01 8.320296416464131872e-03 8.311158657820559223e-03
1.264999999999997371e+01 6.841053102086277482e-01 6.812880440995909836e-01 2.987746941639917164e-01 2.975442873720178794e-01 8.305064465990049521e-03 8.270862748353528804e-03
1.269999999999997264e+01 6.843600242989916760e-01 6.803224603055383346e-01 2.988859611912951797e-01 2.971226039638025229e-01 8.290872709883370315e-03 8.241958501076361576e-03
1.274999999999997158e+01 6.846179101834256597e-01 6.815819710763301176e-01 2.990108138118137138e-01 2.976848499280284610e-01 8.277115953268208981e-03 8.240411070672077135e-03
1.279999999999997229e+01 6.847902648663551917e-01 6.839949699141897321e-01 2.991027436160453856e-01 2.987553746267634924e-01 8.262506729725019317e-03 8.252910901291817675e-03
1.284999999999997300e+01 6.848249077047615652e-01 6.863019768332926374e-01 2.991231817955743999e-01 2.997683476072838804e-01 8.245987092917289943e-03 8.263772504680473585e-03
1.289999999999997193e+01 6.847211737957387134e-01 6.885038636172587934e-01 2.990661508125520562e-01 3.007183189182477401e-01 8.227404424004193528e-03 8.272856091286055411e-03
1.294999999999997087e+01 6.844973283831209399e-01 6.900180520831521447e-01 2.989531931127642483e-01 3.013643610019307584e-01 8.207362885731355612e-03 8.273558297925356561e-03
1.299999999999997158e+01 6.842243825943084001e-01 6.896795048211720180e-01 2.988349032197041844e-01 3.012174270878765769e-01 8.187257622457658202e-03 8.252532248982929683e-03
1.304999999999997229e+01 6.840239748788363716e-01 6.877856216122812949e-01 2.987675387958821371e-01 3.004105483652030895e-01 8.168627171452698746e-03 8.213548827483346804e-03
1.309999999999997122e+01 6.839490083787047592e-01 6.855184775346444548e-01 2.987555517339275379e-01 2.994411110634507267e-01 8.151583949083978514e-03 8.170289524241501622e-03
1.314999999999997016e+01 6.839609782069964172e-01 6.832643941116747222e-01 2.987614723685471096e-01 2.984571969835794203e-01 8.135097954215044641e-03 8.126812715686312916e-03
1.319999999999997087e+01 6.840574479754735204e-01 6.813016865979804049e-01 2.987849758083446217e-01 2.975813048316675591e-01 8.119156951313722878e-03 8.086448500860541830e-03
1.324999999999997158e+01 6.842735904107021261e-01 6.804306145630609759e-01 2.988634834560823794e-01 2.971850244818374787e-01 8.104772432707327973e-03 8.059254901202381888e-03
1.329999999999997051e+01 6.845496406006998935e-01 6.809430088821675220e-01 2.989900351801559886e-01 2.974147703922589425e-01 8.091746554266749172e-03 8.049114219005665607e-03
1.334999999999996945e+01 6.847558186686144577e-01 6.825819766623658635e-01 2.991030276378809916e-01 2.981534880969982648e-01 8.078407228572082391e-03 8.052761326049928670e-03
1.339999999999997016e+01 6.848322065594670827e-01 6.851647393918198770e-01 2.991531366224315924e-01 2.992983959120436577e-01 8.063426863138328446e-03 8.067342207871806489e-03
1.344999999999997087e+01 6.847835679236072837e-01 6.879003947837782906e-01 2.991268796946984221e-01 3.004883707363987799e-01 8.046452715392031149e-03 8.083076549735014257e-03
1.349999999999996980e+01 6.846124915955050794e-01 6.895294625769192720e-01 2.990337785576759888e-01 3.011814758750358534e-01 8.027752444501377524e-03 8.085408748323119274e-03
1.354999999999996874e+01 6.843634792287386359e-01 6.898897692429326600e-01 2.989149203614793748e-01 3.013286823309943019e-01 8.008437250140113678e-03 8.073106023603339801e-03
1.359999999999996945e+01 6.841403668859478149e-01 6.893983421275885481e-01 2.988264324079898948e-01 3.011230692667399289e-01 7.990011561710969393e-03 8.051418964351344729e-03
1.364999999999997016e+01 6.840126424705295083e-01 6.874900609774359239e-01 2.987884773094167112e-01 3.003074734743025331e-01 7.973008066962430571e-03 8.013541653750578739e-03
1.369999999999996909e+01 6.839857346395863402e-01 6.840760874273068559e-01 2.987856543215580141e-01 2.988251231517274897e-01 7.957008104435642215e-03 7.958059205105933939e-03
1.374999999999996803e+01 6.840604913173526924e-01 6.811050640192652939e-01 2.988124539359866549e-01 2.975214592146423476e-01 7.941859240823575389e-03 7.907547088761268314e-03
1.379999999999996874e+01 6.842304465688997528e-01 6.801857543907440240e-01 2.988758838930732908e-01 2.971091385576624111e-01 7.927742278330866810e-03 7.880879006834555847e-03
1.384999999999996945e+01 6.844479800648264334e-01 6.806890137837869892e-01 2.989674285665905318e-01 2.973255090696487191e-01 7.914425640412730764e-03 7.870959869481114132e-03
1.389999999999996838e+01 6.846515706804848778e-01 6.818561228947862540e-01 2.990621098744644657e-01 2.978410325431088967e-01 7.901244646617301345e-03 7.868983686740008143e-03
1.394999999999996732e+01 6.847838515697971529e-01 6.840024359492158368e-01 2.991276102260029823e-01 2.987862718801265194e-01 7.887346347422632270e-03 7.878345995520813494e-03
1.399999999999996803e+01 6.847877854807686848e-01 6.866937928712278927e-01 2.991329619184399657e-01 2.999655550929023473e-01 7.871920050485273213e-03 7.893830397181651401e-03
1.404999999999996874e+01 6.846588819957628580e-01 6.886357141787227132e-01 2.990766965173317082e-01 3.008138796068381415e-01 7.854936218446016347e-03 7.900561512983282977e-03
1.409999999999996767e+01 6.844667086248142907e-01 6.895003162938608821e-01 2.989920412999708121e-01 3.011908460235711571e-01 7.837275001309861391e-03 7.894910773881299096e-03
1.414999999999996660e+01 6.842701079642495854e-01 6.895066155692511911e-01 2.989048126270447137e-01 3.011922387563984449e-01 7.819615765259519194e-03 7.879456867400885453e-03
1.419999999999996732e+01 6.840895605574266458e-01 6.881855909261384019e-01 2.988231322403601675e-01 3.006123550192207894e-01 7.802170554578603291e-03 7.848886554026662452e-03
1.424999999999996803e+01 6.839843565485664856e-01 6.854853875828403886e-01 2.987756537865076112e-01 2.994313289117137566e-01 7.785684789224964208e-03 7.802770785973006835e-03
1.429999999999996696e+01 6.840278375689995416e-01 6.826388547424544484e-01 2.987990529951657370e-01 2.981923134293124056e-01 7.771106709887285087e-03 7.755326747186287555e-03
1.434999999999996589e+01 6.841934989756391916e-01 6.808429727867744141e-01 2.988809332227138071e-01 2.974172999148639862e-01 7.758103393191802602e-03 7.720111613623994486e-03
1.439999999999996660e+01 6.843880785597407090e-01 6.805019820237234729e-01 2.989720064358921681e-01 2.972743817767635743e-01 7.745388767769236828e-03 7.701408854320309673e-03
1.444999999999996732e+01 6.845681550799358472e-01 6.816332997293796936e-01 2.990457684388514448e-01 2.977637104479105012e-01 7.732275848451242682e-03 7.699126320566537438e-03
1.449999999999996625e+01 6.847156566754759588e-01 6.836338146354568046e-01 2.990983709344978703e-01 2.986257993076867345e-01 7.718667637019310801e-03 7.706472240198378350e-03
1.454999999999996518e+01 6.847735374858326951e-01 6.855314416548053957e-01 2.991185465942752808e-01 2.994496096115659700e-01 7.704276795731505346e-03 7.712803853485290101e-03
1.459999999999996589e+01 6.847078794808046931e-01 6.871755902647117553e-01 2.990998132102524742e-01 3.001777792402084977e-01 7.688941213631179071e-03 7.716652422627478213e-03
1.464999999999996660e+01 6.845559608844447030e-01 6.887068958699699150e-01 2.990503444243152176e-01 3.008636929422369155e-01 7.672876059636063797e-03 7.719401999800828799e-03
1.469999999999996554e+01 6.843622290611467429e-01 6.892127377464424276e-01 2.989723444213125969e-01 3.010913508358954438e-01 7.656141982620049552e-03 7.710405911290545665e-03
1.474999999999996447e+01 6.841577583720663824e-01 6.879686319764696245e-01 2.988722661725728980e-01 3.005370348846245765e-01 7.638907761599318669e-03 7.681457760629393713e-03
1.479999999999996518e+01 6.840087416716199575e-01 6.859430520455557234e-01 2.987911307000339356e-01 2.996360830354977134e-01 7.622222721939651835e-03 7.643777628456584552e-03
1.484999999999996589e+01 6.839873708180639333e-01 6.841676401487374326e-01 2.987792100516213356e-01 2.988579552602510514e-01 7.607363718691832408e-03 7.609368688994307822e-03
1.489999999999996483e+01 6.841009801506905408e-01 6.824464733448972753e-01 2.988441841905105090e-01 2.981214257806248380e-01 7.594515481334458001e-03 7.576148050333551993e-03
1.494999999999996376e+01 6.843014301154097812e-01 6.810463325493646414e-01 2.989498583660041842e-01 2.975278082087035036e-01 7.582748468383121616e-03 7.546678711698259594e-03
1.499999999999996447e+01 6.845220280962479587e-01 6.811483964078585140e-01 2.990489534042567454e-01 2.975751059834657042e-01 7.570859579854612338e-03 7.533546986923192815e-03
1.504999999999996518e+01 6.846899230348536536e-01 6.827589965866590616e-01 2.991085151709690360e-01 2.982649850949546932e-01 7.558016807857724159e-03 7.536702087048771127e-03
1.509999999999996412e+01 6.847639500914144417e-01 6.846722845755141007e-01 2.991272481197191357e-01 2.990872056298726767e-01 7.544192890787377800e-03 7.543182991926180789e-03
1.514999999999996305e+01 6.847516132204874983e-01 6.864405873782243317e-01 2.991241013127978743e-01 2.998619058937866955e-01 7.529870391763330249e-03 7.548443194305528431e-03
1.519999999999996376e+01 6.846541452822204610e-01 6.880909688702366855e-01 2.990974928426026747e-01 3.005989009997011019e-01 7.515012382979976459e-03 7.552736206022650327e-03
1.524999999999996447e+01 6.844618076975814702e-01 6.888475579104946789e-01 2.990269013014217325e-01 3.009429428997996148e-01 7.499107242668894176e-03 7.547158442628214454e-03
1.529999999999996341e+01 6.842298811364863065e-01 6.881341747462407232e-01 2.989246098909267291e-01 3.006303077512086919e-01 7.482468332689039443e-03 7.525164148966435526e-03
1.534999999999996234e+01 6.840617168356845079e-01 6.865765969510582156e-01 2.988402039996642667e-01 2.999388582120202651e-01 7.466338638342653357e-03 7.493787837901828668e-03
1.539999999999996305e+01 6.840041670971170884e-01 6.848845432077820261e-01 2.988080255340421765e-01 2.991926188742721759e-01 7.451571709078368654e-03 7.461162565443206496e-03
1.544999999999996376e+01 6.840494820265559106e-01 6.832183360691591600e-01 2.988322276749135753e-01 2.984691352313142421e-01 7.438263289979190479e-03 7.429225519136642766e-03
1.549999999999996270e+01 6.842003233681361873e-01 6.819020649472065099e-01 2.989087194440611661e-01 2.979046721525167030e-01 7.426303588672337856e-03 7.401358314348251664e-03
1.554999999999996163e+01 6.844308334771967983e-01 6.813646528218204601e-01 2.990162655776757994e-01 2.976767030619147381e-01 7.415158476817760441e-03 7.381939319576320824e-03
1.559999999999996234e+01 6.846458260286952813e-01 6.817508223823678382e-01 2.991097400678508489e-01 2.978449638065665539e-01 7.403706437323051386e-03 7.372400094221955198e-03
1.564999999999996305e+01 6.847662048973798266e-01 6.832591227448634452e-01 2.991589351386112483e-01 2.985005248831273938e-01 7.391202844684661120e-03 7.374935759929038097e-03
1.569999999999996199e+01 6.847872133196269973e-01 6.857131704301110409e-01 2.991668413819389416e-01 2.995713694727246690e-01 7.377727284388147302e-03 7.387703316220101124e-03
1.574999999999996092e+01 6.847163374702602834e-01 6.878290444188790431e-01 2.991372636700733167e-01 3.004971357634671492e-01 7.363378798032583876e-03 7.396852572639201449e-03
1.579999999999996163e+01 6.845517523936227589e-01 6.884878289523718164e-01 2.990675637394035746e-01 3.007871602826901469e-01 7.348097389174544636e-03 7.390347918493625143e-03
1.584999999999996234e+01 6.843393038529019812e-01 6.880833955860837792e-01 2.989777195820497724e-01 3.006134578802746038e-01 7.332378162649913142e-03 7.372494368614960873e-03
1.589999999999996128e+01 6.841603162531529891e-01 6.872378930522772267e-01 2.989042299253208412e-01 3.002487988828075327e-01 7.317117011635771058e-03 7.350031796396767035e-03
1.594999999999996021e+01 6.840648819002110859e-01 6.857193959911745962e-01 2.988670904290825492e-01 2.995899455639150499e-01 7.302800010484617431e-03 7.320462933754807652e-03
1.599999999999996092e+01 6.840688376272692217e-01 6.837684419835912131e-01 2.988688730664009752e-01 2.987376305619017236e-01 7.289484708936619199e-03 7.286283672241515227e-03
1.604999999999996163e+01 6.841734273232322749e-01 6.824498920484235454e-01 2.989092764404585045e-01 2.981562792304845999e-01 7.277158282177940453e-03 7.258826031174315206e-03
1.609999999999995879e+01 6.843503706633345951e-01 6.820209747946915924e-01 2.989820893284901304e-01 2.979644123116647059e-01 7.265664382223343924e-03 7.240933470514342510e-03
1.614999999999995950e+01 6.845497155754576291e-01 6.820246428201666156e-01 2.990729699143974685e-01 2.979697907135413493e-01 7.254650574030270874e-03 7.227890617672329786e-03
1.619999999999996021e+01 6.847234857220854121e-01 6.827766948094101673e-01 2.991602080660076268e-01 2.983096422731857933e-01 7.243588573026829569e-03 7.222993759641312995e-03
1.624999999999996092e+01 6.848141064418584723e-01 6.846401745675704253e-01 2.992084306744819955e-01 2.991324364993321883e-01 7.231623702102294229e-03 7.229786984878128903e-03
1.629999999999996163e+01 6.847725819997934060e-01 6.866549381445170575e-01 2.991872317252904923e-01 3.000096608628828321e-01 7.218027303384580602e-03 7.237868778356652301e-03
1.634999999999995879e+01 6.846220866443688546e-01 6.876789951973497628e-01 2.991100838957475583e-01 3.004456414121948749e-01 7.203132664557448245e-03 7.235295398246727357e-03
1.639999999999995950e+01 6.844406033775208842e-01 6.877293434591905674e-01 2.990244326298328037e-01 3.004612463316140847e-01 7.188087322832529928e-03 7.222626113740734065e-03
1.644999999999996021e+01 6.842762782987232839e-01 6.871623406422314728e-01 2.989601168497674211e-01 3.002210366899175087e-01 7.173608082777872819e-03 7.203864107736482857e-03
1.649999999999995737e+01 6.841507717785351161e-01 6.860134643102531182e-01 2.989203096592303321e-01 2.997341604233442203e-01 7.159767896029479821e-03 7.179261327505261775e-03
1.654999999999995808e+01 6.841089416470272910e-01 6.845875161327216185e-01 2.989095255373395155e-01 2.991186303505418698e-01 7.146671262100177772e-03 7.151670779451101481e-03
1.659999999999995879e+01 6.841771521888297958e-01 6.833932377544245096e-01 2.989320804721882219e-01 2.985895709744079696e-01 7.134417195040303021e-03 7.126242744019294605e-03
1.664999999999995950e+01 6.843180192864117828e-01 6.826616480324375624e-01 2.989804967751039655e-01 2.982568234442838362e-01 7.122823032164488435e-03 7.105582452514217114e-03
1.669999999999996021e+01 6.844869522050746058e-01 6.826368878853639188e-01 2.990504226931505194e-01 2.982421347995147798e-01 7.111781752512507347e-03 7.092559686076461284e-03
1.674999999999995737e+01 6.846639905359289680e-01 6.834576809078123372e-01 2.991378480581956545e-01 2.986107970211399065e-01 7.101195206129284898e-03 7.088683608810453576e-03
1.679999999999995808e+01 6.847991667921830006e-01 6.845678742922618465e-01 2.992104746656742975e-01 2.991094156369196178e-01 7.090295608191344440e-03 7.087900844476778713e-03
1.684999999999995879e+01 6.848204034853241362e-01 6.854105318614882592e-01 2.992232459836935421e-01 2.994810947968483683e-01 7.078018828709497882e-03 7.084118150132438091e-03
1.689999999999995595e+01 6.847182801373729033e-01 6.862159571190864504e-01 2.991701085836433460e-01 2.998244801671690052e-01 7.064229246367031805e-03 7.079680759555359235e-03
1.694999999999995666e+01 6.845501908038884586e-01 6.869943149706624341e-01 2.990868381338698256e-01 3.001547004745238612e-01 7.049778152831356545e-03 7.074948744243354619e-03
1.699999999999995737e+01 6.843731434280394543e-01 6.869839997217299654e-01 2.990090462073530242e-01 3.001497538135142751e-01 7.035506969584787856e-03 7.062347148553287796e-03
1.704999999999995808e+01 6.842292982662822043e-01 6.860484369594475051e-01 2.989547301976291926e-01 2.997495516391917025e-01 7.021837467941975490e-03 7.040506204091418439e-03
1.709999999999995879e+01 6.841585513614557579e-01 6.850042117296852862e-01 2.989319550933461356e-01 2.993014526414170540e-01 7.008955570770142827e-03 7.017619053726084459e-03
1.714999999999995595e+01 6.841789832875726507e-01 6.841549875583534668e-01 2.989415029344471009e-01 2.989310183689576350e-01 6.996875434393154750e-03 6.996630037892523531e-03
1.719999999999995666e+01 6.842831014846623150e-01 6.833143781584385401e-01 2.989819152546815406e-01 2.985586536619315723e-01 6.985558767632757057e-03 6.975669478082524404e-03
1.724999999999995737e+01 6.844516670402875924e-01 6.829897302361528366e-01 2.990514566332836965e-01 2.984127054228836728e-01 6.974961087656773341e-03 6.960063100242195461e-03
1.729999999999995453e+01 6.846379779549293110e-01 6.836531842539310677e-01 2.991332227614504902e-01 2.987029449752038879e-01 6.964685046832386033e-03 6.954666937723035479e-03
1.734999999999995524e+01 6.847738778263402493e-01 6.846140994528820967e-01 2.991955242333232956e-01 2.991257129047140140e-01 6.953992428432858620e-03 6.952369852520963456e-03
1.739999999999995595e+01 6.848236501623421457e-01 6.851601710448886884e-01 2.992197538619987274e-01 2.993667898115035531e-01 6.942453685893252256e-03 6.945865192842320089e-03
1.744999999999995666e+01 6.847901729202211518e-01 6.856197443742482189e-01 2.992067328551692995e-01 2.995691991612654537e-01 6.930092249106421798e-03 6.938487531239511709e-03
1.749999999999995737e+01 6.846738486375170130e-01 6.862746695614881931e-01 2.991573051428804142e-01 2.998567582833567835e-01 6.916931910818054086e-03 6.933104237765485081e-03
1.754999999999995453e+01 6.844929393167000775e-01 6.866489242522044734e-01 2.990784020885015604e-01 3.000204257273154651e-01 6.903136805274137991e-03 6.924879993706080199e-03
1.759999999999995524e+01 6.843187529567952287e-01 6.863805311259448816e-01 2.989996294954986311e-01 2.999004829442957210e-01 6.889392384688918999e-03 6.910149376596686106e-03
1.764999999999995595e+01 6.842192004064407973e-01 6.855786821521926422e-01 2.989523795212738477e-01 2.995463708950424353e-01 6.876420460523847630e-03 6.890083286832498696e-03
1.769999999999995310e+01 6.842045717306268759e-01 6.844678430317850948e-01 2.989459998047199196e-01 2.990610295861573231e-01 6.864431683231237910e-03 6.867073010015105512e-03
1.774999999999995381e+01 6.842701007434330851e-01 6.835203688473638906e-01 2.989806443934605040e-01 2.986530612867814849e-01 6.853424513317157331e-03 6.845915444969214413e-03
1.779999999999995453e+01 6.844176501365666354e-01 6.832543293559453224e-01 2.990523434431757721e-01 2.985440371399243897e-01 6.843303053619593374e-03 6.831671330433062954e-03
1.784999999999995524e+01 6.846031548300496317e-01 6.835434905541809547e-01 2.991340262380175474e-01 2.986710110750507852e-01 6.833444345814231567e-03 6.822867186180496188e-03
1.789999999999995595e+01 6.847466069740075767e-01 6.840144729200384743e-01 2.991891223962460655e-01 2.988692280837332849e-01 6.823013053506190966e-03 6.815717858237940567e-03
1.794999999999995310e+01 6.848118945215199149e-01 6.847680811400871370e-01 2.992098328130540219e-01 2.991906897540062005e-01 6.811834554651213097e-03 6.811398742265377393e-03
1.799999999999995381e+01 6.848094916147529077e-01 6.857417179996387890e-01 2.992102934604597975e-01 2.996176063461728489e-01 6.800233942283188254e-03 6.809491053322121006e-03
1.804999999999995453e+01 6.847407681101242982e-01 6.863157143803562121e-01 2.991910518408973374e-01 2.998792098316711563e-01 6.788225793327233061e-03 6.803839134014103528e-03
1.809999999999995168e+01 6.846075571767934465e-01 6.863464272474157912e-01 2.991422214501142651e-01 2.999020282186579678e-01 6.775588254815736143e-03 6.792797921147416748e-03
1.814999999999995239e+01 6.844478690047618441e-01 6.862740527640734944e-01 2.990705377893480010e-01 2.998684915616253166e-01 6.762476829606523139e-03 6.780519877029413112e-03
1.819999999999995310e+01 6.843164125556253641e-01 6.859464719641409358e-01 2.990021948758175840e-01 2.997144258438049214e-01 6.749485211643748914e-03 6.765562660131048053e-03
1.824999999999995381e+01 6.842566853411691241e-01 6.849603551326304274e-01 2.989685954001295443e-01 2.992760460596343153e-01 6.737320459721240010e-03 6.744248925287544931e-03
1.829999999999995453e+01 6.842940014181061459e-01 6.838920584878642739e-01 2.989896776895721864e-01 2.988140561191454658e-01 6.726426944647303716e-03 6.722475953186634982e-03
1.834999999999995168e+01 6.844144221448146270e-01 6.835269308028335544e-01 2.990548358012898866e-01 2.986670465190016666e-01 6.716560040455707252e-03 6.707850567523911123e-03
1.839999999999995239e+01 6.845645683237695511e-01 6.836181627288754337e-01 2.991279331296856636e-01 2.987143909123368690e-01 6.706904330262020500e-03 6.697632083236262739e-03
1.844999999999995310e+01 6.846986942882169469e-01 6.837734687713151738e-01 2.991820684027957089e-01 2.987777870945430569e-01 6.696856595473893448e-03 6.687807209726772013e-03
1.849999999999995026e+01 6.847943721573905851e-01 6.843389169600172517e-01 2.992136500988695769e-01 2.990146437728782303e-01 6.686338549695420262e-03 6.681891480958183568e-03
1.854999999999995097e+01 6.848249235222980680e-01 6.853816223190998258e-01 2.992228898650308722e-01 2.994661301692923550e-01 6.675357275293505692e-03 6.680783718221815388e-03
1.859999999999995168e+01 6.847750775506723508e-01 6.861939103107757010e-01 2.992075597568135681e-01 2.998275085571875387e-01 6.663865473425702873e-03 6.677672796373898198e-03
1.864999999999995239e+01 6.846721331351193207e-01 6.863624770899120486e-01 2.991726394653757559e-01 2.999112479731356196e-01 6.651976419463617902e-03 6.668399065550552167e-03
1.869999999999995310e+01 6.845514224957086613e-01 6.861024072634431814e-01 2.991238470563066798e-01 2.998015704751830768e-01 6.639819024557317914e-03 6.654862829637815148e-03
1.874999999999995026e+01 6.844277599725240302e-01 6.856014006772638281e-01 2.990656221382340663e-01 2.995784528678699932e-01 6.627493011373618119e-03 6.638857681282447736e-03
1.879999999999995097e+01 6.843357369699674120e-01 6.850044964452887131e-01 2.990195427076802748e-01 2.993117562246557783e-01 6.615476608577008574e-03 6.621941509395050558e-03
1.884999999999995168e+01 6.843302532312866004e-01 6.845438899151153889e-01 2.990163476815803634e-01 2.991096956822388853e-01 6.604447215495987643e-03 6.606509015620968921e-03
1.889999999999994884e+01 6.844151017395335712e-01 6.841734554306220240e-01 2.990578935978440711e-01 2.989523052846184692e-01 6.594440873160850938e-03 6.592112575184542154e-03
1.894999999999994955e+01 6.845382462383040600e-01 6.838062611111127564e-01 2.991166492065278071e-01 2.987968001115829386e-01 6.584846432724893346e-03 6.577805175819117882e-03
1.899999999999995026e+01 6.846627597437011659e-01 6.837993611915350600e-01 2.991729784938438330e-01 2.987957044084598168e-01 6.575230296568006748e-03 6.566938558427698643e-03
1.904999999999995097e+01 6.847741099318078728e-01 6.843580251192467045e-01 2.992212146350565760e-01 2.990394008059412689e-01 6.565468231158684727e-03 6.561478898649298133e-03
1.909999999999995168e+01 6.848380843313206512e-01 6.850642941044114975e-01 2.992485751165077090e-01 2.993474203090045194e-01 6.555280944501822374e-03 6.557446228017634049e-03
1.914999999999994884e+01 6.848219916020467091e-01 6.856360389867671712e-01 2.992412595276474629e-01 2.995969673870709782e-01 6.544368715749545630e-03 6.552148001904242215e-03
1.919999999999994955e+01 6.847364479308930552e-01 6.861417845044789354e-01 2.992034350941341625e-01 2.998175130091493834e-01 6.532826093758398005e-03 6.546233908496721689e-03
1.924999999999995026e+01 6.846164743240036321e-01 6.862623204582209979e-01 2.991513932395697406e-01 2.998705654806339549e-01 6.521011296775372675e-03 6.536688075872139868e-03
1.929999999999994742e+01 6.844947874263946908e-01 6.856757170677738600e-01 2.991012369416370387e-01 2.996172635395978334e-01 6.509276103191242481e-03 6.520506279425426939e-03
1.934999999999994813e+01 6.844063070181060082e-01 6.849457613298871594e-01 2.990674317640966695e-01 2.993031590125514452e-01 6.497934421816342621e-03 6.503056143673046664e-03
1.939999999999994884e+01 6.843773510337131105e-01 6.846715627091013445e-01 2.990572989407734861e-01 2.991858627350392208e-01 6.487143144051496328e-03 6.489931946530145927e-03
1.944999999999994955e+01 6.844101054074954726e-01 6.844711835102446074e-01 2.990687175148069032e-01 2.990954069948614791e-01 6.476853654895665773e-03 6.477431662043572382e-03
1.949999999999995026e+01 6.844980442710387747e-01 6.839837008055928980e-01 2.991016399121891878e-01 2.988768898558806786e-01 6.467062484587884560e-03 6.462203023910943235e-03
1.954999999999994742e+01 6.846277165641472262e-01 6.837406781343461359e-01 2.991570650584305380e-01 2.987694619760062897e-01 6.457788776220853982e-03 6.449421737204680434e-03
1.959999999999994813e+01 6.847572761115477968e-01 6.841329216959545212e-01 2.992199318067589875e-01 2.989471062491863007e-01 6.448705426869817160e-03 6.442825565715233453e-03
1.964999999999994884e+01 6.848372723351245916e-01 6.847819180306842224e-01 2.992634638079414433e-01 2.992392748194726559e-01 6.439235369724409692e-03 6.438714896599744865e-03
1.969999999999994600e+01 6.848503378516598294e-01 6.853860486934155727e-01 2.992713787585589147e-01 2.995054779673452794e-01 6.429030692987313007e-03 6.434059677064356622e-03
1.974999999999994671e+01 6.847981111636912699e-01 6.859659310859316239e-01 2.992420273996609925e-01 2.997523395565900861e-01 6.418059568893544516e-03 6.429004601749932317e-03
1.979999999999994742e+01 6.846852436755829219e-01 6.863060291742512087e-01 2.991848146647094753e-01 2.998930443417902048e-01 6.406527080614774806e-03 6.421692598325283094e-03
1.984999999999994813e+01 6.845489615803176386e-01 6.861659820361232232e-01 2.991253745904096650e-01 2.998319593297197327e-01 6.394983957037096191e-03 6.410089991014863813e-03
1.989999999999994884e+01 6.844505403419282041e-01 6.856769444003217862e-01 2.990912898409796572e-01 2.996272040525571612e-01 6.384018993404058651e-03 6.395457930684261653e-03
1.994999999999994600e+01 6.844126189530561621e-01 6.849933713369251720e-01 2.990834975962738396e-01 2.993372823006976713e-01 6.373649389371856266e-03 6.379057694207739514e-03
1.999999999999994671e+01 6.844190985087141854e-01 6.842120893251766311e-01 2.990860765627143536e-01 2.989956150828234627e-01 6.363533543887549791e-03 6.361608831549445987e-03
2.004999999999994742e+01 6.844719379858040798e-01 6.836790495437814474e-01 2.991008784679601851e-01 2.987544016931286128e-01 6.353709579776116792e-03 6.346349478345812874e-03
2.009999999999994458e+01 6.845807339382836698e-01 6.836210767924216780e-01 2.991416848201444711e-01 2.987223428181992047e-01 6.344468394912937230e-03 6.335574609081648031e-03
2.014999999999994529e+01 6.847121768215677085e-01 6.838374171844192606e-01 2.992013910434133672e-01 2.988191438611325079e-01 6.335656771697488303e-03 6.327562601612134359e-03
2.019999999999994600e+01 6.848107569739126932e-01 6.842713054191452704e-01 2.992531550483490399e-01 2.990174219233712183e-01 6.326705180726205878e-03 6.321721393728788919e-03
2.024999999999994671e+01 6.848483044067256165e-01 6.850738387348924707e-01 2.992755448758660508e-01 2.993741023352567421e-01 6.317161897115916233e-03 6.319242265651867779e-03
2.029999999999994742e+01 6.848200172135388009e-01 6.859090150275107822e-01 2.992610681199531220e-01 2.997369517693762031e-01 6.306871825499550145e-03 6.316900985655990279e-03
2.034999999999994458e+01 6.847318424905748380e-01 6.862765400936646776e-01 2.992158894987360096e-01 2.998908954479758693e-01 6.295968216701451799e-03 6.310171392908498107e-03
2.039999999999994529e+01 6.846130577297632192e-01 6.863224421534477315e-01 2.991604014892814689e-01 2.999073637692367678e-01 6.284882384228613651e-03 6.300574869101623759e-03
2.044999999999994600e+01 6.845050117025399672e-01 6.862507954079358763e-01 2.991158422305877362e-01 2.998787169421885945e-01 6.274060665560320105e-03 6.290062232662592227e-03
2.049999999999994316e+01 6.844345157314845052e-01 6.856582053129089971e-01 2.990902906900043678e-01 2.996250294622467836e-01 6.263671009214761935e-03 6.274869726958058613e-03
2.054999999999994387e+01 6.844176677447018076e-01 6.844823309113089449e-01 2.990855278380273319e-01 2.991137851701036743e-01 6.253748621809259410e-03 6.254339470362868698e-03
2.059999999999994458e+01 6.844628985838655533e-01 6.835523715121867294e-01 2.991040130991097223e-01 2.987061211144046435e-01 6.244342653426100502e-03 6.236035931407205718e-03
2.064999999999994529e+01 6.845537441085033370e-01 6.834001397328695049e-01 2.991412741730787861e-01 2.986371637423219649e-01 6.235357460616556581e-03 6.224849687177123544e-03
2.069999999999994600e+01 6.846589815812167412e-01 6.836829793509431319e-01 2.991861661021462115e-01 2.987596671103294188e-01 6.226559128036351920e-03 6.217682978362745402e-03
2.074999999999994316e+01 6.847568017565482945e-01 6.841174158297571584e-01 2.992291098621469025e-01 2.989497071877356138e-01 6.217747737395271611e-03 6.211941967537374341e-03
2.079999999999994387e+01 6.848220342708809527e-01 6.847737045415192014e-01 2.992581764997734872e-01 2.992370570468999569e-01 6.208675860991161484e-03 6.208237698068474683e-03
2.084999999999994458e+01 6.848218044199398946e-01 6.854859620199206249e-01 2.992592402070747282e-01 2.995494694279686732e-01 6.199052101648372913e-03 6.205064100009718975e-03
2.089999999999994174e+01 6.847555843864351344e-01 6.859817000411030374e-01 2.992325232124997125e-01 2.997683256060287293e-01 6.188883623836613501e-03 6.199965369307741496e-03
2.094999999999994245e+01 6.846596255418231358e-01 6.862544577507332377e-01 2.991924149781524100e-01 2.998893477054052070e-01 6.178470107963922667e-03 6.192862110591755738e-03
2.099999999999994316e+01 6.845583513714148527e-01 6.862343184281458619e-01 2.991470756852345758e-01 2.998794612341968424e-01 6.167980941963610401e-03 6.183081674931904630e-03
2.104999999999994387e+01 6.844628473830598470e-01 6.857361261518061246e-01 2.991014204702329149e-01 2.996578268403414791e-01 6.157517662794305922e-03 6.168972245812496223e-03
2.109999999999994458e+01 6.844092415798660456e-01 6.849275956583885661e-01 2.990752730122210323e-01 2.993017849850769796e-01 6.147487626150493524e-03 6.152143576260584931e-03
2.114999999999994174e+01 6.844333288583480668e-01 6.841743720822363040e-01 2.990882839269084492e-01 2.989751232514812340e-01 6.138292127797003936e-03 6.135969692180231333e-03
2.119999999999994245e+01 6.845190429254071063e-01 6.836430384517058201e-01 2.991320833191309925e-01 2.987492728686060861e-01 6.129755805719908079e-03 6.121911329274726254e-03
2.124999999999994316e+01 6.846224591948145699e-01 6.835257865475372618e-01 2.991811000824247113e-01 2.987018523968775208e-01 6.121352431353969080e-03 6.111546852110036863e-03
2.129999999999994031e+01 6.847188779858343066e-01 6.839917878006761542e-01 2.992199912478130663e-01 2.989022551288975649e-01 6.112767951947162444e-03 6.106276917852872591e-03
2.134999999999994102e+01 6.847915676794193995e-01 6.846887681500118950e-01 2.992445409665643874e-01 2.991996189794356997e-01 6.103917204825393128e-03 6.103000897081820204e-03
2.139999999999994174e+01 6.848162831620664415e-01 6.851585127709097778e-01 2.992522565606068330e-01 2.994018046733288863e-01 6.094750642782227959e-03 6.097796429192045564e-03
2.144999999999994245e+01 6.847837245996970523e-01 6.855579517388690203e-01 2.992432380553889937e-01 2.995815671187025409e-01 6.085271744898618218e-03 6.092151847863814390e-03
2.149999999999994316e+01 6.847054538523964506e-01 6.860531368522723161e-01 2.992176213525779005e-01 2.998065614571021609e-01 6.075484697514282363e-03 6.087442872225435307e-03
2.154999999999994031e+01 6.845978396252929699e-01 6.861717106646755271e-01 2.991736316346460534e-01 2.998614233385088479e-01 6.065354924169216212e-03 6.079299003314939283e-03
2.159999999999994102e+01 6.844880648716273885e-01 6.856630575962670004e-01 2.991201256506003103e-01 2.996335954822454406e-01 6.055063272279369475e-03 6.065457398426031543e-03
2.164999999999994174e+01 6.844163335189272779e-01 6.850407442369705890e-01 2.990810601035086558e-01 2.993539194879891729e-01 6.045094696382197555e-03 6.050609792581904817e-03
2.169999999999993889e+01 6.844083861462447738e-01 6.846164494794506616e-01 2.990764399437780829e-01 2.991673605728025764e-01 6.035851462033877367e-03 6.037686388956672000e-03
2.174999999999993960e+01 6.844639829614163062e-01 6.841396122594798346e-01 2.991076389317401940e-01 2.989658904143455143e-01 6.027357963360014705e-03 6.024501570062389469e-03
2.179999999999994031e+01 6.845684117162581517e-01 6.836885665620852093e-01 2.991610425253519168e-01 2.987765442209043831e-01 6.019336871737474004e-03 6.011600487342151633e-03
2.184999999999994102e+01 6.846880866494572393e-01 6.837149368236711267e-01 2.992142951571912235e-01 2.987890207221856054e-01 6.011336919280597761e-03 6.002792982866622142e-03
2.189999999999994174e+01 6.847765875318628792e-01 6.842169162273384897e-01 2.992471943809063006e-01 2.990026181633430591e-01 6.002952745855704222e-03 5.998046502775197276e-03
2.194999999999993889e+01 6.848127015603858725e-01 6.848503163738276500e-01 2.992575799104451040e-01 2.992740172779380092e-01 5.994142812427554097e-03 5.994472053639229164e-03
2.199999999999993960e+01 6.848043212800022372e-01 6.854874783763778012e-01 2.992548262224630218e-01 2.995533612226166653e-01 5.985096524449271850e-03 5.991067224452343958e-03
2.204999999999994031e+01 6.847497848164575407e-01 6.859963495722796178e-01 2.992369073486065290e-01 2.997816584250043714e-01 5.975774485244274986e-03 5.986653188717022678e-03
2.209999999999993747e+01 6.846450283475438159e-01 6.860987091245822622e-01 2.991959263891175169e-01 2.998311977322978272e-01 5.966020466383212262e-03 5.978687890973048702e-03
2.214999999999993818e+01 6.845247557089394475e-01 6.858002116976111839e-01 2.991432033242622524e-01 2.997005885568171379e-01 5.956061788437288021e-03 5.967159553147190904e-03
2.219999999999993889e+01 6.844411773519395448e-01 6.853388162298253983e-01 2.991034104777372526e-01 2.994956820982026535e-01 5.946389870332758829e-03 5.954188510898671474e-03
2.224999999999993960e+01 6.844133193073430599e-01 6.847931692913244994e-01 2.990891995694330285e-01 2.992551943337962150e-01 5.937254582023495687e-03 5.940549763450059945e-03
2.229999999999994031e+01 6.844380234956716214e-01 6.842526971836409011e-01 2.991010251790189312e-01 2.990200371450141281e-01 5.928662540713963529e-03 5.927057227849646601e-03
2.234999999999993747e+01 6.845167708769731574e-01 6.839262486900407056e-01 2.991379217310202732e-01 2.988798600044847431e-01 5.920592216348754579e-03 5.915484611667200764e-03
2.239999999999993818e+01 6.846333175111053437e-01 6.838042699949373748e-01 2.991907286962659507e-01 2.988284277036881154e-01 5.912860250914357685e-03 5.905700152246811351e-03
2.244999999999993889e+01 6.847428549317650104e-01 6.838407198571792023e-01 2.992396114152673370e-01 2.988453691866426176e-01 5.905073732911057631e-03 5.897293915868635772e-03
2.249999999999993605e+01 6.848089403500673411e-01 6.843144080213491298e-01 2.992692121600666333e-01 2.990530959681145795e-01 5.896930288868319769e-03 5.892671841736259186e-03
2.254999999999993676e+01 6.848206491059110057e-01 6.852382094006591595e-01 2.992743964265458523e-01 2.994568750146924252e-01 5.888330475682172251e-03 5.891920806978711428e-03
2.259999999999993747e+01 6.847760991130645847e-01 6.859447124661733897e-01 2.992536915548206222e-01 2.997643867446366794e-01 5.879247378287252856e-03 5.889280682605839250e-03
2.264999999999993818e+01 6.846852788581611060e-01 6.860094359030299849e-01 2.992125459772434493e-01 2.997912124286817859e-01 5.869790014266679581e-03 5.881141979964341765e-03
2.269999999999993889e+01 6.845787923204850189e-01 6.857863667576855615e-01 2.991668693948122959e-01 2.996945898968073063e-01 5.860271682562445163e-03 5.870609008752357069e-03
2.274999999999993605e+01 6.844893261701329168e-01 6.855317524182661382e-01 2.991317034794267471e-01 2.995872587780030738e-01 5.850986865123273227e-03 5.859897482210340430e-03
2.279999999999993676e+01 6.844385704737631082e-01 6.850487403337028880e-01 2.991134591705955081e-01 2.993801157053987971e-01 5.842059749425704794e-03 5.847267884871081532e-03
2.284999999999993747e+01 6.844421260280794117e-01 6.844382394195837049e-01 2.991148047392958587e-01 2.991131062141801911e-01 5.833540804276868101e-03 5.833507678482315398e-03
2.289999999999993463e+01 6.844999643906717335e-01 6.841021210443410938e-01 2.991355935876944816e-01 2.989617307509513378e-01 5.825425386323175234e-03 5.822039547243464293e-03
2.294999999999993534e+01 6.845902056529706847e-01 6.840431588655743189e-01 2.991712716625261059e-01 2.989322079398890608e-01 5.817623172825019985e-03 5.812974388719292264e-03
2.299999999999993605e+01 6.846904434915831450e-01 6.840745465018089888e-01 2.992170364155848361e-01 2.989478828531695331e-01 5.810039542050201948e-03 5.804813259284856419e-03
2.304999999999993676e+01 6.847819217726791585e-01 6.843304154630804881e-01 2.992636619121861186e-01 2.990663444490773148e-01 5.802494656562029625e-03 5.798668821116390905e-03
2.309999999999993747e+01 6.848300045681126047e-01 6.848743207528421584e-01 2.992894405208695874e-01 2.993088079055420403e-01 5.794568064295646005e-03 5.794943037861424381e-03
2.314999999999993463e+01 6.848050111193628720e-01 6.853894089398587797e-01 2.992764024445346838e-01 2.995317984689133128e-01 5.785914015360759180e-03 5.790851589539175795e-03
2.319999999999993534e+01 6.847234160623594246e-01 6.856427806971765460e-01 2.992341744675717230e-01 2.996359502957101073e-01 5.776721514817997546e-03 5.784477804936499074e-03
2.324999999999993605e+01 6.846276092783526446e-01 6.856570862511851550e-01 2.991887458378276188e-01 2.996386370198313998e-01 5.767493895668977626e-03 5.776166496767845722e-03
2.329999999999993321e+01 6.845402261318445092e-01 6.854347996483178829e-01 2.991542766904117245e-01 2.995452186439316877e-01 5.758503882394846313e-03 5.766029232799466109e-03
2.334999999999993392e+01 6.844742028175595516e-01 6.850496433969631704e-01 2.991327087296713483e-01 2.993841909601504536e-01 5.749787769912002335e-03 5.754621642674695274e-03
2.339999999999993463e+01 6.844540956543683219e-01 6.847135902832590659e-01 2.991272376907235797e-01 2.992406447285782534e-01 5.741405713833476476e-03 5.743582432410341589e-03
2.344999999999993534e+01 6.844907334021654854e-01 6.844619284167168249e-01 2.991395618052868910e-01 2.991269733065615721e-01 5.733388822334210995e-03 5.733147547801861234e-03
2.349999999999993605e+01 6.845659445348195593e-01 6.842585849465026016e-01 2.991662950517768316e-01 2.990319739830478163e-01 5.725670718694304134e-03 5.723099980536811189e-03
2.354999999999993321e+01 6.846589576328189208e-01 6.843178286687205958e-01 2.992051572165791429e-01 2.990560792790216693e-01 5.718206540211747714e-03 5.715357463526463642e-03
2.359999999999993392e+01 6.847532538891952791e-01 6.846909030124835871e-01 2.992505542464798385e-01 2.992233056948186976e-01 5.710888439818328360e-03 5.710368429290443859e-03
2.364999999999993463e+01 6.848189303074688761e-01 6.849674368671408997e-01 2.992846708386979193e-01 2.993495722817828275e-01 5.703376290399208605e-03 5.704613097318406677e-03
2.369999999999993179e+01 6.848267417319551242e-01 6.849828625796933190e-01 2.992893407992813781e-01 2.993575701816305612e-01 5.695325229291759404e-03 5.696623600031040097e-03
2.374999999999993250e+01 6.847755001613489156e-01 6.850992432148638178e-01 2.992636900030569702e-01 2.994051736583350776e-01 5.686720950176865283e-03 5.689409475692838725e-03
2.379999999999993321e+01 6.846861309369252080e-01 6.853735481655247597e-01 2.992210447659986450e-01 2.995214593531179137e-01 5.677818686261844501e-03 5.683519152810597233e-03
2.384999999999993392e+01 6.845864786781418188e-01 6.853889453063922721e-01 2.991771420792633807e-01 2.995278350595242944e-01 5.668917898233329609e-03 5.675562957072948986e-03
2.389999999999993463e+01 6.845081056792253760e-01 6.850918739836702187e-01 2.991453057601931587e-01 2.994004255264565151e-01 5.660270686096380462e-03 5.665097928598998925e-03
2.394999999999993179e+01 6.844731647284343357e-01 6.848206002040675422e-01 2.991323198310432696e-01 2.992841580405938284e-01 5.652004153633326949e-03 5.654873085320631133e-03
2.399999999999993250e+01 6.844848386720370215e-01 6.846226171431113450e-01 2.991379100760118703e-01 2.991981228982134589e-01 5.644111510868158807e-03 5.645247601853095078e-03
2.404999999999993321e+01 6.845413681484158186e-01 6.844146382040235954e-01 2.991619719747682371e-01 2.991065877688798835e-01 5.636589203481276976e-03 5.635545695127280874e-03
2.409999999999993037e+01 6.846359702646251932e-01 6.844063723653841524e-01 2.992026378374823548e-01 2.991022979487261146e-01 5.629400523753207153e-03 5.627512661311885774e-03
2.414999999999993108e+01 6.847369997774098715e-01 6.846820666453701243e-01 2.992460980794630077e-01 2.992220910148184476e-01 5.622284604593022310e-03 5.621833555938356673e-03
2.419999999999993179e+01 6.848043068124122223e-01 6.849378985947683907e-01 2.992746382391044957e-01 2.993330208046617313e-01 5.614908784973829045e-03 5.616004142676590989e-03
2.424999999999993250e+01 6.848261087614279097e-01 6.850180264311436229e-01 2.992840582624469725e-01 2.993679305014138592e-01 5.607195470959204509e-03 5.608766847801675490e-03
2.429999999999993321e+01 6.848080259785457313e-01 6.850836331642626842e-01 2.992779382451182801e-01 2.993983853590215238e-01 5.599213063519528633e-03 5.601466517474687490e-03
2.434999999999993037e+01 6.847464878584853532e-01 6.851929813786897805e-01 2.992537907968511046e-01 2.994489212295828873e-01 5.590916222267196430e-03 5.594561816526548263e-03
2.439999999999993108e+01 6.846498710733572857e-01 6.852649546655710244e-01 2.992123726729132294e-01 2.994811825110424985e-01 5.582320385688690177e-03 5.587335494609013166e-03
2.444999999999993179e+01 6.845569959124606640e-01 6.852538468960492901e-01 2.991690605892332044e-01 2.994736024394746288e-01 5.573713285314090167e-03 5.579387097149049110e-03
2.449999999999992895e+01 6.845029713391905801e-01 6.850549617875321129e-01 2.991416127897672528e-01 2.993828437557021216e-01 5.565425354228239335e-03 5.569913372199120603e-03
2.454999999999992966e+01 6.844954870456672058e-01 6.846589362376336307e-01 2.991378607370360765e-01 2.992092912176591568e-01 5.557600756842297381e-03 5.558927844266785788e-03
2.459999999999993037e+01 6.845347266805309472e-01 6.843886447646861937e-01 2.991592658966089058e-01 2.990954243455501427e-01 5.550264673406484286e-03 5.549080229045467993e-03
2.464999999999993108e+01 6.846162750646092032e-01 6.844526350402282411e-01 2.991998948489309473e-01 2.991283787604721578e-01 5.543305138470245794e-03 5.541980153042570106e-03
2.469999999999993179e+01 6.847120376513362583e-01 6.845943894857722256e-01 2.992420530912671683e-01 2.991906369094711193e-01 5.536393211679329143e-03 5.535441940970798995e-03
2.474999999999992895e+01 6.847853552479872263e-01 6.846649904394083164e-01 2.992691161375097275e-01 2.992165135670817877e-01 5.529221545265779539e-03 5.528249673294824244e-03
2.479999999999992966e+01 6.848206192633994327e-01 6.848932178203960275e-01 2.992796549333407441e-01 2.993113818855899222e-01 5.521764851168659179e-03 5.522350219291337348e-03
2.484999999999993037e+01 6.848174313315817940e-01 6.852391527876833255e-01 2.992791348483684333e-01 2.994634356952140530e-01 5.514125008721676956e-03 5.517520694522610146e-03
2.489999999999992752e+01 6.847763342563061295e-01 6.853345659822762670e-01 2.992672779114360360e-01 2.995112414959198999e-01 5.506297661663966947e-03 5.510786412068454168e-03
2.494999999999992824e+01 6.847058607008520426e-01 6.852033113249481611e-01 2.992415108003780855e-01 2.994589149221286162e-01 5.498236303176457125e-03 5.502230866736412124e-03
2.499999999999992895e+01 6.846245998860902571e-01 6.851480925642468023e-01 2.992048036761130181e-01 2.994335882158736251e-01 5.489996397726855382e-03 5.494194279190352248e-03
2.504999999999992966e+01 6.845543228370143396e-01 6.850827124001632740e-01 2.991683562678161268e-01 2.993992764910954341e-01 5.481783898631547268e-03 5.486015144133687960e-03
2.509999999999993037e+01 6.845213573316508704e-01 6.848143799946091459e-01 2.991502214036980689e-01 2.992782784665806162e-01 5.473929028429984703e-03 5.476272250074678757e-03
2.514999999999992752e+01 6.845446339499017263e-01 6.845666454475876073e-01 2.991627951668361929e-01 2.991724147312107007e-01 5.466656832651197416e-03 5.466832612721996866e-03
2.519999999999992824e+01 6.846113797374437926e-01 6.845496075625689958e-01 2.991978840230372638e-01 2.991708875334067042e-01 5.459815401880252841e-03 5.459322765208162419e-03
2.524999999999992895e+01 6.846890702264528672e-01 6.845976692590575174e-01 2.992351966459669832e-01 2.991952509426667461e-01 5.453033196281868722e-03 5.452305256358402560e-03
2.529999999999992610e+01 6.847593456401174228e-01 6.846317791162626065e-01 2.992639125426810320e-01 2.992081614860779837e-01 5.446113058101576324e-03 5.445098480183413643e-03
2.534999999999992681e+01 6.848126244226024895e-01 6.848121622769379746e-01 2.992829027356620486e-01 2.992827007646541304e-01 5.439035033814858949e-03 5.439031363283139235e-03
2.539999999999992752e+01 6.848289005926576634e-01 6.851035786482122525e-01 2.992883858530528407e-01 2.994084274456390027e-01 5.431731140708773165e-03 5.433909754004348329e-03
2.544999999999992824e+01 6.847986057429072959e-01 6.852857344328084910e-01 2.992776366554565914e-01 2.994905265793526006e-01 5.424152907212635537e-03 5.428011356218453987e-03
2.549999999999992895e+01 6.847400709514317452e-01 6.852829814368445183e-01 2.992557729365523667e-01 2.994930441345440286e-01 5.416394080299600892e-03 5.420688581620716762e-03
2.554999999999992610e+01 6.846732111634239448e-01 6.851159040093843799e-01 2.992281080883953948e-01 2.994215816179583989e-01 5.408551434042403738e-03 5.412048470274903253e-03
2.559999999999992681e+01 6.846066567408626291e-01 6.848575835806789414e-01 2.991980260428938054e-01 2.993076902046646337e-01 5.400686390665964016e-03 5.402665888170852040e-03
2.564999999999992752e+01 6.845601462990644759e-01 6.847277879795641287e-01 2.991762375660342865e-01 2.992495027239642225e-01 5.392992114755022423e-03 5.394312802595129311e-03
2.569999999999992468e+01 6.845593225189301467e-01 6.847935017686785919e-01 2.991755713453466692e-01 2.992779155959266468e-01 5.385698854101661319e-03 5.387541234850175796e-03
2.574999999999992539e+01 6.846034151813670254e-01 6.847872789486925127e-01 2.991954875572082617e-01 2.992758424141797047e-01 5.378795281927350840e-03 5.380239863625713680e-03
2.579999999999992610e+01 6.846699195518676229e-01 6.846305273968618099e-01 2.992253944485525619e-01 2.992081786591872516e-01 5.372089666939913050e-03 5.371780586340894718e-03
2.584999999999992681e+01 6.847417286242221124e-01 6.846291721156704257e-01 2.992578570220651990e-01 2.992086655997595601e-01 5.365447907163886296e-03 5.364565945311701271e-03
2.589999999999992752e+01 6.848044350550289705e-01 6.848540416874607795e-01 2.992867815181342594e-01 2.993084615899949119e-01 5.358760635955860628e-03 5.359148819874583365e-03
2.594999999999992468e+01 6.848370732957750340e-01 6.850279679463253668e-01 2.993021127098605128e-01 2.993855415638794204e-01 5.351848237994834973e-03 5.353340036904426398e-03
2.599999999999992539e+01 6.848268371085520778e-01 6.851167127936684809e-01 2.992969042466903096e-01 2.994235915937254466e-01 5.344587575833766556e-03 5.346849849887965432e-03
2.604999999999992610e+01 6.847785085171462782e-01 6.852561857316785687e-01 2.992736067665904276e-01 2.994823694264654446e-01 5.337023749738582616e-03 5.340746668327526515e-03
2.609999999999992326e+01 6.847073430696976049e-01 6.852690070328525396e-01 2.992414676926214989e-01 2.994869348259678876e-01 5.329322665941623079e-03 5.333694297880115474e-03
2.614999999999992397e+01 6.846369231416377099e-01 6.850046886421687908e-01 2.992129044080467093e-01 2.993736322038104136e-01 5.321705725354331645e-03 5.324564378902819223e-03
2.619999999999992468e+01 6.845917025851868676e-01 6.847560570621868958e-01 2.991972390711254981e-01 2.992690693395346768e-01 5.314338171778438744e-03 5.315614020240414135e-03
2.624999999999992539e+01 6.845793911308717394e-01 6.847366949634380306e-01 2.991938027578078252e-01 2.992625520255532967e-01 5.307207144262676875e-03 5.308426643468804919e-03
2.629999999999992610e+01 6.845960775370351081e-01 6.847233230783186242e-01 2.991986230047849471e-01 2.992542349078979314e-01 5.300241328694163707e-03 5.301226481982258820e-03
2.634999999999992326e+01 6.846441625341000980e-01 6.845925222501183516e-01 2.992153253780817090e-01 2.991927566259915405e-01 5.293504208369435513e-03 5.293104938098047892e-03
2.639999999999992397e+01 6.847192090974079104e-01 6.845512573193162087e-01 2.992470000863313162e-01 2.991735990993495964e-01 5.287049471489962786e-03 5.285752634264137204e-03
2.644999999999992468e+01 6.847925739412960011e-01 6.846892254933147903e-01 2.992829822595471922e-01 2.992378146673437822e-01 5.280687821077155973e-03 5.279890863120324969e-03
2.649999999999992184e+01 6.848350825441854584e-01 6.848931191014376862e-01 2.993067775829336696e-01 2.993321424267857411e-01 5.274128239346859495e-03 5.274575196947776760e-03
2.654999999999992255e+01 6.848402516698673947e-01 6.851128184794434972e-01 2.993101354309279927e-01 2.994292610350222095e-01 5.267226316426372804e-03 5.269322675495342716e-03
2.659999999999992326e+01 6.848091181625733936e-01 6.852987318995038546e-01 2.992924728706223281e-01 2.995064561576301632e-01 5.259973161170877244e-03 5.263733851627956997e-03
2.664999999999992397e+01 6.847441278081772831e-01 6.853510394817560192e-01 2.992594640720429577e-01 2.995247077664366930e-01 5.252469751154779064e-03 5.257125191161690289e-03
2.669999999999992468e+01 6.846680725112127552e-01 6.852984277101328292e-01 2.992262346246820082e-01 2.995017240482754639e-01 5.244982202010212841e-03 5.249811113904927218e-03
2.674999999999992184e+01 6.846137767764426396e-01 6.851782708457316851e-01 2.992071732144465646e-01 2.994538826446359048e-01 5.237762331981569812e-03 5.242081096623833932e-03
2.679999999999992255e+01 6.845919029159125424e-01 6.848852333690960137e-01 2.992019774466797566e-01 2.993301779866861523e-01 5.230803801515391399e-03 5.233045069697321236e-03
2.684999999999992326e+01 6.845967549916529560e-01 6.844951853924488017e-01 2.992037956707305213e-01 2.991594045610954655e-01 5.223985956712895971e-03 5.223210904602288741e-03
2.689999999999992042e+01 6.846302460166084902e-01 6.843288966666672968e-01 2.992143293281157579e-01 2.990826260559323879e-01 5.217337913306301089e-03 5.215041430792205848e-03
2.694999999999992113e+01 6.846919301244299705e-01 6.844295901270825988e-01 2.992381041577860668e-01 2.991234509539185682e-01 5.210937817288405043e-03 5.208941244299855437e-03
2.699999999999992184e+01 6.847623939053379960e-01 6.845480010868527643e-01 2.992698363692527508e-01 2.991761377311881187e-01 5.204692806421796873e-03 5.203063264890238175e-03
2.704999999999992255e+01 6.848162662395763656e-01 6.846900776503616060e-01 2.992969825391654792e-01 2.992418321786312063e-01 5.198384412317257064e-03 5.197426525030512771e-03
2.709999999999992326e+01 6.848371770066367104e-01 6.850023047390465525e-01 2.993084956481725234e-01 2.993806648218634292e-01 5.191821260159117449e-03 5.193073110526695742e-03
2.714999999999992042e+01 6.848183256100820460e-01 6.853004401538603796e-01 2.992994905824960528e-01 2.995101984913808302e-01 5.184919715591107710e-03 5.188569917563992315e-03
2.719999999999992113e+01 6.847668599491933961e-01 6.853767245966547739e-01 2.992746615405690314e-01 2.995412004848866383e-01 5.177762310390478760e-03 5.182373710811198630e-03
2.724999999999992184e+01 6.847026762800164645e-01 6.853810535247313318e-01 2.992453060354952621e-01 2.995417868486054402e-01 5.170545244673794595e-03 5.175668023302048247e-03
2.729999999999991900e+01 6.846428288644561544e-01 6.853804119006757789e-01 2.992196400374909082e-01 2.995419969238712898e-01 5.163410526962753169e-03 5.168973199721690025e-03
2.734999999999991971e+01 6.845995920118840283e-01 6.851326674965667607e-01 2.992018909797120596e-01 2.994348697820851113e-01 5.156430693316891786e-03 5.160445838553824952e-03
2.739999999999992042e+01 6.845895425741168605e-01 6.846467302055453397e-01 2.991982544918212472e-01 2.992232482120548154e-01 5.149711781270599822e-03 5.150141965784086825e-03
2.744999999999992113e+01 6.846199676087600938e-01 6.843062977415921289e-01 2.992119619955138088e-01 2.990748731275072458e-01 5.143308328242620665e-03 5.140951837172460202e-03
2.749999999999992184e+01 6.846745218515796205e-01 6.842907507386101207e-01 2.992360774246939359e-01 2.990683507767629701e-01 5.137100041625657261e-03 5.134220614193365541e-03
2.754999999999991900e+01 6.847329525090202207e-01 6.844551692771175810e-01 2.992612452447980242e-01 2.991398406072927063e-01 5.130925765020122493e-03 5.128844245302929469e-03
2.759999999999991971e+01 6.847867271361508523e-01 6.846860830633334505e-01 2.992833738714508751e-01 2.992393877711376771e-01 5.124715306018004513e-03 5.123962119368805773e-03
2.764999999999992042e+01 6.848224069395488778e-01 6.849261067938159364e-01 2.992976633797864716e-01 2.993429847999976579e-01 5.118386718765063036e-03 5.119161775117541877e-03
2.769999999999991758e+01 6.848207106037056402e-01 6.851002841114078867e-01 2.992975138920086486e-01 2.994197001146355896e-01 5.111827735132523642e-03 5.113914604861421152e-03
2.774999999999991829e+01 6.847827715553680417e-01 6.852412131329788103e-01 2.992835838141175708e-01 2.994839452192462614e-01 5.105050470176856516e-03 5.108468148729158886e-03
2.779999999999991900e+01 6.847278494480494304e-01 6.853703623923490529e-01 2.992618057708973378e-01 2.995426174599461477e-01 5.098156827442895840e-03 5.102940672230779975e-03
2.784999999999991971e+01 6.846674579882524592e-01 6.853316693260209647e-01 2.992344996093236897e-01 2.995247937440500552e-01 5.091186722404496615e-03 5.096125797431742127e-03
2.789999999999992042e+01 6.846108779634142438e-01 6.850788739812798678e-01 2.992062099065100345e-01 2.994107455328989253e-01 5.084217670458974180e-03 5.087693212113841151e-03
2.794999999999991758e+01 6.845814115565557190e-01 6.848159259161160639e-01 2.991909072173548623e-01 2.992933998687881125e-01 5.077486758037428813e-03 5.079226132690517481e-03
2.799999999999991829e+01 6.845966620474692732e-01 6.846210544736718306e-01 2.991993494626159489e-01 2.992100100434458287e-01 5.071175414620620638e-03 5.071356102431296038e-03
2.804999999999991900e+01 6.846469357960480728e-01 6.844183505322891659e-01 2.992258798344492599e-01 2.991259763322362542e-01 5.065186285813793807e-03 5.063495155856739295e-03
2.809999999999991616e+01 6.847100005246344878e-01 6.843513681206047083e-01 2.992560308458249718e-01 2.990992887072839723e-01 5.059273556142444145e-03 5.056623646784185779e-03
2.814999999999991687e+01 6.847686022248564708e-01 6.845793381296030322e-01 2.992793883661009069e-01 2.991966701420423203e-01 5.053261095248653446e-03 5.051864417763493598e-03
2.819999999999991758e+01 6.848084354579788702e-01 6.848749766538324568e-01 2.992921182308185823e-01 2.993211997292719584e-01 5.047084624465753705e-03 5.047575037593129456e-03
2.824999999999991829e+01 6.848197288457451570e-01 6.850077132333615149e-01 2.992951724851886652e-01 2.993773296096788883e-01 5.040760799750556610e-03 5.042144498689339095e-03
2.829999999999991900e+01 6.848014048718671365e-01 6.851312056344476265e-01 2.992903254249767997e-01 2.994344638231399847e-01 5.034320023969343118e-03 5.036744555477554695e-03
2.834999999999991616e+01 6.847551214603602165e-01 6.853217180463685443e-01 2.992750464458229231e-01 2.995226798176362504e-01 5.027720225885317674e-03 5.031880383328632585e-03
2.839999999999991687e+01 6.846879985386987721e-01 6.853230809418773273e-01 2.992473226711178658e-01 2.995248895471728234e-01 5.020928232736887077e-03 5.025585395086802631e-03
2.844999999999991758e+01 6.846225930156752959e-01 6.850781193639390310e-01 2.992156611557140744e-01 2.994147498490468129e-01 5.014087325608960338e-03 5.017423541668160000e-03
2.849999999999991473e+01 6.845841647096465588e-01 6.848580454418500274e-01 2.991948241164417155e-01 2.993145226162386985e-01 5.007444755086901643e-03 5.009448077259236014e-03
2.854999999999991545e+01 6.845813419848746362e-01 6.847406872465339189e-01 2.991930755267050435e-01 2.992627166284742568e-01 5.001137911018900192e-03 5.002301991282489049e-03
2.859999999999991616e+01 6.846129744159898944e-01 6.845819223200182435e-01 2.992103325723033391e-01 2.991967612432313572e-01 4.995164149788045536e-03 4.994937583359465409e-03
2.864999999999991687e+01 6.846750343209674350e-01 6.844219146694006106e-01 2.992411365011620195e-01 2.991305091109275338e-01 4.989431204687996488e-03 4.987586646284754462e-03
2.869999999999991758e+01 6.847473062846892722e-01 6.844152639939393712e-01 2.992731894142031113e-01 2.991280682075023734e-01 4.983733379087489437e-03 4.981316706203213485e-03
2.874999999999991473e+01 6.847994958608752958e-01 6.845754292796276674e-01 2.992935775784748564e-01 2.991956486385111136e-01 4.977855760140964710e-03 4.976227004382731758e-03
2.879999999999991545e+01 6.848198391159643350e-01 6.848593752802412116e-01 2.993003094276238674e-01 2.993175886966019661e-01 4.971765937335955766e-03 4.972052968382103047e-03
2.884999999999991616e+01 6.848132520107026444e-01 6.851888199701110516e-01 2.992977571336116194e-01 2.994618991790117812e-01 4.965537239877432056e-03 4.968260459212150461e-03
2.889999999999991331e+01 6.847779541564851247e-01 6.853668404911629208e-01 2.992844222588210146e-01 2.995417969382778711e-01 4.959145356401353615e-03 4.963410056972304175e-03
2.894999999999991402e+01 6.847145532669495216e-01 6.853085400738778699e-01 2.992584237740618658e-01 2.995180291157854002e-01 4.952559764568679676e-03 4.956856087973289179e-03
2.899999999999991473e+01 6.846457501422571479e-01 6.851677164224535543e-01 2.992286770099862325e-01 2.994568056143550594e-01 4.945928545619617672e-03 4.949699266352986654e-03
2.904999999999991545e+01 6.845989757851900226e-01 6.850168298437999681e-01 2.992078207893695829e-01 2.993904462485170725e-01 4.939460516539335294e-03 4.942475381733681117e-03
2.909999999999991616e+01 6.845835867445522194e-01 6.847851953055867913e-01 2.992007767445290511e-01 2.992888908028089601e-01 4.933236220025220831e-03 4.934689048686060307e-03
2.914999999999991331e+01 6.845997065715643259e-01 6.845683777653601698e-01 2.992076198988686819e-01 2.991939274922715830e-01 4.927255988454002852e-03 4.927030506253968212e-03
2.919999999999991402e+01 6.846466319539390444e-01 6.845054479145337156e-01 2.992279172200198456e-01 2.991662120949462045e-01 4.921511796381915216e-03 4.920496909456361680e-03
2.924999999999991473e+01 6.847125237505589102e-01 6.844863124902680340e-01 2.992570668811630474e-01 2.991582001072952135e-01 4.915927176692627167e-03 4.914303081844695158e-03
2.929999999999991189e+01 6.847754027905303964e-01 6.844564788708501490e-01 2.992860414309130856e-01 2.991466534256638221e-01 4.910353427906705842e-03 4.908066504112624899e-03
2.934999999999991260e+01 6.848164960796053746e-01 6.846399007953369864e-01 2.993058543506881275e-01 2.992286716269441094e-01 4.904643250318538664e-03 4.903378478114621582e-03
2.939999999999991331e+01 6.848233139606195730e-01 6.850480143376026509e-01 2.993091914011327681e-01 2.994073990508597793e-01 4.898677437007093426e-03 4.900284763516537731e-03
2.944999999999991402e+01 6.847923496453900416e-01 6.853086349151262802e-01 2.992938063984532659e-01 2.995194528789474342e-01 4.892420210845179612e-03 4.896108751597025646e-03
2.949999999999991473e+01 6.847365799140108233e-01 6.852657677529586655e-01 2.992672550930836062e-01 2.994985390592629360e-01 4.885996001519742754e-03 4.889772066273691091e-03
2.954999999999991189e+01 6.846766035913315340e-01 6.851453037108021782e-01 2.992413558883589841e-01 2.994462036347544931e-01 4.879598139231302451e-03 4.882938501993561164e-03
2.959999999999991260e+01 6.846259398665193174e-01 6.850442606126695422e-01 2.992224216563617034e-01 2.994052528045892947e-01 4.873329342937497873e-03 4.876307048934689498e-03
2.964999999999991331e+01 6.845960535567676697e-01 6.848660518899009064e-01 2.992124743097035466e-01 2.993304809340429085e-01 4.867222030251389976e-03 4.869141617471224766e-03
2.969999999999991047e+01 6.845996746060843963e-01 6.846731964072307886e-01 2.992137523744504701e-01 2.992458860940800935e-01 4.861311980088564230e-03 4.861834055143472028e-03
2.974999999999991118e+01 6.846354607660587455e-01 6.845959791805125150e-01 2.992259021594727564e-01 2.992086463879990443e-01 4.855592732810927112e-03 4.855312720292083439e-03
2.979999999999991189e+01 6.846877885921596185e-01 6.846016784852235748e-01 2.992459746651151553e-01 2.992083398433643682e-01 4.850015796841422762e-03 4.849405832145299924e-03
2.984999999999991260e+01 6.847457926527420469e-01 6.846508546686763674e-01 2.992725614492116604e-01 2.992310681914581716e-01 4.844557854297245128e-03 4.843886170642798007e-03
2.989999999999991331e+01 6.847999511786947435e-01 6.847725119653458314e-01 2.993004711181680433e-01 2.992884784632791062e-01 4.839134537076292437e-03 4.838940638048176701e-03
2.994999999999991047e+01 6.848275809169336314e-01 6.849053354487500966e-01 2.993153959797724140e-01 2.993493799037970637e-01 4.833514670646315084e-03 4.834063462314052047e-03
2.999999999999991118e+01 6.848112315606893485e-01 6.849823449451177826e-01 2.993067999190750506e-01 2.993815875352183742e-01 4.827529030952833720e-03 4.828735282826113022e-03
3.004999999999991189e+01 6.847622694278524547e-01 6.850491721034960291e-01 2.992814327805766172e-01 2.994068261436001466e-01 4.821287680718119514e-03 4.823307710730580060e-03
3.009999999999990905e+01 6.847045118820509479e-01 6.850781603930625741e-01 2.992541318117399873e-01 2.994174370898929904e-01 4.815030278547717535e-03 4.817657877552592588e-03
3.014999999999990976e+01 6.846513375463213480e-01 6.849712072951263941e-01 2.992329091724104106e-01 2.993727110689994309e-01 4.808885643590375160e-03 4.811132359485739002e-03
3.019999999999991047e+01 6.846130233231816353e-01 6.848219102702781669e-01 2.992199577644719666e-01 2.993112548058054490e-01 4.802888567648035296e-03 4.804354009724014392e-03
3.024999999999991118e+01 6.846029836328066942e-01 6.847757769452185173e-01 2.992171697056035251e-01 2.992926919091579707e-01 4.797068852995657433e-03 4.798279629806149853e-03
3.029999999999991189e+01 6.846249659891487926e-01 6.847495085908814616e-01 2.992248955213370198e-01 2.992793286034516331e-01 4.791431473520218337e-03 4.792303100135344822e-03
3.034999999999990905e+01 6.846706966704518837e-01 6.846874230429944586e-01 2.992419514989147489e-01 2.992492619218457550e-01 4.785956841246148327e-03 4.786073761245044494e-03
3.039999999999990976e+01 6.847291904658299178e-01 6.847582215379447446e-01 2.992666479055108297e-01 2.992793361795874629e-01 4.780617378682292147e-03 4.780820066766583443e-03
3.044999999999991047e+01 6.847853886798210832e-01 6.849539214282783783e-01 2.992928882693310921e-01 2.993665473366645680e-01 4.775315329387024195e-03 4.776490583752137330e-03
3.049999999999990763e+01 6.848202624271342298e-01 6.849961739398283678e-01 2.993102364661675008e-01 2.993871210435528063e-01 4.769884246472799912e-03 4.771109498702047480e-03
3.054999999999990834e+01 6.848230312475598325e-01 6.848651858482854848e-01 2.993119867292916014e-01 2.993304110180746713e-01 4.764217854823593265e-03 4.764511118473144409e-03
3.059999999999990905e+01 6.847943587484747185e-01 6.848377946267472094e-01 2.992985019701799310e-01 2.993174861997265346e-01 4.758322765821630662e-03 4.758624581871656253e-03
3.064999999999990976e+01 6.847407406302538080e-01 6.849432374067278007e-01 2.992740041493257008e-01 2.993625077500708942e-01 4.752266838417251206e-03 4.753672215165884694e-03
3.069999999999991047e+01 6.846784192895402077e-01 6.849652963952527207e-01 2.992464104283369952e-01 2.993717932967026041e-01 4.746176216151270881e-03 4.748164842136450882e-03
3.074999999999990763e+01 6.846311685702440863e-01 6.848801959076252777e-01 2.992258562158509605e-01 2.993346964522729525e-01 4.740211583617451492e-03 4.741935785382552469e-03
3.079999999999990834e+01 6.846118761677256748e-01 6.848035994876087162e-01 2.992176529400283336e-01 2.993014478664476341e-01 4.734456533861217988e-03 4.735782402950130740e-03
3.084999999999990905e+01 6.846197181434481305e-01 6.847404924481692579e-01 2.992216655043389295e-01 2.992744514344707341e-01 4.728908186556137275e-03 4.729742416980977845e-03
3.089999999999990621e+01 6.846550990361141009e-01 6.847061960229553490e-01 2.992380978063298169e-01 2.992604304599061349e-01 4.723569026145705771e-03 4.723921554221102020e-03
3.094999999999990692e+01 6.847140945193478379e-01 6.847753475734830175e-01 2.992643425812184788e-01 2.992911141273624231e-01 4.718397202699553365e-03 4.718819300392008108e-03
3.099999999999990763e+01 6.847741745925540746e-01 6.848902845776317916e-01 2.992895924727748680e-01 2.993403398744808319e-01 4.713221928705126768e-03 4.714021100385535484e-03
3.104999999999990834e+01 6.848113857922374370e-01 6.849400951455533182e-01 2.993039512023907278e-01 2.993602049662786868e-01 4.707887553321138049e-03 4.708772394278872529e-03
3.109999999999990905e+01 6.848222595667221579e-01 6.849497441222516247e-01 2.993079713852739854e-01 2.993636897022028398e-01 4.702403321056946618e-03 4.703278707025977667e-03
3.114999999999990621e+01 6.848107030982761856e-01 6.849519138687388820e-01 2.993046606563375400e-01 2.993663785026607904e-01 4.696816958122215606e-03 4.697785461006849343e-03
3.119999999999990692e+01 6.847738207372147112e-01 6.849160374759605263e-01 2.992913307002044165e-01 2.993534887963495983e-01 4.691086688090989262e-03 4.692060952920850368e-03
3.124999999999990763e+01 6.847172801351333327e-01 6.849015326361594935e-01 2.992674439112887885e-01 2.993479746304864575e-01 4.685204601350911012e-03 4.686465356250287852e-03
3.129999999999990479e+01 6.846628111291148677e-01 6.849470624183426892e-01 2.992412882944534003e-01 2.993655242257837745e-01 4.679300833376920377e-03 4.681243537541585759e-03
3.134999999999990550e+01 6.846297548164081981e-01 6.849047124014644439e-01 2.992236656573357134e-01 2.993438383724741358e-01 4.673544172703418369e-03 4.675421138187813540e-03
3.139999999999990621e+01 6.846257886002284909e-01 6.847350893451762399e-01 2.992215226974482833e-01 2.992692935174784408e-01 4.668042475779235305e-03 4.668787730381890148e-03
3.144999999999990692e+01 6.846525506148214424e-01 6.846686962846545432e-01 2.992363448947175097e-01 2.992434015707240436e-01 4.662817996022098656e-03 4.662927955913123701e-03
3.149999999999990763e+01 6.847023873563882201e-01 6.847765627049676729e-01 2.992616216927717065e-01 2.992940413768788721e-01 4.657768431015912695e-03 4.658273017538980786e-03
3.154999999999990479e+01 6.847566364757634583e-01 6.848396444109169368e-01 2.992854738691326233e-01 2.993217540128858545e-01 4.652708493884698954e-03 4.653272507001733095e-03
3.159999999999990550e+01 6.847986787705955258e-01 6.848214098523125459e-01 2.993005339356790140e-01 2.993104688626958554e-01 4.647523818877012831e-03 4.647678087930070048e-03
3.164999999999990621e+01 6.848203951923531596e-01 6.849071956637291514e-01 2.993069586039354135e-01 2.993448955364148567e-01 4.642217271871827700e-03 4.642805669428701557e-03
3.169999999999990337e+01 6.848170141914198261e-01 6.850450370458518456e-01 2.993060831127065669e-01 2.994057427677763172e-01 4.636809963016378863e-03 4.638353877115058109e-03
3.174999999999990408e+01 6.847897274969632075e-01 6.850256063895653336e-01 2.992978144918732042e-01 2.994009089662874601e-01 4.631300804516423619e-03 4.632896076847785143e-03
3.179999999999990479e+01 6.847482579948895864e-01 6.849031742120620381e-01 2.992825528792198986e-01 2.993502620269489212e-01 4.625696335072960151e-03 4.626742844311430326e-03
3.184999999999990550e+01 6.847020098106747499e-01 6.848474988661197305e-01 2.992616385220798758e-01 2.993252271964165212e-01 4.620017576566275326e-03 4.620999262005667796e-03
3.189999999999990621e+01 6.846603139956044526e-01 6.848287146179704576e-01 2.992403492236707097e-01 2.993139510668273440e-01 4.614346171529243139e-03 4.615481126705135370e-03
3.194999999999990337e+01 6.846409171640144287e-01 6.847894327582074725e-01 2.992299936741830146e-01 2.992949040807870720e-01 4.608856275305101349e-03 4.609856050531963879e-03
3.199999999999990408e+01 6.846567339573746969e-01 6.847914009188080797e-01 2.992381366329565084e-01 2.992969945811905230e-01 4.603663640507032855e-03 4.604569147402941612e-03
3.204999999999990479e+01 6.846972078857067601e-01 6.848277555248887261e-01 2.992586593106125736e-01 2.993157173955993677e-01 4.598673212610268103e-03 4.599550017604302557e-03
3.209999999999990195e+01 6.847425218731110208e-01 6.848320924604126558e-01 2.992800419712025040e-01 2.993191905391250351e-01 4.593707474615551546e-03 4.594308373585966922e-03
3.214999999999990621e+01 6.847846228348847264e-01 6.848492712381520908e-01 2.992977120857066575e-01 2.993259678591903006e-01 4.588696237419813591e-03 4.589129442072686568e-03
3.219999999999990337e+01 6.848173015346731285e-01 6.849206989963357861e-01 2.993103903849587688e-01 2.993555819047198918e-01 4.583620067150987083e-03 4.584312127177956643e-03
3.224999999999990052e+01 6.848263246749949351e-01 6.849772643148950291e-01 2.993137287093661225e-01 2.993796991675694574e-01 4.578412676242703781e-03 4.579421784589982579e-03
3.229999999999990479e+01 6.848064954906923907e-01 6.849919213251731698e-01 2.993057931045970399e-01 2.993868364749751043e-01 4.573044967220743669e-03 4.574283215813227700e-03
3.234999999999990195e+01 6.847694122983262188e-01 6.849758658120745913e-01 2.992906736721966388e-01 2.993809078592120088e-01 4.567579911059859929e-03 4.568957006626672528e-03
3.239999999999990621e+01 6.847270962985114728e-01 6.848659963062204703e-01 2.992728619290427883e-01 2.993335707910897980e-01 4.562086309893955034e-03 4.563011749864184265e-03
3.244999999999990337e+01 6.846872406379154175e-01 6.847060648520122417e-01 2.992558082157159571e-01 2.992640357027629427e-01 4.556616798107599418e-03 4.556742073890576727e-03
3.249999999999990052e+01 6.846622589972638506e-01 6.847034686111814761e-01 2.992451260836227478e-01 2.992631375570909968e-01 4.551256670473360043e-03 4.551530609233332865e-03
3.254999999999989768e+01 6.846630208027898457e-01 6.848543829896572843e-01 2.992452675405343765e-01 2.993289061000393714e-01 4.546073187095101865e-03 4.547343807064794033e-03
3.259999999999990195e+01 6.846879256225837374e-01 6.849036380495331366e-01 2.992553808878136712e-01 2.993496619494087074e-01 4.541052820755907965e-03 4.542483489368883028e-03
3.264999999999990621e+01 6.847284953134070706e-01 6.848221019242984875e-01 2.992725614443327853e-01 2.993134738503467895e-01 4.536150988167237351e-03 4.536771108000719685e-03
3.269999999999990337e+01 6.847750846701443628e-01 6.848286538722747618e-01 2.992937326428880551e-01 2.993171460625921876e-01 4.531320706175453322e-03 4.531675186413214491e-03
3.274999999999990052e+01 6.848138467949149710e-01 6.849310652706398495e-01 2.993126983933211971e-01 2.993639312625673288e-01 4.526468028632466695e-03 4.527242816825224545e-03
3.279999999999989768e+01 6.848317637671815783e-01 6.849661179689423562e-01 2.993219383863032768e-01 2.993806610715364913e-01 4.521479431817280840e-03 4.522366481443159530e-03
3.284999999999990195e+01 6.848246203233574469e-01 6.849621176336084805e-01 2.993179629128195351e-01 2.993780591967277749e-01 4.516302722185141366e-03 4.517209493726570373e-03
3.289999999999989910e+01 6.847940680671913416e-01 6.850022664361747893e-01 2.993022129674776100e-01 2.993932100065566093e-01 4.510960255726876797e-03 4.512331725795890036e-03
3.294999999999990337e+01 6.847475714723854079e-01 6.849870911971989162e-01 2.992806711705467970e-01 2.993853573746126928e-01 4.505542659699622587e-03 4.507118665782662570e-03
3.299999999999990052e+01 6.847032108640608294e-01 6.848671608130756372e-01 2.992630071895157062e-01 2.993346647398122951e-01 4.500195596834832661e-03 4.501273153982149160e-03
3.304999999999989768e+01 6.846777873023955907e-01 6.847764110915287583e-01 2.992551204197957393e-01 2.992982263514334385e-01 4.495007441529049082e-03 4.495654920787594579e-03
3.309999999999990195e+01 6.846720205238531198e-01 6.847655551072507896e-01 2.992539980610120498e-01 2.992948798222052620e-01 4.489932454028697749e-03 4.490545833791536982e-03
3.314999999999989910e+01 6.846819717928742666e-01 6.847525983684915607e-01 2.992563940837343894e-01 2.992872630933132161e-01 4.484921604851780860e-03 4.485384235193913202e-03
3.319999999999990337e+01 6.847118949689741108e-01 6.847363303243685362e-01 2.992663121767580314e-01 2.992769921119969867e-01 4.480034613424531582e-03 4.480194492694575086e-03
3.324999999999990052e+01 6.847591497574241348e-01 6.847620169144756908e-01 2.992861541444069573e-01 2.992874072863439538e-01 4.475306977860300621e-03 4.475325716431321002e-03
3.329999999999989768e+01 6.848041219863263418e-01 6.848097938053619993e-01 2.993083645101435319e-01 2.993108435005947809e-01 4.470625310084305228e-03 4.470662337574241377e-03
3.334999999999989484e+01 6.848292890095323271e-01 6.848864499597469013e-01 2.993226140542764036e-01 2.993475977477524363e-01 4.465835345830318839e-03 4.466208097691207711e-03
3.339999999999989910e+01 6.848311905157078439e-01 6.850052713093740531e-01 2.993240085039851062e-01 2.994000952267941162e-01 4.460864508256121366e-03 4.461998438551337612e-03
3.344999999999990337e+01 6.848100819681465223e-01 6.850743864919711656e-01 2.993122757804668188e-01 2.994277962592215570e-01 4.455709352891216654e-03 4.457429047401893774e-03
3.349999999999990052e+01 6.847692089314381114e-01 6.850530284407058135e-01 2.992917248970881072e-01 2.994157737435902966e-01 4.450434570960427015e-03 4.452279163473470830e-03
3.354999999999989768e+01 6.847234905009709216e-01 6.850428444111243964e-01 2.992717320151793148e-01 2.994113118589313283e-01 4.445179829412253779e-03 4.447253053975967763e-03
3.359999999999989484e+01 6.846902191584348651e-01 6.850250875526887606e-01 2.992596438637448175e-01 2.994060058148894088e-01 4.440054063260319428e-03 4.442225605562168285e-03
3.364999999999989910e+01 6.846755764574739000e-01 6.848520400919254625e-01 2.992554280267858413e-01 2.993325560890021109e-01 4.435056362012397210e-03 4.436199423327198861e-03
3.369999999999989626e+01 6.846799360513214916e-01 6.846127463851992001e-01 2.992571612311500928e-01 2.992277942412777669e-01 4.430157827256118314e-03 4.429723082772442540e-03
3.374999999999990052e+01 6.847038493921737690e-01 6.845583365312153390e-01 2.992657021536688777e-01 2.992021023819635417e-01 4.425370826671637912e-03 4.424430349456031850e-03
3.379999999999989768e+01 6.847420720414081341e-01 6.846673283042996605e-01 2.992809683358542694e-01 2.992483000087100553e-01 4.420693771578360076e-03 4.420211226125712184e-03
3.384999999999989484e+01 6.847832114394780678e-01 6.847473442829005164e-01 2.992992154160084572e-01 2.992835389046052397e-01 4.416071050033333958e-03 4.415839747762537182e-03
3.389999999999989910e+01 6.848157458660908414e-01 6.848147329370346537e-01 2.993146805681945466e-01 2.993142378439453966e-01 4.411417547062567064e-03 4.411411022018365061e-03
3.394999999999989626e+01 6.848284450848985960e-01 6.849512429579636130e-01 2.993210698219376242e-01 2.993747416444232368e-01 4.406640704040313758e-03 4.407430867050775303e-03
3.399999999999990052e+01 6.848148696007579916e-01 6.850581014724437257e-01 2.993151152977734375e-01 2.994214257459681949e-01 4.401692872026088943e-03 4.403256260970129544e-03
3.404999999999989768e+01 6.847821689086915908e-01 6.850711228955016496e-01 2.993004366021699836e-01 2.994267308579739995e-01 4.396627787031519123e-03 4.398483009298195801e-03
3.409999999999989484e+01 6.847437425870209760e-01 6.850793006842376132e-01 2.992832844057486952e-01 2.994299479284623366e-01 4.391537555476880683e-03 4.393689624775687017e-03
3.414999999999989200e+01 6.847064235997735171e-01 6.850721180642195263e-01 2.992665398496449081e-01 2.994263749457457546e-01 4.386464490284289371e-03 4.388807254609695084e-03
3.419999999999989626e+01 6.846775973411932670e-01 6.849387265097773847e-01 2.992534859045161699e-01 2.993676181826476768e-01 4.381456601823087611e-03 4.383127645426769872e-03
3.424999999999990052e+01 6.846717091307765735e-01 6.847290529305225526e-01 2.992510476872667358e-01 2.992761110744689423e-01 4.376614957034988609e-03 4.376981514800286008e-03
3.429999999999989768e+01 6.846934656281666864e-01 6.845963226426975412e-01 2.992616461668700101e-01 2.992191875029504011e-01 4.371974377894385748e-03 4.371354090620176332e-03
3.434999999999989484e+01 6.847293890647190295e-01 6.845883018822965793e-01 2.992785553458332526e-01 2.992168895712841170e-01 4.367436050285793472e-03 4.366536148431738110e-03
3.439999999999989200e+01 6.847661901645788474e-01 6.846849866812781960e-01 2.992944998832784975e-01 2.992590078331855974e-01 4.362893584304361472e-03 4.362376207480849616e-03
3.444999999999989626e+01 6.847991966739837011e-01 6.848385910890336659e-01 2.993071565954712465e-01 2.993243748258833659e-01 4.358313164841236959e-03 4.358563885342323085e-03
3.449999999999989342e+01 6.848199708985680534e-01 6.849366862994611393e-01 2.993145469968550021e-01 2.993655598452391597e-01 4.353666138136082393e-03 4.354408143203488714e-03
3.454999999999989768e+01 6.848179216957688276e-01 6.849520221110999563e-01 2.993140945699711564e-01 2.993727059805734170e-01 4.348915286160142529e-03 4.349766886750077582e-03
3.459999999999989484e+01 6.847944809439482361e-01 6.850014538323498936e-01 2.993063311633341605e-01 2.993967937730683815e-01 4.344068667102103133e-03 4.345381622250639626e-03
3.464999999999989200e+01 6.847590642917957826e-01 6.850796395659702887e-01 2.992928531921820179e-01 2.994329694658816043e-01 4.339149738197647585e-03 4.341181144847877128e-03
3.469999999999989626e+01 6.847184279971636478e-01 6.850303136919110303e-01 2.992743259416121848e-01 2.994106438458044028e-01 4.334168369900259082e-03 4.336142561126793762e-03
3.474999999999989342e+01 6.846821293110253448e-01 6.848795282806731111e-01 2.992555908325434944e-01 2.993418684535924523e-01 4.329194804087437877e-03 4.330442943270786452e-03
3.479999999999989768e+01 6.846652134623812946e-01 6.847994420494476486e-01 2.992463444350100810e-01 2.993050116685842532e-01 4.324369139234259321e-03 4.325216931626949847e-03
3.484999999999989484e+01 6.846754851834535582e-01 6.847633771998392627e-01 2.992521710264026691e-01 2.992905861256555111e-01 4.319771505253026077e-03 4.320326035736647349e-03
3.489999999999989200e+01 6.847077164303909669e-01 6.846654622663940204e-01 2.992694963536653985e-01 2.992510280611738738e-01 4.315349622980044729e-03 4.315083317392567896e-03
3.494999999999988916e+01 6.847504157047374918e-01 6.846188959912899996e-01 2.992898906766099376e-01 2.992324061979492189e-01 4.310981500563350506e-03 4.310153492228302984e-03
3.499999999999989342e+01 6.847896975958955856e-01 6.847342199226592596e-01 2.993055246778117962e-01 2.992812766872912089e-01 4.306554311910970774e-03 4.306205419961034279e-03
3.504999999999989768e+01 6.848135570691269436e-01 6.848760929872420578e-01 2.993129671159697747e-01 2.993402998272006732e-01 4.302018930879920357e-03 4.302411783358984360e-03
3.509999999999989484e+01 6.848189708413530141e-01 6.849386271271944437e-01 2.993142258203729256e-01 2.993665240628079482e-01 4.297404534391581661e-03 4.298155406501201307e-03
3.514999999999989200e+01 6.848072696969327300e-01 6.850051584449383668e-01 2.993110546536401628e-01 2.993975465652927159e-01 4.292736531425469723e-03 4.293977003446302308e-03
3.519999999999988916e+01 6.847765081403365262e-01 6.850772213089471041e-01 2.993004790124185188e-01 2.994319140052089656e-01 4.287972478687953996e-03 4.289855501507301369e-03
3.524999999999989342e+01 6.847311317540177855e-01 6.850386000631321082e-01 2.992815384226346076e-01 2.994159263368108004e-01 4.283098939858823520e-03 4.285022201600163956e-03
3.529999999999989058e+01 6.846893063605208329e-01 6.849156668341795928e-01 2.992616302585363597e-01 2.993605671102498311e-01 4.278222019421545029e-03 4.279636413298792616e-03
3.534999999999989484e+01 6.846668886750052474e-01 6.848274990619687141e-01 2.992497990331240976e-01 2.993199975878029218e-01 4.273470889441267732e-03 4.274473367908655785e-03
3.539999999999989200e+01 6.846661298325311673e-01 6.847735854434515712e-01 2.992492384540312855e-01 2.992962044252316378e-01 4.268890705478345024e-03 4.269560690802172778e-03
3.544999999999988916e+01 6.846864441397642054e-01 6.847110771713827981e-01 2.992597133306655888e-01 2.992704798268387423e-01 4.264477567946793786e-03 4.264630991476158275e-03
3.549999999999989342e+01 6.847267329561101956e-01 6.846615477170981956e-01 2.992789740010353139e-01 2.992504829687554491e-01 4.260198918164212825e-03 4.259793351868414180e-03
3.554999999999989058e+01 6.847735060249513506e-01 6.846412403416575199e-01 2.992997466108640037e-01 2.992419361302498526e-01 4.255950893862278130e-03 4.255128846501963526e-03
3.559999999999989484e+01 6.848072634411136450e-01 6.846826174042679458e-01 2.993137818641244952e-01 2.992593018977538488e-01 4.251616219660869084e-03 4.250842356502195288e-03
3.564999999999989200e+01 6.848205508514573214e-01 6.848499591733909764e-01 2.993189455493088236e-01 2.993317992347022116e-01 4.247164888957921484e-03 4.247347275412598384e-03
3.569999999999988916e+01 6.848147731787130876e-01 6.850611729432731778e-01 2.993164016930187632e-01 2.994240972244159860e-01 4.242613773111544515e-03 4.244140286667847858e-03
3.574999999999988631e+01 6.847891973865504189e-01 6.851212480663866344e-01 2.993055523501537696e-01 2.994506840381475632e-01 4.237954723542010534e-03 4.240009685495905144e-03
3.579999999999989058e+01 6.847479285306126151e-01 6.850344366629280701e-01 2.992879122303759853e-01 2.994131384883680358e-01 4.233209508209005191e-03 4.234980742409741490e-03
3.584999999999989484e+01 6.847057880366823612e-01 6.849643205725209905e-01 2.992700908819666550e-01 2.993830898617448888e-01 4.228471789218896104e-03 4.230068383775988441e-03
3.589999999999989200e+01 6.846769360892693834e-01 6.849094972391069902e-01 2.992582514414563466e-01 2.993598991520556307e-01 4.223828531283797122e-03 4.225263220212509621e-03
3.594999999999988916e+01 6.846674647281305592e-01 6.847884964375750005e-01 2.992544205866825013e-01 2.993073211200776296e-01 4.219308009681821056e-03 4.220053875503395127e-03
3.599999999999988631e+01 6.846793724079119903e-01 6.846926828137124277e-01 2.992589110071279812e-01 2.992647287047327520e-01 4.214914239537024057e-03 4.214996178939908397e-03
3.604999999999989058e+01 6.847100408912788483e-01 6.847018567831629765e-01 2.992711489998065577e-01 2.992675719127286804e-01 4.210638747798906185e-03 4.210588419454511407e-03
3.609999999999988773e+01 6.847504229314964608e-01 6.847086039070267027e-01 2.992886513656435321e-01 2.992703732324495380e-01 4.206446259531190779e-03 4.206189363773017720e-03
3.614999999999989200e+01 6.847900288422152926e-01 6.846846043106139534e-01 2.993075192097762738e-01 2.992614403334953321e-01 4.202281771987040684e-03 4.201634823917108248e-03
3.619999999999988916e+01 6.848179319209319882e-01 6.847690306051762432e-01 2.993217144717277289e-01 2.993003405780405579e-01 4.198060511524942182e-03 4.197760737419933309e-03
3.624999999999988631e+01 6.848219297796455107e-01 6.849487921651535860e-01 2.993238019168915631e-01 2.993792512678823403e-01 4.193678485700767095e-03 4.194455359269814998e-03
3.629999999999989058e+01 6.847991571202339811e-01 6.850378860167292139e-01 2.993120134845576041e-01 2.994163571099023313e-01 4.189111455347211896e-03 4.190571827990245517e-03
3.634999999999988773e+01 6.847621662692540134e-01 6.849981882801973176e-01 2.992937925646050878e-01 2.993969523568126290e-01 4.184464069410776324e-03 4.185906359410182694e-03
3.639999999999989200e+01 6.847247975888979266e-01 6.849359723490808793e-01 2.992776228231368574e-01 2.993699225038995992e-01 4.179855067362256080e-03 4.181144169048886354e-03
3.644999999999988916e+01 6.846929639435890280e-01 6.848777891597243039e-01 2.992662045913505597e-01 2.993469881598379567e-01 4.175322003367299903e-03 4.176449084894853780e-03
3.649999999999988631e+01 6.846741314288949942e-01 6.848104093379134838e-01 2.992602794949971168e-01 2.993198444227047617e-01 4.170874975540039137e-03 4.171705148748508681e-03
3.654999999999988347e+01 6.846776272405125097e-01 6.847708296836380049e-01 2.992614867209620888e-01 2.993022239972890075e-01 4.166536536316920759e-03 4.167103710369505533e-03
3.659999999999988773e+01 6.847014865349295709e-01 6.847635848965880623e-01 2.992693633005958365e-01 2.992965052559165562e-01 4.162299906823317339e-03 4.162677402724856979e-03
3.664999999999989200e+01 6.847353352560353601e-01 6.847740447056183122e-01 2.992822153910650318e-01 2.992991344095985440e-01 4.158141235026963783e-03 4.158376303016314383e-03
3.669999999999988916e+01 6.847730653831159975e-01 6.848327944521437338e-01 2.992995161491230904e-01 2.993256224350793193e-01 4.154052965289711970e-03 4.154415300972657231e-03
3.674999999999988631e+01 6.848076594935060823e-01 6.849050890028097749e-01 2.993173077584408981e-01 2.993598924725817678e-01 4.149980003583245841e-03 4.150570432895424496e-03
3.679999999999988347e+01 6.848241008601109181e-01 6.848923499449035557e-01 2.993261793466575060e-01 2.993560099816617859e-01 4.145791957709948038e-03 4.146205124399757885e-03
3.684999999999988773e+01 6.848130318976445308e-01 6.848376421950229664e-01 2.993204120566044235e-01 2.993311688091909728e-01 4.141410059586373045e-03 4.141558890476536303e-03
3.689999999999988489e+01 6.847815669097806479e-01 6.848584267246921042e-01 2.993043528324700331e-01 2.993379467232412106e-01 4.136894994229036240e-03 4.137359318911429558e-03
3.694999999999988916e+01 6.847428674221732736e-01 6.848942495003372821e-01 2.992862860644087686e-01 2.993524518941033108e-01 4.132361561124051064e-03 4.133275138337645649e-03
3.699999999999988631e+01 6.847069526882764157e-01 6.848386909638770614e-01 2.992716145689964247e-01 2.993291947151958121e-01 4.127884338882718829e-03 4.128678547795814127e-03
3.704999999999988347e+01 6.846830294056289734e-01 6.847790138520278846e-01 2.992630204526246507e-01 2.993049735814625745e-01 4.123500109578028504e-03 4.124078175424916552e-03
3.709999999999988773e+01 6.846779203575230621e-01 6.848028996855612949e-01 2.992615450289979329e-01 2.993161714536179963e-01 4.119222918499637100e-03 4.119974830744923579e-03
3.714999999999988489e+01 6.846922704770112000e-01 6.848216399238625796e-01 2.992670188414933152e-01 2.993235639645475121e-01 4.115050104386305460e-03 4.115827624125792568e-03
3.719999999999988916e+01 6.847231421074096991e-01 6.848094038358769620e-01 2.992793080161940678e-01 2.993170113576124614e-01 4.110979505716960344e-03 4.111497408758421623e-03
3.724999999999988631e+01 6.847635214521246017e-01 6.848748358940531800e-01 2.992965268841445425e-01 2.993451802145535856e-01 4.106984931514857592e-03 4.107652558690281369e-03
3.729999999999988347e+01 6.847996021097630948e-01 6.849772231572859305e-01 2.993126849734855099e-01 2.993903197041104525e-01 4.102984029794191044e-03 4.104048248171504078e-03
3.734999999999988773e+01 6.848192290238904745e-01 6.849545555611052938e-01 2.993217916536973222e-01 2.993809403747914599e-01 4.098894784713426678e-03 4.099704763776680812e-03
3.739999999999988489e+01 6.848199597998853028e-01 6.848392868354092888e-01 2.993224100233995433e-01 2.993308575208313282e-01 4.094697811537623133e-03 4.094813372378003531e-03
3.744999999999988205e+01 6.848023673464848082e-01 6.847922702871038769e-01 2.993149137870410037e-01 2.993105005422828091e-01 4.090398548507573860e-03 4.090338237680677010e-03
3.749999999999988631e+01 6.847673167522443372e-01 6.848227629062857424e-01 2.992996703429253724e-01 2.993239048751823450e-01 4.086002325500697613e-03 4.086333172357447911e-03
3.754999999999988347e+01 6.847256465518192226e-01 6.848449694048177605e-01 2.992810680189285089e-01 2.993332218575707193e-01 4.081569287677179990e-03 4.082280557212021078e-03
3.759999999999988063e+01 6.846948636321715798e-01 6.848394766486527452e-01 2.992667467558168815e-01 2.993299542797513979e-01 4.077203634275444397e-03 4.078064772203707396e-03
3.764999999999988489e+01 6.846829365575151094e-01 6.848092872622174587e-01 2.992609971488479070e-01 2.993162224741200417e-01 4.072963554254489284e-03 4.073715174877451384e-03
3.769999999999988205e+01 6.846889645593012830e-01 6.847706748486676043e-01 2.992642984410351925e-01 2.993000124275142504e-01 4.068855179347870450e-03 4.069340753603194888e-03
3.774999999999988631e+01 6.847136748005658857e-01 6.847916642327411818e-01 2.992766193516773754e-01 2.993107071966636390e-01 4.064877682195966978e-03 4.065340674997138665e-03
3.779999999999988347e+01 6.847529593204089160e-01 6.848708064616267910e-01 2.992945827458581842e-01 2.993460918492194534e-01 4.060984840513690020e-03 4.061683742865945801e-03
3.784999999999988063e+01 6.847908578586192618e-01 6.849091528259310113e-01 2.993100930705097085e-01 2.993617977293402399e-01 4.057066663104173798e-03 4.057767505650165286e-03
3.789999999999988489e+01 6.848135140477313865e-01 6.848998776721495485e-01 2.993179771748508688e-01 2.993557249482695637e-01 4.053053177723108837e-03 4.053564318866218971e-03
3.794999999999988205e+01 6.848197252994426831e-01 6.849146959751544195e-01 2.993199171119204083e-01 2.993614267439183019e-01 4.048967427959703803e-03 4.049528938030693206e-03
3.799999999999988631e+01 6.848111183734446605e-01 6.849124189708369892e-01 2.993177102868279649e-01 2.993619868209680401e-01 4.044833922794982203e-03 4.045432254337415559e-03
3.804999999999988347e+01 6.847867856954386045e-01 6.848414428277268540e-01 2.993094784974541511e-01 2.993333682659238271e-01 4.040627451872492309e-03 4.040949959715485311e-03
3.809999999999988063e+01 6.847515981668942375e-01 6.848032471848918279e-01 2.992947661040055163e-01 2.993173411236220716e-01 4.036342091760030185e-03 4.036646542462883278e-03
3.814999999999988489e+01 6.847172996359561781e-01 6.848469514939906633e-01 2.992779075256852828e-01 2.993345760760490748e-01 4.032036477274314815e-03 4.032799947134385783e-03
3.819999999999988205e+01 6.846951613541406578e-01 6.848455656905815259e-01 2.992658383203881112e-01 2.993315768889840411e-01 4.027804015079257567e-03 4.028688787200332584e-03
3.824999999999987921e+01 6.846931694575700833e-01 6.847750748783275609e-01 2.992647122949574356e-01 2.993005113992449617e-01 4.023727224133891514e-03 4.024208556628513719e-03
3.829999999999988347e+01 6.847128806684186220e-01 6.847807520109602253e-01 2.992755648973599580e-01 2.993052302285563737e-01 4.019819541939028372e-03 4.020218001726757508e-03
3.834999999999988063e+01 6.847454326419786241e-01 6.848650038629443548e-01 2.992921644917412305e-01 2.993444273150150936e-01 4.015996839875772204e-03 4.016698118953583932e-03
3.839999999999987779e+01 6.847785162894673983e-01 6.848871988564353419e-01 2.993066857850799067e-01 2.993541893473967708e-01 4.012153964947461418e-03 4.012790741922218560e-03
3.844999999999988205e+01 6.848051604242809676e-01 6.848631834470599866e-01 2.993162148696848490e-01 2.993415757059594284e-01 4.008251956741687612e-03 4.008591572895348065e-03
3.849999999999987921e+01 6.848198526148963072e-01 6.849006887768299690e-01 2.993207875323702361e-01 2.993561193697267253e-01 4.004291472004962993e-03 4.004764138725451332e-03
3.854999999999988347e+01 6.848165157630242694e-01 6.849487526670360316e-01 2.993197340310177479e-01 2.993775321623811658e-01 4.000263735797105966e-03 4.001036179918234306e-03
3.859999999999988063e+01 6.847970364208861849e-01 6.849096026121924696e-01 2.993133353251440365e-01 2.993625361253414718e-01 3.996172701270290194e-03 3.996829587788280208e-03
3.864999999999987779e+01 6.847701893711800603e-01 6.848240726638261666e-01 2.993031873250303621e-01 2.993267389361882191e-01 3.992039844281841665e-03 3.992353970472676747e-03
3.869999999999988205e+01 6.847410579973520761e-01 6.847652474225761621e-01 2.992901255233442193e-01 2.993006983611010696e-01 3.987876422696134612e-03 3.988017299948058529e-03
3.874999999999987921e+01 6.847145181799376701e-01 6.847493437400229421e-01 2.992770504692190414e-01 2.992922721282119669e-01 3.983721137693441681e-03 3.983923755450418693e-03
3.879999999999988347e+01 6.847028490436083414e-01 6.847926362268361711e-01 2.992710876406212694e-01 2.993103319756175162e-01 3.979668718625292527e-03 3.980190584782157363e-03
3.884999999999988063e+01 6.847139324422651940e-01 6.848691593336253547e-01 2.992764528346979480e-01 2.993442997868771549e-01 3.975774863297225868e-03 3.976676184481937708e-03
3.889999999999987779e+01 6.847399855089678633e-01 6.848953436425585517e-01 2.992889893357044695e-01 2.993568939122903672e-01 3.971983932789717106e-03 3.972885121596430626e-03
3.894999999999988205e+01 6.847694626331105594e-01 6.848779933660557040e-01 2.993025675719496181e-01 2.993500047443171663e-01 3.968214352959235046e-03 3.968843284644585356e-03
3.899999999999987921e+01 6.847977437860405248e-01 6.848984309948937810e-01 2.993149240603667494e-01 2.993589329440776714e-01 3.964436080269768264e-03 3.965018979391767180e-03
3.904999999999987637e+01 6.848191215128263121e-01 6.849315636233458404e-01 2.993240269335039061e-01 2.993731736705915747e-01 3.960622255157190096e-03 3.961272559319778917e-03
3.909999999999988063e+01 6.848241484575406934e-01 6.849128573990338475e-01 2.993260645613897708e-01 2.993648378704332202e-01 3.956722598299940163e-03 3.957235133779694707e-03
3.914999999999987779e+01 6.848104695184223933e-01 6.848895803302154084e-01 2.993199237858268358e-01 2.993545018818264403e-01 3.952722664718752790e-03 3.953179291935650375e-03
3.919999999999987494e+01 6.847847454466982065e-01 6.848825702989167485e-01 2.993085593088371521e-01 2.993513170013483160e-01 3.948661732306568695e-03 3.949225817959750064e-03
3.924999999999987921e+01 6.847549652505129369e-01 6.848086220817929393e-01 2.992958793299484999e-01 2.993193319068774283e-01 3.944591490345294646e-03 3.944900585263633012e-03
3.929999999999987637e+01 6.847291514125528611e-01 6.847061863910430812e-01 2.992855541255712293e-01 2.992755164352320918e-01 3.940560291317602923e-03 3.940428129496152676e-03
3.934999999999988063e+01 6.847152702876775354e-01 6.847323218564955738e-01 2.992803701240531744e-01 2.992878231487606788e-01 3.936604671148357174e-03 3.936702705014947720e-03
3.939999999999987779e+01 6.847164051496680282e-01 6.848541188083250297e-01 2.992806704136434792e-01 2.993408632698070226e-01 3.932728914765363203e-03 3.933519885279995916e-03
3.944999999999987494e+01 6.847315115414407405e-01 6.848932261885687378e-01 2.992859987149449896e-01 2.993566817912409750e-01 3.928926796389179549e-03 3.929854700246034754e-03
3.949999999999987921e+01 6.847588399410559079e-01 6.848544170360357786e-01 2.992969651198597036e-01 2.993387403154379456e-01 3.925206099932595713e-03 3.925753971350015754e-03
3.954999999999987637e+01 6.847915698142995611e-01 6.848658185075207072e-01 2.993119505864771934e-01 2.993444035578280982e-01 3.921545372898498777e-03 3.921970567413413447e-03
3.959999999999988063e+01 6.848171877417094100e-01 6.849125378711221623e-01 2.993251218067755071e-01 2.993667981688932223e-01 3.917868086476128039e-03 3.918413588598087735e-03
3.964999999999987779e+01 6.848276510984711019e-01 6.849194693096082309e-01 2.993309959955559041e-01 2.993711287742866212e-01 3.914102595561380626e-03 3.914627378545763696e-03
3.969999999999987494e+01 6.848221992418374038e-01 6.849147697366362308e-01 2.993277882397656908e-01 2.993682497223155714e-01 3.910225842452859889e-03 3.910754405255601439e-03
3.974999999999987921e+01 6.848010139495693815e-01 6.849221154514808507e-01 2.993164099285097191e-01 2.993693416065457136e-01 3.906250048006661146e-03 3.906940836627033516e-03
3.979999999999987637e+01 6.847686826414642880e-01 6.849002899942639999e-01 2.993012324765313981e-01 2.993587559058213943e-01 3.902232496434577744e-03 3.902982475955959693e-03
3.984999999999987352e+01 6.847390684504830460e-01 6.848548230579852847e-01 2.992896074592590328e-01 2.993402021348620101e-01 3.898269064920348824e-03 3.898928064276949070e-03
3.989999999999987779e+01 6.847232706392974988e-01 6.848181284376749778e-01 2.992850861461540113e-01 2.993265474569877238e-01 3.894405805415155665e-03 3.894945314990089918e-03
3.994999999999987494e+01 6.847201189878151517e-01 6.847753122021302818e-01 2.992846502585599922e-01 2.993087746874834032e-01 3.890603188281582456e-03 3.890916798017343085e-03
3.999999999999987210e+01 6.847272767004175531e-01 6.847423572669322223e-01 2.992863401733552031e-01 2.992929317138319778e-01 3.886835586666960614e-03 3.886921191088737060e-03
4.004999999999987637e+01 6.847479957165922837e-01 6.847679004024433969e-01 2.992932253443745250e-01 2.993019253882813757e-01 3.883142722599743513e-03 3.883255600237198440e-03
4.009999999999987352e+01 6.847793804580820654e-01 6.848142909157044489e-01 2.993064104570971606e-01 2.993216692748369434e-01 3.879538696786752078e-03 3.879736477962899242e-03
4.014999999999987779e+01 6.848085442479815432e-01 6.848302072727092682e-01 2.993207572375710113e-01 2.993302258591588050e-01 3.875956713986036806e-03 3.876079324819158272e-03
4.019999999999987494e+01 6.848249162208838170e-01 6.848698743685366352e-01 2.993298506815768034e-01 2.993495014204811122e-01 3.872313721624547501e-03 3.872567935581912660e-03
4.024999999999987210e+01 6.848253078061410370e-01 6.849508056556358193e-01 2.993303090228109919e-01 2.993851628806383225e-01 3.868566190924869162e-03 3.869275126082572912e-03
4.029999999999987637e+01 6.848096389789211091e-01 6.849772634246447112e-01 2.993220322633014518e-01 2.993952988864549969e-01 3.864713134451932316e-03 3.865659120548169125e-03
4.034999999999987352e+01 6.847823326904270980e-01 6.849454633221130351e-01 2.993086403290681208e-01 2.993799424132999043e-01 3.860801552132458753e-03 3.861721282338608906e-03
4.039999999999987779e+01 6.847531830160917821e-01 6.849533894636232745e-01 2.992958510808406691e-01 2.993833584639270518e-01 3.856905297433522572e-03 3.858032969895975987e-03
4.044999999999987494e+01 6.847307156474753409e-01 6.849550296425078733e-01 2.992871517738291409e-01 2.993851965893196132e-01 3.853069221420403912e-03 3.854331465585070400e-03
4.049999999999987210e+01 6.847197973734182597e-01 6.848341177201119345e-01 2.992833461796047256e-01 2.993333143213557923e-01 3.849303487840585302e-03 3.849946164904907361e-03
4.054999999999987637e+01 6.847240432505777852e-01 6.846808238685120340e-01 2.992851964509772866e-01 2.992663057440135832e-01 3.845617686488634560e-03 3.845374953344224671e-03
4.059999999999987352e+01 6.847424785656471835e-01 6.846627401278735370e-01 2.992926206903696595e-01 2.992577679876995411e-01 3.842010535178054086e-03 3.841563132062904978e-03
4.064999999999987068e+01 6.847679863063813599e-01 6.847445220040105918e-01 2.993032629234346764e-01 2.992930069792284486e-01 3.838451592477530247e-03 3.838320063856738573e-03
4.069999999999987494e+01 6.847939461308409914e-01 6.848085371360067564e-01 2.993144805021656918e-01 2.993208580397532792e-01 3.834906861014303597e-03 3.834988571937911640e-03
4.074999999999987210e+01 6.848151581366892504e-01 6.848578917617780260e-01 2.993237873559461137e-01 2.993424656669575468e-01 3.831344478156120149e-03 3.831583560537066366e-03
4.079999999999986926e+01 6.848232267385380156e-01 6.849147705842353329e-01 2.993274476593048572e-01 2.993674602999566448e-01 3.827716721986005374e-03 3.828228392582575315e-03
4.084999999999987352e+01 6.848130965924418279e-01 6.849435200006460667e-01 2.993234272862164147e-01 2.993804337624890177e-01 3.823997793500059483e-03 3.824726078089936074e-03
4.089999999999987068e+01 6.847909829615129729e-01 6.849519351937113365e-01 2.993143026549984764e-01 2.993846530339314693e-01 3.820220837970634328e-03 3.821118736872140213e-03
4.094999999999987494e+01 6.847655218931980592e-01 6.849648365140840189e-01 2.993032162891827719e-01 2.993903344415682621e-01 3.816426092307089422e-03 3.817536939006298778e-03
4.099999999999987210e+01 6.847396943366826916e-01 6.849387949024968725e-01 2.992910927278792377e-01 2.993781170765450472e-01 3.812625385068534826e-03 3.813733975497398711e-03
4.104999999999986926e+01 6.847194904400941695e-01 6.848560544660137195e-01 2.992812007557945631e-01 2.993408909591959155e-01 3.808860334149478770e-03 3.809619993117361117e-03
4.109999999999987352e+01 6.847162155114628890e-01 6.847752299918014041e-01 2.992797146157940569e-01 2.993055090054022038e-01 3.805209340315254644e-03 3.805537304582364000e-03
4.114999999999987068e+01 6.847322601793514041e-01 6.847228629252979371e-01 2.992880333338290288e-01 2.992839259098796223e-01 3.801689848635500003e-03 3.801637674307784594e-03
4.119999999999987494e+01 6.847577648554415974e-01 6.847022207358077761e-01 2.993006131389414071e-01 2.992763353725312880e-01 3.798231131204849072e-03 3.797923037722487384e-03
4.124999999999987210e+01 6.847837503351623667e-01 6.847595423344340348e-01 2.993118887401111650e-01 2.993013076735816513e-01 3.794762456293019563e-03 3.794628306479650229e-03
4.129999999999986926e+01 6.848059125134172698e-01 6.848698633145181569e-01 2.993198628779389914e-01 2.993478149511712427e-01 3.791258554502086649e-03 3.791612602294768507e-03
4.134999999999987352e+01 6.848184517033594210e-01 6.849139412094606971e-01 2.993237788231364327e-01 2.993655158407840799e-01 3.787709950308600689e-03 3.788238099851753363e-03
4.139999999999987068e+01 6.848164882477566495e-01 6.848927982356712851e-01 2.993233112642428306e-01 2.993566652483496959e-01 3.784112658207883229e-03 3.784534326780662847e-03
4.144999999999986784e+01 6.848010051735949899e-01 6.849206216716967610e-01 2.993186278258029853e-01 2.993709108186821677e-01 3.780468933701341874e-03 3.781129280943264139e-03
4.149999999999987210e+01 6.847757128141087613e-01 6.849674019784719459e-01 2.993091682996658065e-01 2.993929538710345950e-01 3.776771839743426652e-03 3.777829070927890640e-03
4.154999999999986926e+01 6.847459461627186661e-01 6.849159617947236933e-01 2.992955429618072705e-01 2.993698550788458368e-01 3.773029221075423819e-03 3.773966026837019712e-03
4.159999999999986642e+01 6.847214045567686647e-01 6.848222263222301098e-01 2.992826779579009777e-01 2.993267458193157315e-01 3.769303248840071702e-03 3.769858259689124001e-03
4.164999999999987068e+01 6.847114176084865278e-01 6.848030507889886209e-01 2.992770169584075823e-01 2.993170684373369639e-01 3.765674953864841818e-03 3.766178904527683891e-03
4.169999999999986784e+01 6.847186315495118469e-01 6.848039757296947583e-01 2.992811470630445392e-01 2.993184498367145174e-01 3.762176581559337468e-03 3.762645503918482254e-03
4.174999999999987210e+01 6.847408431323896982e-01 6.847499219646856483e-01 2.992930487801941375e-01 2.992970170426754173e-01 3.758782402263044064e-03 3.758832239154488893e-03
4.179999999999986926e+01 6.847718849521046147e-01 6.847185097880037485e-01 2.993077285890013428e-01 2.992843987773061709e-01 3.755429467867027471e-03 3.755136747519534617e-03
4.184999999999986642e+01 6.848000223810200016e-01 6.847708059158434946e-01 2.993190592431398400e-01 2.993062890261637410e-01 3.752040855445196773e-03 3.751880777513813287e-03
4.189999999999987068e+01 6.848155868003469315e-01 6.848456366732476042e-01 2.993240810181205802e-01 2.993372154308939770e-01 3.748579599475532730e-03 3.748744088051279844e-03
4.194999999999986784e+01 6.848183433624959182e-01 6.849060898637989725e-01 2.993246770082103048e-01 2.993630297968230547e-01 3.745069465226287791e-03 3.745549324952440751e-03
4.199999999999987210e+01 6.848097352493301981e-01 6.849629563013384104e-01 2.993220175487509849e-01 2.993889886095542074e-01 3.741525219359396418e-03 3.742362357619437047e-03
4.204999999999986926e+01 6.847873101614957436e-01 6.849778379904234438e-01 2.993137587235850106e-01 2.993970365527321986e-01 3.737917686213996105e-03 3.738957684080336432e-03
4.209999999999986642e+01 6.847551370307481955e-01 6.849287612690544425e-01 2.993001960406339590e-01 2.993760856042928520e-01 3.734250730388455168e-03 3.735197574601292324e-03
4.214999999999987068e+01 6.847270750734002487e-01 6.848697292577330398e-01 2.992872403555602023e-01 2.993495930486380630e-01 3.730598197015405626e-03 3.731375419739966191e-03
4.219999999999986784e+01 6.847128780318850749e-01 6.848263256753166495e-01 2.992801912882445681e-01 2.993297779595585073e-01 3.727026043440165998e-03 3.727643561140215125e-03
4.224999999999986500e+01 6.847130285955370654e-01 6.847809687461555717e-01 2.992801374932755332e-01 2.993098333465297189e-01 3.723547589340917875e-03 3.723917055633349255e-03
4.229999999999986926e+01 6.847275094401451545e-01 6.847547186354369098e-01 2.992869802540962798e-01 2.992988730987413692e-01 3.720161345607172262e-03 3.720309174626999262e-03
4.234999999999986642e+01 6.847552513038265287e-01 6.847510160006782254e-01 2.992996558891284353e-01 2.992978046805798709e-01 3.716853845254631042e-03 3.716830856014661025e-03
4.239999999999986358e+01 6.847869352682700583e-01 6.847277868545985635e-01 2.993138166294359026e-01 2.992879634238155839e-01 3.713570925923531663e-03 3.713250166548589994e-03
4.244999999999986784e+01 6.848105252978230473e-01 6.847304184370766045e-01 2.993243252534718568e-01 2.992893112880677942e-01 3.710248841071863823e-03 3.709814828485510311e-03
4.249999999999986500e+01 6.848203152155853957e-01 6.848450572663471458e-01 2.993286960235091998e-01 2.993395105475922247e-01 3.706856916699813407e-03 3.706990842694649589e-03
4.254999999999986926e+01 6.848149152268477868e-01 6.849860903158567771e-01 2.993260936753066037e-01 2.994009126805419196e-01 3.703385012994832217e-03 3.704310704367988136e-03
4.259999999999986642e+01 6.847950031040017649e-01 6.849987291400836398e-01 2.993168683767358784e-01 2.994059149364368677e-01 3.699837680800204930e-03 3.700938379931243121e-03
4.264999999999986358e+01 6.847667022458572283e-01 6.849239625439782486e-01 2.993043226952856184e-01 2.993730595174202147e-01 3.696255914730303942e-03 3.697104779467995893e-03
4.269999999999986784e+01 6.847393766805488502e-01 6.848864399314710250e-01 2.992931041819871796e-01 2.993573841378047717e-01 3.692697152152842836e-03 3.693490242292480144e-03
4.274999999999986500e+01 6.847200576586964793e-01 6.848604326854599300e-01 2.992858729533642848e-01 2.993472297983345021e-01 3.689194119610046500e-03 3.689950444355442200e-03
4.279999999999986926e+01 6.847138207999976522e-01 6.847938913207869405e-01 2.992836363409849820e-01 2.993186346072643778e-01 3.685759068238740003e-03 3.686190081370259702e-03
4.284999999999986642e+01 6.847232791115410722e-01 6.847555899445274541e-01 2.992868759157312208e-01 2.993009987133017358e-01 3.682397735044379544e-03 3.682571500625068679e-03
4.289999999999986358e+01 6.847447012192063864e-01 6.847781099482894707e-01 2.992948301015199153e-01 2.993094327116270215e-01 3.679100554413284197e-03 3.679280057917981225e-03
4.294999999999986784e+01 6.847713051797565953e-01 6.847907641241907095e-01 2.993061832235994757e-01 2.993146885192274897e-01 3.675851190956097234e-03 3.675955646536422771e-03
4.299999999999986500e+01 6.847982828960881285e-01 6.847880630395819512e-01 2.993193938661908859e-01 2.993149268554941012e-01 3.672630599585173256e-03 3.672575789637973469e-03
4.304999999999986215e+01 6.848182135539497839e-01 6.848290723649582690e-01 2.993298741671923668e-01 2.993346204874105521e-01 3.669382459910427562e-03 3.669440643425207586e-03
4.309999999999986642e+01 6.848204317028003807e-01 6.848883729621382255e-01 2.993310853335171551e-01 2.993607820685371124e-01 3.666026764648106298e-03 3.666390472364210954e-03
4.314999999999986358e+01 6.848032855077859082e-01 6.849052365208393445e-01 2.993220167218000327e-01 2.993665786908790150e-01 3.662551443521575804e-03 3.663096710809174341e-03
4.319999999999986073e+01 6.847772471549740114e-01 6.848890905559370523e-01 2.993089708653142722e-01 2.993578564458142521e-01 3.659033873659108503e-03 3.659631496892604315e-03
4.324999999999986500e+01 6.847515979715085299e-01 6.848588324828621676e-01 2.992978753615835874e-01 2.993447464627371213e-01 3.655546569301793176e-03 3.656119040766263838e-03
4.329999999999986215e+01 6.847297999539433411e-01 6.848154152614540635e-01 2.992901725369111476e-01 2.993275943347625256e-01 3.652107047430285750e-03 3.652563689258856751e-03
4.334999999999986642e+01 6.847174795504533673e-01 6.847958204656497960e-01 2.992863842568855848e-01 2.993206266560484163e-01 3.648721539248842363e-03 3.649139002207243097e-03
4.339999999999986358e+01 6.847206702019972280e-01 6.848134584361431632e-01 2.992874999037131722e-01 2.993280571116763156e-01 3.645401947670084269e-03 3.645895945331024089e-03
4.344999999999986073e+01 6.847374785670539143e-01 6.848214717654301786e-01 2.992931157950748933e-01 2.993298285307356421e-01 3.642143179739284250e-03 3.642589942570567934e-03
4.349999999999986500e+01 6.847616102654637826e-01 6.848300429281757307e-01 2.993024099179890651e-01 2.993323211463052580e-01 3.638935074990757353e-03 3.639298737341106153e-03
4.354999999999986215e+01 6.847885453988739046e-01 6.848897237728648335e-01 2.993146754241902130e-01 2.993588995461831104e-01 3.635768908887834511e-03 3.636306098344171088e-03
4.359999999999986642e+01 6.848116831093080670e-01 6.849338772794245633e-01 2.993263478638227282e-01 2.993797580721666574e-01 3.632601309026983315e-03 3.633249491167079518e-03
4.364999999999986358e+01 6.848215405933933964e-01 6.848730614491171931e-01 2.993315879805347191e-01 2.993541074526070433e-01 3.629361479000126674e-03 3.629634525039197087e-03
4.369999999999986073e+01 6.848139454331405584e-01 6.847913551974305069e-01 2.993277634274089660e-01 2.993178893809245178e-01 3.626017727769954586e-03 3.625898114850700359e-03
4.374999999999986500e+01 6.847926045673399242e-01 6.847994813976607809e-01 2.993172548393553400e-01 2.993202606457263659e-01 3.622599150854536112e-03 3.622635529751613587e-03
4.379999999999986215e+01 6.847645511850775080e-01 6.848311479443642824e-01 2.993044003120719498e-01 2.993335091540331172e-01 3.619158407642958809e-03 3.619510388803311857e-03
4.384999999999985931e+01 6.847384978592360172e-01 6.848056690707078342e-01 2.992933908093790007e-01 2.993227507762992179e-01 3.615746189180063519e-03 3.616100885246752768e-03
4.389999999999986358e+01 6.847226492542201060e-01 6.847851985565989175e-01 2.992871683199752608e-01 2.993145081540083963e-01 3.612397927821074141e-03 3.612727919782850183e-03
4.394999999999986073e+01 6.847200149338489306e-01 6.848116977556087948e-01 2.992863431871148894e-01 2.993264171090963544e-01 3.609120810215443731e-03 3.609604065228786546e-03
4.399999999999985789e+01 6.847302018450113215e-01 6.848300819116200921e-01 2.992906854297098240e-01 2.993343422941442400e-01 3.605911872647115431e-03 3.606437858965602303e-03
4.404999999999986215e+01 6.847528082027379837e-01 6.848427602037340245e-01 2.993003412495982563e-01 2.993396585978028712e-01 3.602772690335227530e-03 3.603245965667211705e-03
4.409999999999985931e+01 6.847822752757974918e-01 6.848972097447439955e-01 2.993129960773714959e-01 2.993632330380742168e-01 3.599675238453063815e-03 3.600279411161454775e-03
4.414999999999986358e+01 6.848065945705118507e-01 6.849429552035181112e-01 2.993233114919686688e-01 2.993829135994136026e-01 3.596555259741296591e-03 3.597271416033815880e-03
4.419999999999986073e+01 6.848182657467886125e-01 6.849107705605386176e-01 2.993281648411342255e-01 2.993685978983754437e-01 3.593375328224910140e-03 3.593860719068141772e-03
4.424999999999985789e+01 6.848181250464957515e-01 6.848416682369262709e-01 2.993283376892708070e-01 2.993386282230603435e-01 3.590144979781367991e-03 3.590268404474496189e-03
4.429999999999986215e+01 6.848062487799700948e-01 6.847999796995249966e-01 2.993239057809349291e-01 2.993211656107804819e-01 3.586865258010014240e-03 3.586832421938660528e-03
4.434999999999985931e+01 6.847819472978490252e-01 6.847915824087327241e-01 2.993138558707939545e-01 2.993180673167903372e-01 3.583524164870334656e-03 3.583574586253110688e-03
4.439999999999986358e+01 6.847529898431826689e-01 6.848112706233044911e-01 2.993007823547577662e-01 2.993262564795085012e-01 3.580152898980364616e-03 3.580457613391258790e-03
4.444999999999986073e+01 6.847316590059719932e-01 6.848340665787062687e-01 2.992902431491466508e-01 2.993350046070708537e-01 3.576817964136808081e-03 3.577352908360580987e-03
4.449999999999985789e+01 6.847234457373821970e-01 6.848129175852040174e-01 2.992858917508132155e-01 2.993249990165693930e-01 3.573562886576883268e-03 3.574029839003822848e-03
4.454999999999986215e+01 6.847286178529489176e-01 6.847821882994420406e-01 2.992888416809300622e-01 2.993122568507670112e-01 3.570400735829773898e-03 3.570680069797408426e-03
4.459999999999985931e+01 6.847472441937695331e-01 6.848214236574349245e-01 2.992985732404885857e-01 2.993309966022867918e-01 3.567325068420611721e-03 3.567711520885429293e-03
4.464999999999985647e+01 6.847744215830690040e-01 6.848881433007671937e-01 2.993112526023393727e-01 2.993609597594695249e-01 3.564289998241621307e-03 3.564881926281278021e-03
4.469999999999986073e+01 6.847993584782370302e-01 6.848903888514256133e-01 2.993211855683794997e-01 2.993609743311582694e-01 3.561227668868295962e-03 3.561701062833540037e-03
4.474999999999985789e+01 6.848144971996128483e-01 6.848708106214913549e-01 2.993260262004797667e-01 2.993506402716794579e-01 3.558110266870496800e-03 3.558402856126956660e-03
4.479999999999985505e+01 6.848185197541358793e-01 6.848941316104967258e-01 2.993271505809693700e-01 2.993601997478095855e-01 3.554954282434324552e-03 3.555346790354041789e-03
4.484999999999985931e+01 6.848113703911041794e-01 6.848914207037527513e-01 2.993253141178606747e-01 2.993603034390296402e-01 3.551768782175751104e-03 3.552183962492202682e-03
4.489999999999985647e+01 6.847941085012941853e-01 6.848213255928774501e-01 2.993196535140696390e-01 2.993315499517306133e-01 3.548543610125316078e-03 3.548684646730662379e-03
4.494999999999986073e+01 6.847710918173107730e-01 6.847800873246481235e-01 2.993100768657350752e-01 2.993140087577567110e-01 3.545277783425950305e-03 3.545324356029108410e-03
4.499999999999985789e+01 6.847481731420077544e-01 6.848051912954523646e-01 2.992986848235574815e-01 2.993236070635960644e-01 3.541996270101280698e-03 3.542291207853216772e-03
4.504999999999985505e+01 6.847324749455099280e-01 6.848147381488146612e-01 2.992901573746122867e-01 2.993261138509940578e-01 3.538754447231605340e-03 3.539179590316225959e-03
4.509999999999985931e+01 6.847317225529678808e-01 6.848017977185127947e-01 2.992896972905075836e-01 2.993203264762057669e-01 3.535613671476766934e-03 3.535975504739592365e-03
4.514999999999985647e+01 6.847467556575413949e-01 6.848336242894864645e-01 2.992977708583210994e-01 2.993357404984601233e-01 3.532579178026814745e-03 3.533027329577585057e-03
4.519999999999986073e+01 6.847690706149652806e-01 6.848829943008953869e-01 2.993090364818959959e-01 2.993588319386878416e-01 3.529587694361990043e-03 3.530174904937365566e-03
4.524999999999985789e+01 6.847908121963800498e-01 6.848865706765688843e-01 2.993185814520135102e-01 2.993604369967165502e-01 3.526581224766000069e-03 3.527074368149835538e-03
4.529999999999985505e+01 6.848092402275171020e-01 6.848761899502648909e-01 2.993254163690627356e-01 2.993546796331369997e-01 3.523548162084325606e-03 3.523892638412451199e-03
4.534999999999985931e+01 6.848197018331365626e-01 6.848903662203683629e-01 2.993289786172332878e-01 2.993598654313802676e-01 3.520481959626392456e-03 3.520845227067109784e-03
4.539999999999985647e+01 6.848165539562368620e-01 6.848932854903075906e-01 2.993278281549790476e-01 2.993613668936554451e-01 3.517365783254756788e-03 3.517759892992434849e-03
4.544999999999985363e+01 6.848019740908573016e-01 6.848605629393766936e-01 2.993225258232145025e-01 2.993481346309975200e-01 3.514206349553451909e-03 3.514507010636903732e-03
4.549999999999985789e+01 6.847829211399841798e-01 6.848073908252551023e-01 2.993149901796636758e-01 2.993256857495741885e-01 3.511026277767324757e-03 3.511151738997946286e-03
4.554999999999985505e+01 6.847627509552026703e-01 6.847485224028689865e-01 2.993061318249500280e-01 2.992999126009129318e-01 3.507836294461772961e-03 3.507763405812055948e-03
4.559999999999985221e+01 6.847451203823322619e-01 6.847315782944399798e-01 2.992979447167600782e-01 2.992920255521648309e-01 3.504659774200946654e-03 3.504590463140112334e-03
4.564999999999985647e+01 6.847381685694573505e-01 6.848014583296508917e-01 2.992946151864602777e-01 2.993222787304130605e-01 3.501545658806212713e-03 3.501869303660881064e-03
4.569999999999985363e+01 6.847459387493189942e-01 6.848882296590927954e-01 2.992980654184095313e-01 2.993602598639869550e-01 3.498516252699126507e-03 3.499243247971802785e-03
4.574999999999985789e+01 6.847635269322172036e-01 6.848974948911825678e-01 2.993059371730164564e-01 2.993644937460993027e-01 3.495543791801660957e-03 3.496227664188029851e-03
4.579999999999985505e+01 6.847846941396281695e-01 6.848759614790170813e-01 2.993154328918955498e-01 2.993553253185690100e-01 3.492595482985954430e-03 3.493060972212015843e-03
4.584999999999985221e+01 6.848054130207994472e-01 6.848986904102020157e-01 2.993249029960054486e-01 2.993656740603162225e-01 3.489652031431142182e-03 3.490127357159044080e-03
4.589999999999985647e+01 6.848199675365010952e-01 6.849144189014652051e-01 2.993317132483059861e-01 2.993729975131252941e-01 3.486682740224889259e-03 3.487163628574561046e-03
4.594999999999985363e+01 6.848226901756275797e-01 6.848795437484278548e-01 2.993329193238354335e-01 2.993577697649268954e-01 3.483653410809848128e-03 3.483942621645942910e-03
4.599999999999985789e+01 6.848128034865997860e-01 6.848564036351845186e-01 2.993279852485901671e-01 2.993470426385308469e-01 3.480557968006870850e-03 3.480779565564320888e-03
4.604999999999985505e+01 6.847936215353949141e-01 6.848541513354170496e-01 2.993189455856085646e-01 2.993454027770153791e-01 3.477420221732318434e-03 3.477727595434401339e-03
4.609999999999985221e+01 6.847711462932546400e-01 6.848046556531731666e-01 2.993093224475635861e-01 2.993239691859186369e-01 3.474281165961280813e-03 3.474451180335686850e-03
4.614999999999985647e+01 6.847534674904453000e-01 6.847432878669845735e-01 2.993027506665603132e-01 2.992983011975949292e-01 3.471182959310653224e-03 3.471131356307285455e-03
4.619999999999985363e+01 6.847454996014736839e-01 6.847654475499383997e-01 2.993003152511027887e-01 2.993090344427843386e-01 3.468138067799577534e-03 3.468239101306895729e-03
4.624999999999985079e+01 6.847465920904775016e-01 6.848344971986302099e-01 2.993005689198522390e-01 2.993389919645010888e-01 3.465129596756619766e-03 3.465574436636780029e-03
4.629999999999985505e+01 6.847565778947001247e-01 6.848566940354517962e-01 2.993035820423421978e-01 2.993473422930861272e-01 3.462158265382798538e-03 3.462664456831542493e-03
4.634999999999985221e+01 6.847764119003829641e-01 6.848484225131733494e-01 2.993112480974483569e-01 2.993427234608165843e-01 3.459245860704410636e-03 3.459609632601183017e-03
4.639999999999984936e+01 6.848004432546604958e-01 6.848610581355506488e-01 2.993223291952080700e-01 2.993488236104945299e-01 3.456377935279548314e-03 3.456683875409876858e-03
4.644999999999985363e+01 6.848182274276677362e-01 6.848799059289173430e-01 2.993317886593567234e-01 2.993587481288355612e-01 3.453496263736457496e-03 3.453807304630358409e-03
4.649999999999985079e+01 6.848247570651988525e-01 6.848899202727665170e-01 2.993356843660464062e-01 2.993641670882779549e-01 3.450555439378065730e-03 3.450883770470071932e-03
4.654999999999985505e+01 6.848202095902458097e-01 6.848991234290441321e-01 2.993329828761290834e-01 2.993674758925835011e-01 3.447543712941316622e-03 3.447940983502265772e-03
4.659999999999985221e+01 6.848044267372537242e-01 6.848924422819704372e-01 2.993244130782510837e-01 2.993628842099136378e-01 3.444469655676085824e-03 3.444912361448957631e-03
4.664999999999984936e+01 6.847811607637789288e-01 6.848720283999275571e-01 2.993134576923593970e-01 2.993531753538932749e-01 3.441373471599427220e-03 3.441830127667652381e-03
4.669999999999985363e+01 6.847605684354569622e-01 6.848652148367485593e-01 2.993054067275009444e-01 2.993511471441442362e-01 3.438315987679514078e-03 3.438841437612233983e-03
4.674999999999985079e+01 6.847496044904742840e-01 6.848442506226773974e-01 2.993022495138183414e-01 2.993436190890476079e-01 3.435319937030922519e-03 3.435794767162678696e-03
4.679999999999985505e+01 6.847475328027378128e-01 6.847780369113031229e-01 2.993019350608764340e-01 2.993152683527592339e-01 3.432361640606389208e-03 3.432514545329815817e-03
4.684999999999985221e+01 6.847536356922356848e-01 6.847362109294301558e-01 2.993036401538706759e-01 2.992960238453697963e-01 3.429431568649343471e-03 3.429344300720373051e-03
4.689999999999984936e+01 6.847691640678550407e-01 6.847750588332625066e-01 2.993090633604987838e-01 2.993116399319997178e-01 3.426549093995416139e-03 3.426578591093308850e-03
4.694999999999985363e+01 6.847907337999052935e-01 6.848235259789361429e-01 2.993181609900941176e-01 2.993324942662877186e-01 3.423713594396280997e-03 3.423877543795120996e-03
4.699999999999985079e+01 6.848105067723848638e-01 6.848321751607894248e-01 2.993276907061084291e-01 2.993371618643314580e-01 3.420887893784105380e-03 3.420996135592368429e-03
4.704999999999984794e+01 6.848220003599342354e-01 6.848605928092638129e-01 2.993337435077016995e-01 2.993506121572527823e-01 3.418027330947216377e-03 3.418219950411116679e-03
4.709999999999985221e+01 6.848216117032455141e-01 6.849151610461657880e-01 2.993337308984558298e-01 2.993746210709633537e-01 3.415102463188323789e-03 3.415568979702956250e-03
4.714999999999984936e+01 6.848093569456391583e-01 6.849230154113860047e-01 2.993277207525479877e-01 2.993774004614351281e-01 3.412114229154161304e-03 3.412680541025202904e-03
4.719999999999984652e+01 6.847902824088697438e-01 6.849006327727716892e-01 2.993187310629453757e-01 2.993669647072361162e-01 3.409097164726038187e-03 3.409646522861468215e-03
4.724999999999985079e+01 6.847705664112726520e-01 6.849123644080145068e-01 2.993100067021705613e-01 2.993719859422795393e-01 3.406088269725989631e-03 3.406793581135479990e-03
4.729999999999984794e+01 6.847540742216700060e-01 6.849076939663257813e-01 2.993030776967424700e-01 2.993702242302227479e-01 3.403104919803788802e-03 3.403868382378891569e-03
4.734999999999985221e+01 6.847455231085786131e-01 6.848220030663934033e-01 2.992996077084959516e-01 2.993330368009091691e-01 3.400165949542706314e-03 3.400545717704173913e-03
4.739999999999984936e+01 6.847496968040068799e-01 6.847296373256281932e-01 2.993015831559622253e-01 2.992928152314723311e-01 3.397293792916719710e-03 3.397194270504802667e-03
4.744999999999984652e+01 6.847644867498013932e-01 6.847213875065604194e-01 2.993081704067830362e-01 2.992893318777851697e-01 3.394478825140729433e-03 3.394265175818383332e-03
4.749999999999985079e+01 6.847827378557125311e-01 6.847724268570017925e-01 2.993161382527564918e-01 2.993116313513043414e-01 3.391684286150224020e-03 3.391633216445383552e-03
4.754999999999984794e+01 6.848004979619299881e-01 6.848286442893669612e-01 2.993235344069931081e-01 2.993358370531420398e-01 3.388888020458464406e-03 3.389027308838299304e-03
4.759999999999985221e+01 6.848151000437204816e-01 6.848724228168149297e-01 2.993293395346304786e-01 2.993543950391156505e-01 3.386078501522977492e-03 3.386361934831633603e-03
4.764999999999984936e+01 6.848202649642427531e-01 6.848878865208618549e-01 2.993314249315505160e-01 2.993609819670741690e-01 3.383231703097499925e-03 3.383565775270697303e-03
4.769999999999984652e+01 6.848126367904905365e-01 6.848852353444502272e-01 2.993287244725620910e-01 2.993604569952812433e-01 3.380335680096701115e-03 3.380694037213800244e-03
4.774999999999985079e+01 6.847968816186853491e-01 6.849009033919402079e-01 2.993227751649323309e-01 2.993682427870608675e-01 3.377407900309541133e-03 3.377920934127635021e-03
4.779999999999984794e+01 6.847782237538219130e-01 6.849123212650093384e-01 2.993148059809878081e-01 2.993734196593310637e-01 3.374462299672926179e-03 3.375123107771497294e-03
4.784999999999984510e+01 6.847588464039596756e-01 6.848730594155638673e-01 2.993053748245292356e-01 2.993552968787349666e-01 3.371505207823486620e-03 3.372067551436054664e-03
4.789999999999984936e+01 6.847443776063762977e-01 6.848204468719727434e-01 2.992978521768876465e-01 2.993311016179261985e-01 3.368574588372407700e-03 3.368948808305312088e-03
4.794999999999984652e+01 6.847427444635917348e-01 6.848012949044289810e-01 2.992970576972915353e-01 2.993226497533025832e-01 3.365724573486559516e-03 3.366012367200487722e-03
4.799999999999984368e+01 6.847547583760827949e-01 6.847798300464077448e-01 2.993035849062071208e-01 2.993145436337165677e-01 3.362961628159639137e-03 3.363084759929408155e-03
4.804999999999984794e+01 6.847740147549903345e-01 6.847513965111368117e-01 2.993133382448470714e-01 2.993034518561594748e-01 3.360239553689001873e-03 3.360128564200507914e-03
4.809999999999984510e+01 6.847940725520489380e-01 6.847849442953323207e-01 2.993220299079915048e-01 2.993180399664318037e-01 3.357510150398119054e-03 3.357465395024482324e-03
4.814999999999984936e+01 6.848100049217688001e-01 6.848624821548708885e-01 2.993275361184430938e-01 2.993504736934987642e-01 3.354749634277880404e-03 3.355006709929947081e-03
4.819999999999984652e+01 6.848177677305554711e-01 6.848869569464236529e-01 2.993296689210623862e-01 2.993599111052676065e-01 3.351955978959274100e-03 3.352294637237047872e-03
4.824999999999984368e+01 6.848160112014634038e-01 6.848719891542232041e-01 2.993292445761984721e-01 2.993537122259590788e-01 3.349138400852578763e-03 3.349412164765984239e-03
4.829999999999984794e+01 6.848050025394230023e-01 6.848945551114695718e-01 2.993260407903068909e-01 2.993651839284759975e-01 3.346294475017413516e-03 3.346732072984647671e-03
4.834999999999984510e+01 6.847855051925112457e-01 6.849154873996141646e-01 2.993186856240818150e-01 2.993755006458507228e-01 3.343408943022424876e-03 3.344043570464691646e-03
4.839999999999984936e+01 6.847626382286056135e-01 6.848690399534266282e-01 2.993082392205418385e-01 2.993547471798378989e-01 3.340493741300698712e-03 3.341012803346413672e-03
4.844999999999984652e+01 6.847454643866092150e-01 6.848127177842676661e-01 2.992992703285739520e-01 2.993286664967753641e-01 3.337599892150261774e-03 3.337927699991927784e-03
4.849999999999984368e+01 6.847393930203968804e-01 6.848081057982551290e-01 2.992957859626350636e-01 2.993258199362378580e-01 3.334771988441624820e-03 3.335106628816029203e-03
4.854999999999984794e+01 6.847447103907298160e-01 6.848091282416637338e-01 2.992987658376752291e-01 2.993269225842551950e-01 3.332020771919576643e-03 3.332334234169283954e-03
4.859999999999984510e+01 6.847609804279720658e-01 6.847804833273255509e-01 2.993072412448010144e-01 2.993157659113176994e-01 3.329335275248073572e-03 3.329430099124788649e-03
4.864999999999984226e+01 6.847844762292355503e-01 6.847614246958954043e-01 2.993181821380368479e-01 2.993081063502607275e-01 3.326681657549737485e-03 3.326569673245473834e-03
4.869999999999984652e+01 6.848054676678773101e-01 6.847765624921796634e-01 2.993268446954309159e-01 2.993142103117329977e-01 3.324007159305182677e-03 3.323866855210813598e-03
4.874999999999984368e+01 6.848165534146258837e-01 6.848207340777423546e-01 2.993307739152304414e-01 2.993326012675627812e-01 3.321284592679402820e-03 3.321304868433437325e-03
4.879999999999984084e+01 6.848180832732247980e-01 6.848897731990937210e-01 2.993311421883514400e-01 2.993624775574339480e-01 3.318527075258894104e-03 3.318874474029209851e-03
4.884999999999984510e+01 6.848108536907342447e-01 6.849412722383857455e-01 2.993284774147774163e-01 2.993854829150330854e-01 3.315740541841907460e-03 3.316372006812892421e-03
4.889999999999984226e+01 6.847934338404525478e-01 6.849265788311411640e-01 2.993215351516376188e-01 2.993797325014386779e-01 3.312911291108338371e-03 3.313555423369556573e-03
4.894999999999984652e+01 6.847700636350620984e-01 6.848803817769014701e-01 2.993116091943891499e-01 2.993598290309602561e-01 3.310053737289354869e-03 3.310586995089422231e-03
4.899999999999984368e+01 6.847505482651466968e-01 6.848548422184563833e-01 2.993030058409806848e-01 2.993485925057824959e-01 3.307215534154491106e-03 3.307719254207549739e-03
4.904999999999984084e+01 6.847407890294865407e-01 6.848264734244349228e-01 2.992986039641492013e-01 2.993360564136022806e-01 3.304428418041954231e-03 3.304841914585736340e-03
4.909999999999984510e+01 6.847414254149682966e-01 6.847841452287817265e-01 2.992987810883206423e-01 2.993174538131304629e-01 3.301696426787881309e-03 3.301902413823841736e-03
4.914999999999984226e+01 6.847526207917942198e-01 6.847757113493386782e-01 2.993035385622057065e-01 2.993136313831319395e-01 3.299019438547329784e-03 3.299130684851283701e-03
4.919999999999984652e+01 6.847724837202932013e-01 6.847892513632238831e-01 2.993121731272215813e-01 2.993195022179241382e-01 3.296389571885708757e-03 3.296470288743666259e-03
4.924999999999984368e+01 6.847947041972594073e-01 6.847697973331224874e-01 2.993222167894280528e-01 2.993113300554316458e-01 3.293779552015722780e-03 3.293659753017137790e-03
4.929999999999984084e+01 6.848122524135153988e-01 6.847650057233415355e-01 2.993305556256871114e-01 2.993099041581186448e-01 3.291155092091125993e-03 3.290928028126656642e-03
4.934999999999984510e+01 6.848199817519520227e-01 6.848439191286540551e-01 2.993343529850940321e-01 2.993448159963352229e-01 3.288485064378959908e-03 3.288600010945740004e-03
4.939999999999984226e+01 6.848148450177906632e-01 6.849304640388753640e-01 2.993317306225214969e-01 2.993822675551331969e-01 3.285748964023295880e-03 3.286303705325290328e-03
4.944999999999983942e+01 6.847987737788435725e-01 6.849248290891427615e-01 2.993238158064044363e-01 2.993789142644130985e-01 3.282959317865700565e-03 3.283563633281205447e-03
4.949999999999984368e+01 6.847785123516055839e-01 6.848730834115690502e-01 2.993145683549038871e-01 2.993559050725158599e-01 3.280159653204434492e-03 3.280612658328949105e-03
4.954999999999984084e+01 6.847597370606239853e-01 6.848494712276859131e-01 2.993071087235479322e-01 2.993463313481320442e-01 3.277384163411428426e-03 3.277813647392639577e-03
4.959999999999983800e+01 6.847459453629070047e-01 6.848314666732229217e-01 2.993023577708533445e-01 2.993397391237340166e-01 3.274642864013721597e-03 3.275051850369089992e-03
4.964999999999984226e+01 6.847417478689052928e-01 6.848004688679064644e-01 2.993009998915041603e-01 2.993266668729177571e-01 3.271943152681114093e-03 3.272223742803153940e-03
4.969999999999983942e+01 6.847494954805115608e-01 6.847930974521933001e-01 2.993034935218735759e-01 2.993225519111603061e-01 3.269289934700976216e-03 3.269498109351841840e-03
4.974999999999984368e+01 6.847652437824525151e-01 6.848108329073467893e-01 2.993090537760501046e-01 2.993289806604217951e-01 3.266674529615834488e-03 3.266892012664911627e-03
4.979999999999984084e+01 6.847841314917720856e-01 6.848252811325911127e-01 2.993170486285019471e-01 2.993350350105976609e-01 3.264089952328273932e-03 3.264286096080681095e-03
4.984999999999983800e+01 6.848037321469128136e-01 6.848412659368036115e-01 2.993267919491093831e-01 2.993431979182802349e-01 3.261528651039065189e-03 3.261707413982904355e-03
4.989999999999984226e+01 6.848182388494979955e-01 6.848569052544083435e-01 2.993345313842687982e-01 2.993514324969108742e-01 3.258949715669782685e-03 3.259133723428542760e-03
4.994999999999983942e+01 6.848193013719851008e-01 6.848497393860348836e-01 2.993351393389035442e-01 2.993484438225221256e-01 3.256297409180357143e-03 3.256442141120727968e-03
4.999999999999984368e+01 6.848063463688104369e-01 6.848374227955819071e-01 2.993282584556238302e-01 2.993418419347400050e-01 3.253568026691571347e-03 3.253715673203703626e-03
