# tau eta eta_joint W_out W_out_joint power power_joint
5.000000000000000000e+00 4.618603401368127948e+01 -2.639880616567680249e+01 -3.196396698568056971e-01 1.826982088332415599e-01 -1.304651713701247828e-02 7.457069748295574139e-03
5.049999999999999822e+00 1.277147244173531533e+02 -7.335601590851599951e+01 -3.125170041339617732e-01 1.795016387618477149e-01 -1.271686690270444446e-02 7.304237589495328302e-03
5.099999999999999645e+00 -1.373690094913543760e+02 7.953571755498548157e+01 -3.050665951522337771e-01 1.766314734111572582e-01 -1.237592678102368386e-02 7.165577014651410524e-03
5.149999999999999467e+00 -4.196608150355415034e+01 2.459399827164925867e+01 -2.972719261586102002e-01 1.742146270562697219e-01 -1.202313149276482140e-02 7.046092095299079719e-03
5.199999999999999289e+00 -2.381888593368108076e+01 1.420029526104770490e+01 -2.891237855215282870e-01 1.723692339276015062e-01 -1.165821715812614262e-02 6.950372335790384014e-03
5.249999999999999112e+00 -1.614810229062317148e+01 9.851355439230577105e+00 -2.806220490747368679e-01 1.711970545991478021e-01 -1.128128840501454663e-02 6.882293652227046941e-03
5.299999999999998934e+00 -1.192456173452362655e+01 7.493049336761375301e+00 -2.717770046867705735e-01 1.707768008629922951e-01 -1.089286591930944265e-02 6.844761557634962065e-03
5.349999999999998757e+00 -9.258619253709689190e+00 6.034404447083427492e+00 -2.626101037903572077e-01 1.711589530508693668e-01 -1.049391024137291684e-02 6.839518603431344115e-03
5.399999999999998579e+00 -7.428714050276617797e+00 5.057910138537370592e+00 -2.531540220299308697e-01 1.723623073887224910e-01 -1.008581761075421843e-02 6.867024198753885096e-03
5.449999999999998401e+00 -6.099593504380025344e+00 4.368839100956478205e+00 -2.434520117917590154e-01 1.743727131256529450e-01 -9.670387757368779577e-03 6.926423560105380607e-03
5.499999999999998224e+00 -5.094287836833733429e+00 3.863826269689125681e+00 -2.335565580484026960e-01 1.771438900489133439e-01 -9.249764675184266732e-03 7.015599605897559522e-03
5.549999999999998046e+00 -4.310540383092168248e+00 3.482729246950934332e+00 -2.235273902785764877e-01 1.806004144332751804e-01 -8.826353021858895226e-03 7.131309553140186171e-03
5.599999999999997868e+00 -3.685120240203413999e+00 3.188086230707384949e+00 -2.134289804068514318e-01 1.846425487683518440e-01 -8.402715764049269870e-03 7.269391683793380472e-03
5.649999999999997691e+00 -3.176797889692019261e+00 2.955325139571473692e+00 -2.033276767549023756e-01 1.891525415054593484e-01 -7.981459342685079741e-03 7.425026163119111469e-03
5.699999999999997513e+00 -2.757509293385685289e+00 2.767685593475420980e+00 -1.932886600843694014e-01 1.940019716999202837e-01 -7.565113897626983205e-03 7.593032160466548462e-03
5.749999999999997335e+00 -2.407454898947460009e+00 2.613400557118364276e+00 -1.833729338685997634e-01 1.990595660762516372e-01 -7.156016931457553736e-03 7.768178188341529587e-03
5.799999999999997158e+00 -2.112231257733592660e+00 2.484040769421556494e+00 -1.736345334193205581e-01 2.041988813553871074e-01 -6.756207526043602959e-03 7.945481764801056584e-03
5.849999999999996980e+00 -1.861076878549061675e+00 2.373494018013836193e+00 -1.641181445785252491e-01 2.093053967272694438e-01 -6.367338295966062586e-03 8.120480959350900169e-03
5.899999999999996803e+00 -1.645760171923725146e+00 2.277306154831183704e+00 -1.548573173027482097e-01 2.142824500376464547e-01 -5.990611887920628369e-03 8.289456481146866007e-03
5.949999999999996625e+00 -1.459852617182036294e+00 2.192237603907728705e+00 -1.458733408463215309e-01 2.190556905862499626e-01 -5.626744102076048498e-03 8.449592693780136332e-03
5.999999999999996447e+00 -1.298241859556739319e+00 2.115952532978665257e+00 -1.371748513352082366e-01 2.235758090890768712e-01 -5.275955820584933911e-03 8.599069580349113368e-03
6.049999999999996270e+00 -1.156799599459028771e+00 2.046791429845556287e+00 -1.287582666705971990e-01 2.278193360945065526e-01 -4.937996804241504174e-03 8.737079044851643259e-03
6.099999999999996092e+00 -1.032150209100625160e+00 1.983600099349943857e+00 -1.206088638029577664e-01 2.317877302282338459e-01 -4.612193644472573073e-03 8.863775534540492551e-03
6.149999999999995914e+00 -9.215081466686667611e-01 1.925595547479717728e+00 -1.127025434779517221e-01 2.355047176688864208e-01 -4.297523106880905309e-03 8.980160826268311636e-03
6.199999999999995737e+00 -8.225613900540172940e-01 1.872260068367938235e+00 -1.050080383225424630e-01 2.390123817944282969e-01 -3.992701076902756274e-03 9.087923262145565159e-03
6.249999999999995559e+00 -7.333870988574656691e-01 1.823255566935114036e+00 -9.748948921251954225e-02 2.423662131516885476e-01 -3.696283951185575910e-03 9.189240309068763199e-03
6.299999999999995381e+00 -6.523888746676164141e-01 1.778355317994031903e+00 -9.010914002585401761e-02 2.456296766962643985e-01 -3.406772779805446096e-03 9.286566226701870388e-03
6.349999999999995204e+00 -5.782488040939812723e-01 1.737390362544994016e+00 -8.282998938005148304e-02 2.488686950318649282e-01 -3.122714019983091963e-03 9.382420170852591446e-03
6.399999999999995026e+00 -5.098894031666019178e-01 1.700209049170660069e+00 -7.561823984463889037e-02 2.521464750351054551e-01 -2.842790971602966472e-03 9.479190790793439597e-03
6.449999999999994849e+00 -4.464416608806727749e-01 1.666648808815610172e+00 -6.844535180252064865e-02 2.555190835586618747e-01 -2.565898849204148457e-03 9.578972204635874052e-03
6.499999999999994671e+00 -3.872170237120488023e-01 1.636518806035067497e+00 -6.128961664034060508e-02 2.590320262395947593e-01 -2.291200622068808104e-03 9.683440233255881380e-03
6.549999999999994493e+00 -3.316816950821188659e-01 1.609592281145459269e+00 -5.413716270828605737e-02 2.627180230636452229e-01 -2.018160771977113924e-03 9.793775323901037291e-03
6.599999999999994316e+00 -2.794322399826129066e-01 1.585607137085742746e+00 -4.698234074126483861e-02 2.665960620756542832e-01 -1.746555417890886721e-03 9.910634277905366885e-03
6.649999999999994138e+00 -2.301723705341411352e-01 1.564272902543561994e+00 -3.982753939519045883e-02 2.706716731739164383e-01 -1.476461145326801467e-03 1.003416768021933234e-02
6.699999999999993960e+00 -1.836906912254593904e-01 1.545282096518967752e+00 -3.268244762698346850e-02 2.749382717843277257e-01 -1.208223572162051051e-03 1.016407659091784869e-02
6.749999999999993783e+00 -1.398398462498186001e-01 1.528324059095417464e+00 -2.556288125790007193e-02 2.793793578437854253e-01 -9.424103689548416927e-04 1.029969982834232425e-02
6.799999999999993605e+00 -9.851748588450183475e-02 1.513099067790530050e+00 -1.848929347040828564e-02 2.839712408716810743e-01 -6.797534364120696310e-04 1.044011914969416102e-02
6.849999999999993427e+00 -5.964928753825538693e-02 1.499331414008219676e+00 -1.148506382818548222e-02 2.886860463914879271e-01 -4.210839167070755309e-04 1.058427301160359303e-02
6.899999999999993250e+00 -2.317482876741208328e-02 1.486779405915213736e+00 -4.574778439333515578e-03 2.934945685463009601e-01 -1.672679502498543855e-04 1.073106283533093418e-02
6.949999999999993072e+00 1.096386072386982581e-02 1.475242133449303328e+00 2.217449066339360897e-03 2.983688295419179015e-01 8.085502520836323993e-05 1.087944683835617189e-02
6.999999999999992895e+00 4.283062589623268940e-02 1.464561834441646226e+00 8.869439801937661905e-03 3.032839879171165265e-01 3.225250837068241797e-04 1.102850865153151387e-02
7.049999999999992717e+00 7.250058722497378094e-02 1.454622333108628540e+00 1.536212977797746237e-02 3.082195319303800973e-01 5.571035277598357068e-04 1.117749889140091414e-02
7.099999999999992539e+00 1.000628227878340298e-01 1.445343746418669584e+00 2.168040538570503717e-02 3.131596478193728328e-01 7.841014606041608707e-04 1.132584621408220561e-02
7.149999999999992362e+00 1.256206398737299834e-01 1.436674281346696169e+00 2.781355610224744979e-02 3.180927972111744495e-01 1.003194088448961701e-03 1.147313966496571989e-02
7.199999999999992184e+00 1.492899736960605073e-01 1.428580178924349298e+00 3.375536651436505942e-02 3.230106238274534913e-01 1.214221817063491872e-03 1.161908718803789965e-02
7.249999999999992006e+00 1.711963646274189121e-01 1.421034840704391122e+00 3.950386958379803470e-02 3.279063497837187424e-01 1.417179177894100457e-03 1.176345649448318730e-02
7.299999999999991829e+00 1.914710561957280732e-01 1.414008246651005107e+00 4.506082323585691718e-02 3.327728844366529826e-01 1.612194033483253450e-03 1.190600659880690880e-02
7.349999999999991651e+00 2.102467284391975055e-01 1.407457786506669750e+00 5.043098948537139137e-02 3.376009194499734467e-01 1.799500070842869432e-03 1.204641996253250948e-02
7.399999999999991473e+00 2.276533349577994914e-01 1.401321176976889626e+00 5.562130731887604540e-02 3.423772195190075140e-01 1.979405954408400888e-03 1.218424268750916903e-02
7.449999999999991296e+00 2.438143231499955987e-01 1.395512200639400291e+00 6.064002482284169826e-02 3.470833599685228532e-01 2.152263525211773991e-03 1.231884152505849199e-02
7.499999999999991118e+00 2.588436519677279057e-01 1.389919591026628209e+00 6.549590369344859830e-02 3.516950830490810920e-01 2.318439068794641688e-03 1.244938347076393788e-02
7.549999999999990941e+00 2.728435963554038390e-01 1.384408993812788147e+00 7.019751671494911527e-02 3.561823505540899770e-01 2.478288321798734293e-03 1.257484026669338645e-02
7.599999999999990763e+00 2.859035995541918118e-01 1.378827950010053538e+00 7.475273070643062567e-02 3.605101670574267225e-01 2.632138405156009449e-03 1.269401996681080759e-02
7.649999999999990585e+00 2.981000275051391424e-01 1.373013301074174519e+00 7.916836840676721998e-02 3.646400966700947821e-01 2.780276326839938722e-03 1.280562235891465929e-02
7.699999999999990408e+00 3.094967204702200325e-01 1.366800379362229645e+00 8.345004855205451211e-02 3.685323639147234931e-01 2.922943907252348664e-03 1.290831397249469874e-02
7.749999999999990230e+00 3.201464228497418185e-01 1.360033210490523725e+00 8.760225050569681038e-02 3.721483718010376585e-01 3.060340629019977533e-03 1.300081648213232723e-02
7.799999999999990052e+00 3.300922807675924497e-01 1.352574617258289758e+00 9.162840482751311022e-02 3.754533559566010092e-01 3.192627345906381628e-03 1.308199846538680121e-02
7.849999999999989875e+00 3.393701839671198761e-01 1.344315650451554989e+00 9.553123264789187274e-02 3.784190162325281048e-01 3.319938580291639536e-03 1.315096494292018400e-02
7.899999999999989697e+00 3.480105147088908835e-01 1.335183183824988351e+00 9.931295042033760900e-02 3.810257901207372289e-01 3.442389962576695561e-03 1.320713310643804005e-02
7.949999999999989519e+00 3.560402310664495529e-01 1.325145191692418845e+00 1.029755970099177631e-01 3.832646013924224104e-01 3.560089784266821846e-03 1.325028872575359160e-02
7.999999999999989342e+00 3.634843701776350744e-01 1.314213074195329067e+00 1.065212306164616818e-01 3.851378640768396977e-01 3.673145883326266788e-03 1.328061600264965163e-02
8.049999999999990052e+00 3.703670896417528002e-01 1.302441021972403412e+00 1.099520224851981975e-01 3.866596912594851831e-01 3.781668873093663088e-03 1.329869961339588506e-02
8.099999999999988987e+00 3.767123701299059380e-01 1.289922101687203781e+00 1.132702801680997018e-01 3.878551633511500563e-01 3.885772904566029730e-03 1.330549445458491416e-02
8.149999999999987921e+00 3.825440898817050739e-01 1.276781739822460571e+00 1.164783112021730016e-01 3.887587986897945158e-01 3.985570956447324897e-03 1.330226856081419273e-02
8.199999999999988631e+00 3.878857249553240294e-01 1.263168907908767347e+00 1.195781959710304765e-01 3.894122662849335281e-01 4.081167097987390899e-03 1.329052103361548672e-02
8.249999999999989342e+00 3.927597470391288592e-01 1.249245797317857898e+00 1.225714881509474274e-01 3.898615313761057966e-01 4.172646405138638256e-03 1.327188191918658722e-02
8.299999999999988276e+00 3.971867805034239862e-01 1.235176940876829832e+00 1.254588585056894967e-01 3.901536925739166328e-01 4.260063107154145497e-03 1.324800314342671967e-02
8.349999999999987210e+00 4.011849057131859353e-01 1.221118282983394421e+00 1.282398019558845803e-01 3.903336455196883548e-01 4.343431056930894922e-03 1.322044523352036011e-02
8.399999999999987921e+00 4.047688033649890493e-01 1.207207861218778433e+00 1.309123140423563703e-01 3.904410945913915909e-01 4.422713312241772360e-03 1.319057751997945380e-02
8.449999999999988631e+00 4.079494970973285284e-01 1.193557595323472942e+00 1.334727798120329822e-01 3.905077742394714169e-01 4.497819033261434528e-03 1.315948691624167256e-02
8.499999999999987566e+00 4.107342499359961652e-01 1.180247816033396457e+00 1.359159419182359718e-01 3.905554349025361360e-01 4.568603089688606442e-03 1.312791377823651663e-02
8.549999999999986500e+00 4.131268689001214023e-01 1.167324433540097850e+00 1.382350345120164636e-01 3.905946223898295044e-01 4.634871232590664220e-03 1.309621533578641216e-02
8.599999999999987210e+00 4.151285389933188630e-01 1.154798564902409730e+00 1.404221286101449140e-01 3.906242461498094509e-01 4.696392261208863321e-03 1.306435605852206312e-02
8.649999999999987921e+00 4.167389254637059448e-01 1.142648960286644089e+00 1.424686103153848249e-01 3.906321188240793330e-01 4.752914439212174019e-03 1.303193056961066132e-02
8.699999999999986855e+00 4.179576201133723967e-01 1.130826525606354993e+00 1.443658150920611449e-01 3.905962835480835116e-01 4.804186858304866636e-03 1.299821243088465118e-02
8.749999999999985789e+00 4.187856532941465759e-01 1.119260751624644445e+00 1.461057226777429108e-01 3.904871136215641858e-01 4.849982495526738643e-03 1.296222783806023036e-02
8.799999999999986500e+00 4.192272232851592118e-01 1.107866956776659473e+00 1.476817575405841021e-01 3.902698350928091586e-01 4.890124421873648895e-03 1.292284222161620491e-02
8.849999999999987210e+00 4.192910467181110712e-01 1.096554406420081174e+00 1.490894776282417622e-01 3.899074996324145559e-01 4.924507931568682280e-03 1.287886043377092608e-02
8.899999999999986144e+00 4.189917102774218249e-01 1.085233889129563645e+00 1.503272686139525138e-01 3.893638999495389053e-01 4.953122524347697113e-03 1.282912355682171851e-02
8.949999999999985079e+00 4.183504722806978271e-01 1.073824804071864092e+00 1.513968344997752569e-01 3.886064123640827206e-01 4.976066869343480359e-03 1.277260188542590075e-02
8.999999999999985789e+00 4.173956913802474022e-01 1.062260888351998389e+00 1.523035292700334331e-01 3.876084148509890137e-01 4.993558336722410743e-03 1.270847261806522244e-02
9.049999999999986500e+00 4.161627168229130591e-01 1.050494409049722133e+00 1.530564555764004631e-01 3.863511659080061111e-01 5.005934769465267623e-03 1.263617877049898024e-02
9.099999999999985434e+00 4.146932726917677003e-01 1.038498546345149709e+00 1.536683293885396928e-01 3.848249952390754292e-01 5.013648593427073863e-03 1.255546477125858706e-02
9.149999999999984368e+00 4.130343275981343543e-01 1.026267989058874841e+00 1.541550989092572710e-01 3.830297696580365341e-01 5.017253015761021992e-03 1.246638794655937667e-02
9.199999999999985079e+00 4.112365792214955906e-01 1.013817757563453048e+00 1.545353614647193563e-01 3.809746057148170606e-01 5.017381865737645212e-03 1.236930538035121291e-02
9.249999999999985789e+00 4.093525877952394199e-01 1.001180578440762803e+00 1.548295919422203459e-01 3.786769280129664850e-01 5.014723625658961716e-03 1.226483977369932817e-02
9.299999999999984723e+00 4.074347657165457992e-01 9.884030781251397224e-01 1.550592651966972157e-01 3.761609658976973192e-01 5.009992413463565039e-03 1.215382765420670690e-02
9.349999999999983658e+00 4.055332842546897631e-01 9.755412707886363943e-01 1.552459040552369718e-01 3.734558725681840774e-01 5.003896988081775118e-03 1.203725616658128487e-02
9.399999999999984368e+00 4.036941274753685915e-01 9.626557370565437255e-01 1.554101508302214718e-01 3.705936329298318288e-01 4.997110959171112247e-03 1.191619398488206159e-02
9.449999999999985079e+00 4.019573822387707551e-01 9.498069772660522325e-01 1.555709086742251834e-01 3.676069679213531671e-01 4.990245667176432948e-03 1.179172310894477729e-02
9.499999999999984013e+00 4.003559137424214098e-01 9.370513236596059725e-01 1.557446224202445606e-01 3.645274106920028401e-01 4.983827917447830082e-03 1.166487714214410089e-02
9.549999999999982947e+00 3.989145089467644456e-01 9.244377491019104554e-01 1.559447425438101886e-01 3.613837139243167851e-01 4.978283880089714661e-03 1.153659102711307449e-02
9.599999999999983658e+00 3.976495520614971024e-01 9.120058087544727909e-01 1.561814077413495871e-01 3.582007079880560330e-01 4.973930182845531789e-03 1.140766585949223866e-02
9.649999999999984368e+00 3.965692320590227804e-01 8.997847969947573299e-01 1.564613551516864653e-01 3.549986668197492312e-01 4.970972363834363396e-03 1.127875033581412188e-02
9.699999999999983302e+00 3.956743021978921804e-01 8.877941272956473284e-01 1.567880734517643759e-01 3.517932048335499218e-01 4.969511044429936533e-03 1.115033929741838896e-02
9.749999999999982236e+00 3.949591947233181410e-01 8.760448351525774724e-01 1.571621267684071288e-01 3.485956809627075992e-01 4.969553415601810596e-03 1.102278833083661369e-02
9.799999999999982947e+00 3.944135879416263424e-01 8.645418549507819517e-01 1.575816914229219989e-01 3.454139816025247889e-01 4.971031275171044692e-03 1.089634011364432400e-02
9.849999999999983658e+00 3.940240756404171374e-01 8.532868921394463069e-01 1.580431688747736541e-01 3.422536152742448601e-01 4.973821207703344772e-03 1.077116019745853921e-02
9.899999999999982592e+00 3.937759656170869427e-01 8.422814462274774705e-01 1.585418851110739213e-01 3.391189405623576958e-01 4.977767193440315978e-03 1.064737646977576002e-02
9.949999999999981526e+00 3.936549809189854310e-01 8.315296282336926970e-01 1.590727846193540351e-01 3.360143777371682461e-01 4.982702728875619894e-03 1.052511754854090938e-02
9.999999999999982236e+00 3.936487235583119304e-01 8.210405006955107110e-01 1.596310589883456199e-01 3.329454835103287103e-01 4.988470593385804959e-03 1.040454635969778087e-02
1.004999999999998295e+01 3.937478504420506842e-01 8.108295962512609423e-01 1.602126847196185810e-01 3.299197349768326348e-01 4.994939508016171988e-03 1.028588417698621596e-02
1.009999999999998188e+01 3.939468389177769869e-01 8.009194867171290921e-01 1.608148145719950906e-01 3.269469532928405142e-01 5.002016005349773330e-03 1.016942311952848295e-02
1.014999999999998082e+01 3.942443181227093252e-01 7.913393136748195777e-01 1.614360055098298385e-01 3.240393125026357346e-01 5.009651063144451855e-03 1.005552560132307212e-02
1.019999999999998153e+01 3.946429847590188222e-01 7.821233185379553587e-01 1.620762834860102197e-01 3.212109313783507725e-01 5.017841593994129372e-03 9.944610878586720298e-03
1.024999999999998224e+01 3.951491116952979832e-01 7.733085227223512881e-01 1.627370414401960730e-01 3.184770948070982932e-01 5.026626762631543170e-03 9.837130341532001818e-03
1.029999999999998117e+01 3.957717629386798275e-01 7.649317782313516112e-01 1.634208108581622909e-01 3.158531839703572208e-01 5.036080457878656935e-03 9.733534174741370962e-03
1.034999999999998010e+01 3.965217760432479532e-01 7.570265110797709252e-01 1.641309272356334947e-01 3.133534416327427019e-01 5.046300606783509814e-03 9.634233409154280628e-03
1.039999999999998082e+01 3.974106455423075390e-01 7.496194542071865641e-01 1.648711412252641395e-01 3.109896936231952846e-01 5.057396970100130895e-03 9.539561154085753059e-03
1.044999999999998153e+01 3.984494194347898421e-01 7.427277203008770812e-01 1.656452201901910115e-01 3.087701745057563896e-01 5.069478812247625588e-03 9.449737551821168341e-03
1.049999999999998046e+01 3.996477023570234599e-01 7.363566242044677912e-01 1.664565787372922490e-01 3.066986340037033409e-01 5.082643625566179990e-03 9.364843786372629639e-03
1.054999999999997939e+01 4.010128936079485062e-01 7.304981429925657688e-01 1.673079923450826456e-01 3.047736859937083542e-01 5.096968540596582588e-03 9.284803838346036148e-03
1.059999999999998010e+01 4.025496692457701253e-01 7.251307992590649842e-01 1.682013993951326780e-01 3.029887352991965654e-01 5.112504540885496468e-03 9.209384051647321115e-03
1.064999999999998082e+01 4.042597874081420017e-01 7.202204544560633082e-01 1.691378262236656882e-01 3.013322765777166068e-01 5.129274487450062592e-03 9.138203990226440032e-03
1.069999999999997975e+01 4.061422435239017137e-01 7.157222385957260347e-01 1.701174478001906687e-01 2.997886639599915970e-01 5.147275273833308226e-03 9.070761390620026010e-03
1.074999999999997868e+01 4.081936639964438562e-01 7.115835677883866062e-01 1.711397386460355996e-01 2.983393338931860095e-01 5.166482676106739190e-03 9.006470457152792111e-03
1.079999999999997939e+01 4.104089765629024833e-01 7.077478432153926358e-01 1.722037304444150596e-01 2.969643106648760522e-01 5.186859350735398451e-03 8.944708152556516897e-03
1.084999999999998010e+01 4.127822242987032042e-01 7.041586542555973161e-01 1.733083210642502037e-01 2.956439181440856379e-01 5.208364269398958919e-03 8.884866059927450099e-03
1.089999999999997904e+01 4.153074468771424943e-01 7.007641161213349346e-01 1.744526031530139187e-01 2.943605398189553801e-01 5.230962613283780989e-03 8.826402993072133760e-03
1.094999999999997797e+01 4.179795292983735089e-01 6.975209718108325019e-01 1.756361708604570193e-01 2.931002692628663642e-01 5.254634879894006828e-03 8.768893620429816724e-03
1.099999999999997868e+01 4.207949190962039787e-01 6.943981240662838728e-01 1.768593639960396313e-01 2.918543095676695565e-01 5.279383999881784480e-03 8.712068942318500903e-03
1.104999999999997939e+01 4.237521317690232103e-01 6.913792741160288413e-01 1.781234173768062590e-01 2.906199869601345798e-01 5.305239534677779270e-03 8.655844734479072392e-03
1.109999999999997833e+01 4.268519795604157063e-01 6.884644449467096639e-01 1.794304902098169396e-01 2.894012884186080159e-01 5.332258252892038350e-03 8.600335465634718901e-03
1.114999999999997726e+01 4.300974791666810626e-01 6.856702841808874904e-01 1.807835595634131876e-01 2.882088844167323138e-01 5.360520669041167648e-03 8.545852762542108932e-03
1.119999999999997797e+01 4.334934823530305348e-01 6.830288400449656683e-01 1.821861992731244051e-01 2.870595139891454206e-01 5.390124238849839690e-03 8.492885029264665708e-03
1.124999999999997868e+01 4.370459433844067210e-01 6.805855512620294645e-01 1.836422115503770769e-01 2.859750506208471599e-01 5.421172296690103184e-03 8.442067915006564588e-03
1.129999999999997762e+01 4.407610383951209299e-01 6.783956523700003238e-01 1.851552044039233014e-01 2.849809187732659232e-01 5.453761543561812426e-03 8.394136046340684720e-03
1.134999999999997655e+01 4.446440859070395768e-01 6.765201288924171941e-01 1.867280963766645430e-01 2.841043428495915180e-01 5.487967564339889769e-03 8.349870473169488522e-03
1.139999999999997726e+01 4.486984336262164752e-01 6.750211053223812430e-01 1.883626200448218491e-01 2.833723821064089154e-01 5.523830499848153726e-03 8.310040530979742254e-03
1.144999999999997797e+01 4.529244060507899294e-01 6.739571420243752886e-01 1.900588655435282437e-01 2.828099526695574406e-01 5.561342078815754639e-03 8.275346091281863409e-03
1.149999999999997691e+01 4.573184128478296473e-01 6.733788397895177358e-01 1.918149070286341296e-01 2.824380036328311139e-01 5.600435241711949896e-03 8.246365069571718470e-03
1.154999999999997584e+01 4.618723399140284847e-01 6.733250601052895856e-01 1.936265635760925363e-01 2.822719749403493905e-01 5.640977817220473728e-03 8.223509830745804119e-03
1.159999999999997655e+01 4.665732144166449546e-01 6.738201272517323481e-01 1.954872906533736687e-01 2.823206883593731842e-01 5.682770077132961659e-03 8.206996754632951002e-03
1.164999999999997726e+01 4.714033193421682255e-01 6.748720970453740975e-01 1.973882749243988100e-01 2.825857043524676593e-01 5.725548221157331606e-03 8.196829712906974000e-03
1.169999999999997620e+01 4.763406417107111102e-01 6.764723311909640602e-01 1.993186823555441745e-01 2.830612420950062713e-01 5.768992253416625055e-03 8.192800060636948670e-03
1.174999999999997513e+01 4.813597012926350560e-01 6.785962845297728308e-01 2.012660771064671561e-01 2.837346204087423107e-01 5.812738688995447087e-03 8.194501672454659533e-03
1.179999999999997584e+01 4.864326932330449993e-01 6.812054430993705889e-01 2.032169804527539370e-01 2.845871898423422142e-01 5.856397131203290585e-03 8.201359937819669224e-03
1.184999999999997655e+01 4.915308351915432805e-01 6.842502251290085713e-01 2.051575202672638598e-01 2.855956724974955119e-01 5.899569238454754547e-03 8.212672106326262753e-03
1.189999999999997549e+01 4.966258662826083525e-01 6.876735298185144840e-01 2.070741449596217310e-01 2.867337725770016110e-01 5.941869295828463085e-03 8.227654880258304659e-03
1.194999999999997442e+01 5.016915260563236112e-01 6.914146763570913068e-01 2.089543252976064913e-01 2.879739435400374692e-01 5.982944174591459802e-03 8.245495878025419986e-03
1.199999999999997513e+01 5.067049345976505359e-01 6.954133452376910496e-01 2.107872065811464690e-01 2.892891433518377520e-01 6.022491616604190925e-03 8.265404095766801240e-03
1.204999999999997584e+01 5.116477570708846123e-01 6.996132916755568587e-01 2.125641580490261751e-01 2.906544751730819609e-01 6.060275354213154851e-03 8.286656455397927584e-03
1.209999999999997478e+01 5.165070218807303881e-01 7.039653147550090084e-01 2.142791614937055167e-01 2.920484930042022143e-01 6.096135462125341388e-03 8.308634224870626098e-03
1.214999999999997371e+01 5.212756094858039813e-01 7.084296698332595010e-01 2.159290434766344413e-01 2.934542460723544854e-01 6.129994137022986428e-03 8.330851556347902004e-03
1.219999999999997442e+01 5.259522465331677443e-01 7.129772683709946213e-01 2.175134816897850154e-01 2.948597881866209525e-01 6.161855005376352945e-03 8.352968503870291522e-03
1.224999999999997513e+01 5.305411297834043971e-01 7.175900353409014887e-01 2.190348373821261463e-01 2.962583066125273890e-01 6.191797523169649715e-03 8.374793119788769349e-03
1.229999999999997407e+01 5.350511000126880745e-01 7.222601915259162508e-01 2.204977829172656278e-01 2.976477777862480689e-01 6.219965667623860751e-03 8.396270177327176329e-03
1.234999999999997300e+01 5.394945016591520259e-01 7.269887258234755123e-01 2.219087838580364735e-01 2.990302654241225877e-01 6.246552677214263667e-03 8.417459969714930282e-03
1.239999999999997371e+01 5.438857139261658036e-01 7.317830667076852258e-01 2.232754339098326213e-01 3.004108722907309348e-01 6.271781851399800198e-03 8.438507648616047629e-03
1.244999999999997442e+01 5.482396162169608234e-01 7.366544558505053741e-01 2.246057554953355684e-01 3.017965606663310929e-01 6.295886629161480397e-03 8.459609268853017852e-03
1.249999999999997335e+01 5.525699351262498560e-01 7.416150347763339479e-01 2.259074486390394432e-01 3.031948532277562447e-01 6.319089472420691064e-03 8.480974915461722552e-03
1.254999999999997229e+01 5.568876839433719583e-01 7.466750718977595014e-01 2.271871787349721838e-01 3.046125958738820083e-01 6.341582100069013961e-03 8.502794022997414020e-03
1.259999999999997300e+01 5.611998741489840903e-01 7.518405840576931620e-01 2.284499795915999609e-01 3.060548905941473663e-01 6.363509180824518385e-03 8.525205866132246763e-03
1.264999999999997371e+01 5.655083526791512272e-01 7.571114666766176615e-01 2.296987143013333732e-01 3.075242472626830703e-01 6.384953837424145288e-03 8.548276504869587594e-03
1.269999999999997264e+01 5.698092078129221028e-01 7.624804531705746680e-01 2.309337756350811066e-01 3.090200851166997609e-01 6.405929976007804401e-03 8.571985717522887308e-03
1.274999999999997158e+01 5.740924713747591612e-01 7.679328301613587149e-01 2.321529153714507743e-01 3.105385529695118274e-01 6.426378280178575604e-03 8.596222919571272145e-03
1.279999999999997229e+01 5.783422723107954910e-01 7.734470134980948597e-01 2.333512656908353078e-01 3.120727088190196064e-01 6.446167560520319438e-03 8.620793061298892904e-03
1.284999999999997300e+01 5.825374318323566225e-01 7.789958442830284824e-01 2.345215484954185081e-01 3.136130001090245978e-01 6.465101267964679099e-03 8.645430740427978433e-03
1.289999999999997193e+01 5.866524261601068213e-01 7.845484853593412966e-01 2.356544421938321365e-01 3.151479947019159011e-01 6.482928258427302776e-03 8.669821037191645027e-03
1.294999999999997087e+01 5.906585925140653837e-01 7.900727083114477134e-01 2.367390561114701697e-01 3.166652777012314290e-01 6.499356379175579360e-03 8.693624645195107900e-03
1.299999999999997158e+01 5.945256106465425239e-01 7.955373018376534766e-01 2.377635254012998578e-01 3.181524060291690548e-01 6.514069189076716025e-03 8.716504274771764288e-03
1.304999999999997229e+01 5.982229663931254438e-01 8.009144018820856248e-01 2.387156090830222510e-01 3.195978422918061002e-01 6.526742558660902568e-03 8.738150165189513194e-03
1.309999999999997122e+01 6.017214770921269773e-01 8.061814478717076460e-01 2.395833233917679106e-01 3.209917509863438045e-01 6.537062029789035555e-03 8.758301527594655050e-03
1.314999999999997016e+01 6.049946458864695620e-01 8.113226102134057927e-01 2.403555171898352771e-01 3.223265972873488039e-01 6.544738385019349333e-03 8.776762349553416179e-03
1.319999999999997087e+01 6.080198156343721294e-01 8.163295111834254492e-01 2.410223773920416868e-01 3.235974789989883305e-01 6.549521124783749294e-03 8.793409755407302977e-03
1.324999999999997158e+01 6.107790106215901238e-01 8.212012221534452650e-01 2.415758189304152426e-01 3.248021858945063789e-01 6.551208648960421196e-03 8.808194871715437774e-03
1.329999999999997051e+01 6.132595137603779056e-01 8.259434387675915756e-01 2.420097765535809131e-01 3.259409476363113178e-01 6.549655657742387178e-03 8.821135254027381509e-03
1.334999999999996945e+01 6.154540493444499161e-01 8.305670350504004151e-01 2.423203447471290461e-01 3.270159494171647196e-01 6.544776360489651564e-03 8.832301132131400306e-03
1.339999999999997016e+01 6.173606547189425253e-01 8.350860282753942432e-01 2.425057963644157155e-01 3.280306264608277012e-01 6.536544376399353561e-03 8.841795861477846907e-03
1.344999999999997087e+01 6.189822990438894612e-01 8.395152475696565642e-01 2.425665000351765466e-01 3.289888509634056879e-01 6.524989913521905827e-03 8.849733717912739925e-03
1.349999999999996980e+01 6.203262286653231650e-01 8.438678185400783072e-01 2.425047254198215985e-01 3.298940527889454022e-01 6.510193971001929959e-03 8.856216182253578637e-03
1.354999999999996874e+01 6.214031694296838770e-01 8.481528174280549282e-01 2.423243850786362952e-01 3.307484094820395404e-01 6.492280913024423006e-03 8.861310367904620677e-03
1.359999999999996945e+01 6.222264360639808700e-01 8.523732482409785982e-01 2.420307301658357613e-01 3.315521612205757362e-01 6.471409897482247389e-03 8.865031048678506317e-03
1.364999999999997016e+01 6.228110331286561552e-01 8.565245453337491099e-01 2.416300311679641100e-01 3.323031249871375437e-01 6.447766008484707469e-03 8.867328218469324938e-03
1.369999999999996909e+01 6.231727958078420171e-01 8.605937714932262450e-01 2.411292611276394382e-01 3.329964684709987854e-01 6.421551561321963905e-03 8.868081716937394748e-03
1.374999999999996803e+01 6.233276403171845725e-01 8.645595756869675075e-01 2.405358076648109744e-01 3.336247622620912012e-01 6.392978276805615437e-03 8.867103315935990354e-03
1.379999999999996874e+01 6.232909448861814194e-01 8.683929160387232615e-01 2.398572215695440324e-01 3.341783059430747937e-01 6.362260519086056915e-03 8.864146046235416368e-03
1.384999999999996945e+01 6.230771290453291922e-01 8.720585300188228306e-01 2.391010283171478568e-01 3.346457148888090094e-01 6.329610279739196488e-03 8.858920314726919168e-03
1.389999999999996838e+01 6.226993574292075673e-01 8.755169538964266973e-01 2.382745745585599373e-01 3.350146860111284375e-01 6.295233145536598303e-03 8.851114557757697870e-03
1.394999999999996732e+01 6.221694087636431281e-01 8.787270636698311099e-01 2.373849266740726272e-01 3.352729283014782014e-01 6.259325686857558288e-03 8.840419994765421480e-03
1.399999999999996803e+01 6.214976850854585511e-01 8.816487335259290958e-01 2.364388132682155863e-01 3.354091017179449685e-01 6.222074033374102274e-03 8.826555308366984542e-03
1.404999999999996874e+01 6.206933443357477431e-01 8.842454873470450005e-01 2.354426072405493287e-01 3.354137189991585055e-01 6.183653505989484579e-03 8.809290059071803874e-03
1.409999999999996767e+01 6.197643745502767754e-01 8.864870563713085350e-01 2.344022809458949919e-01 3.352799815143135409e-01 6.144227547729890458e-03 8.788466094739554729e-03
1.414999999999996660e+01 6.187178813751806894e-01 8.883511971311952582e-01 2.333234405780109100e-01 3.350043113277312301e-01 6.103948739777925216e-03 8.764010760699323874e-03
1.419999999999996732e+01 6.175601207638613532e-01 8.898252641351480641e-01 2.322112654300567680e-01 3.345867773017456859e-01 6.062957321933604669e-03 8.735947188035145597e-03
1.424999999999996803e+01 6.162967347657545281e-01 8.909066789130916098e-01 2.310705286477081621e-01 3.340311016745324268e-01 6.021381854011947227e-03 8.704393528978055308e-03
1.429999999999996696e+01 6.149327357066843858e-01 8.916029319621903149e-01 2.299055307220572164e-01 3.333444999159790867e-01 5.979337600053510719e-03 8.669557865175019779e-03
1.434999999999996589e+01 6.134725590680597529e-01 8.919306555748972576e-01 2.287200693586112221e-01 3.325371907686741069e-01 5.936925875629111768e-03 8.631724614371824589e-03
1.439999999999996660e+01 6.119200232592398869e-01 8.919141072179106455e-01 2.275173868271700428e-01 3.316217140071225367e-01 5.894232819356744028e-03 8.591236114174170477e-03
1.444999999999996732e+01 6.102782731901701396e-01 8.915831334957646792e-01 2.263001251980008011e-01 3.306120889406869989e-01 5.851328382624461887e-03 8.548470302280217203e-03
1.449999999999996625e+01 6.085497220321202105e-01 8.909708173554219401e-01 2.250702954600336536e-01 3.295228932794880827e-01 5.808265689291199595e-03 8.503816600760995617e-03
1.454999999999996518e+01 6.067360296842766454e-01 8.901110111299984640e-01 2.238292746697606583e-01 3.283683385350765205e-01 5.765081124784570722e-03 8.457651990600823649e-03
1.459999999999996589e+01 6.048381235449767912e-01 8.890360002602329947e-01 2.225778322844295110e-01 3.271614305675086820e-01 5.721795174406935948e-03 8.410319551863987969e-03
1.464999999999996660e+01 6.028563391388810366e-01 8.877744349882894515e-01 2.213162126748818848e-01 3.259132614278245077e-01 5.678414693390177424e-03 8.362110620341882752e-03
1.469999999999996554e+01 6.007906034194429035e-01 8.863497974527886347e-01 2.200442431574620716e-01 3.246325246154089239e-01 5.634935804288408213e-03 8.313252871073222375e-03
1.474999999999996447e+01 5.986407432264683193e-01 8.847794254736304209e-01 2.187614954227533604e-01 3.233252537952850947e-01 5.591348125821180189e-03 8.263904250358736214e-03
1.479999999999996518e+01 5.964068664689423649e-01 8.830741931467950279e-01 2.174674782292211894e-01 3.219948137249323827e-01 5.547639750745445887e-03 8.214153411350327144e-03
1.484999999999996589e+01 5.940898026150556177e-01 8.812388268169387695e-01 2.161618536243505861e-01 3.206421275908130086e-01 5.503802765737768679e-03 8.164026163992702673e-03
1.489999999999996483e+01 5.916915662119648367e-01 8.792727877828351302e-01 2.148446606723002361e-01 3.192661084202735866e-01 5.459838898914879876e-03 8.113497037364015424e-03
1.494999999999996376e+01 5.892158012034623971e-01 8.771715994863070742e-01 2.135165287614021468e-01 3.178642437420475808e-01 5.415764838589788750e-03 8.062504597135016632e-03
1.499999999999996447e+01 5.866681615361800661e-01 8.749284587693728632e-01 2.121788621159184096e-01 3.164332700933032982e-01 5.371616762428321930e-03 8.010968863121614367e-03
1.504999999999996518e+01 5.840565759032545490e-01 8.725359510835326571e-01 2.108339748544000303e-01 3.149698682628606083e-01 5.327453565493375440e-03 7.958809052757070263e-03
1.509999999999996412e+01 5.813913769351947147e-01 8.699876833281846578e-01 2.094851682392482317e-01 3.134713094108947939e-01 5.283358593675876839e-03 7.905959884259652209e-03
1.514999999999996305e+01 5.786852452826242166e-01 8.672796672595530776e-01 2.081367315191585687e-01 3.119359906407603855e-01 5.239439434088328899e-03 7.852384912291020952e-03
1.519999999999996376e+01 5.759529632446743763e-01 8.644113237227643021e-01 2.067938643612413641e-01 3.103638134322930231e-01 5.195825737719639119e-03 7.798085764630488005e-03
1.524999999999996447e+01 5.732109886888142603e-01 8.613860059041352768e-01 2.054625251436567046e-01 3.087563696245764211e-01 5.152665207364438837e-03 7.743106448265250040e-03
1.529999999999996341e+01 5.704768542470948223e-01 8.582110161981140184e-01 2.041492077458153531e-01 3.071169281123701800e-01 5.110117840946573620e-03 7.687532618582492913e-03
1.534999999999996234e+01 5.677684438160115477e-01 8.548971257301553051e-01 2.028606666923402635e-01 3.054502284652932387e-01 5.068348949215254438e-03 7.631486032861803381e-03
1.539999999999996305e+01 5.651031868755964638e-01 8.514576756633551735e-01 2.016036065239084074e-01 3.037621131908175842e-01 5.027521359698470735e-03 7.575115042165037407e-03
1.544999999999996376e+01 5.624972271804044022e-01 8.479073759669563115e-01 2.003843570747214642e-01 3.020590434618443121e-01 4.987787357180378627e-03 7.518582289031604422e-03
1.549999999999996270e+01 5.599646492124729091e-01 8.442609471684945355e-01 1.992085658290092542e-01 3.003475535596909496e-01 4.949281138608932311e-03 7.462051020116555917e-03
1.554999999999996163e+01 5.575168145082204374e-01 8.405317738856838972e-01 1.980809271828206652e-01 2.986337071192358694e-01 4.912112267397915170e-03 7.405671596261284226e-03
1.559999999999996234e+01 5.551618643853835078e-01 8.367307442189925171e-01 1.970049698674438687e-01 2.969226195580275673e-01 4.876360640283271437e-03 7.349569791040296875e-03
1.564999999999996305e+01 5.529044628065150624e-01 8.328653949937191436e-01 1.959829297185494701e-01 2.952180912838575644e-01 4.842073618741191653e-03 7.293837956364619506e-03
1.569999999999996199e+01 5.507457633129946295e-01 8.289395193047837118e-01 1.950157029791076413e-01 2.935224088006556653e-01 4.809265178276398052e-03 7.238530426649965321e-03
1.574999999999996092e+01 5.486836650775074320e-01 8.249532558128539472e-01 1.941029041225393881e-01 2.918363219287740673e-01 4.777917639939437827e-03 7.183663309015987132e-03
1.579999999999996163e+01 5.467133042483331984e-01 8.209037091435892330e-01 1.932430100606704615e-01 2.901592159769723622e-01 4.747985505176184444e-03 7.129219065773286131e-03
1.584999999999996234e+01 5.448277637681666619e-01 8.167860356130494104e-01 1.924335858817356470e-01 2.884894570057696672e-01 4.719401247865994027e-03 7.075155291373882993e-03
1.589999999999996128e+01 5.430189543383012740e-01 8.125949053165689717e-01 1.916715765538145044e-01 2.868248803421900028e-01 4.692082657376126821e-03 7.021416899441625288e-03
1.594999999999996021e+01 5.412785865926136308e-01 8.083261980626275101e-01 1.909536375665581431e-01 2.851633736927718932e-01 4.665941052328855497e-03 6.967950487300484351e-03
1.599999999999996092e+01 5.395991642701440938e-01 8.039787466410248662e-01 1.902764808733214963e-01 2.835034906229231266e-01 4.640889777398091685e-03 6.914719283485939311e-03
1.604999999999996163e+01 5.379749157417054173e-01 7.995559818118737061e-01 1.896372078928292293e-01 2.818450442726823102e-01 4.616852291973937497e-03 6.861717450339200643e-03
1.609999999999995879e+01 5.364025864289680978e-01 7.950672524259935203e-01 1.890336027943760877e-01 2.801896019750337308e-01 4.593769205209632424e-03 6.808981821993540483e-03
1.614999999999995950e+01 5.348820180011055747e-01 7.905286432887483894e-01 1.884643599701997241e-01 2.785408179401842599e-01 4.571603637845967488e-03 6.756599586177918122e-03
1.619999999999996021e+01 5.334164985731958408e-01 7.859633357885180693e-01 1.879292395665201898e-01 2.769046184679146982e-01 4.550344783692989413e-03 6.704712311571794231e-03
1.624999999999996092e+01 5.320128096263816442e-01 7.814011635525938138e-01 1.874291237206398009e-01 2.752891146771523356e-01 4.530009032523022242e-03 6.653513345671364584e-03
1.629999999999996163e+01 5.306809705849805381e-01 7.768776294060527610e-01 1.869659721199260494e-01 2.737043332079810432e-01 4.510638651867944146e-03 6.603240849408477386e-03
1.634999999999995879e+01 5.294337554414608737e-01 7.724322858339408571e-01 1.865427009689160087e-01 2.721617264371598566e-01 4.492298638625317163e-03 6.554165597523426388e-03
1.639999999999995950e+01 5.282859678692483074e-01 7.681066499445321494e-01 1.861629782255734833e-01 2.706735182183244159e-01 4.475071591960907980e-03 6.506574957171269540e-03
1.644999999999996021e+01 5.272534987104219306e-01 7.639417548074232123e-01 1.858309411382911280e-01 2.692519169961364867e-01 4.459050777163560929e-03 6.460753857135857585e-03
1.649999999999995737e+01 5.263523872021785843e-01 7.599756453722137373e-01 1.855509118872838981e-01 2.679083014337617641e-01 4.444333218857106013e-03 6.416965303802687169e-03
1.654999999999995808e+01 5.255977603432793188e-01 7.562408629205341626e-01 1.853270651363693178e-01 2.666523913072265106e-01 4.431011718741651589e-03 6.375430754506321643e-03
1.659999999999995879e+01 5.250029061943585207e-01 7.527622840766453605e-01 1.851631361646181029e-01 2.654915309258731870e-01 4.419167927556524531e-03 6.336313387252353116e-03
1.664999999999995950e+01 5.245784476056757351e-01 7.495554076430316348e-01 1.850621567327782602e-01 2.644301171012032325e-01 4.408866152061430288e-03 6.299704993477156165e-03
1.669999999999996021e+01 5.243317422604558686e-01 7.466252470853338430e-01 1.850262623924479044e-01 2.634692270974796635e-01 4.400148927287708851e-03 6.265617766884186597e-03
1.674999999999995737e+01 5.242664781753350045e-01 7.439660425544944999e-01 1.850565600702467339e-01 2.626065223994074049e-01 4.393034066949483805e-03 6.233982727582381388e-03
1.679999999999995808e+01 5.243825964961807973e-01 7.415615846059926408e-01 1.851531026029444860e-01 2.618363558943083147e-01 4.387514279690633845e-03 6.204652983277457456e-03
1.684999999999995879e+01 5.246764359279950662e-01 7.393864438914588000e-01 1.853149329965834147e-01 2.611501869070633752e-01 4.383558438712802270e-03 6.177414237896245233e-03
1.689999999999995595e+01 5.251411401197418893e-01 7.374076927841538565e-01 1.855402135699013577e-01 2.605371591646065133e-01 4.381114842264501388e-03 6.151999035764034972e-03
1.694999999999995666e+01 5.257672826299660818e-01 7.355874320495371377e-01 1.858264245719054575e-01 2.599849533695656190e-01 4.380116077122115856e-03 6.128107327508922585e-03
1.699999999999995737e+01 5.265436342947306114e-01 7.338853312676985041e-01 1.861706064640726854e-01 2.594806361683549278e-01 4.380484857978187221e-03 6.105426733373066003e-03
1.704999999999995808e+01 5.274580234184454985e-01 7.322616143722456838e-01 1.865696294028044155e-01 2.590116596083076317e-01 4.382140443988365684e-03 6.083656127030135329e-03
1.709999999999995879e+01 5.284982169781580197e-01 7.306797565502295422e-01 1.870204657194953768e-01 2.585667538164637680e-01 4.385005057901422351e-03 6.062526466974541006e-03
1.714999999999995595e+01 5.296527336604353042e-01 7.291090047557927667e-01 1.875204352719404000e-01 2.581367549783131210e-01 4.389009602620027803e-03 6.041819894167665614e-03
1.719999999999995666e+01 5.309115489332059123e-01 7.275263735734703863e-01 1.880674111895062062e-01 2.577152482837890002e-01 4.394098392278189026e-03 6.021384305696013926e-03
1.724999999999995737e+01 5.322666182324724549e-01 7.259180772449647101e-01 1.886599615134167962e-01 2.572990148615963424e-01 4.400232338505354404e-03 6.001143203769019469e-03
1.729999999999995453e+01 5.337121938852685821e-01 7.242801658258620767e-01 1.892974197576197115e-01 2.568882033111834495e-01 4.407390448372992126e-03 5.981099029364000952e-03
1.734999999999995524e+01 5.352449117285708047e-01 7.226184483507963607e-01 1.899798774283087965e-01 2.564862574812049045e-01 4.415569492813692029e-03 5.961330795611976402e-03
1.739999999999995595e+01 5.368636534086788092e-01 7.209476725878433134e-01 1.907081019252835352e-01 2.560995913091100862e-01 4.424781947222362205e-03 5.941985877241541883e-03
1.744999999999995666e+01 5.385692035936009425e-01 7.192900635963785927e-01 1.914833876272814539e-01 2.557370476162773576e-01 4.435052405959044250e-03 5.923266881674065301e-03
1.749999999999995737e+01 5.403637438764257173e-01 7.176733574288132189e-01 1.923073555963661363e-01 2.554091889271216109e-01 4.446412846158761395e-03 5.905414772881433655e-03
1.754999999999995453e+01 5.422502322878274272e-01 7.161284927221852614e-01 1.931817195040380630e-01 2.551274768960800632e-01 4.458897161085709736e-03 5.888689599447904412e-03
1.759999999999995524e+01 5.442317311991845541e-01 7.146871708059495676e-01 1.941080399853066796e-01 2.549034133348136999e-01 4.472535483532418671e-03 5.873350537668527160e-03
1.764999999999995595e+01 5.463107457765853381e-01 7.133794734641886182e-01 1.950874891675205003e-01 2.547477079257209898e-01 4.487348802013129030e-03 5.859636755048219792e-03
1.769999999999995310e+01 5.484886293526016754e-01 7.122317394915275157e-01 1.961206449062329327e-01 2.546695420771787344e-01 4.503344314724069992e-03 5.847750679154516129e-03
1.774999999999995381e+01 5.507651131786681642e-01 7.112648322142531843e-01 1.972073345987829240e-01 2.546759742012216776e-01 4.520511967880417800e-03 5.837844680830306214e-03
1.779999999999995453e+01 5.531379897062259632e-01 7.104929601333123124e-01 1.983465383570841567e-01 2.547715430725804309e-01 4.538822388033969188e-03 5.830012427290178802e-03
1.784999999999995524e+01 5.556029795622795531e-01 7.099230572550754292e-01 1.995363617226417752e-01 2.549580710659485883e-01 4.558226424275090179e-03 5.824284890141609612e-03
1.789999999999995595e+01 5.581537820920956516e-01 7.095547791932221848e-01 2.007740773243905652e-01 2.552346874183231140e-01 4.578656267374934218e-03 5.820631412048426351e-03
1.794999999999995310e+01 5.607822969492605170e-01 7.093810626348074910e-01 2.020562304296316114e-01 2.555980533513961817e-01 4.600028012057643008e-03 5.818965358028380108e-03
1.799999999999995381e+01 5.634789947631229090e-01 7.093891338683645520e-01 2.033787998994031065e-01 2.560427487957659398e-01 4.622245452259169003e-03 5.819153381721962719e-03
1.804999999999995453e+01 5.662333881164225424e-01 7.095618904851024311e-01 2.047373963084402337e-01 2.565617941761938470e-01 4.645204680849474022e-03 5.821027661399755596e-03
1.809999999999995168e+01 5.690345720509787375e-01 7.098794618565281711e-01 2.061274852978639549e-01 2.571472376619993172e-01 4.668799213994660920e-03 5.824399494043028779e-03
1.814999999999995239e+01 5.718717459124689206e-01 7.103208330000163606e-01 2.075446033046532968e-01 2.577907661250045113e-01 4.692924891004039006e-03 5.829073287168002639e-03
1.819999999999995310e+01 5.747347255820278722e-01 7.108653416785787327e-01 2.089845677667325763e-01 2.584842703224576876e-01 4.717484599700517631e-03 5.834859375224788272e-03
1.824999999999995381e+01 5.776143432496011476e-01 7.114939611321281498e-01 2.104436433276549723e-01 2.592203312402308057e-01 4.742391962313358654e-03 5.841584929357323229e-03
1.829999999999995453e+01 5.805027540918743512e-01 7.121902389315923898e-01 2.119186697584076740e-01 2.599925788214588751e-01 4.767574122798830250e-03 5.849101885747115190e-03
1.834999999999995168e+01 5.833935592208965293e-01 7.129408540989763399e-01 2.134071174238211244e-01 2.607959072604890682e-01 4.792972878693351098e-03 5.857291572386063606e-03
1.839999999999995239e+01 5.862818301976336910e-01 7.137357514926228053e-01 2.149071003097702270e-01 2.616265298363213976e-01 4.818544849994855876e-03 5.866065691397350131e-03
1.844999999999995310e+01 5.891639587839516690e-01 7.145679004317418981e-01 2.164173180865779367e-01 2.624818886093865933e-01 4.844260057897667102e-03 5.875364042739496945e-03
1.849999999999995026e+01 5.920373958381667245e-01 7.154327219449889697e-01 2.179369501145919097e-01 2.633604338660597843e-01 4.870099443901502491e-03 5.885149360135423328e-03
1.854999999999995097e+01 5.949002967963424870e-01 7.163272804355940160e-01 2.194655078459408770e-01 2.642613077036640723e-01 4.896051485687479173e-03 5.895400060315995547e-03
1.859999999999995168e+01 5.977511131133995681e-01 7.172493478108832310e-01 2.210026605502708463e-01 2.651839715003257991e-01 4.922108252790004766e-03 5.906101815152032218e-03
1.864999999999995239e+01 6.005881712792645599e-01 7.181964565404332923e-01 2.225480505945541809e-01 2.661278210100974650e-01 4.948261269473141523e-03 5.917238932964933619e-03
1.869999999999995310e+01 6.034092807993501895e-01 7.191650535806977107e-01 2.241011148659970420e-01 2.670918320424222614e-01 4.974497555294060333e-03 5.928786504826252975e-03
1.874999999999995026e+01 6.062114096130543084e-01 7.201498516780637793e-01 2.256609282403125860e-01 2.680742747905808798e-01 5.000796193691145648e-03 5.940704150483796207e-03
1.879999999999995097e+01 6.089904516373300103e-01 7.211434469665846114e-01 2.272260801860335189e-01 2.690725253006861495e-01 5.027125667832608134e-03 5.952931975678907306e-03
1.884999999999995168e+01 6.117411195191470030e-01 7.221362485123873354e-01 2.287945989332935692e-01 2.700829943938624078e-01 5.053442273512842586e-03 5.965389163862238643e-03
1.889999999999994884e+01 6.144569540360302895e-01 7.231167159080996720e-01 2.303639222223714533e-01 2.711011760986308250e-01 5.079689574914484154e-03 5.977975217169377922e-03
1.894999999999994955e+01 6.171304617643614820e-01 7.240718830021419805e-01 2.319309210988125258e-01 2.721218108182784645e-01 5.105799033545688204e-03 5.990573710914230167e-03
1.899999999999995026e+01 6.197533558229754158e-01 7.249881024390032458e-01 2.334919692896872956e-01 2.731391418208451993e-01 5.131691632740387719e-03 6.003058061996606985e-03
1.904999999999995097e+01 6.223168846548784439e-01 7.258519313635153347e-01 2.350430541534647144e-01 2.741472375532375549e-01 5.157280398320682191e-03 6.015298684656895066e-03
1.909999999999995168e+01 6.248122165984897336e-01 7.266510571823848741e-01 2.365799183024079877e-01 2.751403432513847003e-01 5.182473566317817235e-03 6.027170717445457307e-03
1.914999999999994884e+01 6.272308321879380699e-01 7.273751633480912693e-01 2.380982144211205576e-01 2.761132245418050912e-01 5.207178008116368495e-03 6.038561499000668492e-03
1.919999999999994955e+01 6.295649175480272364e-01 7.280166381842416712e-01 2.395936708457484521e-01 2.770614656526457775e-01 5.231302856894079305e-03 6.049376979315419962e-03
1.924999999999995026e+01 6.318077021296935047e-01 7.285710478269995516e-01 2.410622458922040412e-01 2.779816904561263069e-01 5.254762853236063895e-03 6.059546385964615159e-03
1.929999999999994742e+01 6.339537183000099052e-01 7.290373274661859915e-01 2.425002611960029864e-01 2.788716861007853876e-01 5.277481201218790427e-03 6.069024724717864833e-03
1.934999999999994813e+01 6.359989800698395701e-01 7.294176473091616986e-01 2.439045113331190784e-01 2.797304090097098017e-01 5.299391881219326327e-03 6.077792699830750038e-03
1.939999999999994884e+01 6.379410595804473338e-01 7.297169858980642188e-01 2.452723395771292392e-01 2.805578817549352344e-01 5.320441205577649928e-03 6.085854268002943539e-03
1.944999999999994955e+01 6.397790622820425099e-01 7.299424287713044412e-01 2.466016776002463162e-01 2.813549834602869781e-01 5.340588578240318754e-03 6.093231910347318529e-03
1.949999999999995026e+01 6.415135138531977699e-01 7.301022728746985324e-01 2.478910519171831917e-01 2.821231611208920853e-01 5.359806527939103837e-03 6.099960240451730333e-03
1.954999999999994742e+01 6.431461693460750473e-01 7.302050188334500147e-01 2.491395583122252289e-01 2.828640899074431614e-01 5.378080049913128678e-03 6.106078573285346305e-03
1.959999999999994813e+01 6.446797909633714685e-01 7.302583313857222702e-01 2.503468202839524981e-01 2.835793114828187855e-01 5.395405609567950622e-03 6.111623092302139078e-03
1.964999999999994884e+01 6.461178706419791196e-01 7.302681290414811954e-01 2.515129201251494750e-01 2.842699110412424401e-01 5.411789566974715623e-03 6.116619925578115242e-03
1.969999999999994600e+01 6.474643864954446881e-01 7.302377964894516404e-01 2.526383356669488212e-01 2.849362303072295877e-01 5.427246738280327651e-03 6.121079061379808110e-03
1.974999999999994671e+01 6.487235621291761456e-01 7.301676976449588130e-01 2.537238697470343141e-01 2.855776861298459091e-01 5.441798814949806717e-03 6.124990587235311021e-03
1.979999999999994742e+01 6.498996933432379386e-01 7.300549426664058039e-01 2.547705965574519338e-01 2.861926773746058528e-01 5.455473159688487873e-03 6.128322855987288278e-03
1.984999999999994813e+01 6.509969749325462685e-01 7.298935889313850067e-01 2.557797989308089326e-01 2.867786527534946783e-01 5.468301420220403677e-03 6.131024110176273162e-03
1.989999999999994884e+01 6.520194665519969401e-01 7.296750345641623836e-01 2.567529506224774938e-01 2.873322465518236557e-01 5.480319116808493422e-03 6.133025540060279765e-03
1.994999999999994600e+01 6.529710695005118692e-01 7.293887723057325134e-01 2.576916942352214246e-01 2.878495499584534656e-01 5.491565140867807338e-03 6.134247202098113208e-03
1.999999999999994671e+01 6.538555522970316281e-01 7.290233701104446018e-01 2.585978306838629948e-01 2.883264680801514990e-01 5.502081503911987470e-03 6.134605703833020951e-03
2.004999999999994742e+01 6.546766400997660051e-01 7.285675358959784464e-01 2.594733268026117035e-01 2.887591075656867901e-01 5.511913474298718585e-03 6.134022465548322374e-03
2.009999999999994458e+01 6.554380942885812411e-01 7.280112693057275708e-01 2.603203136744823842e-01 2.891441978054810624e-01 5.521109515895712173e-03 6.132432615174582442e-03
2.014999999999994529e+01 6.561438164493962333e-01 7.273468948439418824e-01 2.611410904255031529e-01 2.894794654394179378e-01 5.529721343049309040e-03 6.129792809728288987e-03
2.019999999999994600e+01 6.567979108060948423e-01 7.265699688958187075e-01 2.619381089166437082e-01 2.897639601420445299e-01 5.537803571176409118e-03 6.126087952263108323e-03
2.024999999999994671e+01 6.574047383125211086e-01 7.256798889650516449e-01 2.627139539107653521e-01 2.899982640722971183e-01 5.545413275161283420e-03 6.121335389388867822e-03
2.029999999999994742e+01 6.579688877853185902e-01 7.246802615493852517e-01 2.634712905788119119e-01 2.901846079836296610e-01 5.552608863620914041e-03 6.115587101867864424e-03
2.034999999999994458e+01 6.584951371871857750e-01 7.235788423917183243e-01 2.642128097262225195e-01 2.903268197596702294e-01 5.559448915859504375e-03 6.108928348441256331e-03
2.039999999999994529e+01 6.589883295599550106e-01 7.223872071740436995e-01 2.649411419964121661e-01 2.904301685586636594e-01 5.565990378075895938e-03 6.101474129383700762e-03
2.044999999999994600e+01 6.594532313065858409e-01 7.211200572161362565e-01 2.656587691294405307e-01 2.905010661863403065e-01 5.572286714828337227e-03 6.093362688753871381e-03
2.049999999999994316e+01 6.598943538327092240e-01 7.197942903489199518e-01 2.663679257196174266e-01 2.905466775878364771e-01 5.578385878944877758e-03 6.084747174614387778e-03
2.054999999999994387e+01 6.603157591834465379e-01 7.184278996885011814e-01 2.670705004765588919e-01 2.905744654093984636e-01 5.584328290152835300e-03 6.075785999151050304e-03
2.059999999999994458e+01 6.607208908096900979e-01 7.170387821773581694e-01 2.677679541441606581e-01 2.905917013012293548e-01 5.590145180462653858e-03 6.066632595015236488e-03
2.064999999999994529e+01 6.611124198372445582e-01 7.156435843779560546e-01 2.684612505986495590e-01 2.906049952779646839e-01 5.595857229779051777e-03 6.057425644147268473e-03
2.069999999999994600e+01 6.614921538457677608e-01 7.142566672811158091e-01 2.691508202913358572e-01 2.906198762594711660e-01 5.601473887436759537e-03 6.048280463256433710e-03
2.074999999999994316e+01 6.618610032781623298e-01 7.128892836808361499e-01 2.698365540764251502e-01 2.906404619605647000e-01 5.606993331458194445e-03 6.039282326453302742e-03
2.079999999999994387e+01 6.622190205982946276e-01 7.115490447484853487e-01 2.705178333149360625e-01 2.906692497427314503e-01 5.612403180807811615e-03 6.030482359807716811e-03
2.084999999999994458e+01 6.625655139928234849e-01 7.102396979841137936e-01 2.711935965507191737e-01 2.907070380839269497e-01 5.617681958585595686e-03 6.021896179884566117e-03
2.089999999999994174e+01 6.628992294465034796e-01 7.089612444386574897e-01 2.718624395837112573e-01 2.907529906835584210e-01 5.622801232341504730e-03 6.013505495006390630e-03
2.094999999999994245e+01 6.632185826633612002e-01 7.077103697869360222e-01 2.725227404634145145e-01 2.908048333841822819e-01 5.627728249115436857e-03 6.005262434366191379e-03
2.099999999999994316e+01 6.635219347149908797e-01 7.064811509704248538e-01 2.731728057880398186e-01 2.908591685516052072e-01 5.632428985320418226e-03 5.997096258795994554e-03
2.104999999999994387e+01 6.638078667501851049e-01 7.052659369410581025e-01 2.738110186752533703e-01 2.909118651699592606e-01 5.636871202784433238e-03 5.988921568089752671e-03
2.109999999999994458e+01 6.640754523089784644e-01 7.040563673013955359e-01 2.744359862835588082e-01 2.909585091389255140e-01 5.641027467287959909e-03 5.980647669864871431e-03
2.114999999999994174e+01 6.643244963409308257e-01 7.028444236137149082e-01 2.750466726172839937e-01 2.909948694460846585e-01 5.644877837194140803e-03 5.972188187708264533e-03
2.119999999999994245e+01 6.645556736182618440e-01 7.016233121088527591e-01 2.756424872519700475e-01 2.910172955272094519e-01 5.648411624015789445e-03 5.963469170639548386e-03
2.124999999999994316e+01 6.647706449222796632e-01 7.003883238152500690e-01 2.762233605860975327e-01 2.910231039791636443e-01 5.651628861096634655e-03 5.954436910059624465e-03
2.129999999999994031e+01 6.649720424155393106e-01 6.991373546201756772e-01 2.767897597069992610e-01 2.910108215746296523e-01 5.654540545597544141e-03 5.945062749226357260e-03
2.134999999999994102e+01 6.651633780246023475e-01 6.978711997887080409e-01 2.773426655581929801e-01 2.909803292846584455e-01 5.657168088897368378e-03 5.935345829365812863e-03
2.139999999999994174e+01 6.653488523725028525e-01 6.965935504686859847e-01 2.778835015600682468e-01 2.909328757059691517e-01 5.659541783300789386e-03 5.925313150834413296e-03
2.144999999999994245e+01 6.655331060328035786e-01 6.953106959999053593e-01 2.784140305521576320e-01 2.908709598434582322e-01 5.661698638579727889e-03 5.915016976989501823e-03
2.149999999999994316e+01 6.657209123751059998e-01 6.940310036953208916e-01 2.789362196612835687e-01 2.907981120914810980e-01 5.663679587031148106e-03 5.904530194750895813e-03
2.154999999999994031e+01 6.659168237843747784e-01 6.927641518522112962e-01 2.794520784796492574e-01 2.907185630648341235e-01 5.665526172927516646e-03 5.893939443787828483e-03
2.159999999999994102e+01 6.661248606814882400e-01 6.915203334011910119e-01 2.799635086543046381e-01 2.906368914781627399e-01 5.667277503123585407e-03 5.883337884173345418e-03
2.164999999999994174e+01 6.663481853510547781e-01 6.903093215503403046e-01 2.804721418555227164e-01 2.905576066903446941e-01 5.668966990510827982e-03 5.872816709254072461e-03
2.169999999999993889e+01 6.665888772864976275e-01 6.891396888833938306e-01 2.809792161982372916e-01 2.904847893979033424e-01 5.670619903092589432e-03 5.862457909140340005e-03
2.174999999999993960e+01 6.668477682120824701e-01 6.880180960316176764e-01 2.814854755045544943e-01 2.904217576321028726e-01 5.672251395557784126e-03 5.852327609714930504e-03
2.179999999999994031e+01 6.671243754403648474e-01 6.869487746771842929e-01 2.819911090168903955e-01 2.903708123108889039e-01 5.673865372573257994e-03 5.842471072653710427e-03
2.184999999999994102e+01 6.674169590420818698e-01 6.859332989863778929e-01 2.824957441675862713e-01 2.903331045477172134e-01 5.675454428278990313e-03 5.832910186794931263e-03
2.189999999999994174e+01 6.677226700878148291e-01 6.849705766371996241e-01 2.829984802287791590e-01 2.903085979756604429e-01 5.677000606394777896e-03 5.823642888177753101e-03
2.194999999999993889e+01 6.680378007208583879e-01 6.840571285920606925e-01 2.834979688226273442e-01 2.902961573510145499e-01 5.678477092090693061e-03 5.814645114692340057e-03
2.199999999999993960e+01 6.683581098307025403e-01 6.831875699470993935e-01 2.839925316021927326e-01 2.902937283091737708e-01 5.679850632043865338e-03 5.805874566183486310e-03
2.204999999999994031e+01 6.686791942520285970e-01 6.823553054844485599e-01 2.844803030639162511e-01 2.902986151956202798e-01 5.681084434626395945e-03 5.797276389328423311e-03
2.209999999999993747e+01 6.689968871570589615e-01 6.815533146893568706e-01 2.849593918362259837e-01 2.903078052921457264e-01 5.682141412487068735e-03 5.788789736633026192e-03
2.214999999999993818e+01 6.693076296972303441e-01 6.807749791790146388e-01 2.854280373997012399e-01 2.903183194038714277e-01 5.682987305120990561e-03 5.780354791515618373e-03
2.219999999999993889e+01 6.696088113499950589e-01 6.800148618642785081e-01 2.858847605181953355e-01 2.903275504110260918e-01 5.683593648473077992e-03 5.771919491272894248e-03
2.224999999999993960e+01 6.698990179448545135e-01 6.792693696048284213e-01 2.863284808279108473e-01 2.903335599275259638e-01 5.683940066062757000e-03 5.763445358362808899e-03
2.229999999999994031e+01 6.701781937965325397e-01 6.785372287269836322e-01 2.867586036019669216e-01 2.903353018686430920e-01 5.684015928681217592e-03 5.754911830894818801e-03
2.234999999999993747e+01 6.704476729697487203e-01 6.778197183616957444e-01 2.871750553855231258e-01 2.903327478186393806e-01 5.683820987343367673e-03 5.746318610957742122e-03
2.239999999999993818e+01 6.707101246947680950e-01 6.771206836232992465e-01 2.875782865009662848e-01 2.903269218417842135e-01 5.683365345868909152e-03 5.737686202406813187e-03
2.244999999999993889e+01 6.709693489151057344e-01 6.764462634525576501e-01 2.879692116891207077e-01 2.903198149832784125e-01 5.682668212908164283e-03 5.729054069724300036e-03
2.249999999999993605e+01 6.712299851892408187e-01 6.758043992258412347e-01 2.883491141741285624e-01 2.903142055204985805e-01 5.681755944317815055e-03 5.720476956068948349e-03
2.254999999999993676e+01 6.714971603437552838e-01 6.752041879594185003e-01 2.887195232093275887e-01 2.903134111792635697e-01 5.680659581098438694e-03 5.712019895312623989e-03
2.259999999999993747e+01 6.717760487166170025e-01 6.746550686945025355e-01 2.890820519802896893e-01 2.903209663543424579e-01 5.679411630261104252e-03 5.703751794780805365e-03
2.264999999999993818e+01 6.720714752460711372e-01 6.741660390382534507e-01 2.894382510979135459e-01 2.903403082497965082e-01 5.678043179949270568e-03 5.695739249628190524e-03
2.269999999999993889e+01 6.723874884622913495e-01 6.737448439927616883e-01 2.897894452718146052e-01 2.903744462020240169e-01 5.676580710515476830e-03 5.688040082311939492e-03
2.274999999999993605e+01 6.727269950212297900e-01 6.733972884180557950e-01 2.901365918875086214e-01 2.904256789066993472e-01 5.675043362102868798e-03 5.680697875925670715e-03
2.279999999999993676e+01 6.730914943966971320e-01 6.731267451208494679e-01 2.904801777537966423e-01 2.904953905988599816e-01 5.673440971753851078e-03 5.673738097633994858e-03
2.284999999999993747e+01 6.734809055938177913e-01 6.729338687886160519e-01 2.908201501720342197e-01 2.905839306674914413e-01 5.671772797114281103e-03 5.667165883325050307e-03
2.289999999999993463e+01 6.738934786139529898e-01 6.728165268445503999e-01 2.911558795764540575e-01 2.906905822414408425e-01 5.670026866143225604e-03 5.660965574322130225e-03
2.294999999999993534e+01 6.743259142688451391e-01 6.727700685846581541e-01 2.914862059132676819e-01 2.908136712443873950e-01 5.668180960880276481e-03 5.655102989681826467e-03
2.299999999999993605e+01 6.747734714934620071e-01 6.727876965994666891e-01 2.918094758889154816e-01 2.909507166822625779e-01 5.666203415318758416e-03 5.649528479267245697e-03
2.304999999999993676e+01 6.752302826241292077e-01 6.728611357120622971e-01 2.921236644112514824e-01 2.910987046378361587e-01 5.664055538754281076e-03 5.644182348770464090e-03
2.309999999999993747e+01 6.756896954609308281e-01 6.729813799777150107e-01 2.924265039297598845e-01 2.912543930723412444e-01 5.661694170953734777e-03 5.639000833927237076e-03
2.314999999999993463e+01 6.761446686188913313e-01 6.731395038498175776e-01 2.927156332799351057e-01 2.914146414222505976e-01 5.659074592168886891e-03 5.633922502121820226e-03
2.319999999999993534e+01 6.765881984016395290e-01 6.733274642519391229e-01 2.929887573911905685e-01 2.915767338753197935e-01 5.656153617590561726e-03 5.628894476357535620e-03
2.324999999999993605e+01 6.770137150211393839e-01 6.735388038156956414e-01 2.932437919918321478e-01 2.917386583200757277e-01 5.652892375746172531e-03 5.623877750748458408e-03
2.329999999999993321e+01 6.774154445571635152e-01 6.737691958714218110e-01 2.934789925865906035e-01 2.918993158909829466e-01 5.649258760088376671e-03 5.618851123984283137e-03
2.334999999999993392e+01 6.777886980403261541e-01 6.740167809845990510e-01 2.936930521538398953e-01 2.920586403736338266e-01 5.645229258122834611e-03 5.613813366143861373e-03
2.339999999999993463e+01 6.781300592908043878e-01 6.742822543690282222e-01 2.938851563184426974e-01 2.922176107858029948e-01 5.640789948530580689e-03 5.608783316426171721e-03
2.344999999999993534e+01 6.784374837125173308e-01 6.745687084808840162e-01 2.940550023566189664e-01 2.923781599987500535e-01 5.635936796485280752e-03 5.603797987517979487e-03
2.349999999999993605e+01 6.787102769470051422e-01 6.748812295044257503e-01 2.942027695558753209e-01 2.925429798037073592e-01 5.630675015423461903e-03 5.598908704377184714e-03
2.354999999999993321e+01 6.789489785321988213e-01 6.752262912924199556e-01 2.943290526968526111e-01 2.927152421699710239e-01 5.625017729514632248e-03 5.594175674533618040e-03
2.359999999999993392e+01 6.791551556989467997e-01 6.756110028998221217e-01 2.944347615749594027e-01 2.928982617403648181e-01 5.618983999522137070e-03 5.589661483594758964e-03
2.364999999999993463e+01 6.793311305275292478e-01 6.760422762655198259e-01 2.945209971113945668e-01 2.930951289403762594e-01 5.612596419464413802e-03 5.585424086524569919e-03
2.369999999999993179e+01 6.794796631058025449e-01 6.765259802347098894e-01 2.945889141330541028e-01 2.933083427238799556e-01 5.605878480172306333e-03 5.581509852024367849e-03
2.374999999999993250e+01 6.796035985186594797e-01 6.770661878908922349e-01 2.946395741614213915e-01 2.935394893642431224e-01 5.598851765537708920e-03 5.577947541363300309e-03
2.379999999999993321e+01 6.797055823615525405e-01 6.776645338336045876e-01 2.946738335228762384e-01 2.937889745343020831e-01 5.591533842938838615e-03 5.574743349797013463e-03
2.384999999999993392e+01 6.797877381385074580e-01 6.783198076303328383e-01 2.946922198466791487e-01 2.940558628255607321e-01 5.583935951618753356e-03 5.571878026064638022e-03
2.389999999999993463e+01 6.798514556206550763e-01 6.790277629697254458e-01 2.946948611473321211e-01 2.943378155171625377e-01 5.576061705720580276e-03 5.569305875443009840e-03
2.394999999999993179e+01 6.798972325171606101e-01 6.797811955350540059e-01 2.946814415237852813e-01 2.946311487096335835e-01 5.567906311266620188e-03 5.566956045529223261e-03
2.399999999999993250e+01 6.799246018129245783e-01 6.805702698602122958e-01 2.946511965613802797e-01 2.949310023842722783e-01 5.559456538893977999e-03 5.564735894042883470e-03
2.404999999999993321e+01 6.799321409586989162e-01 6.813830740169296574e-01 2.946029456912440114e-01 2.952316101228928957e-01 5.550691393146387799e-03 5.562536224642363608e-03
2.409999999999993037e+01 6.799175511825138463e-01 6.822063563791079810e-01 2.945351552560138142e-01 2.955266484050833586e-01 5.541583353829057298e-03 5.560237975636574993e-03
2.414999999999993108e+01 6.798778278684324272e-01 6.830263917061155654e-01 2.944460401607522648e-01 2.958096412611230797e-01 5.532100331813111574e-03 5.557719892177053617e-03
2.419999999999993179e+01 6.798094328431757427e-01 6.838298366655320981e-01 2.943336644008115455e-01 2.960743583839121618e-01 5.522207587257263114e-03 5.554866010955211014e-03
2.424999999999993250e+01 6.797085369816400213e-01 6.846046681661719369e-01 2.941960688584357442e-01 2.963152456360306219e-01 5.511870142546815808e-03 5.551573688731263612e-03
2.429999999999993321e+01 6.795712657939857460e-01 6.853408926637442056e-01 2.940313963969842792e-01 2.965277518649021005e-01 5.501055124358929758e-03 5.547759623290975453e-03
2.434999999999993037e+01 6.793939041828563896e-01 6.860311838951743679e-01 2.938379944022391221e-01 2.967086191560774910e-01 5.489733664684534956e-03 5.543365140702066068e-03
2.439999999999993108e+01 6.791731092828831029e-01 6.866712683703990461e-01 2.936145153598399560e-01 2.968560576360006475e-01 5.477882749250755946e-03 5.538359284253753859e-03
2.444999999999993179e+01 6.789060563612872023e-01 6.872600856308688222e-01 2.933599827184105724e-01 2.969698163017029380e-01 5.465486403696527898e-03 5.532739940413665403e-03
2.449999999999992895e+01 6.785905435630643634e-01 6.877997002139433214e-01 2.930738330811569758e-01 2.970511399633698479e-01 5.452536429416884878e-03 5.526532836527822505e-03
2.454999999999992966e+01 6.782250513926471047e-01 6.882949466669878724e-01 2.927559331668472264e-01 2.971026047943234882e-01 5.439032664502513673e-03 5.519788291580568149e-03
2.459999999999993037e+01 6.778087121379973157e-01 6.887529592709662474e-01 2.924065526935124559e-01 2.971278988766901108e-01 5.424982424740501519e-03 5.512576973593519974e-03
2.464999999999993108e+01 6.773412930684831190e-01 6.891824291928181356e-01 2.920263386210344425e-01 2.971314808335190349e-01 5.410399974451783785e-03 5.504983433691886842e-03
2.469999999999993179e+01 6.768230897880246344e-01 6.895928822755437171e-01 2.916162470260816875e-01 2.971182445446333142e-01 5.395305217873861726e-03 5.497099806561218938e-03
2.474999999999992895e+01 6.762548365808049855e-01 6.899938399618381624e-01 2.911774796115680353e-01 2.970931317599369015e-01 5.379722487049766813e-03 5.489018600645496036e-03
2.479999999999992966e+01 6.756375846632960425e-01 6.903940824839974733e-01 2.907114048727905686e-01 2.970607884918150532e-01 5.363679056693563575e-03 5.480826355937557480e-03
2.484999999999993037e+01 6.749725972930709084e-01 6.908009861192924150e-01 2.902194860871605275e-01 2.970252540385655005e-01 5.347203797091867362e-03 5.472597955570079713e-03
2.489999999999992752e+01 6.742612551844967550e-01 6.912200238620856974e-01 2.897032144006261856e-01 2.969897220568162854e-01 5.330325931934254934e-03 5.464392310153024131e-03
2.494999999999992824e+01 6.735049973343515406e-01 6.916544390509804519e-01 2.891640589545261264e-01 2.969563786185384080e-01 5.313074119513582286e-03 5.456249492302048774e-03
2.499999999999992895e+01 6.727052725257433030e-01 6.921051477167088350e-01 2.886034246084470123e-01 2.969263420074255144e-01 5.295475680888945928e-03 5.448189761604148654e-03
2.504999999999992966e+01 6.718635551120275551e-01 6.925708063844134843e-01 2.880226389289891609e-01 2.968996752127086580e-01 5.277556370664035143e-03 5.440213929687754899e-03
2.509999999999993037e+01 6.709813523269808622e-01 6.930481050872884241e-01 2.874229425456734655e-01 2.968755018288778968e-01 5.259340211265764800e-03 5.432305614435105345e-03
2.514999999999992752e+01 6.700602505183469448e-01 6.935321937523410973e-01 2.868054981915777457e-01 2.968521803631324341e-01 5.240849670015135936e-03 5.424434542953549855e-03
2.519999999999992824e+01 6.691019870015119109e-01 6.940171833413287805e-01 2.861714165848334712e-01 2.968275156094483114e-01 5.222106142059015389e-03 5.416560503822060411e-03
2.524999999999992895e+01 6.681084933572806195e-01 6.944967521995678572e-01 2.855217745676192909e-01 2.967990185591432573e-01 5.203130288248197267e-03 5.408638151419477985e-03
2.529999999999992610e+01 6.670819567204180345e-01 6.949647006505356162e-01 2.848576457374287774e-01 2.967641479484632860e-01 5.183942597587431339e-03 5.400621436732736327e-03
2.534999999999992681e+01 6.660248517760557485e-01 6.954154714726650255e-01 2.841801228407727642e-01 2.967205406547273050e-01 5.164563795379797234e-03 5.392467799268112379e-03
2.539999999999992752e+01 6.649399475530379799e-01 6.958445663812969917e-01 2.834903332516097718e-01 2.966662008211218282e-01 5.145015122533762829e-03 5.384141575700950727e-03
2.544999999999992824e+01 6.638302869006612594e-01 6.962488384925258345e-01 2.827894461472058030e-01 2.965996389486829088e-01 5.125318462115203977e-03 5.375616473922673402e-03
2.549999999999992895e+01 6.626991360082944427e-01 6.966266295879806059e-01 2.820786692103693927e-01 2.965199468861583476e-01 5.105496275300813562e-03 5.366876866717808225e-03
2.554999999999992610e+01 6.615499100888050377e-01 6.969777676115682663e-01 2.813592370147220967e-01 2.964268151515445648e-01 5.085571387523229320e-03 5.357918032562949441e-03
2.559999999999992681e+01 6.603860758331739911e-01 6.973034283212345974e-01 2.806323902075190668e-01 2.963204933459552270e-01 5.065566610244036372e-03 5.348745367255519634e-03
2.564999999999992752e+01 6.592110333794440891e-01 6.976059082311029114e-01 2.798993458671044099e-01 2.962017131083438670e-01 5.045504206707614701e-03 5.339372926693905855e-03
2.569999999999992468e+01 6.580280180573838678e-01 6.978882986013520418e-01 2.791612752286962706e-01 2.960715684719504859e-01 5.025405494666009693e-03 5.329821214616581662e-03
2.574999999999992539e+01 6.568400031933960825e-01 6.981541503131086790e-01 2.784192800190448125e-01 2.959313910959404659e-01 5.005290427308681407e-03 5.320114896106805866e-03
2.579999999999992610e+01 6.556496109113093551e-01 6.984071561603566458e-01 2.776743696059935651e-01 2.957826308256208403e-01 4.985177192208152530e-03 5.310280625235573072e-03
2.584999999999992681e+01 6.544590801432527138e-01 6.986508655409815471e-01 2.769274591610577652e-01 2.956267471949330927e-01 4.965082190247571171e-03 5.300345086417457101e-03
2.589999999999992752e+01 6.532702500947534796e-01 6.988884932946367590e-01 2.761793706659050329e-01 2.954651374615008264e-01 4.945020065638416201e-03 5.290333705666989614e-03
2.594999999999992468e+01 6.520845890990233373e-01 6.991228222155855265e-01 2.754308490892116712e-01 2.952991003920860669e-01 4.925004006959539903e-03 5.280270011481210182e-03
2.599999999999992539e+01 6.509032619373372741e-01 6.993562079523122366e-01 2.746825906334873224e-01 2.951298391164717261e-01 4.905046261312283155e-03 5.270175698508434460e-03
2.604999999999992610e+01 6.497272245979397454e-01 6.995906820765894762e-01 2.739352783989380535e-01 2.949585010517984385e-01 4.885158776619502770e-03 5.260071351793117050e-03
2.609999999999992326e+01 6.485573378101849862e-01 6.998281351009552065e-01 2.731896220644072226e-01 2.947862472480786700e-01 4.865353910318927222e-03 5.249977689191082098e-03
2.614999999999992397e+01 6.473945085902929053e-01 7.000705294551984315e-01 2.724464057181613663e-01 2.946143301626066302e-01 4.845645277335027326e-03 5.239916943754686224e-03
2.619999999999992468e+01 6.462397982802691176e-01 7.003201513391404953e-01 2.717065187375791169e-01 2.944441843855750696e-01 4.826048290187916548e-03 5.229914465107916161e-03
2.624999999999992539e+01 6.450945477096642344e-01 7.005797988560407141e-01 2.709709914293660926e-01 2.942774874557558817e-01 4.806580779234885352e-03 5.219999777485702028e-03
2.629999999999992610e+01 6.439604480609716353e-01 7.008529350974996852e-01 2.702410065191249711e-01 2.941162041441068853e-01 4.787263180143941366e-03 5.210207336476660456e-03
2.634999999999992326e+01 6.428395892305706072e-01 7.011437256632756521e-01 2.695179005610178757e-01 2.939625811759349894e-01 4.768118541548313147e-03 5.200576402935613851e-03
2.639999999999992397e+01 6.417344593345942760e-01 7.014569682153406482e-01 2.688031452571807423e-01 2.938190969429298471e-01 4.749172177688714726e-03 5.191150122666614991e-03
2.644999999999992468e+01 6.406478976549291326e-01 7.017978960350025330e-01 2.680983105594858529e-01 2.936883598149715446e-01 4.730451002372940486e-03 5.181973706483849161e-03
2.649999999999992184e+01 6.395830073785361281e-01 7.021718665896433675e-01 2.674050130945138104e-01 2.935729608414608949e-01 4.711982609594966495e-03 5.173091820994915602e-03
2.654999999999992255e+01 6.385430305800027240e-01 7.025839519657314236e-01 2.667248516975111450e-01 2.934752889290711542e-01 4.693794134580056565e-03 5.164545339710897853e-03
2.659999999999992326e+01 6.375311961545306882e-01 7.030384702584219214e-01 2.660593351530778916e-01 2.933973256716582156e-01 4.675910986873083389e-03 5.156367762243564516e-03
2.664999999999992397e+01 6.365505730191786116e-01 7.035384992628276324e-01 2.654098160573856724e-01 2.933404376544491710e-01 4.658355700875580103e-03 5.148581617454141800e-03
2.669999999999992468e+01 6.356038893810056489e-01 7.040854162226206636e-01 2.647774147054978711e-01 2.933051848075129975e-01 4.641146620604705286e-03 5.141195176292964047e-03
2.674999999999992184e+01 6.346934235938770374e-01 7.046785232487184913e-01 2.641629770098834484e-01 2.932911695890236814e-01 4.624297190545014966e-03 5.134199905278324406e-03
2.679999999999992255e+01 6.338208864467437254e-01 7.053148150948179707e-01 2.635670328877746105e-01 2.932969503553122248e-01 4.607815260275789117e-03 5.127569062155818910e-03
2.684999999999992326e+01 6.329873746719049121e-01 7.059888740083662961e-01 2.629897879554421447e-01 2.933200119048163801e-01 4.591702976088043314e-03 5.121257300826136290e-03
2.689999999999992042e+01 6.321933668364843051e-01 7.066929960996305438e-01 2.624311360291176065e-01 2.933568359286744531e-01 4.575957036253150076e-03 5.115202021424150765e-03
2.694999999999992113e+01 6.314387744647357303e-01 7.074174902627161643e-01 2.618906971092620495e-01 2.934030458126926089e-01 4.560569388058556203e-03 5.109326004574543841e-03
2.699999999999992184e+01 6.307230466214261977e-01 7.081511798622215359e-01 2.613678793341560613e-01 2.934536372501752588e-01 4.545528336246201090e-03 5.103541517394362230e-03
2.704999999999992255e+01 6.300453204273966934e-01 7.088820599604660488e-01 2.608619609696448682e-01 2.935032739105913890e-01 4.530819990788456653e-03 5.097755517335509322e-03
2.709999999999992326e+01 6.294046047681730593e-01 7.095980675888623468e-01 2.603721862708796575e-01 2.935466293573678609e-01 4.516429943987513781e-03 5.091875617647327427e-03
2.714999999999992042e+01 6.287999700062482100e-01 7.102879352849951200e-01 2.598978631344663892e-01 2.935787617625491563e-01 4.502344965516966863e-03 5.085816574491983447e-03
2.719999999999992113e+01 6.282307446030279685e-01 7.109420290874551851e-01 2.594384621199972152e-01 2.935954794754097597e-01 4.488554707958438902e-03 5.079506565318518685e-03
2.724999999999992184e+01 6.276966890061953519e-01 7.115531103593437656e-01 2.589937038273633085e-01 2.935936715129432439e-01 4.475053197881015930e-03 5.072892812318683525e-03
2.729999999999991900e+01 6.271981221363090997e-01 7.121170044544502531e-01 2.585636239010347115e-01 2.935715953455541039e-01 4.461839929267217425e-03 5.065946425289987246e-03
2.734999999999991971e+01 6.267360040264600141e-01 7.126330459566296849e-01 2.581486166293031070e-01 2.935290677352944133e-01 4.448920579565767211e-03 5.058665536153295755e-03
2.739999999999992042e+01 6.263119515454481645e-01 7.131043046379619277e-01 2.577494473415467002e-01 2.934675603168257485e-01 4.436307183159160158e-03 5.051076769652777104e-03
2.744999999999992113e+01 6.259281849573604672e-01 7.135375636002305733e-01 2.573672325482766476e-01 2.933901883257442611e-01 4.424017749003475268e-03 5.043234865934591998e-03
2.749999999999992184e+01 6.255874075558228720e-01 7.139430329942162423e-01 2.570033887852362087e-01 2.933015860981030842e-01 4.412075343952561422e-03 5.035220362199204630e-03
2.754999999999991900e+01 6.252926288066873450e-01 7.143338123666700401e-01 2.566595546321498444e-01 2.932076754056794909e-01 4.400506723225896047e-03 5.027135454876641846e-03
2.759999999999991971e+01 6.250469349030082222e-01 7.147251497826975219e-01 2.563374878535050749e-01 2.931153472969939555e-01 4.389340545436739432e-03 5.019098412619769564e-03
2.764999999999992042e+01 6.248532366100582047e-01 7.151335280866001343e-01 2.560389503328449612e-01 2.930320708147066133e-01 4.378605392609585291e-03 5.011236781782081422e-03
2.769999999999991758e+01 6.247140033238698376e-01 7.155756649602706965e-01 2.557655849733467823e-01 2.929654651047938207e-01 4.368327668204053695e-03 5.003680018869247244e-03
2.774999999999991829e+01 6.246310133402389608e-01 7.160674861249000100e-01 2.555187974023644948e-01 2.929228600660355175e-01 4.358529593217314556e-03 4.996551984068847360e-03
2.779999999999991900e+01 6.246051401626534494e-01 7.166231352165398638e-01 2.552996511501863797e-01 2.929108722661047937e-01 4.349227447192281250e-03 4.989963752403839790e-03
2.784999999999991971e+01 6.246361926794253838e-01 7.172541123169874355e-01 2.551087841615422569e-01 2.929350343007749435e-01 4.340430185649387512e-03 4.984007389209281491e-03
2.789999999999992042e+01 6.247228174098103937e-01 7.179686472168088640e-01 2.549463505492943760e-01 2.929995212527429782e-01 4.332138497014356888e-03 4.978751423156220143e-03
2.794999999999991758e+01 6.248624972801375410e-01 7.187711869316617541e-01 2.548120021475472896e-01 2.931069251639140116e-01 4.324344542173064188e-03 4.974237168670591659e-03
2.799999999999991829e+01 6.250516211585881443e-01 7.196622190135727459e-01 2.547048998610905723e-01 2.932581681620101133e-01 4.317032201035442794e-03 4.970477426474758341e-03
2.804999999999991900e+01 6.252856343243744508e-01 7.206383956696197357e-01 2.546237594660050174e-01 2.934525398447911382e-01 4.310177900397893502e-03 4.967457297415010797e-03
2.809999999999991616e+01 6.255592619120931008e-01 7.216928098376873546e-01 2.545669289837481086e-01 2.936877981927303871e-01 4.303751969294144705e-03 4.965136064120558024e-03
2.814999999999991687e+01 6.258667858274870044e-01 7.228155576480616018e-01 2.545324901772294535e-01 2.939603890047551848e-01 4.297720391342000137e-03 4.963451059599084149e-03
2.819999999999991758e+01 6.262023549879206508e-01 7.239944802355046116e-01 2.545183763016403145e-01 2.942657402884490958e-01 4.292046817902880722e-03 4.962322770462895653e-03
2.824999999999991829e+01 6.265603025733200715e-01 7.252159823866882737e-01 2.545224957595955129e-01 2.945985901815201258e-01 4.286694665424775792e-03 4.961660466215086183e-03
2.829999999999991900e+01 6.269354527713041358e-01 7.264659174620333726e-01 2.545428546236629952e-01 2.949533442401109928e-01 4.281629177858091440e-03 4.961368279900952097e-03
2.834999999999991616e+01 6.273233866416889626e-01 7.277304526945822527e-01 2.545776660883947162e-01 2.953244277727775646e-01 4.276819253899962099e-03 4.961351159559482076e-03
2.839999999999991687e+01 6.277206497497166415e-01 7.289968422189080366e-01 2.546254394998349602e-01 2.957066035950732807e-01 4.272238917782474402e-03 4.961520194548219194e-03
2.844999999999991758e+01 6.281248895335620475e-01 7.302540785673425905e-01 2.546850441748033100e-01 2.960952437290997885e-01 4.267868356511166257e-03 4.961797129938842234e-03
2.849999999999991473e+01 6.285348974434712410e-01 7.314933311087704615e-01 2.547557373493964938e-01 2.964865175995117230e-01 4.263694348943883501e-03 4.962117449364223179e-03
2.854999999999991545e+01 6.289505803829751329e-01 7.327082331787680980e-01 2.548371660861156185e-01 2.968775219152279821e-01 4.259710256349622838e-03 4.962432459928602276e-03
2.859999999999991616e+01 6.293728392442227149e-01 7.338949311794161767e-01 2.549293332676461077e-01 2.972663162883557586e-01 4.255915413483249247e-03 4.962709787785582471e-03
2.864999999999991687e+01 6.298033682113901577e-01 7.350519526935721526e-01 2.550325327502618311e-01 2.976518873356464034e-01 4.252314010008542700e-03 4.962932677543092572e-03
2.869999999999991758e+01 6.302444239435982531e-01 7.361799159779007784e-01 2.551472728005089730e-01 2.980340495151748703e-01 4.248913785187501818e-03 4.963098243383438392e-03
2.874999999999991473e+01 6.306985234798772044e-01 7.372811072018775613e-01 2.552741703904188864e-01 2.984132925300778671e-01 4.245724247657703572e-03 4.963214844575110016e-03
2.879999999999991545e+01 6.311681629481681322e-01 7.383589833642153488e-01 2.554138529364538002e-01 2.987905979135770940e-01 4.242755032167015543e-03 4.963298968664082642e-03
2.884999999999991616e+01 6.316555091824720414e-01 7.394176611082369233e-01 2.555668474186542083e-01 2.991672483307943331e-01 4.240014059206216601e-03 4.963372017101533480e-03
2.889999999999991331e+01 6.321621700106718755e-01 7.404614025201563532e-01 2.557334990805906205e-01 2.995446332978206616e-01 4.237506198518495304e-03 4.963457055473427179e-03
2.894999999999991402e+01 6.326889740883835378e-01 7.414941896642973651e-01 2.559138913060512444e-01 2.999240878683452349e-01 4.235231962036438251e-03 4.963576133526617640e-03
2.899999999999991473e+01 6.332358377919039549e-01 7.425193784258512508e-01 2.561077976759550401e-01 3.003067599639811514e-01 4.233186738445546791e-03 4.963748098578211164e-03
2.904999999999991545e+01 6.338016941526617432e-01 7.435394853130483650e-01 2.563146559093629762e-01 3.006935277884165147e-01 4.231360394706785467e-03 4.963987251975520744e-03
2.909999999999991616e+01 6.343845071456031270e-01 7.445560758194510464e-01 2.565335730716884477e-01 3.010849545201138566e-01 4.229737396070716929e-03 4.964302630175011430e-03
2.914999999999991331e+01 6.349813516281467285e-01 7.455697831101780748e-01 2.567633541988358914e-01 3.014812920250525830e-01 4.228297310808339787e-03 4.964698098395278064e-03
2.919999999999991402e+01 6.355885553681115407e-01 7.465804173872069294e-01 2.570025531461879176e-01 3.018825178284281208e-01 4.227015676746520567e-03 4.965172990599156858e-03
2.924999999999991473e+01 6.362019037669478516e-01 7.475871388925082739e-01 2.572495462844763825e-01 3.022883948468292337e-01 4.225865236705986065e-03 4.965723118633755609e-03
2.929999999999991189e+01 6.368168475730935363e-01 7.485886757104919242e-01 2.575026054093857431e-01 3.026985468585425831e-01 4.224817151917741043e-03 4.966342032133605131e-03
2.934999999999991260e+01 6.374287503404754140e-01 7.495835293481194483e-01 2.577599852896760302e-01 3.031125273137622589e-01 4.223842446369137187e-03 4.967022159996115072e-03
2.939999999999991331e+01 6.380331176081518452e-01 7.505701510370150764e-01 2.580200030536625722e-01 3.035298753590659482e-01 4.222913306933930543e-03 4.967755734190943198e-03
2.944999999999991402e+01 6.386258002164161285e-01 7.515470565339250619e-01 2.582811070192666536e-01 3.039501468197398637e-01 4.222004201377477749e-03 4.968535297421176715e-03
2.949999999999991473e+01 6.392031623081657621e-01 7.525128602542446865e-01 2.585419318243331599e-01 3.043729131599470783e-01 4.221092764478917743e-03 4.969353684244044375e-03
2.954999999999991189e+01 6.397621962892811043e-01 7.534662238355460673e-01 2.588013333319324483e-01 3.047977271558623968e-01 4.220160347850518065e-03 4.970203459533029978e-03
2.959999999999991260e+01 6.403005836283464092e-01 7.544057216575815739e-01 2.590584034340747133e-01 3.052240569369552015e-01 4.219192238339988452e-03 4.971075845878760412e-03
2.964999999999991331e+01 6.408166978811505876e-01 7.553296408102079251e-01 2.593124637733061899e-01 3.056511959927546984e-01 4.218177531896002107e-03 4.971959267877273068e-03
2.969999999999991047e+01 6.413095517285810621e-01 7.562357404663693217e-01 2.595630394693237974e-01 3.060781596371122681e-01 4.217108683498364471e-03 4.972837687036765937e-03
2.974999999999991118e+01 6.417787042495919358e-01 7.571209997748239440e-01 2.598098196451368302e-01 3.065035799700543961e-01 4.215980846168557346e-03 4.973688924463367383e-03
2.979999999999991189e+01 6.422241296179362902e-01 7.579813935183250528e-01 2.600526053246516867e-01 3.069256153444680502e-01 4.214791010124022998e-03 4.974483230866591499e-03
2.984999999999991260e+01 6.426460655029621050e-01 7.588117284210049718e-01 2.602912520499907068e-01 3.073418876475024764e-01 4.213537062727499248e-03 4.975182317240034457e-03
2.989999999999991331e+01 6.430448566769962904e-01 7.596055693628599448e-01 2.605256133116820028e-01 3.077494591215317321e-01 4.212216868418472947e-03 4.975739031876029450e-03
2.994999999999991047e+01 6.434208034945472221e-01 7.603552790200670541e-01 2.607554884025732322e-01 3.081448580206385124e-01 4.210827426767441151e-03 4.976097828351056657e-03
2.999999999999991118e+01 6.437740296847437316e-01 7.610521841994047909e-01 2.609805801369803335e-01 3.085241581493134433e-01 4.209364195757755653e-03 4.976196099182485580e-03
3.004999999999991189e+01 6.441043809218737204e-01 7.616868621406903683e-01 2.612004665912786017e-01 3.088831091365098480e-01 4.207820645852261565e-03 4.975966317140725209e-03
3.009999999999990905e+01 6.444113576579012515e-01 7.622495431732130289e-01 2.614145877237892268e-01 3.092173154667690049e-01 4.206188056698146639e-03 4.975338945563470561e-03
3.014999999999990976e+01 6.446940702380636878e-01 7.627306021684627790e-01 2.616222414254412154e-01 3.095224525167474816e-01 4.204455466861258157e-03 4.974245922326206264e-03
3.019999999999991047e+01 6.449512565509024631e-01 7.631210927522735776e-01 2.618226047042182536e-01 3.097945002505166912e-01 4.202610027355037359e-03 4.972624402094981584e-03
3.024999999999991118e+01 6.451813057650098715e-01 7.634133024182019334e-01 2.620147565124318900e-01 3.100299850044178074e-01 4.200637378956832181e-03 4.970420601273241833e-03
3.029999999999991189e+01 6.453823266113689616e-01 7.636012615719737218e-01 2.621977172270029133e-01 3.102262014317516137e-01 4.198522293466828634e-03 4.967593297546073032e-03
3.034999999999990905e+01 6.455522155133028850e-01 7.636811839798437473e-01 2.623704861169048330e-01 3.103814047323892877e-01 4.196249278159223071e-03 4.964116828986645143e-03
3.039999999999990976e+01 6.456887316227557516e-01 7.636517962442807006e-01 2.625320791886713856e-01 3.104949552709664884e-01 4.193803181927667663e-03 4.959983311037814702e-03
3.044999999999991047e+01 6.457896037759294217e-01 7.635144868276863006e-01 2.626815771986810155e-01 3.105673867173730507e-01 4.191169959292884509e-03 4.955203617349400805e-03
3.049999999999990763e+01 6.458525875289540252e-01 7.632733268337558163e-01 2.628181503388812290e-01 3.106004184777829691e-01 4.188337057193335447e-03 4.949807465781413084e-03
3.054999999999990834e+01 6.458755487811217444e-01 7.629348741024062353e-01 2.629410905085789452e-01 3.105968760732494838e-01 4.185293919754548217e-03 4.943842038571431147e-03
3.059999999999990905e+01 6.458564905813296564e-01 7.625078707140362511e-01 2.630498173016335706e-01 3.105605641616248080e-01 4.182032071568110403e-03 4.937369859485301986e-03
3.064999999999990976e+01 6.457936216545643315e-01 7.620027200767588438e-01 2.631438978591333910e-01 3.104960458211475371e-01 4.178545420549964300e-03 4.930465197636335443e-03
3.069999999999991047e+01 6.456853386938619099e-01 7.614309461066270934e-01 2.632230288319108436e-01 3.104084108305295020e-01 4.174829957682971680e-03 4.923210322450913973e-03
3.074999999999990763e+01 6.455302773317788123e-01 7.608044946544312293e-01 2.632870438608371222e-01 3.103029763089660831e-01 4.170883863141983464e-03 4.915690713805414419e-03
3.079999999999990834e+01 6.453273189309389757e-01 7.601350626759025841e-01 2.633359011420237650e-01 3.101849958111400074e-01 4.166707296551017646e-03 4.907990440049693828e-03
3.084999999999990905e+01 6.450755671880553654e-01 7.594335010770134620e-01 2.633696574278372449e-01 3.100593964359027455e-01 4.162301974363300308e-03 4.900188011630239940e-03
3.089999999999990621e+01 6.447744197236301433e-01 7.587091851127483189e-01 2.633884798661991766e-01 3.099305009851739401e-01 4.157671347532750777e-03 4.892352028179552427e-03
3.094999999999990692e+01 6.444235525801221831e-01 7.579696285956539770e-01 2.633926226263870740e-01 3.098018493390429784e-01 4.152820222725860100e-03 4.884538420796905034e-03
3.099999999999990763e+01 6.440229830514800913e-01 7.572201628197193779e-01 2.633824359918166547e-01 3.096760462190455421e-01 4.147754897508932649e-03 4.876788129433798705e-03
3.104999999999990834e+01 6.435731124916179713e-01 7.564638238060285014e-01 2.633583687828857656e-01 3.095546952070883373e-01 4.142483189663960508e-03 4.869126153473676138e-03
3.109999999999990905e+01 6.430747925092777928e-01 7.557013942832846443e-01 2.633209823705203734e-01 3.094383978961133819e-01 4.137014648397815096e-03 4.861561632303441731e-03
3.114999999999990621e+01 6.425293857749234672e-01 7.549316184737510094e-01 2.632709650723112915e-01 3.093268263823945041e-01 4.131360770063740792e-03 4.854089076224326130e-03
3.119999999999990692e+01 6.419388291176073569e-01 7.541515484274705639e-01 2.632091505099609652e-01 3.092188529711135114e-01 4.125535274450808053e-03 4.846690485440661479e-03
3.124999999999990763e+01 6.413056891293552608e-01 7.533569936633250919e-01 2.631365362449621381e-01 3.091127261596768871e-01 4.119554383482782085e-03 4.839338178625088999e-03
3.129999999999990479e+01 6.406331849008850554e-01 7.525430502933190269e-01 2.630542924868672916e-01 3.090062836683135084e-01 4.113436942718809095e-03 4.831998180896234299e-03
3.134999999999990550e+01 6.399252249394756786e-01 7.517046068083065302e-01 2.629637799838281387e-01 3.088971603772383556e-01 4.107204685417082182e-03 4.824633508430128774e-03
3.139999999999990621e+01 6.391863312029482103e-01 7.508369108575858597e-01 2.628665251712214435e-01 3.087830263140605158e-01 4.100881827944181761e-03 4.817207898815307338e-03
3.144999999999990692e+01 6.384216514141936027e-01 7.499359421176113871e-01 2.627642342782385843e-01 3.086617490991355739e-01 4.094495275079690876e-03 4.809688338124445441e-03
3.149999999999990763e+01 6.376368034411694641e-01 7.489988264038176524e-01 2.626587413298865359e-01 3.085315777556745243e-01 4.088073795017698603e-03 4.802047902812065817e-03
3.154999999999990479e+01 6.368377744719849742e-01 7.480240381431608743e-01 2.625519804548556158e-01 3.083912426601272960e-01 4.081647578000096449e-03 4.794267278043186191e-03
3.159999999999990550e+01 6.360307535263912682e-01 7.470115143511034672e-01 2.624459322720106291e-01 3.082400217518207475e-01 4.075247395528123866e-03 4.786335741487910203e-03
3.164999999999990621e+01 6.352219608767356585e-01 7.459626241061355634e-01 2.623425695881191899e-01 3.080777486889734185e-01 4.068903754759515753e-03 4.778251239844500016e-03
3.169999999999990337e+01 6.344174476894859360e-01 7.448800437684491849e-01 2.622437909519423904e-01 3.079047828739660542e-01 4.062645870673012999e-03 4.770019874112575199e-03
3.174999999999990408e+01 6.336229196212814774e-01 7.437675247690103131e-01 2.621513633579803937e-01 3.077219346107721298e-01 4.056500786970691948e-03 4.761654694170565361e-03
3.179999999999990479e+01 6.328435565301513410e-01 7.426296120057874761e-01 2.620668621297411738e-01 3.075303685006571808e-01 4.050492459501417973e-03 4.753174165388838676e-03
3.184999999999990550e+01 6.320838714031539185e-01 7.414713284352549838e-01 2.619916252549374658e-01 3.073314906540117741e-01 4.044641069161528796e-03 4.744600396048050117e-03
3.189999999999990621e+01 6.313475990636636670e-01 7.402978697589280843e-01 2.619267178832129783e-01 3.071268372121226387e-01 4.038962496271604648e-03 4.735957397257106391e-03
3.194999999999990337e+01 6.306376350214176751e-01 7.391143318322535016e-01 2.618729151326996130e-01 3.069179730871853806e-01 4.033468080596075075e-03 4.727269512317074270e-03
3.199999999999990408e+01 6.299560250465962019e-01 7.379254981984672002e-01 2.618307033004452222e-01 3.067064120266882465e-01 4.028164666160704600e-03 4.718560185025983365e-03
3.204999999999990479e+01 6.293039944743525904e-01 7.367357101126780217e-01 2.618002948642152994e-01 3.064935672394765165e-01 4.023054857690600700e-03 4.709851206138719083e-03
3.209999999999990195e+01 6.286820408725609655e-01 7.355488098754096038e-01 2.617816671586336019e-01 3.062807289015047063e-01 4.018137638659005639e-03 4.701162377613283573e-03
3.214999999999990621e+01 6.280900579363349889e-01 7.343681689086358766e-01 2.617746115457266765e-01 3.060690735644324700e-01 4.013409145967455037e-03 4.692511668293340710e-03
3.219999999999990337e+01 6.275274944367937868e-01 7.331967809301311867e-01 2.617787949023013816e-01 3.058596976860726846e-01 4.008863627906615254e-03 4.683915737918428052e-03
3.224999999999990052e+01 6.269935188311794860e-01 7.320374068955787239e-01 2.617938215328642348e-01 3.056536702539702777e-01 4.004494402032349187e-03 4.675390749582729842e-03
3.229999999999990479e+01 6.264872227014365302e-01 7.308927269911467128e-01 2.618193095864334019e-01 3.054520862171907769e-01 4.000295028058578096e-03 4.666953188956324272e-03
3.234999999999990195e+01 6.260077723600901978e-01 7.297655068986550475e-01 2.618549447779703332e-01 3.052561245196411255e-01 3.996260126333016707e-03 4.658620748105941380e-03
3.239999999999990621e+01 6.255545646795859227e-01 7.286587170706805283e-01 2.619005349951915029e-01 3.050670854387720343e-01 3.992386204195001731e-03 4.650412887786169701e-03
3.244999999999990337e+01 6.251273652358256827e-01 7.275756119973346703e-01 2.619560572403979437e-01 3.048864107735730355e-01 3.988672359960388283e-03 4.642351134732755624e-03
3.249999999999990052e+01 6.247263432128740135e-01 7.265197178867341954e-01 2.620216614923116527e-01 3.047156657562967164e-01 3.985120326879273631e-03 4.634458794772583837e-03
3.254999999999989768e+01 6.243521469370185706e-01 7.254947718884471319e-01 2.620976920733566473e-01 3.045565010965354258e-01 3.981734782732355288e-03 4.626760366069671698e-03
3.259999999999990195e+01 6.240058701266308905e-01 7.245045645059589035e-01 2.621846641919237664e-01 3.044105753555860217e-01 3.978522977115695608e-03 4.619280354409510334e-03
3.264999999999990621e+01 6.236890014303756447e-01 7.235527256385585471e-01 2.622832347099139927e-01 3.042794548700107349e-01 3.975494273738758647e-03 4.612041756271488026e-03
3.269999999999990337e+01 6.234033350252627947e-01 7.226424666840282063e-01 2.623941581233889542e-01 3.041644967492524998e-01 3.972659471966533476e-03 4.605064295976580777e-03
3.274999999999990052e+01 6.231508549754741777e-01 7.217763037333938536e-01 2.625182332967120891e-01 3.040667257031671733e-01 3.970029993144993247e-03 4.598362581522386604e-03
3.279999999999989768e+01 6.229336052298192206e-01 7.209557933024826060e-01 2.626562460892093442e-01 3.039867181274255037e-01 3.967617010411026747e-03 4.591944382589519674e-03
3.284999999999990195e+01 6.227535615197405949e-01 7.201813072192487786e-01 2.628089147979240092e-01 3.039245048172100061e-01 3.965430626901918221e-03 4.585809201315891627e-03
3.289999999999989910e+01 6.226125073997166304e-01 7.194518876337026025e-01 2.629768393641003232e-01 3.038795097043902604e-01 3.963479116263766630e-03 4.579947395695417416e-03
3.294999999999990337e+01 6.225119377070904569e-01 7.187651887803213624e-01 2.631604640897673431e-01 3.038505275058666077e-01 3.961768371693909219e-03 4.574339894706319631e-03
3.299999999999990052e+01 6.224529891017908101e-01 7.181175341184730110e-01 2.633600535927747011e-01 3.038357523903296720e-01 3.960301557786094495e-03 4.568958682561357829e-03
3.304999999999989768e+01 6.224364022250133965e-01 7.175040911271944877e-01 2.635756836982011686e-01 3.038328585845470053e-01 3.959078989083015566e-03 4.563768059850510130e-03
3.309999999999990195e+01 6.224625232116776097e-01 7.169191613106836725e-01 2.638072503436974525e-01 3.038391318536701746e-01 3.958098279725401868e-03 4.558726659469929977e-03
3.314999999999989910e+01 6.225313419331336418e-01 7.163565429657293704e-01 2.640544948509526701e-01 3.038516333950426196e-01 3.957354737369101275e-03 4.553789934732758136e-03
3.319999999999990337e+01 6.226425494050452647e-01 7.158100048688718076e-01 2.643170381060997443e-01 3.038674123932589843e-01 3.956841887815872906e-03 4.548913359180533321e-03
3.324999999999990052e+01 6.227956281550740547e-01 7.152737552784259600e-01 2.645944287537971285e-01 3.038837174260862195e-01 3.956552205664264597e-03 4.544055587679803228e-03
3.329999999999989768e+01 6.229899416654818278e-01 7.147429422073485750e-01 2.648861907517647829e-01 3.038982215697999534e-01 3.956477830496869103e-03 4.539181800893213499e-03
3.334999999999989484e+01 6.232248333561224429e-01 7.142140834596547583e-01 2.651918741768191090e-01 3.039092173785636897e-01 3.956611326770902506e-03 4.534266577822669390e-03
3.339999999999989910e+01 6.234997080739338449e-01 7.136854403145870274e-01 2.655110976057530880e-01 3.039157872078771527e-01 3.956946313051470411e-03 4.529296381637523163e-03
3.344999999999990337e+01 6.238140955780265839e-01 7.131572666097184543e-01 2.658435811016806039e-01 3.039179187968507057e-01 3.957477947177985393e-03 4.524271213946428997e-03
3.349999999999990052e+01 6.241676861817827549e-01 7.126319231361307738e-01 2.661891655254183808e-01 3.039165614400838322e-01 3.958203204838943098e-03 4.519205374573747117e-03
3.354999999999989768e+01 6.245603377554255209e-01 7.121138312204878806e-01 2.665478174560366176e-01 3.039136109318664181e-01 3.959120942533044668e-03 4.514127158289893936e-03
3.359999999999989484e+01 6.249920387788029386e-01 7.116093000321107587e-01 2.669196130549644774e-01 3.039118376323982629e-01 3.960231647699779048e-03 4.509077709679510694e-03
3.364999999999989910e+01 6.254628525284380292e-01 7.111261838337282759e-01 2.673047114498610100e-01 3.039147386702278908e-01 3.961537035196169981e-03 4.504108761322394607e-03
3.369999999999989626e+01 6.259728331777256738e-01 7.106734215563124124e-01 2.677033137841029475e-01 3.039263365522063554e-01 3.963039434257640062e-03 4.499279593667018448e-03
3.374999999999990052e+01 6.265219228303112731e-01 7.102604939095237269e-01 2.681156119078962341e-01 3.039509393035774165e-01 3.964741026364462621e-03 4.494653446263631447e-03
3.379999999999989768e+01 6.271098376225160420e-01 7.098968567964917264e-01 2.685417304750454814e-01 3.039928876026943838e-01 3.966642990768775440e-03 4.490293760748819210e-03
3.384999999999989484e+01 6.277359777878460667e-01 7.095912948801801345e-01 2.689816776674973653e-01 3.040562652275276001e-01 3.968744782995175385e-03 4.486259907451542982e-03
3.389999999999989910e+01 6.283993305971441456e-01 7.093514085479389886e-01 2.694352917652476087e-01 3.041446647382407553e-01 3.971043356893856971e-03 4.482603754432445270e-03
3.394999999999989626e+01 6.290984140997069041e-01 7.091831234958769770e-01 2.699022045057946073e-01 3.042609616235742998e-01 3.973532639025325816e-03 4.479366383858299563e-03
3.399999999999990052e+01 6.298312571263178228e-01 7.090903138326395405e-01 2.703818198649945437e-01 3.044071365677825103e-01 3.976203233308751861e-03 4.476575537761516739e-03
3.404999999999989768e+01 6.305954110286884351e-01 7.090745841906016533e-01 2.708733068611395289e-01 3.045841661257470134e-01 3.979042333619392004e-03 4.474244085578372131e-03
3.409999999999989484e+01 6.313880079537894652e-01 7.091352087119930925e-01 2.713756133183338193e-01 3.047919817379971530e-01 3.982033944509676474e-03 4.472369504592779363e-03
3.414999999999989200e+01 6.322058535872585594e-01 7.092692152155323226e-01 2.718874958358080685e-01 3.050294926947610952e-01 3.985159338011121100e-03 4.470934301132455969e-03
3.419999999999989626e+01 6.330455608460709982e-01 7.094716062185332239e-01 2.724075692982039776e-01 3.052946702252871125e-01 3.988397793531546325e-03 4.469907323942721132e-03
3.424999999999990052e+01 6.339036973836946753e-01 7.097357305867938448e-01 2.729343645623790726e-01 3.055846991182182837e-01 3.991727452466247231e-03 4.469246056573585729e-03
3.429999999999989768e+01 6.347769334468930102e-01 7.100537375568145571e-01 2.734663888320894021e-01 3.058961680160601215e-01 3.995126206458582754e-03 4.468899459694095425e-03
3.434999999999989484e+01 6.356622325948633190e-01 7.104170604529131960e-01 2.740022072186684143e-01 3.062252759854611206e-01 3.998572888999183880e-03 4.468811032257742968e-03
3.439999999999989200e+01 6.365569675195406063e-01 7.108169506627143308e-01 2.745404947458474076e-01 3.065680642364277952e-01 4.002048028365131661e-03 4.468922219189919859e-03
3.444999999999989626e+01 6.374590553178363095e-01 7.112449758939594080e-01 2.750800994250657272e-01 3.069206360037325387e-01 4.005534756826594281e-03 4.469175624371797897e-03
3.449999999999989342e+01 6.383670363689364358e-01 7.116934317211527361e-01 2.756200834726560966e-01 3.072793422631532323e-01 4.009019395965916256e-03 4.469517705645875173e-03
3.454999999999989768e+01 6.392800932900859490e-01 7.121557041067326788e-01 2.761597407892938394e-01 3.076409491113154537e-01 4.012491693269806987e-03 4.469901185780110996e-03
3.459999999999989484e+01 6.401980522942138929e-01 7.126264887836722961e-01 2.766986086997911265e-01 3.080027458103554716e-01 4.015944973872159589e-03 4.470286586507347427e-03
3.464999999999989200e+01 6.411212935240634403e-01 7.131018940969644504e-01 2.772364413707344433e-01 3.083626038490835386e-01 4.019375735711998646e-03 4.470643042393392455e-03
3.469999999999989626e+01 6.420506621363190058e-01 7.135794288540037167e-01 2.777731846341892075e-01 3.087189876616592832e-01 4.022783267692829103e-03 4.470948409292686311e-03
3.474999999999989342e+01 6.429873051598167244e-01 7.140578848849974403e-01 2.783089186515068647e-01 3.090709197556102961e-01 4.026168805085099389e-03 4.471188712558567778e-03
3.479999999999989768e+01 6.439324875761349709e-01 7.145371086573840680e-01 2.788437913169372617e-01 3.094178974641496049e-01 4.029534556603148535e-03 4.471356899770958376e-03
3.484999999999989484e+01 6.448874124016970022e-01 7.150177383440647905e-01 2.793779525369587402e-01 3.097597936083487102e-01 4.032882750443296700e-03 4.471451369301326917e-03
3.489999999999989200e+01 6.458530056722309176e-01 7.155008733796319742e-01 2.799114719503941195e-01 3.100967261753759807e-01 4.036214447734603507e-03 4.471474061649267744e-03
3.494999999999988916e+01 6.468297585954805307e-01 7.159877897619392195e-01 2.804442797570633195e-01 3.104289457099843608e-01 4.039528696536751583e-03 4.471428818292906907e-03
3.499999999999989342e+01 6.478175620032839976e-01 7.164796319384231227e-01 2.809761021513129675e-01 3.107567100069524857e-01 4.042821613687965290e-03 4.471319568445369409e-03
3.504999999999989768e+01 6.488155975490278449e-01 7.169772033580117387e-01 2.815064191595546550e-01 3.110801989021142466e-01 4.046085794603740925e-03 4.471149103875169534e-03
3.509999999999989484e+01 6.498222737585661601e-01 7.174807802292404446e-01 2.820344395295036888e-01 3.113994362715969411e-01 4.049309971708605141e-03 4.470917965134209131e-03
3.514999999999989200e+01 6.508352058221860137e-01 7.179900788021148506e-01 2.825590922684093620e-01 3.117142759168385346e-01 4.052478913853137243e-03 4.470624251227526061e-03
3.519999999999988916e+01 6.518512529355212637e-01 7.185042306558949710e-01 2.830790407355916471e-01 3.120243881753402837e-01 4.055573649507052993e-03 4.470263440907464546e-03
3.524999999999989342e+01 6.528666218374667984e-01 7.190218538027516315e-01 2.835927232468391512e-01 3.123292856051030908e-01 4.058572067933306424e-03 4.469828774312755749e-03
3.529999999999989058e+01 6.538769632083402117e-01 7.195412264524905233e-01 2.840983886186572160e-01 3.126283910918449260e-01 4.061449444155223847e-03 4.469312238625384667e-03
3.534999999999989484e+01 6.548775626057053989e-01 7.200604366967222614e-01 2.845941709501478289e-01 3.129210935252154657e-01 4.064179520887519111e-03 4.468705369870992240e-03
3.539999999999989200e+01 6.558635196440683046e-01 7.205775772042187777e-01 2.850781578923893278e-01 3.132068215036870606e-01 4.066735490618972673e-03 4.468000306757314612e-03
3.544999999999988916e+01 6.568299184327637263e-01 7.210909424507744303e-01 2.855484541219912575e-01 3.134851171053438801e-01 4.069090903056528895e-03 4.467190838693901878e-03
3.549999999999989342e+01 6.577720387625798359e-01 7.215991580177559817e-01 2.860032618495875756e-01 3.137556794436592300e-01 4.071220809246807112e-03 4.466273016991600606e-03
3.554999999999989058e+01 6.586855122268171492e-01 7.221012850002550554e-01 2.864409372734779691e-01 3.140183973116310590e-01 4.073102556323905665e-03 4.465245606990853912e-03
3.559999999999989484e+01 6.595664704338997097e-01 7.225968457781393184e-01 2.868600438763555527e-01 3.142733479894301851e-01 4.074716532334605144e-03 4.464110056668052495e-03
3.564999999999989200e+01 6.604116605111267635e-01 7.230857771592229533e-01 2.872593921646977577e-01 3.145207652283675825e-01 4.076046713936834834e-03 4.462870028071916177e-03
3.569999999999988916e+01 6.612184758850289112e-01 7.235683503434969799e-01 2.876380441934176524e-01 3.147609946235826461e-01 4.077080711458799279e-03 4.461530752991968267e-03
3.574999999999988631e+01 6.619850495160811699e-01 7.240449534722517289e-01 2.879953457329902378e-01 3.149943897583482588e-01 4.077810205068897915e-03 4.460097554100516878e-03
3.579999999999989058e+01 6.627101823158313421e-01 7.245159320802269098e-01 2.883308899594644314e-01 3.152212370670139929e-01 4.078230409610539460e-03 4.458574781711665755e-03
3.584999999999989484e+01 6.633933134704390611e-01 7.249813475201322133e-01 2.886445005343251102e-01 3.154416463092302170e-01 4.078339816804320631e-03 4.456964271412658732e-03
3.589999999999989200e+01 6.640344693850306346e-01 7.254407376774463234e-01 2.889362075992955026e-01 3.156554444781686231e-01 4.078139839086748590e-03 4.455263859960046854e-03
3.594999999999988916e+01 6.646341187326584299e-01 7.258929626906982513e-01 2.892061859533916479e-01 3.158621100440790475e-01 4.077633922501124747e-03 4.453466479296154523e-03
3.599999999999988631e+01 6.651930919035429213e-01 7.263360433211544231e-01 2.894547226260089090e-01 3.160607055481625682e-01 4.076827079239572250e-03 4.451559233072723346e-03
3.604999999999989058e+01 6.657124532487235236e-01 7.267671061324436632e-01 2.896821663498053701e-01 3.162498593932212554e-01 4.075725168481266793e-03 4.449523171202560308e-03
3.609999999999988773e+01 6.661933936875761297e-01 7.271823943867017359e-01 2.898888876413194815e-01 3.164277782075572976e-01 4.074334330868871132e-03 4.447333495538411882e-03
3.614999999999989200e+01 6.666371240354729277e-01 7.275773707088849518e-01 2.900752406864466337e-01 3.165923008439616160e-01 4.072660451898172176e-03 4.444960348809579714e-03
3.619999999999988916e+01 6.670447934879332186e-01 7.279468975928068408e-01 2.902415372578923680e-01 3.167409875050195556e-01 4.070708797445904588e-03 4.442370091234505367e-03
3.624999999999988631e+01 6.674174228205406179e-01 7.282854869216460747e-01 2.903880277108813468e-01 3.168712396866828485e-01 4.068483750765422395e-03 4.439527000864218823e-03
3.629999999999989058e+01 6.677558537610083222e-01 7.285876006716837106e-01 2.905148892794652271e-01 3.169804426982696377e-01 4.065988653316528027e-03 4.436395279192028099e-03
3.634999999999988773e+01 6.680607245476948286e-01 7.288479734393488174e-01 2.906222254966845941e-01 3.170661173549794709e-01 4.063225802120731117e-03 4.432941172387000646e-03
3.639999999999989200e+01 6.683324583818774922e-01 7.290619350403558796e-01 2.907100705777057037e-01 3.171260709142413869e-01 4.060196516448412972e-03 4.429135068634666370e-03
3.644999999999988916e+01 6.685712589359104063e-01 7.292257152989655156e-01 2.907783957760694538e-01 3.171585389278849254e-01 4.056901231615906919e-03 4.424953455568686640e-03
3.649999999999988631e+01 6.687771434475633381e-01 7.293366613017036038e-01 2.908271306459828676e-01 3.171622872573940377e-01 4.053339799944022034e-03 4.420380310207592915e-03
3.654999999999988347e+01 6.689499435313608355e-01 7.293934286271791523e-01 2.908561685377114570e-01 3.171367006732400684e-01 4.049511570312734968e-03 4.415408293397018492e-03
3.659999999999988773e+01 6.690893366025062461e-01 7.293960521451119394e-01 2.908653834498112767e-01 3.170818167141177257e-01 4.045415625171236949e-03 4.410039175439755751e-03
3.664999999999989200e+01 6.691948793059161460e-01 7.293459208978020358e-01 2.908546456799445679e-01 3.169983153799181830e-01 4.041050999374021929e-03 4.404283645431315321e-03
3.669999999999988916e+01 6.692660248733679484e-01 7.292456802694827767e-01 2.908238283804908120e-01 3.168874747616755583e-01 4.036416771415565242e-03 4.398160649017019731e-03
3.674999999999988631e+01 6.693021547961932605e-01 7.290990336859352050e-01 2.907728183027372681e-01 3.167510807001925333e-01 4.031512212169676909e-03 4.391696092896960578e-03
3.679999999999988347e+01 6.693026010695742878e-01 7.289104882089624260e-01 2.907015205401419777e-01 3.165913100014622339e-01 4.026336849586463831e-03 4.384921191155997239e-03
3.684999999999988773e+01 6.692667160682652661e-01 7.286850030969757031e-01 2.906098822851111985e-01 3.164105697904423531e-01 4.020890796058275776e-03 4.377870215018236574e-03
3.689999999999988489e+01 6.691938229592946374e-01 7.284277651167644363e-01 2.904978634193977616e-01 3.162113907238777166e-01 4.015174338899771787e-03 4.370579001021126196e-03
3.694999999999988916e+01 6.690833376743372529e-01 7.281437739224796424e-01 2.903654805315873944e-01 3.159962368006129507e-01 4.009188547208671072e-03 4.363082316888003583e-03
3.699999999999988631e+01 6.689347674587220460e-01 7.278376126084081799e-01 2.902127968198602304e-01 3.157673953593843619e-01 4.002935128549805349e-03 4.355412349784621752e-03
3.704999999999988347e+01 6.687478017924363138e-01 7.275131812941322274e-01 2.900399518853133962e-01 3.155268511282124377e-01 3.996416836173808176e-03 4.347596984198598066e-03
3.709999999999988773e+01 6.685223250241089099e-01 7.271735844197750875e-01 2.898471578719846731e-01 3.152762276354115212e-01 3.989637410488442587e-03 4.339659017693217602e-03
3.714999999999988489e+01 6.682584863765601568e-01 7.268210404481545428e-01 2.896347211704352054e-01 3.150167393046530151e-01 3.982601872402006214e-03 4.331615528424252737e-03
3.719999999999988916e+01 6.679568010374585807e-01 7.264568559081204802e-01 2.894030786171701841e-01 3.147491727845586063e-01 3.975317013972126320e-03 4.323477648139550759e-03
3.724999999999988631e+01 6.676181485914870484e-01 7.260815538909455302e-01 2.891527906742441534e-01 3.144739369467398626e-01 3.967791295701472883e-03 4.315251278857503911e-03
3.729999999999988347e+01 6.672438493649918145e-01 7.256949940125204668e-01 2.888845699959715629e-01 3.141911109305092209e-01 3.960035229554109866e-03 4.306937778348320957e-03
3.734999999999988773e+01 6.668356996545818927e-01 7.252965612129627093e-01 2.885992940628496761e-01 3.139005240131870211e-01 3.952061541428967401e-03 4.298535077209006579e-03
3.739999999999988489e+01 6.663959378053242455e-01 7.248854080302670200e-01 2.882979899156827841e-01 3.136018606934939390e-01 3.943884950966942277e-03 4.290039133973935943e-03
3.744999999999988205e+01 6.659272655159506060e-01 7.244606455664418521e-01 2.879818447674188375e-01 3.132947455004331250e-01 3.935522306353529676e-03 4.281445104208183791e-03
3.749999999999988631e+01 6.654327968013298289e-01 7.240215413069825967e-01 2.876521873026083309e-01 3.129788327420520710e-01 3.926992318124354793e-03 4.272748569857376388e-03
3.754999999999988347e+01 6.649159628460796778e-01 7.235676861324745746e-01 2.873104517532438784e-01 3.126538846908303304e-01 3.918315059710120868e-03 4.263946603352623300e-03
3.759999999999988063e+01 6.643804545704635744e-01 7.230990694046367517e-01 2.869581598465622552e-01 3.123198115111150974e-01 3.909511714530830399e-03 4.255038303966156114e-03
3.764999999999988489e+01 6.638300331288368161e-01 7.226161540041100562e-01 2.865968470862233497e-01 3.119767124952550486e-01 3.900603567012236091e-03 4.246025348693512058e-03
3.769999999999988205e+01 6.632684582533499018e-01 7.221198125330398065e-01 2.862280408562046796e-01 3.116248581292127007e-01 3.891611704367170174e-03 4.236911735271426532e-03
3.774999999999988631e+01 6.626993404686963851e-01 7.216112477833950267e-01 2.858532062706260479e-01 3.112646659855463627e-01 3.882556282113775164e-03 4.227703442927633996e-03
3.779999999999988347e+01 6.621259314719537548e-01 7.210919006799054731e-01 2.854736655848901794e-01 3.108966713522949288e-01 3.873455435344516553e-03 4.218408023776060861e-03
3.784999999999988063e+01 6.615510666848010146e-01 7.205632572191317253e-01 2.850905830420735754e-01 3.105214539955899467e-01 3.864325083593009302e-03 4.209033602108989448e-03
3.789999999999988489e+01 6.609770122207776488e-01 7.200267128406413475e-01 2.847049077642429538e-01 3.101395889371928449e-01 3.855178168777841866e-03 4.199588204972154459e-03
3.794999999999988205e+01 6.604054066328495232e-01 7.194834162762010488e-01 2.843173566080642312e-01 3.097515874104804778e-01 3.846024438391138466e-03 4.190078963956458784e-03
3.799999999999988631e+01 6.598372065925625085e-01 7.189341661931937244e-01 2.839283972549115909e-01 3.093578590288160735e-01 3.836870233174489737e-03 4.180511608497524539e-03
3.804999999999988347e+01 6.592726968513197283e-01 7.183793469720192171e-01 2.835382573390379246e-01 3.089586890547940667e-01 3.827718627594176633e-03 4.170890166112654028e-03
3.809999999999988063e+01 6.587115151053101192e-01 7.178189477220432435e-01 2.831469380685844861e-01 3.085542494313553430e-01 3.818569630055093124e-03 4.161217119775537619e-03
3.814999999999988489e+01 6.581527694523353622e-01 7.172526055999497441e-01 2.827542654452490645e-01 3.081446178580462547e-01 3.809420888450653318e-03 4.151493672725456094e-03
3.819999999999988205e+01 6.575951493172349505e-01 7.166797509459105209e-01 2.823599366360293184e-01 3.077298384507850537e-01 3.800268326191520718e-03 4.141720571343011741e-03
3.824999999999987921e+01 6.570370728688821327e-01 7.160997997459498388e-01 2.819635797043165137e-01 3.073100001500311818e-01 3.791106954007626619e-03 4.131899161681102176e-03
3.829999999999988347e+01 6.564768865317740509e-01 7.155123501075281167e-01 2.815648336103753202e-01 3.068853145288059636e-01 3.781931949098401528e-03 4.122032431548780518e-03
3.834999999999988063e+01 6.559130367166100539e-01 7.149174293921386480e-01 2.811634143464633029e-01 3.064562132045820508e-01 3.772739541717061180e-03 4.112126309353677026e-03
3.839999999999987779e+01 6.553442528858670624e-01 7.143157135021114268e-01 2.807591842550014594e-01 3.060234314106504705e-01 3.763527939075095481e-03 4.102190769579774389e-03
3.844999999999988205e+01 6.547697220338087876e-01 7.137087104281568672e-01 2.803522163755459706e-01 3.055880748327195473e-01 3.754298177108090009e-03 4.092240707502112912e-03
3.849999999999987921e+01 6.541892057049488729e-01 7.130988961140618532e-01 2.799428331896816058e-01 3.051516649644021584e-01 3.745054624611134347e-03 4.082296521262914792e-03
3.854999999999988347e+01 6.536031536418205334e-01 7.124897624014187025e-01 2.795316436188310938e-01 3.047161465423438020e-01 3.735805460993408406e-03 4.072384183659800115e-03
3.859999999999988063e+01 6.530127500477540536e-01 7.118857821579106515e-01 2.791195511592062806e-01 3.042838596612481572e-01 3.726562765810506692e-03 4.062534841939237536e-03
3.864999999999987779e+01 6.524199110015991288e-01 7.112922819972643529e-01 2.787077417399347334e-01 3.038574732156150704e-01 3.717342337311575588e-03 4.052783904176269353e-03
3.869999999999988205e+01 6.518272408570950915e-01 7.107152245959259540e-01 2.782976550973114138e-01 3.034398810748203390e-01 3.708163292435870222e-03 4.043169634574564006e-03
3.874999999999987921e+01 6.512379380936512696e-01 7.101609109745037340e-01 2.778909360311857535e-01 3.030340659531491898e-01 3.699047401413463245e-03 4.033731327163393200e-03
3.879999999999988347e+01 6.506556600806171486e-01 7.096356336843930857e-01 2.774893699618106169e-01 3.026429446093410469e-01 3.690018217577277580e-03 4.024507242145502518e-03
3.884999999999988063e+01 6.500843616905120914e-01 7.091452780484076568e-01 2.770948094066825185e-01 3.022691934189628560e-01 3.681100091752682359e-03 4.015532293842093495e-03
3.889999999999987779e+01 6.495281217215439495e-01 7.086949609015361640e-01 2.767090976811362735e-01 3.019150928253454547e-01 3.672317155688612205e-03 4.006836002990658667e-03
3.894999999999988205e+01 6.489909478153299549e-01 7.082886475524676761e-01 2.763339854441435595e-01 3.015823648725358685e-01 3.663692216693990086e-03 3.998440369539762312e-03
3.899999999999987921e+01 6.484766105064769803e-01 7.079288816742250745e-01 2.759710624035385251e-01 3.012720619625701701e-01 3.655245859649525718e-03 3.990358436590343144e-03
3.904999999999987637e+01 6.479884830032879295e-01 7.076165541079205701e-01 2.756216932881484505e-01 3.009844741962183212e-01 3.646995610825657947e-03 3.982593108782257058e-03
3.909999999999988063e+01 6.475294175791052043e-01 7.073508030790727208e-01 2.752869714969519155e-01 3.007190948846525380e-01 3.638955340343061166e-03 3.975136746657676433e-03
3.914999999999987779e+01 6.471016585732531912e-01 7.071290261566109958e-01 2.749676899355814053e-01 3.004746352178757629e-01 3.631134895154599588e-03 3.967971412583380479e-03
3.919999999999987494e+01 6.467067963183675827e-01 7.069470213005460968e-01 2.746643305569463900e-01 3.002490950306206940e-01 3.623539980962362395e-03 3.961069855285243024e-03
3.924999999999987921e+01 6.463457639201642957e-01 7.067992150345878688e-01 2.743770729777652573e-01 3.000398712725627082e-01 3.616172296247326980e-03 3.954396985470358741e-03
3.929999999999987637e+01 6.460188826008483876e-01 7.066789874786788550e-01 2.741058242083747043e-01 2.998439078649441925e-01 3.609029943494079882e-03 3.947911887622710704e-03
3.934999999999988063e+01 6.457259225921559986e-01 7.065791299552913740e-01 2.738502550624170029e-01 2.996579015804061719e-01 3.602107925845677693e-03 3.941570556795881246e-03
3.939999999999987779e+01 6.454662172136740317e-01 7.064922405392385363e-01 2.736098587172780539e-01 2.994784807688912753e-01 3.595398931895909048e-03 3.935328262403310975e-03
3.944999999999987494e+01 6.452387710186867631e-01 7.064112307173162630e-01 2.733840060333204702e-01 2.993024300996864895e-01 3.588894073295978253e-03 3.929142502129139534e-03
3.949999999999987921e+01 6.450423910357712121e-01 7.063297381848180345e-01 2.731720096526311092e-01 2.991268740454972042e-01 3.582583733149269020e-03 3.922975397318005306e-03
3.954999999999987637e+01 6.448758123542092102e-01 7.062425061634879375e-01 2.729731840886036043e-01 2.989494441454906282e-01 3.576458356876570637e-03 3.916795861716231182e-03
3.959999999999988063e+01 6.447377996230249098e-01 7.061456928335596572e-01 2.727868942165717625e-01 2.987684148891289748e-01 3.570509086604350783e-03 3.910581346716356793e-03
3.964999999999987779e+01 6.446272431023111205e-01 7.060370649238355556e-01 2.726125996529160656e-01 2.985827883939635718e-01 3.564728338057099755e-03 3.904318906753373713e-03
3.969999999999987494e+01 6.445432261894862291e-01 7.059160545056513136e-01 2.724498851123647869e-01 2.983923189854411628e-01 3.559110190886550801e-03 3.898005473356523642e-03
3.974999999999987921e+01 6.444850499983146852e-01 7.057837691705137750e-01 2.722984708991430525e-01 2.981975161891919912e-01 3.553650517443963756e-03 3.891647845862221226e-03
3.979999999999987637e+01 6.444522506965283393e-01 7.056428038628618227e-01 2.721582183873554328e-01 2.979995618133219892e-01 3.548347045467484685e-03 3.885261562103294562e-03
3.984999999999987352e+01 6.444445804058972493e-01 7.054970067704731118e-01 2.720291187391251642e-01 2.978002063482109163e-01 3.543199202072625908e-03 3.878869506326430069e-03
3.989999999999987779e+01 6.444619612929310959e-01 7.053511820752922379e-01 2.719112686057066908e-01 2.976016371018223028e-01 3.538207789274005338e-03 3.872500157473298364e-03
3.994999999999987494e+01 6.445044371227248714e-01 7.052107077137648172e-01 2.718048438707274528e-01 2.974063098181679576e-01 3.533374635953566868e-03 3.866185373001867955e-03
3.999999999999987210e+01 6.445721079177396673e-01 7.050811679186981262e-01 2.717100652500312741e-01 2.972167858156947728e-01 3.528702146104311255e-03 3.859958257346695308e-03
4.004999999999987637e+01 6.446650680319305771e-01 7.049679815369876978e-01 2.716271649291003287e-01 2.970355672834406047e-01 3.524192863173545003e-03 3.853851018922365129e-03
4.009999999999987352e+01 6.447833498366892790e-01 7.048760833035749851e-01 2.715563552421198512e-01 2.968649549150748079e-01 3.519849063410505820e-03 3.847893129164945466e-03
4.014999999999987779e+01 6.449268819158946453e-01 7.048096468537078385e-01 2.714978037896229601e-01 2.967069238020629829e-01 3.515672434957896591e-03 3.842109728741517020e-03
4.019999999999987494e+01 6.450954605863145064e-01 7.047719068424420641e-01 2.714516144917462626e-01 2.965630416728219920e-01 3.511663835598278442e-03 3.836520590851522604e-03
4.024999999999987210e+01 6.452887425768630836e-01 7.047650440620450984e-01 2.714178184133619887e-01 2.964344147543103158e-01 3.507823178201779479e-03 3.831139447551677908e-03
4.029999999999987637e+01 6.455062537083756657e-01 7.047901824841167340e-01 2.713963722030278136e-01 2.963216817678018256e-01 3.504149415145622545e-03 3.825973941482279164e-03
4.034999999999987352e+01 6.457474161473516494e-01 7.048474389191979883e-01 2.713871656507170771e-01 2.962250314615255675e-01 3.500640640447826458e-03 3.821025881477282254e-03
4.039999999999987779e+01 6.460115849689483936e-01 7.049360442565182350e-01 2.713900345552007209e-01 2.961442516842460737e-01 3.497294259731976128e-03 3.816291903147509771e-03
4.044999999999987494e+01 6.462980906566929695e-01 7.050545401532402057e-01 2.714047773806349539e-01 2.960788114305942242e-01 3.494107207990159152e-03 3.811764550120308286e-03
4.049999999999987210e+01 6.466062840562450953e-01 7.052009578678518631e-01 2.714311746188540209e-01 2.960279370247534958e-01 3.491076200885591223e-03 3.807433273630279717e-03
4.054999999999987637e+01 6.469355738442891246e-01 7.053730263336571715e-01 2.714690063768419037e-01 2.959907018962490977e-01 3.488197961796884496e-03 3.803285600979759446e-03
4.059999999999987352e+01 6.472854542403265743e-01 7.055683708520916753e-01 2.715180671913766108e-01 2.959661136676799975e-01 3.485469411956062732e-03 3.799308262743013049e-03
4.064999999999987068e+01 6.476555140776492081e-01 7.057846590692706812e-01 2.715781743399438009e-01 2.959531803881031431e-01 3.482887776081365454e-03 3.795488046016080343e-03
4.069999999999987494e+01 6.480454305080830535e-01 7.060197144525637292e-01 2.716491706562950137e-01 2.959509640360638016e-01 3.480450616992897695e-03 3.791812479642082002e-03
4.074999999999987210e+01 6.484549428833692453e-01 7.062715805575754402e-01 2.717309197360533446e-01 2.959586140480140459e-01 3.478155772621491660e-03 3.788270259814589380e-03
4.079999999999986926e+01 6.488838081531579371e-01 7.065385244086019867e-01 2.718232939556533001e-01 2.959753758657235334e-01 3.476001201478950975e-03 3.784851353781640369e-03
4.084999999999987352e+01 6.493317459028565830e-01 7.068190016991762192e-01 2.719261582614804773e-01 2.960005835707689714e-01 3.473984774978999216e-03 3.781546899658508060e-03
4.089999999999987068e+01 6.497983664178779151e-01 7.071115879668572468e-01 2.720393465774908481e-01 2.960336379549619590e-01 3.472103976738883171e-03 3.778348920931240505e-03
4.094999999999987494e+01 6.502831082679282337e-01 7.074148766871826144e-01 2.721626418828624328e-01 2.960739703961314806e-01 3.470355650403099488e-03 3.775249861601940454e-03
4.099999999999987210e+01 6.507851684042714746e-01 7.077273938535416642e-01 2.722957521717395135e-01 2.961210125830369133e-01 3.468735696455289407e-03 3.772242198510033801e-03
4.104999999999986926e+01 6.513034465268100481e-01 7.080475100711738357e-01 2.724382913820569962e-01 2.961741641162495275e-01 3.467238834006461205e-03 3.769318028841874002e-03
4.109999999999987352e+01 6.518365109300836568e-01 7.083733759311489075e-01 2.725897680009119473e-01 2.962327684400086758e-01 3.465858461550065141e-03 3.766468765925103535e-03
4.114999999999987068e+01 6.523825802025474685e-01 7.087029052194860901e-01 2.727495787516812653e-01 2.962961071074177166e-01 3.464586583063600407e-03 3.763685069640119746e-03
4.119999999999987494e+01 6.529395293062983940e-01 7.090337969565342346e-01 2.729170108729872535e-01 2.963634085362999437e-01 3.463413843565836363e-03 3.760956961120566575e-03
4.124999999999987210e+01 6.535049282462848108e-01 7.093635948914355227e-01 2.730912563674371407e-01 2.964338706214265651e-01 3.462329716227420789e-03 3.758274112474514327e-03
4.129999999999986926e+01 6.540760897242301475e-01 7.096898040203940550e-01 2.732714282803072603e-01 2.965067053015071341e-01 3.461322714126763116e-03 3.755626412938668258e-03
4.134999999999987352e+01 6.546501562278908004e-01 7.100100133773387112e-01 2.734565919901965625e-01 2.965811841485191946e-01 3.460380790764912631e-03 3.753004544745585768e-03
4.139999999999987068e+01 6.552241884359404356e-01 7.103220514900215887e-01 2.736457955837268141e-01 2.966566960304696243e-01 3.459491726722218295e-03 3.750400708349814656e-03
4.144999999999986784e+01 6.557952683622131351e-01 7.106241346602037989e-01 2.738381052557914419e-01 2.967328005741359798e-01 3.458643577591311979e-03 3.747809290484834053e-03
4.149999999999987210e+01 6.563606048233600054e-01 7.109149950189709299e-01 2.740326408060773655e-01 2.968092722842747833e-01 3.457825120581426662e-03 3.745227410527136001e-03
4.154999999999986926e+01 6.569176283558596507e-01 7.111939773231972239e-01 2.742286062003320701e-01 2.968861311082995336e-01 3.457026236373561111e-03 3.742655292887491717e-03
4.159999999999986642e+01 6.574640899718572351e-01 7.114610761201046740e-01 2.744253215501364362e-01 2.969636479963844167e-01 3.456238306676789798e-03 3.740096322372608688e-03
4.164999999999987068e+01 6.579981034952446795e-01 7.117169359309295507e-01 2.746222318335151957e-01 2.970423354426512397e-01 3.455454316873430003e-03 3.737556910256708935e-03
4.169999999999986784e+01 6.585182156409864485e-01 7.119627597288314957e-01 2.748189276438617323e-01 2.971229003294769688e-01 3.454669109288025300e-03 3.735045887234163513e-03
4.174999999999987210e+01 6.590234116033480971e-01 7.122001789990214382e-01 2.750151401480649405e-01 2.972061820449866110e-01 3.453879311121703464e-03 3.732573714850704553e-03
4.179999999999986926e+01 6.595131143682709807e-01 7.124310598320473531e-01 2.752107345760534951e-01 2.972930652015657316e-01 3.453083244367053523e-03 3.730151382704723507e-03
4.184999999999986642e+01 6.599871498734558584e-01 7.126572779503576038e-01 2.754056910256241775e-01 2.973843810989210690e-01 3.452280677225005954e-03 3.727789170779339471e-03
4.189999999999987068e+01 6.604456993031111445e-01 7.128804689563363883e-01 2.756000816917041352e-01 2.974808007503080276e-01 3.451472532144080237e-03 3.725495313090904873e-03
4.194999999999986784e+01 6.608892341592482733e-01 7.131017778744640490e-01 2.757940425748905966e-01 2.975827293321449130e-01 3.450660526429668879e-03 3.723274686670574509e-03
4.199999999999987210e+01 6.613184372643355902e-01 7.133216424272935674e-01 2.759877415479505824e-01 2.976902169931388009e-01 3.449846769349390954e-03 3.721127712414244205e-03
4.204999999999986926e+01 6.617341202368667297e-01 7.135396162658301789e-01 2.761813464361231318e-01 2.978028877901475191e-01 3.449033361674977514e-03 3.719049488481401908e-03
4.209999999999986642e+01 6.621371580855216488e-01 7.137542442925643993e-01 2.763750023502351549e-01 2.979198924799946191e-01 3.448222112916229671e-03 3.717029226200815190e-03
4.214999999999987068e+01 6.625284110090942091e-01 7.139630351391217378e-01 2.765688050767182160e-01 2.980399032195819586e-01 3.447414210990575045e-03 3.715050211524869792e-03
4.219999999999986784e+01 6.629086757106005257e-01 7.141624989519802513e-01 2.767627882199468203e-01 2.981611369623446972e-01 3.446610065005573098e-03 3.713090124064077641e-03
4.224999999999986500e+01 6.632786406889251696e-01 7.143482819887483348e-01 2.769569130865169315e-01 2.982814203737464975e-01 3.445809183035988908e-03 3.711121870901987196e-03
4.229999999999986926e+01 6.636388635235757061e-01 7.145153711427731924e-01 2.771510685142770658e-01 2.983982847699212515e-01 3.445010174198604412e-03 3.709114788936258237e-03
4.234999999999986642e+01 6.639897728589428949e-01 7.146583498396723577e-01 2.773450814223474836e-01 2.985090830119626615e-01 3.444210883854059452e-03 3.707036113156949881e-03
4.239999999999986358e+01 6.643316704177590903e-01 7.147717153578906357e-01 2.775387274737658450e-01 2.986111322826476844e-01 3.443408529451197960e-03 3.704852757849236289e-03
4.244999999999986784e+01 6.646647419200394369e-01 7.148502207522059448e-01 2.777317451545504579e-01 2.987018669895238343e-01 3.442599877961588593e-03 3.702533213381153931e-03
4.249999999999986500e+01 6.649890951767919445e-01 7.148891836540908207e-01 2.779238605676590534e-01 2.987789773400501003e-01 3.441781555017457868e-03 3.700049254985149708e-03
4.254999999999986926e+01 6.653047949407302486e-01 7.148847725037061895e-01 2.781148099464738621e-01 2.988405376759815102e-01 3.440950324113511115e-03 3.697377515323009480e-03
4.259999999999986642e+01 6.656118625292248847e-01 7.148342910173280940e-01 2.783043462484773301e-01 2.988851329686696978e-01 3.440103167471916020e-03 3.694501025570709821e-03
4.264999999999986358e+01 6.659103296590999088e-01 7.147363056595725794e-01 2.784922669236538084e-01 2.989119182423120025e-01 3.439237627954980052e-03 3.691409919633377792e-03
4.269999999999986784e+01 6.662002347860703777e-01 7.145907626114524902e-01 2.786784160747244332e-01 2.989206719960658676e-01 3.438351833124307470e-03 3.688102060407978059e-03
4.274999999999986500e+01 6.664816505993069740e-01 7.143989593195145815e-01 2.788626979053083765e-01 2.989117869898512136e-01 3.437444658308894379e-03 3.684582890475832876e-03
4.279999999999986926e+01 6.667546491477163162e-01 7.141635022019009460e-01 2.790450623590018386e-01 2.988862533784930609e-01 3.436515546293134223e-03 3.680865189390317409e-03
4.284999999999986642e+01 6.670193256226489842e-01 7.138880948533011805e-01 2.792255135371846109e-01 2.988455689907028034e-01 3.435564608270504604e-03 3.676967935905303079e-03
4.289999999999986358e+01 6.672757681487782033e-01 7.135773254873010174e-01 2.794040939830663151e-01 2.987916475189389409e-01 3.434592427573042710e-03 3.672915150816714273e-03
4.294999999999986784e+01 6.675240424546251550e-01 7.132363901775808923e-01 2.795808736402558559e-01 2.987266980596060550e-01 3.433599921894461664e-03 3.668734394345800256e-03
4.299999999999986500e+01 6.677641789414758833e-01 7.128707859281724346e-01 2.797559387234715977e-01 2.986530907093674081e-01 3.432588205195979004e-03 3.664455100728443437e-03
4.304999999999986215e+01 6.679961601346569022e-01 7.124860117964968431e-01 2.799293797084326796e-01 2.985732242726117924e-01 3.431558439576259858e-03 3.660106947871438234e-03
4.309999999999986642e+01 6.682199165600677393e-01 7.120872925468512138e-01 2.801012822464057361e-01 2.984894026214121032e-01 3.430511723777175583e-03 3.655718341964639406e-03
4.314999999999986358e+01 6.684353338623637564e-01 7.116793376306871366e-01 2.802717224702431231e-01 2.984037253861052674e-01 3.429449036038468429e-03 3.651315085789000065e-03
4.319999999999986073e+01 6.686422657444297535e-01 7.112661666710723418e-01 2.804407647631571576e-01 2.983180064295186673e-01 3.428371207373568340e-03 3.646919394003905225e-03
4.324999999999986500e+01 6.688405610873665585e-01 7.108509936552734887e-01 2.806084658241292384e-01 2.982337172178594065e-01 3.427278971897769911e-03 3.642549217928062882e-03
4.329999999999986215e+01 6.690300947336982329e-01 7.104361865971660084e-01 2.807748809293725278e-01 2.981519624750739172e-01 3.426173043677525811e-03 3.638217967969184855e-03
4.334999999999986642e+01 6.692108052532991236e-01 7.100232902621353981e-01 2.809400740549513609e-01 2.980734832449137839e-01 3.425054240231051924e-03 3.633934571714897768e-03
4.339999999999986358e+01 6.693827330562253097e-01 7.096131079427742128e-01 2.811041293036915523e-01 2.979986859535335153e-01 3.423923621238638814e-03 3.629703848398712143e-03
4.344999999999986073e+01 6.695460540407141004e-01 7.092058293146502601e-01 2.812671617861177698e-01 2.979276922470992517e-01 3.422782619849327763e-03 3.625527134129601873e-03
4.349999999999986500e+01 6.697011019320763259e-01 7.088011847213210315e-01 2.814293251865067624e-01 2.978604015015487994e-01 3.421633132966655794e-03 3.621403057769599036e-03
4.354999999999986215e+01 6.698484025195804437e-01 7.083986109628347405e-01 2.815908257892980604e-01 2.977965597868024172e-01 3.420477689514713447e-03 3.617328390972404141e-03
4.359999999999986642e+01 6.699886317645017408e-01 7.079974068737221460e-01 2.817519059824109551e-01 2.977358261914390125e-01 3.419319247359364419e-03 3.613298861546598417e-03
4.364999999999986358e+01 6.701226381430341883e-01 7.075968710311811849e-01 2.819128560471937384e-01 2.976778331131084698e-01 3.418161334309723423e-03 3.609309889216237750e-03
4.369999999999986073e+01 6.702513887036977147e-01 7.071964000533266237e-01 2.820739950921765660e-01 2.976222313595729974e-01 3.417007814563020017e-03 3.605357133368549717e-03
4.374999999999986500e+01 6.703759207402376630e-01 7.067955487868349262e-01 2.822356552847823385e-01 2.975687203143396742e-01 3.415862696336254261e-03 3.601436857057069806e-03
4.379999999999986215e+01 6.704972794786898671e-01 7.063940449456067583e-01 2.823981608922823128e-01 2.975170597455640831e-01 3.414729877778513098e-03 3.597546067056406945e-03
4.384999999999985931e+01 6.706164524374930158e-01 7.059917618438226183e-01 2.825618063963309945e-01 2.974670645231636268e-01 3.413612883072566790e-03 3.593682446670666119e-03
4.389999999999986358e+01 6.707342882468313450e-01 7.055886646108028293e-01 2.827268280333822270e-01 2.974185881612630977e-01 3.412514520620192095e-03 3.589844154028531270e-03
4.394999999999986073e+01 6.708514393742396331e-01 7.051847269349911240e-01 2.828933854115835977e-01 2.973714939469550567e-01 3.411436664595529980e-03 3.586029471775168103e-03
4.399999999999985789e+01 6.709683022723443857e-01 7.047798470675789018e-01 2.830615414332455781e-01 2.973256250800667688e-01 3.410380017268027902e-03 3.582236446747801440e-03
4.404999999999986215e+01 6.710849782424340715e-01 7.043737690196387735e-01 2.832312502808904675e-01 2.972807762542770682e-01 3.409343969676691816e-03 3.578462548953088417e-03
4.409999999999985931e+01 6.712012609337405511e-01 7.039660243573859777e-01 2.834023556866530624e-01 2.972366728702342531e-01 3.408326586730652495e-03 3.574704424176006982e-03
4.414999999999986358e+01 6.713166413439813907e-01 7.035559072450694451e-01 2.835745954743027486e-01 2.971929630571272796e-01 3.407324667759728792e-03 3.570957801827912264e-03
4.419999999999986073e+01 6.714303460615904662e-01 7.031424886329054047e-01 2.837476189038454777e-01 2.971492248898288668e-01 3.406333960430326518e-03 3.567217585712240558e-03
4.424999999999985789e+01 6.715413946074378915e-01 7.027246723048681254e-01 2.839210107954652784e-01 2.971049899140505435e-01 3.405349454818182905e-03 3.563478139898666134e-03
4.429999999999986215e+01 6.716486823261087480e-01 7.023012909715402596e-01 2.840943251537708658e-01 2.970597822394118737e-01 3.404365789739623432e-03 3.559733759609498387e-03
4.434999999999985931e+01 6.717510844182704721e-01 7.018712356549400289e-01 2.842671265367457956e-01 2.970131704829420682e-01 3.403377749616839486e-03 3.555979293420446705e-03
4.439999999999986358e+01 6.718475516087132338e-01 7.014336024346060627e-01 2.844390267137361095e-01 2.969648258791415252e-01 3.402380702317425992e-03 3.552210835874907140e-03
4.444999999999986073e+01 6.719372281608331221e-01 7.009878490345192725e-01 2.846097298527942021e-01 2.969145836581807973e-01 3.401371136573587330e-03 3.548426455430912091e-03
4.449999999999985789e+01 6.720195469971442792e-01 7.005339369237173486e-01 2.847790673224461777e-01 2.968624976405713767e-01 3.400347072506828845e-03 3.544626837499368840e-03
4.454999999999986215e+01 6.720943242514229032e-01 7.000724482589326669e-01 2.849470316680579041e-01 2.968088836431660438e-01 3.399308460102101141e-03 3.540815790553734563e-03
4.459999999999985931e+01 6.721618056862911361e-01 6.996046563766648019e-01 2.851137899426157141e-01 2.967543430073245059e-01 3.398257329470994337e-03 3.537000512602207856e-03
4.464999999999985647e+01 6.722227104997057223e-01 6.991325453948457058e-01 2.852796960389492043e-01 2.966997647147563422e-01 3.397197928418576197e-03 3.533191601247479951e-03
4.469999999999986073e+01 6.722782258843397196e-01 6.986587653528372188e-01 2.854452823176376608e-01 2.966463003580053215e-01 3.396136612940373490e-03 3.529402740725830993e-03
4.474999999999985789e+01 6.723299728369370731e-01 6.981865274142700084e-01 2.856112396240283458e-01 2.965953142653495744e-01 3.395081600285635316e-03 3.525650095279052841e-03
4.479999999999985505e+01 6.723799335585308734e-01 6.977194285624477299e-01 2.857783817425807449e-01 2.965483043934077356e-01 3.394042538510468748e-03 3.521951358591549411e-03
4.484999999999985931e+01 6.724303620878642196e-01 6.972612535541891088e-01 2.859476037243399160e-01 2.965068144819990037e-01 3.393030005628485529e-03 3.518324704621770844e-03
4.489999999999985647e+01 6.724836601388672896e-01 6.968157057252711839e-01 2.861198264983981776e-01 2.964723169367463607e-01 3.392054848825120685e-03 3.514787396997595074e-03
4.494999999999986073e+01 6.725422414722440623e-01 6.963861628962544348e-01 2.862959379043377162e-01 2.964461075538468160e-01 3.391127484801166082e-03 3.511354546092360952e-03
4.499999999999985789e+01 6.726083994486452555e-01 6.959754110025989648e-01 2.864767363196614181e-01 2.964291918837129725e-01 3.390257234552214709e-03 3.508037773771760081e-03
4.504999999999985505e+01 6.726841650717050314e-01 6.955854121062753359e-01 2.866628715857152399e-01 2.964221874410601920e-01 3.389451629745385101e-03 3.504844072610829690e-03
4.509999999999985931e+01 6.727711978070476384e-01 6.952171461118699103e-01 2.868548012077227760e-01 2.964252585339076651e-01 3.388715903221777796e-03 3.501775056513979634e-03
4.514999999999985647e+01 6.728706814025620098e-01 6.948704837399695133e-01 2.870527498723897120e-01 2.964380655536115183e-01 3.388052521361940937e-03 3.498826385997194297e-03
4.519999999999986073e+01 6.729832632935439651e-01 6.945441533090536135e-01 2.872566886492418092e-01 2.964597553642669414e-01 3.387460951052388442e-03 3.495987681182402031e-03
4.524999999999985789e+01 6.731090158647700106e-01 6.942357994978171076e-01 2.874663245242567999e-01 2.964889920221935871e-01 3.386937549623063662e-03 3.493242910423497143e-03
4.529999999999985505e+01 6.732474481945993627e-01 6.939421077333927101e-01 2.876811121703776175e-01 2.965240163478422009e-01 3.386475717132175593e-03 3.490571116513748341e-03
4.534999999999985931e+01 6.733975418483112430e-01 6.936590094704454534e-01 2.879002766010154701e-01 2.965627408516927632e-01 3.386066175842589697e-03 3.487947554856730362e-03
4.539999999999985647e+01 6.735578216365157855e-01 6.933819584120778368e-01 2.881228510458854197e-01 2.966028755127096961e-01 3.385697427096194794e-03 3.485345188163460010e-03
4.544999999999985363e+01 6.737264537678719911e-01 6.931062329653585596e-01 2.883477265690141955e-01 2.966420650824460603e-01 3.385356343633870446e-03 3.482736308569965317e-03
4.549999999999985789e+01 6.739013641509491448e-01 6.928272564567784508e-01 2.885737101683810701e-01 2.966780341117245534e-01 3.385028858280138362e-03 3.480094241779768931e-03
4.554999999999985505e+01 6.740803630345117980e-01 6.925409288600126168e-01 2.887995848882461969e-01 2.967087364368929947e-01 3.384700672584200608e-03 3.477395094484544199e-03
4.559999999999985221e+01 6.742612753612629017e-01 6.922438868634080977e-01 2.890241718696883177e-01 2.967324736621606007e-01 3.384357984422588748e-03 3.474619129533505421e-03
4.564999999999985647e+01 6.744420542056882573e-01 6.919337850615393526e-01 2.892463840838891409e-01 2.967480217262543629e-01 3.383988114464929822e-03 3.471752228444049525e-03
4.569999999999985363e+01 6.746208909874993331e-01 6.916094186128599608e-01 2.894652772501692395e-01 2.967546881249923940e-01 3.383580096436820082e-03 3.468786535651585332e-03
4.574999999999985789e+01 6.747962934486584352e-01 6.912708237395760458e-01 2.896800859211783319e-01 2.967523585411037113e-01 3.383125091050266132e-03 3.465720975662533662e-03
4.579999999999985505e+01 6.749671397646793691e-01 6.909192731116470254e-01 2.898902475775655407e-01 2.967414964945943590e-01 3.382616657847914345e-03 3.462561219306827323e-03
4.584999999999985221e+01 6.751327042755614904e-01 6.905571655026985223e-01 2.900954130911468365e-01 2.967230959497280107e-01 3.382050866699476237e-03 3.459319101716453165e-03
4.589999999999985647e+01 6.752926547059180384e-01 6.901878897359252640e-01 2.902954434363849145e-01 2.966986211223737735e-01 3.381426248530992103e-03 3.456011894261788470e-03
4.594999999999985363e+01 6.754470200926873114e-01 6.898155546644587632e-01 2.904903923182222680e-01 2.966698869649216919e-01 3.380743582405853868e-03 3.452660889903083272e-03
4.599999999999985789e+01 6.755961408773316634e-01 6.894447278778084165e-01 2.906804799158744235e-01 2.966389418902541930e-01 3.380005580417152870e-03 3.449290021979708673e-03
4.604999999999985505e+01 6.757405966360130467e-01 6.890801273610499544e-01 2.908660557986822992e-01 2.966079288007076320e-01 3.379216448430821980e-03 3.445924238172620897e-03
4.609999999999985221e+01 6.758811269003663913e-01 6.887263229403738363e-01 2.910475580708971055e-01 2.965789493046357972e-01 3.378381405349946062e-03 3.442587919960958531e-03
4.614999999999985647e+01 6.760185508384881636e-01 6.883874533925292694e-01 2.912254715014569451e-01 2.965539339730686175e-01 3.377506193116354676e-03 3.439303380377725303e-03
4.619999999999985363e+01 6.761536864808433966e-01 6.880669958158649457e-01 2.914002851045851550e-01 2.965345346194145915e-01 3.376596582903660174e-03 3.436089624790444018e-03
4.624999999999985079e+01 6.762872784932063563e-01 6.877675795957879368e-01 2.915724534846244609e-01 2.965220358081008811e-01 3.375657927463099599e-03 3.432961340759498308e-03
4.629999999999985505e+01 6.764199482289132703e-01 6.874908939983351841e-01 2.917423681673166902e-01 2.965173070866669036e-01 3.374694831316569100e-03 3.429928364218248933e-03
4.634999999999985221e+01 6.765521480615968031e-01 6.872376418750156812e-01 2.919103313763095064e-01 2.965207757432832825e-01 3.373710850925284478e-03 3.426995385649049975e-03
4.639999999999984936e+01 6.766841438371655748e-01 6.870075853433611490e-01 2.920765428772236216e-01 2.965324402603466414e-01 3.372708347312060057e-03 3.424162127717637807e-03
4.644999999999985363e+01 6.768160105755862688e-01 6.867996484774265831e-01 2.922410936345487542e-01 2.965519095923507820e-01 3.371688418050758362e-03 3.421423819929062839e-03
4.649999999999985079e+01 6.769476459564426341e-01 6.866120708275366136e-01 2.924039685083401618e-01 2.965784659049089944e-01 3.370650933813728375e-03 3.418771941266971620e-03
4.654999999999985505e+01 6.770787942743464738e-01 6.864426037510238388e-01 2.925650546550196962e-01 2.966111471548732448e-01 3.369594640426379524e-03 3.416195187502147398e-03
4.659999999999985221e+01 6.772090810309909781e-01 6.862887156041405090e-01 2.927241563267148905e-01 2.966488354909897485e-01 3.368517334024345635e-03 3.413680500471697604e-03
4.664999999999984936e+01 6.773380507732361666e-01 6.861478020279235812e-01 2.928810120364213621e-01 2.966903489846652864e-01 3.367416062505572145e-03 3.411214130320966778e-03
4.669999999999985363e+01 6.774652047758743523e-01 6.860173748477508271e-01 2.930353133871994586e-01 2.967345260102035587e-01 3.366287345056865818e-03 3.408782607813949303e-03
4.674999999999985079e+01 6.775900348276131524e-01 6.858952187305089598e-01 2.931867232235443321e-01 2.967802968139210407e-01 3.365127382766658088e-03 3.406373564578729553e-03
4.679999999999985505e+01 6.777120487056796927e-01 6.857795132245032566e-01 2.933348912107787143e-01 2.968267412250960025e-01 3.363932238655727158e-03 3.403976390196063358e-03
4.684999999999985221e+01 6.778307903679300361e-01 6.856688790725090632e-01 2.934794679991089561e-01 2.968731145195053767e-01 3.362698000562700830e-03 3.401582520991190076e-03
4.689999999999984936e+01 6.779458452876357955e-01 6.855624114834412142e-01 2.936201133861029433e-01 2.969188680662445678e-01 3.361420874483156407e-03 3.399185667615860044e-03
4.694999999999985363e+01 6.780568406221481048e-01 6.854596380115014487e-01 2.937565025726718293e-01 2.969636376387456700e-01 3.360097255621075779e-03 3.396781671589893265e-03
4.699999999999985079e+01 6.781634358878292357e-01 6.853604544886915395e-01 2.938883282327809932e-01 2.970072220759717441e-01 3.358723751231791708e-03 3.394368252296828866e-03
4.704999999999984794e+01 6.782653096417465832e-01 6.852650226096058672e-01 2.940153005800588693e-01 2.970495449722809767e-01 3.357297180474560182e-03 3.391944561487658921e-03
4.709999999999985221e+01 6.783621431001092272e-01 6.851736630532216932e-01 2.941371455274996993e-01 2.970906137540078040e-01 3.355814552509987780e-03 3.389510710256800514e-03
4.714999999999984936e+01 6.784536049767495580e-01 6.850867444385703164e-01 2.942536026020405870e-01 2.971304760815018930e-01 3.354273041915547052e-03 3.387067267956713357e-03
4.719999999999984652e+01 6.785393405833812785e-01 6.850045807014997212e-01 2.943644237480713688e-01 2.971691788564879699e-01 3.352669974351618880e-03 3.384614793354086184e-03
4.724999999999985079e+01 6.786189655830054956e-01 6.849273603210801475e-01 2.944693730215305338e-01 2.972067398466637922e-01 3.351002822435633546e-03 3.382153511768586866e-03
4.729999999999984794e+01 6.786920693099354196e-01 6.848550942541505870e-01 2.945682292631208732e-01 2.972431262109631600e-01 3.349269235510194884e-03 3.379683072324774721e-03
4.734999999999985221e+01 6.787582229805728673e-01 6.847876103938930203e-01 2.946607896375418312e-01 2.972782519327874518e-01 3.347467079097331353e-03 3.377202521247238669e-03
4.739999999999984936e+01 6.788170001132719511e-01 6.847245580252245833e-01 2.947468773125302421e-01 2.973119784322729720e-01 3.345594521141101105e-03 3.374710311376546458e-03
4.744999999999984652e+01 6.788679974001914363e-01 6.846654696333478451e-01 2.948263481349836512e-01 2.973441388887991810e-01 3.343650106435887975e-03 3.372204580536432902e-03
4.749999999999985079e+01 6.789108636031782051e-01 6.846098197203704938e-01 2.948990998338393288e-01 2.973745603383789460e-01 3.341632859306969960e-03 3.369683403267758649e-03
4.754999999999984794e+01 6.789453241114355997e-01 6.845571120731615000e-01 2.949650784487709565e-01 2.974030972664639672e-01 3.339542354359147525e-03 3.367145171428980593e-03
4.759999999999985221e+01 6.789712114555652711e-01 6.845069458969204046e-01 2.950242867568692029e-01 2.974296554642331669e-01 3.337378809466854442e-03 3.364588862717578319e-03
4.764999999999984936e+01 6.789884802145561560e-01 6.844590956611323884e-01 2.950767854475886409e-01 2.974542213944924018e-01 3.335143096327656403e-03 3.362014370098820922e-03
4.769999999999984652e+01 6.789972209220235255e-01 6.844135546916984003e-01 2.951226937261900440e-01 2.974768756918481083e-01 3.332836744508083700e-03 3.359422650387903619e-03
4.774999999999985079e+01 6.789976597363029942e-01 6.843705591729148940e-01 2.951621837992599584e-01 2.974977982278281807e-01 3.330461876437356555e-03 3.356815776900749868e-03
4.779999999999984794e+01 6.789901544371053088e-01 6.843305735043498927e-01 2.951954741353767231e-01 2.975172567537768265e-01 3.328021128921955594e-03 3.354196806694222967e-03
4.784999999999984510e+01 6.789751681889313328e-01 6.842942573021317809e-01 2.952228135700668554e-01 2.975355880678699494e-01 3.325517471924163866e-03 3.351569564267764013e-03
4.789999999999984936e+01 6.789532475653526911e-01 6.842623915421771619e-01 2.952444681100345747e-01 2.975531622582369140e-01 3.322954058638551839e-03 3.348938235883373252e-03
4.794999999999984652e+01 6.789249835757296125e-01 6.842357939322277760e-01 2.952607012564001376e-01 2.975703431579851399e-01 3.320334003445610423e-03 3.346306923339734812e-03
4.799999999999984368e+01 6.788909715013938806e-01 6.842152202929404625e-01 2.952717548969849837e-01 2.975874437928195393e-01 3.317660167381862330e-03 3.343679143739554122e-03
4.804999999999984794e+01 6.788517756349810028e-01 6.842012628337034164e-01 2.952778335500951812e-01 2.976046816888736624e-01 3.314934982319348109e-03 3.341057330214699909e-03
4.809999999999984510e+01 6.788078898848403098e-01 6.841942657798548710e-01 2.952790879688165226e-01 2.976221428823457860e-01 3.312160268859420161e-03 3.338442432780107383e-03
4.814999999999984936e+01 6.787597112578579450e-01 6.841942592135596968e-01 2.952756055688540160e-01 2.976397550786106239e-01 3.309337131620675599e-03 3.335833623744594023e-03
4.819999999999984652e+01 6.787075156787222285e-01 6.842009320958762908e-01 2.952674029431514580e-01 2.976572789373140848e-01 3.306465878422757028e-03 3.333228207584712586e-03
4.824999999999984368e+01 6.786514573506520209e-01 6.842136293709104589e-01 2.952544296945800451e-01 2.976743109309891722e-01 3.303546066512792322e-03 3.330621660766320755e-03
4.829999999999984794e+01 6.785915704476492838e-01 6.842314004573013531e-01 2.952365740476911027e-01 2.976903093470592010e-01 3.300576568448203817e-03 3.328007930095695354e-03
4.834999999999984510e+01 6.785277837302374770e-01 6.842530850995697245e-01 2.952136746968110348e-01 2.977046371842944072e-01 3.297555707308704852e-03 3.325379918283107375e-03
4.839999999999984936e+01 6.784599511503935920e-01 6.842774251272391028e-01 2.951855400554815878e-01 2.977166167899331084e-01 3.294481473833508599e-03 3.322730098101940501e-03
4.844999999999984652e+01 6.783878870157586949e-01 6.843032014548141584e-01 2.951519695889092132e-01 2.977255955937974097e-01 3.291351765697351096e-03 3.320051247212692236e-03
4.849999999999984368e+01 6.783114062055074500e-01 6.843293811166940577e-01 2.951127772275915495e-01 2.977310160970528807e-01 3.288164648775401561e-03 3.317337226708118487e-03
4.854999999999984794e+01 6.782303651385280796e-01 6.843552615893250257e-01 2.950678147077552271e-01 2.977324842712874009e-01 3.284918616284508187e-03 3.314583738060541355e-03
4.859999999999984510e+01 6.781447008553856959e-01 6.843805915169999254e-01 2.950169934835740193e-01 2.977298270607754427e-01 3.281612830740542920e-03 3.311788955069813571e-03
4.864999999999984226e+01 6.780544596919586553e-01 6.844056700520771974e-01 2.949603012107495648e-01 2.977231396437044486e-01 3.278247304370662113e-03 3.308954038829733067e-03
4.869999999999984652e+01 6.779598224779816995e-01 6.844313852732070158e-01 2.948978157461983329e-01 2.977128051740390857e-01 3.274823051040522993e-03 3.306083344520153750e-03
4.874999999999984368e+01 6.778611084907066875e-01 6.844592269815276131e-01 2.948297086287531288e-01 2.976995020536600256e-01 3.271342120707393733e-03 3.303184488806222303e-03
4.879999999999984084e+01 6.777587739019260704e-01 6.844912261270759135e-01 2.947562449794751682e-01 2.976841780639327695e-01 3.267807594007493977e-03 3.300268049489285364e-03
4.884999999999984510e+01 6.776533932655791626e-01 6.845298553874843428e-01 2.946777746588440383e-01 2.976680062075182098e-01 3.264223480020435417e-03 3.297347064054489095e-03
4.889999999999984226e+01 6.775456326915189065e-01 6.845778707772532945e-01 2.945947185551711645e-01 2.976523136450403006e-01 3.260594560654919098e-03 3.294436232927958584e-03
4.894999999999984652e+01 6.774362107130296184e-01 6.846381396434215727e-01 2.945075482714399895e-01 2.976385034795804296e-01 3.256926162802772830e-03 3.291551047603883708e-03
4.899999999999984368e+01 6.773258568036018001e-01 6.847134358724876746e-01 2.944167637201229315e-01 2.976279612542790387e-01 3.253223908509653758e-03 3.288706754190936880e-03
4.904999999999984084e+01 6.772152700006062176e-01 6.848062258072910025e-01 2.943228698659062781e-01 2.976219565773543518e-01 3.249493456979376648e-03 3.285917268311953129e-03
4.909999999999984510e+01 6.771050784121187549e-01 6.849184830041792349e-01 2.942263530989117637e-01 2.976215566082391906e-01 3.245740243782819015e-03 3.283194226235410743e-03
4.914999999999984226e+01 6.769958055695941557e-01 6.850515418085902919e-01 2.941276601251114897e-01 2.976275560344627813e-01 3.241969249105673516e-03 3.280546222479620300e-03
4.919999999999984652e+01 6.768878546284263775e-01 6.852059463467181644e-01 2.940271844290922587e-01 2.976404049515595229e-01 3.238184850540672035e-03 3.277978028100884001e-03
4.924999999999984368e+01 6.767814951672631585e-01 6.853814275409151335e-01 2.939252538357115530e-01 2.976601923999979693e-01 3.234390688701098068e-03 3.275490425309476698e-03
4.929999999999984084e+01 6.766768724518947842e-01 6.855768866715467036e-01 2.938221281824339171e-01 2.976866331261254217e-01 3.230589644666681439e-03 3.273080078352129732e-03
4.934999999999984510e+01 6.765740266363078348e-01 6.857904677732344911e-01 2.937180018180954866e-01 2.977190934474485129e-01 3.226783870564089562e-03 3.270739834632785132e-03
4.939999999999984226e+01 6.764729225374424004e-01 6.860196922763371896e-01 2.936130114562596205e-01 2.977566448809385591e-01 3.222974878773439845e-03 3.268459329099224035e-03
4.944999999999983942e+01 6.763734932773626252e-01 6.862616212799078630e-01 2.935072510273478708e-01 2.977981306917338866e-01 3.219163707456524932e-03 3.266225727356563639e-03
4.949999999999984368e+01 6.762756836408732042e-01 6.865130768375826698e-01 2.934007874878673539e-01 2.978422590628420075e-01 3.215351095757458359e-03 3.264024756853071019e-03
4.954999999999984084e+01 6.761794981933504367e-01 6.867708687566879133e-01 2.932936799376437698e-01 2.978876998042683244e-01 3.211537694362381814e-03 3.261841771741243960e-03
4.959999999999983800e+01 6.760850373138702629e-01 6.870320361502808559e-01 2.931859947346672213e-01 2.979331886024148002e-01 3.207724231232691754e-03 3.259662894993606112e-03
4.964999999999984226e+01 6.759925321706903301e-01 6.872940568134953132e-01 2.930778215605649439e-01 2.979776186219176282e-01 3.203911686915175607e-03 3.257476016637533400e-03
4.969999999999983942e+01 6.759023604553731079e-01 6.875550271997767915e-01 2.929692822317148115e-01 2.980201203585314262e-01 3.200101389751126239e-03 3.255271658749669082e-03
4.974999999999984368e+01 6.758150531784065107e-01 6.878137875718578487e-01 2.928605369470533848e-01 2.980601189637972492e-01 3.196295082641791019e-03 3.253043590327945114e-03
4.979999999999984084e+01 6.757312682724274655e-01 6.880699953188547102e-01 2.927517771763077370e-01 2.980973700777134194e-01 3.192494843798347748e-03 3.250789204773328091e-03
4.984999999999983800e+01 6.756517764563698680e-01 6.883241349107893647e-01 2.926432247352289684e-01 2.981319690445418669e-01 3.188703075295339171e-03 3.248509605497604865e-03
4.989999999999984226e+01 6.755773966285056886e-01 6.885774443694281377e-01 2.925351096124811923e-01 2.981643245770982942e-01 3.184922260342753619e-03 3.246209304051160018e-03
4.994999999999983942e+01 6.755089469651238687e-01 6.888318027059465720e-01 2.924276551353609532e-01 2.981951160720354155e-01 3.181154801581308113e-03 3.243895741876923720e-03
4.999999999999984368e+01 6.754471759368735340e-01 6.890895684390097031e-01 2.923210546017370737e-01 2.982252299474756896e-01 3.177402767410193295e-03 3.241578586385613411e-03
