# tau eta eta_joint W_out W_out_joint power power_joint
5.000000000000000000e+00 6.797496776225145920e-01 6.927426843510731125e-01 2.953921690084249096e-01 3.010384128623592170e-01 1.205682322483367028e-02 1.228728215764731541e-02
5.049999999999999822e+00 6.799683525801517581e-01 6.713665076941390808e-01 2.955216969959698625e-01 2.917832409511189606e-01 1.202529794490212953e-02 1.187317358905875565e-02
5.099999999999999645e+00 6.808028644591174183e-01 6.576255765710101731e-01 2.960301275270413868e-01 2.859520625725139320e-01 1.200933580231405319e-02 1.160048935385452062e-02
5.149999999999999467e+00 6.817587601974346434e-01 6.526833913913939744e-01 2.965860182630080111e-01 2.839373390422015309e-01 1.199539002074855552e-02 1.148381553254606939e-02
5.199999999999999289e+00 6.825230997513488385e-01 6.539522660401727583e-01 2.969559921730231533e-01 2.845252330162947318e-01 1.197403194246061259e-02 1.147279165388285366e-02
5.249999999999999112e+00 6.831683432073576423e-01 6.627016351147579920e-01 2.971761954337575062e-01 2.882732383449423397e-01 1.194678172598020137e-02 1.158887390331426494e-02
5.299999999999998934e+00 6.836667652111764193e-01 6.796654692711895374e-01 2.973211157356825396e-01 2.955809846750508951e-01 1.191667798539809871e-02 1.184693325350905449e-02
5.349999999999998757e+00 6.837313064115330130e-01 6.992903297977912658e-01 2.973449362479263502e-01 3.041113323065592899e-01 1.188191553438267163e-02 1.215230099127110122e-02
5.399999999999998579e+00 6.833087149128026505e-01 7.143186715655460706e-01 2.972298676636537795e-01 3.107187711577746869e-01 1.184182739695831960e-02 1.237923391066831497e-02
5.449999999999998401e+00 6.827216144799784781e-01 7.211957583303131303e-01 2.970609918402742355e-01 3.138015887248349900e-01 1.179984078809431097e-02 1.246480987983455968e-02
5.499999999999998224e+00 6.821697677882038180e-01 7.187537753340501601e-01 2.968727890494737842e-01 3.127937472443177436e-01 1.175733818017718132e-02 1.238787117799278366e-02
5.549999999999998046e+00 6.815776419971861788e-01 7.080250254583645431e-01 2.966255688467039908e-01 3.081355857256193875e-01 1.171275691398633925e-02 1.216724918956049034e-02
5.599999999999997868e+00 6.810348104980203932e-01 6.943014457092502312e-01 2.963848880898911631e-01 3.021584992648241874e-01 1.166869638149177837e-02 1.189600390806394570e-02
5.649999999999997691e+00 6.808818281183520726e-01 6.828040822796898057e-01 2.963203035241717131e-01 2.971568700369134897e-01 1.163180779290173654e-02 1.166464651764135413e-02
5.699999999999997513e+00 6.812378817829514155e-01 6.729269648305183926e-01 2.964833647722830978e-01 2.928663483257646361e-01 1.160404558795628642e-02 1.146247938652699208e-02
5.749999999999997335e+00 6.818639082044147814e-01 6.630248456823555347e-01 2.967653490906581037e-01 2.885660868938626500e-01 1.158108679378178248e-02 1.126111558610196073e-02
5.799999999999997158e+00 6.825489750505079334e-01 6.576929694274544769e-01 2.970843643749141449e-01 2.862656086499089092e-01 1.155970289396553337e-02 1.113873963618322756e-02
5.849999999999996980e+00 6.832506397808184584e-01 6.624925923645282877e-01 2.974364827305991943e-01 2.883999736483142673e-01 1.153972774900481960e-02 1.118913573805293063e-02
5.899999999999996803e+00 6.838506281524221464e-01 6.749232597986103421e-01 2.977615554789668773e-01 2.938744096931298344e-01 1.151882226224243411e-02 1.136844911772262601e-02
5.949999999999996625e+00 6.841303691813168664e-01 6.883260857244151154e-01 2.979266167215747219e-01 2.997537767055757918e-01 1.149186564017646260e-02 1.156234432808392852e-02
5.999999999999996447e+00 6.839999388838234884e-01 7.005618177041105232e-01 2.978594251484408817e-01 3.050715774080432485e-01 1.145613173647849932e-02 1.173352220800166594e-02
6.049999999999996270e+00 6.835251959619768058e-01 7.113678973702097785e-01 2.976019539725354157e-01 3.097244659032074576e-01 1.141330600086425638e-02 1.187821537500316493e-02
6.099999999999996092e+00 6.828269502848172134e-01 7.162777402429449936e-01 2.972657265688861683e-01 3.118283816853228974e-01 1.136771420913522922e-02 1.192460350613089651e-02
6.149999999999995914e+00 6.821275939005232436e-01 7.113863478265917140e-01 2.969995492075900856e-01 3.097388619170029500e-01 1.132505430724843262e-02 1.181082409597723586e-02
6.199999999999995737e+00 6.817006619895042974e-01 7.001021398476929836e-01 2.969122524052298928e-01 3.049269493875014225e-01 1.128943925495170912e-02 1.159418058507610295e-02
6.249999999999995559e+00 6.816008465223497570e-01 6.884218031895620316e-01 2.969565043984876418e-01 2.999282252507775581e-01 1.125901438477678630e-02 1.137168626543232780e-02
6.299999999999995381e+00 6.816622644598845371e-01 6.777280892118218159e-01 2.969916602262303584e-01 2.952775896381086840e-01 1.122841815600115166e-02 1.116361397497575743e-02
6.349999999999995204e+00 6.818627364217344500e-01 6.676499860128016772e-01 2.970095885410527492e-01 2.908187191394685511e-01 1.119734546808870239e-02 1.096394794116752752e-02
6.399999999999995026e+00 6.823783587481146995e-01 6.611373498740572563e-01 2.971615162700294022e-01 2.879115007570813844e-01 1.117148557406125869e-02 1.082374062996546704e-02
6.449999999999994849e+00 6.831728239012672121e-01 6.615272128237023042e-01 2.975112488999309690e-01 2.880849184611499192e-01 1.115318646297773324e-02 1.079980950182380522e-02
6.499999999999994671e+00 6.838849455631971219e-01 6.684205793768966952e-01 2.979112215659244223e-01 2.911746962904491198e-01 1.113686809592241179e-02 1.088503537534389436e-02
6.549999999999994493e+00 6.842461177212079138e-01 6.795843708729922827e-01 2.981745301518712310e-01 2.961430766439099305e-01 1.111554632439408670e-02 1.103981646389226752e-02
6.599999999999994316e+00 6.842820575725206966e-01 6.928528255865903374e-01 2.982285970210223347e-01 3.019639691412503435e-01 1.108656494501942050e-02 1.122542636212826850e-02
6.649999999999994138e+00 6.840395072338899540e-01 7.046583195224936924e-01 2.980738206211446251e-01 3.070585767507827413e-01 1.105000261802204647e-02 1.138307976833300567e-02
6.699999999999993960e+00 6.834867560127925179e-01 7.112886523458138432e-01 2.977555293793237023e-01 3.098672027768882842e-01 1.100759812862564871e-02 1.145534945570751868e-02
6.749999999999993783e+00 6.827675675418776180e-01 7.122722886270608234e-01 2.974159656851336209e-01 3.102683264752235104e-01 1.096464389622612938e-02 1.143846364885617133e-02
6.799999999999993605e+00 6.822039488773380400e-01 7.085649757549438155e-01 2.972222690450756488e-01 3.087072278111659962e-01 1.092728930312778651e-02 1.134953043423404806e-02
6.849999999999993427e+00 6.819536962064619567e-01 6.990653664415266144e-01 2.971987602161507702e-01 3.046561098974833737e-01 1.089637984293861939e-02 1.116979321347327109e-02
6.899999999999993250e+00 6.819316655031584240e-01 6.840445749025303446e-01 2.972402879965327926e-01 2.981612626779424069e-01 1.086801784265202520e-02 1.090169150559204721e-02
6.949999999999993072e+00 6.820795155879515459e-01 6.694810040622551917e-01 2.972925558406525059e-01 2.918013431511267131e-01 1.084020258306846347e-02 1.063997604926624624e-02
6.999999999999992895e+00 6.824435681172169588e-01 6.620150222815902596e-01 2.974049434356736965e-01 2.885023018070341783e-01 1.081472521584268473e-02 1.049099279298306570e-02
7.049999999999992717e+00 6.829896775434579625e-01 6.618386711614285822e-01 2.976140238955625739e-01 2.883974334758692137e-01 1.079289297898686044e-02 1.045865579241593221e-02
7.099999999999992539e+00 6.835679495618022239e-01 6.656587721079719744e-01 2.978795302725696370e-01 2.900752185418413731e-01 1.077321990135876248e-02 1.049096631254399677e-02
7.149999999999992362e+00 6.840365067476652516e-01 6.731419382978729438e-01 2.981235640028985223e-01 2.933753852982731170e-01 1.075287877377452406e-02 1.058161894673663624e-02
7.199999999999992184e+00 6.842717875083556001e-01 6.847763460805302849e-01 2.982605095667802964e-01 2.984804366477886717e-01 1.072879530815756821e-02 1.073670635423700642e-02
7.249999999999992006e+00 6.841679819155480624e-01 6.970065738353586893e-01 2.982288773053133335e-01 3.038252205362639291e-01 1.069879380467492203e-02 1.089955948112157971e-02
7.299999999999991829e+00 6.837710526963332036e-01 7.052550406060531518e-01 2.980558941631872294e-01 3.074207673928623930e-01 1.066389603446108586e-02 1.099895411065697666e-02
7.349999999999991651e+00 6.832787600737993960e-01 7.088374506449187651e-01 2.978394525643419666e-01 3.089804199890302527e-01 1.062763434663129697e-02 1.102517109684318999e-02
7.399999999999991473e+00 6.828112695546141309e-01 7.085379185216251763e-01 2.976332647933060960e-01 3.088473540529010908e-01 1.059193113143438482e-02 1.099100904102851342e-02
7.449999999999991296e+00 6.823648976421702317e-01 7.030061041788698839e-01 2.974324269233237228e-01 3.064296132909841708e-01 1.055660787660421887e-02 1.087594013455135157e-02
7.499999999999991118e+00 6.820445181513269395e-01 6.917895417770751898e-01 2.972889266617853021e-01 3.015365784453447606e-01 1.052350182873576859e-02 1.067386118390601518e-02
7.549999999999990941e+00 6.820707969915716928e-01 6.786606024263271975e-01 2.973139972481331217e-01 2.958274967527905197e-01 1.049652240946631100e-02 1.044404225076048243e-02
7.599999999999990763e+00 6.824633437248973644e-01 6.685483231189525144e-01 2.975209213331218017e-01 2.914546471674591688e-01 1.047608877933528006e-02 1.026248757631898975e-02
7.649999999999990585e+00 6.829768406684729731e-01 6.638158032402804443e-01 2.977829274586218933e-01 2.894285741646994703e-01 1.045769718906486463e-02 1.016430462387004664e-02
7.699999999999990408e+00 6.834284464795943315e-01 6.649716556377287535e-01 2.979889102034946058e-01 2.899413684057365881e-01 1.043743993707512210e-02 1.015556456762650543e-02
7.749999999999990230e+00 6.838303518292558891e-01 6.714204580493059460e-01 2.981337404998447571e-01 2.927233224891127028e-01 1.041515250654479960e-02 1.022614227036202153e-02
7.799999999999990052e+00 6.841528447216627118e-01 6.804949207633919084e-01 2.982326203549622301e-01 2.966380757213312735e-01 1.039138050017290524e-02 1.033582145370492804e-02
7.849999999999989875e+00 6.842423283529177613e-01 6.891907825061431847e-01 2.982641291591656696e-01 3.004211812846147023e-01 1.036539110891975153e-02 1.044035382396576485e-02
7.899999999999989697e+00 6.840453324612952857e-01 6.969345238354626160e-01 2.982238070096091542e-01 3.038431183892348342e-01 1.033704703672822661e-02 1.053182386097868337e-02
7.949999999999989519e+00 6.836751981298497816e-01 7.035262132465233131e-01 2.981302534931243864e-01 3.067866859408986402e-01 1.030700962811148015e-02 1.060628127712701270e-02
7.999999999999989342e+00 6.832212052845301198e-01 7.060487963084419727e-01 2.979670285728925894e-01 3.079226175011366973e-01 1.027472512320319782e-02 1.061802129314264910e-02
8.049999999999990052e+00 6.827111822860912893e-01 7.020265296342960148e-01 2.977184581857389434e-01 3.061415448159792163e-01 1.023967182066170580e-02 1.052937385437590322e-02
8.099999999999988987e+00 6.822680164427649130e-01 6.937730886087707383e-01 2.974664593830771420e-01 3.024826304473638983e-01 1.020468128243832984e-02 1.037676262255108305e-02
8.149999999999987921e+00 6.820898881881692910e-01 6.853815863263479358e-01 2.973571966611531225e-01 2.987922129948852312e-01 1.017475437677171392e-02 1.022385673207477919e-02
8.199999999999988631e+00 6.822579414810806542e-01 6.777133193812483469e-01 2.974615708522213575e-01 2.954801348782974957e-01 1.015227204273793683e-02 1.008464624158012489e-02
8.249999999999989342e+00 6.826973622063440272e-01 6.705242913763475032e-01 2.977249539872931505e-01 2.924162664877076878e-01 1.013531758254615500e-02 9.954596305964522399e-03
8.299999999999988276e+00 6.832771895020456343e-01 6.665522122496144730e-01 2.980316368943762839e-01 2.907365413985119051e-01 1.011991975872246138e-02 9.872208536452023800e-03
8.349999999999987210e+00 6.838345076909345677e-01 6.687220110974827492e-01 2.982702054540731229e-01 2.916785412236828634e-01 1.010229315678487158e-02 9.879036112571822417e-03
8.399999999999987921e+00 6.842027663712205721e-01 6.756551623228254089e-01 2.983820667189365228e-01 2.946544410985637574e-01 1.008047522699110493e-02 9.954541929005538206e-03
8.449999999999988631e+00 6.843348737484256095e-01 6.838801585764795465e-01 2.983992824515466769e-01 2.982010071827658759e-01 1.005557817865364301e-02 1.004889661946979131e-02
8.499999999999987566e+00 6.842992908189666768e-01 6.919593965118536749e-01 2.983925349518347092e-01 3.017327669035060334e-01 1.003000117485159347e-02 1.014227787910945179e-02
8.549999999999986500e+00 6.840992860994430380e-01 6.991553675467214735e-01 2.983568764586644884e-01 3.049232996717772259e-01 1.000358345209269653e-02 1.022374852210485886e-02
8.599999999999987210e+00 6.836631446430745385e-01 7.030332489880153357e-01 2.982183824379145420e-01 3.066677499819521202e-01 9.973858944411863325e-03 1.025644648769071313e-02
8.649999999999987921e+00 6.830671924197189160e-01 7.017658868117807591e-01 2.979737371095215748e-01 3.061306503808706170e-01 9.940741855196723667e-03 1.021286573414081217e-02
8.699999999999986855e+00 6.825646918659401541e-01 6.965483628567179508e-01 2.977338556594069097e-01 3.038335152667259731e-01 9.907948607634180574e-03 1.011093228841018939e-02
8.749999999999985789e+00 6.823231050851394919e-01 6.895839708563780146e-01 2.976021936147390523e-01 3.007690944055207982e-01 9.878910991360638841e-03 9.984036328813976000e-03
8.799999999999986500e+00 6.823204779934352038e-01 6.820507302665710370e-01 2.975972753593342235e-01 2.974796236236202374e-01 9.854214415872000060e-03 9.850318663033787864e-03
8.849999999999987210e+00 6.825320430462653576e-01 6.752151167603477333e-01 2.977107994484624598e-01 2.945192599503845265e-01 9.833552417785719826e-03 9.728134102407422212e-03
8.899999999999986144e+00 6.829897780505232996e-01 6.708070864630794050e-01 2.979386878084528956e-01 2.926242669163885424e-01 9.816760718565175139e-03 9.641656241067173352e-03
8.949999999999985079e+00 6.836039603669923359e-01 6.695270426863130231e-01 2.982251803072604179e-01 2.920840641685573669e-01 9.801977988734942790e-03 9.600133579903290595e-03
8.999999999999985789e+00 6.841415815654542376e-01 6.714770512419585557e-01 2.984668360298113887e-01 2.929417482448998244e-01 9.785797902616773583e-03 9.604647483439344990e-03
9.049999999999986500e+00 6.844453931072242980e-01 6.774398262846128560e-01 2.986022749624072103e-01 2.955459636602939533e-01 9.766223220356742493e-03 9.666262098456062865e-03
9.099999999999985434e+00 6.845147677672686060e-01 6.868504501669601137e-01 2.986347025812939870e-01 2.996536956718760525e-01 9.743383444740431540e-03 9.776629548837725489e-03
9.149999999999984368e+00 6.843677470639982774e-01 6.957535412855073709e-01 2.985694618231694575e-01 3.035367480048010158e-01 9.717476381551494458e-03 9.879145581930065534e-03
9.199999999999985079e+00 6.840028306113073997e-01 7.001440559965612653e-01 2.984066008186865293e-01 3.054484550109523022e-01 9.688526000606713720e-03 9.917157630225732073e-03
9.249999999999985789e+00 6.835047183335486443e-01 7.001041213563169441e-01 2.981925951612300896e-01 3.054344165162524716e-01 9.658059762307054374e-03 9.892612680688346247e-03
9.299999999999984723e+00 6.830336653829031102e-01 6.977441810566094027e-01 2.980068264086719321e-01 3.044250079902469652e-01 9.628653518858550781e-03 9.836026106308471892e-03
9.349999999999983658e+00 6.827048511425731769e-01 6.932303711052011375e-01 2.978944217204100298e-01 3.024871731521980855e-01 9.601754124751338271e-03 9.749788014575287709e-03
9.399999999999984368e+00 6.825718991059854801e-01 6.862240952808859040e-01 2.978580242972022063e-01 2.994517552117423875e-01 9.577428433993647253e-03 9.628673801020662046e-03
9.449999999999985079e+00 6.826711219531130803e-01 6.789699062217364744e-01 2.978955888763447080e-01 2.962804980889940376e-01 9.555592265480189820e-03 9.503785022902782806e-03
9.499999999999984013e+00 6.829820704337429271e-01 6.743531370207153097e-01 2.980039984521419827e-01 2.942389557507626430e-01 9.536127950468551231e-03 9.415646584024411903e-03
9.549999999999982947e+00 6.834099417240996344e-01 6.726792190649775183e-01 2.981707975840499625e-01 2.934889983613875319e-01 9.518620832691147143e-03 9.369161958863137310e-03
9.599999999999983658e+00 6.838741519648919853e-01 6.731508710858952194e-01 2.983871457272907479e-01 2.937083767386945432e-01 9.502775341633469541e-03 9.353769959831042397e-03
9.649999999999984368e+00 6.843220888893182252e-01 6.763212391867360340e-01 2.986266456738730923e-01 2.951352094802807136e-01 9.487740926890335033e-03 9.376813645124095972e-03
9.699999999999983302e+00 6.846254157661548767e-01 6.824220276753600878e-01 2.987999502570399812e-01 2.978382970131421281e-01 9.470679881364190908e-03 9.440199588372182385e-03
9.749999999999982236e+00 6.846188435740975242e-01 6.893375700415624863e-01 2.988016801252894039e-01 3.008611668159703045e-01 9.448274470364890695e-03 9.513396579161125660e-03
9.799999999999982947e+00 6.843029332025059031e-01 6.944756485166996285e-01 2.986312229004060015e-01 3.030706170153459889e-01 9.420543309161080389e-03 9.560587287550353919e-03
9.849999999999983658e+00 6.838652902260800026e-01 6.969239988160946808e-01 2.984042716051852340e-01 3.041024324573312621e-01 9.391165117393719675e-03 9.570493547044263416e-03
9.899999999999982592e+00 6.834597814769490798e-01 6.965974830508919746e-01 2.982252432988465873e-01 3.039578326251856089e-01 9.363429930890010411e-03 9.543417036897514777e-03
9.949999999999981526e+00 6.831140154275349152e-01 6.934607518281012961e-01 2.981120085536895781e-01 3.026273402562867920e-01 9.337885937468749092e-03 9.479321542875084050e-03
9.999999999999982236e+00 6.828704267904744940e-01 6.884952794012616506e-01 2.980524377027796712e-01 3.005075169778386179e-01 9.314138678211873398e-03 9.390859905557465484e-03
1.004999999999998295e+01 6.828332818681028815e-01 6.833908977335985124e-01 2.980541785686794398e-01 2.982975758124289944e-01 9.292413984993910456e-03 9.300002363598729171e-03
1.009999999999998188e+01 6.830288397618001772e-01 6.789868487732102498e-01 2.981184912194896341e-01 2.963543017960073023e-01 9.272736896407148335e-03 9.217863197387481111e-03
1.014999999999998082e+01 6.833682003130392424e-01 6.758098851670630847e-01 2.982315438072280500e-01 2.949329882210397491e-01 9.254663888509800235e-03 9.152303746192086073e-03
1.019999999999998153e+01 6.837732425296222383e-01 6.753121305773017724e-01 2.983941955527760204e-01 2.947018213306518142e-01 9.238210388630844691e-03 9.123895397233811738e-03
1.024999999999998224e+01 6.842047240074783376e-01 6.781634859898806322e-01 2.986021256772112276e-01 2.959655953369779713e-01 9.223231681149390501e-03 9.141794450563034760e-03
1.029999999999998117e+01 6.845662311671105726e-01 6.824085126185989170e-01 2.987951588041261042e-01 2.978533713962693286e-01 9.207863137261212971e-03 9.178840412828029316e-03
1.034999999999998010e+01 6.847205192462345602e-01 6.858315851591113566e-01 2.988845474764092458e-01 2.993695343042499513e-01 9.189378861688225764e-03 9.204290063159115479e-03
1.039999999999998082e+01 6.846150585163198743e-01 6.887660880571200295e-01 2.988346597105600022e-01 3.006465852369453184e-01 9.166707353084670509e-03 9.222287890703851840e-03
1.044999999999998153e+01 6.843041783924918020e-01 6.920993901656108394e-01 2.986805888008629006e-01 3.020829915856770853e-01 9.140951455267427514e-03 9.245080079133202733e-03
1.049999999999998046e+01 6.838780974449155670e-01 6.943426515819289824e-01 2.984820862732994184e-01 3.030493943394672041e-01 9.113956832772508385e-03 9.253416621052442531e-03
1.054999999999997939e+01 6.834475757513642780e-01 6.934694972050400308e-01 2.982972168403488222e-01 3.026713801018652283e-01 9.087500893841558153e-03 9.220757961976100772e-03
1.059999999999998010e+01 6.831380736141108301e-01 6.900230316705439071e-01 2.981749038313796785e-01 3.011800382041414093e-01 9.063066985756229946e-03 9.154408456052939499e-03
1.064999999999998082e+01 6.830162743680878723e-01 6.859305251841503193e-01 2.981335588171446505e-01 2.994056163063784082e-01 9.041199660868685928e-03 9.079776082073651167e-03
1.069999999999997975e+01 6.830710915825455309e-01 6.819623976997818415e-01 2.981641797280609740e-01 2.976802289267499457e-01 9.021609068927722783e-03 9.006966079478069889e-03
1.074999999999997868e+01 6.832966709774949132e-01 6.785088575612858719e-01 2.982666635956242596e-01 2.961767293193044992e-01 9.004276636849042545e-03 8.941184281337501497e-03
1.079999999999997939e+01 6.836941406820358225e-01 6.769478704514314549e-01 2.984427908622722114e-01 2.954979422878436512e-01 8.989240688622666606e-03 8.900540430356745220e-03
1.084999999999998010e+01 6.841637968534031167e-01 6.781203261824503281e-01 2.986458457705910563e-01 2.960077970778404177e-01 8.975081766208604581e-03 8.895801565074100414e-03
1.089999999999997904e+01 6.845261521515154657e-01 6.809776891440393332e-01 2.987958920617604930e-01 2.972469867840957791e-01 8.959397063321163437e-03 8.912953126959402561e-03
1.094999999999997797e+01 6.846942145730251505e-01 6.841576206988214670e-01 2.988617583312112025e-01 2.986275407997336373e-01 8.941264273185084779e-03 8.934257017194732753e-03
1.099999999999997868e+01 6.847086434552906997e-01 6.873344876469873466e-01 2.988726239655440375e-01 3.000187946049808208e-01 8.921570864643112511e-03 8.955784913581524287e-03
1.104999999999997939e+01 6.845892089063664310e-01 6.902248239658518303e-01 2.988403017265233164e-01 3.013003885682098426e-01 8.900679128116860753e-03 8.973950515806706010e-03
1.109999999999997833e+01 6.842987765719741322e-01 6.920466720887877843e-01 2.987359832274840699e-01 3.021183876163302529e-01 8.877740957726131324e-03 8.978258175819629067e-03
1.114999999999997726e+01 6.838815075662135756e-01 6.924608592147019070e-01 2.985597017809176190e-01 3.023051586200152796e-01 8.852770994245157815e-03 8.963829758933004530e-03
1.119999999999997797e+01 6.834937066524434668e-01 6.914665462195572765e-01 2.983730819415908453e-01 3.018535539493240050e-01 8.827605974603287484e-03 8.930578519210778318e-03
1.124999999999997868e+01 6.832610042946209994e-01 6.886198325955911193e-01 2.982466018781346762e-01 3.005857553213532318e-01 8.804327730719849893e-03 8.873380230888664247e-03
1.129999999999997762e+01 6.832119460790946341e-01 6.841482331439329156e-01 2.982182814047809050e-01 2.986269655927258349e-01 8.784043634897827080e-03 8.796081460757766007e-03
1.134999999999997655e+01 6.833489594551824808e-01 6.801021939403190109e-01 2.983003026491140020e-01 2.968830016898988955e-01 8.767091922090061717e-03 8.725437228211585863e-03
1.139999999999997726e+01 6.836604773762544607e-01 6.783806889518214644e-01 2.984717680399553430e-01 2.961667235945527610e-01 8.752837772432716171e-03 8.685241161130587834e-03
1.144999999999997797e+01 6.840584507343483445e-01 6.785481323452917657e-01 2.986646562077909239e-01 2.962588130441017320e-01 8.739273041925127092e-03 8.668875290244388784e-03
1.149999999999997691e+01 6.844105079112161594e-01 6.794711012560050722e-01 2.988055402424438789e-01 2.966490536645391973e-01 8.724249350144354376e-03 8.661286238380713418e-03
1.154999999999997584e+01 6.846397482920572042e-01 6.815999941905076520e-01 2.988746651022425871e-01 2.975476818364298781e-01 8.707200731310791447e-03 8.668541349932416470e-03
1.159999999999997655e+01 6.847303550486004697e-01 6.854440627626380289e-01 2.988959968313189552e-01 2.992075419191927432e-01 8.688837117189514639e-03 8.697893660441659638e-03
1.164999999999997726e+01 6.846748165043801126e-01 6.893927262147434565e-01 2.988853261600538103e-01 3.009448644234515857e-01 8.669625124294534982e-03 8.729365175444580086e-03
1.169999999999997620e+01 6.844854379553320101e-01 6.914020680543350172e-01 2.988377438754798998e-01 3.018574576917176788e-01 8.649428187423450695e-03 8.736829455621361595e-03
1.174999999999997513e+01 6.842144538323020608e-01 6.914975446864906061e-01 2.987467921935886839e-01 3.019267893680952497e-01 8.628066200536866834e-03 8.719907274168825495e-03
1.179999999999997584e+01 6.839126966842190569e-01 6.906836282613015854e-01 2.986140431484372026e-01 3.015704077018614981e-01 8.605592021568804484e-03 8.690789847315904051e-03
1.184999999999997655e+01 6.836243987683069401e-01 6.889258507758647676e-01 2.984649264060549312e-01 3.007794978083218052e-01 8.582744109448030290e-03 8.649302596932339701e-03
1.189999999999997549e+01 6.834430391985761855e-01 6.860139265656454155e-01 2.983654007949776421e-01 2.994877530550487110e-01 8.561417526398218403e-03 8.593622756242438876e-03
1.194999999999997442e+01 6.834737536381947365e-01 6.829236483936316215e-01 2.983812214572427735e-01 2.981410643569458729e-01 8.543485224258929103e-03 8.536608857750786414e-03
1.199999999999997513e+01 6.837041052589911683e-01 6.807595746797748815e-01 2.985046306870686728e-01 2.972190511412755587e-01 8.528703733916256219e-03 8.491972889750738773e-03
1.204999999999997584e+01 6.840066555292546591e-01 6.796412682800937466e-01 2.986606374424203292e-01 2.967545604649841628e-01 8.514914823732592716e-03 8.460571930576891650e-03
1.209999999999997478e+01 6.842904330414101288e-01 6.795966237799270226e-01 2.987927470647750994e-01 2.967432135688833350e-01 8.500504895157195637e-03 8.442196687592707499e-03
1.214999999999997371e+01 6.845462165085413053e-01 6.810751338568753477e-01 2.988967119218204349e-01 2.973811163836791449e-01 8.485357329221314068e-03 8.442331196130007168e-03
1.219999999999997442e+01 6.847372161798552792e-01 6.838733326097742315e-01 2.989693024101276464e-01 2.985921143995918792e-01 8.469385337397392424e-03 8.458700124634340595e-03
1.224999999999997513e+01 6.847762767258843697e-01 6.869264756213903089e-01 2.989840466412337916e-01 2.999228571530927479e-01 8.451845841448313301e-03 8.478384654504397128e-03
1.229999999999997407e+01 6.846417098609368646e-01 6.894288932168642914e-01 2.989324085655975516e-01 3.010226175467640708e-01 8.432507999029559276e-03 8.491470170571634168e-03
1.234999999999997300e+01 6.844089052603319345e-01 6.909122134698582052e-01 2.988407512637899499e-01 3.016803600066007007e-01 8.412125299473336218e-03 8.492057987518676979e-03
1.239999999999997371e+01 6.841497927018848069e-01 6.906506186340635178e-01 2.987354903842563969e-01 3.015740901228933790e-01 8.391446359108335404e-03 8.471182306822857763e-03
1.244999999999997442e+01 6.838960963003989368e-01 6.885685413937024935e-01 2.986307487677845041e-01 3.006710232836616870e-01 8.370868921311417840e-03 8.428059517411689780e-03
1.249999999999997335e+01 6.837009635301983801e-01 6.860836544134505388e-01 2.985510461258008563e-01 2.995914934759352777e-01 8.351078213309125198e-03 8.380181635690507613e-03
1.254999999999997229e+01 6.836367474825918444e-01 6.844287040312300174e-01 2.985258250764748489e-01 2.988716512524045577e-01 8.332891139608519446e-03 8.342544347589807979e-03
1.259999999999997300e+01 6.837228368447620941e-01 6.830415503401426891e-01 2.985603113695034505e-01 2.982628149279780150e-01 8.316443213635203030e-03 8.308156404679061663e-03
1.264999999999997371e+01 6.839228744719122455e-01 6.811967735102986143e-01 2.986408061035144001e-01 2.974504306692602462e-01 8.301342768686997484e-03 8.268253805955819158e-03
1.269999999999997264e+01 6.841956216309652561e-01 6.799542002156830911e-01 2.987581567632722201e-01 2.969061144466824675e-01 8.287327510770390107e-03 8.235953244013391808e-03
1.274999999999997158e+01 6.844894758077876284e-01 6.806885468144849849e-01 2.988972650952693710e-01 2.972375065144983175e-01 8.273972736201238090e-03 8.228027861993043521e-03
1.279999999999997229e+01 6.847226266687859164e-01 6.829270113979333257e-01 2.990186937613927842e-01 2.982345477263763645e-01 8.260184910535721750e-03 8.238523417855709435e-03
1.284999999999997300e+01 6.848287358112481460e-01 6.853396025277448400e-01 2.990791257422533711e-01 2.993022319919635965e-01 8.244772591102789150e-03 8.250923004602726471e-03
1.289999999999997193e+01 6.847940950861080012e-01 6.875908738779413776e-01 2.990604589237544353e-01 3.002818566475311535e-01 8.227247838342636663e-03 8.260848876135668678e-03
1.294999999999997087e+01 6.846268945974472997e-01 6.896644521053811872e-01 2.989696283201634941e-01 3.011694786440015648e-01 8.207814092523373420e-03 8.268208061606092604e-03
1.299999999999997158e+01 6.843520441313944991e-01 6.906969293923890252e-01 2.988354553890855136e-01 3.016060713207838750e-01 8.187272750385913775e-03 8.263180036185868715e-03
1.304999999999997229e+01 6.840556912164476033e-01 6.899793431889730266e-01 2.987119382400360568e-01 3.012986655853284734e-01 8.167106992208787719e-03 8.237830911423891025e-03
1.309999999999997122e+01 6.838515377048125510e-01 6.880385469382584995e-01 2.986471882092882613e-01 3.004757116030818409e-01 8.148627236269811308e-03 8.198518734054083268e-03
1.314999999999997016e+01 6.837746209029629263e-01 6.857156912197388543e-01 2.986371718564112543e-01 2.994849303605378044e-01 8.131713324885273680e-03 8.154797286876465379e-03
1.319999999999997087e+01 6.837830928078809656e-01 6.832982656109025665e-01 2.986440955333926617e-01 2.984323459577530313e-01 8.115328682972636556e-03 8.109574618417211139e-03
1.324999999999997158e+01 6.838695678749435736e-01 6.811740795171804530e-01 2.986635918410941448e-01 2.974864021070970921e-01 8.099351643148325688e-03 8.067427853751795233e-03
1.329999999999997051e+01 6.840726472761555765e-01 6.800770443076272764e-01 2.987311309613789323e-01 2.969862709696604597e-01 8.084739674191591952e-03 8.037517482264163599e-03
1.334999999999996945e+01 6.843663927503371713e-01 6.802413841841877806e-01 2.988563558804194775e-01 2.970550035038064252e-01 8.071744925872243945e-03 8.023092599697684638e-03
1.339999999999997016e+01 6.846384441978567992e-01 6.813906646340335271e-01 2.989940881425559027e-01 2.975757236066421951e-01 8.059139842117420821e-03 8.020908992092791803e-03
1.344999999999997087e+01 6.847981865368416576e-01 6.834923472560476831e-01 2.990885964680596310e-01 2.985182654634161992e-01 8.045422904319031107e-03 8.030081115357540905e-03
1.349999999999996980e+01 6.848282789993732633e-01 6.863502361513167394e-01 2.991118859748681524e-01 2.997766299523743072e-01 8.029849287915932776e-03 8.047694763822138553e-03
1.354999999999996874e+01 6.847325320655550662e-01 6.888907815598678264e-01 2.990597035456084019e-01 3.008758358349368223e-01 8.012316236988848914e-03 8.060973498591753744e-03
1.359999999999996945e+01 6.845215946565503806e-01 6.901564194821020459e-01 2.989492808660927370e-01 3.014101628054715043e-01 7.993296279842061411e-03 8.059095262178392338e-03
1.364999999999997016e+01 6.842539562352328852e-01 6.903897528676270490e-01 2.988240157334158820e-01 3.015036106012389805e-01 7.973956390484756435e-03 8.045459922648148451e-03
1.369999999999996909e+01 6.840168918172179202e-01 6.899419549601408796e-01 2.987287209334450466e-01 3.013163566414360783e-01 7.955491902355404238e-03 8.024403638919744633e-03
1.374999999999996803e+01 6.838631360469211717e-01 6.881689729561716318e-01 2.986778676648602637e-01 3.005584459835011213e-01 7.938282197072708476e-03 7.988264345076451917e-03
1.379999999999996874e+01 6.838096606397245925e-01 6.848388697744318687e-01 2.986652547530938007e-01 2.991147789790662426e-01 7.922155298490562297e-03 7.934079018012376444e-03
1.384999999999996945e+01 6.838692826825311100e-01 6.814898290881816756e-01 2.986905749757197137e-01 2.976513115079464367e-01 7.907096624109068855e-03 7.879584685849021913e-03
1.389999999999996838e+01 6.840332032096061443e-01 6.798545388105955434e-01 2.987548855882885546e-01 2.969298332391034911e-01 7.893127756625864175e-03 7.844909728906310914e-03
1.394999999999996732e+01 6.842531397808080396e-01 6.799292787223687462e-01 2.988454659680699343e-01 2.969570328755971600e-01 7.879906815242459367e-03 7.830112930141002597e-03
1.399999999999996803e+01 6.844781025752844084e-01 6.808443035503124463e-01 2.989435879875531610e-01 2.973565380666518543e-01 7.866936525988250939e-03 7.825172054385584608e-03
1.404999999999996874e+01 6.846723812630093331e-01 6.824494306954193013e-01 2.990314539118223980e-01 2.980605776819760244e-01 7.853747968793768630e-03 7.828248921391368909e-03
1.409999999999996767e+01 6.847831085505738935e-01 6.847994692339389733e-01 2.990832029920205137e-01 2.990903486203557726e-01 7.839664560734493221e-03 7.839851864229519657e-03
1.414999999999996660e+01 6.847555611354184668e-01 6.872094740277074898e-01 2.990751307770976863e-01 3.001469064016140109e-01 7.824071439557829521e-03 7.852110043207701992e-03
1.419999999999996732e+01 6.846031884507427501e-01 6.889373468834344427e-01 2.990139986311375342e-01 3.009070281488539500e-01 7.807154011256863674e-03 7.856580369421783255e-03
1.424999999999996803e+01 6.843990295246542566e-01 6.898738807021507213e-01 2.989293086519508869e-01 3.013205941547927313e-01 7.789688824806548055e-03 7.852002453545097599e-03
1.429999999999996696e+01 6.841881794312185683e-01 6.899027393559541421e-01 2.988360203567805851e-01 3.013319949984617496e-01 7.772068149721220696e-03 7.836982964849470434e-03
1.434999999999996589e+01 6.839807390481732474e-01 6.886420432342262865e-01 2.987375248115451409e-01 3.007734103203578702e-01 7.754380916587814282e-03 7.807226744201382386e-03
1.439999999999996660e+01 6.838287677814144372e-01 6.862864216636095360e-01 2.986630948588933077e-01 2.997364783565337198e-01 7.737385877173411433e-03 7.765193739806582410e-03
1.444999999999996732e+01 6.838159978250920590e-01 6.837129990508238331e-01 2.986587640696264367e-01 2.986137790345856358e-01 7.722269271354280547e-03 7.721106115955681838e-03
1.449999999999996625e+01 6.839543729799790750e-01 6.815953690460530012e-01 2.987322402804806210e-01 2.977018929973105354e-01 7.709219104012414794e-03 7.682629496704799534e-03
1.454999999999996518e+01 6.841675258446577867e-01 6.803130725282320324e-01 2.988410120356522759e-01 2.971574057748862518e-01 7.697128449083134524e-03 7.653764475850268444e-03
1.459999999999996589e+01 6.843838822780048403e-01 6.804031233216958352e-01 2.989401453592387403e-01 2.972013424858015451e-01 7.684836641625684452e-03 7.640137338966630776e-03
1.464999999999996660e+01 6.845761367803097075e-01 6.819596794472603252e-01 2.990128641410989552e-01 2.978700337691002620e-01 7.671914410291195280e-03 7.642592271176411323e-03
1.469999999999996554e+01 6.847143906786287149e-01 6.840366087132326856e-01 2.990562722523042449e-01 2.987602437903198460e-01 7.658291222850309617e-03 7.650710468382079452e-03
1.474999999999996447e+01 6.847565989810537879e-01 6.857474804484243736e-01 2.990687913336269599e-01 2.995015607632934840e-01 7.643930768910604627e-03 7.654991968390898599e-03
1.479999999999996518e+01 6.846910281846542157e-01 6.872920229512066159e-01 2.990528306417160609e-01 3.001888683804959657e-01 7.628898740860113985e-03 7.657879295420826071e-03
1.484999999999996589e+01 6.845376914416285707e-01 6.888607917449548479e-01 2.990075045222246874e-01 3.008958438345196162e-01 7.613176435957353695e-03 7.661256367524379822e-03
1.489999999999996483e+01 6.843204519643318884e-01 6.895451824144734898e-01 2.989248997193747481e-01 3.012071667791801355e-01 7.596566701890092831e-03 7.654565864782225323e-03
1.494999999999996376e+01 6.840803634504210029e-01 6.885853277129018180e-01 2.988130473192721626e-01 3.007808601249877256e-01 7.579278308668929882e-03 7.629191125554549840e-03
1.499999999999996447e+01 6.838898714370945653e-01 6.866982967333125076e-01 2.987114709474455454e-01 2.999381433786608708e-01 7.562315720188506063e-03 7.593370718447121567e-03
1.504999999999996518e+01 6.838103293188606546e-01 6.849636321269988448e-01 2.986651222163027031e-01 2.991688457042004368e-01 7.546812942926168534e-03 7.559541268583723321e-03
1.509999999999996412e+01 6.838558437149079294e-01 6.834076260997007379e-01 2.986915915569438029e-01 2.984958210095681741e-01 7.533205335610193565e-03 7.528267869093784731e-03
1.514999999999996305e+01 6.840140780885883842e-01 6.817960320899723037e-01 2.987800463884839886e-01 2.978111951504945898e-01 7.521209474851715295e-03 7.496820519836249093e-03
1.519999999999996376e+01 6.842558490557333339e-01 6.807594839743078552e-01 2.989013707235931294e-01 2.973740643559086294e-01 7.510084691547576352e-03 7.471710159696206242e-03
1.524999999999996447e+01 6.845098740953330374e-01 6.810344742450835653e-01 2.990127029520353030e-01 2.974945528969530351e-01 7.498751171210927061e-03 7.460678442556826356e-03
1.529999999999996341e+01 6.846888546864269287e-01 6.824500171960362627e-01 2.990788558646084727e-01 2.981009095310150903e-01 7.486329308250535240e-03 7.461850050838936266e-03
1.534999999999996234e+01 6.847621286566959453e-01 6.844214665607033510e-01 2.990997537724136013e-01 2.989509547299915582e-01 7.472823329729269895e-03 7.469105677201548499e-03
1.539999999999996305e+01 6.847520673961579041e-01 6.865650320985096089e-01 2.990957212086967631e-01 2.998876136483030752e-01 7.458746164805415448e-03 7.478494105942730744e-03
1.544999999999996376e+01 6.846602706579156816e-01 6.883449593444322945e-01 2.990664830049196699e-01 3.006759920324927338e-01 7.444094163159179801e-03 7.484156615618995506e-03
1.549999999999996270e+01 6.844687002908828033e-01 6.890821478387488819e-01 2.989946715108079411e-01 3.010099517325629526e-01 7.428439043746792002e-03 7.478508117579214624e-03
1.554999999999996163e+01 6.842166159997801200e-01 6.886893761834321781e-01 2.988894397636774336e-01 3.008432958294726678e-01 7.412013385336089707e-03 7.460466108604416058e-03
1.559999999999996234e+01 6.839998253017380847e-01 6.876127016794907343e-01 2.987925413025283028e-01 3.003707588318155208e-01 7.395854982735860020e-03 7.434919773064751006e-03
1.564999999999996305e+01 6.838818205090119173e-01 6.860691715800527613e-01 2.987371587753206992e-01 2.996926499502733376e-01 7.380782180983844892e-03 7.404389127863465411e-03
1.569999999999996199e+01 6.838655318582342879e-01 6.841789665218972472e-01 2.987289097001634142e-01 2.988658254986301666e-01 7.366927489523152593e-03 7.370303958042678100e-03
1.574999999999996092e+01 6.839469984933749247e-01 6.825273401299705167e-01 2.987660684695273572e-01 2.981459242935333709e-01 7.354241685403760734e-03 7.338976597994677740e-03
1.579999999999996163e+01 6.841270619522216156e-01 6.816449057758202645e-01 2.988471699470598431e-01 2.977628898623524423e-01 7.342682308281578765e-03 7.316041519959529116e-03
1.584999999999996234e+01 6.843677414597787445e-01 6.813711884970062860e-01 2.989555289233755131e-01 2.976465308194881088e-01 7.331833940487453814e-03 7.299730982697450257e-03
1.589999999999996128e+01 6.845953496753515166e-01 6.815890947220816232e-01 2.990601996356692105e-01 2.977469403403687487e-01 7.320935119600235734e-03 7.288786789237922635e-03
1.594999999999996021e+01 6.847506560605917114e-01 6.828347498822150419e-01 2.991343856691115466e-01 2.982974190848580731e-01 7.309331354162785545e-03 7.288880124248222139e-03
1.599999999999996092e+01 6.848030732476014792e-01 6.851977144554106669e-01 2.991605062057268727e-01 2.993329076859625459e-01 7.296597712334811948e-03 7.300802626486901752e-03
1.604999999999996163e+01 6.847384499872244401e-01 6.874762592830271357e-01 2.991289311737439505e-01 3.003249469202327049e-01 7.282505932410087389e-03 7.311623783815778509e-03
1.609999999999995879e+01 6.845740394400995354e-01 6.884782462585281593e-01 2.990496990519688758e-01 3.007552149009815601e-01 7.267307388869242990e-03 7.308753703547559051e-03
1.614999999999995950e+01 6.843652223453687844e-01 6.883580486780236374e-01 2.989549971410432327e-01 3.006992052712762487e-01 7.251788893657821686e-03 7.294098369224419863e-03
1.619999999999996021e+01 6.841673693605355711e-01 6.877876114667378360e-01 2.988751875710177197e-01 3.004566727265506332e-01 7.236687350387848404e-03 7.274979969165885560e-03
1.624999999999996092e+01 6.840131674438310050e-01 6.867667741388774338e-01 2.988216808845903794e-01 3.000246363542691252e-01 7.222276275156272463e-03 7.251350727595638410e-03
1.629999999999996163e+01 6.839357717790215396e-01 6.851660774286236766e-01 2.987981763086653419e-01 2.993356728099042519e-01 7.208641165468413284e-03 7.221608511698543800e-03
1.634999999999995879e+01 6.839669321120415146e-01 6.835327361831616821e-01 2.988095916145232511e-01 2.986199012916466167e-01 7.195896245984918435e-03 7.191328146698303982e-03
1.639999999999995950e+01 6.840958141195112585e-01 6.825000551522146797e-01 2.988533286318014737e-01 2.981562071625165622e-01 7.183974245956776736e-03 7.167216518329735594e-03
1.644999999999996021e+01 6.842745467829381978e-01 6.821200552965943631e-01 2.989207596499274810e-01 2.979795844523623893e-01 7.172663698858498110e-03 7.150080010854536518e-03
1.649999999999995737e+01 6.844709823947277005e-01 6.823034015811278996e-01 2.990091107849162100e-01 2.980622095600296007e-01 7.161894869099800186e-03 7.139214600240240821e-03
1.654999999999995808e+01 6.846660552920863507e-01 6.831398449356336222e-01 2.991093810209597414e-01 2.984426270151231408e-01 7.151449635886674740e-03 7.135508117516403334e-03
1.659999999999995879e+01 6.848042011703585619e-01 6.844398965776328225e-01 2.991848643161811871e-01 2.990257028800245021e-01 7.140450222343237147e-03 7.136651620048328586e-03
1.664999999999995950e+01 6.848149057963571762e-01 6.857128836952910422e-01 2.991920745457866682e-01 2.995843964245954449e-01 7.127863598470210796e-03 7.137210159013600633e-03
1.669999999999996021e+01 6.846935148257232706e-01 6.867333994484881021e-01 2.991279142335148133e-01 3.000190960824329345e-01 7.113624595327354069e-03 7.134817980557274161e-03
1.674999999999995737e+01 6.845061869439273972e-01 6.874469744927970138e-01 2.990326204269682098e-01 3.003173296430874384e-01 7.098697220818247534e-03 7.129194768975380056e-03
1.679999999999995808e+01 6.843142164769517866e-01 6.875077482753150226e-01 2.989458423371303963e-01 3.003409515289386933e-01 7.084024699932010317e-03 7.117084159453533794e-03
1.684999999999995879e+01 6.841450679316322114e-01 6.867048161374661452e-01 2.988821839018630522e-01 3.000004600831289725e-01 7.069951127187782541e-03 7.096403550162730736e-03
1.689999999999995595e+01 6.840287045107044106e-01 6.855245709628433604e-01 2.988454603122818742e-01 2.994989897555746516e-01 7.056563407609971889e-03 7.071995035550769984e-03
1.694999999999995666e+01 6.840019346804414591e-01 6.845245460775762902e-01 2.988399819617817421e-01 2.990683105272057274e-01 7.043959504108007752e-03 7.049341438472744859e-03
1.699999999999995737e+01 6.840726343263865417e-01 6.836471875255168973e-01 2.988656546940949843e-01 2.986797805188992072e-01 7.032133051625775143e-03 7.027759541621168664e-03
1.704999999999995808e+01 6.842180750336599449e-01 6.828675393544638705e-01 2.989192789687047380e-01 2.983292607184167000e-01 7.021004790809281734e-03 7.007146464319838342e-03
1.709999999999995879e+01 6.844096929031813215e-01 6.827633469149823053e-01 2.989979009856396086e-01 2.982786622023904100e-01 7.010501781609380229e-03 6.993638035226045976e-03
1.714999999999995595e+01 6.846092329751435335e-01 6.835998895897431593e-01 2.990883736669126547e-01 2.986474171955852963e-01 7.000313017364846735e-03 6.989992210546184213e-03
1.719999999999995666e+01 6.847619560960902518e-01 6.846392956120542772e-01 2.991626043309245642e-01 2.991090157377995773e-01 6.989780475021612448e-03 6.988528405088786227e-03
1.724999999999995737e+01 6.848262886016541762e-01 6.851984079418813600e-01 2.991960276829452869e-01 2.993586041352122029e-01 6.978333007182408072e-03 6.982124877789216456e-03
1.729999999999995453e+01 6.847948128158531933e-01 6.855956772261958543e-01 2.991828692565760006e-01 2.995327622576438031e-01 6.965840960572211235e-03 6.973987479805454984e-03
1.734999999999995524e+01 6.846754085155805081e-01 6.862854324566585174e-01 2.991286485530224581e-01 2.998320538157831505e-01 6.952438083742543302e-03 6.968786840576028305e-03
1.739999999999995595e+01 6.844864974355668874e-01 6.868881755008791057e-01 2.990442560092132496e-01 3.000935214555087160e-01 6.938381809958553761e-03 6.962726715905085025e-03
1.744999999999995666e+01 6.842806093331971207e-01 6.868148484797744757e-01 2.989531995970412526e-01 3.000603753537116614e-01 6.924220025409188670e-03 6.949863934075556186e-03
1.749999999999995737e+01 6.841280149663717669e-01 6.861130103896415644e-01 2.988854532356338689e-01 2.997526684991160817e-01 6.910646317586920627e-03 6.930697537551827256e-03
1.754999999999995453e+01 6.840623376880775597e-01 6.851369931012200043e-01 2.988564018365889030e-01 2.993259023956628129e-01 6.898012737139974301e-03 6.908849449409423631e-03
1.759999999999995524e+01 6.840777003545494006e-01 6.840922108443845406e-01 2.988656124494315502e-01 2.988719519141287417e-01 6.886304434318709679e-03 6.886450504933852232e-03
1.764999999999995595e+01 6.841737394281245388e-01 6.832781396691113285e-01 2.989132567874048796e-01 2.985219721979548435e-01 6.875520570153084016e-03 6.866520349579189469e-03
1.769999999999995310e+01 6.843500825426844791e-01 6.830699505052242326e-01 2.989954535280878734e-01 2.984361584116261845e-01 6.865567245191466460e-03 6.852724647798546717e-03
1.774999999999995381e+01 6.845590208299642265e-01 6.834221505815268882e-01 2.990862219736920569e-01 2.985895194000159902e-01 6.855844629769456897e-03 6.844458897421580937e-03
1.779999999999995453e+01 6.847228790095168938e-01 6.839930825830147221e-01 2.991507787991901646e-01 2.988319356933941684e-01 6.845555578928847265e-03 6.838259398018183693e-03
1.784999999999995524e+01 6.848045538831629697e-01 6.847125428134120950e-01 2.991788273169080359e-01 2.991386293307933819e-01 6.834467785651821697e-03 6.833549499275701038e-03
1.789999999999995595e+01 6.848155633713907120e-01 6.856013844378741062e-01 2.991834345587064403e-01 2.995267454561131304e-01 6.822883342273817001e-03 6.830712553161084714e-03
1.794999999999995310e+01 6.847622691104940928e-01 6.863101359427508097e-01 2.991694790828292039e-01 2.998457349672215555e-01 6.810915858459412782e-03 6.826311553038635557e-03
1.799999999999995381e+01 6.846372101522829601e-01 6.865358849413658593e-01 2.991266504299450180e-01 2.999562054431582636e-01 6.798332964316942950e-03 6.817186487344517425e-03
1.804999999999995453e+01 6.844612134375576140e-01 6.865060623459463551e-01 2.990536845368306773e-01 2.999471166091953744e-01 6.785109121652436494e-03 6.805379843657307498e-03
1.809999999999995168e+01 6.842881699125806794e-01 6.863921094085051466e-01 2.989703835204379212e-01 2.998896096968610703e-01 6.771696115978219875e-03 6.792516640925516831e-03
1.814999999999995239e+01 6.841678231230130525e-01 6.858235866417180526e-01 2.989055967561310423e-01 2.996289821097222195e-01 6.758747241517953919e-03 6.775104174329512306e-03
1.819999999999995310e+01 6.841304965284639161e-01 6.846770027988650087e-01 2.988843693568006277e-01 2.991231281649625595e-01 6.746825493381515028e-03 6.752215082730542682e-03
1.824999999999995381e+01 6.841898604952441065e-01 6.836547907744719987e-01 2.989180853673600868e-01 2.986843168979538277e-01 6.736182205461646241e-03 6.730914183615871807e-03
1.829999999999995453e+01 6.843287578091250545e-01 6.833560869067846211e-01 2.989929925670333777e-01 2.985680187798660512e-01 6.726501520068252533e-03 6.716940804946378019e-03
1.834999999999995168e+01 6.844981170329442755e-01 6.834874806313642193e-01 2.990755015679659179e-01 2.986339275428749884e-01 6.717024178954888493e-03 6.707106738750712518e-03
1.839999999999995239e+01 6.846522041878758680e-01 6.836511785373057259e-01 2.991389339741838960e-01 2.987015648338222640e-01 6.707150985968259559e-03 6.697344503000509340e-03
1.844999999999995310e+01 6.847677948738184472e-01 6.841097677542256061e-01 2.991779298622736505e-01 2.988904350459187231e-01 6.696763958864558608e-03 6.690328708358572046e-03
1.849999999999995026e+01 6.848240749626433033e-01 6.850910630000439649e-01 2.991947911220538270e-01 2.993114363058355654e-01 6.685917120045905930e-03 6.688523716331531456e-03
1.854999999999995097e+01 6.848010667160392417e-01 6.860984586528796614e-01 2.991880474232654352e-01 2.997548750454643862e-01 6.674579975979162000e-03 6.687225321705853563e-03
1.859999999999995168e+01 6.847090229935433037e-01 6.865481880296712136e-01 2.991590871493146064e-01 2.999626444486174215e-01 6.662785905329957764e-03 6.680682504423561367e-03
1.864999999999995239e+01 6.845836180342242949e-01 6.864593457623313633e-01 2.991138301437169522e-01 2.999333883251877886e-01 6.650668819204389424e-03 6.668891346863552345e-03
1.869999999999995310e+01 6.844475724873286815e-01 6.860923511834747801e-01 2.990553002774878344e-01 2.997739525258674709e-01 6.638297453440362116e-03 6.654249778598623176e-03
1.874999999999995026e+01 6.843147434311798172e-01 6.855390305467538026e-01 2.989910830346089732e-01 2.995259990716292453e-01 6.625841175282204051e-03 6.637695270285423263e-03
1.879999999999995097e+01 6.842260756943582267e-01 6.849385990258536339e-01 2.989463051185002884e-01 2.992576148227454880e-01 6.613856307931433379e-03 6.620743690768716647e-03
1.884999999999995168e+01 6.842299594675556040e-01 6.844889420860793550e-01 2.989477017136965564e-01 2.990608541086190453e-01 6.602931015211420049e-03 6.605430239836986017e-03
1.889999999999994884e+01 6.843237373794367473e-01 6.841299106080882542e-01 2.989936469116480922e-01 2.989089604247281429e-01 6.593024187687951398e-03 6.591156789960940336e-03
1.894999999999994955e+01 6.844581760991870212e-01 6.837624671419855193e-01 2.990581145035519084e-01 2.987541406213642947e-01 6.583557831668737648e-03 6.576866056606819715e-03
1.899999999999995026e+01 6.845964484259509097e-01 6.836646686413211382e-01 2.991215412100953763e-01 2.987144175595305429e-01 6.574099806815293309e-03 6.565152034275406612e-03
1.904999999999995097e+01 6.847259725253663776e-01 6.841101766387902572e-01 2.991785354125069407e-01 2.989094746219845833e-01 6.564531769884968462e-03 6.558628077278882453e-03
1.909999999999995168e+01 6.848215184587017612e-01 6.848361025461056073e-01 2.992199576477686529e-01 2.992263298920654346e-01 6.554654055810934035e-03 6.554793644952155648e-03
1.914999999999994884e+01 6.848460915845608898e-01 6.854557053774100739e-01 2.992304194252668470e-01 2.994967785286671846e-01 6.544131644073643284e-03 6.549956884169877945e-03
1.919999999999994955e+01 6.847902155096611265e-01 6.859859941609749434e-01 2.992052237451690022e-01 2.997276950229599279e-01 6.532865147274443188e-03 6.544272817095205148e-03
1.924999999999995026e+01 6.846779354270774443e-01 6.864171190225966113e-01 2.991551581778852942e-01 2.999150566888448832e-01 6.521093366275439174e-03 6.537657911473468419e-03
1.929999999999994742e+01 6.845407018996688686e-01 6.863453754696045017e-01 2.990960796449508852e-01 2.998845949053418058e-01 6.509163866048997375e-03 6.526324154632042428e-03
1.934999999999994813e+01 6.844101265551738589e-01 6.856546741795154221e-01 2.990435101660240402e-01 2.995872979852153284e-01 6.497414669549691699e-03 6.509229722655423406e-03
1.939999999999994884e+01 6.843201241399282653e-01 6.849394043104514163e-01 2.990105201134977131e-01 2.992811117260369969e-01 6.486128418947900535e-03 6.491998085163503546e-03
1.944999999999994955e+01 6.842902482585467849e-01 6.846463168949732392e-01 2.990008211485239986e-01 2.991564054418084373e-01 6.475383240899285249e-03 6.478752689589797539e-03
1.949999999999995026e+01 6.843188437625349341e-01 6.844450765145747573e-01 2.990103154115960615e-01 2.990654722954766420e-01 6.465087900791276210e-03 6.466280482064369790e-03
1.954999999999994742e+01 6.844022618903734534e-01 6.839970910035308993e-01 2.990397770043090597e-01 2.988627433818377144e-01 6.455256924000207439e-03 6.451435367120091427e-03
1.959999999999994813e+01 6.845355832889059577e-01 6.836516999131033723e-01 2.990940600100757685e-01 2.987078649401656572e-01 6.445992672630954622e-03 6.437669503020822942e-03
1.964999999999994884e+01 6.846870825856201659e-01 6.838409822333926247e-01 2.991645293640018410e-01 2.987948375440350191e-01 6.437106602775736174e-03 6.429151964368703953e-03
1.969999999999994600e+01 6.848047930620191348e-01 6.844246910193431122e-01 2.992262778473397944e-01 2.990601918026969397e-01 6.428061822714077958e-03 6.424493916277067111e-03
1.974999999999994671e+01 6.848581209265880432e-01 6.850759503598035094e-01 2.992575461196551601e-01 2.993527294863479460e-01 6.418392410073043425e-03 6.420433876382808901e-03
1.979999999999994742e+01 6.848460652790689940e-01 6.857189605019340384e-01 2.992509762568610343e-01 2.996323973686343400e-01 6.407943817063417070e-03 6.416111292690254361e-03
1.984999999999994813e+01 6.847696978432873394e-01 6.862684908748646340e-01 2.992084470139969588e-01 2.998633409685426132e-01 6.396759957541367503e-03 6.410760897243038270e-03
1.989999999999994884e+01 6.846365097747946216e-01 6.864941180887723648e-01 2.991420748349797876e-01 2.999537300671215601e-01 6.385102984738106301e-03 6.402427536117866712e-03
1.994999999999994600e+01 6.844884187502097150e-01 6.863388745423999460e-01 2.990782874269073410e-01 2.998868199515305477e-01 6.373538357526006837e-03 6.390768672382121998e-03
1.999999999999994671e+01 6.843812561890557644e-01 6.859110169732813844e-01 2.990412061551794842e-01 2.997096369543966743e-01 6.362578854365531257e-03 6.376800786263769547e-03
2.004999999999994742e+01 6.843342171407733598e-01 6.851984798864052539e-01 2.990308412780018354e-01 2.994084947833187682e-01 6.352221800913486482e-03 6.360244180208588644e-03
2.009999999999994458e+01 6.843336416385658039e-01 6.842728525765789938e-01 2.990326589158909254e-01 2.990060959738800594e-01 6.342156074568216888e-03 6.341592703581771899e-03
2.014999999999994529e+01 6.843775817699127018e-01 6.835645248447489442e-01 2.990449158554153719e-01 2.986896433475952906e-01 6.332343374386784421e-03 6.324820399102082207e-03
2.019999999999994600e+01 6.844759852032392677e-01 6.834082995828384410e-01 2.990791245988678737e-01 2.986126035117891986e-01 6.323025890039500781e-03 6.313162864942699695e-03
2.024999999999994671e+01 6.846123557385518366e-01 6.836061535751759566e-01 2.991362417996452638e-01 2.986965892997743843e-01 6.314221462789356386e-03 6.304941198939839099e-03
2.029999999999994742e+01 6.847421894714365020e-01 6.839090256415267799e-01 2.991985884011832963e-01 2.988345368710616512e-01 6.305555076948025223e-03 6.297882758083501661e-03
2.034999999999994458e+01 6.848274011886213986e-01 6.844762878591926780e-01 2.992440494512600413e-01 2.990906260129860827e-01 6.296560745949721788e-03 6.293332477916603433e-03
2.039999999999994529e+01 6.848495455060906734e-01 6.853670791693737829e-01 2.992576543705061098e-01 2.994838002607211891e-01 6.286925511985433715e-03 6.291676476065582307e-03
2.044999999999994600e+01 6.848033206221039171e-01 6.861330119944639705e-01 2.992350057606805169e-01 2.998160342012357038e-01 6.276560162783031450e-03 6.288747439983979719e-03
2.049999999999994316e+01 6.847021027470536758e-01 6.864347412411451188e-01 2.991855806594961864e-01 2.999426696940529213e-01 6.265666610670088746e-03 6.281521878409496162e-03
2.054999999999994387e+01 6.845781943232013278e-01 6.864871437985645697e-01 2.991284509977125694e-01 2.999625720730454415e-01 6.254646126455056486e-03 6.272087236237238947e-03
2.059999999999994458e+01 6.844614508550785903e-01 6.864340544569859093e-01 2.990783809567911788e-01 2.999403186024992563e-01 6.243807535632393997e-03 6.261802058507301774e-03
2.064999999999994529e+01 6.843710089083658854e-01 6.859384467117507489e-01 2.990417817637129883e-01 2.997266871548336375e-01 6.233283621963804297e-03 6.247559919850633782e-03
2.069999999999994600e+01 6.843299635060114960e-01 6.848740648335895909e-01 2.990261910906768517e-01 2.992639426962320215e-01 6.223229783364773483e-03 6.228177787642716345e-03
2.074999999999994316e+01 6.843585761679479296e-01 6.837983083003134066e-01 2.990398152945312749e-01 2.987949986070703723e-01 6.213814343782478843e-03 6.208727243783291119e-03
2.079999999999994387e+01 6.844458279086049757e-01 6.832912200672297542e-01 2.990785569204766903e-01 2.985740342352223298e-01 6.204949313702846220e-03 6.194482038075162234e-03
2.084999999999994458e+01 6.845558387179132565e-01 6.833527597221721317e-01 2.991267868751932291e-01 2.986010837345596247e-01 6.196308376492878738e-03 6.185418616976905148e-03
2.089999999999994174e+01 6.846645747226233203e-01 6.837346133700792361e-01 2.991730179132243705e-01 2.987666593039798313e-01 6.187652904099791643e-03 6.179248382709005144e-03
2.094999999999994245e+01 6.847613225152718863e-01 6.843201127048260668e-01 2.992124722966768013e-01 2.990196817960391051e-01 6.178884301428546125e-03 6.174903083036441254e-03
2.099999999999994316e+01 6.848207999718376460e-01 6.849762147081731589e-01 2.992363556842789762e-01 2.993042650400149496e-01 6.169821766686175296e-03 6.171221959587948336e-03
2.104999999999994387e+01 6.848135738906186987e-01 6.855307186450337875e-01 2.992347855858363825e-01 2.995481477401555903e-01 6.160263213295664141e-03 6.166714312715514297e-03
2.109999999999994458e+01 6.847437757217591514e-01 6.859866772459976003e-01 2.992097156227769839e-01 2.997528212701741079e-01 6.150251091937872054e-03 6.161414620147473778e-03
2.114999999999994174e+01 6.846426330380952496e-01 6.863501878457771710e-01 2.991707436841730683e-01 2.999169000247865480e-01 6.139984477869135128e-03 6.155298102099273500e-03
2.119999999999994245e+01 6.845303115526225612e-01 6.863688809568700977e-01 2.991216720024673092e-01 2.999250782870535037e-01 6.129542459066964107e-03 6.146005702603566864e-03
2.124999999999994316e+01 6.844177494183059096e-01 6.858798226229888551e-01 2.990665034047084170e-01 2.997053780122385103e-01 6.119007742295835134e-03 6.132079345518957544e-03
2.129999999999994031e+01 6.843356453556289631e-01 6.851707030081074512e-01 2.990238049838845891e-01 2.993886875065467912e-01 6.108760060957816457e-03 6.116214249367668034e-03
2.134999999999994102e+01 6.843222555086260206e-01 6.845658169739232690e-01 2.990170807868310909e-01 2.991235058486482190e-01 6.099277527523337683e-03 6.101448359992835656e-03
2.139999999999994174e+01 6.843835373969129332e-01 6.840196281900401409e-01 2.990507477690628191e-01 2.988917326635135430e-01 6.090646594074610592e-03 6.087407997220246024e-03
2.144999999999994245e+01 6.844911824465546024e-01 6.835350638985598914e-01 2.991069500952032723e-01 2.986891482152754795e-01 6.082500256130224901e-03 6.074004030813950385e-03
2.149999999999994316e+01 6.846121659809533133e-01 6.834792521001900045e-01 2.991632228821525796e-01 2.986681598601108600e-01 6.074380160043717745e-03 6.064328118987032806e-03
2.154999999999994031e+01 6.847198463727565132e-01 6.840081495459893191e-01 2.992049388816750977e-01 2.988939456971146935e-01 6.065989637743044068e-03 6.059684656809229478e-03
2.159999999999994102e+01 6.847908001424813929e-01 6.846973483000440286e-01 2.992269829751882382e-01 2.991861481496325137e-01 6.057226376015967251e-03 6.056399760114029515e-03
2.164999999999994174e+01 6.848127410305537843e-01 6.851842837387474017e-01 2.992325531480356515e-01 2.993949007016296626e-01 6.048156708398912292e-03 6.051438114232040623e-03
2.169999999999993889e+01 6.847863679838100959e-01 6.856227069370706140e-01 2.992259630753110189e-01 2.995914118348761424e-01 6.038869083255530602e-03 6.046244436627178087e-03
2.174999999999993960e+01 6.847120697949204970e-01 6.861125339093930853e-01 2.992031645187798183e-01 2.998151345910624599e-01 6.029282912217237035e-03 6.041614802842579582e-03
2.179999999999994031e+01 6.845942596610310460e-01 6.862990496380979577e-01 2.991577833242389239e-01 2.999027518707546580e-01 6.019271294250291317e-03 6.034260601021231539e-03
2.184999999999994102e+01 6.844627327250716320e-01 6.859488187520400571e-01 2.990982238336875598e-01 2.997476173943284250e-01 6.009004999170026312e-03 6.022051579996563417e-03
2.189999999999994174e+01 6.843633002338631588e-01 6.853601769390257337e-01 2.990475120769799933e-01 2.994831191564719663e-01 5.998947082787974526e-03 6.007685439447793714e-03
2.194999999999993889e+01 6.843214747176444845e-01 6.848607729677439471e-01 2.990240846542013831e-01 2.992597387605673287e-01 5.989465891921921109e-03 5.994186054292796259e-03
2.199999999999993960e+01 6.843373232450216115e-01 6.844122313724899653e-01 2.990326061816297454e-01 2.990653385371804251e-01 5.980652123632606253e-03 5.981306770743619571e-03
2.204999999999994031e+01 6.844095420210629666e-01 6.839528513143791066e-01 2.990707221001932536e-01 2.988711591031300019e-01 5.972455758366326112e-03 5.968470476348088603e-03
2.209999999999993747e+01 6.845313644368460348e-01 6.836476070636711144e-01 2.991297728662245525e-01 2.987435843640744437e-01 5.964701353264708489e-03 5.957000685225822753e-03
2.214999999999993818e+01 6.846669365199052892e-01 6.836414788936123754e-01 2.991900959436271101e-01 2.987419849728298882e-01 5.956995439395274157e-03 5.948073369294782156e-03
2.219999999999993889e+01 6.847678599307690517e-01 6.839589230276441612e-01 2.992313489304483376e-01 2.988778579229320886e-01 5.948933378338943506e-03 5.941905724113968369e-03
2.224999999999993960e+01 6.848140104533603223e-01 6.846251078889646902e-01 2.992485178007900926e-01 2.991659715743092418e-01 5.940417226814702356e-03 5.938778592045852039e-03
2.229999999999994031e+01 6.848115642057970298e-01 6.854951909139961330e-01 2.992470142368425234e-01 2.995457434960634435e-01 5.931556278232765975e-03 5.937477571775301617e-03
2.234999999999993747e+01 6.847610603871480128e-01 6.861252203491641222e-01 2.992267853116177267e-01 2.998228957269122308e-01 5.922351020516938153e-03 5.934149346401044675e-03
2.239999999999993818e+01 6.846607843028040818e-01 6.862230475748962721e-01 2.991852675232812286e-01 2.998679503433271387e-01 5.912752322594501744e-03 5.926244077931377280e-03
2.244999999999993889e+01 6.845344944870750403e-01 6.859961636662624818e-01 2.991318924048520511e-01 2.997706211630979389e-01 5.902948049429750099e-03 5.915552464984675900e-03
2.249999999999993605e+01 6.844241037653784332e-01 6.857058673580668229e-01 2.990852896406198669e-01 2.996454052666782664e-01 5.893306199815180960e-03 5.904342960919780302e-03
2.254999999999993676e+01 6.843575176615038780e-01 6.852596877160738176e-01 2.990577150223872049e-01 2.994519547408361904e-01 5.884067191783330306e-03 5.891823998835941933e-03
2.259999999999993747e+01 6.843430716245338941e-01 6.846110558037621363e-01 2.990517366131444366e-01 2.991688432771935080e-01 5.875279697704224001e-03 5.877580418019529886e-03
2.264999999999993818e+01 6.843831386443280929e-01 6.840850112513431336e-01 2.990674958956172080e-01 2.989372176817872706e-01 5.866944500159249759e-03 5.864388772570628891e-03
2.269999999999993889e+01 6.844715024663752256e-01 6.839041788938221567e-01 2.991035081520247996e-01 2.988555964855835745e-01 5.859030522076891581e-03 5.854174270040824087e-03
2.274999999999993605e+01 6.845867139880498220e-01 6.838732991764938651e-01 2.991534747840737252e-01 2.988417238904635953e-01 5.851412709712944943e-03 5.845314892723016062e-03
2.279999999999993676e+01 6.847021557872039477e-01 6.838881811289371226e-01 2.992076725568232343e-01 2.988519741542963182e-01 5.843899854625464636e-03 5.836952620201111240e-03
2.284999999999993747e+01 6.847928750209455462e-01 6.842216603976254419e-01 2.992532396436606845e-01 2.990036198932286560e-01 5.836240656141613616e-03 5.831372401623192633e-03
2.289999999999993463e+01 6.848311593443703327e-01 6.849545140135410159e-01 2.992732693051082249e-01 2.993271756652716720e-01 5.828106510323442790e-03 5.829156293384075115e-03
2.294999999999993534e+01 6.847989141458090678e-01 6.856514148043438839e-01 2.992566910016449810e-01 2.996292332485439580e-01 5.819284219769480480e-03 5.826528599874467897e-03
2.299999999999993605e+01 6.847106579837176632e-01 6.859271736546915799e-01 2.992119242809400115e-01 2.997435298439407036e-01 5.809940277299817206e-03 5.820262715416335206e-03
2.304999999999993676e+01 6.846033353208066385e-01 6.858659916971523440e-01 2.991611164175506099e-01 2.997128778123768766e-01 5.800506377461002103e-03 5.811204611001016644e-03
2.309999999999993747e+01 6.845023793974019943e-01 6.856626436252117873e-01 2.991197861882880504e-01 2.996268085131044145e-01 5.791283372474125696e-03 5.801099874406678673e-03
2.314999999999993463e+01 6.844189729842735659e-01 6.853225004130761855e-01 2.990911424025525234e-01 2.994859839565414683e-01 5.782332380909678202e-03 5.789965857062194868e-03
2.319999999999993534e+01 6.843725376826895745e-01 6.848812060485124364e-01 2.990771092913560025e-01 2.992994020574470948e-01 5.773689368559006482e-03 5.777980734699761367e-03
2.324999999999993605e+01 6.843838863478561851e-01 6.844976308569342693e-01 2.990813883595038192e-01 2.991310956456804115e-01 5.765424353918156830e-03 5.766382566663729413e-03
2.329999999999993321e+01 6.844478333246940549e-01 6.842430608858498520e-01 2.991026386010104954e-01 2.990131533637301331e-01 5.757509886448720915e-03 5.755787360225807572e-03
2.334999999999993392e+01 6.845396490186738125e-01 6.841282377797598402e-01 2.991364975073924626e-01 2.989567152008155704e-01 5.749860596009476882e-03 5.746404905349661654e-03
2.339999999999993463e+01 6.846431015265956876e-01 6.842550968200206141e-01 2.991817966591674427e-01 2.990122427047545717e-01 5.742452910924529703e-03 5.739198516406049042e-03
2.344999999999993534e+01 6.847462075620480704e-01 6.846124894256643278e-01 2.992332486273728831e-01 2.991748139666057238e-01 5.735184449015303179e-03 5.734064474683397278e-03
2.349999999999993605e+01 6.848197006471905546e-01 6.849272274914922631e-01 2.992723382946250732e-01 2.993193284879462901e-01 5.727700254442595965e-03 5.728599588286063977e-03
2.354999999999993321e+01 6.848309275808210916e-01 6.850489169641033049e-01 2.992789392614040311e-01 2.993742031123364233e-01 5.719616612735873608e-03 5.721437231005007014e-03
2.359999999999993392e+01 6.847765765961355555e-01 6.851860471259731966e-01 2.992509024764865577e-01 2.994298432139173016e-01 5.710895085429143481e-03 5.714309984998432526e-03
2.364999999999993463e+01 6.846815023156516133e-01 6.854474241720547312e-01 2.992036583479025236e-01 2.995383637849113878e-01 5.701832460179192055e-03 5.708210839159827583e-03
2.369999999999993179e+01 6.845735729058474162e-01 6.855466972893210498e-01 2.991545434464839559e-01 2.995797929626448086e-01 5.692760103643854618e-03 5.700852387490872898e-03
2.374999999999993250e+01 6.844762020837201755e-01 6.852942351236372964e-01 2.991149251859721581e-01 2.994724042199978786e-01 5.683894065291642851e-03 5.690687016056977625e-03
2.379999999999993321e+01 6.844120366780155340e-01 6.849428625502324008e-01 2.990915130588740478e-01 2.993234866431826458e-01 5.675360779105779845e-03 5.679762554899111561e-03
2.384999999999993392e+01 6.843950765834929673e-01 6.847295021928214709e-01 2.990865336678151243e-01 2.992326805348602958e-01 5.667201016917398221e-03 5.669970261200584470e-03
2.389999999999993463e+01 6.844259527260573295e-01 6.845449066273157079e-01 2.990991609088187175e-01 2.991511446360743953e-01 5.659397557404338003e-03 5.660381166245505129e-03
2.394999999999993179e+01 6.845003742251861700e-01 6.843424161774039893e-01 2.991293572084415819e-01 2.990603289199582626e-01 5.651948175879870952e-03 5.650643909682736589e-03
2.399999999999993250e+01 6.846073259014775481e-01 6.843657792482631397e-01 2.991745422065235083e-01 2.990689859165702735e-01 5.644802683141963984e-03 5.642811055029638145e-03
2.404999999999993321e+01 6.847176235756662344e-01 6.846849039271521997e-01 2.992225263052138429e-01 2.992082277746209718e-01 5.637730123508513831e-03 5.637460721142186285e-03
2.409999999999993037e+01 6.847959610881495518e-01 6.849844093568878689e-01 2.992571462155342310e-01 2.993394984698061201e-01 5.630426081195387226e-03 5.631975512131829134e-03
2.414999999999993108e+01 6.848277840270217132e-01 6.850557399513641510e-01 2.992716549233045420e-01 2.993712722991159758e-01 5.622764770752562181e-03 5.624636398292467282e-03
2.419999999999993179e+01 6.848166942443145722e-01 6.850660583733728659e-01 2.992680784066321653e-01 2.993770516900728929e-01 5.614785711193859621e-03 5.616830238087682121e-03
2.424999999999993250e+01 6.847620125618683051e-01 6.851779299500492248e-01 2.992461680916450595e-01 2.994279271296357292e-01 5.606485584855187311e-03 5.609890906410047902e-03
2.429999999999993321e+01 6.846652120139223863e-01 6.853060855595620726e-01 2.992051775511663791e-01 2.994852453560530314e-01 5.597851778319306616e-03 5.603091587578177234e-03
2.434999999999993037e+01 6.845531531928119584e-01 6.853362737158689155e-01 2.991550590888432115e-01 2.994972888561828750e-01 5.589071631739258271e-03 5.595465462049200971e-03
2.439999999999993108e+01 6.844662396718772523e-01 6.852325076649015134e-01 2.991136256410360517e-01 2.994484868574431857e-01 5.580478090317847646e-03 5.586725501071712618e-03
2.444999999999993179e+01 6.844250503349880166e-01 6.849499085796363351e-01 2.990927503147233768e-01 2.993221126033193125e-01 5.572291575495555774e-03 5.576564743424683793e-03
2.449999999999992895e+01 6.844295786262700743e-01 6.845612553324084137e-01 2.990956869920750050e-01 2.991532297051797684e-01 5.564570920782802022e-03 5.565641482887076323e-03
2.454999999999992966e+01 6.844803540288250110e-01 6.843392180071445896e-01 2.991227854800595498e-01 2.990611080342597816e-01 5.557320677753090771e-03 5.556174789303490284e-03
2.459999999999993037e+01 6.845731103992793720e-01 6.844140823787838723e-01 2.991682834879173525e-01 2.990987859584418596e-01 5.550431975657105221e-03 5.549142596631585246e-03
2.464999999999993108e+01 6.846807995584500706e-01 6.845729579215921179e-01 2.992157353793941654e-01 2.991686069734307285e-01 5.543598617496892436e-03 5.542725465001042962e-03
2.469999999999993179e+01 6.847671993970115834e-01 6.846617151431382275e-01 2.992485610285975373e-01 2.992024635940087052e-01 5.536513617550381343e-03 5.535660751045499636e-03
2.474999999999992895e+01 6.848148258342854344e-01 6.848434355742654134e-01 2.992634841475888541e-01 2.992759865791133622e-01 5.529117490024747401e-03 5.529348481831205045e-03
2.479999999999992966e+01 6.848237987225218593e-01 6.851838153532160414e-01 2.992662417225760985e-01 2.994235680658288157e-01 5.521517374955289131e-03 5.524420075015302502e-03
2.484999999999993037e+01 6.847948184226184676e-01 6.854020336508115374e-01 2.992587145317469055e-01 2.995240705825589211e-01 5.513748770736941890e-03 5.518637873469543938e-03
2.489999999999992752e+01 6.847305487594635975e-01 6.853340187708664155e-01 2.992377938001584692e-01 2.995015194878233311e-01 5.505755175715897759e-03 5.510607534274588812e-03
2.494999999999992824e+01 6.846443350372527492e-01 6.852075577588632171e-01 2.992030568403050150e-01 2.994491962609702185e-01 5.497529753611495387e-03 5.502052296940207997e-03
2.499999999999992895e+01 6.845556443818487935e-01 6.851807237499041303e-01 2.991606347326932758e-01 2.994338033816416056e-01 5.489185958398052484e-03 5.494198227186095074e-03
2.504999999999992966e+01 6.844856268463710425e-01 6.850666362335267046e-01 2.991234817852412853e-01 2.993773856570239866e-01 5.480961645171632604e-03 5.485614029446166627e-03
2.509999999999993037e+01 6.844584867338977530e-01 6.847704100547093997e-01 2.991084227030514908e-01 2.992447332234126067e-01 5.473164184868290795e-03 5.475658430437569703e-03
2.514999999999992752e+01 6.844884889917074444e-01 6.845347765367807424e-01 2.991246545596433215e-01 2.991448824322125999e-01 5.465959882314187258e-03 5.466329509953644222e-03
2.519999999999992824e+01 6.845616980365103466e-01 6.845205543867326492e-01 2.991632376280384253e-01 2.991452572655515230e-01 5.459183168394872963e-03 5.458855059590366800e-03
2.524999999999992895e+01 6.846475052771336944e-01 6.845788464958117991e-01 2.992051257967173195e-01 2.991751204886659021e-01 5.452485208140645315e-03 5.451938414372053954e-03
2.529999999999992610e+01 6.847271708549574898e-01 6.846126874397649997e-01 2.992389665329687753e-01 2.991889350747390930e-01 5.445659081582700060e-03 5.444748590987073637e-03
2.534999999999992681e+01 6.847933456752032244e-01 6.847487295462336698e-01 2.992634285597221000e-01 2.992439307421559391e-01 5.438681118759158654e-03 5.438326774051004987e-03
2.539999999999992752e+01 6.848301179334428390e-01 6.850243445254159402e-01 2.992761624106829998e-01 2.993610409631322078e-01 5.431509299649429565e-03 5.433049745247419023e-03
2.544999999999992824e+01 6.848204265296822246e-01 6.852713008372245396e-01 2.992725937514237877e-01 2.994696298184666983e-01 5.424061508861339337e-03 5.427632620180648966e-03
2.549999999999992895e+01 6.847700232380694585e-01 6.853672874247604963e-01 2.992542103564233003e-01 2.995152232753551802e-01 5.416365798306314525e-03 5.421090014033588464e-03
2.554999999999992610e+01 6.847009354714270746e-01 6.853073534747902151e-01 2.992274233116787308e-01 2.994924395942565321e-01 5.408539056695514137e-03 5.413329228996966065e-03
2.559999999999992681e+01 6.846267621007787740e-01 6.850908019904715651e-01 2.991960617503324205e-01 2.993988567843230975e-01 5.400650934121534359e-03 5.404311494301871320e-03
2.564999999999992752e+01 6.845557838641724846e-01 6.848122210204311555e-01 2.991641865631688990e-01 2.992762545860605528e-01 5.392774881715537739e-03 5.394795035350358030e-03
2.569999999999992468e+01 6.845084771955535219e-01 6.846976354119368446e-01 2.991424410564242908e-01 2.992251065784446995e-01 5.385102449260574173e-03 5.386590577469763108e-03
2.574999999999992539e+01 6.845065700383909935e-01 6.847847411443300780e-01 2.991412515840110586e-01 2.992628171853177754e-01 5.377820253195715432e-03 5.380005702207970794e-03
2.579999999999992610e+01 6.845493257337301740e-01 6.848109387041608764e-01 2.991600417394837397e-01 2.992743711883802948e-01 5.370916368751962877e-03 5.372968962089423421e-03
2.584999999999992681e+01 6.846184356254590986e-01 6.846588729695645137e-01 2.991905351229047216e-01 2.992082069675298106e-01 5.364240880733398692e-03 5.364557722412019794e-03
2.589999999999992752e+01 6.846979439011514623e-01 6.845842670559560972e-01 2.992262673059453704e-01 2.991765883221395583e-01 5.357677122756417804e-03 5.356787615436707679e-03
2.594999999999992468e+01 6.847742845807076595e-01 6.847625555745771031e-01 2.992617937202688427e-01 2.992566678802771607e-01 5.351127290483137337e-03 5.351035634873093846e-03
2.599999999999992539e+01 6.848283381004859338e-01 6.849964092959786033e-01 2.992878847675297660e-01 2.993613362732441274e-01 5.344426513705899211e-03 5.345738147736513179e-03
2.604999999999992610e+01 6.848438214566837656e-01 6.851096738059936353e-01 2.992954017430036195e-01 2.994115864601581967e-01 5.337412425198469895e-03 5.339484377354593130e-03
2.609999999999992326e+01 6.848175813661868672e-01 6.852127925222640803e-01 2.992818777826014021e-01 2.994545946346942600e-01 5.330042346974212496e-03 5.333118337216293491e-03
2.614999999999992397e+01 6.847562427132052321e-01 6.853504041723421647e-01 2.992518154305756628e-01 2.995114755610202018e-01 5.322397784447777114e-03 5.327016017092411210e-03
2.619999999999992468e+01 6.846744113330477388e-01 6.853193527431615806e-01 2.992149876743885883e-01 2.994968386284825312e-01 5.314653422280447501e-03 5.319659655923324355e-03
2.624999999999992539e+01 6.845974583777092448e-01 6.850577445308446700e-01 2.991844192159095472e-01 2.993855745718252415e-01 5.307040695625900480e-03 5.310608861584493502e-03
2.629999999999992610e+01 6.845490660186811516e-01 6.848086990630901649e-01 2.991685723436251498e-01 2.992820398086832867e-01 5.299708987486727134e-03 5.301719040012115025e-03
2.634999999999992326e+01 6.845336198889049317e-01 6.847210031187863644e-01 2.991649276469510177e-01 2.992468206158001021e-01 5.292612607641780133e-03 5.294061399660339624e-03
2.639999999999992397e+01 6.845447544831465558e-01 6.846641639740742580e-01 2.991678421576645652e-01 2.992200279051997480e-01 5.285650921513518515e-03 5.286572931187285065e-03
2.644999999999992468e+01 6.845853100073795439e-01 6.845536615596318208e-01 2.991802844280976315e-01 2.991664532934523724e-01 5.278875772882191987e-03 5.278631729924181636e-03
2.649999999999992184e+01 6.846584886296883665e-01 6.845014306364327616e-01 2.992086775510539587e-01 2.991400402446577900e-01 5.272399604423869124e-03 5.271190136469751548e-03
2.654999999999992255e+01 6.847452101497084609e-01 6.845787789999231432e-01 2.992483553740430402e-01 2.991756213890248706e-01 5.266139117889021871e-03 5.264859153348446993e-03
2.659999999999992326e+01 6.848131125867739089e-01 6.847403204621543837e-01 2.992839289079700649e-01 2.992521165599743016e-01 5.259823003655020139e-03 5.259263911423108992e-03
2.664999999999992397e+01 6.848448275459744217e-01 6.849714403364076665e-01 2.993027068812970093e-01 2.993580413882951374e-01 5.253228729816544415e-03 5.254199936608964193e-03
2.669999999999992468e+01 6.848398532077223377e-01 6.852429876233405714e-01 2.993002763397853982e-01 2.994764609491236129e-01 5.246280041012901275e-03 5.249368290081055446e-03
2.674999999999992184e+01 6.847984762885109822e-01 6.854167696869502002e-01 2.992773584973473788e-01 2.995475711532868957e-01 5.238990958378082416e-03 5.243721158044420232e-03
2.679999999999992255e+01 6.847258925192997170e-01 6.854304059974659635e-01 2.992409097752912750e-01 2.995487983135496357e-01 5.231484436630976821e-03 5.236867103383746093e-03
2.684999999999992326e+01 6.846446165534354478e-01 6.853972083689010564e-01 2.992050675150597083e-01 2.995339670338951210e-01 5.224008162637456057e-03 5.229750624773386695e-03
2.689999999999992042e+01 6.845819304641459491e-01 6.853285898822404354e-01 2.991818011139915079e-01 2.995081125452219162e-01 5.216770725614509364e-03 5.222460550047471929e-03
2.694999999999992113e+01 6.845492085865247933e-01 6.850448048815199753e-01 2.991722061757271511e-01 2.993887992782922058e-01 5.209790268623904971e-03 5.213562024872317457e-03
2.699999999999992184e+01 6.845459063194061500e-01 6.845658044369066220e-01 2.991721188186886593e-01 2.991808150389394516e-01 5.202993370759812983e-03 5.203144609372870565e-03
2.704999999999992255e+01 6.845730153117167704e-01 6.842398961895284071e-01 2.991814661780713980e-01 2.990358819012168823e-01 5.196378049119791329e-03 5.193849446829656123e-03
2.709999999999992326e+01 6.846287530192051163e-01 6.842638199443991098e-01 2.992023001737693644e-01 2.990428140071280660e-01 5.189979187749695945e-03 5.187212732127123756e-03
2.714999999999992042e+01 6.847002219069190376e-01 6.844358837426934850e-01 2.992320938583225010e-01 2.991165710939985845e-01 5.183752167316121699e-03 5.181750906782143021e-03
2.719999999999992113e+01 6.847695014169601357e-01 6.845726108112510921e-01 2.992636735736429188e-01 2.991776268004809891e-01 5.177572207156463067e-03 5.176083508658851744e-03
2.724999999999992184e+01 6.848202846514686026e-01 6.847723420180860110e-01 2.992881797781846709e-01 2.992672273271541616e-01 5.171286043683546996e-03 5.170924014292090434e-03
2.729999999999991900e+01 6.848369861092565847e-01 6.850871270264603519e-01 2.992968706634773213e-01 2.994061906845371102e-01 5.164743238368903894e-03 5.166629692571833923e-03
2.734999999999991971e+01 6.848120284345444730e-01 6.853374585331311053e-01 2.992860148800764453e-01 2.995156456017556978e-01 5.157880480483878483e-03 5.161837925062581940e-03
2.739999999999992042e+01 6.847564976506294032e-01 6.854229334877954827e-01 2.992612221547589213e-01 2.995524766427445362e-01 5.150795562044054206e-03 5.155808548067903133e-03
2.744999999999992113e+01 6.846904149436566778e-01 6.854495123579390503e-01 2.992317940764339657e-01 2.995635441290079859e-01 5.143649232083104608e-03 5.149351854387771397e-03
2.749999999999992184e+01 6.846247961792566450e-01 6.854333205087921321e-01 2.992023593691737204e-01 2.995557096836152233e-01 5.136521190887112336e-03 5.142587290705850564e-03
2.754999999999991900e+01 6.845674116477628024e-01 6.852315509983122332e-01 2.991762474324282106e-01 2.994664960117336960e-01 5.129468451477562675e-03 5.134444852322920735e-03
2.759999999999991971e+01 6.845373596495132329e-01 6.848449088193966361e-01 2.991626595641471154e-01 2.992970674621414640e-01 5.122648280208008317e-03 5.124949785310651748e-03
2.764999999999992042e+01 6.845519347198594229e-01 6.844786209561870560e-01 2.991702508906617375e-01 2.991382105209554609e-01 5.116207796334541931e-03 5.115659863547773918e-03
2.769999999999991758e+01 6.846034307316724021e-01 6.842821105301251094e-01 2.991953878055840788e-01 2.990549597592201403e-01 5.110083480881036887e-03 5.107685051395743393e-03
2.774999999999991829e+01 6.846679118809794184e-01 6.842778775055218254e-01 2.992255161205621405e-01 2.990550564929443933e-01 5.104059976470154067e-03 5.101152349559830157e-03
2.779999999999991900e+01 6.847306852463237448e-01 6.844680932433573339e-01 2.992520496851607259e-01 2.991372874920652514e-01 5.097990624960159305e-03 5.096035562045415912e-03
2.784999999999991971e+01 6.847856808497767567e-01 6.847713235733671189e-01 2.992725606191837251e-01 2.992662860445324258e-01 5.091834293818533683e-03 5.091727537975891150e-03
2.789999999999992042e+01 6.848197849823440819e-01 6.849971476287017857e-01 2.992843403043783379e-01 2.993618524671017855e-01 5.085545289794034599e-03 5.086862403859004553e-03
2.794999999999991758e+01 6.848188602449134521e-01 6.850950342588227882e-01 2.992844435374616419e-01 2.994051390832046522e-01 5.079074137250102171e-03 5.081122428225799854e-03
2.799999999999991829e+01 6.847839645629867356e-01 6.852227984211159972e-01 2.992734746105065735e-01 2.994652596701682379e-01 5.072431773059444225e-03 5.075682367290997726e-03
2.804999999999991900e+01 6.847268230997163307e-01 6.854013224892453460e-01 2.992530221629189358e-01 2.995478053873439350e-01 5.065645741225891993e-03 5.070635723865333545e-03
2.809999999999991616e+01 6.846574053637994872e-01 6.854017416908041449e-01 2.992233268556698800e-01 2.995486323154823438e-01 5.058720656900599945e-03 5.064220326550853551e-03
2.814999999999991687e+01 6.845882047833101725e-01 6.851484708472364016e-01 2.991891345869102103e-01 2.994339905713301331e-01 5.051737181712297707e-03 5.055871516611747281e-03
2.819999999999991758e+01 6.845399411547747892e-01 6.848828212353189615e-01 2.991631079225716139e-01 2.993129561116594228e-01 5.044909071206951992e-03 5.047436022119056349e-03
2.824999999999991829e+01 6.845297469785422972e-01 6.847516157717474794e-01 2.991574107008755368e-01 2.992543731688815933e-01 5.038440601277914543e-03 5.040073653370648332e-03
2.829999999999991900e+01 6.845595800232711081e-01 6.846102970017768907e-01 2.991742445147735907e-01 2.991964094426649012e-01 5.032367443478119942e-03 5.032740276579739970e-03
2.834999999999991616e+01 6.846202378963848201e-01 6.844006056676781302e-01 2.992063080374082196e-01 2.991103200069064050e-01 5.026565443719594253e-03 5.024952877058497074e-03
2.839999999999991687e+01 6.846960264020206521e-01 6.843311516988653809e-01 2.992419254222200564e-01 2.990824593168246448e-01 5.020837674869473889e-03 5.018162069074249415e-03
2.844999999999991758e+01 6.847645925525566168e-01 6.845142885293882262e-01 2.992694566694196201e-01 2.991600638213803842e-01 5.014988800493007555e-03 5.013155656830850168e-03
2.849999999999991473e+01 6.848069319381338005e-01 6.847847808144432724e-01 2.992832545295077695e-01 2.992735737566061260e-01 5.008924762000140606e-03 5.008762740696347943e-03
2.854999999999991545e+01 6.848197293489515225e-01 6.850054464911707885e-01 2.992863768446936135e-01 2.993675407017361012e-01 5.002697481733293407e-03 5.004054169690543702e-03
2.859999999999991616e+01 6.848069694615599445e-01 6.852132381901628877e-01 2.992827151410388797e-01 2.994602676683865150e-01 4.996372539917187140e-03 4.999336688954710180e-03
2.864999999999991687e+01 6.847654670500771257e-01 6.853861584806714147e-01 2.992689776518207001e-01 2.995402437988584632e-01 4.989895417287558074e-03 4.994418404316115778e-03
2.869999999999991758e+01 6.846950459612715090e-01 6.853945213728853680e-01 2.992412999258522444e-01 2.995470008837781695e-01 4.983202330155751640e-03 4.988293103809804917e-03
2.874999999999991473e+01 6.846160571021174812e-01 6.852338941526436855e-01 2.992064920949666362e-01 2.994765133056240813e-01 4.976407352930849008e-03 4.980898350197500435e-03
2.879999999999991545e+01 6.845574873282449513e-01 6.850322925170896360e-01 2.991783726126431286e-01 2.993858810342674426e-01 4.969740408847903718e-03 4.973187392595815673e-03
2.884999999999991616e+01 6.845321283480476637e-01 6.848405964719949113e-01 2.991652902352479604e-01 2.993001019584781153e-01 4.963339531070071371e-03 4.965576141990521962e-03
2.889999999999991331e+01 6.845384738978784744e-01 6.846457499907856459e-01 2.991682244316117290e-01 2.992151079881432141e-01 4.957219957441795673e-03 4.957996818361952961e-03
2.894999999999991402e+01 6.845769675868231818e-01 6.845004987582073985e-01 2.991867991422999529e-01 2.991533792857301588e-01 4.951374416918503767e-03 4.950821336958721557e-03
2.899999999999991473e+01 6.846450408696242995e-01 6.844362840804237846e-01 2.992183133526241656e-01 2.991270779669327196e-01 4.945757245497930422e-03 4.944249222593939327e-03
2.904999999999991545e+01 6.847236161095426876e-01 6.843996417405646682e-01 2.992535787314325457e-01 2.991119880413307675e-01 4.940215909722380297e-03 4.937878465395484015e-03
2.909999999999991616e+01 6.847866954059458333e-01 6.844371980400896227e-01 2.992814926506666140e-01 2.991287471402286346e-01 4.934567067611990605e-03 4.932048592584159334e-03
2.914999999999991331e+01 6.848201877924994241e-01 6.847060864433959226e-01 2.992963003384684351e-01 2.992464330707402809e-01 4.928716349748359267e-03 4.927895151432539096e-03
2.919999999999991402e+01 6.848211056807708141e-01 6.851433000732467526e-01 2.992965036034637150e-01 2.994373165170096662e-01 4.922639861899084576e-03 4.924955863766616350e-03
2.924999999999991473e+01 6.847887605013139867e-01 6.854200404023833570e-01 2.992815208854379128e-01 2.995574167817989242e-01 4.916328885181742332e-03 4.920861055963852808e-03
2.929999999999991189e+01 6.847290459054328204e-01 6.853847634072667283e-01 2.992545261991529371e-01 2.995411014970831287e-01 4.909836360937712765e-03 4.914538170583819185e-03
2.934999999999991260e+01 6.846588075425553699e-01 6.852379774601524698e-01 2.992242251491490368e-01 2.994773463650211021e-01 4.903305614897987726e-03 4.907453443097448478e-03
2.939999999999991331e+01 6.845964700060652719e-01 6.851372690233864526e-01 2.991992783622993146e-01 2.994356317219947217e-01 4.896878532934532784e-03 4.900746836693868798e-03
2.944999999999991402e+01 6.845545411326716678e-01 6.849848116085651695e-01 2.991838340682180242e-01 2.993718833220454512e-01 4.890622543003164853e-03 4.893696498930053852e-03
2.949999999999991473e+01 6.845426163731477276e-01 6.847366286310064831e-01 2.991796379921518589e-01 2.992644311309337057e-01 4.884565518239224538e-03 4.885949896015254722e-03
2.954999999999991189e+01 6.845653489845291428e-01 6.845576693691566295e-01 2.991875449730759806e-01 2.991841886167061482e-01 4.878720668130071686e-03 4.878665937492161070e-03
2.959999999999991260e+01 6.846152091954692542e-01 6.845344419616465892e-01 2.992059413414530633e-01 2.991706426278094577e-01 4.873060933899897758e-03 4.872486036283552209e-03
2.964999999999991331e+01 6.846780321616544596e-01 6.845578123142980198e-01 2.992319837324355358e-01 2.991794427982756854e-01 4.867539385643533320e-03 4.866684714083389235e-03
2.969999999999991047e+01 6.847438568209195386e-01 6.845823455094218746e-01 2.992631833144832054e-01 2.991925957674193004e-01 4.862115082282434525e-03 4.860968249673760198e-03
2.974999999999991118e+01 6.848013205391602076e-01 6.847004351690029189e-01 2.992928894401116757e-01 2.992487974195051637e-01 4.856679747506893220e-03 4.855964258328694313e-03
2.979999999999991189e+01 6.848294564163391884e-01 6.849097090477592742e-01 2.993080116105633071e-01 2.993430864095688593e-01 4.851021257869756430e-03 4.851589731111337171e-03
2.984999999999991260e+01 6.848129085204839317e-01 6.850790524679600813e-01 2.992993189116872621e-01 2.994156378379531080e-01 4.844990998165729298e-03 4.846873943147774096e-03
2.989999999999991331e+01 6.847611234186445905e-01 6.851513972039973144e-01 2.992723297159747275e-01 2.994428974380242137e-01 4.838679542699682312e-03 4.841437307001210562e-03
2.994999999999991047e+01 6.846977226160791963e-01 6.851541505933558263e-01 2.992414787254711328e-01 2.994409567992846188e-01 4.832321012926472058e-03 4.835542297929515225e-03
2.999999999999991118e+01 6.846373470181759124e-01 6.850724133260195359e-01 2.992161659135427199e-01 2.994063087287398561e-01 4.826067192153924573e-03 4.829134011753878804e-03
3.004999999999991189e+01 6.845866190032259269e-01 6.849153867493232850e-01 2.991983786427414582e-01 2.993420664885915183e-01 4.819949716355088551e-03 4.822264462160164022e-03
3.009999999999990905e+01 6.845574706704214973e-01 6.847919773020515466e-01 2.991894388044273878e-01 2.992919311597362908e-01 4.813989361294095624e-03 4.815638474010248277e-03
3.014999999999990976e+01 6.845614833759783302e-01 6.847490946280704316e-01 2.991912142862835911e-01 2.992732107755549098e-01 4.808215577119875558e-03 4.809533319012544196e-03
3.019999999999991047e+01 6.845963989461376631e-01 6.847033982784281880e-01 2.992030884012409908e-01 2.992498524957168948e-01 4.802617791352193320e-03 4.803368418871870049e-03
3.024999999999991118e+01 6.846507474115152148e-01 6.846603073076971135e-01 2.992233804641195594e-01 2.992275585716630548e-01 4.797168424274471550e-03 4.797235407962543476e-03
3.029999999999991189e+01 6.847146504060979133e-01 6.847541969138467577e-01 2.992508071920092494e-01 2.992680907777459653e-01 4.791846392185906793e-03 4.792123150964716985e-03
3.034999999999990905e+01 6.847764328036495263e-01 6.849523938401382850e-01 2.992803455689290182e-01 2.993572490330149716e-01 4.786570900742577288e-03 4.787800864182577103e-03
3.039999999999990976e+01 6.848184643304574548e-01 6.850206609852661499e-01 2.993017571078433470e-01 2.993901277012454010e-01 4.781178228559808743e-03 4.782589899380927656e-03
3.044999999999991047e+01 6.848271203047738842e-01 6.849074191840849313e-01 2.993065808759461932e-01 2.993416758397731137e-01 4.775533799376893880e-03 4.776093750933765175e-03
3.049999999999990763e+01 6.848013395654887203e-01 6.848414046194416516e-01 2.992940350437622854e-01 2.993115455697630267e-01 4.769626056474310372e-03 4.769905108681493124e-03
3.054999999999990834e+01 6.847484265849587137e-01 6.849327817687609343e-01 2.992689506561592161e-01 2.993495229952293224e-01 4.763532839731951518e-03 4.764815328216951383e-03
3.059999999999990905e+01 6.846809266976444652e-01 6.850075420069281495e-01 2.992384794043828622e-01 2.993812259958085198e-01 4.757368511993378783e-03 4.759637933160717690e-03
3.064999999999990976e+01 6.846181389309854426e-01 6.849416318625698441e-01 2.992113348040321696e-01 2.993527169064844617e-01 4.751271692005285159e-03 4.753516743255023665e-03
3.069999999999991047e+01 6.845781722954820125e-01 6.848365179167122951e-01 2.991946440602460955e-01 2.993075539211160763e-01 4.745355179385356108e-03 4.747145978130320153e-03
3.074999999999990763e+01 6.845667859673202349e-01 6.847792092633654404e-01 2.991903047193598120e-01 2.992831444421977238e-01 4.739648391593829363e-03 4.741119119876410250e-03
3.079999999999990834e+01 6.845823241759571021e-01 6.847299470266062782e-01 2.991976636312801974e-01 2.992621824049221946e-01 4.734140247330392674e-03 4.735161114001943186e-03
3.084999999999990905e+01 6.846254990235871585e-01 6.847008883171336047e-01 2.992171461319669268e-01 2.992500951957923760e-01 4.728836762259464033e-03 4.729357490253544363e-03
3.089999999999990621e+01 6.846912702199746681e-01 6.847704759232685623e-01 2.992460528214795357e-01 2.992806698745990035e-01 4.723694598602687020e-03 4.724241039851613012e-03
3.094999999999990692e+01 6.847585667791714625e-01 6.849004867719676870e-01 2.992745030984820254e-01 2.993365293912286784e-01 4.718557400054911033e-03 4.719535347122260152e-03
3.099999999999990763e+01 6.848042735075153820e-01 6.849726932720020534e-01 2.992926835735605362e-01 2.993662911797483339e-01 4.713270607457656532e-03 4.714429782358251983e-03
3.104999999999990834e+01 6.848225152846258990e-01 6.849770355306032954e-01 2.992995681026886512e-01 2.993671006996052597e-01 4.707818609558620492e-03 4.708880860394901516e-03
3.109999999999990905e+01 6.848178023419226879e-01 6.849714138140939879e-01 2.992985850510151424e-01 2.993657207126629860e-01 4.702255853118865285e-03 4.703310616066985229e-03
3.114999999999990621e+01 6.847888338819898557e-01 6.849494796057233881e-01 2.992887749339303571e-01 2.993589855732919913e-01 4.696567672560706362e-03 4.697669447992038234e-03
3.119999999999990692e+01 6.847347819442105576e-01 6.849137881157940644e-01 2.992674041459677525e-01 2.993456398566524124e-01 4.690711663729912363e-03 4.691937928787665892e-03
3.124999999999990763e+01 6.846696884527390115e-01 6.849292355776125385e-01 2.992383249629377850e-01 2.993517613370112462e-01 4.684748727404124645e-03 4.686524639326996797e-03
3.129999999999990479e+01 6.846155937883018350e-01 6.849640850192284525e-01 2.992113829045278672e-01 2.993636910670671725e-01 4.678833196317881520e-03 4.681214872041716997e-03
3.134999999999990550e+01 6.845863640599844091e-01 6.848819279613510558e-01 2.991955358619264871e-01 2.993247107980534505e-01 4.673104816273754292e-03 4.675122386537353646e-03
3.139999999999990621e+01 6.845868595656598998e-01 6.847085633988663211e-01 2.991959347953898618e-01 2.992491249664186448e-01 4.667643288539633992e-03 4.668473088399677576e-03
3.144999999999990692e+01 6.846180165514478277e-01 6.846532275241801191e-01 2.992131676625069403e-01 2.992285566625522142e-01 4.662456839306701982e-03 4.662696636736313009e-03
3.149999999999990763e+01 6.846724020856554960e-01 6.847629246739974640e-01 2.992409156448097018e-01 2.992804791822613053e-01 4.657446157895881247e-03 4.658061932797851780e-03
3.154999999999990479e+01 6.847327931892003283e-01 6.848471599853958036e-01 2.992680992545051488e-01 2.993180842034599554e-01 4.652438387166821232e-03 4.653215455941867203e-03
3.159999999999990550e+01 6.847830509418898481e-01 6.848344135579331748e-01 2.992869980020973486e-01 2.993094462258727440e-01 4.647313633572950319e-03 4.647662208476294708e-03
3.164999999999990621e+01 6.848147809876040659e-01 6.848794314350271639e-01 2.992968491263916508e-01 2.993251044674641870e-01 4.642060475011901277e-03 4.642498712174716879e-03
3.169999999999990337e+01 6.848227591202593612e-01 6.850267790809841939e-01 2.992991392062628320e-01 2.993883053413139983e-01 4.636702388942889538e-03 4.638083738827492551e-03
3.174999999999990408e+01 6.848047002020434260e-01 6.850982886707672748e-01 2.992939938970311520e-01 2.994223067800189098e-01 4.631241685060453160e-03 4.633227184216937022e-03
3.179999999999990479e+01 6.847666979831757983e-01 6.850081082718404435e-01 2.992816066763988037e-01 2.993871165665155099e-01 4.625681710608955770e-03 4.627312466252181573e-03
3.184999999999990550e+01 6.847191169895577856e-01 6.848885814577900799e-01 2.992628745618789443e-01 2.993369405878463230e-01 4.620036658616434935e-03 4.621180093984514521e-03
3.189999999999990621e+01 6.846689404894508169e-01 6.848365731972616555e-01 2.992394208634658881e-01 2.993126859284288566e-01 4.614331856028782743e-03 4.615461618017418013e-03
3.194999999999990337e+01 6.846254057092555634e-01 6.848061135500298491e-01 2.992171448367740849e-01 2.992961236238819156e-01 4.608658372534073754e-03 4.609874834407124908e-03
3.199999999999990408e+01 6.846058866770927676e-01 6.847800151835312654e-01 2.992067899914298001e-01 2.992828928010482503e-01 4.603181384483545288e-03 4.604352196939213993e-03
3.204999999999990479e+01 6.846218210006403959e-01 6.848008897658545147e-01 2.992148468571818043e-01 2.992931090911873371e-01 4.597999951704685728e-03 4.599202598404733035e-03
3.209999999999990195e+01 6.846638664219711901e-01 6.848391033016567597e-01 2.992360104902036522e-01 2.993125987071952876e-01 4.593031626864226349e-03 4.594207194277759136e-03
3.214999999999990621e+01 6.847133150286411896e-01 6.848401564851732681e-01 2.992597119342746970e-01 2.993151490594334607e-01 4.588113636401308822e-03 4.588963573161121585e-03
3.219999999999990337e+01 6.847609813457562478e-01 6.848501344743039843e-01 2.992806741873327292e-01 2.993196393286660095e-01 4.583164995211843305e-03 4.583761704880041053e-03
3.224999999999990052e+01 6.848029100279762194e-01 6.849200713226011317e-01 2.992978320878727505e-01 2.993490382392666183e-01 4.578169515684488156e-03 4.578952783774643126e-03
3.229999999999990479e+01 6.848277345767166402e-01 6.849896613512057586e-01 2.993076792072926207e-01 2.993784501831553424e-01 4.573073784679805055e-03 4.574155083012314792e-03
3.234999999999990195e+01 6.848240300176395845e-01 6.850075917059036401e-01 2.993059635066225299e-01 2.993861901131090741e-01 4.567813254584100757e-03 4.569037620955509853e-03
3.239999999999990621e+01 6.847943778158365191e-01 6.850138744615081876e-01 2.992935131032561369e-01 2.993894454361222257e-01 4.562401114378914976e-03 4.563863497501873499e-03
3.244999999999990337e+01 6.847508605762714362e-01 6.849942910517912154e-01 2.992751166117961770e-01 2.993815095908232138e-01 4.556910797286590868e-03 4.558530789353998705e-03
3.249999999999990052e+01 6.847033512779797659e-01 6.848644010797113602e-01 2.992550975530747781e-01 2.993254856620830573e-01 4.551408327803428341e-03 4.552478869385303759e-03
3.254999999999989768e+01 6.846606574370566189e-01 6.846913724893136655e-01 2.992374865226266056e-01 2.992509108298888609e-01 4.545954979455029722e-03 4.546158918798170155e-03
3.259999999999990195e+01 6.846342344332078111e-01 6.846753555947793224e-01 2.992268990106607962e-01 2.992448714652093944e-01 4.540620622316562417e-03 4.540893345450836179e-03
3.264999999999990621e+01 6.846316505784609818e-01 6.848210264530850688e-01 2.992257484597699024e-01 2.993085172563582086e-01 4.535441431750974681e-03 4.536695979634086835e-03
3.269999999999990337e+01 6.846520325237589466e-01 6.849048145606453364e-01 2.992333262172268693e-01 2.993438068790992279e-01 4.530406150147275532e-03 4.532078832386069074e-03
3.274999999999990052e+01 6.846910797954952610e-01 6.848435864365562953e-01 2.992488200900024209e-01 2.993154741384340678e-01 4.525502005141823422e-03 4.526510005874249086e-03
3.279999999999989768e+01 6.847423012734090708e-01 6.848042685873361179e-01 2.992711792634146217e-01 2.992982624903165467e-01 4.520712677695095001e-03 4.521121789883945918e-03
3.284999999999990195e+01 6.847924724618752457e-01 6.848827783714780404e-01 2.992953152058808186e-01 2.993347842958116178e-01 4.515960998957095282e-03 4.516556534074874299e-03
3.289999999999989910e+01 6.848261965026350984e-01 6.849699409165872499e-01 2.993130214254843269e-01 2.993758469643915676e-01 4.511123156375056696e-03 4.512070037142309163e-03
3.294999999999990337e+01 6.848362395497231692e-01 6.849937481909956771e-01 2.993185733540517646e-01 2.993874150114786969e-01 4.506113260881481307e-03 4.507149642626712485e-03
3.299999999999990052e+01 6.848224388631423132e-01 6.850172327862459332e-01 2.993107077047781894e-01 2.993958449661645593e-01 4.500912897816223418e-03 4.502193157385942640e-03
3.304999999999989768e+01 6.847856192253327645e-01 6.850536328181646706e-01 2.992913709439610770e-01 2.994085085610170838e-01 4.495551948088047714e-03 4.497311431633762950e-03
3.309999999999990195e+01 6.847330990520292815e-01 6.850285262851221191e-01 2.992668698337828115e-01 2.993959881478145402e-01 4.490125578901477295e-03 4.492062837926709580e-03
3.314999999999989910e+01 6.846835650372495863e-01 6.849393939600781911e-01 2.992470894954660787e-01 2.993589018193986151e-01 4.484782158043713191e-03 4.486457876648921109e-03
3.319999999999990337e+01 6.846535280489070008e-01 6.848516585382413702e-01 2.992378151444260448e-01 2.993244109659810581e-01 4.479608011144112049e-03 4.480904355778169042e-03
3.324999999999990052e+01 6.846438149477778179e-01 6.847707190859200210e-01 2.992360552921730088e-01 2.992915210582675067e-01 4.474557836144652315e-03 4.475387230777841223e-03
3.329999999999989768e+01 6.846492379473589907e-01 6.846861454799071378e-01 2.992373920485131844e-01 2.992535231024522346e-01 4.469565228506554820e-03 4.469806170312964032e-03
3.334999999999989484e+01 6.846725231930076427e-01 6.846572298423156955e-01 2.992440956047512923e-01 2.992374114678222341e-01 4.464663865792644834e-03 4.464564139766101329e-03
3.339999999999989910e+01 6.847161876991031404e-01 6.847088659908323605e-01 2.992605376980573828e-01 2.992573376884865022e-01 4.459918594605932415e-03 4.459870904448393243e-03
3.344999999999990337e+01 6.847687255209256030e-01 6.847668299287489324e-01 2.992840781229328950e-01 2.992832496380212204e-01 4.455289588729937494e-03 4.455277255497162164e-03
3.349999999999990052e+01 6.848113742887096400e-01 6.848096547334397988e-01 2.993058790171880812e-01 2.993051274627880343e-01 4.450645041147787903e-03 4.450633865617675475e-03
3.354999999999989768e+01 6.848330573200485105e-01 6.849146632577766125e-01 2.993182092136974504e-01 2.993538765093702869e-01 4.445870170274016445e-03 4.446399948152558387e-03
3.359999999999989484e+01 6.848309765308108199e-01 6.850661129129942406e-01 2.993174890573124802e-01 2.994202595713708615e-01 4.440912300553608895e-03 4.442437085628658279e-03
3.364999999999989910e+01 6.848053350739515821e-01 6.851316464873692391e-01 2.993040301965745886e-01 2.994466492974092731e-01 4.435776660934794523e-03 4.437890319339161775e-03
3.369999999999989626e+01 6.847621850571012914e-01 6.850998188421046908e-01 2.992827591524098718e-01 2.994303256696094762e-01 4.430536775017181184e-03 4.432721327455368954e-03
3.374999999999990052e+01 6.847145458277065222e-01 6.850947687195496627e-01 2.992613984713505815e-01 2.994275787212622442e-01 4.425307186267670410e-03 4.427764565194275762e-03
3.379999999999989768e+01 6.846745045865075818e-01 6.851028650266570708e-01 2.992452951356359137e-01 2.994325152606417406e-01 4.420166840999063471e-03 4.422932278591468550e-03
3.384999999999989484e+01 6.846492413109610542e-01 6.849645195513919260e-01 2.992360423872457709e-01 2.993738393893087268e-01 4.415138950752438458e-03 4.417172104600655853e-03
3.389999999999989910e+01 6.846446984076124398e-01 6.846928191324040958e-01 2.992348025519877552e-01 2.992558344764518763e-01 4.410240273426505563e-03 4.410550250205637519e-03
3.394999999999989626e+01 6.846636322183979884e-01 6.845158564608940788e-01 2.992426394137680523e-01 2.991780517744719869e-01 4.405486042160747240e-03 4.404535175185464446e-03
3.399999999999990052e+01 6.846996079367690946e-01 6.845460457860147452e-01 2.992575464157197773e-01 2.991904299285415014e-01 4.400846270819418031e-03 4.399859263655030855e-03
3.404999999999989768e+01 6.847414921381873576e-01 6.846659512195722996e-01 2.992752971633376724e-01 2.992422810088821716e-01 4.396258496707137337e-03 4.395773499946865545e-03
3.409999999999989484e+01 6.847820557984932721e-01 6.847702021842426712e-01 2.992927143172476878e-01 2.992875335442506390e-01 4.391675925418172047e-03 4.391599905271479677e-03
3.414999999999989200e+01 6.848145156612103213e-01 6.848749828041552634e-01 2.993066594772419986e-01 2.993330873904200828e-01 4.387052539058156411e-03 4.387439903120861871e-03
3.419999999999989626e+01 6.848271974855778543e-01 6.849801293541369906e-01 2.993122877382270453e-01 2.993791285231938160e-01 4.382317536430859958e-03 4.383296171642672365e-03
3.424999999999990052e+01 6.848131727576292072e-01 6.850435032121526824e-01 2.993069874119385076e-01 2.994076564954127884e-01 4.377433088291614489e-03 4.378905396642244000e-03
3.429999999999989768e+01 6.847799578579706337e-01 6.850801563168550379e-01 2.992937768391165099e-01 2.994249832646693754e-01 4.372443781433413799e-03 4.374360602843974273e-03
3.434999999999989484e+01 6.847398105600760454e-01 6.851130830621141587e-01 2.992768819750675213e-01 2.994400269080977894e-01 4.367411630427846941e-03 4.369792439373929548e-03
3.439999999999989200e+01 6.846977482724162511e-01 6.850848527222535012e-01 2.992575204059688687e-01 2.994267102683405568e-01 4.362354524868361158e-03 4.364820849392729921e-03
3.444999999999989626e+01 6.846588008388447832e-01 6.849608819073482735e-01 2.992383501346800312e-01 2.993703782929906243e-01 4.357311250596006616e-03 4.359233757451639289e-03
3.449999999999989342e+01 6.846370403550848804e-01 6.848176937784798968e-01 2.992273975510322259e-01 2.993063539185012445e-01 4.352398509833205545e-03 4.353546966087301108e-03
3.454999999999989768e+01 6.846443543756389749e-01 6.847155377336422433e-01 2.992314820882471249e-01 2.992625935720112373e-01 4.347714959509594093e-03 4.348166997050663049e-03
3.459999999999989484e+01 6.846763981060014492e-01 6.846286950549516082e-01 2.992482941306728872e-01 2.992274447824392336e-01 4.343226329908180146e-03 4.342923726885920648e-03
3.464999999999989200e+01 6.847189878321250367e-01 6.845844302332612097e-01 2.992692439582625985e-01 2.992104330422570291e-01 4.338807451370254621e-03 4.337954810326317100e-03
3.469999999999989626e+01 6.847614939411128532e-01 6.846746532359693216e-01 2.992874464091437314e-01 2.992494911019064618e-01 4.334358383912301216e-03 4.333808705313644052e-03
3.474999999999989342e+01 6.847969146274526242e-01 6.848555822055746312e-01 2.993000027610006608e-01 2.993256442408596119e-01 4.329837291298392100e-03 4.330208234949154203e-03
3.479999999999989768e+01 6.848175021612855629e-01 6.849596009610369185e-01 2.993061554842174621e-01 2.993682611478698519e-01 4.325233460754597178e-03 4.326130941443215132e-03
3.484999999999989484e+01 6.848182919599367091e-01 6.849644501618744608e-01 2.993064553185847965e-01 2.993703351737979634e-01 4.320555111058613923e-03 4.321477230946209856e-03
3.489999999999989200e+01 6.847996827864492042e-01 6.850076685046518898e-01 2.993012850309140216e-01 2.993921880997835183e-01 4.315808003329700202e-03 4.317118790191553680e-03
3.494999999999988916e+01 6.847639445744864162e-01 6.850979381162702886e-01 2.992890586888324878e-01 2.994350368956593123e-01 4.310969516583841241e-03 4.313072191511127529e-03
3.499999999999989342e+01 6.847163132923578255e-01 6.850828546718615852e-01 2.992690896082157437e-01 2.994292939188453184e-01 4.306030066305271790e-03 4.308335164299942517e-03
3.504999999999989768e+01 6.846696749338864185e-01 6.849388779316616382e-01 2.992464119061979400e-01 2.993640716100053334e-01 4.301062334260849496e-03 4.302753454689270049e-03
3.509999999999989484e+01 6.846391809793610506e-01 6.848210734402209177e-01 2.992299247317560251e-01 2.993094230556681001e-01 4.296194181360469752e-03 4.297335578688712618e-03
3.514999999999989200e+01 6.846318322676836488e-01 6.847913872795540202e-01 2.992256388620194718e-01 2.992953740804396023e-01 4.291511493180640881e-03 4.292511639733815991e-03
3.519999999999988916e+01 6.846473936697288210e-01 6.847512509667560421e-01 2.992343564057713401e-01 2.992797486349996205e-01 4.287025163406475714e-03 4.287675481876794883e-03
3.524999999999989342e+01 6.846842232455521149e-01 6.846639853753626603e-01 2.992535570094598807e-01 2.992447116842210653e-01 4.282698490296394343e-03 4.282571902457556375e-03
3.529999999999989058e+01 6.847348642718151801e-01 6.846168563637285986e-01 2.992773384733073971e-01 2.992257607101559413e-01 4.278446582892181556e-03 4.277709231024398595e-03
3.534999999999989484e+01 6.847822089342585627e-01 6.846596539233967826e-01 2.992971814000617847e-01 2.992436163850266118e-01 4.274147538737058279e-03 4.273382597429879921e-03
3.539999999999989200e+01 6.848112961731580572e-01 6.847662915864045630e-01 2.993077986832196613e-01 2.992881287042530314e-01 4.269726086779177324e-03 4.269445487935145597e-03
3.544999999999988916e+01 6.848203966945053400e-01 6.849192208627237211e-01 2.993105182717121782e-01 2.993537107834276512e-01 4.265201542881551060e-03 4.265817040020354091e-03
3.549999999999989342e+01 6.848126856872994717e-01 6.850784769341667912e-01 2.993076819809556977e-01 2.994238500421692040e-01 4.260607572682652625e-03 4.262261210564695715e-03
3.554999999999989058e+01 6.847859311649951986e-01 6.851455376106189155e-01 2.992975750492942177e-01 2.994547472869950600e-01 4.255920014920653097e-03 4.258154956089523629e-03
3.559999999999989484e+01 6.847407791884795314e-01 6.850890175465059739e-01 2.992791281606854703e-01 2.994313324332362747e-01 4.251123979555201590e-03 4.253285972063025437e-03
3.564999999999989200e+01 6.846907797408400276e-01 6.850003251574331431e-01 2.992576358574614570e-01 2.993929287988900123e-01 4.246294939446075035e-03 4.248214669015830738e-03
3.569999999999988916e+01 6.846531749349906715e-01 6.849331676118126655e-01 2.992409796808023215e-01 2.993633559232313779e-01 4.241544715532289539e-03 4.243279318543331444e-03
3.574999999999988631e+01 6.846355367702404715e-01 6.848378339762590805e-01 2.992330134144211007e-01 2.993214312649578046e-01 4.236927623567034520e-03 4.238179557733925788e-03
3.579999999999989058e+01 6.846382976480057669e-01 6.847199322376182895e-01 2.992340152851358237e-01 2.992696952144062728e-01 4.232447175178734658e-03 4.232951841787934918e-03
3.584999999999989484e+01 6.846617977213346196e-01 6.846709020625222353e-01 2.992439882438759913e-01 2.992479674630705855e-01 4.228102977659861129e-03 4.228159201173737822e-03
3.589999999999989200e+01 6.847028363673882678e-01 6.846858988544052282e-01 2.992617565825879122e-01 2.992543537362460926e-01 4.223878003988547694e-03 4.223773517801648024e-03
3.594999999999988916e+01 6.847508033358082891e-01 6.846675888125228759e-01 2.992832690120694750e-01 2.992468985332955578e-01 4.219714755193093234e-03 4.219201953236464270e-03
3.599999999999988631e+01 6.847930111414548549e-01 6.846476693300300731e-01 2.993031392776314137e-01 2.992396145924783868e-01 4.215537172924396260e-03 4.214642459049001283e-03
3.604999999999989058e+01 6.848194308151716037e-01 6.847636860339432197e-01 2.993161248572545619e-01 2.992917603150884176e-01 4.211271542135143139e-03 4.210928741682576533e-03
3.609999999999988773e+01 6.848223358934094618e-01 6.849851412002276874e-01 2.993175387225044393e-01 2.993886965705676584e-01 4.206852265952285876e-03 4.207852376255353036e-03
3.614999999999989200e+01 6.847998576891152211e-01 6.851116458790592612e-01 2.993061893488355718e-01 2.994424629388025005e-01 4.202263100720761944e-03 4.204176383837180363e-03
3.619999999999988916e+01 6.847606205843993488e-01 6.850710808696692800e-01 2.992871298318877660e-01 2.994228221671536572e-01 4.197575453462670456e-03 4.199478571769344956e-03
3.624999999999988631e+01 6.847176593993645755e-01 6.849849886614742811e-01 2.992680288884386197e-01 2.993848698961700805e-01 4.192897077246085513e-03 4.194534079105720001e-03
3.629999999999989058e+01 6.846790980562394990e-01 6.849305407499686194e-01 2.992531673484939425e-01 2.993630655807003604e-01 4.188287856521968541e-03 4.189825970338713346e-03
3.634999999999988773e+01 6.846506399283495137e-01 6.848644374562731230e-01 2.992435722483541838e-01 2.993370177697085577e-01 4.183761932867596789e-03 4.185068406427253085e-03
3.639999999999989200e+01 6.846409341320824904e-01 6.847801947376880305e-01 2.992405445479604520e-01 2.993014121025835417e-01 4.179337214356999147e-03 4.180187319868494678e-03
3.644999999999988916e+01 6.846547715427923064e-01 6.847367401910594564e-01 2.992450321292344784e-01 2.992808585220441131e-01 4.175026608011651527e-03 4.175526453045619833e-03
3.649999999999988631e+01 6.846858733163813104e-01 6.847424690197762009e-01 2.992556990213548485e-01 2.992804353091053082e-01 4.170811136186140453e-03 4.171155892809840122e-03
3.654999999999988347e+01 6.847246341481467713e-01 6.847667089134821250e-01 2.992711032356203393e-01 2.992894927615878942e-01 4.166670424443036196e-03 4.166926456826852004e-03
3.659999999999988773e+01 6.847664471227907779e-01 6.848167336831155749e-01 2.992907582444749304e-01 2.993127369831125595e-01 4.162597472106754383e-03 4.162903156927861247e-03
3.664999999999989200e+01 6.848047472107064992e-01 6.848837129741313090e-01 2.993106293630801717e-01 2.993451432773674981e-01 4.158536010602026205e-03 4.159015537024913535e-03
3.669999999999988916e+01 6.848251107209469835e-01 6.849052479169758234e-01 2.993216442548178868e-01 2.993566704197552220e-01 4.154360086812193889e-03 4.154846223730130142e-03
3.674999999999988631e+01 6.848169913022569277e-01 6.848779397327026119e-01 2.993174155695391692e-01 2.993440546963653803e-01 4.149981498364504681e-03 4.150350845010274993e-03
3.679999999999988347e+01 6.847854685909280370e-01 6.848804216918017440e-01 2.993009731840492460e-01 2.993424745838333401e-01 4.145442841884348743e-03 4.146017653515707800e-03
3.684999999999988773e+01 6.847440537304478880e-01 6.849150807051649359e-01 2.992807424286774154e-01 2.993554931033124422e-01 4.140861188912875815e-03 4.141895442453312308e-03
3.689999999999988489e+01 6.847026885622128356e-01 6.848894763353532422e-01 2.992628991978033559e-01 2.993445385011951343e-01 4.136322034523898933e-03 4.137450428489231058e-03
3.694999999999988916e+01 6.846684212593519003e-01 6.848051750537715865e-01 2.992500891860024881e-01 2.993098605788488964e-01 4.131861776817440796e-03 4.132687063567131933e-03
3.699999999999988631e+01 6.846492955492171628e-01 6.847735964691743504e-01 2.992437727626225952e-01 2.992981017110165620e-01 4.127500313967217768e-03 4.128249678772652302e-03
3.704999999999988347e+01 6.846503941674000338e-01 6.848094789792038561e-01 2.992445257276277193e-01 2.993140579435794590e-01 4.123245273546379333e-03 4.124203347483020553e-03
3.709999999999988773e+01 6.846707529453190944e-01 6.848189935217888769e-01 2.992520607110814579e-01 2.993168528725674848e-01 4.119092370420951270e-03 4.119984210221172213e-03
3.714999999999988489e+01 6.847064035416781103e-01 6.848092225607705918e-01 2.992660994507678751e-01 2.993110387804338579e-01 4.115037462368767614e-03 4.115655397462145842e-03
3.719999999999988916e+01 6.847505556062399856e-01 6.848790042140227019e-01 2.992849063763174389e-01 2.993410475933484527e-01 4.111056406268106048e-03 4.111827576831718865e-03
3.724999999999988631e+01 6.847912572408590970e-01 6.849920422730955138e-01 2.993032791213798838e-01 2.993910366940875090e-01 4.107077586571260090e-03 4.108281807122994393e-03
3.729999999999988347e+01 6.848166909155165571e-01 6.849968879682559741e-01 2.993152380795597312e-01 2.993939974387538339e-01 4.103019027821254265e-03 4.104098662628575742e-03
3.734999999999988773e+01 6.848226915985698993e-01 6.848832064805939757e-01 2.993183363070800462e-01 2.993447858012797669e-01 4.098847467402680009e-03 4.099209665200690897e-03
3.739999999999988489e+01 6.848099091687821494e-01 6.847980584155851647e-01 2.993128758670504652e-01 2.993076962062817259e-01 4.094567385322177289e-03 4.094496528129719197e-03
3.744999999999988205e+01 6.847785984719351182e-01 6.848084637419340481e-01 2.992991993541603835e-01 2.993122526993132748e-01 4.090183797118703349e-03 4.090362182429982743e-03
3.749999999999988631e+01 6.847339701419355995e-01 6.848431007608799526e-01 2.992794943280432385e-01 2.993271924967884079e-01 4.085726885024490787e-03 4.086378054563673777e-03
3.754999999999988347e+01 6.846907219165082603e-01 6.848484501799559920e-01 2.992599342138855256e-01 2.993288730036662848e-01 4.081281066674207793e-03 4.082221247919086762e-03
3.759999999999988063e+01 6.846629913907896769e-01 6.848330188795896944e-01 2.992469147237561966e-01 2.993212289514586288e-01 4.076933443102955835e-03 4.077945898521244741e-03
3.764999999999988489e+01 6.846543000535103562e-01 6.847985233428995899e-01 2.992428025508572231e-01 2.993058384235692815e-01 4.072715924475779972e-03 4.073573847207485193e-03
3.769999999999988205e+01 6.846633957936527626e-01 6.847639253515217517e-01 2.992477030013998007e-01 2.992916417302129428e-01 4.068629544546573454e-03 4.069226943986588990e-03
3.774999999999988631e+01 6.846912911827863768e-01 6.847887384240716191e-01 2.992615873312263197e-01 2.993041791043123956e-01 4.064673512138907222e-03 4.065252008207987343e-03
3.779999999999988347e+01 6.847341047049925189e-01 6.848705725070569628e-01 2.992812748809479118e-01 2.993409217679678935e-01 4.060804272468774428e-03 4.061613592509750841e-03
3.784999999999988063e+01 6.847773860042487559e-01 6.849217443074646638e-01 2.992993036430566800e-01 2.993623990964269233e-01 4.056920415358283676e-03 4.057775657016979461e-03
3.789999999999988489e+01 6.848069167119519296e-01 6.849168601663294664e-01 2.993099749043059976e-01 2.993580281172154578e-01 4.052944819286482571e-03 4.053595505988031970e-03
3.794999999999988205e+01 6.848193933322671567e-01 6.849241932484254614e-01 2.993138255309591989e-01 2.993596304017412946e-01 4.048885025782345340e-03 4.049504638508514935e-03
3.799999999999988631e+01 6.848168981369749941e-01 6.849460290730957635e-01 2.993134233820284873e-01 2.993698627348831964e-01 4.044775991649042848e-03 4.045538685606538988e-03
3.804999999999988347e+01 6.847989759796575537e-01 6.849051102745717934e-01 2.993081943624078534e-01 2.993545829600620101e-01 4.040610116266062785e-03 4.041236354506415676e-03
3.809999999999988063e+01 6.847665778554747895e-01 6.848223329784665081e-01 2.992963000368582538e-01 2.993206693658517770e-01 4.036362778649480766e-03 4.036691427725590427e-03
3.814999999999988489e+01 6.847272749146481319e-01 6.848076062149668353e-01 2.992789636865745839e-01 2.993140746996622026e-01 4.032050706454366057e-03 4.032523741322504782e-03
3.819999999999988205e+01 6.846917315974175855e-01 6.848514447202491695e-01 2.992609498704087434e-01 2.993307563229181678e-01 4.027738221674420464e-03 4.028677743242514882e-03
3.824999999999987921e+01 6.846694886400707114e-01 6.848379422651014181e-01 2.992487136077068843e-01 2.993223396877782161e-01 4.023512115733884204e-03 4.024502046222237957e-03
3.829999999999988347e+01 6.846681043564427638e-01 6.847730273272157886e-01 2.992479137385950505e-01 2.992937724253182941e-01 4.019448136179930298e-03 4.020064102422014722e-03
3.834999999999988063e+01 6.846889424853723760e-01 6.847784546601936029e-01 2.992593687052609308e-01 2.992984921016914601e-01 4.015556775649267024e-03 4.016081745745618374e-03
3.839999999999987779e+01 6.847234747159952617e-01 6.848598498195430651e-01 2.992772603175224422e-01 2.993368668139730904e-01 4.011759521682615667e-03 4.012558536380345792e-03
3.844999999999988205e+01 6.847599000013201431e-01 6.849015702941773087e-01 2.992940212893983043e-01 2.993559423680806075e-01 4.007954754461319144e-03 4.008783962076750002e-03
3.849999999999987921e+01 6.847916844911399181e-01 6.848841182254822302e-01 2.993062816989804364e-01 2.993466823024867329e-01 4.004097414033193011e-03 4.004637890334280387e-03
3.854999999999988347e+01 6.848146583658143438e-01 6.848970509333562884e-01 2.993139418920967021e-01 2.993499534521185668e-01 4.000186326656831985e-03 4.000667603770388138e-03
3.859999999999988063e+01 6.848219240921383788e-01 6.849506543935007796e-01 2.993162116688322660e-01 2.993724760271643248e-01 3.996211103722736510e-03 3.996962296757877557e-03
3.864999999999987779e+01 6.848100070712740406e-01 6.849615300296986176e-01 2.993122650256083706e-01 2.993784916861728096e-01 3.992160920648336886e-03 3.993044237228056056e-03
3.869999999999988205e+01 6.847849433385478912e-01 6.849023776051464951e-01 2.993034780297325614e-01 2.993548058002607481e-01 3.988054337504773686e-03 3.988738251835595265e-03
3.874999999999987921e+01 6.847549968391910546e-01 6.848188158978228968e-01 2.992916423501442713e-01 2.993195362844117691e-01 3.983915372381297872e-03 3.984286672671048281e-03
3.879999999999988347e+01 6.847235108345528509e-01 6.847457861930095202e-01 2.992775207976006158e-01 2.992872568647113596e-01 3.979754265925550087e-03 3.979883734903086334e-03
3.884999999999988063e+01 6.846953455688520318e-01 6.847171976942305616e-01 2.992640250572020655e-01 2.992735761006539708e-01 3.975609764957858082e-03 3.975736646969839361e-03
3.889999999999987779e+01 6.846817353798609895e-01 6.847737748425901660e-01 2.992573084292703411e-01 2.992975365826769929e-01 3.971563482803862864e-03 3.972097366724322738e-03
3.894999999999988205e+01 6.846900591597515628e-01 6.848752628682824861e-01 2.992611077767771688e-01 2.993420557418277062e-01 3.967664670557214009e-03 3.968737895151851040e-03
3.899999999999987921e+01 6.847151093210691597e-01 6.849166569625357859e-01 2.992727502840865084e-01 2.993608419825957156e-01 3.963877487206453332e-03 3.965044264670151281e-03
3.904999999999987637e+01 6.847468028510242943e-01 6.848905656425861022e-01 2.992872524977050475e-01 2.993500879439149331e-01 3.960135659910099699e-03 3.960967091550323012e-03
3.909999999999988063e+01 6.847794829512401371e-01 6.848946896196465017e-01 2.993020029580715224e-01 2.993523572509010355e-01 3.956404533484100816e-03 3.957070155332475213e-03
3.914999999999987779e+01 6.848084527097185736e-01 6.849458503908961715e-01 2.993150908743805738e-01 2.993751444547136931e-01 3.952658842844255713e-03 3.953451891115409948e-03
3.919999999999987494e+01 6.848255305291122141e-01 6.849572887589274739e-01 2.993228450168645693e-01 2.993804337696849283e-01 3.948850198111679248e-03 3.949609944191103533e-03
3.924999999999987921e+01 6.848244943168538823e-01 6.849182591830387246e-01 2.993221703362158870e-01 2.993631529580126349e-01 3.944937994546511909e-03 3.945478127947457843e-03
3.929999999999987637e+01 6.848062371834728879e-01 6.849042920145707036e-01 2.993133897619835171e-01 2.993562473212241226e-01 3.940926790809535889e-03 3.941491077303816218e-03
3.934999999999988063e+01 6.847762172632494426e-01 6.849022099074423275e-01 2.992995660864766760e-01 2.993546345055986269e-01 3.936857166543602897e-03 3.937581512733960218e-03
3.939999999999987779e+01 6.847420818952469901e-01 6.848292371600245287e-01 2.992849983252668933e-01 2.993230918848167610e-01 3.932785786140178402e-03 3.933286358538993881e-03
3.944999999999987494e+01 6.847135532164524419e-01 6.847252979040613363e-01 2.992741026927766557e-01 2.992792360523093276e-01 3.928770629376795304e-03 3.928838018409058601e-03
3.949999999999987921e+01 6.846979375583330807e-01 6.847186932588562591e-01 2.992689659231189125e-01 2.992780378608185243e-01 3.924838897352388514e-03 3.924957873584514374e-03
3.954999999999987637e+01 6.846958868025417866e-01 6.848060629863280679e-01 2.992683518530097064e-01 2.993165078965477344e-01 3.920974148090539645e-03 3.921605082168993714e-03
3.959999999999988063e+01 6.847060880809878736e-01 6.848619982703604281e-01 2.992712761158820012e-01 2.993394213275942795e-01 3.917163299946108297e-03 3.918055252978992070e-03
3.964999999999987779e+01 6.847298964432060320e-01 6.848502720836312507e-01 2.992796636121806131e-01 2.993322770315167691e-01 3.913431364657486700e-03 3.914119346603693421e-03
3.969999999999987494e+01 6.847650539154011007e-01 6.848462455954962280e-01 2.992945101462389790e-01 2.993299970975416002e-01 3.909791118827428934e-03 3.910254697551173234e-03
3.974999999999987921e+01 6.848002234661464405e-01 6.848795410090530167e-01 2.993115948143207916e-01 2.993462628232532730e-01 3.906187208017246424e-03 3.906639645327948142e-03
3.979999999999987637e+01 6.848232395838399489e-01 6.849132975659638634e-01 2.993242445186441447e-01 2.993636072854195529e-01 3.902532523059254986e-03 3.903045727319690537e-03
3.984999999999987352e+01 6.848302960001663164e-01 6.849386708652490663e-01 2.993285215103160812e-01 2.993758904545984478e-01 3.898775923286445285e-03 3.899392907256257756e-03
3.989999999999987779e+01 6.848219604502369107e-01 6.849629174541396193e-01 2.993236164833458224e-01 2.993852263069400887e-01 3.894907176100800578e-03 3.895708865412371869e-03
3.994999999999987494e+01 6.847979827596696323e-01 6.849620550968902322e-01 2.993106149928804749e-01 2.993823275174397613e-01 3.890940721389421139e-03 3.891872960902703973e-03
3.999999999999987210e+01 6.847629556723042743e-01 6.849348349452317741e-01 2.992938739574054763e-01 2.993689983680082323e-01 3.886933428018263161e-03 3.887909069714402810e-03
4.004999999999987637e+01 6.847294962330884305e-01 6.849180644629121462e-01 2.992802150582357656e-01 2.993626340874805392e-01 3.882973922260609528e-03 3.884043257703292083e-03
4.009999999999987352e+01 6.847082748175910005e-01 6.848941377933135399e-01 2.992733874502431224e-01 2.993546247368246149e-01 3.879110660404975781e-03 3.880163638844139323e-03
4.014999999999987779e+01 6.847003793331642996e-01 6.848057936333870055e-01 2.992716661911527520e-01 2.993177411083285389e-01 3.875321025460063892e-03 3.875917657602191441e-03
4.019999999999987494e+01 6.847038020178688456e-01 6.846958326457228683e-01 2.992727644584428637e-01 2.992692811770208960e-01 3.871575219384781105e-03 3.871530157529387301e-03
4.024999999999987210e+01 6.847198093713156020e-01 6.846792630151661285e-01 2.992778194639147404e-01 2.992600974338383013e-01 3.867887812134610838e-03 3.867658771358178666e-03
4.029999999999987637e+01 6.847478796734474127e-01 6.847549101382286452e-01 2.992884585297087563e-01 2.992915313935022859e-01 3.864279645315809881e-03 3.864319320768276264e-03
4.034999999999987352e+01 6.847808387931045848e-01 6.848126819643004515e-01 2.993028749181749770e-01 2.993167928787041632e-01 3.860727183723646969e-03 3.860906712398644303e-03
4.039999999999987779e+01 6.848091175163891764e-01 6.848319285727860750e-01 2.993166010138295086e-01 2.993265712780850407e-01 3.857172693477193062e-03 3.857301176263991296e-03
4.044999999999987494e+01 6.848253985301671065e-01 6.848886005336245475e-01 2.993250711192865232e-01 2.993526955973219161e-01 3.853557400956385357e-03 3.853913042772097106e-03
4.049999999999987210e+01 6.848249251773629309e-01 6.849739643859339422e-01 2.993251583289538997e-01 2.993903007953896411e-01 3.849841264681088792e-03 3.850679109908558464e-03
4.054999999999987637e+01 6.848076035524530703e-01 6.850007548488513676e-01 2.993169098651597970e-01 2.994013327729582175e-01 3.846025182976684897e-03 3.847109961746982432e-03
4.059999999999987352e+01 6.847799663318748786e-01 6.849759500155899739e-01 2.993039975880066317e-01 2.993896582423510866e-01 3.842156580077116333e-03 3.843256203367802822e-03
4.064999999999987068e+01 6.847500796951665469e-01 6.849775517533386315e-01 2.992905432904691132e-01 2.993899667704985612e-01 3.838288467976529086e-03 3.839563536652764158e-03
4.069999999999987494e+01 6.847224793216273309e-01 6.849828753128449632e-01 2.992784921934156239e-01 2.993923060698083782e-01 3.834445768013021796e-03 3.835903985519655349e-03
4.074999999999987210e+01 6.847020675396209288e-01 6.849026722171770443e-01 2.992697045592104255e-01 2.993573848882638000e-01 3.830652218357903302e-03 3.831774526569786503e-03
4.079999999999986926e+01 6.846970023038498887e-01 6.847585633740963518e-01 2.992677234467697733e-01 2.992946305915120675e-01 3.826952985252820086e-03 3.827297066387631841e-03
4.084999999999987352e+01 6.847107320429476340e-01 6.846650095884869724e-01 2.992742144759354961e-01 2.992542300489325902e-01 3.823369076664787439e-03 3.823113766195251721e-03
4.089999999999987068e+01 6.847362123190147143e-01 6.846691293301104819e-01 2.992859406319237081e-01 2.992566198583566095e-01 3.819858846610394831e-03 3.819484618485735009e-03
4.094999999999987494e+01 6.847640529861918068e-01 6.847345394831266807e-01 2.992982040422340617e-01 2.992853042142950004e-01 3.816362180965697081e-03 3.816197694794972329e-03
4.099999999999987210e+01 6.847905046720117461e-01 6.848253173425888907e-01 2.993089415589036406e-01 2.993241575169407476e-01 3.812852758712158025e-03 3.813046592572503276e-03
4.104999999999986926e+01 6.848122866477757142e-01 6.849048963402651902e-01 2.993171669523160272e-01 2.993576447172872079e-01 3.809318064935625359e-03 3.809833213073979784e-03
4.109999999999987352e+01 6.848216831008524519e-01 6.849306605424998473e-01 2.993206823577772013e-01 2.993683140303723400e-01 3.805730227053756229e-03 3.806335842725658888e-03
4.114999999999987068e+01 6.848138798443456077e-01 6.849238336211128653e-01 2.993181867396774720e-01 2.993662452940610841e-01 3.802072870621507703e-03 3.802683331775952042e-03
4.119999999999987494e+01 6.847929514716464272e-01 6.849486890785846382e-01 2.993108986598375099e-01 2.993789688159155249e-01 3.798361658119774487e-03 3.799225492587769443e-03
4.124999999999987210e+01 6.847654827199176619e-01 6.849849565632730730e-01 2.993000571341286609e-01 2.993959856461716473e-01 3.794612451779770870e-03 3.795828661124214191e-03
4.129999999999986926e+01 6.847350578811253197e-01 6.849488526655322929e-01 2.992860136168581375e-01 2.993794596702196165e-01 3.790829811486496389e-03 3.792013422042056579e-03
4.134999999999987352e+01 6.847071318134543283e-01 6.848553199039365547e-01 2.992716566094000274e-01 2.993364266304321397e-01 3.787050384174637987e-03 3.787869998486970754e-03
4.139999999999987068e+01 6.846915484247397821e-01 6.848029089641838318e-01 2.992632212838178818e-01 2.993118944620316579e-01 3.783352987153206209e-03 3.783968324425188070e-03
4.144999999999986784e+01 6.846949556436521256e-01 6.847959285652812644e-01 2.992652085968069420e-01 2.993093416551928510e-01 3.779794235513832777e-03 3.780351647050124789e-03
4.149999999999987210e+01 6.847153315246622407e-01 6.847566559721045554e-01 2.992764204125587524e-01 2.992944825650134533e-01 3.776358617193179869e-03 3.776586530788822796e-03
4.154999999999986926e+01 6.847456466577108714e-01 6.847049957006582366e-01 2.992917632388054638e-01 2.992739953323236834e-01 3.772981572503072197e-03 3.772757583767090070e-03
4.159999999999986642e+01 6.847777971688088217e-01 6.847374968551741548e-01 2.993058308049967309e-01 2.992882161584587974e-01 3.769594846410547363e-03 3.769372999476820318e-03
4.164999999999987068e+01 6.848033621240385838e-01 6.848398940778679389e-01 2.993149922957684117e-01 2.993309597428981395e-01 3.766152781324556310e-03 3.766353692895864878e-03
4.169999999999986784e+01 6.848167879043195461e-01 6.849058058602018884e-01 2.993187307993185886e-01 2.993576386386760380e-01 3.762649035817967804e-03 3.763138134992794360e-03
4.174999999999987210e+01 6.848177886826110061e-01 6.849209833225453625e-01 2.993188881822366199e-01 2.993639923039489448e-01 3.759106915946466149e-03 3.759673372734062199e-03
4.179999999999986926e+01 6.848069051243882432e-01 6.849525367357973682e-01 2.993159177291385697e-01 2.993795705035091625e-01 3.755532217429602328e-03 3.756330872064114063e-03
4.184999999999986642e+01 6.847826572526982680e-01 6.849889252602869849e-01 2.993075390222170729e-01 2.993976954668590151e-01 3.751896446533598082e-03 3.753026580593666478e-03
4.189999999999987068e+01 6.847481192498769964e-01 6.849601680737871234e-01 2.992932216423962455e-01 2.993859050304471525e-01 3.748193132653687872e-03 3.749353851351883062e-03
4.194999999999986784e+01 6.847148688581635723e-01 6.848804242302753975e-01 2.992776106600520958e-01 2.993499721910353184e-01 3.744480583797971454e-03 3.745385951717686377e-03
4.199999999999987210e+01 6.846941187723528666e-01 6.848233492178193993e-01 2.992668535255543771e-01 2.993233377098553083e-01 3.740835669069438821e-03 3.741541721373200461e-03
4.204999999999986926e+01 6.846886241903391568e-01 6.847996606294571853e-01 2.992637402142105385e-01 2.993122720269156822e-01 3.737293040452217135e-03 3.737899119911537987e-03
4.209999999999986642e+01 6.846975111269909542e-01 6.847747785206483861e-01 2.992683761727723546e-01 2.993021482941181644e-01 3.733853726422620926e-03 3.734275087886698360e-03
4.214999999999987068e+01 6.847213076046014812e-01 6.847479551383148788e-01 2.992801661696998794e-01 2.992918133584600016e-01 3.730510017696486019e-03 3.730655199232916445e-03
4.219999999999986784e+01 6.847560995097579095e-01 6.847295772632004951e-01 2.992962604121751635e-01 2.992846679499567841e-01 3.727226157063211979e-03 3.727081792652024023e-03
4.224999999999986500e+01 6.847900463352374345e-01 6.847185685846142178e-01 2.993110826779850075e-01 2.992798408644672392e-01 3.723932599415063702e-03 3.723543898780316830e-03
4.229999999999986926e+01 6.848123254446947250e-01 6.847521383018402297e-01 2.993203428514011888e-01 2.992940360289841895e-01 3.720576045387221070e-03 3.720249049459104038e-03
4.234999999999986642e+01 6.848203504966609012e-01 6.848704018137629079e-01 2.993234974346069555e-01 2.993453740264391261e-01 3.717149921572278012e-03 3.717421596106051940e-03
4.239999999999986358e+01 6.848148392543450536e-01 6.850048471866128086e-01 2.993210139518593937e-01 2.994040632137696667e-01 3.713660222727793378e-03 3.714690610592685013e-03
4.244999999999986784e+01 6.847952941611628042e-01 6.850347066092676851e-01 2.993125126374415190e-01 2.994171557943234863e-01 3.710102418809324738e-03 3.711399514029429473e-03
4.249999999999986500e+01 6.847646561890645689e-01 6.849659070985859577e-01 2.992992706482542342e-01 2.993872340819575539e-01 3.706492515767863347e-03 3.707581846216201869e-03
4.254999999999986926e+01 6.847319121998158842e-01 6.849083871259806777e-01 2.992854455769464739e-01 2.993625799648278463e-01 3.702882098075436883e-03 3.703836436310900884e-03
4.259999999999986642e+01 6.847062146588830389e-01 6.848856786968736676e-01 2.992750577804699219e-01 2.993534988829300580e-01 3.699320862552171046e-03 3.700290468268612864e-03
4.264999999999986358e+01 6.846926046655057441e-01 6.848323012266290810e-01 2.992697852138637149e-01 2.993308446726012928e-01 3.695829394428706144e-03 3.696583447639420136e-03
4.269999999999986784e+01 6.846936987683813758e-01 6.847593524476408566e-01 2.992700780223074286e-01 2.992987743309630799e-01 3.692413053945813387e-03 3.692767110807696797e-03
4.274999999999986500e+01 6.847096631056986960e-01 6.847440799422973567e-01 2.992759718964945748e-01 2.992910149618661642e-01 3.689072072684071706e-03 3.689257503382026640e-03
4.279999999999986926e+01 6.847361922445996951e-01 6.847747253111142740e-01 2.992865269094594494e-01 2.993033690565212179e-01 3.685794666372662395e-03 3.686002081976871327e-03
4.284999999999986642e+01 6.847669629213148923e-01 6.847768185037983457e-01 2.993001491545987935e-01 2.993044568643263847e-01 3.682561047734229324e-03 3.682614049391905349e-03
4.289999999999986358e+01 6.847965786286938084e-01 6.847661644945358672e-01 2.993146663878873959e-01 2.993013728103447457e-01 3.679344393213130216e-03 3.679180981073699921e-03
4.294999999999986784e+01 6.848179167536906364e-01 6.848153163435426460e-01 2.993257660279863286e-01 2.993246294196405533e-01 3.676091692084581738e-03 3.676077733124240819e-03
4.299999999999986500e+01 6.848219458636899404e-01 6.849036780208982433e-01 2.993279131845718588e-01 2.993636373844240639e-01 3.672735131099050341e-03 3.673173464839567942e-03
4.304999999999986215e+01 6.848061214142500130e-01 6.849456441347385738e-01 2.993195668532053766e-01 2.993805503621970177e-01 3.669256106076691781e-03 3.670003682037361725e-03
4.309999999999986642e+01 6.847786244205934514e-01 6.849257542576613345e-01 2.993055788303473630e-01 2.993698868847701755e-01 3.665714376366785866e-03 3.666501982667126451e-03
4.314999999999986358e+01 6.847495468142336117e-01 6.848878227650504469e-01 2.992922364416948922e-01 2.993526744788701510e-01 3.662187047313498079e-03 3.662926576676303440e-03
4.319999999999986073e+01 6.847232114649903778e-01 6.848470626822222851e-01 2.992821325640818708e-01 2.993362660530496377e-01 3.658705777067025253e-03 3.659367555660763237e-03
4.324999999999986500e+01 6.847028848714905580e-01 6.848073696483317763e-01 2.992755052209963296e-01 2.993211742769736894e-01 3.655273346210650975e-03 3.655831136207321041e-03
4.329999999999986215e+01 6.846951764270935437e-01 6.847953653603475743e-01 2.992732481354407614e-01 2.993170396919091480e-01 3.651900526362922891e-03 3.652434895569370375e-03
4.334999999999986642e+01 6.847037361222511054e-01 6.848095208762443598e-01 2.992760231901476775e-01 2.993222604732513892e-01 3.648595223287392619e-03 3.649158920734557610e-03
4.339999999999986358e+01 6.847244882947124411e-01 6.848171126913633611e-01 2.992830178699370514e-01 2.993235026334177817e-01 3.645347355297659086e-03 3.645840470565390058e-03
4.344999999999986073e+01 6.847514119529175547e-01 6.848324978268317542e-01 2.992935236272977750e-01 2.993289649224839533e-01 3.642148142711269451e-03 3.642579433191174294e-03
4.349999999999986500e+01 6.847809195168542695e-01 6.848912855352334850e-01 2.993070451245640751e-01 2.993552843875192382e-01 3.638991430085894256e-03 3.639577925684133256e-03
4.354999999999986215e+01 6.848074156671906110e-01 6.849428128446898301e-01 2.993204482545621659e-01 2.993796286064892564e-01 3.635839031333895199e-03 3.636557893792772764e-03
4.359999999999986642e+01 6.848217189148215756e-01 6.849045101606582309e-01 2.993280490760226176e-01 2.993642362199352425e-01 3.632621954806108250e-03 3.633061119173980075e-03
4.364999999999986358e+01 6.848181477594182942e-01 6.848165308561606768e-01 2.993263046336251954e-01 2.993255979034098457e-01 3.629297419019411261e-03 3.629288849995884487e-03
4.369999999999986073e+01 6.847988523033350372e-01 6.847914530731434857e-01 2.993165584462095241e-01 2.993133243401524535e-01 3.625881992080076579e-03 3.625842814538500665e-03
4.374999999999986500e+01 6.847700873225234242e-01 6.848274169795020017e-01 2.993028247119142726e-01 2.993278826526613035e-01 3.622424504834069470e-03 3.622727777944472361e-03
4.379999999999986215e+01 6.847390518564385742e-01 6.848297182981021303e-01 2.992891338494478859e-01 2.993287627865168776e-01 3.618973807127553316e-03 3.619452996209403164e-03
4.384999999999985931e+01 6.847137985849724995e-01 6.847904804655817745e-01 2.992788245938904357e-01 2.993123411713916049e-01 3.615570215571020044e-03 3.615975127410357443e-03
4.389999999999986358e+01 6.847004501624034400e-01 6.847838164174580022e-01 2.992737643731291364e-01 2.993102026914710168e-01 3.612236142101748777e-03 3.612675952824040675e-03
4.394999999999986073e+01 6.847003877722955822e-01 6.848150005922233330e-01 2.992740073688320290e-01 2.993241032042195382e-01 3.608972051478237259e-03 3.609576161642692911e-03
4.399999999999985789e+01 6.847131067753268185e-01 6.848316342830971237e-01 2.992794073520530507e-01 2.993312142211335125e-01 3.605775992193419304e-03 3.606400171338967377e-03
4.404999999999986215e+01 6.847381870305400131e-01 6.848457752080119310e-01 2.992901078490937117e-01 2.993371332346334013e-01 3.602649507662888592e-03 3.603215567073537757e-03
4.409999999999985931e+01 6.847705620231639978e-01 6.848997564381744674e-01 2.993039933528585106e-01 2.993604624922696633e-01 3.599566967562949690e-03 3.600246091308122610e-03
4.414999999999986358e+01 6.847991948924029293e-01 6.849553023198668988e-01 2.993161364724571394e-01 2.993843688424886462e-01 3.596469047431155065e-03 3.597288901682059448e-03
4.419999999999986073e+01 6.848157159396297544e-01 6.849443076538491715e-01 2.993229749988415289e-01 2.993791805641702330e-01 3.593313025196186172e-03 3.593987761874801838e-03
4.424999999999985789e+01 6.848198284131166158e-01 6.848809480213160494e-01 2.993247958688125543e-01 2.993515103614262651e-01 3.590102499176171715e-03 3.590422912880684037e-03
4.429999999999986215e+01 6.848128691301367255e-01 6.848250161688343995e-01 2.993224564195574589e-01 2.993277657261215197e-01 3.586847889988714448e-03 3.586911512595833320e-03
4.434999999999985931e+01 6.847932599693746791e-01 6.847960999814390881e-01 2.993148612973297595e-01 2.993161026322943563e-01 3.583536202302669855e-03 3.583551064140019175e-03
4.439999999999986358e+01 6.847631531794136084e-01 6.847933065413648324e-01 2.993020290896084568e-01 2.993152087742541045e-01 3.580167812076665013e-03 3.580325463806876239e-03
4.444999999999986073e+01 6.847325875684450169e-01 6.848190145866812628e-01 2.992878008767168030e-01 2.993255770139912064e-01 3.576788776536810131e-03 3.577240239187236184e-03
4.449999999999985789e+01 6.847117328148650817e-01 6.848380054221974156e-01 2.992771890591678918e-01 2.993323809146107850e-01 3.573458973840819893e-03 3.574117981069988622e-03
4.454999999999986215e+01 6.847041603456489600e-01 6.848090984559852545e-01 2.992731091163836066e-01 2.993189758663815647e-01 3.570213052387525773e-03 3.570760225068682521e-03
4.459999999999985931e+01 6.847102453863262994e-01 6.847760166613870991e-01 2.992766069482014624e-01 2.993053545887800482e-01 3.567063253256283657e-03 3.567405894979508961e-03
4.464999999999985647e+01 6.847299598195635273e-01 6.848132477744210966e-01 2.992870934329967536e-01 2.993234975797262054e-01 3.564002303459333325e-03 3.564435815179838908e-03
4.469999999999986073e+01 6.847588394462160721e-01 6.848874850880550813e-01 2.993009644844537576e-01 2.993571941560710936e-01 3.560987084883456433e-03 3.561656087520188863e-03
4.474999999999985789e+01 6.847874511134388609e-01 6.849062523310329720e-01 2.993128894874649282e-01 2.993648161628952309e-01 3.557954109806427297e-03 3.558571365977961434e-03
4.479999999999985505e+01 6.848080929049125132e-01 6.848811872186939542e-01 2.993199556940923101e-01 2.993519041873844433e-01 3.554868832471413942e-03 3.555248268258731636e-03
4.484999999999985931e+01 6.848180930079278417e-01 6.848922957941575573e-01 2.993227794881562209e-01 2.993552123114808783e-01 3.551738706474719034e-03 3.552123551604646854e-03
4.489999999999985647e+01 6.848166774235366905e-01 6.849223610394690187e-01 2.993224895561592547e-01 2.993686821856161862e-01 3.548577232438174852e-03 3.549124862900023426e-03
4.494999999999986073e+01 6.848039803850255458e-01 6.848892189711003331e-01 2.993188987425099423e-01 2.993561554180624862e-01 3.545382277080375705e-03 3.545823576168945918e-03
4.499999999999985789e+01 6.847829929646942482e-01 6.848100259465228490e-01 2.993115756102454617e-01 2.993233914474781043e-01 3.542148823789895845e-03 3.542288656183181783e-03
4.504999999999985505e+01 6.847582418344052568e-01 6.847747850773838740e-01 2.993008993390142702e-01 2.993081302231409557e-01 3.538881458338929975e-03 3.538966955047492639e-03
4.509999999999985931e+01 6.847340299767963323e-01 6.847913473413878016e-01 2.992887591858892637e-01 2.993138118956676363e-01 3.535602589319432765e-03 3.535898545725556751e-03
4.514999999999985647e+01 6.847168156767312608e-01 6.848013215798776088e-01 2.992795131633142480e-01 2.993164494338629300e-01 3.532363684429802499e-03 3.532799639231203222e-03
4.519999999999986073e+01 6.847145427072487411e-01 6.848053878679996043e-01 2.992782064520875807e-01 2.993179134760787230e-01 3.529224132689720832e-03 3.529692375897163729e-03
4.524999999999985789e+01 6.847288095490249304e-01 6.848409584269077310e-01 2.992857317262331840e-01 2.993347504888606014e-01 3.526194188232505827e-03 3.526771728882018703e-03
4.529999999999985505e+01 6.847519985798470321e-01 6.848861318309362733e-01 2.992975413059675294e-01 2.993561694696554865e-01 3.523220027145005945e-03 3.523910176217259858e-03
4.534999999999985931e+01 6.847759173578630287e-01 6.848989894173426185e-01 2.993086739523782569e-01 2.993624675131471014e-01 3.520243151454030897e-03 3.520875830792682612e-03
4.539999999999985647e+01 6.847978784865449420e-01 6.848962317888499518e-01 2.993176475396721603e-01 2.993606366901916394e-01 3.517246152052560994e-03 3.517751312458195119e-03
4.544999999999985363e+01 6.848152456682021771e-01 6.849061221348290429e-01 2.993241537095225890e-01 2.993638746731507316e-01 3.514225461808316575e-03 3.514691807140023563e-03
4.549999999999985789e+01 6.848216594251432809e-01 6.849101567174488148e-01 2.993264483533538689e-01 2.993651293439886230e-01 3.511160684496828291e-03 3.511614420457353537e-03
4.554999999999985505e+01 6.848138197646199687e-01 6.848911987887834618e-01 2.993233854135634031e-01 2.993572067980100337e-01 3.508038504700429234e-03 3.508434887758696361e-03
4.559999999999985221e+01 6.847960926581689867e-01 6.848614790188699564e-01 2.993163894332643293e-01 2.993449690493179549e-01 3.504875754487881637e-03 3.505210410413568504e-03
4.564999999999985647e+01 6.847745735687507107e-01 6.848138233926275298e-01 2.993075392823337788e-01 2.993246949546605196e-01 3.501696862033747224e-03 3.501897571859154991e-03
4.569999999999985363e+01 6.847524106125427723e-01 6.847409116076424995e-01 2.992980655832508941e-01 2.992930394893380530e-01 3.498516254625968873e-03 3.498457504258782255e-03
4.574999999999985789e+01 6.847335723936698315e-01 6.847051334146122548e-01 2.992898906320692332e-01 2.992774602514438609e-01 3.495356386943882995e-03 3.495211214615411618e-03
4.579999999999985505e+01 6.847245004296806936e-01 6.847705655835367722e-01 2.992859152970843706e-01 2.993060498938842073e-01 3.492251053641599878e-03 3.492485996428062490e-03
4.584999999999985221e+01 6.847286036067661286e-01 6.848768944151062410e-01 2.992874979235686794e-01 2.993523142387618519e-01 3.489215947811943452e-03 3.489971602900176530e-03
4.589999999999985647e+01 6.847436538623857816e-01 6.849119497423941105e-01 2.992936577629807804e-01 2.993672179766899699e-01 3.486239461420868446e-03 3.487096307241592703e-03
4.594999999999985363e+01 6.847656279278426794e-01 6.848845861146887204e-01 2.993030300435788327e-01 2.993550252727775751e-01 3.483305557679134117e-03 3.483910681091397475e-03
4.599999999999985789e+01 6.847903861314007523e-01 6.848868294586268890e-01 2.993143020946088528e-01 2.993564564060083866e-01 3.480398861565228014e-03 3.480889027976850469e-03
4.604999999999985505e+01 6.848118760857940801e-01 6.849228544711692956e-01 2.993247830473034776e-01 2.993732906481284539e-01 3.477488040050005346e-03 3.478051590451689511e-03
4.609999999999985221e+01 6.848239248479519592e-01 6.849235596799946313e-01 2.993309801160767281e-01 2.993745296926130228e-01 3.474532560836651220e-03 3.475038069560229710e-03
4.614999999999985647e+01 6.848239408716240151e-01 6.848901494385385424e-01 2.993308652182721241e-01 2.993598044337939523e-01 3.471509019637841493e-03 3.471844644056766658e-03
4.619999999999985363e+01 6.848121741196521173e-01 6.848773231100270253e-01 2.993245147552061614e-01 2.993529907237530985e-01 3.468418479202861008e-03 3.468748444075942482e-03
4.624999999999985079e+01 6.847903792642350274e-01 6.848746756691455051e-01 2.993137618944421430e-01 2.993506068543480003e-01 3.465282337417573567e-03 3.465708907141519957e-03
4.629999999999985505e+01 6.847644543265318795e-01 6.848366703720730753e-01 2.993024489636939567e-01 2.993340137435951398e-01 3.462145158631517450e-03 3.462510280434885623e-03
4.634999999999985221e+01 6.847437448060740284e-01 6.847858998086865379e-01 2.992948674274633625e-01 2.993132929713460122e-01 3.459056543513020898e-03 3.459269494034634875e-03
4.639999999999984936e+01 6.847334597841130410e-01 6.847740469507711536e-01 2.992921065982490081e-01 2.993098469590220745e-01 3.456028944552538059e-03 3.456233798603035659e-03
4.644999999999985363e+01 6.847318991984985281e-01 6.847915158725735862e-01 2.992918779368675120e-01 2.993179359989516231e-01 3.453035799675434076e-03 3.453336440714766323e-03
4.649999999999985079e+01 6.847377165757245754e-01 6.848043664369444228e-01 2.992931644124839918e-01 2.993222965128331525e-01 3.450065295821150117e-03 3.450401112539872462e-03
4.654999999999985505e+01 6.847534453207841931e-01 6.848186678133544314e-01 2.992982265790675722e-01 2.993267346157817421e-01 3.447143410067011766e-03 3.447471749102015356e-03
4.659999999999985221e+01 6.847782024828247271e-01 6.848425930254441463e-01 2.993083697488052586e-01 2.993365140855682727e-01 3.444285037385569955e-03 3.444608907774097256e-03
4.664999999999984936e+01 6.848034870473989066e-01 6.848577778497854096e-01 2.993205225737370911e-01 2.993442525220341155e-01 3.441454700474134900e-03 3.441727536901809797e-03
4.669999999999985363e+01 6.848204241929248814e-01 6.848698926303665724e-01 2.993298096551352261e-01 2.993514319336775253e-01 3.438596319990074295e-03 3.438844709174937019e-03
4.674999999999985079e+01 6.848260392057421431e-01 6.849044152219583292e-01 2.993332526097629565e-01 2.993675102847307423e-01 3.435675783182367063e-03 3.436068984616717607e-03
4.679999999999985505e+01 6.848202832357576098e-01 6.849371455112213125e-01 2.993300428743165265e-01 2.993811225382535524e-01 3.432683977916482342e-03 3.433269753879062986e-03
4.684999999999985221e+01 6.848034866700851708e-01 6.849255532073101893e-01 2.993210761534021991e-01 2.993744302732274098e-01 3.429631350941311427e-03 3.430242684310835441e-03
4.689999999999984936e+01 6.847796129964570655e-01 6.848992823711004263e-01 2.993095881276768289e-01 2.993618942865580168e-01 3.426555101633401747e-03 3.427153912839826354e-03
4.694999999999985363e+01 6.847564283889212566e-01 6.849073370899830815e-01 2.992998064362366595e-01 2.993657670364512358e-01 3.423503648112523768e-03 3.424258130242516327e-03
4.699999999999985079e+01 6.847399578633142081e-01 6.849052145054281837e-01 2.992938706096569534e-01 2.993661028483254327e-01 3.420501378396088171e-03 3.421326889695156664e-03
4.704999999999984794e+01 6.847323732486629844e-01 6.848251072677165041e-01 2.992915384734936568e-01 2.993320718385216184e-01 3.417545400782122898e-03 3.418008242518097341e-03
4.709999999999985221e+01 6.847348213032339315e-01 6.847205114777978885e-01 2.992925795041470050e-01 2.992863247841681673e-01 3.414632966390732972e-03 3.414561606208430227e-03
4.714999999999984936e+01 6.847474229622025899e-01 6.847013033863263987e-01 2.992973091823944998e-01 2.992771507057102598e-01 3.411767559787920023e-03 3.411537768090180077e-03
4.719999999999984652e+01 6.847669561819887951e-01 6.847638479543429746e-01 2.993051125833129378e-01 2.993037540066219027e-01 3.408942056757559465e-03 3.408926583218937177e-03
4.724999999999985079e+01 6.847885042433309311e-01 6.848195547787890858e-01 2.993143378418574585e-01 2.993279097263191746e-01 3.406137557233095223e-03 3.406292002575475857e-03
4.729999999999984794e+01 6.848080095853872340e-01 6.848458774049704934e-01 2.993230966902750145e-01 2.993396483556526322e-01 3.403332537695005940e-03 3.403520731729998798e-03
4.734999999999985221e+01 6.848207143207089009e-01 6.848805779495935608e-01 2.993289466519282183e-01 2.993551125032263283e-01 3.400499251938983100e-03 3.400796506710901303e-03
4.739999999999984936e+01 6.848212674823146440e-01 6.849171345985446413e-01 2.993294045585939145e-01 2.993713072391624985e-01 3.397609586363163538e-03 3.398085212703329250e-03
4.744999999999984652e+01 6.848091978442527594e-01 6.849242534764024004e-01 2.993243469462488759e-01 2.993746367964204014e-01 3.394662284618652111e-03 3.395232625987198039e-03
4.749999999999985079e+01 6.847902970941748269e-01 6.849187258656384003e-01 2.993162689469127669e-01 2.993724041183120077e-01 3.391685767103835934e-03 3.392321859697595022e-03
4.754999999999984794e+01 6.847697940250856430e-01 6.849231893875024069e-01 2.993071769674792160e-01 2.993742248035337061e-01 3.388702824426605923e-03 3.389461928146441944e-03
4.759999999999985221e+01 6.847493187284715566e-01 6.849091294277805941e-01 2.992976160737437219e-01 2.993674678574812509e-01 3.385719638843263154e-03 3.386509817392330257e-03
4.764999999999984936e+01 6.847327429521945508e-01 6.848544864835981461e-01 2.992896298690511658e-01 2.993428427127887703e-01 3.382759309059643268e-03 3.383360754029833984e-03
4.769999999999984652e+01 6.847277498142482210e-01 6.847919808217455273e-01 2.992872968360305030e-01 2.993153715337656395e-01 3.379867835528303603e-03 3.380184884627514524e-03
4.774999999999985079e+01 6.847375003041293873e-01 6.847527288660595346e-01 2.992923607272804931e-01 2.992990169893495755e-01 3.377064719066643402e-03 3.377139824985617503e-03
4.779999999999984794e+01 6.847564510125474513e-01 6.847368250666321376e-01 2.993018513286811455e-01 2.992932729765709343e-01 3.374316249477811707e-03 3.374219537503626593e-03
4.784999999999984510e+01 6.847773742154598109e-01 6.847589481615767859e-01 2.993114956365353629e-01 2.993034417347066878e-01 3.371574155297506637e-03 3.371483432663559265e-03
4.789999999999984936e+01 6.847968977976776062e-01 6.848307743627392030e-01 2.993191988365404566e-01 2.993340060098004241e-01 3.368814843405078772e-03 3.368981497015207695e-03
4.794999999999984652e+01 6.848122370003689730e-01 6.848984306188348192e-01 2.993243496441206908e-01 2.993620239837379016e-01 3.366031483206313735e-03 3.366455147413423450e-03
4.799999999999984368e+01 6.848189451859750809e-01 6.849019727309252348e-01 2.993264150154203440e-01 2.993627053919529768e-01 3.363218146240686511e-03 3.363625903280379175e-03
4.804999999999984794e+01 6.848147156165390603e-01 6.848793195926723421e-01 2.993252899713522153e-01 2.993535276879906171e-01 3.360373729681200711e-03 3.360690740252499434e-03
4.809999999999984510e+01 6.848010600250256097e-01 6.848989542855344892e-01 2.993210909140369136e-01 2.993638797158659770e-01 3.357499617656059445e-03 3.357979581782016311e-03
4.814999999999984936e+01 6.847805256494662318e-01 6.849278383660000191e-01 2.993133627050530432e-01 2.993777521888414395e-01 3.354590784029743214e-03 3.355312436972173774e-03
4.819999999999984652e+01 6.847565775849649983e-01 6.848923801038077075e-01 2.993024795149679118e-01 2.993618378795963597e-01 3.351651506326637064e-03 3.352316213657302504e-03
4.824999999999984368e+01 6.847356330346552333e-01 6.848226442893539101e-01 2.992916302084281943e-01 2.993296620253935725e-01 3.348717540793610600e-03 3.349143071612803533e-03
4.829999999999984794e+01 6.847244737577705687e-01 6.848007001243523462e-01 2.992853531780198528e-01 2.993186708640647176e-01 3.345839610710124156e-03 3.346212083443996389e-03
4.834999999999984510e+01 6.847258492033089228e-01 6.848147682054360752e-01 2.992861413211491683e-01 2.993250068394697205e-01 3.343045421068416029e-03 3.343479551404306225e-03
4.839999999999984936e+01 6.847389939103827317e-01 6.847974201234918734e-01 2.992934800448765476e-01 2.993190176362841015e-01 3.340329018358006042e-03 3.340614036119250816e-03
4.844999999999984652e+01 6.847613589238163989e-01 6.847592787368722567e-01 2.993048217161311531e-01 2.993039124796879058e-01 3.337661797782346274e-03 3.337651658541273235e-03
4.849999999999984368e+01 6.847868775803092056e-01 6.847620496924373690e-01 2.993162004152720712e-01 2.993053482957215294e-01 3.334999447523931057e-03 3.334878532542866897e-03
4.854999999999984794e+01 6.848069326997294759e-01 6.848075259097059497e-01 2.993238322640465743e-01 2.993240915515552603e-01 3.332299830381824004e-03 3.332302716966946843e-03
4.859999999999984510e+01 6.848168560197891441e-01 6.848560687514202439e-01 2.993268535920760032e-01 2.993439930994884479e-01 3.329553432614869562e-03 3.329744083420347386e-03
4.864999999999984226e+01 6.848177976719670434e-01 6.849004452665359288e-01 2.993269598881059812e-01 2.993630843190253632e-01 3.326779215205410110e-03 3.327180709297317390e-03
4.869999999999984652e+01 6.848104016838527652e-01 6.849396478134770483e-01 2.993245888331603766e-01 2.993810811768995439e-01 3.323982108086187201e-03 3.324609452269853584e-03
4.874999999999984368e+01 6.847927450838875441e-01 6.849431999496190526e-01 2.993180461574621587e-01 2.993838089108922240e-01 3.321143369292237774e-03 3.321873053102834556e-03
4.879999999999984084e+01 6.847672168643264001e-01 6.849045573243197627e-01 2.993074402780776522e-01 2.993674709286620050e-01 3.318264304635016020e-03 3.318929832912004534e-03
4.884999999999984510e+01 6.847429062543696210e-01 6.848629385718625340e-01 2.992965462397048082e-01 2.993490115631636250e-01 3.315386831788486206e-03 3.315968004022867843e-03
4.889999999999984226e+01 6.847277022317826978e-01 6.848355050780584596e-01 2.992893274011585447e-01 2.993364472142588939e-01 3.312554813515874996e-03 3.313076338840726612e-03
4.894999999999984652e+01 6.847231814372984893e-01 6.848036158475218071e-01 2.992870428685574513e-01 2.993222001079108852e-01 3.309782061029120388e-03 3.310170861021970168e-03
4.899999999999984368e+01 6.847289166846316499e-01 6.847761632959141753e-01 2.992896282757834259e-01 2.993102793982692633e-01 3.307067715754521096e-03 3.307295904953259924e-03
4.904999999999984084e+01 6.847452782246562508e-01 6.847771552566104258e-01 2.992970233875229535e-01 2.993109565990129672e-01 3.304410967568575854e-03 3.304564798222619365e-03
4.909999999999984510e+01 6.847694408220674767e-01 6.847806782691373551e-01 2.993078478018854627e-01 2.993127596100018106e-01 3.301796445690967710e-03 3.301850630005544098e-03
4.914999999999984226e+01 6.847940632502078628e-01 6.847584336838349328e-01 2.993189615361353528e-01 2.993033880880302533e-01 3.299189435504393947e-03 3.299017779972786019e-03
4.919999999999984652e+01 6.848121990945474913e-01 6.847621113990242092e-01 2.993273378514016425e-01 2.993054448176911686e-01 3.296556584266546134e-03 3.296315471560483986e-03
4.924999999999984368e+01 6.848201328904106600e-01 6.848453745042494267e-01 2.993310678027910621e-01 2.993421007716839943e-01 3.293876949686842456e-03 3.293998357872734289e-03
4.929999999999984084e+01 6.848160407574870323e-01 6.849448265574378247e-01 2.993290055825810203e-01 2.993852970873620567e-01 3.291138049286221248e-03 3.291756977321196910e-03
4.934999999999984510e+01 6.848006170031376572e-01 6.849597850696107493e-01 2.993215414121618290e-01 2.993911126564297032e-01 3.288344316530212533e-03 3.289108625722938530e-03
4.939999999999984226e+01 6.847786745103024986e-01 6.849048409738159870e-01 2.993114399355645272e-01 2.993665863168282204e-01 3.285526234199399442e-03 3.286131573181437938e-03
4.944999999999983942e+01 6.847563846503685880e-01 6.848646235354914902e-01 2.993020765023386431e-01 2.993493869382860550e-01 3.282720882943125119e-03 3.283239779964758440e-03
4.949999999999984368e+01 6.847379327507808755e-01 6.848507476273929528e-01 2.992952089037531627e-01 2.993445196698844013e-01 3.279947494835659064e-03 3.280487886793261986e-03
4.954999999999984084e+01 6.847268826543765341e-01 6.848213824537249250e-01 2.992914545240197288e-01 2.993327600183937065e-01 3.277212751426449543e-03 3.277665042632296483e-03
4.959999999999983800e+01 6.847270192921610654e-01 6.847873671855899680e-01 2.992914661127964449e-01 2.993178439378161304e-01 3.274523699264740399e-03 3.274812296912658297e-03
4.964999999999984226e+01 6.847385302789037453e-01 6.847879341012917953e-01 2.992952820790121260e-01 2.993168762062644594e-01 3.271880645848733449e-03 3.272116711738346038e-03
4.969999999999983942e+01 6.847569281385423867e-01 6.848108195065033543e-01 2.993020299807713780e-01 2.993255854866251342e-01 3.269273948451907781e-03 3.269531245075105608e-03
4.974999999999984368e+01 6.847780738898481268e-01 6.848245961483226951e-01 2.993111674913382370e-01 2.993315020085041134e-01 3.266697598814068040e-03 3.266919530788593273e-03
4.979999999999984084e+01 6.847997446590048387e-01 6.848368043686882123e-01 2.993219430809703763e-01 2.993381416622329372e-01 3.264143326946250187e-03 3.264319974506365695e-03
4.984999999999983800e+01 6.848167546436374487e-01 6.848566502186045346e-01 2.993309865189730523e-01 2.993484247339870397e-01 3.261574355968116252e-03 3.261764366483114585e-03
4.989999999999984226e+01 6.848211210117901571e-01 6.848631692648990965e-01 2.993333797642532268e-01 2.993517589370475740e-01 3.258937177618442902e-03 3.259137277485556292e-03
4.994999999999983942e+01 6.848103608141481446e-01 6.848529176948160435e-01 2.993276289646176203e-01 2.993462303919840473e-01 3.256215708073085646e-03 3.256418062463800264e-03
4.999999999999984368e+01 6.847905081307522623e-01 6.848491502887822380e-01 2.993173650451017576e-01 2.993429971413613666e-01 3.253449620055462108e-03 3.253728229797414172e-03
