# tau eta eta_joint W_out W_out_joint power power_joint
5.000000000000000000e+00 6.830189293844591836e-01 6.814610143478675441e-01 2.979954262735891035e-01 2.973157210187939992e-01 1.216307862341180039e-02 1.213533555178751035e-02
5.049999999999999822e+00 6.830213563336088312e-01 6.833022066413323437e-01 2.979656837671758041e-01 2.980882037340861768e-01 1.212474806784031613e-02 1.212973362091906981e-02
5.099999999999999645e+00 6.829692308366432929e-01 6.850241182114772398e-01 2.978934266292492250e-01 2.987897150911417166e-01 1.208492602958414694e-02 1.212128661627349772e-02
5.149999999999999467e+00 6.829731921126406258e-01 6.854393256871451623e-01 2.978910201779143563e-01 2.989666686146146279e-01 1.204817068464770005e-02 1.209167517147076432e-02
5.199999999999999289e+00 6.830739487991090986e-01 6.866776884331216024e-01 2.979875991646288025e-01 2.995597125843276753e-01 1.201562899857374321e-02 1.207902066872289237e-02
5.249999999999999112e+00 6.831305890763349487e-01 6.882662461172569524e-01 2.980727110879323183e-01 3.003135699250036872e-01 1.198282255629878716e-02 1.207290733366848945e-02
5.299999999999998934e+00 6.830707258107705515e-01 6.878950404293456833e-01 2.980630112445625812e-01 3.001681369483422124e-01 1.194641327633517471e-02 1.203078705203776411e-02
5.349999999999998757e+00 6.830226864388136976e-01 6.863967574620101209e-01 2.980142926704738571e-01 2.994864566400785577e-01 1.190866304377517955e-02 1.196749077482831512e-02
5.399999999999998579e+00 6.830521071825231827e-01 6.856870847809272140e-01 2.979995617249884265e-01 2.991491404485187022e-01 1.187249249900352438e-02 1.191829244814815621e-02
5.449999999999998401e+00 6.830789728828920992e-01 6.852012812906952410e-01 2.980202140506535979e-01 2.989461550195369188e-01 1.183794296129706512e-02 1.187472313880980936e-02
5.499999999999998224e+00 6.831158585639097724e-01 6.840888522118606652e-01 2.980746221021552955e-01 2.984991836319234038e-01 1.180493552879823167e-02 1.182174984680884992e-02
5.549999999999998046e+00 6.832404410877340739e-01 6.828460241735158087e-01 2.981624990225537619e-01 2.979903775763863560e-01 1.177344517364477088e-02 1.176664867034102335e-02
5.599999999999997868e+00 6.833707484809671273e-01 6.819148982311088458e-01 2.982273959528006779e-01 2.975920535272175149e-01 1.174123606113388479e-02 1.171622257981171436e-02
5.649999999999997691e+00 6.833932887491509511e-01 6.821461397353822953e-01 2.982290611531865920e-01 2.976848122036905853e-01 1.170673449080222167e-02 1.168537044960512618e-02
5.699999999999997513e+00 6.833780542966529925e-01 6.845637528309872488e-01 2.982182460243923972e-01 2.987356710938684490e-01 1.167194700682553515e-02 1.169219847725512691e-02
5.749999999999997335e+00 6.834089018002413862e-01 6.874781590896708039e-01 2.982388562952364985e-01 3.000146754816321870e-01 1.163858951396045185e-02 1.170788977489296660e-02
5.799999999999997158e+00 6.834171475591892531e-01 6.880427890019212844e-01 2.982546909415249026e-01 3.002733983500756043e-01 1.160524089266634119e-02 1.168378981906909204e-02
5.849999999999996980e+00 6.833596157108623448e-01 6.869937889994096603e-01 2.982421209314927157e-01 2.998282017072515515e-01 1.157098432323929067e-02 1.163251994984487205e-02
5.899999999999996803e+00 6.833164727944353034e-01 6.866835485673664641e-01 2.982380696091824213e-01 2.997076524726544067e-01 1.153725607772466098e-02 1.159410647863266808e-02
5.949999999999996625e+00 6.833283539526771033e-01 6.864252862849921089e-01 2.982590924011137012e-01 2.996108411194581267e-01 1.150469016012010785e-02 1.155683090142558232e-02
5.999999999999996447e+00 6.833551128636317085e-01 6.850457865294548032e-01 2.982779735632805629e-01 2.990159364547635423e-01 1.147222975243387087e-02 1.150061294056783229e-02
6.049999999999996270e+00 6.833853557154324632e-01 6.840984434157268979e-01 2.982835141324986505e-01 2.985947621031341814e-01 1.143944445378710338e-02 1.145138109695625038e-02
6.099999999999996092e+00 6.834298518416597190e-01 6.842426392063839513e-01 2.982916431181650285e-01 2.986463944915150881e-01 1.140694619954742139e-02 1.142051221764876258e-02
6.149999999999995914e+00 6.834849511164742264e-01 6.836915961527477714e-01 2.983219324403314499e-01 2.984121271790006746e-01 1.137547883471235442e-02 1.137891810024788293e-02
6.199999999999995737e+00 6.835646208216834552e-01 6.826953285046081232e-01 2.983861557888223270e-01 2.980066967225571961e-01 1.134548120870047111e-02 1.133105310732156895e-02
6.249999999999995559e+00 6.836515944333353412e-01 6.835415639276377631e-01 2.984549093001065412e-01 2.984068743874908058e-01 1.131582594502773993e-02 1.131400471611339852e-02
6.299999999999995381e+00 6.836622682329620559e-01 6.856259743810981799e-01 2.984634182104686229e-01 2.993207047341910343e-01 1.128406117997991266e-02 1.131647276877849155e-02
6.349999999999995204e+00 6.835885813793617372e-01 6.863775392426327837e-01 2.984068818042535653e-01 2.996243454104812187e-01 1.125002381919900686e-02 1.129592254139420542e-02
6.399999999999995026e+00 6.835426323107844926e-01 6.858273149486391329e-01 2.983653143679241282e-01 2.993625748477423132e-01 1.121674114165128501e-02 1.125423213713317230e-02
6.449999999999994849e+00 6.835633478084307546e-01 6.855172346065208089e-01 2.983862281173950137e-01 2.992391306519145422e-01 1.118598793317319984e-02 1.121796178638855175e-02
6.499999999999994671e+00 6.835735504321127642e-01 6.854468773383801672e-01 2.984306163246843724e-01 2.992484626308522522e-01 1.115628472241811039e-02 1.118685841610662923e-02
6.549999999999994493e+00 6.835639318719466395e-01 6.852317796620409629e-01 2.984572471770090552e-01 2.991854618134639487e-01 1.112608563567601787e-02 1.115323250003593877e-02
6.599999999999994316e+00 6.835906294959919194e-01 6.852196006070379042e-01 2.984623466591195262e-01 2.991735713592023060e-01 1.109525452264385238e-02 1.112169410257258031e-02
6.649999999999994138e+00 6.836252107277310808e-01 6.852854295679717822e-01 2.984457910770041966e-01 2.991705819673359246e-01 1.106379206958310428e-02 1.109066105532292845e-02
6.699999999999993960e+00 6.836285157230697074e-01 6.852185433197176545e-01 2.984297117995727833e-01 2.991238190032770028e-01 1.103252169314502401e-02 1.105818184854998575e-02
6.749999999999993783e+00 6.836661583134897580e-01 6.854235851660391843e-01 2.984654644714053173e-01 2.992326974482644175e-01 1.100333509572001649e-02 1.103162018242449978e-02
6.799999999999993605e+00 6.837659328125642588e-01 6.854799078488276187e-01 2.985473507563707329e-01 2.992957102194316876e-01 1.097600554251363519e-02 1.100351875806734533e-02
6.849999999999993427e+00 6.838242978556314799e-01 6.845330480095436210e-01 2.985931538774394545e-01 2.989026309528101111e-01 1.094750335022693158e-02 1.095884989744492014e-02
6.899999999999993250e+00 6.837851807521044822e-01 6.835648381243328853e-01 2.985630689861966669e-01 2.984668601577110669e-01 1.091638277828873085e-02 1.091286508803331577e-02
6.949999999999993072e+00 6.837264333590178378e-01 6.838912519507742704e-01 2.985117853669561061e-01 2.985837443986483208e-01 1.088465944820259622e-02 1.088728329621325118e-02
6.999999999999992895e+00 6.837071547659268056e-01 6.845067423636360671e-01 2.984962560158853639e-01 2.988453439296350211e-01 1.085440930966856225e-02 1.086710341562309619e-02
7.049999999999992717e+00 6.837056354550680171e-01 6.843405231409656064e-01 2.985148796697665308e-01 2.987920799900964930e-01 1.082556227270232638e-02 1.083561486818120090e-02
7.099999999999992539e+00 6.837065862281122008e-01 6.845057159682220727e-01 2.985409044500142439e-01 2.988898449461142581e-01 1.079713940144717485e-02 1.080975931089021326e-02
7.149999999999992362e+00 6.837132924157350855e-01 6.855007662579241101e-01 2.985530296418821283e-01 2.993335552465630212e-01 1.076836896814724158e-02 1.079652137949731888e-02
7.199999999999992184e+00 6.837218736520694895e-01 6.859586586643002803e-01 2.985476876042558736e-01 2.995243815185553160e-01 1.073912545339050263e-02 1.077425832800559154e-02
7.249999999999992006e+00 6.837499407943326002e-01 6.858033358306939720e-01 2.985486538267920764e-01 2.994452364622042229e-01 1.071026560813604332e-02 1.074243000761271154e-02
7.299999999999991829e+00 6.838094793093204560e-01 6.862767728453229577e-01 2.985745223426239381e-01 2.996518267838186311e-01 1.068245160438726499e-02 1.072099559154986517e-02
7.349999999999991651e+00 6.838602280292407354e-01 6.866643658992384047e-01 2.986061783343618714e-01 2.998305994347023606e-01 1.065499298249284604e-02 1.069868329829446948e-02
7.399999999999991473e+00 6.838785571374628169e-01 6.854400236056795714e-01 2.986239890582692569e-01 2.993058226099328811e-01 1.062718822271421261e-02 1.065145276191932500e-02
7.449999999999991296e+00 6.838971949365628689e-01 6.835889634390489578e-01 2.986377463149407774e-01 2.985031507054802802e-01 1.059938762431023723e-02 1.059461049531430082e-02
7.499999999999991118e+00 6.839112289082784901e-01 6.829995820519242367e-01 2.986472421549742906e-01 2.982491483557190293e-01 1.057158379309643993e-02 1.055749197719359905e-02
7.549999999999990941e+00 6.838747650559248159e-01 6.835171534026589502e-01 2.986334128247905007e-01 2.984772515012008576e-01 1.054310371843921075e-02 1.053759052078379575e-02
7.599999999999990763e+00 6.838170249586911220e-01 6.841399641541899834e-01 2.986065506998272223e-01 2.987475705278426208e-01 1.051431516548687918e-02 1.051928065238883110e-02
7.649999999999990585e+00 6.838058193481526548e-01 6.846709628732461361e-01 2.985968533313158035e-01 2.989746347525372716e-01 1.048628106519107830e-02 1.049954819148507176e-02
7.699999999999990408e+00 6.838222759203993473e-01 6.850236022061880758e-01 2.986036804186886773e-01 2.991282618237582902e-01 1.045897304443743625e-02 1.047734717421220513e-02
7.749999999999990230e+00 6.838240447503756148e-01 6.851935883926814075e-01 2.986152779701616300e-01 2.992133362844004996e-01 1.043197477625019270e-02 1.045286764312316694e-02
7.799999999999990052e+00 6.838462462322545399e-01 6.856550582959531903e-01 2.986417190255294951e-01 2.994316432915078430e-01 1.040563480925190375e-02 1.043315830283999927e-02
7.849999999999989875e+00 6.839063848595452466e-01 6.862158835207683438e-01 2.986756293086675340e-01 2.996842336751408542e-01 1.037969172228210904e-02 1.041474313380159888e-02
7.899999999999989697e+00 6.839392814080854643e-01 6.860222348152605898e-01 2.986805659143204617e-01 2.995902047073246699e-01 1.035287923446518571e-02 1.038440917529722188e-02
7.949999999999989519e+00 6.839237016929213819e-01 6.852928518551519854e-01 2.986582929469767667e-01 2.992561784263477742e-01 1.032526509756186497e-02 1.034593529563864953e-02
7.999999999999989342e+00 6.839248682246092947e-01 6.848058809680561687e-01 2.986575393186186034e-01 2.990422615451245880e-01 1.029853583857306097e-02 1.031180212224568071e-02
8.049999999999990052e+00 6.839634426118241795e-01 6.842633024538640196e-01 2.986938368112366238e-01 2.988247886737842585e-01 1.027321880692129950e-02 1.027772274028493187e-02
8.099999999999988987e+00 6.839876701590623664e-01 6.835118070964092407e-01 2.987279508718966303e-01 2.985201202284452071e-01 1.024795714826404018e-02 1.024082745209074947e-02
8.149999999999987921e+00 6.839766019837298927e-01 6.835773269801663776e-01 2.987280951677164786e-01 2.985537110427088914e-01 1.022166279444710647e-02 1.021569584406190230e-02
8.199999999999988631e+00 6.839546704423363765e-01 6.845206317922716277e-01 2.987018604215767592e-01 2.989490313459934878e-01 1.019460274476371824e-02 1.020303861249125151e-02
8.249999999999989342e+00 6.839408177897214891e-01 6.849680316327994012e-01 2.986784303736961244e-01 2.991270168746453795e-01 1.016777635314710694e-02 1.018304738296665554e-02
8.299999999999988276e+00 6.839500435315627458e-01 6.848482741473473911e-01 2.986864667136217566e-01 2.990787312239614470e-01 1.014215506667646635e-02 1.015547474444691498e-02
8.349999999999987210e+00 6.839829700791559830e-01 6.853274686944702543e-01 2.987250054778944897e-01 2.993122062910642533e-01 1.011769705259592429e-02 1.013758531045095591e-02
8.399999999999987921e+00 6.840023618455904897e-01 6.860372667179324147e-01 2.987547692805914146e-01 2.996435637783240180e-01 1.009306652974971755e-02 1.012309337088933107e-02
8.449999999999988631e+00 6.839877850377424906e-01 6.857898546427343422e-01 2.987477167672448752e-01 2.995348129577378726e-01 1.006731985736293404e-02 1.009384373909816453e-02
8.499999999999987566e+00 6.839729813462667174e-01 6.850904851001790030e-01 2.987238758807122530e-01 2.992119434824804802e-01 1.004113868506596383e-02 1.005754431873884594e-02
8.549999999999986500e+00 6.839778828442567571e-01 6.849442621311350177e-01 2.987144843460497468e-01 2.991365323356165451e-01 1.001557365787258784e-02 1.002972447059905133e-02
8.599999999999987210e+00 6.839861813227607890e-01 6.848657336543134688e-01 2.987268687754782714e-01 2.991110079892570495e-01 9.990865176437406167e-03 1.000371264178117822e-02
8.649999999999987921e+00 6.840086049984127614e-01 6.842479684482727365e-01 2.987576153143010060e-01 2.988621632000307837e-01 9.966892921244410383e-03 9.970380757298781885e-03
8.699999999999986855e+00 6.840599258220722012e-01 6.836490941561974566e-01 2.987936095465902886e-01 2.986141605367462759e-01 9.943214959953095011e-03 9.937243279093061279e-03
8.749999999999985789e+00 6.840956530505629685e-01 6.835937812415118220e-01 2.988062290393046494e-01 2.985870163867245797e-01 9.918878972259083035e-03 9.911602203708706413e-03
8.799999999999986500e+00 6.840834922821301678e-01 6.840239154941304411e-01 2.987903221541285959e-01 2.987643005239033478e-01 9.893719276626780981e-03 9.892857633241838866e-03
8.849999999999987210e+00 6.840721568155712085e-01 6.848836547660974716e-01 2.987817868784727882e-01 2.991362243530736320e-01 9.868927725135359305e-03 9.880634991018127922e-03
8.899999999999986144e+00 6.840934453187326181e-01 6.857628901945997946e-01 2.987988707365371033e-01 2.995280521767036408e-01 9.845102824927093321e-03 9.869128572543784533e-03
8.949999999999985079e+00 6.840998032497791481e-01 6.859587544290165484e-01 2.988131619881535528e-01 2.996251474283053717e-01 9.821303598624611664e-03 9.847991698547432088e-03
8.999999999999985789e+00 6.840692093363269777e-01 6.856451406124320913e-01 2.988064676109567497e-01 2.994948459963360232e-01 9.796933364293670607e-03 9.819503147420860500e-03
9.049999999999986500e+00 6.840485728557272882e-01 6.854687215482739848e-01 2.987984117924802341e-01 2.994187451879153361e-01 9.772638161651036465e-03 9.792927070741308526e-03
9.099999999999985434e+00 6.840566024939334078e-01 6.852360810890898435e-01 2.988014735876621808e-01 2.993166794069072045e-01 9.748824586873160863e-03 9.765633912134009942e-03
9.149999999999984368e+00 6.840644794251233840e-01 6.846833437120659616e-01 2.988054556979881093e-01 2.990757811290505330e-01 9.725157223693679798e-03 9.733955447650146850e-03
9.199999999999985079e+00 6.840716944445222047e-01 6.843508462777432300e-01 2.988093548371736352e-01 2.989312911486213808e-01 9.701602429778372755e-03 9.705561400929273858e-03
9.249999999999985789e+00 6.840991939861535975e-01 6.842939117398431081e-01 2.988227529000819782e-01 2.989078079559971401e-01 9.678469729557317644e-03 9.681224549182099529e-03
9.299999999999984723e+00 6.841377389004418275e-01 6.838745934230491264e-01 2.988445565756339128e-01 2.987296095568761078e-01 9.655720729422750948e-03 9.652006770819914275e-03
9.349999999999983658e+00 6.841686425889745848e-01 6.835387127924019701e-01 2.988670169383293995e-01 2.985918432056224869e-01 9.633102882782582435e-03 9.624233463517250023e-03
9.399999999999984368e+00 6.841866193473210567e-01 6.842863561157510599e-01 2.988820432015241169e-01 2.989256124972217155e-01 9.610355086865734336e-03 9.611756028849579789e-03
9.449999999999985079e+00 6.841820404826912672e-01 6.854558461891605559e-01 2.988787094609692829e-01 2.994351599129352337e-01 9.587127809493809633e-03 9.604977062163125995e-03
9.499999999999984013e+00 6.841575447210072047e-01 6.856931151114394885e-01 2.988598396895525422e-01 2.995306213307953325e-01 9.563514870065688289e-03 9.584979882585458258e-03
9.549999999999982947e+00 6.841425051953184955e-01 6.852865108503864988e-01 2.988490675362361904e-01 2.993487953278541891e-01 9.540273504748170499e-03 9.556226506874841709e-03
9.599999999999983658e+00 6.841457360040339442e-01 6.851827326789988737e-01 2.988587615470221781e-01 2.993117579273234519e-01 9.517794953726827975e-03 9.532221590042154469e-03
9.649999999999984368e+00 6.841457490734739189e-01 6.851784294237673878e-01 2.988746387434841889e-01 2.993257735594929692e-01 9.495619975964555981e-03 9.509953091643945713e-03
9.699999999999983302e+00 6.841451852118830557e-01 6.848872764419982051e-01 2.988831605315256379e-01 2.992073586360417536e-01 9.473317291015083755e-03 9.483592983709730750e-03
9.749999999999982236e+00 6.841604069887612383e-01 6.846978131740840690e-01 2.988831362030690553e-01 2.991179081139301310e-01 9.450850156618792811e-03 9.458273774353530630e-03
9.799999999999982947e+00 6.841734907099243923e-01 6.847562632086716672e-01 2.988751932964449631e-01 2.991297723550843113e-01 9.428239536165464174e-03 9.436270421296043265e-03
9.849999999999983658e+00 6.841743978674215132e-01 6.847221902692125495e-01 2.988718095510887185e-01 2.991111048344140544e-01 9.405879136147566114e-03 9.413410065599189802e-03
9.899999999999982592e+00 6.841977871607641815e-01 6.846376710131348853e-01 2.988946587428424895e-01 2.990868238395558709e-01 9.384447684233680753e-03 9.390481125260788722e-03
9.949999999999981526e+00 6.842467883978416987e-01 6.846595600820607475e-01 2.989335646937540947e-01 2.991138962832631254e-01 9.363619880775390231e-03 9.369268481856330918e-03
9.999999999999982236e+00 6.842644496605539972e-01 6.845951666531111535e-01 2.989465837676668070e-01 2.990910698872772944e-01 9.342080742739596391e-03 9.346595933977424123e-03
1.004999999999998295e+01 6.842339289979638695e-01 6.845045813722347994e-01 2.989226430380746979e-01 2.990408834813396144e-01 9.319490040158220218e-03 9.323176414071390750e-03
1.009999999999998188e+01 6.842069683067075747e-01 6.846369986179438039e-01 2.988978138416409358e-01 2.990856738399573223e-01 9.296977102383861477e-03 9.302820337168197715e-03
1.014999999999998082e+01 6.842078466425077776e-01 6.847257481512584176e-01 2.988981161505217532e-01 2.991243628766835361e-01 9.275348833220233360e-03 9.282369678097247140e-03
1.019999999999998153e+01 6.842108477555683965e-01 6.845940651512035791e-01 2.989129761521631679e-01 2.990803933344811094e-01 9.254271707497320823e-03 9.259454901996328618e-03
1.024999999999998224e+01 6.842088151779639471e-01 6.847123946316842069e-01 2.989255076678339895e-01 2.991455176129196314e-01 9.233220314064378986e-03 9.240015988043857528e-03
1.029999999999998117e+01 6.842150796127477452e-01 6.851228843726958617e-01 2.989292063522108744e-01 2.993258204644979603e-01 9.211994032425611934e-03 9.224216347133997254e-03
1.034999999999998010e+01 6.842245998051562639e-01 6.852243445048763482e-01 2.989237675278628714e-01 2.993605355895365694e-01 9.190584704930457663e-03 9.204013392453093065e-03
1.039999999999998082e+01 6.842338274034962531e-01 6.851385790923402164e-01 2.989199722702953199e-01 2.993152294746446174e-01 9.169324302769803550e-03 9.181448756890947527e-03
1.044999999999998153e+01 6.842549019141089817e-01 6.854148100131002286e-01 2.989316107022488289e-01 2.994383417396562219e-01 9.148633839395535483e-03 9.164142057831874827e-03
1.049999999999998046e+01 6.842832876586324442e-01 6.855354007283053219e-01 2.989533625428621999e-01 2.995003924341567147e-01 9.128346947873662229e-03 9.145050150661282115e-03
1.054999999999997939e+01 6.843008226638195302e-01 6.848053280865251669e-01 2.989679313604938216e-01 2.991883474956071876e-01 9.107933933297611417e-03 9.114648819363517507e-03
1.059999999999998010e+01 6.843052623356798980e-01 6.839534666570609156e-01 2.989697421616386297e-01 2.988160442885997581e-01 9.087226205520939140e-03 9.082554537647417534e-03
1.064999999999998082e+01 6.842975330365433928e-01 6.839190709187340511e-01 2.989625563472685377e-01 2.987972101392838420e-01 9.066339843738249055e-03 9.061325553882762854e-03
1.069999999999997975e+01 6.842745191248175152e-01 6.843044263742834588e-01 2.989503743727132123e-01 2.989634404495207232e-01 9.045397106587397054e-03 9.045792449304720581e-03
1.074999999999997868e+01 6.842542042728441132e-01 6.844787113729641215e-01 2.989424266901405947e-01 2.990405111401884808e-01 9.024677032155195219e-03 9.027638072156641061e-03
1.079999999999997939e+01 6.842557303121828971e-01 6.846370966753483334e-01 2.989451871686358286e-01 2.991118027098228493e-01 9.004373107489039782e-03 9.009391647886239723e-03
1.084999999999998010e+01 6.842625263949048131e-01 6.849262279279864085e-01 2.989504649539727055e-01 2.992404324361184198e-01 8.984236362253131616e-03 8.992950636697782593e-03
1.089999999999997904e+01 6.842612235962193257e-01 6.851076197196647177e-01 2.989531228108908145e-01 2.993229125279073255e-01 8.964111628512476740e-03 8.975199775949254180e-03
1.094999999999997797e+01 6.842756975090374949e-01 6.852526214393854787e-01 2.989628215584878568e-01 2.993896435773437670e-01 8.944287855152973157e-03 8.957057399471774276e-03
1.099999999999997868e+01 6.843103295761525651e-01 6.854732905764587825e-01 2.989783328241901739e-01 2.994864358382517411e-01 8.924726352960907910e-03 8.939893607112000401e-03
1.104999999999997939e+01 6.843275696219888182e-01 6.854431673788001778e-01 2.989818955791136990e-01 2.994692989029626995e-01 8.904896368700341777e-03 8.919413221234935921e-03
1.109999999999997833e+01 6.843206528321928994e-01 6.850355673312165106e-01 2.989747022915231200e-01 2.992870432220866572e-01 8.884835134963547931e-03 8.894117183420115896e-03
1.114999999999997726e+01 6.843258443286260873e-01 6.845751937610713433e-01 2.989789431671259212e-01 2.990878828344052387e-01 8.865202169521904305e-03 8.868432404281855266e-03
1.119999999999997797e+01 6.843457066485328921e-01 6.842180115166333065e-01 2.989963913239883642e-01 2.989406002475533120e-01 8.846047080591380035e-03 8.844396457028213046e-03
1.124999999999997868e+01 6.843469594708566639e-01 6.840398099268327758e-01 2.990049068039861702e-01 2.988707070102780694e-01 8.826713115984839708e-03 8.822751498458399760e-03
1.129999999999997762e+01 6.843288583060586072e-01 6.842958308340439944e-01 2.989959389196403805e-01 2.989815086060779725e-01 8.806949599989417204e-03 8.806524553934561017e-03
1.134999999999997655e+01 6.843172261794409073e-01 6.847718599878013235e-01 2.989818824978510703e-01 2.991805144578115749e-01 8.787123659011061849e-03 8.792961482962876468e-03
1.139999999999997726e+01 6.843162971309142417e-01 6.848780462536109281e-01 2.989751056052485367e-01 2.992205315931814047e-01 8.767598404846007124e-03 8.774795647893891479e-03
1.144999999999997797e+01 6.843208994964559144e-01 6.847902550226770968e-01 2.989819968376060677e-01 2.991870597730792447e-01 8.748558795540786054e-03 8.754559174047681080e-03
1.149999999999997691e+01 6.843352298632855435e-01 6.850923486238432725e-01 2.990009646037445901e-01 2.993317662779059196e-01 8.729955170912257617e-03 8.739613613953464699e-03
1.154999999999997584e+01 6.843508759936038910e-01 6.854469736599910767e-01 2.990159464698628478e-01 2.994948684565736929e-01 8.711316721627478457e-03 8.725269292252703715e-03
1.159999999999997655e+01 6.843520381611682968e-01 6.852422917622251752e-01 2.990123077602508950e-01 2.994012841479871678e-01 8.692218248844512524e-03 8.703525701976379952e-03
1.164999999999997726e+01 6.843450730112814462e-01 6.848733053351447886e-01 2.989985305851217134e-01 2.992293215922779970e-01 8.672908791446613114e-03 8.679603236904373867e-03
1.169999999999997620e+01 6.843449080831642828e-01 6.848517344501953152e-01 2.989940451863329907e-01 2.992154804069298013e-01 8.653952103801253529e-03 8.660361227407528673e-03
1.174999999999997513e+01 6.843530461518022578e-01 6.847701556742501472e-01 2.990053468293076833e-01 2.991875889894421991e-01 8.635533482434887970e-03 8.640796793918917654e-03
1.179999999999997584e+01 6.843697281693057466e-01 6.843472926689621039e-01 2.990251396873204737e-01 2.990153368302563841e-01 8.617439184072645322e-03 8.617156680987225759e-03
1.184999999999997655e+01 6.843911113765996923e-01 6.841081991610099555e-01 2.990397070605770313e-01 2.989160906303407472e-01 8.599272668887918830e-03 8.595717918917068420e-03
1.189999999999997549e+01 6.843971991372493902e-01 6.843130568090669552e-01 2.990368285537521320e-01 2.990000638577561265e-01 8.580683746162193204e-03 8.579628805100615249e-03
1.194999999999997442e+01 6.843848358720655556e-01 6.846140387775333513e-01 2.990232062416421366e-01 2.991233501724841481e-01 8.561867036267500203e-03 8.564734435862118161e-03
1.199999999999997513e+01 6.843835086487780606e-01 6.848974389078503755e-01 2.990216949177202377e-01 2.992462419665535833e-01 8.543476997649158966e-03 8.549892627615825538e-03
1.204999999999997584e+01 6.844003486301019068e-01 6.852357343410264701e-01 2.990366277532754413e-01 2.994016347646952791e-01 8.525634433450486258e-03 8.536040905622113706e-03
1.209999999999997478e+01 6.844028743020281746e-01 6.853920264066597490e-01 2.990462596211465041e-01 2.994784644645117622e-01 8.507717201170605925e-03 8.520013213784127445e-03
1.214999999999997371e+01 6.843836981800774932e-01 6.852556109999505818e-01 2.990402370617086802e-01 2.994212178142388048e-01 8.489431854129425581e-03 8.500247489403525356e-03
1.219999999999997442e+01 6.843737462902856894e-01 6.850801401796065004e-01 2.990325121381069984e-01 2.993411662038534260e-01 8.471175981249499248e-03 8.479919722488774361e-03
1.224999999999997513e+01 6.843802879142156792e-01 6.849338898046555268e-01 2.990320935221755239e-01 2.992739834994286863e-01 8.453204057163980767e-03 8.460041936379617683e-03
1.229999999999997407e+01 6.843841202838260029e-01 6.847186381184512394e-01 2.990345932630975589e-01 2.991807573859222025e-01 8.435390501074693098e-03 8.439513607501341816e-03
1.234999999999997300e+01 6.843895496982559390e-01 6.845421982362533964e-01 2.990407362347919928e-01 2.991074352824441007e-01 8.417754714561359250e-03 8.419632238773944871e-03
1.239999999999997371e+01 6.844107805107476628e-01 6.843959483332365812e-01 2.990535304539665429e-01 2.990470495288038988e-01 8.400380068931654481e-03 8.400198020472029667e-03
1.244999999999997442e+01 6.844339454736718675e-01 6.841382195179681602e-01 2.990657578860240751e-01 2.989365394162886158e-01 8.383062589657305774e-03 8.379440488193102415e-03
1.249999999999997335e+01 6.844426649066668311e-01 6.841100321476397683e-01 2.990710377685386057e-01 2.989256920302632015e-01 8.365623434085006638e-03 8.361557819028350713e-03
1.254999999999997229e+01 6.844444058559056021e-01 6.846850570324578555e-01 2.990726859690823192e-01 2.991778401541955734e-01 8.348155923770625431e-03 8.351091141777974500e-03
1.259999999999997300e+01 6.844444324875657015e-01 6.853276031924538936e-01 2.990720258848857949e-01 2.994579325259160152e-01 8.330697099857550803e-03 8.341446588465636219e-03
1.264999999999997371e+01 6.844366082436356136e-01 6.853623695459365450e-01 2.990669667463766723e-01 2.994714813811516496e-01 8.313188790726254440e-03 8.324433116918748127e-03
1.269999999999997264e+01 6.844258653705672657e-01 6.851147319845725114e-01 2.990627397295693157e-01 2.993637428729574168e-01 8.295776414135079893e-03 8.304126015893418741e-03
1.274999999999997158e+01 6.844217348194894246e-01 6.850973772975887943e-01 2.990656154073146888e-01 2.993608448298014091e-01 8.278632952451627294e-03 8.286805393212505477e-03
1.279999999999997229e+01 6.844218417621084072e-01 6.850561491198918773e-01 2.990718748886556089e-01 2.993490482328895474e-01 8.261654002449058537e-03 8.269310724665466725e-03
1.284999999999997300e+01 6.844246886125799900e-01 6.847830161348936739e-01 2.990751435728868923e-01 2.992317230431560393e-01 8.244662813863190207e-03 8.248979270659031679e-03
1.289999999999997193e+01 6.844325542444691379e-01 6.846390562765951593e-01 2.990742541816016065e-01 2.991644886990307839e-01 8.227627350250399374e-03 8.230109730372246399e-03
1.294999999999997087e+01 6.844387797252019512e-01 6.846923765563726061e-01 2.990713451009403556e-01 2.991821563928458438e-01 8.210606591652456696e-03 8.213648768506416967e-03
1.299999999999997158e+01 6.844433702466256042e-01 6.846045530574345062e-01 2.990739033957194870e-01 2.991443337256554091e-01 8.193805572485474142e-03 8.195735170565911221e-03
1.304999999999997229e+01 6.844610098141773458e-01 6.844643910563072975e-01 2.990896263547428990e-01 2.990911038595689408e-01 8.177433393157709091e-03 8.177473789735318146e-03
1.309999999999997122e+01 6.844851235693441005e-01 6.845862614569587778e-01 2.991084025837611460e-01 2.991525981271899726e-01 8.161211530252699201e-03 8.162417411383090723e-03
1.314999999999997016e+01 6.844858156894118029e-01 6.848120672599253833e-01 2.991089958143045013e-01 2.992515623619266263e-01 8.144560811825865554e-03 8.148442814484057120e-03
1.319999999999997087e+01 6.844640377934465558e-01 6.848755583967108818e-01 2.990920480880160381e-01 2.992718713267321640e-01 8.127501306739576964e-03 8.132387807791645676e-03
1.324999999999997158e+01 6.844527359565329983e-01 6.848550263401641525e-01 2.990807711344232178e-01 2.992565572944247965e-01 8.110664979916571565e-03 8.115432062221698828e-03
1.329999999999997051e+01 6.844579452271435382e-01 6.848263774172440588e-01 2.990855765167055313e-01 2.992465692478907258e-01 8.094332246730878005e-03 8.098689289523439139e-03
1.334999999999996945e+01 6.844587289527929164e-01 6.847730421983957427e-01 2.990953761782446652e-01 2.992327250562043517e-01 8.078200571998515184e-03 8.081910197331659135e-03
1.339999999999997016e+01 6.844550880221063061e-01 6.848193225121150807e-01 2.991006969058853660e-01 2.992598640911474650e-01 8.062013393689643204e-03 8.066303614316653464e-03
1.344999999999997087e+01 6.844594175948927051e-01 6.849532474291163409e-01 2.991004723129123688e-01 2.993162699670340876e-01 8.045742362149636492e-03 8.051547275508660201e-03
1.349999999999996980e+01 6.844651124132762332e-01 6.849610833029616819e-01 2.990952392894168366e-01 2.993119669636850055e-01 8.029402397031332878e-03 8.035220589629136351e-03
1.354999999999996874e+01 6.844672631244366201e-01 6.849394178887766582e-01 2.990919436311214596e-01 2.992982612941701426e-01 8.013180003512976324e-03 8.018707603326739181e-03
1.359999999999996945e+01 6.844786679473952029e-01 6.850871402973153224e-01 2.991008255366649493e-01 2.993667134170324706e-01 7.997348276381426035e-03 8.004457577995529455e-03
1.364999999999997016e+01 6.844990415193650257e-01 6.850839573581934960e-01 2.991174620456011901e-01 2.993730629020060485e-01 7.981786845779895168e-03 7.988607415663947706e-03
1.369999999999996909e+01 6.845088940477624950e-01 6.846600198352763567e-01 2.991256114681928313e-01 2.991916523830615571e-01 7.966061557075717128e-03 7.967820303144124844e-03
1.374999999999996803e+01 6.845024033685668252e-01 6.842990615074261429e-01 2.991200595190182110e-01 2.990312013509419664e-01 7.950034804492188065e-03 7.947673125606440764e-03
1.379999999999996874e+01 6.844904663445929849e-01 6.844080978843687380e-01 2.991098998286071398e-01 2.990739063077356708e-01 7.933949597575795307e-03 7.932994862274165768e-03
1.384999999999996945e+01 6.844797733018422869e-01 6.846097855609193372e-01 2.991036845988496173e-01 2.991604973013570756e-01 7.918032682960951876e-03 7.919536659202050174e-03
1.389999999999996838e+01 6.844738353867091396e-01 6.846106503521260933e-01 2.991039328864095737e-01 2.991637188009592663e-01 7.902349613907792142e-03 7.903929162508841963e-03
1.394999999999996732e+01 6.844748203076453930e-01 6.846981140705580282e-01 2.991081439256259022e-01 2.992057209014231667e-01 7.886833063299307847e-03 7.889405956530613773e-03
1.399999999999996803e+01 6.844758807593148697e-01 6.849408860736332372e-01 2.991101782651939267e-01 2.993133816597470798e-01 7.871320480663008753e-03 7.876667938414407336e-03
1.404999999999996874e+01 6.844751599239510265e-01 6.850466367334966389e-01 2.991093220224946281e-01 2.993590521092281964e-01 7.855793093171241359e-03 7.862351992363193418e-03
1.409999999999996767e+01 6.844847634361710398e-01 6.850690924274409621e-01 2.991126429966345368e-01 2.993679886205179441e-01 7.840436251550064739e-03 7.847129452700348992e-03
1.414999999999996660e+01 6.845035282443578950e-01 6.852071287836225544e-01 2.991203465345688706e-01 2.994278120602273940e-01 7.825254323991347877e-03 7.833297895624010201e-03
1.419999999999996732e+01 6.845120920338795267e-01 6.852227954483922634e-01 2.991236025708048363e-01 2.994341714682464684e-01 7.810015732919195833e-03 7.818124581416365654e-03
1.424999999999996803e+01 6.845103056440839939e-01 6.848951948204744511e-01 2.991227726279863663e-01 2.992909645699441956e-01 7.794730231348189452e-03 7.799113083255884704e-03
1.429999999999996696e+01 6.845159065723738223e-01 6.844967366742480408e-01 2.991269177635955678e-01 2.991185407010830133e-01 7.779633751979087714e-03 7.779415882993065412e-03
1.434999999999996589e+01 6.845233864858210060e-01 6.843224165888809329e-01 2.991334603090687327e-01 2.990456374210908042e-01 7.764658281870710603e-03 7.762378648178876357e-03
1.439999999999996660e+01 6.845142851883427859e-01 6.843719796982651316e-01 2.991315485685244191e-01 2.990693613175965382e-01 7.749521983640538479e-03 7.747910914963650197e-03
1.444999999999996732e+01 6.844976522004351249e-01 6.845792654035322000e-01 2.991225192752366979e-01 2.991581838926945514e-01 7.734260356179367864e-03 7.735182518233869181e-03
1.449999999999996625e+01 6.844928078823204753e-01 6.847961143567973252e-01 2.991161994665254564e-01 2.992487412242683664e-01 7.719127728168410224e-03 7.722548160626291867e-03
1.454999999999996518e+01 6.844953012910792722e-01 6.848315754158829094e-01 2.991155660519904114e-01 2.992625134817237242e-01 7.704200027095707212e-03 7.707984893283300817e-03
1.459999999999996589e+01 6.844968170509915240e-01 6.848272043186712787e-01 2.991200820227800650e-01 2.992644588323515320e-01 7.689462262796412442e-03 7.693173748903648496e-03
1.464999999999996660e+01 6.845044152245282065e-01 6.850241949814444009e-01 2.991298474318281331e-01 2.993569922623453561e-01 7.674915905883990253e-03 7.680743868180775827e-03
1.469999999999996554e+01 6.845165457087543093e-01 6.851920834697893259e-01 2.991376954240361208e-01 2.994329093385496021e-01 7.660376323278783074e-03 7.667936218656848900e-03
1.474999999999996447e+01 6.845189211448590161e-01 6.850445532534856774e-01 2.991346306600535243e-01 2.993643317856471420e-01 7.645613563196267289e-03 7.651484518483004857e-03
1.479999999999996518e+01 6.845130807934762807e-01 6.848390477986667779e-01 2.991259426002650379e-01 2.992683871939770812e-01 7.630763841843505972e-03 7.634397632499425462e-03
1.484999999999996589e+01 6.845135841155568501e-01 6.848062355529637157e-01 2.991252644939237371e-01 2.992531501059119137e-01 7.616174780239952369e-03 7.619430938406423701e-03
1.489999999999996483e+01 6.845221972638428909e-01 6.846837450616047871e-01 2.991351548987839504e-01 2.992057510397129194e-01 7.601909908482449435e-03 7.603703965431089090e-03
1.494999999999996376e+01 6.845307850690450779e-01 6.844165012170569939e-01 2.991461245637747624e-01 2.990961814901129667e-01 7.587726685194043363e-03 7.586459898290764080e-03
1.499999999999996447e+01 6.845344145464694607e-01 6.843911257567987239e-01 2.991488349656461487e-01 2.990862162373795208e-01 7.573388226978394755e-03 7.571802942718479541e-03
1.504999999999996518e+01 6.845301904461654763e-01 6.846342155983347055e-01 2.991415369386197787e-01 2.991869962102990943e-01 7.558851217653068423e-03 7.559999904240038288e-03
1.509999999999996412e+01 6.845227883350770703e-01 6.847808872418391646e-01 2.991329175542815078e-01 2.992457054414241480e-01 7.544335877787689860e-03 7.547180465105284702e-03
1.514999999999996305e+01 6.845252161769724841e-01 6.848373576872641699e-01 2.991349714263427106e-01 2.992713761044399901e-01 7.530144025836202001e-03 7.533577749639783910e-03
1.519999999999996376e+01 6.845356780219303827e-01 6.850203720346007552e-01 2.991460994971636422e-01 2.993579136187576317e-01 7.516233655707638996e-03 7.521555618561759186e-03
1.524999999999996447e+01 6.845360247348881710e-01 6.851602321624622460e-01 2.991517869372419813e-01 2.994245742860898174e-01 7.502239170839935037e-03 7.509080232880006520e-03
1.529999999999996341e+01 6.845253213649884483e-01 6.850545823017574198e-01 2.991467508727061464e-01 2.993780450040650631e-01 7.488028807827448036e-03 7.493818398099261202e-03
1.534999999999996234e+01 6.845207569579095930e-01 6.848934787309879368e-01 2.991402798231956872e-01 2.993031618021007034e-01 7.473835848174794141e-03 7.477905354206149623e-03
1.539999999999996305e+01 6.845236369605744997e-01 6.848329343066035246e-01 2.991386732297862672e-01 2.992738370031446937e-01 7.459817287525852617e-03 7.463187955190651000e-03
1.544999999999996376e+01 6.845243621098084930e-01 6.847519243056046090e-01 2.991409116747507646e-01 2.992403576060881365e-01 7.445946774729338136e-03 7.448422093493180761e-03
1.549999999999996270e+01 6.845298666776037377e-01 6.846002718161939837e-01 2.991478552857677053e-01 2.991786231853665878e-01 7.432244851820326258e-03 7.433009271686137100e-03
1.554999999999996163e+01 6.845466455186816068e-01 6.844498078757981219e-01 2.991581239084136756e-01 2.991158042684616269e-01 7.418676352347527807e-03 7.417626888244563919e-03
1.559999999999996234e+01 6.845592512587773681e-01 6.843505882441915933e-01 2.991634094197482829e-01 2.990722203243580957e-01 7.405034886627443781e-03 7.402777730800953748e-03
1.564999999999996305e+01 6.845577555624955401e-01 6.844522642388415345e-01 2.991612336542606165e-01 2.991151324827119318e-01 7.391259633212131884e-03 7.390120629591410278e-03
1.569999999999996199e+01 6.845551394265846357e-01 6.848312489315485641e-01 2.991595531604582803e-01 2.992802166269505904e-01 7.377547550196269545e-03 7.380523221379803323e-03
1.574999999999996092e+01 6.845576927838905590e-01 6.851604744180056494e-01 2.991614331805673155e-01 2.994248573148041714e-01 7.363973739829359454e-03 7.370458026210574380e-03
1.579999999999996163e+01 6.845548845961464401e-01 6.851441264159958688e-01 2.991613753803150644e-01 2.994188834300337554e-01 7.350402343496694434e-03 7.356729322605262168e-03
1.584999999999996234e+01 6.845460023069596112e-01 6.850136690375273618e-01 2.991588163324634397e-01 2.993631950375953421e-01 7.336819529919408334e-03 7.341831883202839040e-03
1.589999999999996128e+01 6.845416981787557642e-01 6.850069670123458687e-01 2.991587503279660165e-01 2.993620823429384847e-01 7.323347621247647959e-03 7.328325149153950592e-03
1.594999999999996021e+01 6.845428651233350648e-01 6.849329319183240505e-01 2.991609753142381312e-01 2.993314434744833719e-01 7.309981070598377088e-03 7.314146450201192834e-03
1.599999999999996092e+01 6.845445461649015684e-01 6.847266020872251335e-01 2.991617582045180690e-01 2.992413208423609916e-01 7.296628248890694828e-03 7.298568801033205114e-03
1.604999999999996163e+01 6.845478830353601829e-01 6.846460183038911573e-01 2.991612616836886174e-01 2.992041487796492927e-01 7.283293041599245461e-03 7.284337158360308477e-03
1.609999999999995879e+01 6.845538588498267796e-01 6.846644957785050778e-01 2.991622419707975489e-01 2.992105922812957619e-01 7.270042332218664034e-03 7.271217309387514698e-03
1.614999999999995950e+01 6.845619064803994958e-01 6.845405071057852897e-01 2.991673483979382375e-01 2.991579964399924130e-01 7.256939924752909242e-03 7.256713073135060213e-03
1.619999999999996021e+01 6.845738781256247574e-01 6.844440136273675090e-01 2.991771117956647519e-01 2.991203575332617159e-01 7.243997864301820501e-03 7.242623669086250930e-03
1.624999999999996092e+01 6.845838396265446768e-01 6.846514775976556555e-01 2.991849202145147046e-01 2.992144801600158388e-01 7.231055473462600844e-03 7.231769913233021194e-03
1.629999999999996163e+01 6.845799141440712665e-01 6.849335768735840269e-01 2.991820038383861124e-01 2.993365650837753744e-01 7.217901178248166752e-03 7.221630038209306962e-03
1.634999999999995879e+01 6.845672642607907310e-01 6.849721742468963814e-01 2.991719350888669693e-01 2.993488902405434526e-01 7.204622157468210282e-03 7.208883569910750667e-03
1.639999999999995950e+01 6.845629179827410482e-01 6.848859052017877147e-01 2.991675210145434693e-01 2.993086728109719541e-01 7.191526947464998119e-03 7.194920019494528869e-03
1.644999999999996021e+01 6.845660828921881214e-01 6.848600984949977377e-01 2.991719888527235582e-01 2.993004808052822652e-01 7.178691994066562637e-03 7.181775184289926686e-03
1.649999999999995737e+01 6.845651363223138608e-01 6.848434834055494580e-01 2.991777302785645354e-01 2.992993772105708716e-01 7.165933659366826095e-03 7.168847358337037887e-03
1.654999999999995808e+01 6.845638752218834444e-01 6.848174939762821101e-01 2.991802546195919676e-01 2.992910955889502844e-01 7.153144163050625254e-03 7.155794275886449146e-03
1.659999999999995879e+01 6.845689507035452870e-01 6.848306019811422063e-01 2.991794993268683811e-01 2.992938496755793709e-01 7.140322179638874250e-03 7.143051304906440462e-03
1.664999999999995950e+01 6.845722218771523870e-01 6.848340442914162551e-01 2.991755250403879129e-01 2.992899481147568430e-01 7.127469327942545507e-03 7.130195309464140707e-03
1.669999999999996021e+01 6.845716929909916315e-01 6.848314562072904677e-01 2.991737118734194567e-01 2.992872344254384753e-01 7.114713718749580626e-03 7.117413422721496213e-03
1.674999999999995737e+01 6.845801435208876962e-01 6.848793475860589508e-01 2.991816217346212614e-01 2.993123826956201050e-01 7.102234343848586560e-03 7.105338461617104889e-03
1.679999999999995808e+01 6.845961673655723834e-01 6.848497927139162167e-01 2.991943013774990279e-01 2.993051452041616267e-01 7.089912354917049173e-03 7.092538985880617389e-03
1.684999999999995879e+01 6.846012544464216143e-01 6.846592187398514717e-01 2.991979803917999003e-01 2.992233130937433927e-01 7.077421180172687072e-03 7.078020416173716120e-03
1.689999999999995595e+01 6.845921340844506320e-01 6.845478869160335211e-01 2.991903844224408360e-01 2.991710468830955927e-01 7.064708014697550741e-03 7.064251402198253559e-03
1.694999999999995666e+01 6.845829887751312404e-01 6.846476560633706354e-01 2.991822134649108067e-01 2.992104749069148806e-01 7.052026245489953320e-03 7.052692396155930271e-03
1.699999999999995737e+01 6.845796743418476327e-01 6.847166314024507594e-01 2.991805972580710016e-01 2.992404513506269348e-01 7.039543464895798609e-03 7.040951796485350050e-03
1.704999999999995808e+01 6.845785349620097104e-01 6.846755959723732632e-01 2.991837953441505160e-01 2.992262142632042821e-01 7.027217741495030839e-03 7.028214075471631191e-03
1.709999999999995879e+01 6.845789140062371603e-01 6.847548410486271608e-01 2.991874878739455568e-01 2.992643748022234540e-01 7.014946960702134367e-03 7.016749702279575715e-03
1.714999999999995595e+01 6.845802799250634285e-01 6.849293238676306128e-01 2.991883082270274663e-01 2.993408540565465348e-01 7.002652035740851953e-03 7.006222447198290869e-03
1.719999999999995666e+01 6.845818296935556324e-01 6.849652764652853776e-01 2.991866680383796773e-01 2.993542479492505848e-01 6.990342711177106004e-03 6.994258129655398122e-03
1.724999999999995737e+01 6.845877065043604048e-01 6.849575705720470920e-01 2.991873689597324137e-01 2.993490117357164859e-01 6.978131054454410863e-03 6.981901148354913850e-03
1.729999999999995453e+01 6.845979969219625483e-01 6.850715468701761290e-01 2.991920992730227047e-01 2.993990563540449568e-01 6.966055862002868034e-03 6.970874420350300742e-03
1.734999999999995524e+01 6.846047228133365081e-01 6.850751342100022123e-01 2.991965140109366095e-01 2.994021004542422038e-01 6.954015433142058701e-03 6.958793735136377563e-03
1.739999999999995595e+01 6.846070271741645508e-01 6.847861632170079149e-01 2.991987132394346993e-01 2.992770023474720098e-01 6.941965504395246518e-03 6.943781957017921939e-03
1.744999999999995666e+01 6.846106752823045705e-01 6.844924800315345115e-01 2.992008505032079935e-01 2.991491946923469092e-01 6.929956004706623249e-03 6.928759575966354951e-03
1.749999999999995737e+01 6.846108792563702083e-01 6.844588337583474846e-01 2.992012369584033937e-01 2.991347872386271867e-01 6.917947675338816799e-03 6.916411265633008558e-03
1.754999999999995453e+01 6.846012627711904885e-01 6.845719247721471223e-01 2.991969642900942361e-01 2.991841424611998423e-01 6.905873382344943773e-03 6.905577437073290303e-03
1.759999999999995524e+01 6.845917589064328679e-01 6.846842801783086241e-01 2.991918804524216213e-01 2.992323156650198435e-01 6.893822130240139824e-03 6.894753817166365817e-03
1.764999999999995595e+01 6.845918012870615410e-01 6.847800554974249332e-01 2.991906372699322247e-01 2.992729109650911212e-01 6.881900799768433594e-03 6.883793236689857847e-03
1.769999999999995310e+01 6.845937371879107225e-01 6.848306595565357702e-01 2.991915882791869041e-01 2.992951317034358016e-01 6.870070913414177451e-03 6.872448489171901521e-03
1.774999999999995381e+01 6.845934183399535744e-01 6.848699144769240243e-01 2.991937525956522848e-01 2.993145920816627781e-01 6.858309515086596572e-03 6.861079474651306936e-03
1.779999999999995453e+01 6.845999107899021219e-01 6.849815440591446869e-01 2.991993291290893087e-01 2.993661191276433264e-01 6.846666570459720644e-03 6.850483275232123644e-03
1.784999999999995524e+01 6.846115407536883524e-01 6.850635017673283311e-01 2.992046346216433728e-01 2.994021609879101709e-01 6.835057330020418397e-03 6.839569639929425626e-03
1.789999999999995595e+01 6.846145667170777660e-01 6.849786042547523213e-01 2.992030356695500881e-01 2.993621341487019416e-01 6.823330345941859207e-03 6.826958589480099440e-03
1.794999999999995310e+01 6.846102885357132628e-01 6.848409274066075136e-01 2.991981682981665891e-01 2.992989653923170401e-01 6.811568999389119687e-03 6.813863753951452350e-03
1.799999999999995381e+01 6.846119659089523468e-01 6.847587926049393259e-01 2.991995467863655112e-01 2.992637152249599808e-01 6.799989699690135898e-03 6.801448073294556057e-03
1.804999999999995453e+01 6.846192460204465480e-01 6.846317579093531558e-01 2.992070108204201162e-01 2.992124790349075525e-01 6.788587880213740010e-03 6.788711946339376010e-03
1.809999999999995168e+01 6.846221255659550309e-01 6.845045066400777811e-01 2.992119924162068845e-01 2.991605874267340148e-01 6.777168571148525257e-03 6.776004245226149685e-03
1.814999999999995239e+01 6.846192133923970635e-01 6.845859577762281045e-01 2.992099724130163896e-01 2.991954381846426703e-01 6.765629675817227268e-03 6.765301033004932595e-03
1.819999999999995310e+01 6.846147790258758636e-01 6.847777255074729563e-01 2.992037083798063657e-01 2.992749224304739331e-01 6.754034049205572682e-03 6.755641589852695930e-03
1.824999999999995381e+01 6.846120175329660773e-01 6.848191673762291654e-01 2.991995348201350602e-01 2.992900665887209266e-01 6.742524728341082497e-03 6.744564880872595120e-03
1.829999999999995453e+01 6.846147115652211346e-01 6.848115587581606878e-01 2.992026712985980108e-01 2.992887010098650435e-01 6.731218701880730369e-03 6.733154128455916786e-03
1.834999999999995168e+01 6.846212817881413004e-01 6.849506277650045938e-01 2.992106266167116058e-01 2.993545657823968309e-01 6.720058991953107436e-03 6.723291763782084617e-03
1.839999999999995239e+01 6.846230506430523999e-01 6.850569220250046776e-01 2.992144502334846967e-01 2.994040736867134012e-01 6.708844175638680948e-03 6.713095822572059598e-03
1.844999999999995310e+01 6.846188177241938622e-01 6.849523495768995440e-01 2.992108152411780964e-01 2.993565844414590726e-01 6.697500061358222651e-03 6.700762942170332068e-03
1.849999999999995026e+01 6.846165408981572664e-01 6.848289884183451637e-01 2.992057002831767232e-01 2.992985486227273118e-01 6.686160900182730460e-03 6.688235723412911012e-03
1.854999999999995097e+01 6.846176000860432209e-01 6.848235619934853746e-01 2.992045242481431444e-01 2.992945376140304647e-01 6.674947557125346376e-03 6.676955663447428115e-03
1.859999999999995168e+01 6.846191395762855070e-01 6.847767255098677897e-01 2.992078607808621449e-01 2.992767325773846299e-01 6.663872177747497648e-03 6.665406070765815538e-03
1.864999999999995239e+01 6.846255135220357113e-01 6.846286577671858442e-01 2.992147932005345679e-01 2.992161673892608231e-01 6.652913689839578572e-03 6.652944244341551377e-03
1.869999999999995310e+01 6.846366826357336288e-01 6.845282781628507784e-01 2.992213259456502072e-01 2.991739476340038451e-01 6.641982817883478225e-03 6.640931135050040686e-03
1.874999999999995026e+01 6.846410000554051800e-01 6.845462886403361757e-01 2.992215174514541998e-01 2.991801239425427861e-01 6.630947755156890028e-03 6.630030447480183414e-03
1.879999999999995097e+01 6.846365574300651291e-01 6.846686788185135653e-01 2.992171802560905647e-01 2.992312187575014715e-01 6.619849120709979037e-03 6.620159707024379607e-03
1.884999999999995168e+01 6.846361403659532163e-01 6.848788161732997093e-01 2.992166953544116437e-01 2.993227555648437788e-01 6.608872343554105314e-03 6.611214921365969437e-03
1.889999999999994884e+01 6.846410598662563407e-01 6.850442267858217749e-01 2.992207340525666615e-01 2.993969371883260511e-01 6.598031621886817077e-03 6.601917027305987881e-03
1.894999999999994955e+01 6.846391011986914243e-01 6.850395391822713398e-01 2.992219707200369783e-01 2.993969824048621220e-01 6.587165013099339182e-03 6.591017774460376268e-03
1.899999999999995026e+01 6.846307138782368185e-01 6.849691270320031888e-01 2.992191281212699394e-01 2.993670322201689160e-01 6.576244574093855107e-03 6.579495213630096560e-03
1.904999999999995097e+01 6.846275316996994764e-01 6.849413983411076767e-01 2.992175624114261634e-01 2.993547383312015198e-01 6.565388094600694592e-03 6.568397988616610575e-03
1.909999999999995168e+01 6.846299488321784255e-01 6.848671336083204109e-01 2.992183691794855216e-01 2.993220310803890172e-01 6.554619259134413824e-03 6.556890056525509214e-03
1.914999999999994884e+01 6.846314548037344405e-01 6.847399943266680999e-01 2.992189398555297197e-01 2.992663771749177748e-01 6.543880587327069107e-03 6.544918035536758695e-03
1.919999999999994955e+01 6.846338603603525641e-01 6.846929566339989837e-01 2.992198704094867212e-01 2.992456984912775786e-01 6.533184943438585107e-03 6.533748875355416437e-03
1.924999999999995026e+01 6.846404031232516951e-01 6.846671630382048512e-01 2.992229441128912981e-01 2.992346395671764414e-01 6.522570988836877935e-03 6.522825930619659783e-03
1.929999999999994742e+01 6.846480019067615608e-01 6.845480419052368815e-01 2.992275280628783340e-01 2.991838402348585557e-01 6.512024549790617484e-03 6.511073780954496418e-03
1.934999999999994813e+01 6.846540679194469403e-01 6.845265298713073543e-01 2.992321748594782838e-01 2.991764335890902959e-01 6.501513848114694356e-03 6.500302739578290440e-03
1.939999999999994884e+01 6.846572120083844748e-01 6.847642437934325921e-01 2.992345883353169089e-01 2.992813673826648646e-01 6.490988900983023918e-03 6.492003630860419990e-03
1.944999999999994955e+01 6.846542914290473236e-01 6.849988874529294725e-01 2.992321455475432934e-01 2.993827532467343566e-01 6.480392973417298773e-03 6.483654645300158947e-03
1.949999999999995026e+01 6.846477369819189418e-01 6.849878826140084476e-01 2.992270506270398034e-01 2.993757121485435269e-01 6.469774067611681195e-03 6.472988370779329814e-03
1.954999999999994742e+01 6.846448634396991029e-01 6.848990045595071408e-01 2.992253172955937623e-01 2.993363901470431632e-01 6.459262111075969939e-03 6.461659798101320948e-03
1.959999999999994813e+01 6.846452726819636236e-01 6.848973730970275842e-01 2.992280967811211667e-01 2.993382786963512121e-01 6.448881396144863498e-03 6.451256006386890847e-03
1.964999999999994884e+01 6.846442811841461085e-01 6.848786978004164361e-01 2.992312170750671685e-01 2.993336714025434109e-01 6.438541518559820834e-03 6.440746022647528615e-03
1.969999999999994600e+01 6.846446456868423569e-01 6.848045805630302851e-01 2.992322962094970951e-01 2.993021976986085519e-01 6.428191110837758009e-03 6.429692753998047031e-03
1.974999999999994671e+01 6.846483896234583089e-01 6.847814175213379206e-01 2.992312365142572039e-01 2.992893774563476494e-01 6.417828128992122093e-03 6.419075119707198795e-03
1.979999999999994742e+01 6.846498358996788713e-01 6.847957639865923651e-01 2.992286051367842870e-01 2.992923835175094194e-01 6.407464778089610839e-03 6.408830482173660283e-03
1.984999999999994813e+01 6.846501363695909337e-01 6.847782154621807615e-01 2.992287985818626872e-01 2.992847760088187536e-01 6.397195052525134901e-03 6.398391790674917701e-03
1.989999999999994884e+01 6.846580928772957320e-01 6.847671158580062034e-01 2.992360101488633628e-01 2.992836596283652284e-01 6.387108007446400115e-03 6.388125072110261045e-03
1.994999999999994600e+01 6.846689924472678657e-01 6.847704079988423675e-01 2.992444496509909513e-01 2.992887747792671860e-01 6.377079374554959004e-03 6.378023969723339848e-03
1.999999999999994671e+01 6.846685696784551300e-01 6.847406178246485675e-01 2.992441599218222947e-01 2.992756495913301285e-01 6.366897019613250962e-03 6.367567012581502872e-03
2.004999999999994742e+01 6.846589496146489040e-01 6.847300073793338715e-01 2.992364762060912842e-01 2.992675326541569536e-01 6.356590041552667193e-03 6.357249764294370560e-03
2.009999999999994458e+01 6.846539797256258053e-01 6.847740704431101166e-01 2.992314745825438438e-01 2.992839608362437565e-01 6.346372737699773961e-03 6.347485913812179505e-03
2.014999999999994529e+01 6.846549419575159723e-01 6.847777707135781489e-01 2.992328608198973061e-01 2.992865439204126510e-01 6.336323151294819163e-03 6.337459903026219053e-03
2.019999999999994600e+01 6.846545666658946372e-01 6.847473669868446855e-01 2.992363773407156202e-01 2.992769368187490064e-01 6.326350472319579830e-03 6.327207966569757015e-03
2.024999999999994671e+01 6.846533344944478738e-01 6.848096838481907422e-01 2.992383746070206296e-01 2.993067095206589645e-01 6.316377300412055230e-03 6.317819726029750768e-03
2.029999999999994742e+01 6.846542491628210270e-01 6.849074839168757256e-01 2.992378636265309311e-01 2.993485434724414418e-01 6.306382795079693189e-03 6.308715352422380671e-03
2.034999999999994458e+01 6.846558178818773488e-01 6.849051045995314668e-01 2.992356972439467189e-01 2.993446505060421980e-01 6.296385002502834574e-03 6.298677548785748537e-03
2.039999999999994529e+01 6.846587558112442462e-01 6.849042471531289200e-01 2.992354434398696306e-01 2.993427373434763838e-01 6.286458895795591327e-03 6.288712969400775052e-03
2.044999999999994600e+01 6.846651241701823265e-01 6.849930440788779551e-01 2.992393886045732199e-01 2.993827091119647399e-01 6.276652094485028061e-03 6.279658292857163461e-03
2.049999999999994316e+01 6.846713266805956044e-01 6.849667725855027589e-01 2.992443957048236403e-01 2.993735241316062279e-01 6.266898339368045731e-03 6.269602599614801375e-03
2.054999999999994387e+01 6.846736588553680170e-01 6.847304100441337082e-01 2.992465400012404020e-01 2.992713439303231748e-01 6.257115316283134825e-03 6.257633955678488027e-03
2.059999999999994458e+01 6.846731551255689219e-01 6.845531199943142298e-01 2.992457091672031666e-01 2.991932461814582611e-01 6.247300817686924149e-03 6.246205557024190995e-03
2.064999999999994529e+01 6.846694319631608794e-01 6.845975824427720235e-01 2.992429470233439748e-01 2.992115443329073088e-01 6.237476748793006377e-03 6.236822185157015960e-03
2.069999999999994600e+01 6.846623124452253517e-01 6.846915815980527675e-01 2.992393503958288292e-01 2.992521428076784229e-01 6.227665981182712619e-03 6.227932212438687561e-03
2.074999999999994316e+01 6.846577445984545207e-01 6.847267362415119241e-01 2.992375356888808957e-01 2.992676892793638688e-01 6.217922819509224229e-03 6.218549387623156094e-03
2.079999999999994387e+01 6.846585535748309637e-01 6.847820621051337042e-01 2.992382453182139690e-01 2.992922262050321525e-01 6.208262351000300855e-03 6.209382286411465994e-03
2.084999999999994458e+01 6.846588846429361164e-01 6.848561110086608394e-01 2.992388853080004685e-01 2.993250856030037488e-01 6.198630456923893799e-03 6.200416066349129576e-03
2.089999999999994174e+01 6.846582557454685691e-01 6.848962284466950656e-01 2.992394210554523148e-01 2.993434303370821059e-01 6.189026288633978946e-03 6.191177463021358199e-03
2.094999999999994245e+01 6.846636554708029898e-01 6.849461300160157862e-01 2.992424270089704130e-01 2.993658867074695529e-01 6.179502880928671935e-03 6.182052384253383832e-03
2.099999999999994316e+01 6.846720583156095108e-01 6.849983898999822962e-01 2.992456607514697442e-01 2.993882886116309150e-01 6.170013623741654914e-03 6.172954404363535305e-03
2.104999999999994387e+01 6.846734587104825742e-01 6.849550066788984148e-01 2.992447642356845794e-01 2.993678181592123178e-01 6.160468640981679733e-03 6.163001917842775290e-03
2.109999999999994458e+01 6.846709203932819232e-01 6.848291865992688354e-01 2.992426225261926032e-01 2.993117944350996984e-01 6.150927492830279668e-03 6.152349320351494129e-03
2.114999999999994174e+01 6.846738305567715566e-01 6.847114445812196859e-01 2.992449035864608309e-01 2.992613432466568746e-01 6.141506487151593072e-03 6.141843883974498763e-03
2.119999999999994245e+01 6.846781914047135320e-01 6.846200123166377161e-01 2.992493339039579148e-01 2.992239058217254222e-01 6.132158481638492510e-03 6.131637414379630113e-03
2.124999999999994316e+01 6.846754858189768589e-01 6.845963502548817470e-01 2.992496695429545106e-01 2.992150819289752794e-01 6.122755387068133312e-03 6.122047712101806594e-03
2.129999999999994031e+01 6.846692351788832287e-01 6.847009879263793453e-01 2.992456368038511894e-01 2.992595148498572444e-01 6.113291865247226162e-03 6.113575379976666016e-03
2.134999999999994102e+01 6.846662937386688297e-01 6.848191334255282481e-01 2.992414647267196415e-01 2.993082651113485593e-01 6.103854456434883516e-03 6.105217034397737719e-03
2.139999999999994174e+01 6.846662637722678024e-01 6.848161998137537454e-01 2.992402292856625179e-01 2.993057603302115011e-01 6.094505688099043951e-03 6.095840332590876653e-03
2.144999999999994245e+01 6.846681066723826481e-01 6.848131180089498393e-01 2.992431575013205780e-01 2.993065366039908692e-01 6.085270106788431659e-03 6.086558954834599133e-03
2.149999999999994316e+01 6.846720912693420313e-01 6.849263792730069245e-01 2.992483864625391510e-01 2.993595276581039188e-01 6.076109369797759799e-03 6.078366043819379526e-03
2.154999999999994031e+01 6.846743925893513660e-01 6.849894389839009667e-01 2.992506315045477816e-01 2.993883288297911616e-01 6.066915996037472100e-03 6.069707629595371204e-03
2.159999999999994102e+01 6.846724721364610966e-01 6.848929588442794758e-01 2.992475522525570586e-01 2.993439196549341208e-01 6.057642758148938829e-03 6.059593515282077694e-03
2.164999999999994174e+01 6.846702731861197266e-01 6.848109068459762305e-01 2.992434616493637733e-01 2.993049272991049614e-01 6.048377193519238575e-03 6.049619551270450299e-03
2.169999999999993889e+01 6.846708053254790816e-01 6.848197809442372330e-01 2.992432424669323465e-01 2.993083539728691456e-01 6.039217809625284719e-03 6.040531866253676455e-03
2.174999999999993960e+01 6.846733587914597408e-01 6.847644412149386239e-01 2.992471937353153866e-01 2.992870027322256377e-01 6.030170150837600718e-03 6.030972347248890995e-03
2.179999999999994031e+01 6.846782273806774066e-01 6.846364070836088445e-01 2.992525132642630536e-01 2.992342348547814002e-01 6.021177329260837298e-03 6.020809554422171597e-03
2.184999999999994102e+01 6.846831549041103582e-01 6.846051374853372451e-01 2.992550741287389737e-01 2.992209749862800860e-01 6.012156185409131028e-03 6.011471119764552444e-03
2.189999999999994174e+01 6.846823810782756148e-01 6.846838678961261193e-01 2.992523868938397058e-01 2.992530367335360930e-01 6.003056908602612957e-03 6.003069944504245414e-03
2.194999999999993889e+01 6.846781716892493819e-01 6.847696849728301949e-01 2.992483501130169810e-01 2.992883472974714465e-01 5.993957939169103875e-03 5.994759084576303972e-03
2.199999999999993960e+01 6.846792518116112669e-01 6.848619873867471952e-01 2.992492078401323141e-01 2.993290751297558172e-01 5.984984156802657281e-03 5.986581502595127342e-03
2.204999999999994031e+01 6.846835013198748765e-01 6.849571352359471454e-01 2.992535075321067772e-01 2.993731042640369600e-01 5.976105991654664419e-03 5.978494343765102317e-03
2.209999999999993747e+01 6.846813457670354319e-01 6.849742395534107464e-01 2.992545560788362202e-01 2.993825715426163825e-01 5.967189552917981712e-03 5.969742204239620112e-03
2.214999999999993818e+01 6.846750007476956057e-01 6.849217221809694722e-01 2.992517390491402640e-01 2.993595738874026413e-01 5.958222778479657471e-03 5.960369813586922742e-03
2.219999999999993889e+01 6.846733659761814472e-01 6.848755396289440966e-01 2.992497012372755671e-01 2.993380651319350605e-01 5.949298235333520465e-03 5.951054972801900558e-03
2.224999999999993960e+01 6.846749031559848930e-01 6.848253796953068795e-01 2.992495493014795116e-01 2.993153177944751775e-01 5.940437703255187392e-03 5.941743281279915356e-03
2.229999999999994031e+01 6.846748533031992157e-01 6.847569758330035450e-01 2.992499599809016475e-01 2.992858531696742652e-01 5.931614667609557898e-03 5.932326128239341807e-03
2.234999999999993747e+01 6.846772260794079523e-01 6.847113154015996850e-01 2.992520291020088763e-01 2.992669285297216986e-01 5.922850650212952393e-03 5.923145542399252568e-03
2.239999999999993818e+01 6.846845263689469441e-01 6.846582750815494167e-01 2.992560113065727556e-01 2.992445376201439133e-01 5.914150421078523574e-03 5.913923668382301511e-03
2.244999999999993889e+01 6.846905056862859773e-01 6.845802149218033206e-01 2.992590725276103036e-01 2.992108675187583611e-01 5.905457770648461953e-03 5.904506512457007722e-03
2.249999999999993605e+01 6.846917509517062017e-01 6.846213099484127484e-01 2.992599439488807800e-01 2.992291561225808305e-01 5.896747664017367059e-03 5.896141007341505584e-03
2.254999999999993676e+01 6.846913638864490226e-01 6.848332653566074901e-01 2.992598161633724940e-01 2.993218374040551577e-01 5.888043603804684126e-03 5.889263893832871917e-03
2.259999999999993747e+01 6.846899913093877910e-01 6.849890979804381663e-01 2.992587014721155292e-01 2.993894325695702907e-01 5.879345804953164251e-03 5.881914195865831606e-03
2.264999999999993818e+01 6.846866560798061663e-01 6.849526525469109561e-01 2.992566368866684812e-01 2.993728962112262026e-01 5.870654965898362485e-03 5.872935678493903557e-03
2.269999999999993889e+01 6.846839010240435286e-01 6.848900594619079518e-01 2.992558049216080818e-01 2.993459108948495206e-01 5.862013808454624546e-03 5.863778861799217104e-03
2.274999999999993605e+01 6.846831075249182330e-01 6.848989328907191254e-01 2.992571252494763412e-01 2.993514568867193804e-01 5.853440102679255408e-03 5.855285220278141217e-03
2.279999999999993676e+01 6.846827143303695351e-01 6.848627351205668345e-01 2.992586203929996636e-01 2.993373032225628005e-01 5.844894929550785954e-03 5.846431703565690974e-03
2.284999999999993747e+01 6.846833752731762424e-01 6.847748814944785156e-01 2.992588284084469752e-01 2.992988236026753457e-01 5.836349652041882517e-03 5.837129665581197724e-03
2.289999999999993463e+01 6.846856094963819084e-01 6.847546178873771261e-01 2.992579212798838206e-01 2.992880830174078355e-01 5.827807619861429499e-03 5.828394995470465370e-03
2.294999999999993534e+01 6.846869869082513604e-01 6.847676501494546208e-01 2.992569476245573457e-01 2.992922032023754841e-01 5.819289210005987485e-03 5.819974782739446503e-03
2.299999999999993605e+01 6.846890573121242607e-01 6.847243089128267624e-01 2.992586871402044268e-01 2.992740946418041004e-01 5.810848293984562790e-03 5.811147468772906791e-03
2.304999999999993676e+01 6.846958373444436141e-01 6.846981598457363427e-01 2.992644605708960626e-01 2.992654756816337525e-01 5.802510141946614491e-03 5.802529824171290956e-03
2.309999999999993747e+01 6.847020680857641706e-01 6.847563675216398194e-01 2.992691988674053283e-01 2.992929320346190414e-01 5.794176163938158028e-03 5.794635663787407222e-03
2.314999999999993463e+01 6.846992630173858174e-01 6.848156061087983248e-01 2.992670829896465490e-01 2.993179340120933896e-01 5.785733842235806640e-03 5.786716945618055989e-03
2.319999999999993534e+01 6.846919613322807185e-01 6.848230601547129481e-01 2.992611186213574026e-01 2.993184185203874303e-01 5.777241672226987416e-03 5.778347847883938057e-03
2.324999999999993605e+01 6.846899757269120368e-01 6.848177920493655479e-01 2.992587486291591325e-01 2.993146135520700080e-01 5.768843347068139046e-03 5.769920261244733742e-03
2.329999999999993321e+01 6.846914974130574594e-01 6.848052048373631795e-01 2.992609932914920279e-01 2.993106918738037692e-01 5.760558099932484855e-03 5.761514761767167273e-03
2.334999999999993392e+01 6.846906929007354758e-01 6.847918682755991249e-01 2.992637346605179216e-01 2.993079562643038427e-01 5.752306288525103548e-03 5.753156295325409682e-03
2.339999999999993463e+01 6.846901002446098561e-01 6.848224773807976007e-01 2.992648843954057725e-01 2.993227438976004962e-01 5.744047685132559582e-03 5.745158232199636464e-03
2.344999999999993534e+01 6.846921840812241200e-01 6.848618996027052708e-01 2.992642252837910410e-01 2.993384042874887019e-01 5.735778155894424510e-03 5.737199890512491990e-03
2.349999999999993605e+01 6.846933629939102595e-01 6.848522068277280717e-01 2.992621263046187918e-01 2.993315529210107684e-01 5.727504809657786577e-03 5.728833548727489677e-03
2.354999999999993321e+01 6.846939935912234043e-01 6.848602492911958217e-01 2.992616414427435867e-01 2.993343074134380277e-01 5.719286028528316503e-03 5.720674771398730728e-03
2.359999999999993392e+01 6.846986535074153224e-01 6.849133635898037031e-01 2.992654726630801232e-01 2.993593173259290197e-01 5.711173142425204387e-03 5.712964071105526911e-03
2.364999999999993463e+01 6.847050980080737759e-01 6.848710417522541061e-01 2.992706108911591389e-01 2.993431415117706607e-01 5.703108354286035540e-03 5.704490548104263793e-03
2.369999999999993179e+01 6.847070296707657988e-01 6.847102857994583625e-01 2.992719894453998997e-01 2.992734126352745161e-01 5.694995041777364125e-03 5.695022124362989629e-03
2.374999999999993250e+01 6.847041819263801621e-01 6.846316046527602950e-01 2.992693303553531914e-01 2.992376084049860330e-01 5.686828130268005259e-03 5.686225337861978459e-03
2.379999999999993321e+01 6.846998886924101635e-01 6.846967646623459691e-01 2.992658941660324423e-01 2.992645287274424692e-01 5.678669718520550254e-03 5.678643808869886581e-03
2.384999999999993392e+01 6.846960128148500413e-01 6.847451314539312328e-01 2.992640532196394476e-01 2.992855217877995466e-01 5.670564722304879436e-03 5.670971516585506488e-03
2.389999999999993463e+01 6.846944591996962926e-01 6.847414141973059420e-01 2.992644462018436702e-01 2.992849691682081259e-01 5.662524999088821599e-03 5.662913323901772912e-03
2.394999999999993179e+01 6.846953137318858573e-01 6.847929618357926351e-01 2.992658319006481493e-01 2.993085118204067419e-01 5.654526819095866651e-03 5.655333241764900001e-03
2.399999999999993250e+01 6.846955244935445384e-01 6.848709310614075063e-01 2.992661161718823681e-01 2.993427827199136582e-01 5.646530493809111956e-03 5.647977032451212062e-03
2.404999999999993321e+01 6.846958112735550550e-01 6.848908182220649898e-01 2.992659028069898364e-01 2.993511361756457934e-01 5.638547391558933544e-03 5.640153295819997151e-03
2.409999999999993037e+01 6.847002831985772309e-01 6.849094043065161452e-01 2.992675220989309270e-01 2.993589243625595087e-01 5.630621300073970596e-03 5.632341003999249626e-03
2.414999999999993108e+01 6.847062199554362349e-01 6.849585253718741829e-01 2.992698498015473607e-01 2.993801268837190666e-01 5.622730855829928889e-03 5.624802759675333851e-03
2.419999999999993179e+01 6.847075906140347445e-01 6.849302583122198751e-01 2.992701547432286002e-01 2.993674777427186573e-01 5.614824666852329463e-03 5.616650614309929256e-03
2.424999999999993250e+01 6.847071673537771241e-01 6.847969732268057719e-01 2.992699658063450174e-01 2.993092179156143784e-01 5.606931443678605902e-03 5.607666846194190972e-03
2.429999999999993321e+01 6.847099234485106711e-01 6.846768587634028957e-01 2.992718839311813150e-01 2.992574320731536952e-01 5.599099792912663222e-03 5.598829412032819801e-03
2.434999999999993037e+01 6.847112847708052286e-01 6.846400799462741826e-01 2.992735575464980924e-01 2.992424353470749532e-01 5.591285521653408495e-03 5.590704070006082688e-03
2.439999999999993108e+01 6.847067326897675610e-01 6.846744043966505044e-01 2.992718743703561834e-01 2.992577443079302846e-01 5.583430491984267899e-03 5.583166871416620804e-03
2.444999999999993179e+01 6.847018550540941995e-01 6.847565626485163648e-01 2.992686444816734515e-01 2.992925560097418058e-01 5.575568597702357590e-03 5.576014084950952319e-03
2.449999999999992895e+01 6.847012972829963351e-01 6.848188558845561547e-01 2.992668610211479674e-01 2.993182431257451759e-01 5.567755553881833380e-03 5.568711500013874549e-03
2.454999999999992966e+01 6.847017965480310941e-01 6.848154097956986597e-01 2.992668978702905935e-01 2.993165555232394359e-01 5.559998102559984834e-03 5.560920678555318283e-03
2.459999999999993037e+01 6.847023981042665852e-01 6.848306808615116648e-01 2.992688998077864815e-01 2.993249694808756134e-01 5.552298697732598910e-03 5.553338951407722247e-03
2.464999999999993108e+01 6.847060395125965648e-01 6.849138515151335094e-01 2.992725250998700126e-01 2.993633559369830444e-01 5.544650766093017075e-03 5.546333597720863769e-03
2.469999999999993179e+01 6.847100895548299260e-01 6.849447461037766471e-01 2.992744184609409386e-01 2.993769826020210578e-01 5.536992015928612725e-03 5.538889594857014306e-03
2.474999999999992895e+01 6.847098193854105341e-01 6.848705284534920557e-01 2.992722662192770500e-01 2.993425087740718693e-01 5.529279745390810498e-03 5.530577529313116837e-03
2.479999999999992966e+01 6.847077071731952902e-01 6.848154942947899393e-01 2.992693544907218950e-01 2.993164656623417130e-01 5.521574806101890547e-03 5.522444015910374197e-03
2.484999999999993037e+01 6.847084732911076221e-01 6.848081526817169085e-01 2.992700568617605583e-01 2.993136243916790784e-01 5.513957749640923875e-03 5.514760467833803442e-03
2.489999999999992752e+01 6.847116371438578541e-01 6.847417900643558708e-01 2.992739535990267541e-01 2.992871328459395519e-01 5.506420489402526902e-03 5.506662977846184942e-03
2.494999999999992824e+01 6.847146434924381575e-01 6.846563978023889607e-01 2.992773419035269500e-01 2.992518836846018715e-01 5.498894660606845099e-03 5.498426893607762274e-03
2.499999999999992895e+01 6.847156445562208038e-01 6.846843042618164787e-01 2.992772950246258556e-01 2.992635967272243569e-01 5.491326514213329402e-03 5.491075169306879923e-03
2.504999999999992966e+01 6.847134639701737413e-01 6.847737270017736355e-01 2.992739878370226370e-01 2.993003275524438456e-01 5.483719428988056629e-03 5.484202062344377578e-03
2.509999999999993037e+01 6.847110749742535418e-01 6.848097861134659903e-01 2.992714144500862039e-01 2.993145588117502864e-01 5.476146650504790103e-03 5.476936117323895348e-03
2.514999999999992752e+01 6.847130208767705506e-01 6.848409045016666807e-01 2.992732619982105824e-01 2.993291571665686046e-01 5.468675413398102307e-03 5.469696796099939029e-03
2.519999999999992824e+01 6.847163796959918614e-01 6.849149527500196788e-01 2.992771789280299632e-01 2.993639716281650820e-01 5.461262389197638241e-03 5.462846197594264236e-03
2.524999999999992895e+01 6.847149480302723301e-01 6.849410126408075339e-01 2.992779491561272653e-01 2.993767583806262733e-01 5.453812285305291267e-03 5.455612908986366520e-03
2.529999999999992610e+01 6.847110640710436513e-01 6.848861367603152894e-01 2.992754415112615085e-01 2.993519627756716650e-01 5.446322866446990513e-03 5.447715428128704039e-03
2.534999999999992681e+01 6.847104544175509622e-01 6.848379823100634312e-01 2.992734158382859277e-01 2.993291557612863807e-01 5.438862623140145423e-03 5.439875615834383754e-03
2.539999999999992752e+01 6.847114543066989967e-01 6.848190442113367693e-01 2.992731875341381187e-01 2.993202128518904770e-01 5.431455309149522785e-03 5.432308763192215430e-03
2.544999999999992824e+01 6.847117119829168042e-01 6.847800586522901911e-01 2.992743297702695759e-01 2.993042027858917598e-01 5.424092972728050167e-03 5.424634395756997712e-03
2.549999999999992895e+01 6.847149644966594728e-01 6.847227921012273288e-01 2.992772891530521839e-01 2.992807104661490136e-01 5.416783514082403050e-03 5.416845438301350069e-03
2.554999999999992610e+01 6.847212942652999290e-01 6.846700418356498341e-01 2.992807114564867144e-01 2.992583098403284181e-01 5.409502240514908397e-03 5.409097331049778599e-03
2.559999999999992681e+01 6.847242239494512051e-01 6.846455739200492108e-01 2.992816063560279627e-01 2.992472297321024932e-01 5.402195060578132181e-03 5.401574543900777847e-03
2.564999999999992752e+01 6.847229666530432191e-01 6.847159344945016324e-01 2.992804757929253823e-01 2.992774021589790223e-01 5.394871127407407409e-03 5.394815721658037001e-03
2.569999999999992468e+01 6.847229045997056396e-01 6.848712697972784147e-01 2.992803268388748439e-01 2.993451746547179937e-01 5.387584641563914790e-03 5.388752018986833932e-03
2.574999999999992539e+01 6.847237407372972484e-01 6.849612186832786387e-01 2.992809463922000424e-01 2.993847439096397611e-01 5.380331620533944023e-03 5.382197643319377826e-03
2.579999999999992610e+01 6.847214272235002674e-01 6.849268443727437594e-01 2.992802751333434319e-01 2.993700595310538892e-01 5.373074957510664759e-03 5.374686885656274060e-03
2.584999999999992681e+01 6.847177903208367944e-01 6.848894906032909624e-01 2.992791516553908737e-01 2.993541990918651141e-01 5.365829702472280777e-03 5.367175241449855840e-03
2.589999999999992752e+01 6.847167175815785933e-01 6.848912398962724302e-01 2.992793542690393993e-01 2.993556353416435556e-01 5.358627650296149750e-03 5.359993470754594556e-03
2.594999999999992468e+01 6.847174522867087720e-01 6.848441682355257409e-01 2.992801487616596479e-01 2.993355344800837647e-01 5.351455498643902832e-03 5.352445855701106273e-03
2.599999999999992539e+01 6.847184047827056252e-01 6.847704937454647256e-01 2.992802532995073594e-01 2.993030206121132242e-01 5.344290237491213999e-03 5.344696796644890155e-03
2.604999999999992610e+01 6.847199367421465954e-01 6.847600968575440206e-01 2.992799877874250392e-01 2.992975411230309746e-01 5.337137544135990216e-03 5.337450577316657681e-03
2.609999999999992326e+01 6.847219303604274998e-01 6.847570232640936005e-01 2.992804141157402453e-01 2.992957526324081519e-01 5.330016279888528073e-03 5.330289450265516919e-03
2.614999999999992397e+01 6.847249127603467489e-01 6.846983346079049682e-01 2.992826678814535235e-01 2.992710509821383535e-01 5.322946516344226331e-03 5.322739901861075346e-03
2.619999999999992468e+01 6.847296314460953326e-01 6.846903354776912032e-01 2.992864879700138925e-01 2.992693122091953928e-01 5.315923409769352306e-03 5.315618334088738697e-03
2.624999999999992539e+01 6.847323775031273208e-01 6.847933301473174694e-01 2.992885234266076111e-01 2.993151651153578285e-01 5.308887333509679923e-03 5.309359913354473257e-03
2.629999999999992610e+01 6.847292706184008315e-01 6.848796930627751856e-01 2.992861121471372954e-01 2.993518598090063598e-01 5.301791180640174836e-03 5.302955886784888398e-03
2.634999999999992326e+01 6.847245275150737331e-01 6.848707840009410353e-01 2.992821989860807719e-01 2.993461253695348656e-01 5.294687288564022681e-03 5.295818228563210772e-03
2.639999999999992397e+01 6.847238437123263077e-01 6.848421185195865402e-01 2.992814218676727034e-01 2.993331178219074129e-01 5.287657630170906203e-03 5.288570986252791491e-03
2.644999999999992468e+01 6.847247236142819382e-01 6.848369463201704477e-01 2.992834827369953432e-01 2.993325336929520963e-01 5.280696651733497553e-03 5.281562129562464986e-03
2.649999999999992184e+01 6.847237061419259030e-01 6.848277613994483426e-01 2.992852679124291537e-01 2.993307493312057366e-01 5.273749214315942915e-03 5.274550649008041131e-03
2.654999999999992255e+01 6.847236350796491733e-01 6.848226964495485181e-01 2.992857073263911483e-01 2.993290060393902774e-01 5.266796433372490475e-03 5.267558399285365497e-03
2.659999999999992326e+01 6.847255528818410042e-01 6.848300452011306660e-01 2.992848135918478869e-01 2.993304858530462242e-01 5.259838551702082643e-03 5.260641227645814454e-03
2.664999999999992397e+01 6.847259446056083165e-01 6.848274807059736569e-01 2.992830162063470079e-01 2.993273960500064668e-01 5.252883127798992600e-03 5.253662063185731909e-03
2.669999999999992468e+01 6.847262170953840599e-01 6.848325502375420815e-01 2.992831406969918007e-01 2.993296172535346855e-01 5.245979679176028358e-03 5.246794342743826313e-03
2.674999999999992184e+01 6.847307962823752092e-01 6.848515776178791814e-01 2.992871431095803780e-01 2.993399350988412699e-01 5.239162242618485531e-03 5.240086391226991477e-03
2.679999999999992255e+01 6.847361748969610362e-01 6.848182823600783564e-01 2.992913652475461816e-01 2.993272536022648644e-01 5.232366525306762078e-03 5.232993944095550021e-03
2.684999999999992326e+01 6.847357245003522497e-01 6.847369345784805050e-01 2.992910371281095605e-01 2.992915660409807277e-01 5.225509159809867306e-03 5.225518394430053899e-03
2.689999999999992042e+01 6.847312145581255782e-01 6.847184888048500895e-01 2.992872996561767307e-01 2.992817373913742030e-01 5.218610281711897995e-03 5.218513293659543875e-03
2.694999999999992113e+01 6.847282570651669342e-01 6.847673419768681713e-01 2.992846351172160357e-01 2.993017185563999760e-01 5.211748108266724133e-03 5.212045599589039228e-03
2.699999999999992184e+01 6.847273474395317860e-01 6.847779393937432069e-01 2.992846443331480533e-01 2.993067573611714050e-01 5.204950336228672363e-03 5.205334910629078049e-03
2.704999999999992255e+01 6.847268016858700790e-01 6.847662126609785904e-01 2.992859655119081141e-01 2.993031915817918609e-01 5.198193061431327297e-03 5.198492255002908416e-03
2.709999999999992326e+01 6.847265823767558768e-01 6.848171140921681666e-01 2.992868968536839258e-01 2.993264673287756583e-01 5.191446606308490995e-03 5.192132997897246083e-03
2.714999999999992042e+01 6.847264804704474850e-01 6.848770548869229646e-01 2.992865109198908913e-01 2.993523253626297898e-01 5.184694862189545561e-03 5.185834999785715431e-03
2.719999999999992113e+01 6.847270934374160012e-01 6.848763622063647194e-01 2.992857488110360897e-01 2.993509923448718357e-01 5.177954131678836475e-03 5.179082912541045983e-03
2.724999999999992184e+01 6.847301840206654333e-01 6.848872590800986204e-01 2.992865261146198108e-01 2.993551815499636559e-01 5.171257470662987167e-03 5.172443741684047171e-03
2.729999999999991900e+01 6.847341730151458306e-01 6.849350779450785742e-01 2.992885014458399606e-01 2.993763144071062143e-01 5.164598817011917600e-03 5.166114139898306777e-03
2.734999999999991971e+01 6.847357567162147829e-01 6.849014924192471376e-01 2.992897229375396373e-01 2.993621640101065129e-01 5.157944384964071281e-03 5.159192830850618285e-03
2.739999999999992042e+01 6.847361677939300950e-01 6.847673952815929166e-01 2.992902363618583639e-01 2.993038855344932747e-01 5.151294945987245841e-03 5.151529871505918824e-03
2.744999999999992113e+01 6.847373089546161529e-01 6.846747422878169953e-01 2.992908764680268785e-01 2.992635292907968037e-01 5.144664829703954161e-03 5.144194745007261114e-03
2.749999999999992184e+01 6.847360625247794763e-01 6.846858347272861689e-01 2.992904008653818337e-01 2.992684468622716087e-01 5.138032632882101602e-03 5.137655740124844744e-03
2.754999999999991900e+01 6.847312762165504996e-01 6.847340830570859405e-01 2.992881431398997094e-01 2.992893699775236449e-01 5.131386937675102428e-03 5.131407972182156982e-03
2.759999999999991971e+01 6.847280949607872369e-01 6.847785235845251783e-01 2.992862096951471873e-01 2.993082514249516546e-01 5.124763864642941508e-03 5.125141291523155167e-03
2.764999999999992042e+01 6.847284887181976920e-01 6.848135298688297068e-01 2.992858733914778302e-01 2.993230437669777144e-01 5.118185094339092883e-03 5.118820757023998663e-03
2.769999999999991758e+01 6.847286290833193290e-01 6.848280005991336239e-01 2.992861856507319507e-01 2.993296196779759999e-01 5.111634255349831006e-03 5.112376083313008475e-03
2.774999999999991829e+01 6.847286714154482423e-01 6.848510800120281017e-01 2.992872826828579802e-01 2.993407861182723062e-01 5.105113563886714764e-03 5.106026202443888530e-03
2.779999999999991900e+01 6.847319769563711134e-01 6.849020644824093118e-01 2.992896288458435361e-01 2.993639724346526254e-01 5.098630815091042233e-03 5.099897315752184752e-03
2.784999999999991971e+01 6.847356629617519230e-01 6.849174014395758014e-01 2.992908615527738458e-01 2.993702975578592662e-01 5.092145666572087635e-03 5.093497193668393604e-03
2.789999999999992042e+01 6.847351446750947757e-01 6.848669314679961539e-01 2.992891739349370361e-01 2.993467762950462463e-01 5.085627424552890789e-03 5.086606224214899712e-03
2.794999999999991758e+01 6.847334834701767070e-01 6.848174551595601622e-01 2.992874558842534283e-01 2.993241587385588875e-01 5.079125258960611941e-03 5.079748133026041820e-03
2.799999999999991829e+01 6.847351415065056068e-01 6.847844576855690590e-01 2.992889195254044843e-01 2.993104749926973618e-01 5.072693551278053235e-03 5.073058898181321934e-03
2.804999999999991900e+01 6.847377170946498115e-01 6.847236100082496613e-01 2.992919296438409926e-01 2.992857635790764359e-01 5.066304352836929585e-03 5.066199975947136003e-03
2.809999999999991616e+01 6.847375649919666962e-01 6.846877900099274106e-01 2.992929328904527786e-01 2.992711766715439037e-01 5.059897428410032108e-03 5.059529614058234058e-03
2.814999999999991687e+01 6.847354601411835828e-01 6.847456550708733714e-01 2.992910811501392487e-01 2.992955372528339764e-01 5.053458525118443775e-03 5.053533765349676674e-03
2.819999999999991758e+01 6.847333579797862946e-01 6.848145236132924252e-01 2.992882283370832397e-01 2.993237048015651158e-01 5.047019027606810745e-03 5.047617281645290326e-03
2.824999999999991829e+01 6.847326752496564195e-01 6.848151558398311023e-01 2.992871540862830360e-01 2.993232052081193917e-01 5.040625753032146154e-03 5.041232929820969010e-03
2.829999999999991900e+01 6.847344785953126678e-01 6.848274775086811150e-01 2.992892576344237110e-01 2.993299063480681088e-01 5.034302062816221023e-03 5.034985809050777396e-03
2.834999999999991616e+01 6.847366418067611926e-01 6.848946505869243362e-01 2.992922591337046079e-01 2.993613233576567501e-01 5.028009393258382406e-03 5.029169649015663261e-03
2.839999999999991687e+01 6.847358188075970409e-01 6.849136832317003210e-01 2.992925728812407815e-01 2.993703160044304257e-01 5.021687464450358754e-03 5.022991879268977160e-03
2.844999999999991758e+01 6.847334519064905978e-01 6.848550065488347993e-01 2.992902685937670615e-01 2.993433989344196355e-01 5.015337554985633758e-03 5.016227883274742248e-03
2.849999999999991473e+01 6.847328455539674064e-01 6.848181304845223361e-01 2.992883314979455367e-01 2.993256084954394325e-01 5.009009732183199518e-03 5.009633614986444897e-03
2.854999999999991545e+01 6.847332437298806473e-01 6.848192459196966730e-01 2.992882946596502336e-01 2.993258851358870931e-01 5.002729538815727309e-03 5.003357879413083964e-03
2.859999999999991616e+01 6.847339403560869231e-01 6.847841304631616666e-01 2.992900255268901022e-01 2.993119630964222733e-01 4.996494583086655977e-03 4.996860819639781064e-03
2.864999999999991687e+01 6.847371690791561605e-01 6.847204751780164855e-01 2.992929681109294249e-01 2.992856713444516092e-01 4.990295424942559933e-03 4.990173761474817754e-03
2.869999999999991758e+01 6.847413494609636553e-01 6.846914770890769608e-01 2.992949983241561807e-01 2.992731995070232465e-01 4.984096558270720810e-03 4.983733547161096553e-03
2.874999999999991473e+01 6.847415930741692636e-01 6.847110483299589934e-01 2.992941142283127576e-01 2.992807634077182533e-01 4.977864685709994241e-03 4.977642634639815530e-03
2.879999999999991545e+01 6.847393573239987097e-01 6.847762487081409111e-01 2.992922518355649597e-01 2.993083766651298827e-01 4.971632090291788070e-03 4.971899944603497094e-03
2.884999999999991616e+01 6.847398118917989995e-01 6.848697267435022162e-01 2.992925853446181117e-01 2.993493697628243355e-01 4.965451436658958190e-03 4.966393525720862179e-03
2.889999999999991331e+01 6.847412117120770247e-01 6.849210861899278635e-01 2.992940571561868435e-01 2.993726786285533237e-01 4.959305006730529986e-03 4.960607765179022265e-03
2.894999999999991402e+01 6.847390362299862199e-01 6.849021598796308785e-01 2.992938155658290134e-01 2.993651155749244008e-01 4.953145478954565188e-03 4.954325454280926987e-03
2.899999999999991473e+01 6.847356259298605918e-01 6.848768862882405051e-01 2.992924780033242582e-01 2.993542217787350523e-01 4.946983107492973139e-03 4.948003665764226164e-03
2.904999999999991545e+01 6.847350277933512697e-01 6.848652278538066573e-01 2.992920743405540485e-01 2.993489837209585280e-01 4.940851412968298891e-03 4.941790899231682764e-03
2.909999999999991616e+01 6.847356885628441692e-01 6.848217137757914852e-01 2.992922460129970874e-01 2.993298469145226903e-01 4.934744369546540527e-03 4.935364334946797972e-03
2.914999999999991331e+01 6.847357578562869307e-01 6.847715580743514163e-01 2.992921804164785371e-01 2.993078283875403311e-01 4.928648504182448278e-03 4.928906189996557809e-03
2.919999999999991402e+01 6.847370912663243159e-01 6.847616599572112772e-01 2.992926505171107365e-01 2.993033892790517569e-01 4.922576488768279010e-03 4.922753113142308221e-03
2.924999999999991473e+01 6.847402844863907934e-01 6.847398637313031333e-01 2.992941893326702685e-01 2.992940054241786108e-01 4.916536991091103280e-03 4.916533970007051085e-03
2.929999999999991189e+01 6.847434676362769146e-01 6.846868971697041006e-01 2.992962346873051516e-01 2.992715081605984428e-01 4.910520667552186955e-03 4.910114982126317917e-03
2.934999999999991260e+01 6.847456483444698261e-01 6.847097651412162866e-01 2.992980015779089786e-01 2.992823172562196765e-01 4.904514569076766188e-03 4.904257554382963555e-03
2.939999999999991331e+01 6.847459328521739996e-01 6.848292937144305759e-01 2.992982860412116697e-01 2.993347225675191403e-01 4.898498953211331310e-03 4.899095295704087964e-03
2.944999999999991402e+01 6.847435246988152757e-01 6.849031633348436898e-01 2.992964321475672929e-01 2.993662090384363594e-01 4.892463132775936620e-03 4.893603743987526809e-03
2.949999999999991473e+01 6.847407760727551862e-01 6.848763038234519929e-01 2.992942878333487711e-01 2.993535258443507097e-01 4.886437352381214905e-03 4.887404503581245854e-03
2.954999999999991189e+01 6.847402606001669056e-01 6.848475256144800349e-01 2.992941969631688348e-01 2.993410815969027583e-01 4.880459795567378654e-03 4.881224322819460379e-03
2.959999999999991260e+01 6.847403375933912573e-01 6.848515469629894437e-01 2.992956160566759838e-01 2.993442249598730065e-01 4.874521434147828514e-03 4.875313110095662664e-03
2.964999999999991331e+01 6.847395678922970630e-01 6.848337830820422356e-01 2.992966240943495393e-01 2.993378051353633440e-01 4.868590875873935776e-03 4.869260758606978705e-03
2.969999999999991047e+01 6.847399928119322077e-01 6.848041611045075916e-01 2.992966808962176373e-01 2.993247285598391594e-01 4.862659315941807517e-03 4.863115005033952741e-03
2.974999999999991118e+01 6.847414995069116550e-01 6.848027084720904600e-01 2.992958371515972438e-01 2.993225911726220545e-01 4.856727580553311940e-03 4.857161722882315236e-03
2.979999999999991189e+01 6.847415807217130945e-01 6.848059621045481382e-01 2.992946683539652319e-01 2.993228089038694195e-01 4.850804997633158602e-03 4.851261084341492065e-03
2.984999999999991260e+01 6.847422633738866615e-01 6.847966566231302732e-01 2.992954993643183181e-01 2.993192742290596842e-01 4.844929168179991190e-03 4.845314030417812237e-03
2.989999999999991331e+01 6.847466420294792133e-01 6.847959065351598706e-01 2.992992382182176891e-01 2.993207714804732023e-01 4.839114603366504591e-03 4.839462756353659495e-03
2.994999999999991047e+01 6.847505174190489097e-01 6.847928372523677254e-01 2.993021589768842805e-01 2.993206568343632634e-01 4.833300912020749296e-03 4.833599625908177773e-03
2.999999999999991118e+01 6.847486844201146061e-01 6.847761953944379032e-01 2.993007333183002050e-01 2.993127582479957471e-01 4.827431182553239102e-03 4.827625133032199291e-03
3.004999999999991189e+01 6.847444351885467739e-01 6.847800265587005164e-01 2.992971663660050075e-01 2.993127231134375954e-01 4.821541141619100496e-03 4.821791753740446544e-03
3.009999999999990905e+01 6.847430178853990412e-01 6.848001178821400137e-01 2.992956598730318607e-01 2.993206178218636992e-01 4.815698469397144618e-03 4.816100045404092186e-03
3.014999999999990976e+01 6.847432533247376218e-01 6.847926793851041305e-01 2.992966343248759653e-01 2.993182381208152609e-01 4.809909752107298549e-03 4.810256940471127791e-03
3.019999999999991047e+01 6.847427487728161566e-01 6.847866526713710655e-01 2.992980529586062310e-01 2.993172431601502925e-01 4.804142102064315294e-03 4.804450130981555503e-03
3.024999999999991118e+01 6.847426318303698745e-01 6.848274840252671636e-01 2.992986915755827537e-01 2.993357801833742560e-01 4.798375816843019996e-03 4.798970423781560683e-03
3.029999999999991189e+01 6.847433706132839415e-01 6.848619185774046381e-01 2.992981976323180193e-01 2.993500144056042700e-01 4.792605246314149761e-03 4.793434978472456767e-03
3.034999999999990905e+01 6.847440260367242404e-01 6.848522939693382217e-01 2.992972106120797005e-01 2.993445338292206603e-01 4.786840633539869543e-03 4.787597502266634740e-03
3.039999999999990976e+01 6.847455266080428871e-01 6.848654397438721508e-01 2.992974900414449024e-01 2.993499032361019996e-01 4.781110064559833048e-03 4.781947336039978763e-03
3.044999999999991047e+01 6.847484504702660013e-01 6.849032412959600302e-01 2.992995033318515130e-01 2.993671614875125231e-01 4.775420874860026275e-03 4.776500382728570554e-03
3.049999999999990763e+01 6.847508740657619608e-01 6.848601909214230288e-01 2.993014854649279632e-01 2.993492673641922064e-01 4.769744788285715589e-03 4.770506252815822842e-03
3.054999999999990834e+01 6.847517408890066992e-01 6.847452532471117737e-01 2.993020958575784984e-01 2.992992601366881722e-01 4.764060419539659606e-03 4.764015282716893215e-03
3.059999999999990905e+01 6.847513527840207725e-01 6.846940560307730461e-01 2.993014938609954712e-01 2.992764497281570346e-01 4.758370331653356301e-03 4.757972173738595628e-03
3.064999999999990976e+01 6.847490056754408361e-01 6.847309978147341214e-01 2.992999880792144296e-01 2.992921169432942730e-01 4.752679445481780042e-03 4.752554457217863376e-03
3.069999999999991047e+01 6.847455413945577885e-01 6.847657982894166384e-01 2.992983244330535975e-01 2.993071786048925320e-01 4.746999594497291683e-03 4.747140025454292707e-03
3.074999999999990763e+01 6.847442011566508002e-01 6.847809385901234558e-01 2.992978101004603042e-01 2.993138678244520179e-01 4.741351447136015265e-03 4.741605826922022475e-03
3.079999999999990834e+01 6.847449414742233786e-01 6.848116520945394248e-01 2.992982557567719359e-01 2.993274146027767868e-01 4.735731894885642120e-03 4.736193269031288219e-03
3.084999999999990905e+01 6.847448328516065885e-01 6.848412774128872504e-01 2.992984484195425621e-01 2.993406038417741888e-01 4.730121666053626640e-03 4.730787891612403886e-03
3.089999999999990621e+01 6.847450837734291307e-01 6.848583937582295444e-01 2.992989360421220990e-01 2.993484633168661535e-01 4.724529377144795310e-03 4.725311181008158383e-03
3.094999999999990692e+01 6.847484169498910811e-01 6.848857656946415462e-01 2.993005657341735182e-01 2.993606002753117501e-01 4.718968320601879714e-03 4.719914864411705810e-03
3.099999999999990763e+01 6.847517369807981646e-01 6.849008549048219985e-01 2.993016014523327550e-01 2.993667801602574174e-01 4.713411046493439990e-03 4.714437482838710128e-03
3.104999999999990834e+01 6.847514153958308425e-01 6.848658692535164461e-01 2.993006855309113812e-01 2.993507126170871224e-01 4.707836186093779240e-03 4.708623084814593171e-03
3.109999999999990905e+01 6.847506370876051962e-01 6.848067053891548905e-01 2.993000510504134626e-01 2.993245581404506694e-01 4.702278885316796275e-03 4.702663914225472391e-03
3.114999999999990621e+01 6.847525668390449516e-01 6.847567924168894704e-01 2.993016159479204852e-01 2.993034629249723411e-01 4.696769179253372506e-03 4.696798162808521297e-03
3.119999999999990692e+01 6.847539294262821041e-01 6.847191282500796339e-01 2.993033627223109505e-01 2.992881512593073001e-01 4.691275277779178958e-03 4.691036853594169297e-03
3.124999999999990763e+01 6.847520786691243533e-01 6.847242092636085520e-01 2.993028917705471414e-01 2.992907101446380391e-01 4.685759558051629491e-03 4.685568847665576818e-03
3.129999999999990479e+01 6.847496630114185967e-01 6.847840585261425472e-01 2.993008609713063706e-01 2.993158950892133019e-01 4.680232384226849437e-03 4.680467475984581398e-03
3.134999999999990550e+01 6.847487656366699760e-01 6.848250531160788857e-01 2.992991524886905452e-01 2.993324972409243667e-01 4.674723193888187175e-03 4.675244002201093749e-03
3.139999999999990621e+01 6.847487624966959174e-01 6.848134674620469653e-01 2.992989839954300901e-01 2.993272660916523886e-01 4.669250920365534442e-03 4.669692138715336553e-03
3.144999999999990692e+01 6.847498581516735516e-01 6.848278706164733221e-01 2.993007664570129789e-01 2.993348653184144670e-01 4.663821838052414209e-03 4.664353179874018880e-03
3.149999999999990763e+01 6.847518821886903195e-01 6.848858134901085748e-01 2.993031076226665421e-01 2.993616486150538769e-01 4.658414126422836220e-03 4.659325270273222824e-03
3.154999999999990479e+01 6.847526106098237308e-01 6.848925468253296289e-01 2.993034859719467811e-01 2.993646517075214675e-01 4.652988511029109049e-03 4.653939396929997717e-03
3.159999999999990550e+01 6.847515495722826806e-01 6.848388101428242170e-01 2.993016427012458180e-01 2.993397838812438261e-01 4.647541035733640698e-03 4.648133290081435907e-03
3.164999999999990621e+01 6.847507639521900336e-01 6.848157314712561838e-01 2.993000229155842185e-01 2.993284197878024466e-01 4.642109700125396192e-03 4.642550132420366835e-03
3.169999999999990337e+01 6.847511265620999099e-01 6.848192147233237437e-01 2.993004348342995780e-01 2.993301957437319860e-01 4.636722460639818195e-03 4.637183512683697162e-03
3.174999999999990408e+01 6.847525619648692219e-01 6.847778574520705375e-01 2.993025892359534312e-01 2.993136457916143467e-01 4.631374688370663156e-03 4.631545776272572197e-03
3.179999999999990479e+01 6.847552960357508045e-01 6.847236175924125146e-01 2.993049813449324414e-01 2.992911347694516833e-01 4.626042988329723098e-03 4.625828976343931281e-03
3.184999999999990550e+01 6.847572976928266719e-01 6.847275748785611738e-01 2.993055692561896741e-01 2.992925774941834760e-01 4.620695781647090987e-03 4.620495214113224183e-03
3.189999999999990621e+01 6.847561531641742638e-01 6.847689498733190439e-01 2.993037967642886432e-01 2.993093901475907259e-01 4.615324545324430219e-03 4.615410796416212838e-03
3.194999999999990337e+01 6.847544890767891523e-01 6.848092105762980664e-01 2.993022897522537029e-01 2.993262082082301934e-01 4.609969807504880890e-03 4.610338208829123548e-03
3.199999999999990408e+01 6.847558301464302666e-01 6.848568330118868230e-01 2.993033882868952889e-01 2.993475361400816936e-01 4.604667512106091695e-03 4.605346709847421040e-03
3.204999999999990479e+01 6.847573405447053840e-01 6.848946782815341638e-01 2.993052272635299271e-01 2.993652571457955380e-01 4.599388816957826302e-03 4.600311289216998598e-03
3.209999999999990195e+01 6.847553129181904730e-01 6.848893394299255810e-01 2.993050015684958209e-01 2.993635842542352599e-01 4.594090584320744894e-03 4.594989781339001156e-03
3.214999999999990621e+01 6.847525984961698731e-01 6.848631074247150119e-01 2.993035233372408621e-01 2.993518264933682227e-01 4.588785332882200710e-03 4.589525894877254444e-03
3.219999999999990337e+01 6.847525792304224312e-01 6.848432423515190548e-01 2.993028614536663579e-01 2.993424899740919631e-01 4.583504769581424158e-03 4.584111638194374172e-03
3.224999999999990052e+01 6.847532820249765395e-01 6.848154106456882939e-01 2.993029211476556650e-01 2.993300773193076081e-01 4.578247359811186620e-03 4.578662750582152691e-03
3.229999999999990479e+01 6.847533881264507016e-01 6.847843446369891174e-01 2.993032620088684759e-01 2.993167929891384915e-01 4.573006295017098544e-03 4.573213032683562038e-03
3.234999999999990195e+01 6.847552337183904214e-01 6.847655193019351882e-01 2.993045097853850312e-01 2.993090055838676378e-01 4.567791068834577660e-03 4.567859680791580730e-03
3.239999999999990621e+01 6.847586990442295907e-01 6.847342083684597736e-01 2.993063143299330431e-01 2.992956095168209929e-01 4.562596255029477063e-03 4.562433071902769616e-03
3.244999999999990337e+01 6.847607588976682980e-01 6.847036743102560274e-01 2.993073939836854436e-01 2.992824424383858650e-01 4.557402268499217111e-03 4.557022343941933944e-03
3.249999999999990052e+01 6.847610923901956692e-01 6.847508809911325711e-01 2.993076639535769967e-01 2.993032005720659416e-01 4.552207816784450793e-03 4.552139932655005494e-03
3.254999999999989768e+01 6.847610658132297079e-01 6.848593158511728785e-01 2.993075726175011830e-01 2.993505174954075310e-01 4.547019713140932826e-03 4.547672122983794155e-03
3.259999999999990195e+01 6.847601589302069192e-01 6.849070463705531076e-01 2.993068281398447716e-01 2.993710322458960071e-01 4.541833507433163525e-03 4.542807773078857275e-03
3.264999999999990621e+01 6.847582802175986583e-01 6.848745850640152177e-01 2.993057555906434297e-01 2.993565920842518047e-01 4.536654120358379720e-03 4.537424662133420980e-03
3.269999999999990337e+01 6.847570194960757028e-01 6.848555412873206238e-01 2.993055557841546310e-01 2.993486194091279362e-01 4.531499709071237954e-03 4.532151694309289637e-03
3.274999999999990052e+01 6.847566670088387486e-01 6.848602807104567924e-01 2.993062878477685818e-01 2.993515772679313791e-01 4.526371082763995697e-03 4.527055988929028392e-03
3.279999999999989768e+01 6.847566317808760905e-01 6.848313492983478801e-01 2.993068891141765775e-01 2.993395481154609294e-01 4.521252101422617610e-03 4.521745439810598288e-03
3.284999999999990195e+01 6.847573711908289118e-01 6.847943686262457641e-01 2.993068436887096340e-01 2.993230152351362694e-01 4.516134948151041828e-03 4.516378954887015525e-03
3.289999999999989910e+01 6.847584106406952031e-01 6.847950444327379760e-01 2.993062568764890408e-01 2.993222694190166289e-01 4.511021203865707777e-03 4.511262538342385685e-03
3.294999999999990337e+01 6.847587292171218865e-01 6.847949664789407809e-01 2.993058652500587558e-01 2.993217044420839468e-01 4.505921945804432574e-03 4.506160398074288316e-03
3.299999999999990052e+01 6.847601214255372160e-01 6.847703009857202261e-01 2.993072213933087866e-01 2.993116708578410501e-01 4.500860472079841121e-03 4.500927381320928011e-03
3.304999999999989768e+01 6.847638100395763150e-01 6.847695716462729454e-01 2.993102308623097896e-01 2.993127492603402384e-01 4.495835236384686240e-03 4.495873064368620733e-03
3.309999999999990195e+01 6.847658269374451434e-01 6.848024820795847178e-01 2.993117185684412984e-01 2.993277405618828269e-01 4.490798478146166596e-03 4.491038868145288444e-03
3.314999999999989910e+01 6.847632238826516504e-01 6.848227769281099997e-01 2.993097362747804135e-01 2.993357668875656907e-01 4.485721038213279568e-03 4.486111156051950100e-03
3.319999999999990337e+01 6.847599712320009413e-01 6.848228454570456369e-01 2.993069473250513646e-01 2.993344294985926801e-01 4.480642924027724953e-03 4.481054333811277171e-03
3.324999999999990052e+01 6.847597809058146856e-01 6.848207311384106877e-01 2.993065128154224208e-01 2.993331539851906697e-01 4.475611406585765055e-03 4.476009779217813948e-03
3.329999999999989768e+01 6.847603008316529571e-01 6.848126150077936680e-01 2.993078452629994723e-01 2.993307117219901059e-01 4.470617554339061279e-03 4.470959099656322301e-03
3.334999999999989484e+01 6.847595451909037623e-01 6.848107373234678663e-01 2.993089213348074651e-01 2.993312974551349814e-01 4.465631053111648180e-03 4.465964900486918757e-03
3.339999999999989910e+01 6.847594301154398266e-01 6.848317041077547351e-01 2.993091144402115766e-01 2.993407054832633030e-01 4.460642540092581675e-03 4.461113345503188617e-03
3.344999999999990337e+01 6.847603046689084705e-01 6.848449521345923996e-01 2.993084102489695919e-01 2.993454096167961209e-01 4.455651808693267442e-03 4.456202599431287846e-03
3.349999999999990052e+01 6.847605768509068547e-01 6.848372130381910061e-01 2.993073645450867737e-01 2.993408620565093381e-01 4.450667130781968753e-03 4.451165235041040433e-03
3.354999999999989768e+01 6.847613949290720647e-01 6.848509122633896773e-01 2.993077180179907204e-01 2.993468458503365515e-01 4.445714341151004931e-03 4.446295519499996254e-03
3.359999999999989484e+01 6.847642167527600021e-01 6.848721219417308603e-01 2.993100184040258238e-01 2.993571836958249799e-01 4.440801460000393976e-03 4.441501241777829137e-03
3.364999999999989910e+01 6.847667099639483945e-01 6.848283706558127015e-01 2.993120579870632847e-01 2.993390099231172385e-01 4.435895635228810120e-03 4.436295071109565107e-03
3.369999999999989626e+01 6.847665036947404582e-01 6.847483169393396851e-01 2.993118900373501479e-01 2.993039405945790987e-01 4.430968024239094645e-03 4.430850341888671953e-03
3.374999999999990052e+01 6.847645820336935030e-01 6.847331597675978543e-01 2.993102120794546295e-01 2.992964774246902326e-01 4.426029014113940646e-03 4.425825913858644559e-03
3.379999999999989768e+01 6.847624558315451582e-01 6.847719464934717282e-01 2.993086516819649656e-01 2.993128000361870988e-01 4.421102683633170577e-03 4.421163959175594509e-03
3.384999999999989484e+01 6.847607752881973431e-01 6.847851928334122151e-01 2.993080385218200856e-01 2.993187113988707848e-01 4.416201232339665543e-03 4.416358707471361444e-03
3.389999999999989910e+01 6.847602941429978829e-01 6.847870066179598814e-01 2.993083831934391092e-01 2.993200592029279239e-01 4.411324733875309802e-03 4.411496819497841976e-03
3.394999999999989626e+01 6.847604643997299290e-01 6.848214205446190306e-01 2.993088283719623766e-01 2.993354723055090538e-01 4.406460483944984845e-03 4.406852739131538257e-03
3.399999999999990052e+01 6.847600780214896377e-01 6.848531921249328969e-01 2.993086386006780231e-01 2.993493387764485369e-01 4.401597626480568091e-03 4.402196158477193755e-03
3.404999999999989768e+01 6.847605368037057438e-01 6.848580926255132262e-01 2.993086485200644464e-01 2.993512901438308837e-01 4.396748417481676635e-03 4.397374809310783221e-03
3.409999999999989484e+01 6.847632945500763402e-01 6.848742903639765123e-01 2.993096896375151417e-01 2.993582058516199851e-01 4.391925013022976443e-03 4.392636916384750310e-03
3.414999999999989200e+01 6.847656889571270833e-01 6.848936909440968002e-01 2.993105675765601603e-01 2.993665171487841503e-01 4.387109821569232064e-03 4.387929895914765600e-03
3.419999999999989626e+01 6.847655399795725684e-01 6.848612082288743075e-01 2.993103334879549937e-01 2.993521499841582667e-01 4.382288923688955860e-03 4.382901171071141438e-03
3.424999999999990052e+01 6.847654848726856258e-01 6.847899989122874231e-01 2.993103737389788410e-01 2.993210888035040540e-01 4.377482614098419933e-03 4.377639324365699240e-03
3.429999999999989768e+01 6.847669340100781543e-01 6.847409146517213774e-01 2.993114526118125784e-01 2.993000795568956374e-01 4.372702010399024536e-03 4.372535859121932759e-03
3.434999999999989484e+01 6.847666323877733552e-01 6.847328886063288600e-01 2.993118104080985109e-01 2.992970609856873132e-01 4.367921348531181649e-03 4.367706107051266134e-03
3.439999999999989200e+01 6.847636495862706729e-01 6.847582452128652131e-01 2.993104432758162403e-01 2.993080810222115140e-01 4.363125995274299423e-03 4.363091560090556764e-03
3.444999999999989626e+01 6.847615460696023781e-01 6.848015698774463367e-01 2.993087917194606762e-01 2.993262860978096462e-01 4.358336974437005892e-03 4.358591716021992767e-03
3.449999999999989342e+01 6.847615080366560303e-01 6.848230422378250859e-01 2.993080772213873031e-01 2.993349737148658374e-01 4.353572032311098239e-03 4.353963254034421727e-03
3.454999999999989768e+01 6.847616274699775962e-01 6.848173449924970235e-01 2.993083171940262854e-01 2.993326712425513625e-01 4.348831343175109908e-03 4.349185197857639330e-03
3.459999999999989484e+01 6.847621848640681463e-01 6.848366387890146845e-01 2.993095952508397772e-01 2.993421390662448500e-01 4.344116041376494541e-03 4.344588375417206792e-03
3.464999999999989200e+01 6.847640770559015877e-01 6.848792023409037144e-01 2.993112551848763347e-01 2.993615765944129814e-01 4.339416530407785855e-03 4.340146090531550593e-03
3.469999999999989626e+01 6.847652146467095857e-01 6.848766489646997968e-01 2.993114319593536132e-01 2.993601399903307314e-01 4.334705748868274144e-03 4.335411151199585790e-03
3.474999999999989342e+01 6.847642781971937653e-01 6.848339980721600551e-01 2.993098244451364298e-01 2.993402989371637402e-01 4.329979377144840824e-03 4.330420237788996582e-03
3.479999999999989768e+01 6.847634646184538321e-01 6.848169875394295447e-01 2.993086960581852196e-01 2.993320908163962235e-01 4.325270174251241023e-03 4.325608248791862863e-03
3.484999999999989484e+01 6.847643425414959850e-01 6.848098003534345279e-01 2.993096409740234609e-01 2.993295105269857537e-01 4.320601096701901130e-03 4.320887918108790200e-03
3.489999999999989200e+01 6.847658742068878368e-01 6.847660095373886424e-01 2.993116663462820348e-01 2.993117254993432619e-01 4.315957697855555067e-03 4.315958550819667602e-03
3.494999999999988916e+01 6.847668945677940489e-01 6.847339447957860870e-01 2.993128372452372732e-01 2.992984348408211925e-01 4.311312023698062046e-03 4.311104570987711604e-03
3.499999999999989342e+01 6.847666504259223297e-01 6.847637334238284579e-01 2.993120909170561283e-01 2.993108158929360663e-01 4.306648790173479326e-03 4.306630444502686922e-03
3.504999999999989768e+01 6.847650814251013962e-01 6.848044202845057216e-01 2.993101576342145353e-01 2.993273526117752326e-01 4.301978550258213699e-03 4.302225693306157076e-03
3.509999999999989484e+01 6.847643350185604882e-01 6.848173528114153141e-01 2.993093690341613877e-01 2.993325430245628027e-01 4.297334803074833072e-03 4.297667523683611039e-03
3.514999999999989200e+01 6.847658319557747841e-01 6.848411849690351216e-01 2.993108370295238796e-01 2.993437737977140412e-01 4.292733410247753269e-03 4.293205791290279419e-03
3.519999999999988916e+01 6.847668335636446502e-01 6.848775689677402134e-01 2.993124764646040159e-01 2.993608790542265918e-01 4.288144361957087376e-03 4.288837808799817256e-03
3.524999999999989342e+01 6.847651033829907918e-01 6.848763117558858138e-01 2.993120969801378317e-01 2.993607063662302448e-01 4.283536271629888835e-03 4.284231933684878868e-03
3.529999999999989058e+01 6.847632059165459362e-01 6.848443952622936814e-01 2.993105932933897151e-01 2.993460812270796190e-01 4.278921991327954387e-03 4.279429324189855041e-03
3.534999999999989484e+01 6.847632479279667228e-01 6.848256872744048485e-01 2.993097671850087904e-01 2.993370594006791174e-01 4.274327271474608926e-03 4.274717021073614134e-03
3.539999999999989200e+01 6.847634790223027235e-01 6.848145360040656104e-01 2.993097726678590753e-01 2.993320896489375382e-01 4.269754246331807987e-03 4.270072605548334323e-03
3.544999999999988916e+01 6.847636232225652320e-01 6.847901572317049990e-01 2.993104982410708104e-01 2.993220962688085685e-01 4.265201257443128162e-03 4.265366530371346269e-03
3.549999999999989342e+01 6.847658308673980621e-01 6.847609385742239319e-01 2.993121501462394640e-01 2.993100117177094344e-01 4.260671176458933999e-03 4.260640736195161690e-03
3.554999999999989058e+01 6.847688699800869028e-01 6.847353699140931171e-01 2.993136235867168704e-01 2.992989806515856666e-01 4.256148220216389791e-03 4.255940002155511603e-03
3.559999999999989484e+01 6.847694958311797420e-01 6.847324372448150287e-01 2.993136126928240826e-01 2.992974143378540619e-01 4.251613816659442768e-03 4.251383726389982090e-03
3.564999999999989200e+01 6.847685808296378740e-01 6.847860727030874450e-01 2.993129557466381874e-01 2.993206014600811038e-01 4.247079897078948410e-03 4.247188385386048426e-03
3.569999999999988916e+01 6.847685982122235782e-01 6.848660414745652014e-01 2.993129505443592464e-01 2.993555430791779992e-01 4.242564855341742630e-03 4.243168576600690224e-03
3.574999999999988631e+01 6.847684915083019908e-01 6.848917499585744917e-01 2.993130249493582973e-01 2.993669013470885432e-01 4.238060530256410920e-03 4.238823381905688567e-03
3.579999999999989058e+01 6.847668593100276757e-01 6.848655868082821341e-01 2.993124695075186636e-01 2.993556234232040980e-01 4.233556853005931812e-03 4.234167233708696111e-03
3.584999999999989484e+01 6.847653113898057864e-01 6.848547257704120650e-01 2.993120587623367967e-01 2.993511419371078786e-01 4.229064765274991207e-03 4.229616982509482037e-03
3.589999999999989200e+01 6.847650433204057752e-01 6.848528195774019611e-01 2.993122933896593674e-01 2.993506605829659994e-01 4.224591296960621654e-03 4.225132824036226774e-03
3.594999999999988916e+01 6.847651864019298484e-01 6.848188667385188833e-01 2.993124983628407954e-01 2.993359621661656478e-01 4.220126871524025082e-03 4.220457697090818604e-03
3.599999999999988631e+01 6.847654773970587305e-01 6.847872060501145608e-01 2.993123110006863374e-01 2.993218086368489850e-01 4.215666352122352835e-03 4.215800121645770296e-03
3.604999999999989058e+01 6.847662887303341828e-01 6.847892198592748780e-01 2.993121486213555782e-01 2.993221718447334201e-01 4.211215597908635720e-03 4.211356621100726706e-03
3.609999999999988773e+01 6.847674543714677986e-01 6.847790760508004615e-01 2.993125888329475348e-01 2.993176686814500442e-01 4.206782696176363141e-03 4.206854092501064422e-03
3.614999999999989200e+01 6.847693283344319370e-01 6.847482433924778622e-01 2.993140887502511172e-01 2.993048724785429826e-01 4.202374008427543425e-03 4.202244611843364980e-03
3.619999999999988916e+01 6.847717031644365848e-01 6.847621324291663925e-01 2.993160006751595104e-01 2.993118172747775141e-01 4.197980374125668407e-03 4.197921700908530292e-03
3.624999999999988631e+01 6.847721131691315577e-01 6.848213584901337025e-01 2.993163293019183158e-01 2.993378546071026047e-01 4.193573790569793576e-03 4.193875371027716917e-03
3.629999999999989058e+01 6.847696723089897741e-01 6.848514830806216036e-01 2.993144644514345032e-01 2.993502241357306470e-01 4.189145758592515215e-03 4.189646244027031216e-03
3.634999999999988773e+01 6.847676152430289820e-01 6.848388699797852697e-01 2.993126717221664679e-01 2.993438172453434243e-01 4.184728021281609693e-03 4.185163470749306280e-03
3.639999999999989200e+01 6.847678036239447374e-01 6.848280090366557493e-01 2.993128245094085482e-01 2.993391403671838980e-01 4.180346711025268759e-03 4.180714250938332051e-03
3.644999999999988916e+01 6.847679685184628884e-01 6.848258433283794799e-01 2.993139804539324267e-01 2.993392776940495548e-01 4.175988565803042708e-03 4.176341509508896960e-03
3.649999999999988631e+01 6.847672644580105050e-01 6.848204409165511430e-01 2.993146742396277649e-01 2.993379178950876796e-01 4.171633090447783923e-03 4.171957043833984628e-03
3.654999999999988347e+01 6.847675949936358197e-01 6.848210846771929372e-01 2.993146798951724641e-01 2.993380604517710264e-01 4.167277130458380691e-03 4.167602651608378651e-03
3.659999999999988773e+01 6.847685217095020871e-01 6.848244411765967987e-01 2.993139770851995785e-01 2.993384196195187918e-01 4.162920404522952103e-03 4.163260356321550615e-03
3.664999999999989200e+01 6.847683796408051693e-01 6.848220254486413472e-01 2.993130708712125054e-01 2.993365195174412241e-01 4.158569932215535649e-03 4.158895720978699612e-03
3.669999999999988916e+01 6.847689329856856411e-01 6.848288196616133527e-01 2.993136651690300187e-01 2.993398417369250719e-01 4.154249343081619153e-03 4.154612654225201158e-03
3.674999999999988631e+01 6.847718194508511935e-01 6.848350858376206496e-01 2.993160872550389984e-01 2.993437412075012904e-01 4.149963081525680740e-03 4.150346498544221600e-03
3.679999999999988347e+01 6.847740828215403974e-01 6.848054118423401171e-01 2.993178087671111154e-01 2.993315028219707408e-01 4.145676021705150746e-03 4.145865690055006506e-03
3.684999999999988773e+01 6.847730571277828027e-01 6.847651875434886959e-01 2.993169552825853952e-01 2.993135154568128398e-01 4.141362231512778561e-03 4.141314637935849217e-03
3.689999999999988489e+01 6.847706852229898944e-01 6.847699504717897900e-01 2.993149133764932968e-01 2.993145922149766935e-01 4.137040958901092025e-03 4.137036519902935992e-03
3.694999999999988916e+01 6.847693371951153463e-01 6.847952022900318791e-01 2.993138214486632531e-01 2.993251271248684731e-01 4.132741752829325460e-03 4.132897854675444960e-03
3.699999999999988631e+01 6.847687767351500199e-01 6.847925179109648486e-01 2.993140267939021770e-01 2.993244041171321257e-01 4.128469335088315664e-03 4.128612470581142883e-03
3.704999999999988347e+01 6.847685504013391045e-01 6.847935405644683948e-01 2.993147436267644679e-01 2.993256669150285987e-01 4.124212795408407906e-03 4.124363305753073715e-03
3.709999999999988773e+01 6.847686626440543378e-01 6.848285330085392975e-01 2.993151230466823964e-01 2.993412926226139970e-01 4.119960399816697746e-03 4.120320614213553514e-03
3.714999999999988489e+01 6.847687517960402426e-01 6.848519545347798720e-01 2.993148064266554220e-01 2.993511746335496548e-01 4.115707204216653703e-03 4.116207282688902000e-03
3.719999999999988916e+01 6.847693533411162159e-01 6.848477635130720831e-01 2.993145351254424824e-01 2.993488084235297331e-01 4.111463394580262658e-03 4.111934181641900554e-03
3.724999999999988631e+01 6.847712161969736755e-01 6.848623517981509146e-01 2.993151611134747814e-01 2.993549967060118444e-01 4.107240632774963353e-03 4.107787261832075883e-03
3.729999999999988347e+01 6.847730253795859534e-01 6.848823504728916989e-01 2.993161341408976384e-01 2.993639204336984161e-01 4.103031311047270445e-03 4.103686366466061108e-03
3.734999999999988773e+01 6.847735762491199418e-01 6.848446897375511933e-01 2.993166187497156017e-01 2.993477026724062906e-01 4.098823947274444351e-03 4.099249608660143242e-03
3.739999999999988489e+01 6.847740610284568374e-01 6.847710994097403470e-01 2.993169586489451417e-01 2.993156641158175590e-01 4.094623237331680710e-03 4.094605528260167673e-03
3.744999999999988205e+01 6.847746390891752410e-01 6.847381543159307693e-01 2.993172750509141000e-01 2.993013274350343478e-01 4.090430817231496818e-03 4.090212879194192463e-03
3.749999999999988631e+01 6.847732962041417348e-01 6.847537584381249154e-01 2.993167030414567442e-01 2.993081630184427633e-01 4.086234853808292516e-03 4.086118266463391845e-03
3.754999999999988347e+01 6.847706161712313611e-01 6.847798313004302972e-01 2.993153682007094751e-01 2.993193961623714650e-01 4.082037070585887995e-03 4.082092003578209616e-03
3.759999999999988063e+01 6.847695770593653641e-01 6.848034184206119868e-01 2.993145633238691872e-01 2.993293554708966742e-01 4.077855086156266171e-03 4.078056614044923457e-03
3.764999999999988489e+01 6.847700037697324049e-01 6.848191169430993819e-01 2.993145354325936758e-01 2.993360029130455180e-01 4.073692214121733650e-03 4.073984388064596195e-03
3.769999999999988205e+01 6.847698920975089365e-01 6.848252269749093291e-01 2.993147648459570931e-01 2.993389518699604013e-01 4.069541330332533333e-03 4.069870181780572103e-03
3.774999999999988631e+01 6.847703474690191028e-01 6.848432787730024396e-01 2.993155928768425067e-01 2.993474714133061987e-01 4.065407033980891933e-03 4.065840019196019159e-03
3.779999999999988347e+01 6.847726136339719050e-01 6.848703792726603679e-01 2.993169093029665051e-01 2.993596430633792549e-01 4.061287778873367942e-03 4.061867612800270852e-03
3.784999999999988063e+01 6.847741809299657811e-01 6.848670069038472752e-01 2.993171534917773435e-01 2.993577280447410338e-01 4.057162365188451969e-03 4.057712342185587802e-03
3.789999999999988489e+01 6.847734267011035270e-01 6.848354419493525302e-01 2.993159822164599415e-01 2.993430892188906345e-01 4.053026164068526498e-03 4.053393218942333634e-03
3.794999999999988205e+01 6.847728599050076914e-01 6.848137061063067632e-01 2.993154133210548240e-01 2.993332672669984929e-01 4.048906504173899364e-03 4.049148018491703638e-03
3.799999999999988631e+01 6.847740839003478852e-01 6.847931493224961308e-01 2.993166000371190183e-01 2.993249335845908909e-01 4.044818919420536604e-03 4.044931534926913402e-03
3.804999999999988347e+01 6.847752433081167878e-01 6.847580285797068012e-01 2.993181136427620626e-01 2.993105890132067293e-01 4.040744024876986515e-03 4.040642443647755357e-03
3.809999999999988063e+01 6.847749854672662284e-01 6.847521957247265645e-01 2.993182796850406557e-01 2.993083181842904894e-01 4.036659200067988819e-03 4.036524857508984494e-03
3.814999999999988489e+01 6.847739464547851762e-01 6.847930299179240121e-01 2.993170430535281312e-01 2.993253845007860514e-01 4.032563732617431423e-03 4.032676113180017237e-03
3.819999999999988205e+01 6.847729086871451321e-01 6.848205252637984408e-01 2.993155864985904691e-01 2.993363997979883173e-01 4.028473573332316815e-03 4.028753698492450012e-03
3.824999999999987921e+01 6.847727779343796284e-01 6.848162743793296814e-01 2.993154228745226186e-01 2.993344352494786698e-01 4.024409047052414541e-03 4.024664675623252502e-03
3.829999999999988347e+01 6.847739995702871729e-01 6.848337793665235651e-01 2.993168972955435603e-01 2.993430272349713039e-01 4.020374711827324685e-03 4.020725684821652678e-03
3.834999999999988063e+01 6.847749401706972883e-01 6.848697038443127827e-01 2.993183047749335968e-01 2.993597264165225313e-01 4.016347598456012150e-03 4.016903407132147059e-03
3.839999999999987779e+01 6.847741924744658037e-01 6.848650823862070247e-01 2.993180053147025399e-01 2.993577337206275724e-01 4.012305701269480718e-03 4.012838253627725067e-03
3.844999999999988205e+01 6.847731459051205061e-01 6.848309328730129986e-01 2.993166622354520578e-01 2.993419211149126458e-01 4.008257947578878523e-03 4.008596198391876399e-03
3.849999999999987921e+01 6.847730724863320129e-01 6.848196402033136510e-01 2.993158560689832548e-01 2.993362109232168278e-01 4.004225499250621892e-03 4.004497804992877136e-03
3.854999999999988347e+01 6.847732230788159402e-01 6.848178344673200302e-01 2.993160918102324430e-01 2.993355915599411610e-01 4.000215059274749713e-03 4.000475664015261043e-03
3.859999999999988063e+01 6.847739069750978791e-01 6.847910203768196036e-01 2.993172766713172450e-01 2.993247570042355532e-01 3.996225322714525192e-03 3.996325193648014515e-03
3.864999999999987779e+01 6.847761763990589667e-01 6.847589987368979392e-01 2.993189341899842315e-01 2.993114257518885157e-01 3.992249872490629022e-03 3.992149726600723557e-03
3.869999999999988205e+01 6.847781392150487090e-01 6.847507002041621771e-01 2.993196601678220770e-01 2.993076664505236462e-01 3.988269955600570044e-03 3.988110145909717907e-03
3.874999999999987921e+01 6.847776321383932663e-01 6.847682196625308748e-01 2.993188281949527019e-01 2.993147139670437884e-01 3.984277247187400367e-03 3.984222482090443024e-03
3.879999999999988347e+01 6.847766795648007054e-01 6.848115595058161809e-01 2.993180539309324706e-01 2.993333000635440833e-01 3.980293270358154466e-03 3.980496011483308262e-03
3.884999999999988063e+01 6.847774381958142698e-01 6.848616472225244056e-01 2.993185997580571911e-01 2.993554078164948340e-01 3.976334769286720902e-03 3.976823750468224013e-03
3.889999999999987779e+01 6.847777951336334601e-01 6.848774189183077787e-01 2.993192293260191761e-01 2.993627752976659728e-01 3.972385259801192864e-03 3.972963175815085075e-03
3.894999999999988205e+01 6.847760468070233086e-01 6.848613353389813030e-01 2.993187556979823860e-01 2.993560357070890188e-01 3.968428978428678762e-03 3.968923244376396792e-03
3.899999999999987921e+01 6.847744398754649353e-01 6.848513483983077466e-01 2.993180643138926289e-01 2.993516813837568957e-01 3.964477673031699921e-03 3.964922932235200558e-03
3.904999999999987637e+01 6.847745368159914303e-01 6.848421042068775222e-01 2.993180227611360600e-01 2.993475567708806517e-01 3.960542808615769884e-03 3.960933599350067655e-03
3.909999999999988063e+01 6.847749559189030277e-01 6.848130971742729667e-01 2.993181430631003392e-01 2.993348147734670173e-01 3.956617885830813162e-03 3.956838265346565749e-03
3.914999999999987779e+01 6.847751812824901529e-01 6.847912671310774080e-01 2.993181594494238595e-01 2.993251906426153131e-01 3.952699365459552000e-03 3.952792217135899649e-03
3.919999999999987494e+01 6.847762189881758665e-01 6.847887662877680803e-01 2.993185457503527713e-01 2.993240302274168263e-01 3.948793479556115225e-03 3.948865834134796145e-03
3.924999999999987921e+01 6.847779161619517163e-01 6.847690201463549897e-01 2.993194307377112784e-01 2.993155422502741247e-01 3.944901887811690273e-03 3.944850639212848196e-03
3.929999999999987637e+01 6.847794730870425672e-01 6.847445505742711935e-01 2.993205375557331793e-01 2.993052727504836863e-01 3.941020902642974194e-03 3.940819917715396650e-03
3.934999999999988063e+01 6.847805804637007165e-01 6.847767014550349973e-01 2.993214152295786690e-01 2.993197196932322335e-01 3.937144560731066674e-03 3.937122258378598395e-03
3.939999999999987779e+01 6.847804547740098391e-01 6.848447921786061654e-01 2.993212760767087754e-01 2.993493983075770082e-01 3.933262497722857590e-03 3.933632040835449012e-03
3.944999999999987494e+01 6.847788672229172535e-01 6.848676712003224365e-01 2.993200217456362111e-01 2.993588383764060890e-01 3.929373439391361730e-03 3.929883011176985019e-03
3.949999999999987921e+01 6.847775277265421012e-01 6.848460825744183689e-01 2.993190047564983081e-01 2.993489703555530790e-01 3.925495144347528054e-03 3.925888135810541406e-03
3.954999999999987637e+01 6.847773885117537374e-01 6.848369481543103987e-01 2.993192399001303183e-01 2.993452736845949591e-01 3.921640876516620244e-03 3.921981967698600670e-03
3.959999999999988063e+01 6.847772392792740304e-01 6.848383859045874544e-01 2.993200371163691198e-01 2.993467646550612704e-01 3.917801532936777444e-03 3.918151369830653874e-03
3.964999999999987779e+01 6.847769069049659540e-01 6.848241419737245428e-01 2.993204595378361477e-01 2.993411062949691281e-01 3.913964819062920597e-03 3.914234799541939543e-03
3.969999999999987494e+01 6.847774848568630723e-01 6.848116817002004586e-01 2.993203537013418014e-01 2.993353013470655410e-01 3.910128722421195475e-03 3.910323988857822286e-03
3.974999999999987921e+01 6.847781516054356477e-01 6.848140304141071555e-01 2.993197222596737372e-01 2.993354050541983113e-01 3.906293275819568492e-03 3.906497945242401806e-03
3.979999999999987637e+01 6.847779658125048297e-01 6.848132698635515103e-01 2.993191847516063486e-01 2.993346162933692156e-01 3.902466554779753221e-03 3.902667748283832321e-03
3.984999999999987352e+01 6.847788621727644021e-01 6.848088267149929909e-01 2.993201506731516526e-01 2.993332483193994475e-01 3.898666892519080628e-03 3.898837490321070687e-03
3.989999999999987779e+01 6.847816219528141124e-01 6.848096732245666507e-01 2.993223945424561272e-01 2.993346559314329358e-01 3.894891275763914459e-03 3.895050825392760378e-03
3.994999999999987494e+01 6.847829328632276669e-01 6.848040317164015844e-01 2.993233768015792773e-01 2.993325992568648397e-01 3.891106620755021249e-03 3.891226509676510431e-03
3.999999999999987210e+01 6.847810407461827342e-01 6.847949681474575501e-01 2.993219237988753445e-01 2.993280115499885596e-01 3.887297711673715680e-03 3.887376773376484927e-03
4.004999999999987637e+01 6.847788978034862195e-01 6.848022588574576019e-01 2.993200415376826573e-01 2.993302527630394838e-01 3.883490645964104548e-03 3.883623130237303690e-03
4.009999999999987352e+01 6.847785886983571713e-01 6.848112077295014366e-01 2.993196743214018296e-01 2.993339322405890179e-01 3.879710619849676984e-03 3.879895427616199353e-03
4.014999999999987779e+01 6.847786527423865843e-01 6.848034220143869311e-01 2.993204001932355807e-01 2.993312269740908693e-01 3.875952090556636625e-03 3.876092288431098268e-03
4.019999999999987494e+01 6.847782181394418410e-01 6.848071285777179718e-01 2.993210553377601002e-01 2.993336922801538291e-01 3.872199939686427408e-03 3.872363418889451098e-03
4.024999999999987210e+01 6.847781235330914207e-01 6.848342168616513570e-01 2.993211382251987906e-01 2.993456569975929682e-01 3.868447666884647015e-03 3.868764549241922139e-03
4.029999999999987637e+01 6.847783913681696477e-01 6.848456099488037241e-01 2.993206293338044333e-01 2.993500109675006904e-01 3.864695020449388299e-03 3.865074383053601018e-03
4.034999999999987352e+01 6.847788200124255154e-01 6.848392626534136607e-01 2.993201781405255835e-01 2.993465979151143097e-01 3.860950379110304059e-03 3.861291169495195859e-03
4.039999999999987779e+01 6.847800421846179653e-01 6.848549582297236427e-01 2.993206932979731727e-01 2.993534394663466269e-01 3.857225429097601351e-03 3.857647415803444699e-03
4.044999999999987494e+01 6.847817171248574697e-01 6.848690101494100402e-01 2.993219208320702096e-01 2.993600771016242668e-01 3.853516843670047425e-03 3.854008073403604722e-03
4.049999999999987210e+01 6.847826234735099327e-01 6.848268992030730473e-01 2.993227438889971559e-01 2.993420970857726404e-01 3.849810210790970133e-03 3.850059126505124378e-03
4.054999999999987637e+01 6.847826945627141226e-01 6.847642429684674958e-01 2.993227681944935492e-01 2.993147028880666083e-01 3.846100458650745287e-03 3.845996824774395011e-03
4.059999999999987352e+01 6.847821243929236301e-01 6.847525500422788625e-01 2.993222306252838472e-01 2.993093035054176232e-01 3.842390637038312941e-03 3.842224691982264011e-03
4.064999999999987068e+01 6.847804716937977432e-01 6.847780548834652148e-01 2.993212793400699123e-01 2.993202229390909963e-01 3.838682646233672856e-03 3.838669098289088956e-03
4.069999999999987494e+01 6.847786562145058431e-01 6.847930853550066033e-01 2.993204373006881358e-01 2.993267443556837382e-01 3.834983181302868260e-03 3.835063989182376301e-03
4.074999999999987210e+01 6.847782682172993685e-01 6.848032964709033221e-01 2.993203000026216642e-01 2.993312399881979946e-01 3.831299840033567262e-03 3.831439871848944020e-03
4.079999999999986926e+01 6.847785123975385080e-01 6.848222480446649607e-01 2.993204735273644612e-01 2.993395906205134072e-01 3.827627538713110258e-03 3.827872002819874067e-03
4.084999999999987352e+01 6.847781619550664667e-01 6.848359517547024655e-01 2.993204846385006945e-01 2.993457448932740350e-01 3.823960199789222872e-03 3.824282911443944652e-03
4.089999999999987068e+01 6.847786746876591835e-01 6.848467103821446189e-01 2.993209226261303035e-01 2.993506614418931511e-01 3.820305330263318831e-03 3.820684893961632123e-03
4.094999999999987494e+01 6.847808076892365481e-01 6.848633403254176244e-01 2.993218658414690259e-01 2.993579413599081196e-01 3.816663893420079758e-03 3.817123893655197109e-03
4.099999999999987210e+01 6.847820352460858295e-01 6.848641749601488415e-01 2.993220570643406742e-01 2.993579607927017161e-01 3.813019835214540715e-03 3.813477207550350183e-03
4.104999999999986926e+01 6.847813375341167408e-01 6.848372245319938045e-01 2.993213143285777811e-01 2.993457428121557573e-01 3.809370847325212021e-03 3.809681741166484181e-03
4.109999999999987352e+01 6.847812535778373677e-01 6.848046022126990096e-01 2.993212575002628384e-01 2.993314633035192296e-01 3.805737539736345470e-03 3.805867302015511228e-03
4.114999999999987068e+01 6.847825066584869447e-01 6.847778616160793419e-01 2.993223513034111161e-01 2.993203209288004540e-01 3.802125770764202412e-03 3.802099980041933214e-03
4.119999999999987494e+01 6.847826424850418370e-01 6.847600528522979069e-01 2.993230073518804435e-01 2.993131332744894957e-01 3.798515321724380348e-03 3.798390016173733806e-03
4.124999999999987210e+01 6.847810760674862829e-01 6.847730786713098761e-01 2.993222865356225393e-01 2.993187908214541837e-01 3.794894282543559774e-03 3.794849962871060974e-03
4.129999999999986926e+01 6.847797446354246809e-01 6.848097909061604538e-01 2.993209868224013803e-01 2.993341202123379619e-01 3.791272790657405044e-03 3.791439141384910904e-03
4.134999999999987352e+01 6.847793662410566196e-01 6.848232009135044596e-01 2.993201655024768648e-01 2.993393258365328879e-01 3.787664226541950178e-03 3.787906685688498774e-03
4.139999999999987068e+01 6.847795308418036520e-01 6.848153623265864631e-01 2.993204032395528902e-01 2.993360653526722093e-01 3.784075894305355490e-03 3.784273898263880269e-03
4.144999999999986784e+01 6.847803430762663401e-01 6.848339949164682361e-01 2.993216345625194785e-01 2.993450861067539215e-01 3.780506909536093894e-03 3.780803108389702277e-03
4.149999999999987210e+01 6.847812041385686888e-01 6.848644677923374502e-01 2.993226813468371494e-01 2.993590764756084432e-01 3.776942351379658155e-03 3.777401595906740728e-03
4.154999999999986926e+01 6.847809761408393259e-01 6.848542469614602446e-01 2.993223238394806529e-01 2.993543510030001187e-01 3.773366830626932039e-03 3.773770576779084205e-03
4.159999999999986642e+01 6.847801455460791331e-01 6.848234103042544207e-01 2.993210623884181576e-01 2.993399736455059079e-01 3.769786679954897739e-03 3.770024856996305376e-03
4.164999999999987068e+01 6.847799008379514829e-01 6.848185879372135076e-01 2.993204110959265529e-01 2.993373214030793372e-01 3.766220963773856973e-03 3.766433738950362292e-03
4.169999999999986784e+01 6.847802724480586134e-01 6.848159913009963518e-01 2.993209847139575164e-01 2.993365976085813340e-01 3.762677369125810942e-03 3.762873634300214695e-03
4.174999999999987210e+01 6.847812130787881424e-01 6.847849831890322481e-01 2.993223189605602741e-01 2.993239669002517589e-01 3.759150002644408295e-03 3.759170698904270008e-03
4.179999999999986926e+01 6.847826891649994030e-01 6.847606017883496321e-01 2.993234329261843518e-01 2.993137783751745884e-01 3.755626510993539339e-03 3.755505374845361476e-03
4.184999999999986642e+01 6.847832268349792750e-01 6.847717910354905735e-01 2.993232637669029916e-01 2.993182651035412034e-01 3.752093560224427794e-03 3.752030900702499946e-03
4.189999999999987068e+01 6.847821122362244273e-01 6.847962429833683862e-01 2.993220307071250419e-01 2.993282073344857297e-01 3.748553922443653968e-03 3.748631275322309754e-03
4.194999999999986784e+01 6.847815169306973315e-01 6.848206379280448175e-01 2.993215148090254685e-01 2.993386147977041833e-01 3.745029900644682077e-03 3.745243851081700871e-03
4.199999999999987210e+01 6.847825530826187057e-01 6.848493859663487004e-01 2.993224296877099455e-01 2.993516427292091109e-01 3.741530371096383513e-03 3.741895534115123080e-03
4.204999999999986926e+01 6.847827891150395363e-01 6.848646552928521203e-01 2.993231787698117374e-01 2.993589630286542791e-01 3.738035326504058394e-03 3.738482210785576063e-03
4.209999999999986642e+01 6.847810876551323478e-01 6.848551774066526932e-01 2.993226470179612964e-01 2.993550321713216444e-01 3.734530842395034599e-03 3.734934899205519156e-03
4.214999999999987068e+01 6.847798243411087338e-01 6.848408827377735486e-01 2.993218135465670615e-01 2.993485025776575492e-01 3.731029149848149370e-03 3.731361827082059837e-03
4.219999999999986784e+01 6.847800314627185969e-01 6.848290696400819444e-01 2.993215572734770902e-01 2.993429921619665812e-01 3.727541186469213348e-03 3.727808121568709082e-03
4.224999999999986500e+01 6.847801396644482841e-01 6.848104475178202755e-01 2.993215543123602940e-01 2.993348020589781111e-01 3.724062884135129464e-03 3.724227708354324942e-03
4.229999999999986926e+01 6.847802094878501222e-01 6.847943770191587953e-01 2.993217908626417678e-01 2.993279835808083655e-01 3.720594044283933970e-03 3.720671020271088675e-03
4.234999999999986642e+01 6.847816496314954593e-01 6.847835186053273793e-01 2.993226437345145596e-01 2.993234606754894278e-01 3.717139319894632431e-03 3.717149465079045475e-03
4.239999999999986358e+01 6.847836149228127001e-01 6.847619992824175439e-01 2.993236404259546068e-01 2.993141920804740508e-01 3.713692809255029516e-03 3.713575584124997712e-03
4.244999999999986784e+01 6.847844286511090006e-01 6.847526979203630848e-01 2.993240964486426625e-01 2.993102267227657487e-01 3.710246004941349790e-03 3.710074083951242496e-03
4.249999999999986500e+01 6.847843742010432111e-01 6.847957182382943264e-01 2.993241232374969085e-01 2.993290817969093132e-01 3.706800287770868878e-03 3.706861694079381306e-03
4.254999999999986926e+01 6.847840623702903251e-01 6.848558147654828510e-01 2.993238791851686731e-01 2.993552426564438651e-01 3.703357614415953014e-03 3.703745656126750194e-03
4.259999999999986642e+01 6.847831926530607571e-01 6.848665911704625575e-01 2.993232605668468826e-01 2.993597146101455442e-01 3.699916694275001347e-03 3.700367300496245487e-03
4.264999999999986358e+01 6.847821559231223043e-01 6.848445060904680970e-01 2.993227239070264112e-01 2.993499775697636700e-01 3.696483160321422344e-03 3.696819729172762161e-03
4.269999999999986784e+01 6.847816860789535109e-01 6.848404428482106621e-01 2.993228374407064241e-01 2.993485204331848282e-01 3.693064002969860277e-03 3.693380881347138513e-03
4.274999999999986500e+01 6.847814742225499796e-01 6.848398841876508492e-01 2.993232805715158040e-01 2.993488120191822865e-01 3.689655230465535129e-03 3.689969947848172754e-03
4.279999999999986926e+01 6.847813672622282688e-01 6.848176194713105902e-01 2.993234509122735254e-01 2.993392970448415236e-01 3.686249395471357868e-03 3.686444544887219638e-03
4.284999999999986642e+01 6.847817965310558641e-01 6.848016129781966388e-01 2.993232462630812662e-01 2.993319081803775816e-01 3.682845232397194499e-03 3.682951807817635113e-03
4.289999999999986358e+01 6.847822682080462187e-01 6.848056046274436648e-01 2.993228340138578414e-01 2.993330345162862338e-01 3.679444794269927203e-03 3.679570184588653887e-03
4.294999999999986784e+01 6.847824859277822362e-01 6.848005958545150262e-01 2.993228073016204194e-01 2.993307232665013418e-01 3.676055355254788382e-03 3.676152573122531009e-03
4.299999999999986500e+01 6.847837466881705470e-01 6.847870961437935167e-01 2.993239783432791734e-01 2.993254424148013015e-01 3.672686850837790073e-03 3.672704814905546414e-03
4.304999999999986215e+01 6.847859188282965359e-01 6.847938456279308861e-01 2.993256999722384570e-01 2.993291648432059304e-01 3.669331289883410747e-03 3.669373764550495909e-03
4.309999999999986642e+01 6.847862584703181543e-01 6.848128230433144781e-01 2.993259541807054003e-01 2.993375657836854220e-01 3.665963921380356507e-03 3.666106133296829443e-03
4.314999999999986358e+01 6.847842117014956154e-01 6.848198525256599112e-01 2.993243733774808568e-01 2.993399522520772127e-01 3.662580279932475986e-03 3.662770905501106910e-03
4.319999999999986073e+01 6.847827253585933027e-01 6.848193241534996645e-01 2.993229968991312218e-01 2.993389944711618567e-01 3.659205341065183484e-03 3.659400910405411367e-03
4.324999999999986500e+01 6.847829230899104003e-01 6.848176624753981034e-01 2.993231339615207709e-01 2.993383187761320396e-01 3.655855071285758935e-03 3.656040534670323798e-03
4.329999999999986215e+01 6.847829590035878766e-01 6.848121592569408334e-01 2.993239455111985636e-01 2.993367091685422698e-01 3.652519164261126740e-03 3.652674913588078737e-03
4.334999999999986642e+01 6.847824879787921537e-01 6.848152536839581250e-01 2.993244359041509206e-01 2.993387580814670379e-01 3.649185442293832737e-03 3.649360049758826330e-03
4.339999999999986358e+01 6.847827242913561152e-01 6.848295584402886993e-01 2.993244171497033701e-01 2.993448887589228447e-01 3.645851609618807557e-03 3.646100959304794231e-03
4.344999999999986073e+01 6.847832137234670657e-01 6.848327606658292099e-01 2.993238749613075234e-01 2.993455323011533498e-01 3.642517492684007371e-03 3.642781044127217822e-03
4.349999999999986500e+01 6.847832515328159397e-01 6.848290839638985217e-01 2.993233439660658579e-01 2.993433776285466807e-01 3.639189592292602689e-03 3.639433162657111382e-03
4.354999999999986215e+01 6.847839808539110118e-01 6.848423695713888870e-01 2.993238787608569762e-01 2.993494008786050653e-01 3.635880701619893449e-03 3.636190718233899954e-03
4.359999999999986642e+01 6.847857875580665166e-01 6.848473515925891375e-01 2.993253514698769324e-01 2.993522616023682748e-01 3.632589216867447048e-03 3.632915796145254773e-03
4.364999999999986358e+01 6.847869605607680432e-01 6.848092387115470858e-01 2.993262713643676243e-01 2.993360093357216867e-01 3.629297015633444704e-03 3.629415087429189741e-03
4.369999999999986073e+01 6.847865656687300850e-01 6.847676322492990408e-01 2.993258756526431252e-01 2.993175996983028497e-01 3.625994859511131544e-03 3.625894605672969409e-03
4.374999999999986500e+01 6.847853505659835527e-01 6.847723325275731909e-01 2.993248233820775539e-01 2.993191330996485267e-01 3.622690751976741751e-03 3.622621883203016712e-03
4.379999999999986215e+01 6.847839966361425335e-01 6.847945316817348749e-01 2.993239711100208478e-01 2.993285760536206208e-01 3.619395055743913035e-03 3.619450738254188435e-03
4.384999999999985931e+01 6.847830612744988388e-01 6.847970159129480594e-01 2.993237332705889209e-01 2.993298329461113738e-01 3.616112754703590306e-03 3.616186444531707851e-03
4.389999999999986358e+01 6.847830214125651960e-01 6.848030356272416519e-01 2.993240324564396815e-01 2.993327808267352008e-01 3.612842878170674857e-03 3.612948471052938350e-03
4.394999999999986073e+01 6.847831892484051997e-01 6.848266872178208065e-01 2.993242495417428595e-01 2.993432628546517371e-01 3.609577926339989622e-03 3.609807209582786055e-03
4.399999999999985789e+01 6.847830255469532501e-01 6.848403455827585251e-01 2.993241195528384413e-01 2.993491745974439233e-01 3.606314693407701270e-03 3.606616561414996078e-03
4.404999999999986215e+01 6.847836927528238027e-01 6.848429998289671250e-01 2.993243005563032133e-01 2.993502241424991217e-01 3.603061096073475415e-03 3.603373146464037072e-03
4.409999999999985931e+01 6.847854879705479458e-01 6.848561674282518386e-01 2.993249864612952393e-01 2.993558809940970455e-01 3.599819440304221230e-03 3.600190992111819421e-03
4.414999999999986358e+01 6.847864812931354628e-01 6.848612043596716825e-01 2.993252983778960097e-01 2.993579603897751351e-01 3.596579133408191534e-03 3.596971587741374255e-03
4.419999999999986073e+01 6.847862161502009659e-01 6.848319871407284598e-01 2.993250886702024660e-01 2.993450955066063734e-01 3.593338399402199856e-03 3.593578577510290074e-03
4.424999999999985789e+01 6.847865595680026063e-01 6.847904405052044341e-01 2.993253385022973667e-01 2.993270348890406662e-01 3.590109007523815520e-03 3.590129353991501539e-03
4.429999999999986215e+01 6.847874071386990114e-01 6.847682558483039195e-01 2.993260209844393893e-01 2.993176498031195898e-01 3.586890604966328899e-03 3.586790291229722486e-03
4.434999999999985931e+01 6.847867100098330440e-01 6.847692404045769843e-01 2.993259498064938517e-01 2.993183136971628855e-01 3.583668959072069515e-03 3.583577536033087391e-03
4.439999999999986358e+01 6.847849116364459476e-01 6.847892625239138109e-01 2.993249880341835034e-01 2.993268898420609059e-01 3.580442440600289846e-03 3.580465189498345090e-03
4.444999999999986073e+01 6.847841201751301288e-01 6.848144526488906259e-01 2.993241350758628627e-01 2.993373936214476227e-01 3.577223006583371903e-03 3.577381459473539214e-03
4.449999999999985789e+01 6.847842133178504431e-01 6.848207815267421950e-01 2.993238584770099298e-01 2.993398426909713583e-01 3.574016220621023358e-03 3.574207076907129788e-03
4.454999999999986215e+01 6.847842316179797439e-01 6.848181794917325149e-01 2.993241572290672448e-01 2.993389960910497472e-01 3.570822036732096503e-03 3.570999058646591104e-03
4.459999999999985931e+01 6.847848491944221738e-01 6.848370263933964974e-01 2.993250946032325333e-01 2.993479016864171172e-01 3.567641175247118768e-03 3.567913011757066055e-03
4.464999999999985647e+01 6.847861496492070321e-01 6.848589099286030990e-01 2.993259976249993404e-01 2.993578017776225009e-01 3.564465586484074147e-03 3.564844320066963557e-03
4.469999999999986073e+01 6.847865693731960413e-01 6.848468901962834199e-01 2.993257748222268866e-01 2.993521415442335076e-01 3.561282270341792604e-03 3.561595973161621465e-03
4.474999999999985789e+01 6.847858790317947753e-01 6.848225667480715151e-01 2.993247258537417022e-01 2.993407623126597139e-01 3.558094809554145001e-03 3.558285436108891194e-03
4.479999999999985505e+01 6.847855990051497921e-01 6.848179247711044804e-01 2.993243373874338031e-01 2.993384671946157649e-01 3.554920871584733248e-03 3.555088684021573842e-03
4.484999999999985931e+01 6.847862748495302521e-01 6.848082743487760027e-01 2.993251762682761496e-01 2.993347924130959070e-01 3.551767146464276416e-03 3.551881250822861401e-03
4.489999999999985647e+01 6.847872399267347365e-01 6.847786587813449177e-01 2.993263922285708256e-01 2.993226413361169680e-01 3.548623500042342484e-03 3.548579031844905241e-03
4.494999999999986073e+01 6.847878760311533197e-01 6.847695199436802937e-01 2.993268745687731602e-01 2.993188509595871016e-01 3.545476749408041795e-03 3.545381711099649009e-03
4.499999999999985789e+01 6.847875819992168545e-01 6.847941216253196073e-01 2.993261680238173961e-01 2.993290265470632816e-01 3.542321515074771214e-03 3.542355343752237248e-03
4.504999999999985505e+01 6.847865849620858869e-01 6.848138094875265702e-01 2.993250310696640160e-01 2.993369311011516709e-01 3.539166787699258090e-03 3.539307491589150680e-03
4.509999999999985931e+01 6.847864799991357776e-01 6.848210127191933783e-01 2.993249299532301233e-01 2.993400244451838166e-01 3.536029887220683635e-03 3.536208203723385270e-03
4.514999999999985647e+01 6.847875535358546317e-01 6.848401656887804778e-01 2.993260321929755996e-01 2.993490293793279466e-01 3.532912743499278668e-03 3.533184176799394546e-03
4.519999999999986073e+01 6.847877656910800193e-01 6.848581176196585352e-01 2.993267613008152583e-01 2.993575127481800102e-01 3.529796713453019295e-03 3.530159348445527801e-03
4.524999999999985789e+01 6.847865220380784379e-01 6.848494074597282211e-01 2.993262376175758188e-01 2.993537253908564733e-01 3.526671429956719419e-03 3.526995291792132340e-03
4.529999999999985505e+01 6.847857417920183432e-01 6.848307173310821394e-01 2.993253873879955229e-01 2.993450465599549748e-01 3.523547820929914896e-03 3.523779241435617479e-03
4.534999999999985931e+01 6.847859666363242948e-01 6.848223472368040188e-01 2.993250630070609652e-01 2.993409652393808074e-01 3.520435907169205351e-03 3.520622937246475036e-03
4.539999999999985647e+01 6.847860223495917387e-01 6.848135096947719491e-01 2.993251806071136611e-01 2.993371955348311797e-01 3.517334672234011944e-03 3.517475858223642268e-03
4.544999999999985363e+01 6.847864055185072241e-01 6.847971149426546056e-01 2.993257943833760315e-01 2.993304755611337908e-01 3.514244724195794613e-03 3.514299683723329064e-03
4.549999999999985789e+01 6.847881147896158760e-01 6.847798997149381339e-01 2.993268729077572798e-01 2.993232820267812677e-01 3.511165664607132468e-03 3.511123542836152873e-03
4.554999999999985505e+01 6.847896721127945119e-01 6.847659262492717946e-01 2.993275419530373460e-01 2.993171624288575305e-01 3.508087218904636182e-03 3.507965571976071149e-03
4.559999999999985221e+01 6.847896389029479725e-01 6.847723932061816621e-01 2.993273354880104931e-01 2.993197972482819491e-01 3.505003928431045176e-03 3.504915658644996990e-03
4.564999999999985647e+01 6.847892598629566896e-01 6.848145645886041244e-01 2.993270518181294637e-01 2.993381127230955174e-01 3.501925145576253225e-03 3.502054550723559742e-03
4.569999999999985363e+01 6.847894828143297197e-01 6.848584083690744118e-01 2.993271656465021913e-01 2.993572935784580835e-01 3.498856407323237046e-03 3.499208574850483366e-03
4.574999999999985789e+01 6.847891532486750643e-01 6.848614269112005548e-01 2.993270877235444383e-01 2.993586791481752662e-01 3.495790805530454761e-03 3.496159756475048386e-03
4.579999999999985505e+01 6.847879532960045035e-01 6.848445375583515071e-01 2.993266633579597658e-01 2.993513968223342481e-01 3.492726526930694207e-03 3.493015132115927495e-03
4.584999999999985221e+01 6.847871749739083969e-01 6.848425767518803164e-01 2.993265108297061827e-01 2.993507274352446013e-01 3.489670776213430175e-03 3.489953103296361114e-03
4.589999999999985647e+01 6.847871917778421968e-01 6.848369581450324262e-01 2.993267237182859475e-01 2.993484770510311810e-01 3.486624621063328169e-03 3.486878008748188051e-03
4.594999999999985363e+01 6.847874083942609991e-01 6.848128288444675915e-01 2.993268285982795263e-01 2.993379401091639247e-01 3.483582526602040010e-03 3.483711842992896855e-03
4.599999999999985789e+01 6.847877601165939243e-01 6.847999132811894984e-01 2.993267094150937613e-01 2.993320216694581593e-01 3.480543132733656970e-03 3.480604903133243094e-03
4.604999999999985505e+01 6.847882783224248371e-01 6.848027839007537754e-01 2.993266428186311945e-01 2.993329833273705720e-01 3.477509646455206795e-03 3.477583309060369547e-03
4.609999999999985221e+01 6.847889499705194227e-01 6.847905579631842210e-01 2.993270225142736773e-01 2.993277253814221606e-01 3.474486622336325423e-03 3.474494780979952863e-03
4.614999999999985647e+01 6.847902254819915324e-01 6.847755074153123456e-01 2.993280884087248239e-01 2.993216550067862025e-01 3.471476815409980671e-03 3.471402203615969306e-03
4.619999999999985363e+01 6.847915973252995947e-01 6.847950682687797830e-01 2.993291486271449919e-01 2.993306658107098839e-01 3.468472174126833833e-03 3.468489754469416576e-03
4.624999999999985079e+01 6.847913538908756426e-01 6.848302648078496979e-01 2.993289444899333018e-01 2.993459528292483629e-01 3.465458112763347091e-03 3.465655025519527241e-03
4.629999999999985505e+01 6.847896636106927115e-01 6.848392233760286496e-01 2.993276139851530626e-01 2.993492769965797606e-01 3.462436251997152038e-03 3.462686836282018437e-03
4.634999999999985221e+01 6.847887600865659730e-01 6.848295085956145334e-01 2.993267793658269671e-01 2.993445908730951732e-01 3.459425361061285384e-03 3.459631214944766751e-03
4.639999999999984936e+01 6.847890120323518737e-01 6.848253285698936432e-01 2.993271411132367721e-01 2.993430153827804086e-01 3.456433500152858874e-03 3.456616805805787576e-03
4.644999999999985363e+01 6.847888841530879178e-01 6.848234761485608724e-01 2.993278218545749603e-01 2.993429423492239838e-01 3.453450497312670481e-03 3.453624947784536808e-03
4.649999999999985079e+01 6.847885149010333183e-01 6.848207928498132313e-01 2.993281149220190507e-01 2.993422239459755385e-01 3.450468183539133482e-03 3.450630823584741307e-03
4.654999999999985505e+01 6.847889185203001050e-01 6.848229486484228579e-01 2.993279800046789729e-01 2.993428549088060775e-01 3.447486092769129658e-03 3.447657413288877752e-03
4.659999999999985221e+01 6.847893043886986719e-01 6.848237803537903234e-01 2.993274189581753841e-01 2.993424887052944516e-01 3.444504245778782017e-03 3.444677660590278814e-03
4.664999999999984936e+01 6.847891518118093268e-01 6.848228335792898580e-01 2.993270089073797324e-01 2.993417314868598300e-01 3.441529277463415120e-03 3.441698551156776448e-03
4.669999999999985363e+01 6.847899446207267316e-01 6.848293624185318729e-01 2.993277705976047365e-01 2.993450004673356979e-01 3.438572896009252887e-03 3.438770826735628155e-03
4.674999999999985079e+01 6.847918504669679995e-01 6.848282778096179690e-01 2.993293181835845473e-01 2.993452409367995948e-01 3.435630624775728396e-03 3.435813382344911175e-03
4.679999999999985505e+01 6.847925993970398473e-01 6.848034938633648094e-01 2.993299035873224767e-01 2.993346656708461007e-01 3.432682380588568741e-03 3.432736991638151835e-03
4.684999999999985221e+01 6.847914252623245046e-01 6.847839304234824009e-01 2.993289684071782641e-01 2.993256923404866710e-01 3.429721780660888088e-03 3.429684243374247089e-03
4.689999999999984936e+01 6.847900565378137738e-01 6.847945778312473086e-01 2.993277722232328131e-01 2.993297485204615693e-01 3.426763276739938462e-03 3.426785901779763610e-03
4.694999999999985363e+01 6.847894625218828857e-01 6.848068195290409887e-01 2.993273684073636254e-01 2.993349553045931977e-01 3.423818912294702369e-03 3.423905694075995987e-03
4.699999999999985079e+01 6.847891858222266981e-01 6.848021478377885884e-01 2.993276384007106383e-01 2.993333042166834712e-01 3.420887296008130393e-03 3.420952048190677251e-03
4.704999999999984794e+01 6.847890250900409148e-01 6.848091984603748017e-01 2.993280211717266326e-01 2.993368391504049875e-01 3.417961988829316781e-03 3.418062679422275308e-03
4.709999999999985221e+01 6.847889436806980923e-01 6.848325227606667509e-01 2.993280529006905333e-01 2.993471017496455167e-01 3.415037682837322383e-03 3.415255011404977510e-03
4.714999999999984936e+01 6.847889090356276132e-01 6.848405209439892838e-01 2.993277461744312529e-01 2.993503062305329365e-01 3.412114518944793767e-03 3.412371686868437975e-03
4.719999999999984652e+01 6.847895248980259142e-01 6.848386601936661267e-01 2.993277247723364898e-01 2.993492022566075494e-01 3.409199598773773095e-03 3.409444217045652908e-03
4.724999999999985079e+01 6.847908623209795209e-01 6.848524395517195940e-01 2.993282652696830359e-01 2.993551812328941741e-01 3.406296048588151361e-03 3.406602346889274144e-03
4.729999999999984794e+01 6.847917236800952212e-01 6.848573378525516508e-01 2.993287736233476437e-01 2.993574541828440960e-01 3.403397084972693658e-03 3.403723185706024768e-03
4.734999999999985221e+01 6.847918087053240788e-01 6.848229454569664254e-01 2.993289345669344348e-01 2.993425447336690581e-01 3.400499114648511140e-03 3.400653731708830688e-03
4.739999999999984936e+01 6.847920898959826141e-01 6.847804945724839110e-01 2.993291188604716435e-01 2.993240504345698882e-01 3.397606343478688264e-03 3.397548813105229215e-03
4.744999999999984652e+01 6.847921773846481486e-01 6.847703241340883373e-01 2.993291967642914830e-01 2.993196444998924566e-01 3.394717286807964318e-03 3.394608953783875577e-03
4.749999999999985079e+01 6.847909199619152121e-01 6.847837406116051850e-01 2.993286351045567617e-01 2.993254969421387246e-01 3.391825893536062637e-03 3.391790333621977262e-03
4.754999999999984794e+01 6.847893344037604413e-01 6.847998183891845780e-01 2.993277904492116503e-01 2.993323730968003860e-01 3.388936206614349272e-03 3.388988090538365763e-03
4.759999999999985221e+01 6.847889991650898400e-01 6.848138879234254572e-01 2.993274087422931329e-01 2.993382878416193105e-01 3.386056659980700000e-03 3.386179726715158982e-03
4.764999999999984936e+01 6.847891701934510911e-01 6.848210894741028065e-01 2.993274147069870939e-01 2.993413669074199701e-01 3.383186377021620787e-03 3.383344073550955192e-03
4.769999999999984652e+01 6.847890017558549980e-01 6.848252920392116083e-01 2.993276060809917372e-01 2.993434688994851545e-01 3.380323050039441089e-03 3.380502189717514774e-03
4.774999999999985079e+01 6.847895675459174658e-01 6.848401423383397857e-01 2.993282428425018127e-01 2.993503495807836590e-01 3.377469594837828864e-03 3.377719036172461674e-03
4.779999999999984794e+01 6.847909574785386866e-01 6.848539261229632524e-01 2.993289267005551091e-01 2.993564509202393253e-01 3.374621496060381965e-03 3.374931802933935337e-03
4.784999999999984510e+01 6.847913631723508976e-01 6.848442728120373024e-01 2.993287002761539917e-01 2.993518275737969692e-01 3.371767955800110406e-03 3.372028471684570747e-03
4.789999999999984936e+01 6.847906514007334744e-01 6.848244618422030250e-01 2.993278862816027841e-01 2.993426651165045360e-01 3.368912619939263501e-03 3.369078954603323649e-03
4.794999999999984652e+01 6.847906384161757121e-01 6.848135275847921921e-01 2.993278475978609077e-01 2.993378526493188918e-01 3.366070819205641777e-03 3.366183330326900838e-03
4.799999999999984368e+01 6.847915335198577758e-01 6.847975470952412103e-01 2.993287767838275215e-01 2.993314053738078684e-01 3.363244682964362624e-03 3.363274217683243257e-03
4.804999999999984794e+01 6.847919158665074502e-01 6.847766785420582591e-01 2.993295064314392961e-01 2.993228460420552794e-01 3.360421065747292314e-03 3.360346292922324150e-03
4.809999999999984510e+01 6.847913981881711409e-01 6.847825792094557329e-01 2.993292478983744509e-01 2.993253930335599833e-01 3.357591114956536525e-03 3.357547874745493710e-03
4.814999999999984936e+01 6.847905882366411845e-01 6.848101429285831099e-01 2.993282799418508500e-01 2.993368274779945049e-01 3.354757970768861008e-03 3.354853768316002054e-03
4.819999999999984652e+01 6.847900121533353479e-01 6.848200159164106182e-01 2.993274971059542988e-01 2.993406120041649521e-01 3.351931658521333218e-03 3.352078521883154836e-03
4.824999999999984368e+01 6.847902283470199691e-01 6.848181132585932085e-01 2.993277365008091273e-01 2.993399252370355645e-01 3.349121527281789020e-03 3.349257904750057007e-03
4.829999999999984794e+01 6.847910557157675937e-01 6.848355927965316114e-01 2.993287771203081427e-01 2.993482447079910402e-01 3.346325065626706580e-03 3.346542702157538369e-03
4.834999999999984510e+01 6.847911960642995011e-01 6.848536110539821253e-01 2.993293311918169275e-01 2.993566134308781601e-01 3.343527854697768507e-03 3.343832599060362655e-03
4.839999999999984936e+01 6.847903527524590306e-01 6.848418177110958682e-01 2.993287733674886431e-01 2.993512692202386916e-01 3.340722917047872931e-03 3.340973986833029909e-03
4.844999999999984652e+01 6.847897823652158156e-01 6.848222402650711027e-01 2.993279087695885909e-01 2.993420964159830833e-01 3.337919250288144332e-03 3.338077462124158009e-03
4.849999999999984368e+01 6.847898355120214386e-01 6.848196077853373476e-01 2.993275822240033524e-01 2.993405959431428842e-01 3.335126264334307804e-03 3.335271263990458295e-03
4.854999999999984794e+01 6.847899117878918362e-01 6.848147716135662977e-01 2.993278914260351087e-01 2.993387578816768535e-01 3.332345020050496431e-03 3.332465993673004289e-03
4.859999999999984510e+01 6.847905339048661055e-01 6.847944861269892325e-01 2.993287370431372274e-01 2.993304645986422097e-01 3.329574383127230537e-03 3.329593599539966767e-03
4.864999999999984226e+01 6.847920284419268810e-01 6.847775088004383059e-01 2.993296734768751133e-01 2.993233267915089701e-01 3.326809374569334767e-03 3.326738836249066179e-03
4.869999999999984652e+01 6.847928003989869339e-01 6.847766926409230015e-01 2.993297989852881091e-01 2.993227581227373424e-01 3.324039966521808755e-03 3.323961778153671550e-03
4.874999999999984368e+01 6.847921240764288653e-01 6.847923221046089415e-01 2.993291220451748114e-01 2.993292086051675405e-01 3.321266264024139592e-03 3.321267224467886695e-03
4.879999999999984084e+01 6.847917323441041759e-01 6.848236446337795380e-01 2.993288248219956316e-01 2.993427739801334253e-01 3.318501383835880357e-03 3.318656030821887266e-03
4.884999999999984510e+01 6.847922568391688891e-01 6.848515076016925551e-01 2.993292585694432573e-01 2.993551576456064955e-01 3.315749194898299970e-03 3.316036085800136163e-03
4.889999999999984226e+01 6.847920276503554060e-01 6.848533549739299620e-01 2.993294360591030046e-01 2.993562428448706125e-01 3.312998738894341703e-03 3.313295438238753401e-03
4.894999999999984652e+01 6.847907422794299315e-01 6.848422374155239689e-01 2.993289973361280554e-01 2.993515063837874912e-01 3.310246030811488105e-03 3.310494955861633965e-03
4.899999999999984368e+01 6.847900255756201870e-01 6.848381378039866130e-01 2.993286633674512309e-01 2.993496937102873012e-01 3.307499042734275956e-03 3.307731422213127694e-03
4.904999999999984084e+01 6.847901679520941309e-01 6.848287791885810938e-01 2.993286780217734311e-01 2.993455553820442150e-01 3.304760452903938214e-03 3.304946788650786615e-03
4.909999999999984510e+01 6.847902199026616454e-01 6.848087708540007146e-01 2.993286567968926892e-01 2.993367656033347757e-01 3.302025998862586492e-03 3.302115450671103732e-03
4.914999999999984226e+01 6.847903654130693685e-01 6.847995431100261099e-01 2.993286512393602550e-01 2.993326629016006546e-01 3.299296238515966265e-03 3.299340456341707476e-03
4.919999999999984652e+01 6.847911994105410072e-01 6.847973854117958004e-01 2.993289863808182849e-01 2.993316903429704690e-01 3.296574739876861632e-03 3.296604519195718390e-03
4.924999999999984368e+01 6.847923270270867002e-01 6.847806481930591715e-01 2.993296247344037209e-01 2.993245197983978034e-01 3.293861069979691671e-03 3.293804894617865901e-03
4.929999999999984084e+01 6.847932490793613436e-01 6.847722286484448917e-01 2.993303269822650270e-01 2.993211387309673288e-01 3.291152578144758943e-03 3.291051552841870505e-03
4.934999999999984510e+01 6.847936926589014428e-01 6.848036206475628385e-01 2.993307086572325471e-01 2.993350482881511621e-01 3.288445027819097369e-03 3.288492702973380092e-03
4.939999999999984226e+01 6.847931630245065460e-01 6.848426165259627885e-01 2.993303110502375519e-01 2.993519276970919574e-01 3.285733381451573336e-03 3.285970666268855228e-03
4.944999999999983942e+01 6.847919997415857774e-01 6.848457827635990869e-01 2.993294090844218491e-01 2.993529181794523097e-01 3.283020664485030576e-03 3.283278510331265245e-03
4.949999999999984368e+01 6.847914272226588439e-01 6.848316017659831223e-01 2.993289836304886542e-01 2.993465443135565618e-01 3.280317628827281087e-03 3.280510074669121083e-03
4.954999999999984084e+01 6.847914754051904751e-01 6.848298567556185823e-01 2.993293332559443520e-01 2.993461101353970255e-01 3.277627519911799781e-03 3.277811225134386226e-03
4.959999999999983800e+01 6.847912441817395335e-01 6.848285251903395432e-01 2.993297928864089297e-01 2.993460888257593044e-01 3.274943029391791730e-03 3.275121321944858988e-03
4.964999999999984226e+01 6.847910672029520196e-01 6.848179754124928964e-01 2.993299248939700341e-01 2.993416867768663447e-01 3.272259359321899944e-03 3.272387939621394879e-03
4.969999999999983942e+01 6.847915149425525261e-01 6.848132877966298659e-01 2.993297299204233930e-01 2.993392470689106855e-01 3.269576514696058943e-03 3.269680470441414192e-03
4.974999999999984368e+01 6.847917578924206383e-01 6.848153909517459281e-01 2.993292563663714212e-01 2.993395866105543757e-01 3.266895021733938996e-03 3.267007766554489746e-03
4.979999999999984084e+01 6.847916561263642787e-01 6.848134869710877926e-01 2.993290976401813408e-01 2.993386401148790954e-01 3.264221348311691431e-03 3.264325410194982360e-03
4.984999999999983800e+01 6.847926299427966601e-01 6.848118909084274231e-01 2.993300373261120750e-01 2.993384564961046879e-01 3.261564013359987812e-03 3.261655750434274206e-03
4.989999999999984226e+01 6.847943834648402284e-01 6.848120145101905809e-01 2.993314147461134667e-01 2.993391214765943609e-01 3.258915783844466146e-03 3.258999689456669978e-03
4.994999999999983942e+01 6.847946115310881154e-01 6.848058885619061620e-01 2.993315770446811630e-01 2.993365063641622026e-01 3.256258656999531757e-03 3.256312280273733831e-03
4.999999999999984368e+01 6.847931200323420509e-01 6.848020541723832677e-01 2.993303926287720351e-01 2.993342978368824792e-01 3.253591224225790834e-03 3.253633672140035168e-03
