# tau eta eta_joint W_out W_out_joint power power_joint
5.000000000000000000e+00 6.811083238190458466e-01 6.874774665299137055e-01 2.965376657508708158e-01 2.993106324674201790e-01 1.210357819391309417e-02 1.221676050887429352e-02
5.049999999999999822e+00 6.811081502368704355e-01 6.863258373493456022e-01 2.964766965685490252e-01 2.987478816047242081e-01 1.206415855823190185e-02 1.215657707445469762e-02
5.099999999999999645e+00 6.811558623804230272e-01 6.864817370478220049e-01 2.964891642582897502e-01 2.988073768969701227e-01 1.202795798208072114e-02 1.212200311955254073e-02
5.149999999999999467e+00 6.812345340707693930e-01 6.861759990404773246e-01 2.965805649518706844e-01 2.987318687967424058e-01 1.199516946215857353e-02 1.208217871776511368e-02
5.199999999999999289e+00 6.813518540363442400e-01 6.843640204919391179e-01 2.967275664462657447e-01 2.980393597830048869e-01 1.196482122767200673e-02 1.201771612028245707e-02
5.249999999999999112e+00 6.815336983174888896e-01 6.820556820009016086e-01 2.968944940076545524e-01 2.971218842041329911e-01 1.193545704553385101e-02 1.194459835996514521e-02
5.299999999999998934e+00 6.817430404455266935e-01 6.808316980398061435e-01 2.970280141461364432e-01 2.966309521903569557e-01 1.190493042669885614e-02 1.188901611985398662e-02
5.349999999999998757e+00 6.818737592848483908e-01 6.810516667620288844e-01 2.970753233410556859e-01 2.967171582134094932e-01 1.187114179185037692e-02 1.185682949903734372e-02
5.399999999999998579e+00 6.818687978458490839e-01 6.821166159272059604e-01 2.970353307588962100e-01 2.971432851424908872e-01 1.183407692266518797e-02 1.183837789412314420e-02
5.449999999999998401e+00 6.818070377841443097e-01 6.837425158971268679e-01 2.969777497808776534e-01 2.978207946643857129e-01 1.179653425147478459e-02 1.183002163512952322e-02
5.499999999999998224e+00 6.818182487102869560e-01 6.859959859152213735e-01 2.969832244007015731e-01 2.988029437587080839e-01 1.176171185745352940e-02 1.183377995083992502e-02
5.549999999999998046e+00 6.819228991989555455e-01 6.883107904096656959e-01 2.970618377120457509e-01 2.998445550901940315e-01 1.172998372012026835e-02 1.183986397197212513e-02
5.599999999999997868e+00 6.820102224450608208e-01 6.895270638868382651e-01 2.971483731765103276e-01 3.004234226293502896e-01 1.169875484946891059e-02 1.182769380430512968e-02
5.649999999999997691e+00 6.819841781206654741e-01 6.892360683530938115e-01 2.971808291351528686e-01 3.003409064818283181e-01 1.166558701217479399e-02 1.178963322794223181e-02
5.699999999999997513e+00 6.818813043741911439e-01 6.883625247713371920e-01 2.971647887373082275e-01 2.999893132956482633e-01 1.163071580185159534e-02 1.174126470824455107e-02
5.749999999999997335e+00 6.818139910845448792e-01 6.879110161293390258e-01 2.971513123383235921e-01 2.998085458611181586e-01 1.159614877417848404e-02 1.169984569214119891e-02
5.799999999999997158e+00 6.818336763019304803e-01 6.876568665873927788e-01 2.971702238200775170e-01 2.997082016592821363e-01 1.156304372840768688e-02 1.166179772993315884e-02
5.849999999999996980e+00 6.818966811264417505e-01 6.867384393911264429e-01 2.972064399064324736e-01 2.993167328240594616e-01 1.153080271217972810e-02 1.161267634622927154e-02
5.899999999999996803e+00 6.819503137109541591e-01 6.852163257516612482e-01 2.972349630910956497e-01 2.986584875750012413e-01 1.149845118340795877e-02 1.155351982882016695e-02
5.949999999999996625e+00 6.819986065556322696e-01 6.841548119536655648e-01 2.972546486062747073e-01 2.981944482946529140e-01 1.146594594431146752e-02 1.150219665553145650e-02
5.999999999999996447e+00 6.820704389632026299e-01 6.840476178713829070e-01 2.972813318950746631e-01 2.981430880211899392e-01 1.143389738057979700e-02 1.146704184696884649e-02
6.049999999999996270e+00 6.821674458298793153e-01 6.840152708123646841e-01 2.973264801243922228e-01 2.981318649331907711e-01 1.140274132787698000e-02 1.143362856886637885e-02
6.099999999999996092e+00 6.822748395399679255e-01 6.831164846842131544e-01 2.973949568690985590e-01 2.977618193222716370e-01 1.137265609442059643e-02 1.138668525132970066e-02
6.149999999999995914e+00 6.823948430860605763e-01 6.819118413378125743e-01 2.974892394178572097e-01 2.972786753665903614e-01 1.134372695587635045e-02 1.133569782141431552e-02
6.199999999999995737e+00 6.825272091071272751e-01 6.819213780149837589e-01 2.975959598080715196e-01 2.973318049393097739e-01 1.131543573414720873e-02 1.130539182278744725e-02
6.249999999999995559e+00 6.826273421829589516e-01 6.836280755222123862e-01 2.976735873184827019e-01 2.981099775194555601e-01 1.128620236278607761e-02 1.130274796282296212e-02
6.299999999999995381e+00 6.826320121192562818e-01 6.857709893924408551e-01 2.976778040030612082e-01 2.990466291459024095e-01 1.125435931958643915e-02 1.130611074275623788e-02
6.349999999999995204e+00 6.825417943321154812e-01 6.868342848482619223e-01 2.976102310403194728e-01 2.994818953176678900e-01 1.121998986014399909e-02 1.129055213261707762e-02
6.399999999999995026e+00 6.824428195566711874e-01 6.866466193023357256e-01 2.975295140952625150e-01 2.993622749652411485e-01 1.118532007876926922e-02 1.125422086335493323e-02
6.449999999999994849e+00 6.824188832413859984e-01 6.861137726670677450e-01 2.975010087809325521e-01 2.991117985150224534e-01 1.115280257847919843e-02 1.121318832296241963e-02
6.499999999999994671e+00 6.824618801796011880e-01 6.858461897708895139e-01 2.975394637126742570e-01 2.990149536851904877e-01 1.112297060608128350e-02 1.117812910972675045e-02
6.549999999999994493e+00 6.824993253327328313e-01 6.856996101517011111e-01 2.976086161213665759e-01 2.990041227553152936e-01 1.109444980881143378e-02 1.114647242331092032e-02
6.599999999999994316e+00 6.824968353158582524e-01 6.855021265489575910e-01 2.976679990262303122e-01 2.989787436063626735e-01 1.106572487086358338e-02 1.111445143518077251e-02
6.649999999999994138e+00 6.824930785577059122e-01 6.854883216880057750e-01 2.977039137029302562e-01 2.990104406559456196e-01 1.103628966461280177e-02 1.108472439873755926e-02
6.699999999999993960e+00 6.825291371995160228e-01 6.857852801909881668e-01 2.977177298283808504e-01 2.991380523414903791e-01 1.100620073302702173e-02 1.105870803480556337e-02
6.749999999999993783e+00 6.825857024184793787e-01 6.860309381849448718e-01 2.977084532753953017e-01 2.992110862891976808e-01 1.097542684886250453e-02 1.103082345766627850e-02
6.799999999999993605e+00 6.826193956962381959e-01 6.859335587032732162e-01 2.976831648172559852e-01 2.991284365731928796e-01 1.094423400063441500e-02 1.099736899166150680e-02
6.849999999999993427e+00 6.826364831806072120e-01 6.858502201930576359e-01 2.976723804352586766e-01 2.990737716151319336e-01 1.091374447058693874e-02 1.096512453217715968e-02
6.899999999999993250e+00 6.826892645372777402e-01 6.862512106076040785e-01 2.977115665333636141e-01 2.992648831000492837e-01 1.088524923339538250e-02 1.094204325777145895e-02
6.949999999999993072e+00 6.827994904313000601e-01 6.867501405486160504e-01 2.978014829268236241e-01 2.995245502107762858e-01 1.085875963270095668e-02 1.092158797486878462e-02
6.999999999999992895e+00 6.829205336464455600e-01 6.863177697448622494e-01 2.978991502115555523e-01 2.993810704305635007e-01 1.083269637132929647e-02 1.088658437929322306e-02
7.049999999999992717e+00 6.829894157598427329e-01 6.846561474803567471e-01 2.979556911747007764e-01 2.986828066911777491e-01 1.080528345148507388e-02 1.083165210122131843e-02
7.099999999999992539e+00 6.829917708865480552e-01 6.828479340786380858e-01 2.979571365933987304e-01 2.978943873696914268e-01 1.077602663990592617e-02 1.077375722856027326e-02
7.149999999999992362e+00 6.829568356760734593e-01 6.822281216670257331e-01 2.979244788265351662e-01 2.976065938153334978e-01 1.074569806407701771e-02 1.073423241894801150e-02
7.199999999999992184e+00 6.829091659089722155e-01 6.828913820183165617e-01 2.978846897443327979e-01 2.978769324187398038e-01 1.071527660950837707e-02 1.071499756901942053e-02
7.249999999999992006e+00 6.828550473001786525e-01 6.837817421011089802e-01 2.978534803929079322e-01 2.982576939559626883e-01 1.068532665086665591e-02 1.069982758586413701e-02
7.299999999999991829e+00 6.828084412967925232e-01 6.841250657226104481e-01 2.978398768557743992e-01 2.984141861834478382e-01 1.065616732936581525e-02 1.067671506917524001e-02
7.349999999999991651e+00 6.827943803999904082e-01 6.842120494782559792e-01 2.978490311829337100e-01 2.984674477569717599e-01 1.062797613498425893e-02 1.065004273887500130e-02
7.399999999999991473e+00 6.828146981111468117e-01 6.846504502227742650e-01 2.978739421480596228e-01 2.986747783336451967e-01 1.060049616185266066e-02 1.062899567023648829e-02
7.449999999999991296e+00 6.828370612603910095e-01 6.853919883529451251e-01 2.978966037554012791e-01 2.990112241339578647e-01 1.057308265325293366e-02 1.061264327006062116e-02
7.499999999999991118e+00 6.828395868353231979e-01 6.859235672185256538e-01 2.979083194150737857e-01 2.992537941514271660e-01 1.054542723593182053e-02 1.059305466022751607e-02
7.549999999999990941e+00 6.828495210157501383e-01 6.861200488427104949e-01 2.979228152990384126e-01 2.993497253688770510e-01 1.051801642715052311e-02 1.056839277560025527e-02
7.599999999999990763e+00 6.829095762067152187e-01 6.863563912459491601e-01 2.979575525670090652e-01 2.994614186849011706e-01 1.049146311855666223e-02 1.054441615087680674e-02
7.649999999999990585e+00 6.830109201943571628e-01 6.867798394285321573e-01 2.980044324531477828e-01 2.996488492613336163e-01 1.046547611775760882e-02 1.052322561058239604e-02
7.699999999999990408e+00 6.830907189457318118e-01 6.869671879913723522e-01 2.980329961697341101e-01 2.997243025397204885e-01 1.043898410401871216e-02 1.049822425708303412e-02
7.749999999999990230e+00 6.831068259854101710e-01 6.865124036679115527e-01 2.980277972375973139e-01 2.995135923964632463e-01 1.041145143188113367e-02 1.046335693961444185e-02
7.799999999999990052e+00 6.830906809306992455e-01 6.856038946424983793e-01 2.980119711773727698e-01 2.991084109227120091e-01 1.038369237551822061e-02 1.042189585096558145e-02
7.849999999999989875e+00 6.831054964258763684e-01 6.847195390564529971e-01 2.980235923065426284e-01 2.987277628708510102e-01 1.035703187859401617e-02 1.038150348812688639e-02
7.899999999999989697e+00 6.831659814993301660e-01 6.839973510756026664e-01 2.980727271456735661e-01 2.984354627085914480e-01 1.033181029967673338e-02 1.034438345610369514e-02
7.949999999999989519e+00 6.832249296208835476e-01 6.833037301095731264e-01 2.981311649903737315e-01 2.981655502718181250e-01 1.030704114054879598e-02 1.030822991432388258e-02
7.999999999999989342e+00 6.832361153986331592e-01 6.828086262954901065e-01 2.981630630512078772e-01 2.979765075434683830e-01 1.028148493280027671e-02 1.027505198425753517e-02
8.049999999999990052e+00 6.832042018042461251e-01 6.829877530370442873e-01 2.981563112530520865e-01 2.980618511109250912e-01 1.025473125547901078e-02 1.025148241138178033e-02
8.099999999999988987e+00 6.831650809628614374e-01 6.838941469579646881e-01 2.981237036106043625e-01 2.984418578323195792e-01 1.022722825422314047e-02 1.023814263575710884e-02
8.149999999999987921e+00 6.831409196716088372e-01 6.848332669071229839e-01 2.980862822611169971e-01 2.988247323834897218e-01 1.019970170269006611e-02 1.022496945709118650e-02
8.199999999999988631e+00 6.831336636336636792e-01 6.851160334219722481e-01 2.980640942692929229e-01 2.989290395748954721e-01 1.017283598188713570e-02 1.020235629948449373e-02
8.249999999999989342e+00 6.831471611357377016e-01 6.849311344666241252e-01 2.980738937284466150e-01 2.988522851312023221e-01 1.014719638224499676e-02 1.017369481297710453e-02
8.299999999999988276e+00 6.831871252530373750e-01 6.850641252816684901e-01 2.981194460198852703e-01 2.989385045003968289e-01 1.012290139286538097e-02 1.015071322581993264e-02
8.349999999999987210e+00 6.832381502877615809e-01 6.857922500692107404e-01 2.981805724938392244e-01 2.992952393705616831e-01 1.009925732409278250e-02 1.013701064760582152e-02
8.399999999999987921e+00 6.832658607315073018e-01 6.864813441579145081e-01 2.982225756982785914e-01 2.996260261041157058e-01 1.007508701683374266e-02 1.012250088189580767e-02
8.449999999999988631e+00 6.832547746707713365e-01 6.864315843317447818e-01 2.982250654837546033e-01 2.996116701651924119e-01 1.004970734570361478e-02 1.009643370396605226e-02
8.499999999999987566e+00 6.832292233579064789e-01 6.857727519665478555e-01 2.981991713795797416e-01 2.993093085012756838e-01 1.002350155897747605e-02 1.006081709247986025e-02
8.549999999999986500e+00 6.832225860535908746e-01 6.852112222008192033e-01 2.981729478585544157e-01 2.990408312019054993e-01 9.997416525014403768e-03 1.002651571506808607e-02
8.599999999999987210e+00 6.832369675895274552e-01 6.850838969097050590e-01 2.981646326334808084e-01 2.989706326428093197e-01 9.972061292089665768e-03 9.999017814140786706e-03
8.649999999999987921e+00 6.832519192571664401e-01 6.850465034963338917e-01 2.981757136187523916e-01 2.989588821998878654e-01 9.947480020642288090e-03 9.973607412840302527e-03
8.699999999999986855e+00 6.832665556308078481e-01 6.846823665356843724e-01 2.982038975276648518e-01 2.988218120538728151e-01 9.923590599922298833e-03 9.944153479330216858e-03
8.749999999999985789e+00 6.833071291086505461e-01 6.840440496982209684e-01 2.982492055002751163e-01 2.985708558548424429e-01 9.900388564324492935e-03 9.911065754517597859e-03
8.799999999999986500e+00 6.833843266656506321e-01 6.834529743480847186e-01 2.983035756570187047e-01 2.983335410049665626e-01 9.877601842947645455e-03 9.878594073012144164e-03
8.849999999999987210e+00 6.834641951618531941e-01 6.830757463835434029e-01 2.983458713963580422e-01 2.981763056896566955e-01 9.854529195585737603e-03 9.848928346479169857e-03
8.899999999999986144e+00 6.835014032833789388e-01 6.829680690402178955e-01 2.983587344024447585e-01 2.981259259121642469e-01 9.830600804034429416e-03 9.822930013580376957e-03
8.949999999999985079e+00 6.834928636026058602e-01 6.833273662672824100e-01 2.983484031013461379e-01 2.982761626020803414e-01 9.806028039485501294e-03 9.803653659887612282e-03
8.999999999999985789e+00 6.834778947048324449e-01 6.843056512390283119e-01 2.983387938125117156e-01 2.987001103787030321e-01 9.781599797131538057e-03 9.793446241924696344e-03
9.049999999999986500e+00 6.834854809020026734e-01 6.855630300692103773e-01 2.983446750360082556e-01 2.992515351646886090e-01 9.757798038790137587e-03 9.787458222884343542e-03
9.099999999999985434e+00 6.835016709537312662e-01 6.863732595082404631e-01 2.983579939802383230e-01 2.996114823579104636e-01 9.734355431655418098e-03 9.775252279214051085e-03
9.149999999999984368e+00 6.834972982429763366e-01 6.863632577942265778e-01 2.983634022205412517e-01 2.996144641406623954e-01 9.710769803760503638e-03 9.751487848353543320e-03
9.199999999999985079e+00 6.834708539412022166e-01 6.859283944833337587e-01 2.983597682833389886e-01 2.994325736889669187e-01 9.687005463744780692e-03 9.721836808083349560e-03
9.249999999999985789e+00 6.834474261566726438e-01 6.856945938189037415e-01 2.983594467339720779e-01 2.993404493316291770e-01 9.663463861829061849e-03 9.695237225315931490e-03
9.299999999999984723e+00 6.834436090708035927e-01 6.857314984384134116e-01 2.983701878529458895e-01 2.993690090743903465e-01 9.640393791694542094e-03 9.672665882855915540e-03
9.349999999999983658e+00 6.834526259483026944e-01 6.855908854483194759e-01 2.983863035465863511e-01 2.993198391334137565e-01 9.617608494652266776e-03 9.647698279884415681e-03
9.399999999999984368e+00 6.834641085963087948e-01 6.850605352902369161e-01 2.983980641304253556e-01 2.990950584992629890e-01 9.594793058856127335e-03 9.617204453352514240e-03
9.449999999999985079e+00 6.834801327769012280e-01 6.845122529656590959e-01 2.984025498890652273e-01 2.988531662001290279e-01 9.571854046160880106e-03 9.586308458705028804e-03
9.499999999999984013e+00 6.835040861013904623e-01 6.843631723131317068e-01 2.984028053859948404e-01 2.987778634739636230e-01 9.548889772351841845e-03 9.560891631166842930e-03
9.549999999999982947e+00 6.835288388948163041e-01 6.844820771403162807e-01 2.984032753129914894e-01 2.988194236865856501e-01 9.526042308475394724e-03 9.539327172756134274e-03
9.599999999999983658e+00 6.835499625322435380e-01 6.844147747936515369e-01 2.984114797287831244e-01 2.987890233185133138e-01 9.503550309833864659e-03 9.515573991035463156e-03
9.649999999999984368e+00 6.835811740802867353e-01 6.840670132467465692e-01 2.984383302757740442e-01 2.986504382669221691e-01 9.481757911859388724e-03 9.488496847241378526e-03
9.699999999999983302e+00 6.836375471111172386e-01 6.838358332065449519e-01 2.984865821910838157e-01 2.985731569252690898e-01 9.460747454550999525e-03 9.463491503178107778e-03
9.749999999999982236e+00 6.837035143002500037e-01 6.840356031921165370e-01 2.985382794963310493e-01 2.986832856932337688e-01 9.439945596721939156e-03 9.444530772908585683e-03
9.799999999999982947e+00 6.837367350019686318e-01 6.844821267185977609e-01 2.985630975912643148e-01 2.988885831889264155e-01 9.418394245781216631e-03 9.428661930250051976e-03
9.849999999999983658e+00 6.837139989976286358e-01 6.847878916026484131e-01 2.985460982626222393e-01 2.990150172077539192e-01 9.395628584189534907e-03 9.410386064760162261e-03
9.899999999999982592e+00 6.836617087916564417e-01 6.848548441001781617e-01 2.985045509277186593e-01 2.990255049534981113e-01 9.372199401184267559e-03 9.388555885510152868e-03
9.949999999999981526e+00 6.836278946728813199e-01 6.848569172500920121e-01 2.984724430767682346e-01 2.990090352405390117e-01 9.349175977345920707e-03 9.365983875976171408e-03
9.999999999999982236e+00 6.836302446869007010e-01 6.848678212935465082e-01 2.984697026445800594e-01 2.990100226855031407e-01 9.327178207643135530e-03 9.344063208921981820e-03
1.004999999999998295e+01 6.836459983291346409e-01 6.847911641361600354e-01 2.984901701131610352e-01 2.989901668035274129e-01 9.306006862452417122e-03 9.321595223804447425e-03
1.009999999999998188e+01 6.836504940521981322e-01 6.846574094740954797e-01 2.985162405009286202e-01 2.989559104914607524e-01 9.285108569235733453e-03 9.298784152144976348e-03
1.014999999999998082e+01 6.836475117149236613e-01 6.847030387936147156e-01 2.985366818398829114e-01 2.989976116995910482e-01 9.264132873231439858e-03 9.278436359956286281e-03
1.019999999999998153e+01 6.836544276721737701e-01 6.850205558450211951e-01 2.985483241151094536e-01 2.991449051654491154e-01 9.242982170746431164e-03 9.261452172304935823e-03
1.024999999999998224e+01 6.836727354140050839e-01 6.853412101476129559e-01 2.985495503952265706e-01 2.992781480937478644e-01 9.221607734215500618e-03 9.244112682432375008e-03
1.029999999999998117e+01 6.836892604793124439e-01 6.853784816573975647e-01 2.985414524362088873e-01 2.992790719559860202e-01 9.200044759205211822e-03 9.222775715130547558e-03
1.034999999999998010e+01 6.837009646698849474e-01 6.852647236411163467e-01 2.985336117578838433e-01 2.992164170159192782e-01 9.178589139366153185e-03 9.199582383271931105e-03
1.039999999999998082e+01 6.837212512535375541e-01 6.853744024140170366e-01 2.985398647456426469e-01 2.992616962273302317e-01 9.157664562749781925e-03 9.179806632740199202e-03
1.044999999999998153e+01 6.837584026506892121e-01 6.857167596200102189e-01 2.985646099082892579e-01 2.994197307848149858e-01 9.137401986481700003e-03 9.163572480024950381e-03
1.049999999999998046e+01 6.838010978643912496e-01 6.857907796994867633e-01 2.985972763613873315e-01 2.994661161141176642e-01 9.117474087370612892e-03 9.144003545469249136e-03
1.054999999999997939e+01 6.838328064931648020e-01 6.851963308287905008e-01 2.986232097863430468e-01 2.992186477499213515e-01 9.097432133628128442e-03 9.115571904034169837e-03
1.059999999999998010e+01 6.838506359513594202e-01 6.842049452541569821e-01 2.986366991158235784e-01 2.987914255357329019e-01 9.077103316590390616e-03 9.081806247286721909e-03
1.064999999999998082e+01 6.838597821068989058e-01 6.835054209018428528e-01 2.986403660882497313e-01 2.984856171722082285e-01 9.056569100477633583e-03 9.051876184145822221e-03
1.069999999999997975e+01 6.838567255209538898e-01 6.834571278861967247e-01 2.986360591868137959e-01 2.984615573380334785e-01 9.035886813519336883e-03 9.030606878609190660e-03
1.074999999999997868e+01 6.838330395058699329e-01 6.838114600916573860e-01 2.986232261126309240e-01 2.986138025926816653e-01 9.015040788305846153e-03 9.014756304684738014e-03
1.079999999999997939e+01 6.837959663116660591e-01 6.841565134617882959e-01 2.986058898396253269e-01 2.987633366627940879e-01 8.994153308422458970e-03 8.998895682614287822e-03
1.084999999999998010e+01 6.837700064502570951e-01 6.843840628648398816e-01 2.985939201662171083e-01 2.988620710214811016e-01 8.973521267204128543e-03 8.981579895461498306e-03
1.089999999999997904e+01 6.837701564118402464e-01 6.846089673514115237e-01 2.985934632859614801e-01 2.989597610267156202e-01 8.953327234961372047e-03 8.964310675463745340e-03
1.094999999999997797e+01 6.837837071596636340e-01 6.848444818585792682e-01 2.986003453419232567e-01 2.990635732429534066e-01 8.933443390932641406e-03 8.947302116468323560e-03
1.099999999999997868e+01 6.837896490135888516e-01 6.849945574462423803e-01 2.986076499558851793e-01 2.991338276715111988e-01 8.913661192712998144e-03 8.929367990194371496e-03
1.104999999999997939e+01 6.837898920855893792e-01 6.850921279537967035e-01 2.986168572760015127e-01 2.991855547471063970e-01 8.894024043961334947e-03 8.910962166704592541e-03
1.109999999999997833e+01 6.838066221566947434e-01 6.852929399877795147e-01 2.986348798862465959e-01 2.992839908082187694e-01 8.874736400779995385e-03 8.894026472755394916e-03
1.114999999999997726e+01 6.838479773330125022e-01 6.855859914398798605e-01 2.986599394570442767e-01 2.994189900138023441e-01 8.855743201098430564e-03 8.878250259860715268e-03
1.119999999999997797e+01 6.838910393122229481e-01 6.857146242327825103e-01 2.986775848140023060e-01 2.994740039925950503e-01 8.836614935325519740e-03 8.860177632917021207e-03
1.124999999999997868e+01 6.839077072348165309e-01 6.855050930608399540e-01 2.986756692647065670e-01 2.993732784239753197e-01 8.816993926633411027e-03 8.837587554951308044e-03
1.129999999999997762e+01 6.838987486640870639e-01 6.851270480912275973e-01 2.986601932320536168e-01 2.991965944829305668e-01 8.797060183565654640e-03 8.812859925859525476e-03
1.134999999999997655e+01 6.838909667552076632e-01 6.848631603247916644e-01 2.986510946651668164e-01 2.990756457820799019e-01 8.777401753568468690e-03 8.789879376402064473e-03
1.139999999999997726e+01 6.839040882938154375e-01 6.847129613710287721e-01 2.986625190998233315e-01 2.990157558694341855e-01 8.758431645156118314e-03 8.768790494704824245e-03
1.144999999999997797e+01 6.839320283142772405e-01 6.844401705429079552e-01 2.986906105992405136e-01 2.989125293079096801e-01 8.740032497417433641e-03 8.746526095330209999e-03
1.149999999999997691e+01 6.839571197645576417e-01 6.840096637248160860e-01 2.987199104338742472e-01 2.987428591343829209e-01 8.721749209748160675e-03 8.722419244799509142e-03
1.154999999999997584e+01 6.839704810133674373e-01 6.837441262857070212e-01 2.987368416259772452e-01 2.986379769844386134e-01 8.703185480727678586e-03 8.700305228971272689e-03
1.159999999999997655e+01 6.839725853642467657e-01 6.839228764839507813e-01 2.987360887926102659e-01 2.987143776351813829e-01 8.684188627692168011e-03 8.683557489394817808e-03
1.164999999999997726e+01 6.839643715710808092e-01 6.843859867412290798e-01 2.987203211162805516e-01 2.989044608525724955e-01 8.664838901124898018e-03 8.670180155259544358e-03
1.169999999999997620e+01 6.839496053620072180e-01 6.847272231353142002e-01 2.986998633489789112e-01 2.990394707130354934e-01 8.645437434123857262e-03 8.655266880261528600e-03
1.174999999999997513e+01 6.839416994774309977e-01 6.848118583896980471e-01 2.986902099562963597e-01 2.990702247271445069e-01 8.626432056499542742e-03 8.637407212336311452e-03
1.179999999999997584e+01 6.839542830027633968e-01 6.848902514582713152e-01 2.987019421251368989e-01 2.991107056965859323e-01 8.608125133289257561e-03 8.619905063302197440e-03
1.184999999999997655e+01 6.839817527591269819e-01 6.851752198772933511e-01 2.987296250907380823e-01 2.992508728920569849e-01 8.590355861703476842e-03 8.605345014868650069e-03
1.189999999999997549e+01 6.839997312954444464e-01 6.855142510549917523e-01 2.987542958761975065e-01 2.994158009377524410e-01 8.572576639202232965e-03 8.591558133077553325e-03
1.194999999999997442e+01 6.839919589177234638e-01 6.856065366348039758e-01 2.987606423681143930e-01 2.994658732843834548e-01 8.554349101449240655e-03 8.574541826324517252e-03
1.199999999999997513e+01 6.839701448431252384e-01 6.854103523722763214e-01 2.987505813717584724e-01 2.993796480640313895e-01 8.535730896335965573e-03 8.553704230400905467e-03
1.204999999999997584e+01 6.839589692673593291e-01 6.851572912036579810e-01 2.987380139607863638e-01 2.992614142397811428e-01 8.517120854192065590e-03 8.532043171483434663e-03
1.209999999999997478e+01 6.839660345657514462e-01 6.850127488409654131e-01 2.987329606386415204e-01 2.991901296186419978e-01 8.498804001099341532e-03 8.511810230971332200e-03
1.214999999999997371e+01 6.839775057997653507e-01 6.849082114676787736e-01 2.987351162302855911e-01 2.991416127356862908e-01 8.480769800717840104e-03 8.492309800871161024e-03
1.219999999999997442e+01 6.839830656574722445e-01 6.847322353147354823e-01 2.987415592278590548e-01 2.990687721703635393e-01 8.462933689174487184e-03 8.472203177630704615e-03
1.224999999999997513e+01 6.839923061458564879e-01 6.845115132143759773e-01 2.987539036641160273e-01 2.989806827333196804e-01 8.445340032907882113e-03 8.451750748645087824e-03
1.229999999999997407e+01 6.840192509752108796e-01 6.843087651493500179e-01 2.987741477185278383e-01 2.989006051983539303e-01 8.428043659196846060e-03 8.431610865962039028e-03
1.234999999999997300e+01 6.840591488205363113e-01 6.840850636124840012e-01 2.987974799824673067e-01 2.988087995804020736e-01 8.410907247923085292e-03 8.411225885444120406e-03
1.239999999999997371e+01 6.840918258070953772e-01 6.838271134698377107e-01 2.988149148533991717e-01 2.986992871093825386e-01 8.393677383522459012e-03 8.390429413184912963e-03
1.244999999999997442e+01 6.841058734450613521e-01 6.837363160727587541e-01 2.988228191319814986e-01 2.986613935689084176e-01 8.376252813790660556e-03 8.371727920642151738e-03
1.249999999999997335e+01 6.841087736786101159e-01 6.840776719707891695e-01 2.988254407041222027e-01 2.988118551722538374e-01 8.358753586129303095e-03 8.358373571251865794e-03
1.254999999999997229e+01 6.841112971464015091e-01 6.847932428846720265e-01 2.988271651524505579e-01 2.991250463782177960e-01 8.341302586251245557e-03 8.349617484388503416e-03
1.259999999999997300e+01 6.841120463516879857e-01 6.854369859489619632e-01 2.988265671206420393e-01 2.994053131807458135e-01 8.323859808374437994e-03 8.339980868544460621e-03
1.264999999999997371e+01 6.841040368598727550e-01 6.856162399482873537e-01 2.988209195881705860e-01 2.994814593498686950e-01 8.306349397864376191e-03 8.324710475326449130e-03
1.269999999999997264e+01 6.840896431806745559e-01 6.854054284779700357e-01 2.988134659605834464e-01 2.993882069599015372e-01 8.288861746479438825e-03 8.304804631342631652e-03
1.274999999999997158e+01 6.840793430110599926e-01 6.851920134014919395e-01 2.988117041165215815e-01 2.992977280534840911e-01 8.271604266201298961e-03 8.285058216013409943e-03
1.279999999999997229e+01 6.840775485408536749e-01 6.851763237451501398e-01 2.988187870593057571e-01 2.992987540959364257e-01 8.254662625947681992e-03 8.267921383865655532e-03
1.284999999999997300e+01 6.840789701196222650e-01 6.851950376151152433e-01 2.988302097448425343e-01 2.993177480238065069e-01 8.237910675254110637e-03 8.251350738078753674e-03
1.289999999999997193e+01 6.840802535037602272e-01 6.850464707116005192e-01 2.988395354109419921e-01 2.992616260940426098e-01 8.221170162611894303e-03 8.232782010840248091e-03
1.294999999999997087e+01 6.840861607483732509e-01 6.848016084807098114e-01 2.988440888688344010e-01 2.991566333083673923e-01 8.204367573612484504e-03 8.212948066118538892e-03
1.299999999999997158e+01 6.840994122074940398e-01 6.846757453195224663e-01 2.988439501108526297e-01 2.990957171211801047e-01 8.187505482489122743e-03 8.194403208799464974e-03
1.304999999999997229e+01 6.841121688006956969e-01 6.847101017618516527e-01 2.988395808887620575e-01 2.991007749497077706e-01 8.170596880075526799e-03 8.177738207784225957e-03
1.309999999999997122e+01 6.841166247590344529e-01 6.847471275063216067e-01 2.988344598929750795e-01 2.991098748458173029e-01 8.153736968430433038e-03 8.161251701113713536e-03
1.314999999999997016e+01 6.841204673232172961e-01 6.846904842801097013e-01 2.988375646551504339e-01 2.990865595140184130e-01 8.137169902114386316e-03 8.143949884656741245e-03
1.319999999999997087e+01 6.841404764241406644e-01 6.846221844934086143e-01 2.988568121352299656e-01 2.990672392959115022e-01 8.121109025413868546e-03 8.126827154780214349e-03
1.324999999999997158e+01 6.841781062582211748e-01 6.846241273296441721e-01 2.988877486726484456e-01 2.990825959392867661e-01 8.105430472478612064e-03 8.110714466150158175e-03
1.329999999999997051e+01 6.842107420188783262e-01 6.846300226501698116e-01 2.989127798569830574e-01 2.990959519870635130e-01 8.089655747144342338e-03 8.094613044304841548e-03
1.334999999999996945e+01 6.842144422178740859e-01 6.845544133783775242e-01 2.989159257031152039e-01 2.990644504752975052e-01 8.073353833980162833e-03 8.077365306557672889e-03
1.339999999999997016e+01 6.841908211741833945e-01 6.844684495639153932e-01 2.988980022994284225e-01 2.990192880116951946e-01 8.056549927208323664e-03 8.059819083873195900e-03
1.344999999999997087e+01 6.841639138091658578e-01 6.845080330509963895e-01 2.988750656348331258e-01 2.990253931497932616e-01 8.039678967984761546e-03 8.043722747808840570e-03
1.349999999999996980e+01 6.841525906291321402e-01 6.846450920486092384e-01 2.988627433625787866e-01 2.990778859014669999e-01 8.023160895639707899e-03 8.028936534267580236e-03
1.354999999999996874e+01 6.841543306823129056e-01 6.847037970121224726e-01 2.988645520469255246e-01 2.991045797733591360e-01 8.007087797640345672e-03 8.013518547176410808e-03
1.359999999999996945e+01 6.841567013044944634e-01 6.846298017601921693e-01 2.988743268706031131e-01 2.990810011310016669e-01 7.991292162315600731e-03 7.996818212058876690e-03
1.364999999999997016e+01 6.841552697833438446e-01 6.845997478315942741e-01 2.988849800397850309e-01 2.990791579091179875e-01 7.975583189854180619e-03 7.980764720723638322e-03
1.369999999999996909e+01 6.841542521416598133e-01 6.847739673205093247e-01 2.988923541986197030e-01 2.991630945004728481e-01 7.959849645768842658e-03 7.967059773647755527e-03
1.374999999999996803e+01 6.841559431300171523e-01 6.850464518118722923e-01 2.988942805585868001e-01 2.992833262936520633e-01 7.944034034779726833e-03 7.954374120761527681e-03
1.379999999999996874e+01 6.841588640374390851e-01 6.851790230967247375e-01 2.988912027628647383e-01 2.993368837066734400e-01 7.928148614399605290e-03 7.939970390097448455e-03
1.384999999999996945e+01 6.841650782722150659e-01 6.851385075865569219e-01 2.988879555294017276e-01 2.993132129809378261e-01 7.912321787674442969e-03 7.923579430335888490e-03
1.389999999999996838e+01 6.841801929924400394e-01 6.851367737497591204e-01 2.988908489506592048e-01 2.993087406662823247e-01 7.896719919436185134e-03 7.907760651685144873e-03
1.394999999999996732e+01 6.842032330119043326e-01 6.852983849575169373e-01 2.989009902150991937e-01 2.993794182393846315e-01 7.881370869218182196e-03 7.893985978625841018e-03
1.399999999999996803e+01 6.842235816661977887e-01 6.854356030145588585e-01 2.989127216513116636e-01 2.994422102711804534e-01 7.866124253981896658e-03 7.880058165031074424e-03
1.404999999999996874e+01 6.842332524913311564e-01 6.852676606441647778e-01 2.989205037447717483e-01 2.993724049129726783e-01 7.850833978851532585e-03 7.862702689769482042e-03
1.409999999999996767e+01 6.842373870471561981e-01 6.847899123525621468e-01 2.989252677543361436e-01 2.991666514875055416e-01 7.835524711778153739e-03 7.841851939384166317e-03
1.414999999999996660e+01 6.842456474931915000e-01 6.842962127096909875e-01 2.989312507331449709e-01 2.989533415180365417e-01 7.820307409631009968e-03 7.820885324212869735e-03
1.419999999999996732e+01 6.842557031389320255e-01 6.840529639145563889e-01 2.989379653147445914e-01 2.988493925035187182e-01 7.805168807173497661e-03 7.802856201136268606e-03
1.424999999999996803e+01 6.842539710578614542e-01 6.840730697179570052e-01 2.989393056112423785e-01 2.988602727912331725e-01 7.789949331889062245e-03 7.787889844722699004e-03
1.429999999999996696e+01 6.842346186063575919e-01 6.842254767033613128e-01 2.989315321910923640e-01 2.989275382349324550e-01 7.774552202629199556e-03 7.774448328606835094e-03
1.434999999999996589e+01 6.842101062384846610e-01 6.844294771081779194e-01 2.989188994115414832e-01 2.990147385380521605e-01 7.759088888034831356e-03 7.761576600598379255e-03
1.439999999999996660e+01 6.841974765233476141e-01 6.846524590959055523e-01 2.989091781581496576e-01 2.991079489392560742e-01 7.743761092180052701e-03 7.748910594281254761e-03
1.444999999999996732e+01 6.841990979108846238e-01 6.848156856908780288e-01 2.989058140518661144e-01 2.991751825337540804e-01 7.728657118341731268e-03 7.735622043535990075e-03
1.449999999999996625e+01 6.842040474698297681e-01 6.848501874936242517e-01 2.989073458680538975e-01 2.991896242326524957e-01 7.713737957885272861e-03 7.721022560842656299e-03
1.454999999999996518e+01 6.842061765596180178e-01 6.848326034168599197e-01 2.989129648254620353e-01 2.991866354171044406e-01 7.698981708318414913e-03 7.706030532314355787e-03
1.459999999999996589e+01 6.842117024638488809e-01 6.849286168133493780e-01 2.989240386391600612e-01 2.992372500793317736e-01 7.684422587124947399e-03 7.692474295098513694e-03
1.464999999999996660e+01 6.842265353504695113e-01 6.851563663762527678e-01 2.989388650970034034e-01 2.993451086687135554e-01 7.670015781834606250e-03 7.680438965201126858e-03
1.469999999999996554e+01 6.842439179890270617e-01 6.853144014255934113e-01 2.989497576795852041e-01 2.994174575093506707e-01 7.655563576942011304e-03 7.667540525207452648e-03
1.474999999999996447e+01 6.842514047346507366e-01 6.852266956271755305e-01 2.989492559280897410e-01 2.993753602584809936e-01 7.640875550877703794e-03 7.651766396382911686e-03
1.479999999999996518e+01 6.842468295447526883e-01 6.849828975859247882e-01 2.989387447230531514e-01 2.992603234966152437e-01 7.625988385792183133e-03 7.634191925934072712e-03
1.484999999999996589e+01 6.842405182679024422e-01 6.848222423032460648e-01 2.989282537463484601e-01 2.991823950101364371e-01 7.611158593159741623e-03 7.617629408278468219e-03
1.489999999999996483e+01 6.842421898355200982e-01 6.848109453338999675e-01 2.989273572719746142e-01 2.991758315411591207e-01 7.596629155577510652e-03 7.602943622392872511e-03
1.494999999999996376e+01 6.842519487161510261e-01 6.847693810023763872e-01 2.989378303927222591e-01 2.991638876006111891e-01 7.582443383455235789e-03 7.588177237808790658e-03
1.499999999999996447e+01 6.842652067435641694e-01 6.845503236965515548e-01 2.989546286122326535e-01 2.990791958588957522e-01 7.568471610436280743e-03 7.571625211617624696e-03
1.504999999999996518e+01 6.842795902300209399e-01 6.842678777870583318e-01 2.989707984764116144e-01 2.989656811552542370e-01 7.554536916649703775e-03 7.554407609734798204e-03
1.509999999999996412e+01 6.842925475451244743e-01 6.841575994602208111e-01 2.989801419923380221e-01 2.989211806639838764e-01 7.540482774081674888e-03 7.538995729230371992e-03
1.514999999999996305e+01 6.842975590069435565e-01 6.842816251315525511e-01 2.989786600145302176e-01 2.989716982934915723e-01 7.526209188534440514e-03 7.526033940679471498e-03
1.519999999999996376e+01 6.842905533030536613e-01 6.844907112510886238e-01 2.989678616338207195e-01 2.990553110270999237e-01 7.511755317432691412e-03 7.513952538369355130e-03
1.524999999999996447e+01 6.842791353307420277e-01 6.846564496782951981e-01 2.989565040223085557e-01 2.991213498760513234e-01 7.497341793662921222e-03 7.501475858960545556e-03
1.529999999999996341e+01 6.842775652578954038e-01 6.848105432452492591e-01 2.989549421123345319e-01 2.991877955791824029e-01 7.483227587292489227e-03 7.489056209741747419e-03
1.534999999999996234e+01 6.842895696159689845e-01 6.850143834198854087e-01 2.989652876419539584e-01 2.992819579186853929e-01 7.469463776188741723e-03 7.477375588224505210e-03
1.539999999999996305e+01 6.843018259680663240e-01 6.852035874267664584e-01 2.989787318578150943e-01 2.993727210116201576e-01 7.455828724633802897e-03 7.465653890564104278e-03
1.544999999999996376e+01 6.842993602324705105e-01 6.852598270049102824e-01 2.989845538375588418e-01 2.994042016497914238e-01 7.442054855944225250e-03 7.452500352203903118e-03
1.549999999999996270e+01 6.842838857354596183e-01 6.851829478127711148e-01 2.989808026234928029e-01 2.993736254081387216e-01 7.428094475117844042e-03 7.437854047407183901e-03
1.554999999999996163e+01 6.842709124033033996e-01 6.850836465966997357e-01 2.989743192762199797e-01 2.993294222739051325e-01 7.414118270954008286e-03 7.422924296935040807e-03
1.559999999999996234e+01 6.842702172871379940e-01 6.850153703580615927e-01 2.989715051568422322e-01 2.992970776128077715e-01 7.400284781109966667e-03 7.408343505267529598e-03
1.564999999999996305e+01 6.842762423556789653e-01 6.849187431127042869e-01 2.989722803322105715e-01 2.992530001710022036e-01 7.386591237361605708e-03 7.393526872662201273e-03
1.569999999999996199e+01 6.842795341589098523e-01 6.847581951401262579e-01 2.989735858342931207e-01 2.991827211113391449e-01 7.372961426246450387e-03 7.378118893004675764e-03
1.574999999999996092e+01 6.842809338645413630e-01 6.846103209892859809e-01 2.989754154329659075e-01 2.991193309617862228e-01 7.359394841426863086e-03 7.362937377520901647e-03
1.579999999999996163e+01 6.842889263909441855e-01 6.845443281741981911e-01 2.989806297854971096e-01 2.990922203477006658e-01 7.345961419791093190e-03 7.348703202646217347e-03
1.584999999999996234e+01 6.843064403318112054e-01 6.844899319181820818e-01 2.989902378967812524e-01 2.990704098633558683e-01 7.332685172208011984e-03 7.334651376170601804e-03
1.589999999999996128e+01 6.843269612297259163e-01 6.843394735643123505e-01 2.990018466913675343e-01 2.990073136850119884e-01 7.319506650951479280e-03 7.319640481885248372e-03
1.594999999999996021e+01 6.843433923395678686e-01 6.841607679315894197e-01 2.990127079871554017e-01 2.989329132241965725e-01 7.306358167065506171e-03 7.304408386663335979e-03
1.599999999999996092e+01 6.843544620152038904e-01 6.841795433113451175e-01 2.990215800347949537e-01 2.989451511224276992e-01 7.293209269141350849e-03 7.291345149327515054e-03
1.604999999999996163e+01 6.843604694197104044e-01 6.844985150988266431e-01 2.990268415384702561e-01 2.990871596971873547e-01 7.280020487850777031e-03 7.281488976194467298e-03
1.609999999999995879e+01 6.843586562865114908e-01 6.849243420937950466e-01 2.990256225247793775e-01 2.992727948943001426e-01 7.266722297078490045e-03 7.272728916021885953e-03
1.614999999999995950e+01 6.843479130022300794e-01 6.851598092180380961e-01 2.990173933896935754e-01 2.993721414433390127e-01 7.253302447293973228e-03 7.261907615362994672e-03
1.619999999999996021e+01 6.843348820707824132e-01 6.851232802193020222e-01 2.990072494616604626e-01 2.993517251972187543e-01 7.239884974858617692e-03 7.248225791700222374e-03
1.624999999999996092e+01 6.843290178436159943e-01 6.849887064113557855e-01 2.990027152861018944e-01 2.992909518913812184e-01 7.226651728969239741e-03 7.233618172601368780e-03
1.629999999999996163e+01 6.843315179488869138e-01 6.849298932221217218e-01 2.990067087165327875e-01 2.992681583448701943e-01 7.213672104138315125e-03 7.219979694689277958e-03
1.634999999999995879e+01 6.843345593912388836e-01 6.849353252972256723e-01 2.990153388204930263e-01 2.992778394036730294e-01 7.200851025177447233e-03 7.207172532297976934e-03
1.639999999999995950e+01 6.843330171910242399e-01 6.849061813436458923e-01 2.990229279561029685e-01 2.992733750612563970e-01 7.188051152790947418e-03 7.194071515895596874e-03
1.644999999999996021e+01 6.843316737651961024e-01 6.848343401078028636e-01 2.990271218863781444e-01 2.992467681127055634e-01 7.175215882096666088e-03 7.180486337437456262e-03
1.649999999999995737e+01 6.843370306456307839e-01 6.847941091983325013e-01 2.990281494508999494e-01 2.992278746559485780e-01 7.162350885051506529e-03 7.167134722298180820e-03
1.654999999999995808e+01 6.843462667936929256e-01 6.848074651357244358e-01 2.990258169585298109e-01 2.992273380563974516e-01 7.149451690580520095e-03 7.154269887779985369e-03
1.659999999999995879e+01 6.843508476982276267e-01 6.848213378224896619e-01 2.990205888945816071e-01 2.992261650760082992e-01 7.136529567889787241e-03 7.141435920668466608e-03
1.664999999999995950e+01 6.843502545695865358e-01 6.848156462775085718e-01 2.990170127671698541e-01 2.992203589884070425e-01 7.123692978372133354e-03 7.128537438675580130e-03
1.669999999999996021e+01 6.843550080784035483e-01 6.848350758216329437e-01 2.990220499914650887e-01 2.992318107720843834e-01 7.111107015254827975e-03 7.116095381024608799e-03
1.674999999999995737e+01 6.843728197498665233e-01 6.848787762836421322e-01 2.990375744787233669e-01 2.992586528300045234e-01 7.098814824420743644e-03 7.104062975192996197e-03
1.679999999999995808e+01 6.843964845487084947e-01 6.848462077563178818e-01 2.990561105436793099e-01 2.992526230570035084e-01 7.086637690608525025e-03 7.091294385237059857e-03
1.684999999999995879e+01 6.844104987881899360e-01 6.846702549085433853e-01 2.990664952435150292e-01 2.991800007386378191e-01 7.074310946032300561e-03 7.076995877909835093e-03
1.689999999999995595e+01 6.844077924581456474e-01 6.844550057738547633e-01 2.990638616947615125e-01 2.990844923723706694e-01 7.061720465047507944e-03 7.062207612098491717e-03
1.694999999999995666e+01 6.843951607500431411e-01 6.843835587696419642e-01 2.990528772019949155e-01 2.990478076079662317e-01 7.048977659445972328e-03 7.048858164006286710e-03
1.699999999999995737e+01 6.843829440827614574e-01 6.844915307267593896e-01 2.990418756255870392e-01 2.990893226783953862e-01 7.036279426484411473e-03 7.037395827726960866e-03
1.704999999999995808e+01 6.843749296832380979e-01 6.846236450660675432e-01 2.990359189063329648e-01 2.991445944726413009e-01 7.023744425280878390e-03 7.026296992898220690e-03
1.709999999999995879e+01 6.843699878316414908e-01 6.846456425704507964e-01 2.990355535293884870e-01 2.991560009026931199e-01 7.011384607957536590e-03 7.014208696428923286e-03
1.714999999999995595e+01 6.843681302226535257e-01 6.846160050436155275e-01 2.990392351746233857e-01 2.991475457367406277e-01 6.999162906369193853e-03 7.001697969262517772e-03
1.719999999999995666e+01 6.843700090977914430e-01 6.846794823783048933e-01 2.990445304360633827e-01 2.991797588806524022e-01 6.987021739160370441e-03 6.990181282258244380e-03
1.724999999999995737e+01 6.843730949394234431e-01 6.848478971427844897e-01 2.990483134741384053e-01 2.992557862681434200e-01 6.974887777822480830e-03 6.979726793426095990e-03
1.729999999999995453e+01 6.843741387858705005e-01 6.849879240865150987e-01 2.990488539581646066e-01 2.993170578255108794e-01 6.962720697512574976e-03 6.968965257869880539e-03
1.734999999999995524e+01 6.843755439982532884e-01 6.850192060100768199e-01 2.990482440675636955e-01 2.993295019180185479e-01 6.950569298490740996e-03 6.957106378106194151e-03
1.739999999999995595e+01 6.843839615268637599e-01 6.850198376653469090e-01 2.990506213567125648e-01 2.993284758433885084e-01 6.938529497835568480e-03 6.944976237665636577e-03
1.744999999999995666e+01 6.844003698662859403e-01 6.850877926760005066e-01 2.990569080995821860e-01 2.993572856988382380e-01 6.926622075265376731e-03 6.933579286597306261e-03
1.749999999999995737e+01 6.844159486218306387e-01 6.851747225590846258e-01 2.990630156607060330e-01 2.993945702107378981e-01 6.914751807183964864e-03 6.922417808340771209e-03
1.754999999999995453e+01 6.844219167252119096e-01 6.851395095498945542e-01 2.990648807464056924e-01 2.993784399812779995e-01 6.902824714285197075e-03 6.910062088431124204e-03
1.759999999999995524e+01 6.844209132488159320e-01 6.849372566799045714e-01 2.990640907816534133e-01 2.992897118516125721e-01 6.890877667780043181e-03 6.896076309945000336e-03
1.764999999999995595e+01 6.844234080767829242e-01 6.846734268240858290e-01 2.990661596226213970e-01 2.991754079997329674e-01 6.879037599140237595e-03 6.881550500281389399e-03
1.769999999999995310e+01 6.844331723492784736e-01 6.844713902028349839e-01 2.990732688948187779e-01 2.990899687551631381e-01 6.867354050397687752e-03 6.867737514469888192e-03
1.774999999999995381e+01 6.844417402452190879e-01 6.843650773361799056e-01 2.990809647368771751e-01 2.990474652942705092e-01 6.855724120043041152e-03 6.854956224510509732e-03
1.779999999999995453e+01 6.844394890347131888e-01 6.843454948007046124e-01 2.990830484008596413e-01 2.990419752563526767e-01 6.844005684230208310e-03 6.843065795339889172e-03
1.784999999999995524e+01 6.844279258144166933e-01 6.844294937481346652e-01 2.990781262499937476e-01 2.990788113983647856e-01 6.832167361507577447e-03 6.832183013098006540e-03
1.789999999999995595e+01 6.844169668856388000e-01 6.846101899695073989e-01 2.990699922618449413e-01 2.991544250403898042e-01 6.820296288753600021e-03 6.822221779712434216e-03
1.794999999999995310e+01 6.844126653808233485e-01 6.847870444460396611e-01 2.990630307601753746e-01 2.992266205701834547e-01 6.808492447585108055e-03 6.812216746048581698e-03
1.799999999999995381e+01 6.844127903147115832e-01 6.848432006777619430e-01 2.990594943152159457e-01 2.992475654724815470e-01 6.796806688982191466e-03 6.801081033465500823e-03
1.804999999999995453e+01 6.844141062457752556e-01 6.847994041499043671e-01 2.990606928848665858e-01 2.992290521532166014e-01 6.785268131250528356e-03 6.789087967174521968e-03
1.809999999999995168e+01 6.844181326600220494e-01 6.848068900765186262e-01 2.990676097922306820e-01 2.992374836541179528e-01 6.773898296539777528e-03 6.777745949130655964e-03
1.814999999999995239e+01 6.844267815703642954e-01 6.849481636953110852e-01 2.990785488727796260e-01 2.993063807074420879e-01 6.762657973381121408e-03 6.767809625945564109e-03
1.819999999999995310e+01 6.844363127024524207e-01 6.851106367831963917e-01 2.990879319185786311e-01 2.993826009637616803e-01 6.751420585069506028e-03 6.758072256518333869e-03
1.824999999999995381e+01 6.844403898862690960e-01 6.851232659878699893e-01 2.990900985386057975e-01 2.993885050668227965e-01 6.740058558616479623e-03 6.746783212773482113e-03
1.829999999999995453e+01 6.844380498748963149e-01 6.849791198952451809e-01 2.990846626528446128e-01 2.993210985794229062e-01 6.728563839209112697e-03 6.733882982664192267e-03
1.834999999999995168e+01 6.844345215957357009e-01 6.848382387155717010e-01 2.990768907666045973e-01 2.992533027638666354e-01 6.717055379373500050e-03 6.721017468026212541e-03
1.839999999999995239e+01 6.844341422334651037e-01 6.848115420718218216e-01 2.990727359766132132e-01 2.992376459295944535e-01 6.705666725933041861e-03 6.709364258511096857e-03
1.844999999999995310e+01 6.844365832258484383e-01 6.848279372600650783e-01 2.990746569851014947e-01 2.992456649008260472e-01 6.694452310802507036e-03 6.698280132083414551e-03
1.849999999999995026e+01 6.844411982166618280e-01 6.847549459384595361e-01 2.990819758889988744e-01 2.992190750127956544e-01 6.683396109251381681e-03 6.686459776822259796e-03
1.854999999999995097e+01 6.844504677098167678e-01 6.845849003306370140e-01 2.990927921503662157e-01 2.991515368365255112e-01 6.672454928061722496e-03 6.673765462053006872e-03
1.859999999999995168e+01 6.844651819013345406e-01 6.844335880224470259e-01 2.991038715236742362e-01 2.990900653407717602e-01 6.661556158656452460e-03 6.661248671286686650e-03
1.864999999999995239e+01 6.844789195221028244e-01 6.843882013882923721e-01 2.991104380546311114e-01 2.990707951379982799e-01 6.650593397546004579e-03 6.649711954152278878e-03
1.869999999999995310e+01 6.844829504644979190e-01 6.844364556898960839e-01 2.991093104378257372e-01 2.990889928828586175e-01 6.639496347121558867e-03 6.639045347011301307e-03
1.874999999999995026e+01 6.844772411247209698e-01 6.845437207141527036e-01 2.991029849824631270e-01 2.991320352451231068e-01 6.628320996841298787e-03 6.628964769975037932e-03
1.879999999999995097e+01 6.844718642271265807e-01 6.847137280914606938e-01 2.990984676118843000e-01 2.992041565597780561e-01 6.617222734776211958e-03 6.619560985835808847e-03
1.884999999999995168e+01 6.844749339833902102e-01 6.849301224453345771e-01 2.991004506842397381e-01 2.992993580033456169e-01 6.606304819088685241e-03 6.610698133701736236e-03
1.889999999999994884e+01 6.844824448885240553e-01 6.851019640611072381e-01 2.991065111655033526e-01 2.993772298956844935e-01 6.595512925369434280e-03 6.601482467380044052e-03
1.894999999999994955e+01 6.844837891116642981e-01 6.851415773704101486e-01 2.991103858057118092e-01 2.993978305969278164e-01 6.584708548282054187e-03 6.591036446822857130e-03
1.899999999999995026e+01 6.844755131691265815e-01 6.850768846359329700e-01 2.991092428873570741e-01 2.993720364580104709e-01 6.573829514007857762e-03 6.579605196879361427e-03
1.904999999999995097e+01 6.844651142529849519e-01 6.850170609997600080e-01 2.991060453417317966e-01 2.993472418691067727e-01 6.562941203329287522e-03 6.568233502339161298e-03
1.909999999999995168e+01 6.844610930454047004e-01 6.850041917358422605e-01 2.991049634486757647e-01 2.993422939786399839e-01 6.552135015305065105e-03 6.557333931624106244e-03
1.914999999999994884e+01 6.844637428547630797e-01 6.849675484013573179e-01 2.991065794216229978e-01 2.993267394451575303e-01 6.541423278767053047e-03 6.546238150796239441e-03
1.919999999999994955e+01 6.844678696068815515e-01 6.848505308558404669e-01 2.991085551095238326e-01 2.992757758927846456e-01 6.530754478373893175e-03 6.534405587178714579e-03
1.924999999999995026e+01 6.844709912835392762e-01 6.847156454240660439e-01 2.991094147868018638e-01 2.992163270704925049e-01 6.520096235134655201e-03 6.522426748130636873e-03
1.929999999999994742e+01 6.844749598455444062e-01 6.846609506928349465e-01 2.991099416541369571e-01 2.991912181284346328e-01 6.509465541983405941e-03 6.511234344470841900e-03
1.934999999999994813e+01 6.844811816541952476e-01 6.846707228714565829e-01 2.991115622468237811e-01 2.991943898995405027e-01 6.498893259029316603e-03 6.500692882119305308e-03
1.939999999999994884e+01 6.844887429827741787e-01 6.846340010951156296e-01 2.991152082545436297e-01 2.991786846973180092e-01 6.488399311378397621e-03 6.489776240722743873e-03
1.944999999999994955e+01 6.844975365382691690e-01 6.845172995448967068e-01 2.991216837249752736e-01 2.991303200508965698e-01 6.478000730373053954e-03 6.478187765043791173e-03
1.949999999999995026e+01 6.845088632991110922e-01 6.844384862504100386e-01 2.991309992657558148e-01 2.991002444311114949e-01 6.467697281421757108e-03 6.467032312024042183e-03
1.954999999999994742e+01 6.845207600837635020e-01 6.845219034805460900e-01 2.991403139894889263e-01 2.991408136618034508e-01 6.457427177323032084e-03 6.457437963557560029e-03
1.959999999999994813e+01 6.845262570462533613e-01 6.847303165074304365e-01 2.991442823290277886e-01 2.992334581939970484e-01 6.447075050194575087e-03 6.448996943836154440e-03
1.964999999999994884e+01 6.845203725479483969e-01 6.849040991018152669e-01 2.991396963484495020e-01 2.993073872593530194e-01 6.436572272155998038e-03 6.440180468194804317e-03
1.969999999999994600e+01 6.845076845680446720e-01 6.849463644844716592e-01 2.991297146088485182e-01 2.993214176403320437e-01 6.425987424465070923e-03 6.430105642112407711e-03
1.974999999999994671e+01 6.844988293490166242e-01 6.849039010579336395e-01 2.991218467247287460e-01 2.992988606105558835e-01 6.415481967286418286e-03 6.419278511754560219e-03
1.979999999999994742e+01 6.844988880188332958e-01 6.848646656408537980e-01 2.991211488921181605e-01 2.992809911131252276e-01 6.405163787839800518e-03 6.408586533471643566e-03
1.984999999999994813e+01 6.845027067620350625e-01 6.848473537467398842e-01 2.991263213116949204e-01 2.992769313584741075e-01 6.395004196936299873e-03 6.398224080352210227e-03
1.989999999999994884e+01 6.845031565903015869e-01 6.848274916738964491e-01 2.991325877648352005e-01 2.992743244272955128e-01 6.384900485908979496e-03 6.387925814883585983e-03
1.994999999999994600e+01 6.845005136068410545e-01 6.848150039512265197e-01 2.991367549734736953e-01 2.992741918624458597e-01 6.374784336142231764e-03 6.377713198986603368e-03
1.999999999999994671e+01 6.845003501754398645e-01 6.848402037629687245e-01 2.991383498799942142e-01 2.992868717052177274e-01 6.364645742127547287e-03 6.367805780962089955e-03
2.004999999999994742e+01 6.845043873659445444e-01 6.848849015164271137e-01 2.991374437969852584e-01 2.993037334985633180e-01 6.354486326011381421e-03 6.358018767893018272e-03
2.009999999999994458e+01 6.845083696836731235e-01 6.848968124921075429e-01 2.991341082223728520e-01 2.993038599715737158e-01 6.344307703549806506e-03 6.347907952737523278e-03
2.014999999999994529e+01 6.845095540138995682e-01 6.848788826539451424e-01 2.991304176692386463e-01 2.992918141460390036e-01 6.334153894531268855e-03 6.337571501239588206e-03
2.019999999999994600e+01 6.845117929379356259e-01 6.848976087032520033e-01 2.991306046997039836e-01 2.992992055979973864e-01 6.324114264264366070e-03 6.327678765285367837e-03
2.024999999999994671e+01 6.845201897538841784e-01 6.849692438442606113e-01 2.991372297130168167e-01 2.993334676013905682e-01 6.314242315842054191e-03 6.318384540398755932e-03
2.029999999999994742e+01 6.845331672943474333e-01 6.849936251271393495e-01 2.991477091052927584e-01 2.993489336951307145e-01 6.304482805169510200e-03 6.308723576293598367e-03
2.034999999999994458e+01 6.845434506975137667e-01 6.848654440487151884e-01 2.991561155202254740e-01 2.992968316136606077e-01 6.294710479121009596e-03 6.297671364832427635e-03
2.039999999999994529e+01 6.845461918793376288e-01 6.846306556411109190e-01 2.991584732136343128e-01 2.991953853319306855e-01 6.284841874236025798e-03 6.285617338906117867e-03
2.044999999999994600e+01 6.845428082682406545e-01 6.844621806660957652e-01 2.991554002474079432e-01 2.991201647847030465e-01 6.274890408965043236e-03 6.274151332662895875e-03
2.049999999999994316e+01 6.845367530826600433e-01 6.844679204421099117e-01 2.991499332778519982e-01 2.991198526726321916e-01 6.264920068646126321e-03 6.264290108327386607e-03
2.054999999999994387e+01 6.845292739797307346e-01 6.845799462507342614e-01 2.991444569796490871e-01 2.991666011443612216e-01 6.254980804592778082e-03 6.255443829469142097e-03
2.059999999999994458e+01 6.845211531461302679e-01 6.846635515899966995e-01 2.991403034900593783e-01 2.992025325585387918e-01 6.245100281629642307e-03 6.246399427109379683e-03
2.064999999999994529e+01 6.845154078555467647e-01 6.846844221904915262e-01 2.991385889266210407e-01 2.992124495133712259e-01 6.235301488830048006e-03 6.236841052910301920e-03
2.069999999999994600e+01 6.845145731298790670e-01 6.847127745438149615e-01 2.991395629222810548e-01 2.992261788785554044e-01 6.225589238757160866e-03 6.227391860115627682e-03
2.074999999999994316e+01 6.845164792388779285e-01 6.847917933821546788e-01 2.991415918249870076e-01 2.992619072791354862e-01 6.215929180778961491e-03 6.218429242163865493e-03
2.079999999999994387e+01 6.845166208240071049e-01 6.848778816486574827e-01 2.991426112340871413e-01 2.993004868840493105e-01 6.206278241371113169e-03 6.209553669793564830e-03
2.084999999999994458e+01 6.845151622611478359e-01 6.849232838656772460e-01 2.991429296569318996e-01 2.993212846433019880e-01 6.196642768657325759e-03 6.200337330777887061e-03
2.089999999999994174e+01 6.845178512359486600e-01 6.849509568457560205e-01 2.991450563744606495e-01 2.993343303310536108e-01 6.187074588923706549e-03 6.190989251934936495e-03
2.094999999999994245e+01 6.845279005578127629e-01 6.850028241369119364e-01 2.991498805638233005e-01 2.993574299301072772e-01 6.177591751447059597e-03 6.181877747653233279e-03
2.099999999999994316e+01 6.845398454700286628e-01 6.850539463153422215e-01 2.991543515061505509e-01 2.993790214154425922e-01 6.168130958889713258e-03 6.172763328153466587e-03
2.104999999999994387e+01 6.845450880850313391e-01 6.850365477818968207e-01 2.991546278494785494e-01 2.993694017851591394e-01 6.158613028296017720e-03 6.163034519509205146e-03
2.109999999999994458e+01 6.845425342542180713e-01 6.849372921045476792e-01 2.991511659192176431e-01 2.993236786050955667e-01 6.149047603683825518e-03 6.152593599282550271e-03
2.114999999999994174e+01 6.845399220214700708e-01 6.848146258908190953e-01 2.991489345364839458e-01 2.992689821293053054e-01 6.139536881200297752e-03 6.142000659400838510e-03
2.119999999999994245e+01 6.845438625387135767e-01 6.847135962955855915e-01 2.991520195078067879e-01 2.992261947344440065e-01 6.130164334176379723e-03 6.131684318328781830e-03
2.124999999999994316e+01 6.845518717073013626e-01 6.846200802970912047e-01 2.991591280475389691e-01 2.991889361937003500e-01 6.120902875652981662e-03 6.121512760996437701e-03
2.129999999999994031e+01 6.845562986383628701e-01 6.845262622380950956e-01 2.991651501865093543e-01 2.991520236632196905e-01 6.111647603401632045e-03 6.111379441536674527e-03
2.134999999999994102e+01 6.845536826175022682e-01 6.844897960168593309e-01 2.991662067910489942e-01 2.991382868302563391e-01 6.102319363407435367e-03 6.101749858852765877e-03
2.139999999999994174e+01 6.845472234219592833e-01 6.845686093186936771e-01 2.991622627967186476e-01 2.991716089061470241e-01 6.092917775900594420e-03 6.093108124361457621e-03
2.144999999999994245e+01 6.845413390503010120e-01 6.847172454496723848e-01 2.991558107992854376e-01 2.992326847855982797e-01 6.083493864754162955e-03 6.085057138497179489e-03
2.149999999999994316e+01 6.845376203623005917e-01 6.848157420563564246e-01 2.991499143651208392e-01 2.992714563790073168e-01 6.074109936347642062e-03 6.076577794497621011e-03
2.154999999999994031e+01 6.845365619971923721e-01 6.848155434918156148e-01 2.991475452331817664e-01 2.992694622116387482e-01 6.064826056425389258e-03 6.067297764047426163e-03
2.159999999999994102e+01 6.845394037455986291e-01 6.848004506276487158e-01 2.991506414285902693e-01 2.992647215557252549e-01 6.055681000578761256e-03 6.057990314893234828e-03
2.164999999999994174e+01 6.845455966593495534e-01 6.848671576955577267e-01 2.991580791468477774e-01 2.992986067937860595e-01 6.046651422877176961e-03 6.049491799773352302e-03
2.169999999999993889e+01 6.845506534397959308e-01 6.849870355892985208e-01 2.991652723665307878e-01 2.993559819713728087e-01 6.037644245540490714e-03 6.041493077121561084e-03
2.174999999999993960e+01 6.845500015861027965e-01 6.850418033235370352e-01 2.991675048799771197e-01 2.993824360001917650e-01 6.028564330075116690e-03 6.032895435772137049e-03
2.179999999999994031e+01 6.845446947021731621e-01 6.849802240524525132e-01 2.991641053250790883e-01 2.993544431502459524e-01 6.019398497486511644e-03 6.023228232399325741e-03
2.184999999999994102e+01 6.845403977593192968e-01 6.848774329596072352e-01 2.991586234326331084e-01 2.993059149393090257e-01 6.010218451685256369e-03 6.013177597977087743e-03
2.189999999999994174e+01 6.845403255077778804e-01 6.848259167153794014e-01 2.991549535418345229e-01 2.992797614183881905e-01 6.001102377970613487e-03 6.003606046507297019e-03
2.194999999999993889e+01 6.845421126431477932e-01 6.848217079750996694e-01 2.991543494139322634e-01 2.992765364322097499e-01 5.992075100930051128e-03 5.994522512412824369e-03
2.199999999999993960e+01 6.845430590090674228e-01 6.847946364771458905e-01 2.991563666743579653e-01 2.992663100888692806e-01 5.983127333487170581e-03 5.985326201777396889e-03
2.204999999999994031e+01 6.845454894086275832e-01 6.847143304964421473e-01 2.991609515805213615e-01 2.992347387302112249e-01 5.974257645142724144e-03 5.975731177837478869e-03
2.209999999999993747e+01 6.845535346684944455e-01 6.846160294252232603e-01 2.991679306207772893e-01 2.991952424760206952e-01 5.965462225738341583e-03 5.966006829033324889e-03
2.214999999999993818e+01 6.845657309457352513e-01 6.845380137001378928e-01 2.991750959397503351e-01 2.991629826988504437e-01 5.956696783270301089e-03 5.956455603760099464e-03
2.219999999999993889e+01 6.845748120218846378e-01 6.844914714648547838e-01 2.991789584930202306e-01 2.991425362633171048e-01 5.947891818946734500e-03 5.947167718952636739e-03
2.224999999999993960e+01 6.845759849569003075e-01 6.844994911274846494e-01 2.991782515126892861e-01 2.991448216369136937e-01 5.939022362534785576e-03 5.938358742171995219e-03
2.229999999999994031e+01 6.845724509205080022e-01 6.846057565944081436e-01 2.991755392657107215e-01 2.991900946906862480e-01 5.930139529548290704e-03 5.930428041440768960e-03
2.234999999999993747e+01 6.845705913862278891e-01 6.848035019852006799e-01 2.991742946419948534e-01 2.992760823393325609e-01 5.921312115625836786e-03 5.923326716265870859e-03
2.239999999999993818e+01 6.845717477485475655e-01 6.849920364714607857e-01 2.991750651454772036e-01 2.993587418842135195e-01 5.912550694574658997e-03 5.916180669648499028e-03
2.244999999999993889e+01 6.845717644332082186e-01 6.850602869843912535e-01 2.991756477568190409e-01 2.993891448045902237e-01 5.903811499887904636e-03 5.908024564471450052e-03
2.249999999999993605e+01 6.845678527699803340e-01 6.850094220809433976e-01 2.991746394361148864e-01 2.993676171502434036e-01 5.895066786918531226e-03 5.898869303453083135e-03
2.254999999999993676e+01 6.845624517544630638e-01 6.849443100500781645e-01 2.991733062823851430e-01 2.993401892432278055e-01 5.886341491045464502e-03 5.889624972813150769e-03
2.259999999999993747e+01 6.845594003027734020e-01 6.849359365783538323e-01 2.991735767615439912e-01 2.993381347302112028e-01 5.877673413782800484e-03 5.880906379768404205e-03
2.264999999999993818e+01 6.845591358143573446e-01 6.849411210084886958e-01 2.991754305447829054e-01 2.993423709578708625e-01 5.869061903772112773e-03 5.872336850571287584e-03
2.269999999999993889e+01 6.845597311800083462e-01 6.848857791755866842e-01 2.991772069306115611e-01 2.993197016234768748e-01 5.860474180815124223e-03 5.863265457854600904e-03
2.274999999999993605e+01 6.845607271606369837e-01 6.847839759782120561e-01 2.991777467982010830e-01 2.992753145895853395e-01 5.851887467935484692e-03 5.853795884392878554e-03
2.279999999999993676e+01 6.845631618519195660e-01 6.847196084410260841e-01 2.991772046611773650e-01 2.992455771004436382e-01 5.843304778538631686e-03 5.844640177743051085e-03
2.284999999999993747e+01 6.845666261181198031e-01 6.847248841593632784e-01 2.991762481424151687e-01 2.992454116762643945e-01 5.834739115405474484e-03 5.836087989785762251e-03
2.289999999999993463e+01 6.845694855457890027e-01 6.847382488154666325e-01 2.991758418700409816e-01 2.992495960971115476e-01 5.826209189290000937e-03 5.827645493614646774e-03
2.294999999999993534e+01 6.845725208132779072e-01 6.847003331235975709e-01 2.991778029311282783e-01 2.992336605722494269e-01 5.817750178534347900e-03 5.818836374764219631e-03
2.299999999999993605e+01 6.845791806531887902e-01 6.846415811287662745e-01 2.991838310657076727e-01 2.992111021453303099e-01 5.809394777974917837e-03 5.809924313501570355e-03
2.304999999999993676e+01 6.845900591014951742e-01 6.846356087890694830e-01 2.991927664234508288e-01 2.992126734274365152e-01 5.801120046988877954e-03 5.801506028646380951e-03
2.309999999999993747e+01 6.845992642471638856e-01 6.846946552118227114e-01 2.991997602051296168e-01 2.992414502203577520e-01 5.792831756149664606e-03 5.793638920045658842e-03
2.314999999999993463e+01 6.845995675641128875e-01 6.847597836942312943e-01 2.991999463402663650e-01 2.992699677948589265e-01 5.784435888647016313e-03 5.785789614207046717e-03
2.319999999999993534e+01 6.845909839314096024e-01 6.847866018432513524e-01 2.991933435487654780e-01 2.992788363152139031e-01 5.775933273142201153e-03 5.777583712648927915e-03
2.324999999999993605e+01 6.845813716805657645e-01 6.847908364409580617e-01 2.991851974826125193e-01 2.992767406625704840e-01 5.767425493640734695e-03 5.769190181447152871e-03
2.329999999999993321e+01 6.845777139934342559e-01 6.847983299647084632e-01 2.991810745738278099e-01 2.992774903963192346e-01 5.759019722306609260e-03 5.760875657292007651e-03
2.334999999999993392e+01 6.845792129345920074e-01 6.847973623519936215e-01 2.991822726889632467e-01 2.992776107261849727e-01 5.750740464948848364e-03 5.752573007711399636e-03
2.339999999999993463e+01 6.845805138465583806e-01 6.847735332620562554e-01 2.991862068236824657e-01 2.992705632223793266e-01 5.742537558995835546e-03 5.744156683730900284e-03
2.344999999999993534e+01 6.845794425866700283e-01 6.847587566264441428e-01 2.991899852372108537e-01 2.992683530081011734e-01 5.734355251312149918e-03 5.735857268962179373e-03
2.349999999999993605e+01 6.845786116780633312e-01 6.847967657439703038e-01 2.991923695840499331e-01 2.992877129541168246e-01 5.726169752804793900e-03 5.727994506298897913e-03
2.354999999999993321e+01 6.845802201011447208e-01 6.848696266342783057e-01 2.991929770100875130e-01 2.993194609482322521e-01 5.717973760345686912e-03 5.720391035799957634e-03
2.359999999999993392e+01 6.845828508569227200e-01 6.849096694572153199e-01 2.991916133421566037e-01 2.993344468708805106e-01 5.709763613399945932e-03 5.712489444100784207e-03
2.364999999999993463e+01 6.845846058842114390e-01 6.848954999107988995e-01 2.991892224915293497e-01 2.993250948750045826e-01 5.701557360486515964e-03 5.704146638875752864e-03
2.369999999999993179e+01 6.845867144936109705e-01 6.848884934473021824e-01 2.991882492345177003e-01 2.993201371530226362e-01 5.693401507792926475e-03 5.695911268373420391e-03
2.374999999999993250e+01 6.845916446801448840e-01 6.849401068700834427e-01 2.991906654078635430e-01 2.993429556604357833e-01 5.685333309413094852e-03 5.688227185946533905e-03
2.379999999999993321e+01 6.845989285102422883e-01 6.849970318378882927e-01 2.991957792857176113e-01 2.993697655868801100e-01 5.677339265383646479e-03 5.680640713223541680e-03
2.384999999999993392e+01 6.846054201356164270e-01 6.849517599516465882e-01 2.992009018921648611e-01 2.993522667254974179e-01 5.669368107857231977e-03 5.672236224073860800e-03
2.389999999999993463e+01 6.846093404925994719e-01 6.847837057834382790e-01 2.992040733151818399e-01 2.992802785349736316e-01 5.661382654970338775e-03 5.662824570198186740e-03
2.394999999999993179e+01 6.846115037870386111e-01 6.846005784083191159e-01 2.992052672305265393e-01 2.992004923606312872e-01 5.653382470109156663e-03 5.653292250555160686e-03
2.399999999999993250e+01 6.846121180065336542e-01 6.845218743449678067e-01 2.992049692460978516e-01 2.991655288808555690e-01 5.645376778228272316e-03 5.644632620393511858e-03
2.404999999999993321e+01 6.846091514698783298e-01 6.845583497482518043e-01 2.992029281463166601e-01 2.991807256621212829e-01 5.637360869454869326e-03 5.636942546624999426e-03
2.409999999999993037e+01 6.846018125755763961e-01 6.846333622294420440e-01 2.991991343525219893e-01 2.992129228481881231e-01 5.629334606820745289e-03 5.629594032891603421e-03
2.414999999999993108e+01 6.845937918727506011e-01 6.846909515816289593e-01 2.991951292371415327e-01 2.992375919529879358e-01 5.621326993652270981e-03 5.622124790098422496e-03
2.419999999999993179e+01 6.845901720371923016e-01 6.847370521507841756e-01 2.991929868777485346e-01 2.992571792978174772e-01 5.613376864498107431e-03 5.614581225099776057e-03
2.424999999999993250e+01 6.845914247846963674e-01 6.847863503323817769e-01 2.991930808111975537e-01 2.992782708574490691e-01 5.605490975385444587e-03 5.607087041825753980e-03
2.429999999999993321e+01 6.845932395107243718e-01 6.848247736358108462e-01 2.991940286182239728e-01 2.992952180890646741e-01 5.597643192108971329e-03 5.599536353396917208e-03
2.434999999999993037e+01 6.845929626160831560e-01 6.848442740139297769e-01 2.991950815285140397e-01 2.993049148722288777e-01 5.589819365315547121e-03 5.591871366132265125e-03
2.439999999999993108e+01 6.845935149033139933e-01 6.848726961536827362e-01 2.991972998754319768e-01 2.993193142890478997e-01 5.582039176780457905e-03 5.584315565094187875e-03
2.444999999999993179e+01 6.845989001102975591e-01 6.849314444161286319e-01 2.992014747594491375e-01 2.993468120463064208e-01 5.574317182290632749e-03 5.577024910038323215e-03
2.449999999999992895e+01 6.846075900761862121e-01 6.849850926255310890e-01 2.992057428112793183e-01 2.993707291951979155e-01 5.566618470907533194e-03 5.569687985026949145e-03
2.454999999999992966e+01 6.846134209413078375e-01 6.849760330707534983e-01 2.992068369777916015e-01 2.993653147770611866e-01 5.558882247613416983e-03 5.561826563438211635e-03
2.459999999999993037e+01 6.846130442508404634e-01 6.849047329068220780e-01 2.992039190011168692e-01 2.993313988815117233e-01 5.551093116903849448e-03 5.553458235278522191e-03
2.464999999999993108e+01 6.846098504188031786e-01 6.848331567564877043e-01 2.992000937839456309e-01 2.992976870001941014e-01 5.543308824158336458e-03 5.545116943032787384e-03
2.469999999999993179e+01 6.846094695401530039e-01 6.847982098394654882e-01 2.991994786398739503e-01 2.992819650816559429e-01 5.535605525252072605e-03 5.537131638883561330e-03
2.474999999999992895e+01 6.846134154183136644e-01 6.847631099536624077e-01 2.992033114281392736e-01 2.992687338982082945e-01 5.528005753868634950e-03 5.529214483107785724e-03
2.479999999999992966e+01 6.846187891901822642e-01 6.846843557695837523e-01 2.992093259661452453e-01 2.992379815221106742e-01 5.520467268748077867e-03 5.520995969042642899e-03
2.484999999999993037e+01 6.846226501323543490e-01 6.845960282300860289e-01 2.992141930681465611e-01 2.992025579710553274e-01 5.512928476612568261e-03 5.512714103566207849e-03
2.489999999999992752e+01 6.846242211875319672e-01 6.845797482599982331e-01 2.992157429552575465e-01 2.991963060150477638e-01 5.505349456398493310e-03 5.504991831003649451e-03
2.494999999999992824e+01 6.846234105430050176e-01 6.846559294608651758e-01 2.992134946054330058e-01 2.992277069430537839e-01 5.497721536158632800e-03 5.497982672357452916e-03
2.499999999999992895e+01 6.846201878709760047e-01 6.847527610395836017e-01 2.992086859250983055e-01 2.992666261440266595e-01 5.490067631653191074e-03 5.491130754936279605e-03
2.504999999999992966e+01 6.846164306875542893e-01 6.847997594161692181e-01 2.992042997302708507e-01 2.992844215932687346e-01 5.482442505364570201e-03 5.483910610962332635e-03
2.509999999999993037e+01 6.846159030356437913e-01 6.848129435867784665e-01 2.992036986350876671e-01 2.992898129970520404e-01 5.474907568803078634e-03 5.476483311931429343e-03
2.514999999999992752e+01 6.846201122520267912e-01 6.848540976066683772e-01 2.992077738280766175e-01 2.993100352659423535e-01 5.467478736008719691e-03 5.469347378089409011e-03
2.519999999999992824e+01 6.846252770993229708e-01 6.849307663908088539e-01 2.992135558492320380e-01 2.993470690866728567e-01 5.460101384110084208e-03 5.462537757056085304e-03
2.524999999999992895e+01 6.846258853637493536e-01 6.849828979832699449e-01 2.992166752101317329e-01 2.993727080615105063e-01 5.452695675811067288e-03 5.455539099070817223e-03
2.529999999999992610e+01 6.846212470338013389e-01 6.849674089098610752e-01 2.992154628794839732e-01 2.993667538106743464e-01 5.445231353584796888e-03 5.447984600740217453e-03
2.534999999999992681e+01 6.846163129987912210e-01 6.849121298732959717e-01 2.992120609012950405e-01 2.993413478829070051e-01 5.437747585666436075e-03 5.440097190057384402e-03
2.539999999999992752e+01 6.846154217402541375e-01 6.848682504394639770e-01 2.992095251893021057e-01 2.993200233648362074e-01 5.430299912691518259e-03 5.432305324225713238e-03
2.544999999999992824e+01 6.846174681177017440e-01 6.848432038138012601e-01 2.992088450854288872e-01 2.993075018099062845e-01 5.422906118449107200e-03 5.424694187764510407e-03
2.549999999999992895e+01 6.846188650017991373e-01 6.848102112157569143e-01 2.992093107899242987e-01 2.992929377124754486e-01 5.415553136469228312e-03 5.417066745927168019e-03
2.554999999999992610e+01 6.846194690313157638e-01 6.847619572971316293e-01 2.992107289838502604e-01 2.992730030204719949e-01 5.408237306531420673e-03 5.409362910446861156e-03
2.559999999999992681e+01 6.846227437718661601e-01 6.847154654820344355e-01 2.992138193475871732e-01 2.992543432964163141e-01 5.400971468368010245e-03 5.401702947588752669e-03
2.564999999999992752e+01 6.846302262781972514e-01 6.846713021914577757e-01 2.992184687711810787e-01 2.992364210487719056e-01 5.393753380282679741e-03 5.394076990514150120e-03
2.569999999999992468e+01 6.846386434092972539e-01 6.846129606191402317e-01 2.992229498731242554e-01 2.992117251485111318e-01 5.386551752891537148e-03 5.386349687641975824e-03
2.574999999999992539e+01 6.846437625800509963e-01 6.845600572756173063e-01 2.992255865368398382e-01 2.991890028853346761e-01 5.379336387179154376e-03 5.378678703556589308e-03
2.579999999999992610e+01 6.846451682540828365e-01 6.845803311519774725e-01 2.992264549930701012e-01 2.991981177212764687e-01 5.372108707236457337e-03 5.371599959089355149e-03
2.584999999999992681e+01 6.846453699526212633e-01 6.847109818495688005e-01 2.992266551070903446e-01 2.992553310162843205e-01 5.364888482422069255e-03 5.365402617952217193e-03
2.589999999999992752e+01 6.846454305211224778e-01 6.848871315233961976e-01 2.992264261624598687e-01 2.993320623412556447e-01 5.357679967098664779e-03 5.359571393755706466e-03
2.594999999999992468e+01 6.846439601288353272e-01 6.849918784871179556e-01 2.992250607763722314e-01 2.993771192154516259e-01 5.350470465379934641e-03 5.353189436127890263e-03
2.599999999999992539e+01 6.846403789742776524e-01 6.849803443039799156e-01 2.992226614689019737e-01 2.993712436061592985e-01 5.343261811944688758e-03 5.345915064395712415e-03
2.604999999999992610e+01 6.846367044581315175e-01 6.849192250595013132e-01 2.992208516612421265e-01 2.993443274468715609e-01 5.336082954279851992e-03 5.338284929948678391e-03
2.609999999999992326e+01 6.846349950411175778e-01 6.848920403105873689e-01 2.992211527063133314e-01 2.993334948775221438e-01 5.328960867432127636e-03 5.330961618477698255e-03
2.614999999999992397e+01 6.846347621009563067e-01 6.849008398466095437e-01 2.992232666612886227e-01 2.993395573561927758e-01 5.321890025100741925e-03 5.323958334480984739e-03
2.619999999999992468e+01 6.846345140761589398e-01 6.848896906188117750e-01 2.992255830902735836e-01 2.993371102601669609e-01 5.314841617944479277e-03 5.316822562347558838e-03
2.624999999999992539e+01 6.846346428441126841e-01 6.848391197669350117e-01 2.992269284526998252e-01 2.993162972893415041e-01 5.307794739737479832e-03 5.309379996263274490e-03
2.629999999999992610e+01 6.846366105044552341e-01 6.847915581209629288e-01 2.992270936909302570e-01 2.992948150547173336e-01 5.300745680973088618e-03 5.301945350836455989e-03
2.634999999999992326e+01 6.846397387852470873e-01 6.847836934181089630e-01 2.992261071423785168e-01 2.992890234207599143e-01 5.293694951656420164e-03 5.294808021596824829e-03
2.639999999999992397e+01 6.846414055047841396e-01 6.847969013457619880e-01 2.992242618169617119e-01 2.992922216684373860e-01 5.286647735282019520e-03 5.287848439371695651e-03
2.644999999999992468e+01 6.846412933224930164e-01 6.847946880588292595e-01 2.992231340126700889e-01 2.992901753293351064e-01 5.279631830836712704e-03 5.280814738938433874e-03
2.649999999999992184e+01 6.846431394418841521e-01 6.847779952742237830e-01 2.992252477022065982e-01 2.992841868305075037e-01 5.272691589466206238e-03 5.273730164414239946e-03
2.654999999999992255e+01 6.846500968267792420e-01 6.847718298496193734e-01 2.992314132050341025e-01 2.992846175273982112e-01 5.265840971492031716e-03 5.266777255211594309e-03
2.659999999999992326e+01 6.846594042443135963e-01 6.847747476427609170e-01 2.992387042605426650e-01 2.992891164930810977e-01 5.259028194385646261e-03 5.259914173867868102e-03
2.664999999999992397e+01 6.846642173522237140e-01 6.847604495594004081e-01 2.992423145816933694e-01 2.992843742478523694e-01 5.252168750885370142e-03 5.252906963542833957e-03
2.669999999999992468e+01 6.846610839311925156e-01 6.847290127324403564e-01 2.992399668712641958e-01 2.992696560309259235e-01 5.245222907471775581e-03 5.245743313425530949e-03
2.674999999999992184e+01 6.846536425276462667e-01 6.847179790547761602e-01 2.992339866260461667e-01 2.992621054795845392e-01 5.238231713366244859e-03 5.238723947126216682e-03
2.679999999999992255e+01 6.846480625007148602e-01 6.847465718238088250e-01 2.992288190906911005e-01 2.992718730771599667e-01 5.231273061026078981e-03 5.232025753097212586e-03
2.684999999999992326e+01 6.846465370831890107e-01 6.847798708048979943e-01 2.992270641777869944e-01 2.992853381278355318e-01 5.224392216111524954e-03 5.225409657404384706e-03
2.689999999999992042e+01 6.846467435117086220e-01 6.847770748675590102e-01 2.992282543911580772e-01 2.992852163565411505e-01 5.217580721729009330e-03 5.218573955650248827e-03
2.694999999999992113e+01 6.846463322594761314e-01 6.847561794713784566e-01 2.992305757064233074e-01 2.992785853763922921e-01 5.210806716698718720e-03 5.211642757969401490e-03
2.699999999999992184e+01 6.846454865623339270e-01 6.847728858060686541e-01 2.992325985018404744e-01 2.992882798836623559e-01 5.204045191336366047e-03 5.205013563194138548e-03
2.704999999999992255e+01 6.846451410025173878e-01 6.848383617989709515e-01 2.992334868965608186e-01 2.993179366782083850e-01 5.197281578750523844e-03 5.198748357415700766e-03
2.709999999999992326e+01 6.846451814992469131e-01 6.848980528399453149e-01 2.992329117370707836e-01 2.993434323828253474e-01 5.190510177572790415e-03 5.192427274637050408e-03
2.714999999999992042e+01 6.846456388727436559e-01 6.849076111986172055e-01 2.992315684111274132e-01 2.993460661680700241e-01 5.183743064722876569e-03 5.185726568524394106e-03
2.719999999999992113e+01 6.846479205506004195e-01 6.848956277061267750e-01 2.992311179297065804e-01 2.993393804203130504e-01 5.177008960721578117e-03 5.178882014192278532e-03
2.724999999999992184e+01 6.846529265069761783e-01 6.849178448304988898e-01 2.992326586863042204e-01 2.993484432118840299e-01 5.170326715962070274e-03 5.172327312516365218e-03
2.729999999999991900e+01 6.846587286349056223e-01 6.849668108990147886e-01 2.992353900042894477e-01 2.993700397394033486e-01 5.163682312412253353e-03 5.166005862629921910e-03
2.734999999999991971e+01 6.846621976027402745e-01 6.849694990519991089e-01 2.992375236296455077e-01 2.993718323807434967e-01 5.157044784655684562e-03 5.159359455075296537e-03
2.739999999999992042e+01 6.846629775983298360e-01 6.848803981912602312e-01 2.992384829800817103e-01 2.993335087234413328e-01 5.150404182101244593e-03 5.152039737064404920e-03
2.744999999999992113e+01 6.846638345671303139e-01 6.847428995620734593e-01 2.992393631198139170e-01 2.992739192881659349e-01 5.143779340263250101e-03 5.144373344016614502e-03
2.749999999999992184e+01 6.846662725386621906e-01 6.846403426363136813e-01 2.992409438840196723e-01 2.992296109342822419e-01 5.137183585991763821e-03 5.136989028914726307e-03
2.754999999999991900e+01 6.846676816706933622e-01 6.846107978838705810e-01 2.992421246342436003e-01 2.992172629010527718e-01 5.130597936292228406e-03 5.130171674257237927e-03
2.759999999999991971e+01 6.846645997758699087e-01 6.846339028876211596e-01 2.992411327894298756e-01 2.992277163346932500e-01 5.123991999819014521e-03 5.123762266005031825e-03
2.764999999999992042e+01 6.846578022952990450e-01 6.846813110007088365e-01 2.992378831515390969e-01 2.992481579124763869e-01 5.117364397632145206e-03 5.117540109661855401e-03
2.769999999999991758e+01 6.846519443875259681e-01 6.847420145193680030e-01 2.992342346160086208e-01 2.992736007014837885e-01 5.110746961844735148e-03 5.111419311724755242e-03
2.774999999999991829e+01 6.846501189374538665e-01 6.847997504754891329e-01 2.992319445115361187e-01 2.992973422013167628e-01 5.104169629194656860e-03 5.105285154819913171e-03
2.779999999999991900e+01 6.846508562282651589e-01 6.848268133615695863e-01 2.992312669420332805e-01 2.993081701919849680e-01 5.097636574821702397e-03 5.098946681294473995e-03
2.784999999999991971e+01 6.846513564746090630e-01 6.848218087231852103e-01 2.992318152164098466e-01 2.993063126014903208e-01 5.091141050045264356e-03 5.092408551280151394e-03
2.789999999999992042e+01 6.846517355722778753e-01 6.848267459739885155e-01 2.992337684854474711e-01 2.993102585011840899e-01 5.084685955572610001e-03 5.085985700954710406e-03
2.794999999999991758e+01 6.846541091022284586e-01 6.848757868232848711e-01 2.992372162415164460e-01 2.993341034481654672e-01 5.078272655774578731e-03 5.079916901962937791e-03
2.799999999999991829e+01 6.846583938222697840e-01 6.849390706810196683e-01 2.992407375948147319e-01 2.993634118379058240e-01 5.071876908386701265e-03 5.073956132845872449e-03
2.804999999999991900e+01 6.846614825034932350e-01 6.849514125309064116e-01 2.992419070338121490e-01 2.993686254436053185e-01 5.065457588384473728e-03 5.067602631292525243e-03
2.809999999999991616e+01 6.846611088741243467e-01 6.848973205446712287e-01 2.992397359724939809e-01 2.993429752495785356e-01 5.058998072231523160e-03 5.060743453078261032e-03
2.814999999999991687e+01 6.846587306197798872e-01 6.848336823556052666e-01 2.992360323030998082e-01 2.993124964755868866e-01 5.052529038465182476e-03 5.053820117781130869e-03
2.819999999999991758e+01 6.846575213951602290e-01 6.848134117904823848e-01 2.992338413503127237e-01 2.993019742201989963e-01 5.046101877745587903e-03 5.047250830020229284e-03
2.824999999999991829e+01 6.846587671703628919e-01 6.848158086940777656e-01 2.992348321458515592e-01 2.993034682259575474e-01 5.039744541403826800e-03 5.040900517489821896e-03
2.829999999999991900e+01 6.846615677554817037e-01 6.847821004433565228e-01 2.992384458412867820e-01 2.992911259038043559e-01 5.033447364866062632e-03 5.034333488709924302e-03
2.834999999999991616e+01 6.846650452317680768e-01 6.847041463823062557e-01 2.992429543763954758e-01 2.992600441108401732e-01 5.027181089901655922e-03 5.027468191698291136e-03
2.839999999999991687e+01 6.846688267972523834e-01 6.846404898868465594e-01 2.992465145903857593e-01 2.992341294468808810e-01 5.020914674335341492e-03 5.020706869914118818e-03
2.844999999999991758e+01 6.846715091079378368e-01 6.846413379464425519e-01 2.992475453877907476e-01 2.992343585589263277e-01 5.014621623590973486e-03 5.014400646148754748e-03
2.849999999999991473e+01 6.846709982970795583e-01 6.846917896716004925e-01 2.992454354839466646e-01 2.992545226571120542e-01 5.008291807262716527e-03 5.008443893842889905e-03
2.854999999999991545e+01 6.846675359621309243e-01 6.847463578090027259e-01 2.992416075681384457e-01 2.992760575382780175e-01 5.001949144473699822e-03 5.002524990192706855e-03
2.859999999999991616e+01 6.846647911376819717e-01 6.847920753987971620e-01 2.992391199812680647e-01 2.992947507523791018e-01 4.995644740922682188e-03 4.996573468320195804e-03
2.864999999999991687e+01 6.846660148648782140e-01 6.848469108079188183e-01 2.992400988290310204e-01 2.993191612020683623e-01 4.989413902943420388e-03 4.990732158433829752e-03
2.869999999999991758e+01 6.846696869111885686e-01 6.849090676224738328e-01 2.992435033370357544e-01 2.993481276895457732e-01 4.983239023098024779e-03 4.984981310400439167e-03
2.874999999999991473e+01 6.846709239622139620e-01 6.849455152394698931e-01 2.992461164316784217e-01 2.993661308363347873e-01 4.977066385558072056e-03 4.979062467132398112e-03
2.879999999999991545e+01 6.846674269351710196e-01 6.849377142612430580e-01 2.992459019176214596e-01 2.993640357319163892e-01 4.970862158100035171e-03 4.972824513819219631e-03
2.884999999999991616e+01 6.846622333455603115e-01 6.849086086615107094e-01 2.992438046261114426e-01 2.993514873393096076e-01 4.964642133987756667e-03 4.966428657640982632e-03
2.889999999999991331e+01 6.846597280134807395e-01 6.848869333087799216e-01 2.992420824873420759e-01 2.993413863939917707e-01 4.958443786037162321e-03 4.960089252593080991e-03
2.894999999999991402e+01 6.846604875299853177e-01 6.848668189885697144e-01 2.992416532163324483e-01 2.993318336311538985e-01 4.952282221205346266e-03 4.953774656700943822e-03
2.899999999999991473e+01 6.846617035515242256e-01 6.848272231132761512e-01 2.992417707166349361e-01 2.993141135488540661e-01 4.946144970522902036e-03 4.947340719815780490e-03
2.904999999999991545e+01 6.846618131455878276e-01 6.847765182844416376e-01 2.992418190792494048e-01 2.992919526981387968e-01 4.940021775967809274e-03 4.940849404839280784e-03
2.909999999999991616e+01 6.846624997699954918e-01 6.847450606448821642e-01 2.992423339951719718e-01 2.992784185023650290e-01 4.933921417892375184e-03 4.934516380912871460e-03
2.914999999999991331e+01 6.846657991961825340e-01 6.847340288971550670e-01 2.992440709150121503e-01 2.992738917903944307e-01 4.927856252202763437e-03 4.928347332900701386e-03
2.919999999999991402e+01 6.846711221938394099e-01 6.847072562795567530e-01 2.992468695413835755e-01 2.992626625428468357e-01 4.921823512193819125e-03 4.922083265507358994e-03
2.924999999999991473e+01 6.846762691954932922e-01 6.846516034906613424e-01 2.992499531692133230e-01 2.992391725837776351e-01 4.915810319001461155e-03 4.915633225195535812e-03
2.929999999999991189e+01 6.846800902761497332e-01 6.846174937891532641e-01 2.992527729628946531e-01 2.992254139486959508e-01 4.909807595781711699e-03 4.909358719420780712e-03
2.934999999999991260e+01 6.846825749127658511e-01 6.846664057941583836e-01 2.992548901450838850e-01 2.992478230924233706e-01 4.903808113807203196e-03 4.903692307946318045e-03
2.939999999999991331e+01 6.846830968395283268e-01 6.847863237732731978e-01 2.992554096374984152e-01 2.993005271794474398e-01 4.897797211743029101e-03 4.898535633051523397e-03
2.944999999999991402e+01 6.846806438268606687e-01 6.848927142085199371e-01 2.992535577677517544e-01 2.993462474279325880e-01 4.891762284720104284e-03 4.893277440587383981e-03
2.949999999999991473e+01 6.846761149848886729e-01 6.849203862243237184e-01 2.992500636940189640e-01 2.993568268516050290e-01 4.885715325616646169e-03 4.887458397577234930e-03
2.954999999999991189e+01 6.846725614782641633e-01 6.848877314888831558e-01 2.992472076743737386e-01 2.993412512047789464e-01 4.879693561750907127e-03 4.881227088541045291e-03
2.959999999999991260e+01 6.846719787804981250e-01 6.848562597452613199e-01 2.992468677192596793e-01 2.993274106700372084e-01 4.873727487284370413e-03 4.875039261727001465e-03
2.964999999999991331e+01 6.846729559844327850e-01 6.848514167909760531e-01 2.992487922142499368e-01 2.993267917618425145e-01 4.867812805437178765e-03 4.869081606536692329e-03
2.969999999999991047e+01 6.846728692035125574e-01 6.848503496923261658e-01 2.992512050285227598e-01 2.993287767456674908e-01 4.861920471625075409e-03 4.863180775721659584e-03
2.974999999999991118e+01 6.846716603495889286e-01 6.848343956739733063e-01 2.992527576989858495e-01 2.993238852151622886e-01 4.856028522498766556e-03 4.857182721544226096e-03
2.979999999999991189e+01 6.846716605608293982e-01 6.848175746419538079e-01 2.992532587403244904e-01 2.993170342210225154e-01 4.850133853165723360e-03 4.851167491426631138e-03
2.984999999999991260e+01 6.846737507415214807e-01 6.848166295501415535e-01 2.992527947112266773e-01 2.993152432609750280e-01 4.844237874726464374e-03 4.845248778000415743e-03
2.989999999999991331e+01 6.846757748071617966e-01 6.848228272418110940e-01 2.992512754883339676e-01 2.993155477033759837e-01 4.838339134815434518e-03 4.839378297548531035e-03
2.994999999999991047e+01 6.846758506831990276e-01 6.848222525656715298e-01 2.992493812242311702e-01 2.993133686902652579e-01 4.832448626955701369e-03 4.833481932826256058e-03
2.999999999999991118e+01 6.846757123088923480e-01 6.848232406239205261e-01 2.992490846326554266e-01 2.993135643745769015e-01 4.826598139236387697e-03 4.827638135073831008e-03
3.004999999999991189e+01 6.846787963756828521e-01 6.848375128443311421e-01 2.992520577298068973e-01 2.993214278199718414e-01 4.820814462018646954e-03 4.821931982601248418e-03
3.009999999999990905e+01 6.846853564447964446e-01 6.848449927361617284e-01 2.992574519346417050e-01 2.993272246402218784e-01 4.815083699672443630e-03 4.816206349802454323e-03
3.014999999999990976e+01 6.846913827196750013e-01 6.848099497563753246e-01 2.992620564543024830e-01 2.993138792406353499e-01 4.809354061137856989e-03 4.810186890166910818e-03
3.019999999999991047e+01 6.846929031923753017e-01 6.847371857261145278e-01 2.992630948645289557e-01 2.992824497140292861e-01 4.803580976958741339e-03 4.803891648700319393e-03
3.024999999999991118e+01 6.846899750705004450e-01 6.846827424301894505e-01 2.992605689456722118e-01 2.992574077425974588e-01 4.797764632395556429e-03 4.797713951785139742e-03
3.029999999999991189e+01 6.846856133246388421e-01 6.846903713864481711e-01 2.992567106473127403e-01 2.992587902615158058e-01 4.791940923095490412e-03 4.791974223563113394e-03
3.034999999999990905e+01 6.846820556760897514e-01 6.847368191504488166e-01 2.992536988727433345e-01 2.992776343215099999e-01 4.786144724074274485e-03 4.786527538128918652e-03
3.039999999999990976e+01 6.846795244935212077e-01 6.847647607260307634e-01 2.992523659950629966e-01 2.992896201312457150e-01 4.780389233147982163e-03 4.780984347144511329e-03
3.044999999999991047e+01 6.846779007966570241e-01 6.847591486761234192e-01 2.992525695639254302e-01 2.992880806220064027e-01 4.774672031335078400e-03 4.775238621811041251e-03
3.049999999999990763e+01 6.846775810092288195e-01 6.847604199756576193e-01 2.992537744021969148e-01 2.992899810402686045e-01 4.768984452624662994e-03 4.769561450840944725e-03
3.054999999999990834e+01 6.846782785786279524e-01 6.847998972377939975e-01 2.992550845014805283e-01 2.993082408571944297e-01 4.763312128953142016e-03 4.764158230914365862e-03
3.059999999999990905e+01 6.846786930379150649e-01 6.848540798785092143e-01 2.992555701542518598e-01 2.993322272629267422e-01 4.757640225027861408e-03 4.758858938997256177e-03
3.064999999999990976e+01 6.846784892259581978e-01 6.848816414276437392e-01 2.992552257075016264e-01 2.993440182706170738e-01 4.751968649583204578e-03 4.753378614856970837e-03
3.069999999999991047e+01 6.846794914619208638e-01 6.848831524859467779e-01 2.992552161268504651e-01 2.993442309498757226e-01 4.746315878300572111e-03 4.747727691512709271e-03
3.074999999999990763e+01 6.846833851929289283e-01 6.848938126640586876e-01 2.992565232919599527e-01 2.993484954279533872e-01 4.740697398684524944e-03 4.742154383017093897e-03
3.079999999999990834e+01 6.846887310967317841e-01 6.849234189019478558e-01 2.992585102314375689e-01 2.993610857811270787e-01 4.735103009991110425e-03 4.736726040840627885e-03
3.084999999999990905e+01 6.846920352175912550e-01 6.849355334195584843e-01 2.992595488233000811e-01 2.993659750095443162e-01 4.729506895666546647e-03 4.731188858309679293e-03
3.089999999999990621e+01 6.846920733410839510e-01 6.848957395375638857e-01 2.992591660164918288e-01 2.993481826394051026e-01 4.723901594577624083e-03 4.725306750424715721e-03
3.094999999999990692e+01 6.846915313891153154e-01 6.848169744462854203e-01 2.992588338726904773e-01 2.993136613990803330e-01 4.718310348800806679e-03 4.719174795413181092e-03
3.099999999999990763e+01 6.846933530841838866e-01 6.847407374398223334e-01 2.992601566043039396e-01 2.992808669699370538e-01 4.712758371721332586e-03 4.713084519211617474e-03
3.104999999999990834e+01 6.846966473283794263e-01 6.846908077460652775e-01 2.992627277187377421e-01 2.992601753923331831e-01 4.707239130455970894e-03 4.707198983756725498e-03
3.109999999999990905e+01 6.846977891818079032e-01 6.846671707958142949e-01 2.992644553492062043e-01 2.992510728105842732e-01 4.701719644135221761e-03 4.701509392153730045e-03
3.114999999999990621e+01 6.846951189864149967e-01 6.846733287437257731e-01 2.992638420637490082e-01 2.992543180704184680e-01 4.696176415280497313e-03 4.696026960697044332e-03
3.119999999999990692e+01 6.846908368287614177e-01 6.847177021458177304e-01 2.992613374879588006e-01 2.992730796499417645e-01 4.690616575046387127e-03 4.690800621472451803e-03
3.124999999999990763e+01 6.846879646903507588e-01 6.847832182392767919e-01 2.992584506300091096e-01 2.993000833604478883e-01 4.685063806340661503e-03 4.685715590770231365e-03
3.129999999999990479e+01 6.846870795663458908e-01 6.848257265082815515e-01 2.992563368298628568e-01 2.993169352801543504e-01 4.679536150584260971e-03 4.680483741675606386e-03
3.134999999999990550e+01 6.846870280467816094e-01 6.848233782470969366e-01 2.992555992037952972e-01 2.993151936742985963e-01 4.674042939536055506e-03 4.674973739543916360e-03
3.139999999999990621e+01 6.846875670614037679e-01 6.848103366020867888e-01 2.992567216690170673e-01 2.993103806107491049e-01 4.668591601700745365e-03 4.669428714676284072e-03
3.144999999999990692e+01 6.846895003530533153e-01 6.848354803646152789e-01 2.992596788475490044e-01 2.993234828511969203e-01 4.663181594819629065e-03 4.664175813809077857e-03
3.149999999999990763e+01 6.846924778398291167e-01 6.848940675370573938e-01 2.992631446077151924e-01 2.993512547720087458e-01 4.657792133972230887e-03 4.659163498397033733e-03
3.154999999999990479e+01 6.846944835437531740e-01 6.849285534746700765e-01 2.992649766347625917e-01 2.993672834797720395e-01 4.652389842747971065e-03 4.653980310606649178e-03
3.159999999999990550e+01 6.846941881858541468e-01 6.849025449916130714e-01 2.992640501883632176e-01 2.993551181463678379e-01 4.646957301061550860e-03 4.648371399788330145e-03
3.164999999999990621e+01 6.846926324476918513e-01 6.848474468773418922e-01 2.992613461769864092e-01 2.993290115386817440e-01 4.641509828258815092e-03 4.642559310409964321e-03
3.169999999999990337e+01 6.846917016304546744e-01 6.848183161317411560e-01 2.992589643373144703e-01 2.993143038783587784e-01 4.636080005225640989e-03 4.636937318022609812e-03
3.174999999999990408e+01 6.846918781834361312e-01 6.848222164837418635e-01 2.992583347838572161e-01 2.993153017553532580e-01 4.630689899943642510e-03 4.631571400469693123e-03
3.179999999999990479e+01 6.846926641510572287e-01 6.848167774069204849e-01 2.992596567010534780e-01 2.993139030692217872e-01 4.625342452875643405e-03 4.626180882059079125e-03
3.184999999999990550e+01 6.846944981668064978e-01 6.847735978372585519e-01 2.992625180572633381e-01 2.992970905076340893e-01 4.620031154878641300e-03 4.620564886262210937e-03
3.189999999999990621e+01 6.846984206727726452e-01 6.847145597710856402e-01 2.992661876003117616e-01 2.992732416350190050e-01 4.614744604476675796e-03 4.614853379105931901e-03
3.194999999999990337e+01 6.847035827047923684e-01 6.846787031460478401e-01 2.992692888778294424e-01 2.992584145549236352e-01 4.609461515253448008e-03 4.609294024719665442e-03
3.199999999999990408e+01 6.847068637816000614e-01 6.846780364449146505e-01 2.992702157221591719e-01 2.992576159313218298e-01 4.604157164956304907e-03 4.603963322020346131e-03
3.204999999999990479e+01 6.847062476002495623e-01 6.847026001657540162e-01 2.992686539213711416e-01 2.992670597153659351e-01 4.598826798638060501e-03 4.598802300658726139e-03
3.209999999999990195e+01 6.847036446088317074e-01 6.847498233472093521e-01 2.992663549774368104e-01 2.992865385164329428e-01 4.593497390290674984e-03 4.593807191349710481e-03
3.214999999999990621e+01 6.847028057602939644e-01 6.848212355302393251e-01 2.992656214018425409e-01 2.993173839452365481e-01 4.588204237667201264e-03 4.588997837412606313e-03
3.219999999999990337e+01 6.847046489109948064e-01 6.848953720508642595e-01 2.992669248822537043e-01 2.993502850984628427e-01 4.582954439238198958e-03 4.584231012227618467e-03
3.224999999999990052e+01 6.847062186390312499e-01 6.849336468476203699e-01 2.992685572915331216e-01 2.993679606707037033e-01 4.577721717652524086e-03 4.579242228232571592e-03
3.229999999999990479e+01 6.847046651077161039e-01 6.849238251442647529e-01 2.992687619274694288e-01 2.993645517710972204e-01 4.572479173834530924e-03 4.573942731414787355e-03
3.234999999999990195e+01 6.847008439128983159e-01 6.848970982615532055e-01 2.992676533513667358e-01 2.993534318032323727e-01 4.567228589872070893e-03 4.568537684902449977e-03
3.239999999999990621e+01 6.846979643032614637e-01 6.848864196430353157e-01 2.992666895734764632e-01 2.993490593315404347e-01 4.561992219107882836e-03 4.563247855663736356e-03
3.244999999999990337e+01 6.846976441034128280e-01 6.848832728034758288e-01 2.992667368347909918e-01 2.993478711804531400e-01 4.556783202661464013e-03 4.558018594296974098e-03
3.249999999999990052e+01 6.846987450179709001e-01 6.848569816393288434e-01 2.992673253657219812e-01 2.993364872428150303e-01 4.551594302140268486e-03 4.552646193807082832e-03
3.254999999999989768e+01 6.846997591244637915e-01 6.848077482333320143e-01 2.992676554572191172e-01 2.993148551925706169e-01 4.546413299767866796e-03 4.547130348538873032e-03
3.259999999999990195e+01 6.847007114162800834e-01 6.847716808339321393e-01 2.992676269913928655e-01 2.992986461635005480e-01 4.541238649338293597e-03 4.541709349977256921e-03
3.264999999999990621e+01 6.847022708265235735e-01 6.847681238649603319e-01 2.992676901690329849e-01 2.992964730247985594e-01 4.536077152997857777e-03 4.536513422126551426e-03
3.269999999999990337e+01 6.847043823472116486e-01 6.847691568564618914e-01 2.992682731608782287e-01 2.992965845840674932e-01 4.530935248461451757e-03 4.531363884694446231e-03
3.274999999999990052e+01 6.847068066345329829e-01 6.847412350548438553e-01 2.992697409702335110e-01 2.992847888481406926e-01 4.525818388963843801e-03 4.526045956115559363e-03
3.279999999999989768e+01 6.847100480343334405e-01 6.847001715682746736e-01 2.992724027280901922e-01 2.992680859318983533e-01 4.520731159034605852e-03 4.520665950632916236e-03
3.284999999999990195e+01 6.847142884133514684e-01 6.846970200580290156e-01 2.992758450424435335e-01 2.992682973663995938e-01 4.515667220557437883e-03 4.515553336347043374e-03
3.289999999999989910e+01 6.847177084467498398e-01 6.847510229242083080e-01 2.992784140967907902e-01 2.992929752858140002e-01 4.510601568904166331e-03 4.510821029175804929e-03
3.294999999999990337e+01 6.847175813763032304e-01 6.848223059067998220e-01 2.992782322755600521e-01 2.993240055596342319e-01 4.505505943177428446e-03 4.506195040416031798e-03
3.299999999999990052e+01 6.847136257737918008e-01 6.848599396194051669e-01 2.992751715176000804e-01 2.993391224886237101e-01 4.500378519061665368e-03 4.501340187798862774e-03
3.304999999999989768e+01 6.847090511112933209e-01 6.848567351880289200e-01 2.992714111898004958e-01 2.993359606827321606e-01 4.495252139538883848e-03 4.496221715099254015e-03
3.309999999999990195e+01 6.847072354231137359e-01 6.848414331333072536e-01 2.992695552760070710e-01 2.993282099636910276e-01 4.490165870607768124e-03 4.491045910933109259e-03
3.314999999999989910e+01 6.847080877720969072e-01 6.848329426750113802e-01 2.992703322244930630e-01 2.993249034628679972e-01 4.485130494184993641e-03 4.485948347139282616e-03
3.319999999999990337e+01 6.847088593271580814e-01 6.848263906243061694e-01 2.992724249305667161e-01 2.993237954887588703e-01 4.480126121715079929e-03 4.480895142047297899e-03
3.324999999999990052e+01 6.847080806015301002e-01 6.848190447664682656e-01 2.992742288740313228e-01 2.993227294187675858e-01 4.475128656060291255e-03 4.475853897850740060e-03
3.329999999999989768e+01 6.847071378456973667e-01 6.848223911645177076e-01 2.992751265073633204e-01 2.993255019885929791e-01 4.470128849997969007e-03 4.470881284370331436e-03
3.334999999999989484e+01 6.847076881702699458e-01 6.848396064798368821e-01 2.992751254434501407e-01 2.993327848933526880e-01 4.465126824967562830e-03 4.465987092776626914e-03
3.339999999999989910e+01 6.847091290233605632e-01 6.848527347030545220e-01 2.992741892930632641e-01 2.993369567830039824e-01 4.460122046096332872e-03 4.461057478137178331e-03
3.344999999999990337e+01 6.847098457180685882e-01 6.848490670078823950e-01 2.992726207774500935e-01 2.993334715458904061e-01 4.455119029065139624e-03 4.456024883452043561e-03
3.349999999999990052e+01 6.847100495876339288e-01 6.848457744116701607e-01 2.992716484681265943e-01 2.993309707927395147e-01 4.450136036700776468e-03 4.451018153051897706e-03
3.354999999999989768e+01 6.847117090186164434e-01 6.848649767407156697e-01 2.992727001577304424e-01 2.993396901689067136e-01 4.445194209546692900e-03 4.446189233849348436e-03
3.359999999999989484e+01 6.847156086195189673e-01 6.848899015030955884e-01 2.992758186689115085e-01 2.993519986840359470e-01 4.440294045532822316e-03 4.441424312819535272e-03
3.364999999999989910e+01 6.847198928534954376e-01 6.848733844738142951e-01 2.992792952407175022e-01 2.993463837895297130e-01 4.435410081374111316e-03 4.436404354050097962e-03
3.369999999999989626e+01 6.847221271452269553e-01 6.847995101855616218e-01 2.992811784836455491e-01 2.993150013828741463e-01 4.430513375035473669e-03 4.431014084128420856e-03
3.374999999999990052e+01 6.847217969738560450e-01 6.847152727170463526e-01 2.992808912257489684e-01 2.992780395779685021e-01 4.425595434022175020e-03 4.425553265478286528e-03
3.379999999999989768e+01 6.847199739016591735e-01 6.846824350863149888e-01 2.992792011734373148e-01 2.992627936096193819e-01 4.420667668736159850e-03 4.420425311811226540e-03
3.384999999999989484e+01 6.847173940652498958e-01 6.847092283104108112e-01 2.992770734489915707e-01 2.992735043513873316e-01 4.415744351884800037e-03 4.415691690909451413e-03
3.389999999999989910e+01 6.847141767441432547e-01 6.847503467155166001e-01 2.992750857187302937e-01 2.992908949010881781e-01 4.410833982589991431e-03 4.411066984540734474e-03
3.394999999999989626e+01 6.847111026691806712e-01 6.847693765952679312e-01 2.992737100008788786e-01 2.992991803839184506e-01 4.405943467072205404e-03 4.406318445107385191e-03
3.399999999999990052e+01 6.847095781428743644e-01 6.847761131649436894e-01 2.992733462505923203e-01 2.993024274250539740e-01 4.401078621332248780e-03 4.401506285662567727e-03
3.404999999999989768e+01 6.847097965902987360e-01 6.847962266229049577e-01 2.992738009920870024e-01 2.993115779371617879e-01 4.396236518429492458e-03 4.396791449682886134e-03
3.409999999999989484e+01 6.847101623575022611e-01 6.848285626421799499e-01 2.992742675167801014e-01 2.993260181120227514e-01 4.391405246027598602e-03 4.392164609127269942e-03
3.414999999999989200e+01 6.847095417256129357e-01 6.848524852037399802e-01 2.992743140644338329e-01 2.993367921062304315e-01 4.386578439933082503e-03 4.387494204561834081e-03
3.419999999999989626e+01 6.847092612257886790e-01 6.848641795208999516e-01 2.992745713140436692e-01 2.993422834204567673e-01 4.381765319385715063e-03 4.382756711866141359e-03
3.424999999999990052e+01 6.847114901036789325e-01 6.848798362168641018e-01 2.992758496452889716e-01 2.993494308934294690e-01 4.376977691338787210e-03 4.378053833907569539e-03
3.429999999999989768e+01 6.847158497987535508e-01 6.849027470385220528e-01 2.992776951157036791e-01 2.993593847321450729e-01 4.372208840258646340e-03 4.373402260513451281e-03
3.434999999999989484e+01 6.847191799308549598e-01 6.849107367015946357e-01 2.992785364241479229e-01 2.993622624707804603e-01 4.367435774157587235e-03 4.368657606286481705e-03
3.439999999999989200e+01 6.847192565638576811e-01 6.848863476778653814e-01 2.992775690278440814e-01 2.993506013282022371e-01 4.362646778831556944e-03 4.363711389623949576e-03
3.444999999999989626e+01 6.847175881950107179e-01 6.848422864385808051e-01 2.992759963642668275e-01 2.993304994057144341e-01 4.357859430131306826e-03 4.358653067429415877e-03
3.449999999999989342e+01 6.847174468133948588e-01 6.848021764795153565e-01 2.992758618544941740e-01 2.993128954425396948e-01 4.353103445156289095e-03 4.353642115527860297e-03
3.454999999999989768e+01 6.847197759558860675e-01 6.847687719295311171e-01 2.992778179586724763e-01 2.992992331544885865e-01 4.348388201361033656e-03 4.348699355677286375e-03
3.459999999999989484e+01 6.847223155554361673e-01 6.847316494719402069e-01 2.992804768185385322e-01 2.992845565146700082e-01 4.343693422620308574e-03 4.343752634465467347e-03
3.464999999999989200e+01 6.847226411598930085e-01 6.847007041675680084e-01 2.992819083005857639e-01 2.992723199730926709e-01 4.338991059087879062e-03 4.338852047453329273e-03
3.469999999999989626e+01 6.847207420336158812e-01 6.847055091988171194e-01 2.992812896986374316e-01 2.992746316522770789e-01 4.334269220834729812e-03 4.334172797281357972e-03
3.474999999999989342e+01 6.847182127918240990e-01 6.847527099732306777e-01 2.992791109939443306e-01 2.992941891466650572e-01 4.329535059586908131e-03 4.329753188378527608e-03
3.479999999999989768e+01 6.847161568930625331e-01 6.848054441522875013e-01 2.992764500436171371e-01 2.993154758117488878e-01 4.324804191381760067e-03 4.325368147568634837e-03
3.484999999999989484e+01 6.847149043594430440e-01 6.848240739099137331e-01 2.992745219447632277e-01 2.993222376653061900e-01 4.320094145720158180e-03 4.320782932736295760e-03
3.489999999999989200e+01 6.847149581765547000e-01 6.848163483407133656e-01 2.992744283193282673e-01 2.993187438159498059e-01 4.315420740004743613e-03 4.316059752212696339e-03
3.494999999999988916e+01 6.847166755027758178e-01 6.848244902336373396e-01 2.992764519475210605e-01 2.993235756868344311e-01 4.310787928664338957e-03 4.311466700566584688e-03
3.499999999999989342e+01 6.847189611462171088e-01 6.848646919101345487e-01 2.992793945972723746e-01 2.993430911169749908e-01 4.306178339529108737e-03 4.307094836215477097e-03
3.504999999999989768e+01 6.847196604652312502e-01 6.849030325574473332e-01 2.992812034539338306e-01 2.993613527816177955e-01 4.301562392438871424e-03 4.302714377026495979e-03
3.509999999999989484e+01 6.847179599125432503e-01 6.849008121442309305e-01 2.992807158196614248e-01 2.993606379919901972e-01 4.296923414496225772e-03 4.298070897228871250e-03
3.514999999999989200e+01 6.847155344469172400e-01 6.848644842746071104e-01 2.992786416640662583e-01 2.993437453456164743e-01 4.292271662446281270e-03 4.293205383228643722e-03
3.519999999999988916e+01 6.847145043691722499e-01 6.848326243505354904e-01 2.992766401077772143e-01 2.993282682694802244e-01 4.287630947102835134e-03 4.288370605579955655e-03
3.524999999999989342e+01 6.847149085842773042e-01 6.848239314602890815e-01 2.992757142769065792e-01 2.993233660786738248e-01 4.283015588936060769e-03 4.283697546743105156e-03
3.529999999999989058e+01 6.847153067734226273e-01 6.848199897892899290e-01 2.992758576446221674e-01 2.993216125723192622e-01 4.278425413075380955e-03 4.279079522120371112e-03
3.534999999999989484e+01 6.847155098554380537e-01 6.847986392823668389e-01 2.992769187896318073e-01 2.993132531772627614e-01 4.273858176217529455e-03 4.274377053584626530e-03
3.539999999999989200e+01 6.847171734253290065e-01 6.847627938159464023e-01 2.992789944741940378e-01 2.992989344219000314e-01 4.269315185081236884e-03 4.269599635119839323e-03
3.544999999999988916e+01 6.847211544658554638e-01 6.847283644552445425e-01 2.992817391129187765e-01 2.992848904952724043e-01 4.264791437305585388e-03 4.264836344784796347e-03
3.549999999999989342e+01 6.847255431966643435e-01 6.847026491584647934e-01 2.992839461747447416e-01 2.992739395112511414e-01 4.260269696437657232e-03 4.260127252829207060e-03
3.554999999999989058e+01 6.847275345291747861e-01 6.846906806003348889e-01 2.992845058292059601e-01 2.992683975097292226e-01 4.255734174606565050e-03 4.255505119228296211e-03
3.559999999999989484e+01 6.847267349138626003e-01 6.847096819136131440e-01 2.992836493899354577e-01 2.992761957826970409e-01 4.251188201561593299e-03 4.251082326458774721e-03
3.564999999999989200e+01 6.847253493132288149e-01 6.847725361485111906e-01 2.992826962147265846e-01 2.993033208393345301e-01 4.246650531603082986e-03 4.246943183247041224e-03
3.569999999999988916e+01 6.847251019667509597e-01 6.848565197448114317e-01 2.992825011095385790e-01 2.993399417396472861e-01 4.242133254564695206e-03 4.242947437840509893e-03
3.574999999999988631e+01 6.847252582627352258e-01 6.849114932265664146e-01 2.992826407660209576e-01 2.993640411395368517e-01 4.237630311731280588e-03 4.238782883391682688e-03
3.579999999999989058e+01 6.847242244268966216e-01 6.849111192689757432e-01 2.992823167049187827e-01 2.993640055357242868e-01 4.233130363577361673e-03 4.234285792584511869e-03
3.584999999999989484e+01 6.847220283103675476e-01 6.848817885691401708e-01 2.992815876794623353e-01 2.993514164594879290e-01 4.228634230723603629e-03 4.229620861313863021e-03
3.589999999999989200e+01 6.847201545648161636e-01 6.848663963029721913e-01 2.992812395242880896e-01 2.993451596650547053e-01 4.224152992579940230e-03 4.225055182287302570e-03
3.594999999999988916e+01 6.847194445818974851e-01 6.848704130855721717e-01 2.992816634705286472e-01 2.993476497737787012e-01 4.219692118019447227e-03 4.220622485354661238e-03
3.599999999999988631e+01 6.847193811315691603e-01 6.848633148967226969e-01 2.992823922621140609e-01 2.993453039347634403e-01 4.215244961438236251e-03 4.216131041334706189e-03
3.604999999999989058e+01 6.847194345036639040e-01 6.848294480130264761e-01 2.992827691388582068e-01 2.993308547430715283e-01 4.210802239027209085e-03 4.211478786395670207e-03
3.609999999999988773e+01 6.847199147585324441e-01 6.847929258930376406e-01 2.992826193364243048e-01 2.993145316017234991e-01 4.206361480483837220e-03 4.206810001429714917e-03
3.614999999999989200e+01 6.847210274109826189e-01 6.847823668829229327e-01 2.992821355141296324e-01 2.993089461529426787e-01 4.201925384543774011e-03 4.202301806289131247e-03
3.619999999999988916e+01 6.847221374468066557e-01 6.847903428204102916e-01 2.992816031182958803e-01 2.993114146468518477e-01 4.197497939948058310e-03 4.197916053953050682e-03
3.624999999999988631e+01 6.847228970956962257e-01 6.847870585013809963e-01 2.992815894227979223e-01 2.993096333622577987e-01 4.193087067219595197e-03 4.193479977054410425e-03
3.629999999999989058e+01 6.847244053136913866e-01 6.847654291887391720e-01 2.992829715371122523e-01 2.993009024698101150e-01 4.188704990022574896e-03 4.188955947793013626e-03
3.634999999999988773e+01 6.847278900500004539e-01 6.847502686330825261e-01 2.992860333957088059e-01 2.992958147956794601e-01 4.184355587496812329e-03 4.184492342477178287e-03
3.639999999999989200e+01 6.847322649499489877e-01 6.847610673853968821e-01 2.992894852063070488e-01 2.993020744569078184e-01 4.180020743104856731e-03 4.180196570627213622e-03
3.644999999999988916e+01 6.847343613684795383e-01 6.847858308012819695e-01 2.992910487748168258e-01 2.993135455872923956e-01 4.175668626087443609e-03 4.175982498601926197e-03
3.649999999999988631e+01 6.847323398362187286e-01 6.848015547890499155e-01 2.992895276022684570e-01 2.993197807527780974e-01 4.171282614665772388e-03 4.171704261362770873e-03
3.654999999999988347e+01 6.847280314716891469e-01 6.848051550601312876e-01 2.992861060823318597e-01 2.993198158435962375e-01 4.166879305009851646e-03 4.167348636875697551e-03
3.659999999999988773e+01 6.847249676509098437e-01 6.848085625446143077e-01 2.992832775280318547e-01 2.993198156345044936e-01 4.162493428762622377e-03 4.163001608268500180e-03
3.664999999999989200e+01 6.847245397936843059e-01 6.848128569684541755e-01 2.992825739952567066e-01 2.993211760751545158e-01 4.158146217370717497e-03 4.158682543593680836e-03
3.669999999999988916e+01 6.847251578192643517e-01 6.848078943097761773e-01 2.992836229056061725e-01 2.993197858482761209e-01 4.153832378981358112e-03 4.154334293522231672e-03
3.674999999999988631e+01 6.847250063932154296e-01 6.847969835753734413e-01 2.992851589208997964e-01 2.993166192914130663e-01 4.149534265801046833e-03 4.149970458113189098e-03
3.679999999999988347e+01 6.847242937337154611e-01 6.848008157334122270e-01 2.992863291606508991e-01 2.993197761824651915e-01 4.145240016075507801e-03 4.145703271225290205e-03
3.684999999999988773e+01 6.847242465648514242e-01 6.848274761894677098e-01 2.992868519081204326e-01 2.993319726549467097e-01 4.140945719932495606e-03 4.141570012520891242e-03
3.689999999999988489e+01 6.847250119017729286e-01 6.848549010025403172e-01 2.992865877986455869e-01 2.993433610508055009e-01 4.136649451259796946e-03 4.137434154123099429e-03
3.694999999999988916e+01 6.847257367801766748e-01 6.848592584999705357e-01 2.992856404063972686e-01 2.993440011941844725e-01 4.132352646274047893e-03 4.133158456253850296e-03
3.699999999999988631e+01 6.847262916826141188e-01 6.848506540882211002e-01 2.992847510958195345e-01 2.993391082485385990e-01 4.128065532356141147e-03 4.128815286186748867e-03
3.704999999999988347e+01 6.847276149171653836e-01 6.848594391998750197e-01 2.992849322080529673e-01 2.993425507714855272e-01 4.123802028357612462e-03 4.124595945869600523e-03
3.709999999999988773e+01 6.847301341726051982e-01 6.848872798686796992e-01 2.992864523346527861e-01 2.993551386324080354e-01 4.119565758219593393e-03 4.120511199344923693e-03
3.714999999999988489e+01 6.847328884049656006e-01 6.848944826064728986e-01 2.992884991791746607e-01 2.993591300585498605e-01 4.115345468259544275e-03 4.116316673201107779e-03
3.719999999999988916e+01 6.847347650622673809e-01 6.848481114915687673e-01 2.992900566455827249e-01 2.993395991268135159e-01 4.111127151725046600e-03 4.111807680313381459e-03
3.724999999999988631e+01 6.847357941497782541e-01 6.847682871308948815e-01 2.992908190422464143e-01 2.993050213827909145e-01 4.106906607783836725e-03 4.107101494103486579e-03
3.729999999999988347e+01 6.847364132235903567e-01 6.847094593140575780e-01 2.992909986101557340e-01 2.992792173431678693e-01 4.102686752709478434e-03 4.102525254875512284e-03
3.734999999999988773e+01 6.847360713757684181e-01 6.847017131532454615e-01 2.992905750332883752e-01 2.992755574336527502e-01 4.098467306173078813e-03 4.098261656058246535e-03
3.739999999999988489e+01 6.847337927434562488e-01 6.847277319314605259e-01 2.992893076039040423e-01 2.992866584923150608e-01 4.094244974061624250e-03 4.094208734505003916e-03
3.744999999999988205e+01 6.847301217894513625e-01 6.847563083878671630e-01 2.992874542098354906e-01 2.992989000629167062e-01 4.090023289509206461e-03 4.090179707043626982e-03
3.749999999999988631e+01 6.847272719574373223e-01 6.847779658184677265e-01 2.992859127826884569e-01 2.993080704490942434e-01 4.085814508978691771e-03 4.086117002718019607e-03
3.754999999999988347e+01 6.847267108714880646e-01 6.847989050562038882e-01 2.992853374195033611e-01 2.993168925795246516e-01 4.081627513392486507e-03 4.082057859932156779e-03
3.759999999999988063e+01 6.847274530023764738e-01 6.848177758971877305e-01 2.992854835291161031e-01 2.993249624942558862e-01 4.077458903666441974e-03 4.077996764226929534e-03
3.764999999999988489e+01 6.847276570519920114e-01 6.848277923826268099e-01 2.992857932633797846e-01 2.993295611491283426e-01 4.073301031145021983e-03 4.073896715197400896e-03
3.769999999999988205e+01 6.847273561416327148e-01 6.848351367156966241e-01 2.992863482161951527e-01 2.993334578491474440e-01 4.069154972348006105e-03 4.069795484012891582e-03
3.774999999999988631e+01 6.847283537556314581e-01 6.848543961950611658e-01 2.992876617615847223e-01 2.993427536046093795e-01 4.065027663994368740e-03 4.065775940300307006e-03
3.779999999999988347e+01 6.847313592301400575e-01 6.848822891851630290e-01 2.992895221438772735e-01 2.993554921823560200e-01 4.060916175629281435e-03 4.061811291483809552e-03
3.784999999999988063e+01 6.847344989417893935e-01 6.848937377524391135e-01 2.992906718381963538e-01 2.993602735461513564e-01 4.056803413598062368e-03 4.057746845762820118e-03
3.789999999999988489e+01 6.847354398812167675e-01 6.848737272135213550e-01 2.992900814381058705e-01 2.993505252599627520e-01 4.052675442628390044e-03 4.053493910087521863e-03
3.794999999999988205e+01 6.847342385718431235e-01 6.848398024128814487e-01 2.992882932088516412e-01 2.993344337697133595e-01 4.048539644353768563e-03 4.049163798034684930e-03
3.799999999999988631e+01 6.847331263757615583e-01 6.848185997712581408e-01 2.992870567557800454e-01 2.993244159545448424e-01 4.044419685888928605e-03 4.044924539926291265e-03
3.804999999999988347e+01 6.847337722702712126e-01 6.848087227948321809e-01 2.992876426198788353e-01 2.993204024554783071e-01 4.040332671209984072e-03 4.040774923462424166e-03
3.809999999999988063e+01 6.847357513418860231e-01 6.847861787292021107e-01 2.992897841259989367e-01 2.993118253321639388e-01 4.036274903924472884e-03 4.036572155524809601e-03
3.814999999999988489e+01 6.847377010114178431e-01 6.847461604761188037e-01 2.992921870534911433e-01 2.992958846032067743e-01 4.032228858922085914e-03 4.032278674344324555e-03
3.819999999999988205e+01 6.847388826198099743e-01 6.847185999591357541e-01 2.992936245866670841e-01 2.992847592057408246e-01 4.028177989053402519e-03 4.028058670332995000e-03
3.824999999999987921e+01 6.847391251674577184e-01 6.847312140307332262e-01 2.992934818204440184e-01 2.992900239317848321e-01 4.024114041283290664e-03 4.024067548662663141e-03
3.829999999999988347e+01 6.847382139847367766e-01 6.847718372976422385e-01 2.992918386857228441e-01 2.993065350805445002e-01 4.020038128753842741e-03 4.020235528281333216e-03
3.834999999999988063e+01 6.847364023206938821e-01 6.848044256275972463e-01 2.992895883714185024e-01 2.993193204952748765e-01 4.015962272679224343e-03 4.016361227712520257e-03
3.839999999999987779e+01 6.847351005094057808e-01 6.848157320238530410e-01 2.992882441450688269e-01 2.993234870650881563e-01 4.011906757976803697e-03 4.012379183178134932e-03
3.844999999999988205e+01 6.847357891292719101e-01 6.848264072047136608e-01 2.992889117785619835e-01 2.993285197348233284e-01 4.007886331149148468e-03 4.008416735652145860e-03
3.849999999999987921e+01 6.847379873382490878e-01 6.848539924383856281e-01 2.992911351774192319e-01 2.993418396786273750e-01 4.003894784982206870e-03 4.004573106068603540e-03
3.854999999999988347e+01 6.847392966081973231e-01 6.848844285378601349e-01 2.992931179525381014e-01 2.993565537564395473e-01 3.999908024758287370e-03 4.000755813651056189e-03
3.859999999999988063e+01 6.847380968843301829e-01 6.848918676100371750e-01 2.992933916260903660e-01 2.993606035458580283e-01 3.995906430254887731e-03 3.996803785658995488e-03
3.864999999999987779e+01 6.847355302109423558e-01 6.848741033240113296e-01 2.992921400513528507e-01 2.993527091933561035e-01 3.991892498184108906e-03 3.992700356030100435e-03
3.869999999999988205e+01 6.847340323034832865e-01 6.848518958664637779e-01 2.992906881699474164e-01 2.993422052046067483e-01 3.987883919652873178e-03 3.988570355824216755e-03
3.874999999999987921e+01 6.847343589322135715e-01 6.848382942871227286e-01 2.992899628409046997e-01 2.993353918574318540e-01 3.983893016185097169e-03 3.984497728551515162e-03
3.879999999999988347e+01 6.847351384421903608e-01 6.848260616311366844e-01 2.992898834947996800e-01 2.993296249789136887e-01 3.979918663494686100e-03 3.980447140677053144e-03
3.884999999999988063e+01 6.847353182716474640e-01 6.848069109269210308e-01 2.992901449740899000e-01 2.993214373225406844e-01 3.975956758207779655e-03 3.976372465261260661e-03
3.889999999999987779e+01 6.847358078188080510e-01 6.847859298852436716e-01 2.992909272124539832e-01 2.993128350483901245e-01 3.972009651127467351e-03 3.972300398784218110e-03
3.894999999999988205e+01 6.847380085331340460e-01 6.847684675521261699e-01 2.992924958463002438e-01 2.993058091949117872e-01 3.968080819970844393e-03 3.968257331056180941e-03
3.899999999999987921e+01 6.847415454771764720e-01 6.847474325645336313e-01 2.992944669012286285e-01 2.992970400949888088e-01 3.964165124519593818e-03 3.964199206556153106e-03
3.904999999999987637e+01 6.847445352594641044e-01 6.847197283048639393e-01 2.992960129966462102e-01 2.992851700877595666e-01 3.960251577858378037e-03 3.960108105693155994e-03
3.909999999999988063e+01 6.847458559493787567e-01 6.847071233750555708e-01 2.992967456756682187e-01 2.992798159880390996e-01 3.956335038673746557e-03 3.956111249015728179e-03
3.914999999999987779e+01 6.847460963503763098e-01 6.847393528360112835e-01 2.992969581279036895e-01 2.992940105925364636e-01 3.952419387625016704e-03 3.952380463420761096e-03
3.919999999999987494e+01 6.847461142905511000e-01 6.848120741117987853e-01 2.992969347521866608e-01 2.993257652514099698e-01 3.948508374039411302e-03 3.948888723633386943e-03
3.924999999999987921e+01 6.847457010734535610e-01 6.848791458422732736e-01 2.992964802192878970e-01 2.993548077846144295e-01 3.944599409809405183e-03 3.945368142136608351e-03
3.929999999999987637e+01 6.847443200596466939e-01 6.848988292322328864e-01 2.992954191287834353e-01 2.993629536613289233e-01 3.940690179444162819e-03 3.941579376712700707e-03
3.934999999999988063e+01 6.847424433853170900e-01 6.848776965705453135e-01 2.992942434762544401e-01 2.993533613243470892e-01 3.936787155228610967e-03 3.937564765857912846e-03
3.939999999999987779e+01 6.847411845338969849e-01 6.848555388338296579e-01 2.992938002257852226e-01 2.993437833928154213e-01 3.932901448433455231e-03 3.933558257461447320e-03
3.944999999999987494e+01 6.847408278850479757e-01 6.848536793590778160e-01 2.992943695368543988e-01 2.993436959526245555e-01 3.929036685748015997e-03 3.929684226486712326e-03
3.949999999999987921e+01 6.847406700539679925e-01 6.848561198955175344e-01 2.992953968033383871e-01 2.993458591281988879e-01 3.925185531847070163e-03 3.925847332828847486e-03
3.954999999999987637e+01 6.847404015531647348e-01 6.848423487639317964e-01 2.992961769464181909e-01 2.993407374986563063e-01 3.921338708764086391e-03 3.921922535193671927e-03
3.959999999999988063e+01 6.847406719498998484e-01 6.848190130325353397e-01 2.992964385932581628e-01 2.993306810561187081e-01 3.917492651744226145e-03 3.917940851519887552e-03
3.964999999999987779e+01 6.847418210356904789e-01 6.848071144200339466e-01 2.992961841534611533e-01 2.993247234659204281e-01 3.913647390041998832e-03 3.914020574905800742e-03
3.969999999999987494e+01 6.847429171346404164e-01 6.848104431002370873e-01 2.992954231552172883e-01 2.993249381920894958e-01 3.909803045789915152e-03 3.910188611261792256e-03
3.974999999999987921e+01 6.847430204295255063e-01 6.848138860963083330e-01 2.992945154099626581e-01 2.993254901037765148e-01 3.905964312038673596e-03 3.906368549478332966e-03
3.979999999999987637e+01 6.847429797693926901e-01 6.848091521799170023e-01 2.992944779641859565e-01 2.993234012794278032e-01 3.902144432388352738e-03 3.902521529066864479e-03
3.984999999999987352e+01 6.847447352944816545e-01 6.848044174915103310e-01 2.992962539942874978e-01 2.993223405884299915e-01 3.898355636526059775e-03 3.898695416326027237e-03
3.989999999999987779e+01 6.847485596532482122e-01 6.848051956140785990e-01 2.992994175069196849e-01 2.993241727398405772e-01 3.894592290265717384e-03 3.894914414311532319e-03
3.994999999999987494e+01 6.847520034882830231e-01 6.848019494749788549e-01 2.993020422560725979e-01 2.993238734237718690e-01 3.890829278596988523e-03 3.891113076682126658e-03
3.999999999999987210e+01 6.847523582779579954e-01 6.847871805568683801e-01 2.993023123373044214e-01 2.993175330057296080e-01 3.887043017367599728e-03 3.887240688386108672e-03
4.004999999999987637e+01 6.847496540235847862e-01 6.847731499377072151e-01 2.993002238309672158e-01 2.993104937629265105e-01 3.883233523593485666e-03 3.883366769548196075e-03
4.009999999999987352e+01 6.847464116807330248e-01 6.847774483165341985e-01 2.992974701362909329e-01 2.993110360147217541e-01 3.879422814469108034e-03 3.879598652167498551e-03
4.014999999999987779e+01 6.847447022308925657e-01 6.847954705700594058e-01 2.992957702075795812e-01 2.993179605934614962e-01 3.875633152574687983e-03 3.875920499753475728e-03
4.019999999999987494e+01 6.847443755516534614e-01 6.848043771265592827e-01 2.992955860368695653e-01 2.993218121836854761e-01 3.871870453258347868e-03 3.872209730707453900e-03
4.024999999999987210e+01 6.847442223306162701e-01 6.847965991719799916e-01 2.992963332131943766e-01 2.993192267200750489e-01 3.868127085146302185e-03 3.868422962456553524e-03
4.029999999999987637e+01 6.847437968176316447e-01 6.847929936716484756e-01 2.992972701109353206e-01 2.993187737509445112e-01 3.864393416538876996e-03 3.864671061987672018e-03
4.034999999999987352e+01 6.847434488634920324e-01 6.848131582729750644e-01 2.992978972839378526e-01 2.993283669141530989e-01 3.860662976896982960e-03 3.861056006632103584e-03
4.039999999999987779e+01 6.847433005362717484e-01 6.848454025596815153e-01 2.992979121297681955e-01 2.993425404195328987e-01 3.856931857342382492e-03 3.857506964169247175e-03
4.044999999999987494e+01 6.847432229804849557e-01 6.848619841604147718e-01 2.992973594566659123e-01 2.993492692914273556e-01 3.853200636712798572e-03 3.853868931978475607e-03
4.049999999999987210e+01 6.847436321019965133e-01 6.848585246214630162e-01 2.992968288327388926e-01 2.993470475790269703e-01 3.849476898170284787e-03 3.850122798444086548e-03
4.054999999999987637e+01 6.847452601656691673e-01 6.848590262811767859e-01 2.992970416462595873e-01 2.993467679660923864e-01 3.845769889447610366e-03 3.846408839911250738e-03
4.059999999999987352e+01 6.847478574694971787e-01 6.848777967267405398e-01 2.992980471162663969e-01 2.993548425709909866e-01 3.842080194047075171e-03 3.842809275622487055e-03
4.064999999999987068e+01 6.847499803863661416e-01 6.848935321415248190e-01 2.992991147770531768e-01 2.993618601797174428e-01 3.838398394062890635e-03 3.839203080214404363e-03
4.069999999999987494e+01 6.847506611920476383e-01 6.848743085030666311e-01 2.992996313280025245e-01 2.993536766859701270e-01 3.834716608943026812e-03 3.835409054272528439e-03
4.074999999999987210e+01 6.847506844107553725e-01 6.848194613847621293e-01 2.992998401628943483e-01 2.993299021077682198e-01 3.831037954085057297e-03 3.831422746979442837e-03
4.079999999999986926e+01 6.847513848274789927e-01 6.847618494057629013e-01 2.993003564489415957e-01 2.993049304477386485e-01 3.827370287070874094e-03 3.827428778104084543e-03
4.084999999999987352e+01 6.847525008530473967e-01 6.847312607654254535e-01 2.993011154198801371e-01 2.992918315079426961e-01 3.823712748896593554e-03 3.823594142547983871e-03
4.089999999999987068e+01 6.847522618850250264e-01 6.847300178682842464e-01 2.993012711912989010e-01 2.992915484596520015e-01 3.820054514247602211e-03 3.819930420672019381e-03
4.094999999999987494e+01 6.847498048053985986e-01 6.847456672140045386e-01 2.993002446598518329e-01 2.992984361421890949e-01 3.816388200954447512e-03 3.816365140480584145e-03
4.099999999999987210e+01 6.847465623244155530e-01 6.847708516374660936e-01 2.992984836918459735e-01 2.993091004002252919e-01 3.812719537475754445e-03 3.812854782168484565e-03
4.104999999999986926e+01 6.847446347246457510e-01 6.848004387449314612e-01 2.992969526248426826e-01 2.993213441605608871e-01 3.809060803370581394e-03 3.809371226987739566e-03
4.109999999999987352e+01 6.847444137339930847e-01 6.848216631809628252e-01 2.992961606413649944e-01 2.993299257403215785e-01 3.805418444264027124e-03 3.805847752578795946e-03
4.114999999999987068e+01 6.847446782115408359e-01 6.848247415267569860e-01 2.992960338685426436e-01 2.993310288578650002e-01 3.801791474989436349e-03 3.802235996924302822e-03
4.119999999999987494e+01 6.847447113957145781e-01 6.848208717063444251e-01 2.992965278915604710e-01 2.993298169643423545e-01 3.798179287963974332e-03 3.798601738126181245e-03
4.124999999999987210e+01 6.847451953704083438e-01 6.848328059557327041e-01 2.992977726866703492e-01 2.993360667166666822e-01 3.794583488895988607e-03 3.795068991653469809e-03
4.129999999999986926e+01 6.847467308447294787e-01 6.848627622853220576e-01 2.992994680769166527e-01 2.993501848556688882e-01 3.791000228966654763e-03 3.791642620084479005e-03
4.134999999999987352e+01 6.847484506022007977e-01 6.848837051423755096e-01 2.993006001370726032e-01 2.993597193143557877e-01 3.787416642038258108e-03 3.788164749311692669e-03
4.139999999999987068e+01 6.847489207173257375e-01 6.848723577510722471e-01 2.993002559122892592e-01 2.993542096092891569e-01 3.783821187260303330e-03 3.784503282039062937e-03
4.144999999999986784e+01 6.847479957464174261e-01 6.848406823949183542e-01 2.992986555001992954e-01 2.993391681989606701e-01 3.780216678246922039e-03 3.780728363738066703e-03
4.149999999999987210e+01 6.847469502385199469e-01 6.848202656153030699e-01 2.992970681718680748e-01 2.993291136995122059e-01 3.776619156742824172e-03 3.777023516713097235e-03
4.154999999999986926e+01 6.847468746504570269e-01 6.848199371275788261e-01 2.992966753856051154e-01 2.993286103345731419e-01 3.773043496824530097e-03 3.773446080486276676e-03
4.159999999999986642e+01 6.847477312505706459e-01 6.848161060701870584e-01 2.992977108072273351e-01 2.993275968894355543e-01 3.769492579436121635e-03 3.769868978456376255e-03
4.164999999999987068e+01 6.847490667263326225e-01 6.847888036057668826e-01 2.992996046035365509e-01 2.993169733490825823e-01 3.765959164561651779e-03 3.766177708072768714e-03
4.169999999999986784e+01 6.847507426944564601e-01 6.847516719580689637e-01 2.993015397487260865e-01 2.993019459257664217e-01 3.762432932102160229e-03 3.762438038036042525e-03
4.174999999999987210e+01 6.847524218787418571e-01 6.847347929614695516e-01 2.993027014888043347e-01 2.992949959555409878e-01 3.758903629372748433e-03 3.758806856584511608e-03
4.179999999999986926e+01 6.847530740870989563e-01 6.847474530464572329e-01 2.993024690158491152e-01 2.993000120844293566e-01 3.755363475732118473e-03 3.755332648487203287e-03
4.184999999999986642e+01 6.847520019783162049e-01 6.847728659493247383e-01 2.993009377434204810e-01 2.993100572583249352e-01 3.751813697817877810e-03 3.751928013266382644e-03
4.189999999999987068e+01 6.847501964297628696e-01 6.847961788231631264e-01 2.992992289864868649e-01 2.993193275493838401e-01 3.748268365516438209e-03 3.748520069497615105e-03
4.194999999999986784e+01 6.847496365729137668e-01 6.848205053809266474e-01 2.992987425902917664e-01 2.993297187953077865e-01 3.744744980798154869e-03 3.745132546703891768e-03
4.199999999999987210e+01 6.847508907981938453e-01 6.848505398248626586e-01 2.992998064746803522e-01 2.993433623645640473e-01 3.741247580933513596e-03 3.741792029557059786e-03
4.204999999999986926e+01 6.847521927102410144e-01 6.848755072106533781e-01 2.993012869183773184e-01 2.993551869847984603e-01 3.737761934665976161e-03 3.738435054446446505e-03
4.209999999999986642e+01 6.847515243449665556e-01 6.848809187030696632e-01 2.993017853317019306e-01 2.993583430187098937e-01 3.734270559347506718e-03 3.734976207345110794e-03
4.214999999999987068e+01 6.847491077623616418e-01 6.848697001568019305e-01 2.993010602499796002e-01 2.993537706969227052e-01 3.730770461202621673e-03 3.731427493884991332e-03
4.219999999999986784e+01 6.847470322614382932e-01 6.848576488621881397e-01 2.993000262778483522e-01 2.993483763253130814e-01 3.727273054518668791e-03 3.727875172170782691e-03
4.224999999999986500e+01 6.847466313529785298e-01 6.848499577915874159e-01 2.992995129056814640e-01 2.993446764031415519e-01 3.723788652014708728e-03 3.724350561780930338e-03
4.229999999999986926e+01 6.847471816643680986e-01 6.848364618572165829e-01 2.992994714338244044e-01 2.993384953469482301e-01 3.720316611980424223e-03 3.720801682373511138e-03
4.234999999999986642e+01 6.847474107955099365e-01 6.848127914183081977e-01 2.992994577447336546e-01 2.993280352678349132e-01 3.716851384597757036e-03 3.717206274670420765e-03
4.239999999999986358e+01 6.847473778642588771e-01 6.847916445995539947e-01 2.992994490800151564e-01 2.993187978353586409e-01 3.713392668486549791e-03 3.713632727485848602e-03
4.244999999999986784e+01 6.847481486254017868e-01 6.847836483649203387e-01 2.992998345343029776e-01 2.993153512847830378e-01 3.709945268476030119e-03 3.710137605017462415e-03
4.249999999999986500e+01 6.847501151241242034e-01 6.847779804466489484e-01 2.993008037086426487e-01 2.993129834998439209e-01 3.706511501035831321e-03 3.706662334363401441e-03
4.254999999999986926e+01 6.847525254868749300e-01 6.847578731705603605e-01 2.993021308434106187e-01 2.993044682909739018e-01 3.703088535025194500e-03 3.703117454883694641e-03
4.259999999999986642e+01 6.847545781780758345e-01 6.847319684065762413e-01 2.993035182805854344e-01 2.992936356388725683e-01 3.699672661070285955e-03 3.699550502334651107e-03
4.264999999999986358e+01 6.847561015929748418e-01 6.847323128252391644e-01 2.993047588049314589e-01 2.992943608086626739e-01 3.696261300462268945e-03 3.696132890505260220e-03
4.269999999999986784e+01 6.847569228205289127e-01 6.847744492904473956e-01 2.993054792087743721e-01 2.993131399834273454e-01 3.692849836012031088e-03 3.692944355131747014e-03
4.274999999999986500e+01 6.847564352635715501e-01 6.848324679089389244e-01 2.993051401996633665e-01 2.993383738582454656e-01 3.689431620334842482e-03 3.689841280224914581e-03
4.279999999999986926e+01 6.847544848692836972e-01 6.848653757663165642e-01 2.993036598255688352e-01 2.993521298276742293e-01 3.686005662876472473e-03 3.686602584084667112e-03
4.284999999999986642e+01 6.847522110296427877e-01 6.848613751197945021e-01 2.993018722199378701e-01 2.993495873145886055e-01 3.682582248169038053e-03 3.683169330231797229e-03
4.289999999999986358e+01 6.847511185040735526e-01 6.848436075224355601e-01 2.993009614633902471e-01 2.993413879064766858e-01 3.679175924565347266e-03 3.679672869163828301e-03
4.294999999999986784e+01 6.847513449626355664e-01 6.848353791523594802e-01 2.993013668379541636e-01 2.993380977593762537e-01 3.675792039766102512e-03 3.676243141042394823e-03
4.299999999999986500e+01 6.847516212648504519e-01 6.848354485363227218e-01 2.993024785499278639e-01 2.993391191497345449e-01 3.672423049692375395e-03 3.672872627604113847e-03
4.304999999999986215e+01 6.847511235561219989e-01 6.848315422179312995e-01 2.993034285930580296e-01 2.993385794389264998e-01 3.669058272670043443e-03 3.669489174856601591e-03
4.309999999999986642e+01 6.847505794951947999e-01 6.848234142987749129e-01 2.993038638922724815e-01 2.993356999195649903e-01 3.665693372838618302e-03 3.666083281317400033e-03
4.314999999999986358e+01 6.847510182490865738e-01 6.848202888139179878e-01 2.993038269058165834e-01 2.993341049844078228e-01 3.662328870062004499e-03 3.662699357410933911e-03
4.319999999999986073e+01 6.847520828647747360e-01 6.848231870420973255e-01 2.993032939529792769e-01 2.993343733976703280e-01 3.658964473752812380e-03 3.659344418064439108e-03
4.324999999999986500e+01 6.847525277292049184e-01 6.848244041073400235e-01 2.993023309021537459e-01 2.993337477522440837e-01 3.655600988117917085e-03 3.655984705370928910e-03
4.329999999999986215e+01 6.847522397387288962e-01 6.848232683211170624e-01 2.993016005228090748e-01 2.993326467423873538e-01 3.652246498142890270e-03 3.652625341578866810e-03
4.334999999999986642e+01 6.847527089173203185e-01 6.848277440285632789e-01 2.993021220437190877e-01 2.993349195306517219e-01 3.648913404982868577e-03 3.649313252430995760e-03
4.339999999999986358e+01 6.847550487247300310e-01 6.848361428534398554e-01 2.993041832251746026e-01 2.993396292025398697e-01 3.645605154996045625e-03 3.646036896498667471e-03
4.344999999999986073e+01 6.847582520089384728e-01 6.848307536890644309e-01 2.993067205692037103e-01 2.993384109359142897e-01 3.642308738292722881e-03 3.642694383156861414e-03
4.349999999999986500e+01 6.847601287100687495e-01 6.848008458726567715e-01 2.993081296814641412e-01 2.993259271221578866e-01 3.639004616188022852e-03 3.639220998445697516e-03
4.354999999999986215e+01 6.847596599538899875e-01 6.847641266710273733e-01 2.993076902417208807e-01 2.993096426388428544e-01 3.635684060026986124e-03 3.635707775752731324e-03
4.359999999999986642e+01 6.847577342600207340e-01 6.847507991314047970e-01 2.993060179444222424e-01 2.993029866157842500e-01 3.632354586704161781e-03 3.632317798735254077e-03
4.364999999999986358e+01 6.847557136909271369e-01 6.847671377345834198e-01 2.993042505332417225e-01 2.993092439414838379e-01 3.629030015559169074e-03 3.629090560066499868e-03
4.369999999999986073e+01 6.847541167138947449e-01 6.847887356547456283e-01 2.993031053705259570e-01 2.993182371619944604e-01 3.625719023265011783e-03 3.625902327825502713e-03
4.374999999999986500e+01 6.847529201711551883e-01 6.847937955076228711e-01 2.993027325283486029e-01 2.993205989726344107e-01 3.622423389147949591e-03 3.622639624479698835e-03
4.379999999999986215e+01 6.847523061974186698e-01 6.847902246321544428e-01 2.993030027241790902e-01 2.993195767484975178e-01 3.619141508152114335e-03 3.619341919570716760e-03
4.384999999999985931e+01 6.847523962537791498e-01 6.847997855453710203e-01 2.993035977801441483e-01 2.993243115236042806e-01 3.615869499005072794e-03 3.616119740544911088e-03
4.389999999999986358e+01 6.847526833596306872e-01 6.848247949325088069e-01 2.993040211449051746e-01 2.993355409684239632e-01 3.612601341519684935e-03 3.612981785979779009e-03
4.394999999999986073e+01 6.847525864954212560e-01 6.848459714127409503e-01 2.993039800176277021e-01 2.993447983773953602e-01 3.609333494333777197e-03 3.609825726589039902e-03
4.399999999999985789e+01 6.847525284402623535e-01 6.848517324357341618e-01 2.993037897739433406e-01 2.993471516171964941e-01 3.606069756312579779e-03 3.606592188159003180e-03
4.404999999999986215e+01 6.847536299952646788e-01 6.848533795137207170e-01 2.993040817703065404e-01 2.993476820328253574e-01 3.602817716163795279e-03 3.603342546287404465e-03
4.409999999999985931e+01 6.847560347515839752e-01 6.848644186771695175e-01 2.993049536286840340e-01 2.993523279403733639e-01 3.599578516280033461e-03 3.600148261459700742e-03
4.414999999999986358e+01 6.847582740873265905e-01 6.848768734730498187e-01 2.993057139659994759e-01 2.993575533889946128e-01 3.596343814550918578e-03 3.596966697374531004e-03
4.419999999999986073e+01 6.847589164140038820e-01 6.848704320723920658e-01 2.993057267516388009e-01 2.993544698557853989e-01 3.593105963405036820e-03 3.593691114715320128e-03
4.424999999999985789e+01 6.847584219060017796e-01 6.848398983521453154e-01 2.993053104083633897e-01 2.993409234541088981e-01 3.589868790505117493e-03 3.590295933482574517e-03
4.429999999999986215e+01 6.847585338157460288e-01 6.848011449764170866e-01 2.993054187421303469e-01 2.993240439226252381e-01 3.586643723692403782e-03 3.586866913392762219e-03
4.434999999999985931e+01 6.847599086707680804e-01 6.847707068196240421e-01 2.993064411460379937e-01 2.993111609835520381e-01 3.583435392350059825e-03 3.583491900431640554e-03
4.439999999999986358e+01 6.847612028205782853e-01 6.847521456752972968e-01 2.993076496038398204e-01 2.993036907451092077e-01 3.580235043108140509e-03 3.580187688338635522e-03
4.444999999999986073e+01 6.847608307659271976e-01 6.847455382256603107e-01 2.993079912434200018e-01 2.993013068956847933e-01 3.577030071627376913e-03 3.576950186981602258e-03
4.449999999999985789e+01 6.847589370114602891e-01 6.847567181639266920e-01 2.993071609820410206e-01 2.993061911269284670e-01 3.573816847546767636e-03 3.573805267187214838e-03
4.454999999999986215e+01 6.847570152140958211e-01 6.847859798833509926e-01 2.993057073243367006e-01 2.993183677142651211e-01 3.570601936466894551e-03 3.570752970047907839e-03
4.459999999999985931e+01 6.847560314039558005e-01 6.848158799421821818e-01 2.993043418443143144e-01 2.993305014201671499e-01 3.567393824127712120e-03 3.567705618833943732e-03
4.464999999999985647e+01 6.847557396560371989e-01 6.848256983171424617e-01 2.993035083972563903e-01 2.993340869984990604e-01 3.564197777877429855e-03 3.564561917219408443e-03
4.469999999999986073e+01 6.847557462964493080e-01 6.848184070153550129e-01 2.993035095605985907e-01 2.993308982655221717e-01 3.561017365384882161e-03 3.561343227430374247e-03
4.474999999999985789e+01 6.847562924139746210e-01 6.848193573632221920e-01 2.993045215796978908e-01 2.993320870430198344e-01 3.557854639877547267e-03 3.558182312547050318e-03
4.479999999999985505e+01 6.847575441713776856e-01 6.848425697070646967e-01 2.993062049160324367e-01 2.993433694140712475e-01 3.554705521568089950e-03 3.555146905155249278e-03
4.484999999999985931e+01 6.847587805721797594e-01 6.848695063612117995e-01 2.993075841549242000e-01 2.993559823198825853e-01 3.551558399939779877e-03 3.552132688459012835e-03
4.489999999999985647e+01 6.847590333506430316e-01 6.848718438392419339e-01 2.993077409488514862e-01 2.993570503421612017e-01 3.548402382321899813e-03 3.548986963155447392e-03
4.494999999999986073e+01 6.847583152846244969e-01 6.848483030527342530e-01 2.993066667481344423e-01 2.993460002448147250e-01 3.545237391153511618e-03 3.545703289840870364e-03
4.499999999999985789e+01 6.847575573125287418e-01 6.848250469350726233e-01 2.993052473826708360e-01 2.993347468718776661e-01 3.542073933522740629e-03 3.542423039903886458e-03
4.504999999999985505e+01 6.847573674424540791e-01 6.848202917696328829e-01 2.993044186209857793e-01 2.993319225662645078e-01 3.538923069713112695e-03 3.539248271549101394e-03
4.509999999999985931e+01 6.847575533084200305e-01 6.848227276974804267e-01 2.993045394119362435e-01 2.993330268530822735e-01 3.535789006638357518e-03 3.536125538725138923e-03
4.514999999999985647e+01 6.847580159371710051e-01 6.848110529791384682e-01 2.993055193896906330e-01 2.993287017096102343e-01 3.532670633103468863e-03 3.532944251515031126e-03
4.519999999999986073e+01 6.847593113896471850e-01 6.847836610596471640e-01 2.993071267657202439e-01 2.993177699649351986e-01 3.529565174124068595e-03 3.529690683548772964e-03
4.524999999999985789e+01 6.847616827371100223e-01 6.847582744826991030e-01 2.993088856490770944e-01 2.993073959032933606e-01 3.526466988501653597e-03 3.526449436268560850e-03
4.529999999999985505e+01 6.847640201705312846e-01 6.847484122184515076e-01 2.993099829223065944e-01 2.993031606948927115e-01 3.523366485253765119e-03 3.523286176514343112e-03
4.534999999999985931e+01 6.847647298266299476e-01 6.847533828081061591e-01 2.993098094515844743e-01 2.993048496839383343e-01 3.520256506340314114e-03 3.520198173289492121e-03
4.539999999999985647e+01 6.847636966628783961e-01 6.847703215195848347e-01 2.993087060277090927e-01 2.993116017380075267e-01 3.517141081406696592e-03 3.517175108554738971e-03
4.544999999999985363e+01 6.847625905148156944e-01 6.848012270389125522e-01 2.993078129344699523e-01 2.993247008510807605e-01 3.514033612380049621e-03 3.514231885542489203e-03
4.549999999999985789e+01 6.847628206297555753e-01 6.848414338357341480e-01 2.993079287953379630e-01 2.993422904095327519e-01 3.510943446279632917e-03 3.511346515067841501e-03
4.554999999999985505e+01 6.847637864264207730e-01 6.848723927465030226e-01 2.993086936436363255e-01 2.993561652191337741e-01 3.507866318706558215e-03 3.508422680564131282e-03
4.559999999999985221e+01 6.847637681428684342e-01 6.848782525540082489e-01 2.993091163188249526e-01 2.993591572665571521e-01 3.504790589213416154e-03 3.505376548788734659e-03
4.564999999999985647e+01 6.847622058675622014e-01 6.848656479184966894e-01 2.993087672030809721e-01 2.993539816037544821e-01 3.501711227880453022e-03 3.502240205952094135e-03
4.569999999999985363e+01 6.847603175642827944e-01 6.848552632710813715e-01 2.993081441005064347e-01 2.993496447870434007e-01 3.498634063126910415e-03 3.499119167586722898e-03
4.574999999999985789e+01 6.847594672718405606e-01 6.848541854088970871e-01 2.993079079593591318e-01 2.993493091941038520e-01 3.495566808284494755e-03 3.496050326354506032e-03
4.579999999999985505e+01 6.847596944433099742e-01 6.848486277526476540e-01 2.993081120362053316e-01 2.993469847402079331e-01 3.492510058765531823e-03 3.492963649243974959e-03
4.584999999999985221e+01 6.847601912341546582e-01 6.848279948505593406e-01 2.993083455424301320e-01 2.993379824700840297e-01 3.489458997871534938e-03 3.489804517284579317e-03
4.589999999999985647e+01 6.847605930266839058e-01 6.848038344570441804e-01 2.993083583515110391e-01 2.993272591493456591e-01 3.486410697163795126e-03 3.486630857884058608e-03
4.594999999999985363e+01 6.847611592678192194e-01 6.847942543345351130e-01 2.993082683922907439e-01 2.993227342056287155e-01 3.483366521877119537e-03 3.483534875829263650e-03
4.599999999999985789e+01 6.847620197136782272e-01 6.847967813174977714e-01 2.993083143195937046e-01 2.993235085575081111e-01 3.480329236274354136e-03 3.480505913459405395e-03
4.604999999999985505e+01 6.847630152881998278e-01 6.847915492915882529e-01 2.993087045732876206e-01 2.993211767357727426e-01 3.477301243953393427e-03 3.477446142733354138e-03
4.609999999999985221e+01 6.847642802643298943e-01 6.847719251631779747e-01 2.993096740335834394e-01 2.993130156100181072e-01 3.474285247052631524e-03 3.474324034939278889e-03
4.614999999999985647e+01 6.847661822585521252e-01 6.847577484552471727e-01 2.993112784233530332e-01 2.993075920081728070e-01 3.471281860520194704e-03 3.471239107082326174e-03
4.619999999999985363e+01 6.847683325301672230e-01 6.847703767679808040e-01 2.993129657081208261e-01 2.993138592466411119e-01 3.468284654787040424e-03 3.468295008651701896e-03
4.624999999999985079e+01 6.847693172835093156e-01 6.848039216354276926e-01 2.993136701599250493e-01 2.993287957727625015e-01 3.465281275368171585e-03 3.465456391001600894e-03
4.629999999999985505e+01 6.847681232346273239e-01 6.848321242463039082e-01 2.993127428163659953e-01 2.993407177142882736e-01 3.462264231536919899e-03 3.462587827811324306e-03
4.634999999999985221e+01 6.847655968426208384e-01 6.848394459577190618e-01 2.993107576419864468e-01 2.993430370594880596e-01 3.459240192337326766e-03 3.459613256971844249e-03
4.639999999999984936e+01 6.847637536842700046e-01 6.848336497746519980e-01 2.993091287975356840e-01 2.993396802655508004e-01 3.456225505745225048e-03 3.456578294059487345e-03
4.644999999999985363e+01 6.847635735161085035e-01 6.848281260277319094e-01 2.993088215387001982e-01 2.993370373155443964e-01 3.453231283976936333e-03 3.453556819331354485e-03
4.649999999999985079e+01 6.847641192629150275e-01 6.848248477315830307e-01 2.993096199856623008e-01 2.993361643304490727e-01 3.450254985425510977e-03 3.450560972108932065e-03
4.654999999999985505e+01 6.847640650870177037e-01 6.848205717690243333e-01 2.993106519988272263e-01 2.993353510925677030e-01 3.447286518846276633e-03 3.447570988684923055e-03
4.659999999999985221e+01 6.847634318921476115e-01 6.848190964829915517e-01 2.993113212848921290e-01 2.993356523771472100e-01 3.444319002127651293e-03 3.444598991681794946e-03
4.664999999999984936e+01 6.847632171950193136e-01 6.848260496092566374e-01 2.993115206322972677e-01 2.993389848198851899e-01 3.441351200141397858e-03 3.441666971197309549e-03
4.669999999999985363e+01 6.847637491579388058e-01 6.848362091573927390e-01 2.993112522262111330e-01 2.993429245996385157e-01 3.438383138727304535e-03 3.438746979892466984e-03
4.674999999999985079e+01 6.847643014817299534e-01 6.848386503953429738e-01 2.993105353741267738e-01 2.993430332906943381e-01 3.435415040162152506e-03 3.435788043508695728e-03
4.679999999999985505e+01 6.847644127667674718e-01 6.848347198845894379e-01 2.993097582269621526e-01 2.993404893894533458e-01 3.432451355813794219e-03 3.432803777401996406e-03
4.684999999999985221e+01 6.847647542064168036e-01 6.848383343890938058e-01 2.993096825978652786e-01 2.993418443891772140e-01 3.429500803183798806e-03 3.429869314112609074e-03
4.689999999999984936e+01 6.847661716334487725e-01 6.848527747716072200e-01 2.993107524113329809e-01 2.993486065745746272e-01 3.426568430581955135e-03 3.427001792496570370e-03
4.694999999999985363e+01 6.847683420910971597e-01 6.848581062716436740e-01 2.993124994741034328e-01 2.993517354311288070e-01 3.423648835849061028e-03 3.424097631468453560e-03
4.699999999999985079e+01 6.847700202533714142e-01 6.848334664272158756e-01 2.993138945375423132e-01 2.993416269452489065e-01 3.420730223286206663e-03 3.421047165088567793e-03
4.704999999999984794e+01 6.847704397336989990e-01 6.847874848980635143e-01 2.993142705971614248e-01 2.993217210661696104e-01 3.417804973989862268e-03 3.417890049285416711e-03
4.709999999999985221e+01 6.847698583069996570e-01 6.847535206577006761e-01 2.993137307865721963e-01 2.993065895803630472e-01 3.414874281649434712e-03 3.414792807534099313e-03
4.714999999999984936e+01 6.847687529083609226e-01 6.847528691030451142e-01 2.993127404160633720e-01 2.993057975973715257e-01 3.411943464417944386e-03 3.411864321429151654e-03
4.719999999999984652e+01 6.847672010591014935e-01 6.847735251236553022e-01 2.993116416370316113e-01 2.993144058847065914e-01 3.409016419556177516e-03 3.409047903014890413e-03
4.724999999999985079e+01 6.847653704391698515e-01 6.847903335144024384e-01 2.993106712060810137e-01 2.993215825563416699e-01 3.406095831648157067e-03 3.406220000641165674e-03
4.729999999999984794e+01 6.847639846705786404e-01 6.847960697727929480e-01 2.993101120811387794e-01 2.993241364687451167e-01 3.403184901434219006e-03 3.403344360076701516e-03
4.734999999999985221e+01 6.847636325940645863e-01 6.848024734823195958e-01 2.993100913701647325e-01 2.993270687171778466e-01 3.400285048226816056e-03 3.400477917832190732e-03
4.739999999999984936e+01 6.847638759515969342e-01 6.848167868160652816e-01 2.993103302820756539e-01 2.993334576240335165e-01 3.397393079251719190e-03 3.397655591646246611e-03
4.744999999999984652e+01 6.847637757630440358e-01 6.848316327519115010e-01 2.993104297787427814e-01 2.993400900867501102e-01 3.394504448865818657e-03 3.394840828882913358e-03
4.749999999999985079e+01 6.847633379335876791e-01 6.848398619428818224e-01 2.993104368448786801e-01 2.993438855320120773e-01 3.391619680961806705e-03 3.391998702912327104e-03
4.754999999999984794e+01 6.847636966656810431e-01 6.848464817451207498e-01 2.993108144487643951e-01 2.993469998798437004e-01 3.388744007345204264e-03 3.389153692384313295e-03
4.759999999999985221e+01 6.847654918965558890e-01 6.848579221479523804e-01 2.993116991541957539e-01 2.993521005119249567e-01 3.385878949708105278e-03 3.386335978641693591e-03
4.764999999999984936e+01 6.847676544623199080e-01 6.848675748651289474e-01 2.993124655645942322e-01 2.993561408490941211e-01 3.383017412428313171e-03 3.383511057915737814e-03
4.769999999999984652e+01 6.847685006447281619e-01 6.848627932072218760e-01 2.993123592020039414e-01 2.993535744876203442e-01 3.380150866199940502e-03 3.380616312677821918e-03
4.774999999999985079e+01 6.847678092324483989e-01 6.848432081231318191e-01 2.993114903965312656e-01 2.993444471945004848e-01 3.377280568649162779e-03 3.377652436609322999e-03
4.779999999999984794e+01 6.847670850713266644e-01 6.848212494016497898e-01 2.993108638412794731e-01 2.993345390044872545e-01 3.374417856158740039e-03 3.374684768934475745e-03
4.784999999999984510e+01 6.847676384066260225e-01 6.848040905932525346e-01 2.993113160848421828e-01 2.993272493026833958e-01 3.371572132749568913e-03 3.371751611407312887e-03
4.789999999999984936e+01 6.847690498522850389e-01 6.847864929101229459e-01 2.993126284013475358e-01 2.993202527638825217e-01 3.368740893656143286e-03 3.368826705277246005e-03
4.794999999999984652e+01 6.847698933134372945e-01 6.847662740814270954e-01 2.993138137535383825e-01 2.993122317825048784e-01 3.365913002570021344e-03 3.365895212623060476e-03
4.799999999999984368e+01 6.847694715615432193e-01 6.847563758888828289e-01 2.993140732357565392e-01 2.993083490916634837e-01 3.363079474559071014e-03 3.363015158333306116e-03
4.804999999999984794e+01 6.847682746010145260e-01 6.847701802597983001e-01 2.993133146801436606e-01 2.993141476466644191e-01 3.360239289139987668e-03 3.360248640434074403e-03
4.809999999999984510e+01 6.847670295411205643e-01 6.847993888174760402e-01 2.993119566501440953e-01 2.993261009034505760e-01 3.357397158162028859e-03 3.357555814957390548e-03
4.814999999999984936e+01 6.847660548831022709e-01 6.848197898975774134e-01 2.993106135040830562e-01 2.993341010295444971e-01 3.354559972026716942e-03 3.354823211314601067e-03
4.819999999999984652e+01 6.847655973264211715e-01 6.848209987660921483e-01 2.993099553914602140e-01 2.993341712727797255e-01 3.351735222748723330e-03 3.352006397231584688e-03
4.824999999999984368e+01 6.847660234722792172e-01 6.848190146010618706e-01 2.993104390083878297e-01 2.993336013696554776e-01 3.348927988905047066e-03 3.349187148191957834e-03
4.829999999999984794e+01 6.847671813973065236e-01 6.848325905292157456e-01 2.993118354042824114e-01 2.993404257454316264e-01 3.346135666900874016e-03 3.346455290614112552e-03
4.834999999999984510e+01 6.847680402927401877e-01 6.848560942650634420e-01 2.993131760266831698e-01 2.993516645550124977e-01 3.343347400465612480e-03 3.343777319799087419e-03
4.839999999999984936e+01 6.847676355992966535e-01 6.848666756486291307e-01 2.993134913245957263e-01 2.993567819554689979e-01 3.340552358533443057e-03 3.341035512895868149e-03
4.844999999999984652e+01 6.847662735248131183e-01 6.848547205283918027e-01 2.993126810136667038e-01 2.993513413723792871e-01 3.337749439795566816e-03 3.338180556145860754e-03
4.849999999999984368e+01 6.847652092297702442e-01 6.848348054877561042e-01 2.993114881031496699e-01 2.993419086900360737e-01 3.334946942653486610e-03 3.335285890696789227e-03
4.854999999999984794e+01 6.847650950537171877e-01 6.848243391563940685e-01 2.993106824591817983e-01 2.993365780442984736e-01 3.332153436784665319e-03 3.332441726070684267e-03
4.859999999999984510e+01 6.847653627514624919e-01 6.848223170476367416e-01 2.993104654559288758e-01 2.993353601393122787e-01 3.329371139665513336e-03 3.329648054942303467e-03
4.864999999999984226e+01 6.847653957433835759e-01 6.848159174705807928e-01 2.993107235830735346e-01 2.993328066129959941e-01 3.326598761690184071e-03 3.326844196865760047e-03
4.869999999999984652e+01 6.847656827286685566e-01 6.848002000860440308e-01 2.993114711080984147e-01 2.993265586647260168e-01 3.323836436514149631e-03 3.324003982950880266e-03
4.874999999999984368e+01 6.847671313569311247e-01 6.847815118581356275e-01 2.993127327482791866e-01 2.993190184867685621e-01 3.321084413295755447e-03 3.321154157966927072e-03
4.879999999999984084e+01 6.847695004485442327e-01 6.847655605145653857e-01 2.993141046507858949e-01 2.993123824978417558e-01 3.318338189033111750e-03 3.318319096428409658e-03
4.884999999999984510e+01 6.847713235243287899e-01 6.847539300911752447e-01 2.993148874695348294e-01 2.993072847658172497e-01 3.315590002431853967e-03 3.315505785276300424e-03
4.889999999999984226e+01 6.847715876535732660e-01 6.847531703340259401e-01 2.993147823480615255e-01 2.993067321075271181e-01 3.312836550614967242e-03 3.312747450000308718e-03
4.894999999999984652e+01 6.847708625308426278e-01 6.847745899878606712e-01 2.993142414413212382e-01 2.993158707176688527e-01 3.310082847014896371e-03 3.310100865000493390e-03
4.899999999999984368e+01 6.847703630571466693e-01 6.848170404872707673e-01 2.993139055079563349e-01 2.993343082658197485e-01 3.307335972463614198e-03 3.307561417301884115e-03
4.904999999999984084e+01 6.847703504006834585e-01 6.848578783385367297e-01 2.993138739007021876e-01 2.993521324586816412e-01 3.304597006908120173e-03 3.305019403352828320e-03
4.909999999999984510e+01 6.847700710883413144e-01 6.848724846564422375e-01 2.993137599809625460e-01 2.993585250655297347e-01 3.301861665537377932e-03 3.302355488864098382e-03
4.914999999999984226e+01 6.847690785430545768e-01 6.848612110270352327e-01 2.993133700589466484e-01 2.993536412761149679e-01 3.299127804452437612e-03 3.299571686702846337e-03
4.919999999999984652e+01 6.847678949256301717e-01 6.848470097106390542e-01 2.993130087474322742e-01 2.993475899310901189e-01 3.296398774751465102e-03 3.296779624791749703e-03
4.924999999999984368e+01 6.847672087275079589e-01 6.848453254965649606e-01 2.993130416478523292e-01 2.993471866353052402e-01 3.293678587596732526e-03 3.294054323359625787e-03
4.929999999999984084e+01 6.847670144581829987e-01 6.848469503512704115e-01 2.993133998790842298e-01 2.993483400608207834e-01 3.290966463761242720e-03 3.291350632884239551e-03
4.934999999999984510e+01 6.847669413163481877e-01 6.848359971410027391e-01 2.993137122124016614e-01 2.993438967233353898e-01 3.288258304997555056e-03 3.288589911819128631e-03
4.939999999999984226e+01 6.847669933432939393e-01 6.848151824941490773e-01 2.993137449373720615e-01 2.993348085624416566e-01 3.285551536085321803e-03 3.285782750411003414e-03
4.944999999999983942e+01 6.847674108280347172e-01 6.848019270474182685e-01 2.993135283268104629e-01 2.993286154516426878e-01 3.282846485624472347e-03 3.283011959985121953e-03
4.949999999999984368e+01 6.847680218495675319e-01 6.848030481230344968e-01 2.993131797033341535e-01 2.993284897425737556e-01 3.280144435105040134e-03 3.280312216356981014e-03
4.954999999999984084e+01 6.847684104950835238e-01 6.848061336689104106e-01 2.993129036375481444e-01 2.993293924716116106e-01 3.277447617164510642e-03 3.277628168317683020e-03
4.959999999999983800e+01 6.847687946303175899e-01 6.847991866597723520e-01 2.993131393717538558e-01 2.993264237588627585e-01 3.274760824636265780e-03 3.274906168040082888e-03
4.964999999999984226e+01 6.847700254913979823e-01 6.847880347365236098e-01 2.993143121826464803e-01 2.993221840587757532e-01 3.272088681963894463e-03 3.272174736909281515e-03
4.969999999999983942e+01 6.847722833984448698e-01 6.847865318526275002e-01 2.993161917548201600e-01 2.993224198004752479e-01 3.269428637409295055e-03 3.269496666307766548e-03
4.974999999999984368e+01 6.847742515482543313e-01 6.847962710373868278e-01 2.993176961850140261e-01 2.993273209960278791e-01 3.266768853315304456e-03 3.266873899001676487e-03
4.979999999999984084e+01 6.847742862747678849e-01 6.848061126079838523e-01 2.993177202751520216e-01 2.993316316992429282e-01 3.264097276719223582e-03 3.264248982543551704e-03
4.984999999999983800e+01 6.847723388843542924e-01 6.848093847880620810e-01 2.993162313708146449e-01 2.993324242566189897e-01 3.261413580722587538e-03 3.261590021864557883e-03
4.989999999999984226e+01 6.847701017145165769e-01 6.848107781411063577e-01 2.993143555438060321e-01 2.993321352897091447e-01 3.258730054913519959e-03 3.258923628630483547e-03
4.994999999999983942e+01 6.847691095155987728e-01 6.848143662788152009e-01 2.993133127823537354e-01 2.993330945621330841e-01 3.256059970436274691e-03 3.256275165212226159e-03
4.999999999999984368e+01 6.847692347479545916e-01 6.848152912741006793e-01 2.993134165512204570e-01 2.993335479115324382e-01 3.253406701643708765e-03 3.253625520777534384e-03
