# tau eta eta_joint W_out W_out_joint power power_joint
5.000000000000000000e+00 6.847818261476364965e-01 6.845313101773246034e-01 2.993201695743384905e-01 2.992106682998425526e-01 1.221714977854442864e-02 1.221268033876908403e-02
5.049999999999999822e+00 6.847825817079880029e-01 6.852319626181320178e-01 2.993210878899950078e-01 2.995175140061000496e-01 1.217990184699877833e-02 1.218789477135707143e-02
5.099999999999999645e+00 6.847824098592946163e-01 6.847886280462224251e-01 2.993195440795841655e-01 2.993222620595576977e-01 1.214278069288373882e-02 1.214289095576299125e-02
5.149999999999999467e+00 6.847818444636101232e-01 6.848222782325332769e-01 2.993196128616795182e-01 2.993372865487938794e-01 1.210594996407197282e-02 1.210666477447093665e-02
5.199999999999999289e+00 6.847853526772407218e-01 6.852641640418934976e-01 2.993228410991106703e-01 2.995321317585240006e-01 1.206946939915768888e-02 1.207790853865016271e-02
5.249999999999999112e+00 6.847862004895639565e-01 6.844867871011612870e-01 2.993228868976079982e-01 2.991920120643704051e-01 1.203308088030584887e-02 1.202781958047720139e-02
5.299999999999998934e+00 6.847831979346448161e-01 6.848314326434029597e-01 2.993205909347762539e-01 2.993416744566450571e-01 1.199681727193492066e-02 1.199766230287154650e-02
5.349999999999998757e+00 6.847870413164136583e-01 6.851187757983504545e-01 2.993232261005879247e-01 2.994682286040687424e-01 1.196096807594757006e-02 1.196676238178097026e-02
5.399999999999998579e+00 6.847869432831159564e-01 6.844175371418963483e-01 2.993241458541708866e-01 2.991626763945405276e-01 1.192526477506656961e-02 1.191883172886615792e-02
5.449999999999998401e+00 6.847844912573407550e-01 6.849437793833341726e-01 2.993224278357734525e-01 2.993920534029503866e-01 1.188966942743886757e-02 1.189243509048462481e-02
5.499999999999998224e+00 6.847876985207964617e-01 6.849326613861967950e-01 2.993236133600810644e-01 2.993869772446373645e-01 1.185440052911212322e-02 1.185690998988662981e-02
5.549999999999998046e+00 6.847859475237804139e-01 6.846060499349705397e-01 2.993237479869464979e-01 2.992451137498814973e-01 1.181929903206106747e-02 1.181619402763599454e-02
5.599999999999997868e+00 6.847869295869312145e-01 6.850827008693911591e-01 2.993244482508233828e-01 2.994537316411827188e-01 1.178442709648911020e-02 1.178951699374735165e-02
5.649999999999997691e+00 6.847898462278310117e-01 6.845509403600829046e-01 2.993253892806686522e-01 2.992209622184698325e-01 1.174976994232261769e-02 1.174567074459155480e-02
5.699999999999997513e+00 6.847869262207649799e-01 6.846968691040666855e-01 2.993243342217473124e-01 2.992849697341009030e-01 1.171523813000968119e-02 1.171369744556167991e-02
5.749999999999997335e+00 6.847901490941893377e-01 6.851710524038224781e-01 2.993261320063111963e-01 2.994926272669274914e-01 1.168101978561214734e-02 1.168751716163619718e-02
5.799999999999997158e+00 6.847913504926430583e-01 6.843891476920517247e-01 2.993267508085160067e-01 2.991509453498453208e-01 1.164695528437805633e-02 1.164011460505234852e-02
5.849999999999996980e+00 6.847884687805001480e-01 6.848605765412207891e-01 2.993256598666685919e-01 2.993571786553795855e-01 1.161302269123835537e-02 1.161424553464130392e-02
5.899999999999996803e+00 6.847920474510788003e-01 6.852426751255173976e-01 2.993273045680654443e-01 2.995242770178121461e-01 1.157939282661762069e-02 1.158701265059234806e-02
5.949999999999996625e+00 6.847908282638202060e-01 6.845907791088388095e-01 2.993267383594135911e-01 2.992392955102972651e-01 1.154587226072955296e-02 1.154249934465949312e-02
5.999999999999996447e+00 6.847898208990781388e-01 6.850003225952516761e-01 2.993267190334792938e-01 2.994187308890058352e-01 1.151256611667228306e-02 1.151610503419253466e-02
6.049999999999996270e+00 6.847936945945194420e-01 6.849750000174966713e-01 2.993287551972698690e-01 2.994080052356371535e-01 1.147953040066231750e-02 1.148256971181734268e-02
6.099999999999996092e+00 6.847910292238027496e-01 6.846807120105576905e-01 2.993272030276498130e-01 2.992789825611464893e-01 1.144654696090439266e-02 1.144470296600942801e-02
6.149999999999995914e+00 6.847915557299851796e-01 6.849500328756331635e-01 2.993274490769609608e-01 2.993967206083443244e-01 1.141382074649994333e-02 1.141646217762990953e-02
6.199999999999995737e+00 6.847946882822522063e-01 6.846037883498923282e-01 2.993296502231526102e-01 2.992462062202146944e-01 1.138135552179287725e-02 1.137818274601577057e-02
6.249999999999995559e+00 6.847919358992913264e-01 6.847145237403949869e-01 2.993284670970499661e-01 2.992946295740851470e-01 1.134894661979336632e-02 1.134766368053403626e-02
6.299999999999995381e+00 6.847928286232835005e-01 6.849638393889500021e-01 2.993281621438534934e-01 2.994029122522865460e-01 1.131675471243302755e-02 1.131958080348909740e-02
6.349999999999995204e+00 6.847938950775779299e-01 6.846243107407103956e-01 2.993291026240496588e-01 2.992549759010479926e-01 1.128479180486521155e-02 1.128199720644856158e-02
6.399999999999995026e+00 6.847927334928973764e-01 6.848362474645518505e-01 2.993294832874198175e-01 2.993485036625115336e-01 1.125298809351202647e-02 1.125370314520720248e-02
6.449999999999994849e+00 6.847947610943134755e-01 6.849501431751852110e-01 2.993298370992026891e-01 2.993977559788406628e-01 1.122136221552775051e-02 1.122390837783845269e-02
6.499999999999994671e+00 6.847937855203316548e-01 6.847752391159912522e-01 2.993288685953749972e-01 2.993207618129463121e-01 1.118986424655607839e-02 1.118956118926902471e-02
6.549999999999994493e+00 6.847941224479824340e-01 6.848385437624366912e-01 2.993299575780143940e-01 2.993493745527449068e-01 1.115861910822048622e-02 1.115934294698024340e-02
6.599999999999994316e+00 6.847973061646229764e-01 6.848216503286721490e-01 2.993318371443787207e-01 2.993424782250064808e-01 1.112757758901036440e-02 1.112797316821585725e-02
6.649999999999994138e+00 6.847948329977086024e-01 6.848353077036173353e-01 2.993298811781950342e-01 2.993475730303040150e-01 1.109656649409435092e-02 1.109722235515492490e-02
6.699999999999993960e+00 6.847950325456836351e-01 6.848040172540788006e-01 2.993299399968419872e-01 2.993338672920135002e-01 1.106580184831209256e-02 1.106594703482490297e-02
6.749999999999993783e+00 6.847977042315739338e-01 6.848726378130080006e-01 2.993321449939075896e-01 2.993648992358159955e-01 1.103528645138830179e-02 1.103649398104391242e-02
6.799999999999993605e+00 6.847952415193762077e-01 6.848883239549170554e-01 2.993309790216688304e-01 2.993716663028747060e-01 1.100481540520841829e-02 1.100631126113510438e-02
6.849999999999993427e+00 6.847957231645364073e-01 6.847533598522570486e-01 2.993304211226699429e-01 2.993119037346726463e-01 1.097453422997873677e-02 1.097385531566169581e-02
6.899999999999993250e+00 6.847968118213983990e-01 6.849730425798257194e-01 2.993313566172078888e-01 2.994083887982681436e-01 1.094447373371875733e-02 1.094729026684710185e-02
6.949999999999993072e+00 6.847956701536941360e-01 6.848110929802156965e-01 2.993315704986836412e-01 2.993383119824363225e-01 1.091455133997023749e-02 1.091479715523925066e-02
6.999999999999992895e+00 6.847976486351726733e-01 6.846118202994857516e-01 2.993319882009444211e-01 2.992507607532507441e-01 1.088479957094343718e-02 1.088184584557275875e-02
7.049999999999992717e+00 6.847967461306090353e-01 6.849258185972409985e-01 2.993312489445754121e-01 2.993876677620707083e-01 1.085516768611334733e-02 1.085721369944046485e-02
7.099999999999992539e+00 6.847963658830531486e-01 6.847078785487703545e-01 2.993316813578420499e-01 2.992930026149787093e-01 1.082573892795089289e-02 1.082434005840791393e-02
7.149999999999992362e+00 6.847991541053154441e-01 6.846919632776480302e-01 2.993331481189086540e-01 2.992862938438956011e-01 1.079650669500121889e-02 1.079481673016756578e-02
7.199999999999992184e+00 6.847968307068187377e-01 6.849255932780625722e-01 2.993317329359188594e-01 2.993880163792109750e-01 1.076732852287478302e-02 1.076935310716586706e-02
7.249999999999992006e+00 6.847970804667400380e-01 6.847167383549975783e-01 2.993318804536055922e-01 2.992967620863206113e-01 1.073836342434460016e-02 1.073710357260343473e-02
7.299999999999991829e+00 6.847994191033728306e-01 6.849757281966926126e-01 2.993332774185764045e-01 2.994103440416924222e-01 1.070959847651436515e-02 1.071235577966699569e-02
7.349999999999991651e+00 6.847971238663124183e-01 6.849178292539784829e-01 2.993322678495990985e-01 2.993850294868380946e-01 1.068090161818373643e-02 1.068278428142152396e-02
7.399999999999991473e+00 6.847987517984341910e-01 6.846399294559232240e-01 2.993328843361879876e-01 2.992634613856408610e-01 1.065241581267573415e-02 1.064994524504060507e-02
7.449999999999991296e+00 6.847996907077559259e-01 6.850649108640377571e-01 2.993334031049141863e-01 2.994493337237931208e-01 1.062407819360831722e-02 1.062819285621271516e-02
7.499999999999991118e+00 6.847977918124573682e-01 6.848168933573237638e-01 2.993326310278059399e-01 2.993409805227223996e-01 1.059584534611703044e-02 1.059614090345920544e-02
7.549999999999990941e+00 6.848001469841983324e-01 6.845847426414136683e-01 2.993337494623420358e-01 2.992395938318852533e-01 1.056782875418683758e-02 1.056450463660672280e-02
7.599999999999990763e+00 6.847994684459312031e-01 6.850029184905467305e-01 2.993335916871104896e-01 2.994225220023192247e-01 1.053991520025037570e-02 1.054304654937744321e-02
7.649999999999990585e+00 6.847981641740110703e-01 6.847716293093459861e-01 2.993329051946989061e-01 2.993213065097948267e-01 1.051213012097274892e-02 1.051172279226672383e-02
7.699999999999990408e+00 6.848000838392195311e-01 6.847381199343753888e-01 2.993337025022644315e-01 2.993066173930534202e-01 1.048454299482537953e-02 1.048359430448523796e-02
7.749999999999990230e+00 6.847989045405857844e-01 6.849268885431917253e-01 2.993335549808002760e-01 2.993894982748486200e-01 1.045706742291005811e-02 1.045902177379384387e-02
7.799999999999990052e+00 6.847992504232710553e-01 6.847030217472223068e-01 2.993337848063551965e-01 2.992917221233268865e-01 1.042974859952457665e-02 1.042828300081278907e-02
7.849999999999989875e+00 6.848002871144346360e-01 6.848775463649010575e-01 2.993338652956916146e-01 2.993676361782497963e-01 1.040256699550622978e-02 1.040374061436142271e-02
7.899999999999989697e+00 6.847992144445483875e-01 6.848264373421045770e-01 2.993335613072792833e-01 2.993454607468561957e-01 1.037551339020032805e-02 1.037592584911113842e-02
7.949999999999989519e+00 6.848008793453397303e-01 6.846227641933919639e-01 2.993348214829238962e-01 2.992569651763393734e-01 1.034865415671301810e-02 1.034596249529263871e-02
7.999999999999989342e+00 6.848010327112570295e-01 6.849430349641526528e-01 2.993346647106054359e-01 2.993967355818925036e-01 1.032188499002088290e-02 1.032402536489285087e-02
8.049999999999990052e+00 6.847998370655059563e-01 6.848207230435926496e-01 2.993337480567541675e-01 2.993428775538190534e-01 1.029522779214976126e-02 1.029554179032912166e-02
8.099999999999988987e+00 6.848011813730744413e-01 6.847183505989899999e-01 2.993348353165482534e-01 2.992986289886473417e-01 1.026877651171692607e-02 1.026753444214914199e-02
8.149999999999987921e+00 6.848013240850481242e-01 6.850029112075616267e-01 2.993353012445842953e-01 2.994234175199510517e-01 1.024243973463077884e-02 1.024545483387343837e-02
8.199999999999988631e+00 6.848006768791750076e-01 6.848149463825694561e-01 2.993345058640979328e-01 2.993407432334401763e-01 1.021619473938901318e-02 1.021640761888874954e-02
8.249999999999989342e+00 6.848008636039093489e-01 6.848196484942459250e-01 2.993344571247076313e-01 2.993426682197133371e-01 1.019010917871345651e-02 1.019038870535194860e-02
8.299999999999988276e+00 6.848016179846438956e-01 6.849445372498477180e-01 2.993354736174633768e-01 2.993979454411497265e-01 1.016419265254545241e-02 1.016631393688115226e-02
8.349999999999987210e+00 6.848019131234566181e-01 6.846835470271224189e-01 2.993356632918821036e-01 2.992839239592686162e-01 1.013837978973352455e-02 1.013662739912849463e-02
8.399999999999987921e+00 6.848011246274595676e-01 6.848143925112963881e-01 2.993347639292230911e-01 2.993405634799733983e-01 1.011266094355484091e-02 1.011285687432343303e-02
8.449999999999988631e+00 6.848018575272649677e-01 6.848543690423040120e-01 2.993353157898553940e-01 2.993582692190320804e-01 1.008712100387044834e-02 1.008789449769274642e-02
8.499999999999987566e+00 6.848021870423967039e-01 6.846558861406693008e-01 2.993360449020157077e-01 2.992720948532026082e-01 1.006171579502574374e-02 1.005956621355303532e-02
8.549999999999986500e+00 6.848015921238604919e-01 6.848760661838133590e-01 2.993355364028190690e-01 2.993680899671513629e-01 1.003639686178773617e-02 1.003748834759938049e-02
8.599999999999987210e+00 6.848021296973630934e-01 6.848178538956156691e-01 2.993354392093510175e-01 2.993423124499354770e-01 1.001121870265388701e-02 1.001144857692092514e-02
8.649999999999987921e+00 6.848017843086319223e-01 6.847578414535281377e-01 2.993357264128321260e-01 2.993165184219148678e-01 9.986179363230436590e-03 9.985538562866224516e-03
8.699999999999986855e+00 6.848025354740883142e-01 6.849579225477075983e-01 2.993363462697471444e-01 2.994042680376514109e-01 9.961276082187931619e-03 9.963536373965112616e-03
8.749999999999985789e+00 6.848031727495242915e-01 6.847151091636290987e-01 2.993363026209928668e-01 2.992978088913397228e-01 9.936474775800599804e-03 9.935196975646138837e-03
8.799999999999986500e+00 6.848020571475922358e-01 6.848026604187923416e-01 2.993357847527545745e-01 2.993360484503533314e-01 9.911780952077972259e-03 9.911789683786540253e-03
8.849999999999987210e+00 6.848036357969080612e-01 6.849794508113002944e-01 2.993368523775361556e-01 2.994137034779945639e-01 9.887261845665939672e-03 9.889800280032856952e-03
8.899999999999986144e+00 6.848038233581935641e-01 6.846508534523558787e-01 2.993369749665504287e-01 2.992701097603227556e-01 9.862832783082392529e-03 9.860629646139141419e-03
8.949999999999985079e+00 6.848024804594299297e-01 6.848463008094900495e-01 2.993362253412434892e-01 2.993553797960745166e-01 9.838495491906120924e-03 9.839125054924395541e-03
8.999999999999985789e+00 6.848040224844798018e-01 6.849650563009980209e-01 2.993370176322762699e-01 2.994074076720421029e-01 9.814328446959884669e-03 9.816636317116140750e-03
9.049999999999986500e+00 6.848033719190251833e-01 6.847111782012975656e-01 2.993368943468921461e-01 2.992965952153829878e-01 9.790250019522234864e-03 9.788931977608607629e-03
9.099999999999985434e+00 6.848029022207463568e-01 6.848953750606735502e-01 2.993366950562206252e-01 2.993771161966634065e-01 9.766286951263322344e-03 9.767605748667654297e-03
9.149999999999984368e+00 6.848044115581932711e-01 6.848234046892006655e-01 2.993373960308540749e-01 2.993456981887874235e-01 9.742470171874835147e-03 9.742740380432469982e-03
9.199999999999985079e+00 6.848032419830851758e-01 6.847415236764150537e-01 2.993369210611455111e-01 2.993099431399571797e-01 9.718731203283953457e-03 9.717855296751863603e-03
9.249999999999985789e+00 6.848037631015893023e-01 6.848981426048156296e-01 2.993371563422179138e-01 2.993784109229240542e-01 9.695130569788441843e-03 9.696466750540056259e-03
9.299999999999984723e+00 6.848048729197446782e-01 6.846649335511938439e-01 2.993378013142102834e-01 2.992766318562292138e-01 9.671657554578692167e-03 9.669681158521145278e-03
9.349999999999983658e+00 6.848036600376613547e-01 6.847724418607504804e-01 2.993373629523639057e-01 2.993237170458099561e-01 9.648263108859439496e-03 9.647823273031755006e-03
9.399999999999984368e+00 6.848045294023616947e-01 6.849380790872972025e-01 2.993375847279186042e-01 2.993959611527425846e-01 9.625002724370380208e-03 9.626879779830958134e-03
9.449999999999985079e+00 6.848046732913934953e-01 6.846954355226959610e-01 2.993377039581914811e-01 2.992899546011226208e-01 9.601850968987704626e-03 9.600319313588543541e-03
9.499999999999984013e+00 6.848040866769413704e-01 6.848517815386173657e-01 2.993377693567724762e-01 2.993586174705347158e-01 9.578808619416727399e-03 9.579475759057117998e-03
9.549999999999982947e+00 6.848053367295598992e-01 6.849329161198822735e-01 2.993382524429979430e-01 2.993940192276570711e-01 9.555889942314387681e-03 9.557670206788741393e-03
9.599999999999983658e+00 6.848046088609391902e-01 6.847756429533791156e-01 2.993376726462804172e-01 2.993250112429503007e-01 9.533046899563076687e-03 9.532643670157660634e-03
9.649999999999984368e+00 6.848046847761682931e-01 6.848598640988217134e-01 2.993379679281928940e-01 2.993620876030168576e-01 9.510340521944181391e-03 9.511106834091091408e-03
9.699999999999983302e+00 6.848061837375983840e-01 6.848212432084372914e-01 2.993389375399424512e-01 2.993455202579550223e-01 9.487763471947470439e-03 9.487972115941529713e-03
9.749999999999982236e+00 6.848049789578131152e-01 6.847927049438909952e-01 2.993381180943233133e-01 2.993327529460814151e-01 9.465236935788887487e-03 9.465067286832622509e-03
9.799999999999982947e+00 6.848050582296728583e-01 6.848358475897401432e-01 2.993379914943032905e-01 2.993514499597325074e-01 9.442838848400742294e-03 9.443263405669803656e-03
9.849999999999983658e+00 6.848060770477146786e-01 6.847848430001954867e-01 2.993388808739416707e-01 2.993295991572135772e-01 9.420578469675590719e-03 9.420286362146776046e-03
9.899999999999982592e+00 6.848051272552632129e-01 6.848168676863237714e-01 2.993385821245031497e-01 2.993437140428363286e-01 9.398385624003247063e-03 9.398546751737412580e-03
9.949999999999981526e+00 6.848054096502119714e-01 6.848213130928850756e-01 2.993382959038285440e-01 2.993452475274017699e-01 9.376297444129327516e-03 9.376515192714237126e-03
9.999999999999982236e+00 6.848055984144312269e-01 6.848254603634916782e-01 2.993384555050226936e-01 2.993471374509192318e-01 9.354326734531967849e-03 9.354598045341234666e-03
1.004999999999998295e+01 6.848054062418907906e-01 6.848071817115897186e-01 2.993388205012561532e-01 2.993395965859667607e-01 9.332465175409396935e-03 9.332489371347374094e-03
1.009999999999998188e+01 6.848064354213825311e-01 6.847721561020416736e-01 2.993391332350525680e-01 2.993241492319699271e-01 9.310703988648609195e-03 9.310237923233908447e-03
1.014999999999998082e+01 6.848057634376386593e-01 6.848360200735408299e-01 2.993385163308890373e-01 2.993517419446085626e-01 9.289015246885625951e-03 9.289425661585998251e-03
1.019999999999998153e+01 6.848058426890584194e-01 6.847802934006166353e-01 2.993388297174511825e-01 2.993276617430772335e-01 9.267456028404071067e-03 9.267110270683514076e-03
1.024999999999998224e+01 6.848072041527166753e-01 6.848030989846330963e-01 2.993396964251771042e-01 2.993379019934589991e-01 9.246013789194667057e-03 9.245958362732332320e-03
1.029999999999998117e+01 6.848060025784744598e-01 6.848615728807218028e-01 2.993389030296718101e-01 2.993631936364321566e-01 9.224619507848136682e-03 9.225368062756006404e-03
1.034999999999998010e+01 6.848061355783255921e-01 6.847829641017932900e-01 2.993388473856601895e-01 2.993287187920086190e-01 9.203346576038754293e-03 9.203035166549081852e-03
1.039999999999998082e+01 6.848071460509637109e-01 6.849093074316875418e-01 2.993395984422134726e-01 2.993842547324676584e-01 9.182196271233549617e-03 9.183566096087973293e-03
1.044999999999998153e+01 6.848061317330034203e-01 6.848581928593568957e-01 2.993392120488068686e-01 2.993619687617200542e-01 9.161108249389661104e-03 9.161804705790982037e-03
1.049999999999998046e+01 6.848068131146496373e-01 6.847303138264371203e-01 2.993392945545323425e-01 2.993058555721377356e-01 9.140131131436109516e-03 9.139110093805739854e-03
1.054999999999997939e+01 6.848070383874560463e-01 6.849207645092605379e-01 2.993394472257524530e-01 2.993891586225807533e-01 9.119252009923922361e-03 9.120766446994091683e-03
1.059999999999998010e+01 6.848063722757540273e-01 6.847940356680091156e-01 2.993393356874123334e-01 2.993339431675461348e-01 9.098460051289137054e-03 9.098296144910224953e-03
1.064999999999998082e+01 6.848075323965853167e-01 6.846978761537118041e-01 2.993398009907992652e-01 2.992918685771409626e-01 9.077780166514011484e-03 9.076326567919368662e-03
1.069999999999997975e+01 6.848068948339997020e-01 6.848816069402650086e-01 2.993394626198222497e-01 2.993721204127115509e-01 9.057169822082376462e-03 9.058157954998844602e-03
1.074999999999997868e+01 6.848065512427617962e-01 6.847701555372728288e-01 2.993393769233949619e-01 2.993234678060187060e-01 9.036660435423251453e-03 9.036180160181704266e-03
1.079999999999997939e+01 6.848076778079784654e-01 6.847976791403910246e-01 2.993398985641073651e-01 2.993355279937437441e-01 9.016262004943001451e-03 9.016130361257351095e-03
1.084999999999998010e+01 6.848067386501351939e-01 6.848647340603314371e-01 2.993395137538565898e-01 2.993648644358932742e-01 8.995928287118162836e-03 8.996690140823247056e-03
1.089999999999997904e+01 6.848071489305475046e-01 6.847515414371719844e-01 2.993397335990478636e-01 2.993154267087370091e-01 8.975704155893498778e-03 8.974975313605316682e-03
1.094999999999997797e+01 6.848078802050967528e-01 6.848932069256832289e-01 2.993399976121374761e-01 2.993772952266581244e-01 8.955572105075176176e-03 8.956687964896287504e-03
1.099999999999997868e+01 6.848070052044067380e-01 6.848306192874148435e-01 2.993396162087398338e-01 2.993499382856038560e-01 8.935510931604181625e-03 8.935819053301615952e-03
1.104999999999997939e+01 6.848080327481215202e-01 6.847151048683032259e-01 2.993402264067870355e-01 2.992996061873181013e-01 8.915568917551372138e-03 8.914359082273072207e-03
1.109999999999997833e+01 6.848081517917367078e-01 6.849133250356150837e-01 2.993402715255237823e-01 2.993862443827355335e-01 8.895699005216167743e-03 8.897065211968374285e-03
1.114999999999997726e+01 6.848073103651407534e-01 6.848184020031878871e-01 2.993397342058692345e-01 2.993445825302587515e-01 8.875900198839719799e-03 8.876043959384998655e-03
1.119999999999997797e+01 6.848081958420828563e-01 6.847562610866599897e-01 2.993402382182184240e-01 2.993175367345701776e-01 8.856220065627772031e-03 8.855548424099718430e-03
1.124999999999997868e+01 6.848080247914568597e-01 6.849061211884461819e-01 2.993403843494065741e-01 2.993832638311226813e-01 8.836616512159611858e-03 8.837882327118020201e-03
1.129999999999997762e+01 6.848076582297842885e-01 6.848027945889395562e-01 2.993400641061658707e-01 2.993379381332087474e-01 8.817085835233173102e-03 8.817023214527514030e-03
1.134999999999997655e+01 6.848080311817508203e-01 6.848133123595212535e-01 2.993400735343625385e-01 2.993423820180107775e-01 8.797650948842406296e-03 8.797718795533022648e-03
1.139999999999997726e+01 6.848079754033910005e-01 6.848526030574364487e-01 2.993403259496567603e-01 2.993598333984426318e-01 8.778308678875574103e-03 8.778880744822373239e-03
1.144999999999997797e+01 6.848083382383922668e-01 6.847368867454717289e-01 2.993406178034018206e-01 2.993093852192764137e-01 8.759052459499695048e-03 8.758138557989077200e-03
1.149999999999997691e+01 6.848082555015742034e-01 6.848275197661215508e-01 2.993402963609207434e-01 2.993487170693635013e-01 8.739862667472146282e-03 8.740108527572664279e-03
1.154999999999997584e+01 6.848081438785065256e-01 6.848122775320396594e-01 2.993402446511524984e-01 2.993420515351257194e-01 8.720764592895930908e-03 8.720817233361283921e-03
1.159999999999997655e+01 6.848086416403196264e-01 6.847366908448384581e-01 2.993408081382049613e-01 2.993093572949242498e-01 8.701767678436200457e-03 8.700853409736178726e-03
1.164999999999997726e+01 6.848085668402088544e-01 6.848719707418283731e-01 2.993407287139406847e-01 2.993684435689134560e-01 8.682834770527657689e-03 8.683638682201995015e-03
1.169999999999997620e+01 6.848084261026902153e-01 6.848180062135691415e-01 2.993403915962640216e-01 2.993445792114169945e-01 8.663976601917925541e-03 8.664097806408605634e-03
1.174999999999997513e+01 6.848084942543480880e-01 6.848024514384682959e-01 2.993405987798249956e-01 2.993379573696512974e-01 8.645215849236831396e-03 8.645139563022428628e-03
1.179999999999997584e+01 6.848089521263777124e-01 6.849055376222353830e-01 2.993410641200160427e-01 2.993832832017304657e-01 8.626543634582605619e-03 8.627760322816450597e-03
1.184999999999997655e+01 6.848090463378925241e-01 6.847755228335213884e-01 2.993409176535020144e-01 2.993262639969607175e-01 8.607934368181231408e-03 8.607512983377743274e-03
1.189999999999997549e+01 6.848085693495969961e-01 6.848186936917792789e-01 2.993405717666283161e-01 2.993449972754687050e-01 8.589399476804263772e-03 8.589526464145451345e-03
1.194999999999997442e+01 6.848093239964936352e-01 6.848858650578543150e-01 2.993411626621578225e-01 2.993746199903457583e-01 8.570971013948694775e-03 8.571928990417925984e-03
1.199999999999997513e+01 6.848093910074274371e-01 6.847308037159018923e-01 2.993412949971854253e-01 2.993069432170777366e-01 8.552608428491020182e-03 8.551626949059372429e-03
1.204999999999997584e+01 6.848087285985672290e-01 6.848281568240418560e-01 2.993408072248886498e-01 2.993492996118189975e-01 8.534306692085217444e-03 8.534548812881520216e-03
1.209999999999997478e+01 6.848093833919648432e-01 6.848586508564260544e-01 2.993411140492280298e-01 2.993626496444693474e-01 8.516105662851446850e-03 8.516718339814214472e-03
1.214999999999997371e+01 6.848091177210722247e-01 6.847579867562365585e-01 2.993412039331247998e-01 2.993188537567382790e-01 8.497975981068137813e-03 8.497341483512806451e-03
1.219999999999997442e+01 6.848089911767982763e-01 6.848617436451686080e-01 2.993411304543218687e-01 2.993641894148783011e-01 8.479918709754169850e-03 8.480571938098544274e-03
1.224999999999997513e+01 6.848096137365622393e-01 6.847928532485912934e-01 2.993413072841493161e-01 2.993339810050210659e-01 8.461945082237444515e-03 8.461737978940533228e-03
1.229999999999997407e+01 6.848090506650716947e-01 6.847838072757581607e-01 2.993411452285618113e-01 2.993301109335868571e-01 8.444037947209086931e-03 8.443726683599075272e-03
1.234999999999997300e+01 6.848095817217081382e-01 6.848818288889100270e-01 2.993414601809520903e-01 2.993730405984891263e-01 8.426219850273114487e-03 8.427108813469089826e-03
1.239999999999997371e+01 6.848100041893513401e-01 6.847245693361281305e-01 2.993416279716079043e-01 2.993042830030868684e-01 8.408472695831692781e-03 8.407423679862000704e-03
1.244999999999997442e+01 6.848093052912551659e-01 6.848075576090210115e-01 2.993413359532369755e-01 2.993405720127783054e-01 8.390787272690604717e-03 8.390765858802483670e-03
1.249999999999997335e+01 6.848100377949581929e-01 6.849072300823136894e-01 2.993416812624198897e-01 2.993841656027435016e-01 8.373193881466300253e-03 8.374382254622206659e-03
1.254999999999997229e+01 6.848099417143184153e-01 6.847462067940313091e-01 2.993416509869016862e-01 2.993137914084958995e-01 8.355663670255464998e-03 8.354886012798219685e-03
1.259999999999997300e+01 6.848095072352050616e-01 6.848500873295454427e-01 2.993415358248224800e-01 2.993592740536809016e-01 8.338204340524311975e-03 8.338698441606718498e-03
1.264999999999997371e+01 6.848103283203127445e-01 6.848850893036444454e-01 2.993419220242721224e-01 2.993746012867152251e-01 8.320831744941555377e-03 8.321740133056721236e-03
1.269999999999997264e+01 6.848098004362156432e-01 6.847830490535358194e-01 2.993416130713735246e-01 2.993299196025619446e-01 8.303512151771812871e-03 8.303187783704917002e-03
1.274999999999997158e+01 6.848098043949520930e-01 6.848520327090905635e-01 2.993416686075927036e-01 2.993601273007007180e-01 8.286274563531988158e-03 8.286785530815254236e-03
1.279999999999997229e+01 6.848106174927116596e-01 6.847928668917987460e-01 2.993421766087758229e-01 2.993344175241797744e-01 8.269120900794920889e-03 8.268906561441439693e-03
1.284999999999997300e+01 6.848099221034668060e-01 6.847858041922890715e-01 2.993418060028363303e-01 2.993312636627563084e-01 8.252013949078887411e-03 8.251723326333745487e-03
1.289999999999997193e+01 6.848100708597791852e-01 6.848452376345499637e-01 2.993417531451587621e-01 2.993571251212150397e-01 8.234986331366139084e-03 8.235409219290659374e-03
1.294999999999997087e+01 6.848105047235643061e-01 6.847590704822582586e-01 2.993421124441486558e-01 2.993196296779844223e-01 8.218040149461881480e-03 8.217422914975560863e-03
1.299999999999997158e+01 6.848100275532424952e-01 6.848101984024129729e-01 2.993420344619746043e-01 2.993421091430339409e-01 8.201151629095205023e-03 8.201153675151624800e-03
1.304999999999997229e+01 6.848103497773561088e-01 6.848535454093326313e-01 2.993419891568918079e-01 2.993608706857748825e-01 8.184333264713386860e-03 8.184849506104584574e-03
1.309999999999997122e+01 6.848102753532309128e-01 6.847951550463408088e-01 2.993419129966916614e-01 2.993353036601316131e-01 8.167582892133477823e-03 8.167402555528838898e-03
1.314999999999997016e+01 6.848102412281923401e-01 6.848245449369516624e-01 2.993421529782702706e-01 2.993484053715871340e-01 8.150909543315742675e-03 8.151079792282845543e-03
1.319999999999997087e+01 6.848109276559695147e-01 6.848270797188638070e-01 2.993424610837243094e-01 2.993495214241235214e-01 8.134306007709909969e-03 8.134497864785974683e-03
1.324999999999997158e+01 6.848104156971647205e-01 6.848156127947334637e-01 2.993420083684347199e-01 2.993442801061131364e-01 8.117749379482985458e-03 8.117810985928501644e-03
1.329999999999997051e+01 6.848104856703978172e-01 6.848140794922924490e-01 2.993421336810365707e-01 2.993437046007823010e-01 8.101275607064599774e-03 8.101318121807379868e-03
1.334999999999996945e+01 6.848112343040645422e-01 6.848186102079891757e-01 2.993426935110887754e-01 2.993459176447438308e-01 8.084880310900448633e-03 8.084967390810106694e-03
1.339999999999997016e+01 6.848105335350392897e-01 6.848309919382493671e-01 2.993422589715470927e-01 2.993512016853809854e-01 8.068524500580794359e-03 8.068765544080360938e-03
1.344999999999997087e+01 6.848105585566177655e-01 6.848082786810170131e-01 2.993421120847392647e-01 2.993411155131048274e-01 8.052242423261321211e-03 8.052215615685412095e-03
1.349999999999996980e+01 6.848109959698147620e-01 6.848516723311185439e-01 2.993424972580052135e-01 2.993602775851957887e-01 8.036040194845786577e-03 8.036517519065667151e-03
1.354999999999996874e+01 6.848105401361727074e-01 6.848273267440475598e-01 2.993424155364328154e-01 2.993497532502316094e-01 8.019890570299616564e-03 8.020087160086590214e-03
1.359999999999996945e+01 6.848108765810646537e-01 6.847752665309930764e-01 2.993423795041860735e-01 2.993268137509434990e-01 8.003806938614610109e-03 8.003390742003846370e-03
1.364999999999997016e+01 6.848108304441348215e-01 6.848518713883576803e-01 2.993423292111179190e-01 2.993602688979489779e-01 7.987787303832375591e-03 7.988266014621731720e-03
1.369999999999996909e+01 6.848106554353596831e-01 6.847938081517626063e-01 2.993424414643978126e-01 2.993350772288037032e-01 7.971835991062534155e-03 7.971639872937525198e-03
1.374999999999996803e+01 6.848113353788086721e-01 6.847628060993893317e-01 2.993427339098315709e-01 2.993215209327303450e-01 7.955953060726430812e-03 7.955389260670584287e-03
1.379999999999996874e+01 6.848108021500194376e-01 6.848424808844761902e-01 2.993423681907042555e-01 2.993562155005945469e-01 7.940115867127443827e-03 7.940483169777053443e-03
1.384999999999996945e+01 6.848107546198174411e-01 6.847876562863685068e-01 2.993424042915040495e-01 2.993323076179003062e-01 7.924352198319110224e-03 7.924084913776325081e-03
1.389999999999996838e+01 6.848114494522828943e-01 6.848305445110294265e-01 2.993428080089584054e-01 2.993511547860294719e-01 7.908660713578831089e-03 7.908881236090617092e-03
1.394999999999996732e+01 6.848107680172744738e-01 6.848486006509393320e-01 2.993424633360437515e-01 2.993590006252988545e-01 7.893011557970839795e-03 7.893447610423182104e-03
1.399999999999996803e+01 6.848110419550433869e-01 6.847797651163514132e-01 2.993425455994656037e-01 2.993288739616870586e-01 7.877435410512263411e-03 7.877075630570723117e-03
1.404999999999996874e+01 6.848114611832648579e-01 6.848838523745843787e-01 2.993427770987548975e-01 2.993744205239534661e-01 7.861924546257524626e-03 7.862755627680993037e-03
1.409999999999996767e+01 6.848108781852544347e-01 6.848272754315187782e-01 2.993425390491767368e-01 2.993497065657664269e-01 7.846462360397828129e-03 7.846650237634780062e-03
1.414999999999996660e+01 6.848114848083888262e-01 6.847504706201784641e-01 2.993428058036310402e-01 2.993161354590210266e-01 7.831074056340913206e-03 7.830376336403438095e-03
1.419999999999996732e+01 6.848114363243181790e-01 6.848764305003951502e-01 2.993427986880130565e-01 2.993712087546873679e-01 7.815738869138730630e-03 7.816480646336493657e-03
1.424999999999996803e+01 6.848109489718233744e-01 6.848066974175398558e-01 2.993425577444739361e-01 2.993406993175087294e-01 7.800457530800633706e-03 7.800409102736393513e-03
1.429999999999996696e+01 6.848115476476809294e-01 6.847726903341998517e-01 2.993428297517781722e-01 2.993258445560496028e-01 7.785249148290728817e-03 7.784807400677502820e-03
1.434999999999996589e+01 6.848112093981741921e-01 6.848580198247612438e-01 2.993427623289587336e-01 2.993632239718291288e-01 7.770091170122235547e-03 7.770622296478378772e-03
1.439999999999996660e+01 6.848110767622469508e-01 6.847946911735850462e-01 2.993426792063326181e-01 2.993355167842035591e-01 7.754991689283238267e-03 7.754806134305801228e-03
1.444999999999996732e+01 6.848114626298914542e-01 6.848222303991254867e-01 2.993427610626713253e-01 2.993474678381108367e-01 7.739955037173152329e-03 7.740076737895570415e-03
1.449999999999996625e+01 6.848111328051872393e-01 6.848293706692947236e-01 2.993427035650690904e-01 2.993506756485935227e-01 7.724972995227600940e-03 7.725178726415328143e-03
1.454999999999996518e+01 6.848115011934478025e-01 6.847639773883438252e-01 2.993429664983897620e-01 2.993221930201781511e-01 7.710057089462722148e-03 7.709522035291141440e-03
1.459999999999996589e+01 6.848116121804003198e-01 6.848453885142246067e-01 2.993428991821966978e-01 2.993576633969250445e-01 7.695190210339256619e-03 7.695569753134330268e-03
1.464999999999996660e+01 6.848112541528466046e-01 6.848141643459058070e-01 2.993426801429754924e-01 2.993439522380013651e-01 7.680376655368206795e-03 7.680409294111654323e-03
1.469999999999996554e+01 6.848117217775233634e-01 6.847704775137779531e-01 2.993430596266339894e-01 2.993250310448953844e-01 7.665635329747358395e-03 7.665173650317432669e-03
1.474999999999996447e+01 6.848117082046344395e-01 6.848674950118521787e-01 2.993430907944174546e-01 2.993674761767028958e-01 7.650941617748699929e-03 7.651564886305516414e-03
1.479999999999996518e+01 6.848113991609060536e-01 6.848215511446298365e-01 2.993427780687565321e-01 2.993472156745184964e-01 7.636295358896860556e-03 7.636408563125482787e-03
1.484999999999996589e+01 6.848115791986779666e-01 6.848104545479640759e-01 2.993428946060737728e-01 2.993424030019444793e-01 7.621715967054721284e-03 7.621703450081345962e-03
1.489999999999996483e+01 6.848117327009826116e-01 6.848673260168285370e-01 2.993431584639969500e-01 2.993674592724675509e-01 7.607195894891928545e-03 7.607813450380380288e-03
1.494999999999996376e+01 6.848117126094807050e-01 6.847923565088197551e-01 2.993430777169022727e-01 2.993346168295696330e-01 7.592722326364050034e-03 7.592507719202791147e-03
1.499999999999996447e+01 6.848115398994267800e-01 6.848165995104312787e-01 2.993428499155963429e-01 2.993450615582006202e-01 7.578299997863209743e-03 7.578355988815216500e-03
1.504999999999996518e+01 6.848117870632822735e-01 6.848367620058090077e-01 2.993430989791041608e-01 2.993540159592642524e-01 7.563944383552863478e-03 7.564220239021216853e-03
1.509999999999996412e+01 6.848119064335173034e-01 6.847617088778535921e-01 2.993432811176306441e-01 2.993213388866686753e-01 7.549641390104186965e-03 7.549087992097580635e-03
1.514999999999996305e+01 6.848116172739373564e-01 6.848237826525138683e-01 2.993430117489019882e-01 2.993483294464560629e-01 7.535381038361294026e-03 7.535514901106519364e-03
1.519999999999996376e+01 6.848117851107506926e-01 6.848223039255542099e-01 2.993430294594094931e-01 2.993476274145820959e-01 7.521181644708790741e-03 7.521297171220665823e-03
1.524999999999996447e+01 6.848117503163151376e-01 6.847851124412269730e-01 2.993431883303081520e-01 2.993315444494086819e-01 7.507039205775763689e-03 7.506747196223425775e-03
1.529999999999996341e+01 6.848117923818969333e-01 6.848536405089428181e-01 2.993432350553211219e-01 2.993615276049972351e-01 7.492947060208298218e-03 7.493404946307825887e-03
1.534999999999996234e+01 6.848119798250020818e-01 6.847990491142135205e-01 2.993431842342406668e-01 2.993375319964646231e-01 7.478905290049746475e-03 7.478764072366397321e-03
1.539999999999996305e+01 6.848116947486658779e-01 6.848084867581487600e-01 2.993430987017018374e-01 2.993416964332690222e-01 7.464915179593572571e-03 7.464880210305970681e-03
1.544999999999996376e+01 6.848121311139058198e-01 6.848675397854279145e-01 2.993434143154818372e-01 2.993676344193066940e-01 7.450987288499869021e-03 7.451590153560848188e-03
1.549999999999996270e+01 6.848122681011664659e-01 6.847645829068883527e-01 2.993434376946458864e-01 2.993225936609635873e-01 7.437104042103013721e-03 7.436586177912149660e-03
1.554999999999996163e+01 6.848118036299016831e-01 6.848187210762094468e-01 2.993431749417635457e-01 2.993461986781087436e-01 7.423265342635187655e-03 7.423340326797499278e-03
1.559999999999996234e+01 6.848123110345690767e-01 6.848705154406414808e-01 2.993434642016148395e-01 2.993689063676868711e-01 7.409491688158793658e-03 7.410121444744735379e-03
1.564999999999996305e+01 6.848121869624305136e-01 6.847723017133681145e-01 2.993434558374008514e-01 2.993260212932753461e-01 7.395761725445367668e-03 7.395330976980253081e-03
1.569999999999996199e+01 6.848118726745601181e-01 6.848385578115459005e-01 2.993432942387921347e-01 2.993549587807361467e-01 7.382078772843220227e-03 7.382366431090914283e-03
1.574999999999996092e+01 6.848123664304497371e-01 6.848429701262828129e-01 2.993435167365292582e-01 2.993568941496498326e-01 7.368455796591499678e-03 7.368785086760621349e-03
1.579999999999996163e+01 6.848120128800770923e-01 6.847901071508288862e-01 2.993433838838747141e-01 2.993338085040678775e-01 7.354874296901108693e-03 7.354639029583986791e-03
1.584999999999996234e+01 6.848120697118640354e-01 6.848434687528730525e-01 2.993434177862949186e-01 2.993571428601751183e-01 7.341346849449303762e-03 7.341683454572055234e-03
1.589999999999996128e+01 6.848125160035563042e-01 6.847805249683239781e-01 2.993436498084469655e-01 2.993296659617388222e-01 7.327873924319397436e-03 7.327531602490556552e-03
1.594999999999996021e+01 6.848120737865248664e-01 6.847943911507481385e-01 2.993434630415514608e-01 2.993357336488732257e-01 7.314440147624969718e-03 7.314251280363437240e-03
1.599999999999996092e+01 6.848123211330794380e-01 6.848507093426169368e-01 2.993435303055964614e-01 2.993603104682928118e-01 7.301061714770655173e-03 7.301470987031542445e-03
1.604999999999996163e+01 6.848124978082688052e-01 6.847643410275252585e-01 2.993436516311780426e-01 2.993226014508079125e-01 7.287733454197892202e-03 7.287220972630755952e-03
1.609999999999995879e+01 6.848121793696589910e-01 6.848187416933921856e-01 2.993435910562503022e-01 2.993464595647423732e-01 7.274449357381550241e-03 7.274519065971879993e-03
1.614999999999995950e+01 6.848125346390767643e-01 6.848626607945198508e-01 2.993436896785337531e-01 2.993656007090139681e-01 7.261217457332546331e-03 7.261748955949410070e-03
1.619999999999996021e+01 6.848123777206520657e-01 6.847946235185874420e-01 2.993435671463126058e-01 2.993358064714901623e-01 7.248028260201284240e-03 7.247840350399287895e-03
1.624999999999996092e+01 6.848123303853694832e-01 6.848340371798066206e-01 2.993436631231960465e-01 2.993531515495475581e-01 7.234892160077255850e-03 7.235121487602367944e-03
1.629999999999996163e+01 6.848128345968763631e-01 6.848340165179643835e-01 2.993439364162905347e-01 2.993531954127914840e-01 7.221807874940673957e-03 7.222031252419587252e-03
1.634999999999995879e+01 6.848124453316820626e-01 6.848069030820919112e-01 2.993436413159211718e-01 2.993412187005252134e-01 7.208757165946337066e-03 7.208698824816994581e-03
1.639999999999995950e+01 6.848124793260498278e-01 6.848252625103758984e-01 2.993436589241367241e-01 2.993492466803245877e-01 7.195761031830220922e-03 7.195895352892428716e-03
1.644999999999996021e+01 6.848129233652601178e-01 6.848049332619445817e-01 2.993440111945233628e-01 2.993405185770584565e-01 7.182819704727625224e-03 7.182735898669679458e-03
1.649999999999995737e+01 6.848125036017419509e-01 6.848134570785604502e-01 2.993437976120083555e-01 2.993442143937847799e-01 7.169911320048114912e-03 7.169921302845155310e-03
1.654999999999995808e+01 6.848125330986578607e-01 6.848214092494241401e-01 2.993436739549322212e-01 2.993475538774694744e-01 7.157051379675616679e-03 7.157144145307110794e-03
1.659999999999995879e+01 6.848127117976473555e-01 6.848151956245769334e-01 2.993438426445573786e-01 2.993449283695808205e-01 7.144244454524053926e-03 7.144270366815782917e-03
1.664999999999995950e+01 6.848125294385568607e-01 6.848171477002669150e-01 2.993438912674780683e-01 2.993459099928543754e-01 7.131480435199011314e-03 7.131528528716016974e-03
1.669999999999996021e+01 6.848127833528523389e-01 6.848066857955535935e-01 2.993438931813507953e-01 2.993412278301992302e-01 7.118760836655201735e-03 7.118697451372168160e-03
1.674999999999995737e+01 6.848126505628608918e-01 6.848231826908385278e-01 2.993437569101535800e-01 2.993483606901137239e-01 7.106083250092677488e-03 7.106192538637725459e-03
1.679999999999995808e+01 6.848126590968776073e-01 6.848052865809552969e-01 2.993439034287805889e-01 2.993406807697585048e-01 7.093457427222299265e-03 7.093381060894761621e-03
1.684999999999995879e+01 6.848131340153075231e-01 6.848007927348677137e-01 2.993441573210426920e-01 2.993387627250426730e-01 7.080878943135260513e-03 7.080751335896940182e-03
1.689999999999995595e+01 6.848127309509297600e-01 6.848286449562605016e-01 2.993438503981962207e-01 2.993508066935681722e-01 7.068331768552459267e-03 7.068496025822163485e-03
1.694999999999995666e+01 6.848127462578537106e-01 6.848042857132680128e-01 2.993438638459171575e-01 2.993401655909995185e-01 7.055836507858989463e-03 7.055749336263994996e-03
1.699999999999995737e+01 6.848131853355143850e-01 6.848371850323662358e-01 2.993441801214750120e-01 2.993546708213200569e-01 7.043392473446481554e-03 7.043639313442835899e-03
1.704999999999995808e+01 6.848127490058288913e-01 6.848364541744637046e-01 2.993439604832323075e-01 2.993543224384870305e-01 7.030979694262660083e-03 7.031223075478272577e-03
1.709999999999995879e+01 6.848128997898300652e-01 6.847948724794332698e-01 2.993439404234790047e-01 2.993360603643693274e-01 7.018615250257431715e-03 7.018430489199760543e-03
1.714999999999995595e+01 6.848131060107233159e-01 6.848594774210150504e-01 2.993440858438789487e-01 2.993643556186558197e-01 7.006298088797644798e-03 7.006772513017115421e-03
1.719999999999995666e+01 6.848128032786692243e-01 6.848177814634633931e-01 2.993440124070745334e-01 2.993461884613242141e-01 6.994018981473715084e-03 6.994069823862725764e-03
1.724999999999995737e+01 6.848131851109945378e-01 6.847709617978513519e-01 2.993441334130215736e-01 2.993256768450736072e-01 6.981787368233749631e-03 6.981356894345750429e-03
1.729999999999995453e+01 6.848130506420829766e-01 6.848462455296621121e-01 2.993440534617248794e-01 2.993585635418012370e-01 6.969593794219449377e-03 6.969931630775360286e-03
1.734999999999995524e+01 6.848128473190954191e-01 6.848002191026296703e-01 2.993440039380914630e-01 2.993384839177030132e-01 6.957443438421659875e-03 6.957315140446332889e-03
1.739999999999995595e+01 6.848132919075613501e-01 6.847906254272353443e-01 2.993442052271446663e-01 2.993342973009717189e-01 6.945341188564851942e-03 6.945111306287056821e-03
1.744999999999995666e+01 6.848129419515464056e-01 6.848378581358209871e-01 2.993440451265471092e-01 2.993549364385141853e-01 6.933272614396006166e-03 6.933524874082563211e-03
1.749999999999995737e+01 6.848129604325060571e-01 6.847966504160448720e-01 2.993440592347411666e-01 2.993369298332611006e-01 6.921249924502696597e-03 6.921085082849978178e-03
1.754999999999995453e+01 6.848133065251658103e-01 6.848356654318273895e-01 2.993441972519315097e-01 2.993539707316554832e-01 6.909271719606047309e-03 6.909497304827604686e-03
1.759999999999995524e+01 6.848129549707179242e-01 6.848275268599836041e-01 2.993440547483970926e-01 2.993504243831804912e-01 6.897328450423906819e-03 6.897475216202326141e-03
1.764999999999995595e+01 6.848132826904476111e-01 6.847808544019556853e-01 2.993442390117402319e-01 2.993300640218758968e-01 6.885433904812896314e-03 6.885107855592324973e-03
1.769999999999995310e+01 6.848134131243450717e-01 6.848528715441560832e-01 2.993442701554548391e-01 2.993615181410425041e-01 6.873576811835943254e-03 6.873972862021653606e-03
1.774999999999995381e+01 6.848130663502453030e-01 6.848174367270203344e-01 2.993440731560395029e-01 2.993459835261088609e-01 6.861755258591174279e-03 6.861799049309096760e-03
1.779999999999995453e+01 6.848134560054836006e-01 6.847832169750521780e-01 2.993443082387854393e-01 2.993310902133992091e-01 6.849984170223933841e-03 6.849681698247131814e-03
1.784999999999995524e+01 6.848134006371034976e-01 6.848546878733879906e-01 2.993443314707993075e-01 2.993623788690137344e-01 6.838248577288401006e-03 6.838660853661089611e-03
1.789999999999995595e+01 6.848131473852695494e-01 6.848166582144362691e-01 2.993441358530423146e-01 2.993456704995762774e-01 6.826548138039742822e-03 6.826583135680198630e-03
1.794999999999995310e+01 6.848133673787875075e-01 6.848093184025169089e-01 2.993442125110870045e-01 2.993424426308963771e-01 6.814893853411212177e-03 6.814853560179781090e-03
1.799999999999995381e+01 6.848133220652167230e-01 6.848413024060403531e-01 2.993443084605863502e-01 2.993565391744239523e-01 6.803279737740609671e-03 6.803557708509645925e-03
1.804999999999995453e+01 6.848133584381821404e-01 6.847953894093486982e-01 2.993443211276402005e-01 2.993364665397131308e-01 6.791703258709941120e-03 6.791525049114319028e-03
1.809999999999995168e+01 6.848133740061671526e-01 6.848188068323440847e-01 2.993442130770342935e-01 2.993465878628349675e-01 6.780163376603279453e-03 6.780217165636137459e-03
1.814999999999995239e+01 6.848133473087941736e-01 6.848182634669135460e-01 2.993442514158177747e-01 2.993464003570991405e-01 6.768665944959146620e-03 6.768714536056520681e-03
1.819999999999995310e+01 6.848135529689847179e-01 6.847790562042560536e-01 2.993444588043889798e-01 2.993293796411284902e-01 6.757211259692764635e-03 6.756870872260248295e-03
1.824999999999995381e+01 6.848134799925194027e-01 6.848300936493530999e-01 2.993443532099180349e-01 2.993516153396871271e-01 6.745788241350276528e-03 6.745951894978875762e-03
1.829999999999995453e+01 6.848134086059597392e-01 6.848168043046571896e-01 2.993442363867855338e-01 2.993457207076543058e-01 6.734403518262902129e-03 6.734436911308318632e-03
1.834999999999995168e+01 6.848135081303470262e-01 6.848012815639773487e-01 2.993443927363357293e-01 2.993390482826389087e-01 6.723063284364653829e-03 6.722943251715652116e-03
1.839999999999995239e+01 6.848135957884831093e-01 6.848505906332993387e-01 2.993444950842818475e-01 2.993606662047303413e-01 6.711759979468213434e-03 6.712122560644188246e-03
1.844999999999995310e+01 6.848135929478842421e-01 6.848096558434785264e-01 2.993443818768792841e-01 2.993426608974816272e-01 6.700489801385109759e-03 6.700451279182588135e-03
1.849999999999995026e+01 6.848134705143161804e-01 6.848175961710826209e-01 2.993443140376925715e-01 2.993461174366440769e-01 6.689258414250123796e-03 6.689298713668035030e-03
1.854999999999995097e+01 6.848137563335338074e-01 6.848496930224847734e-01 2.993445613471098499e-01 2.993602699281522339e-01 6.678071641876416435e-03 6.678422084286731071e-03
1.859999999999995168e+01 6.848138057260617639e-01 6.847850666184960300e-01 2.993445766079344539e-01 2.993320142210280643e-01 6.666917073673383869e-03 6.666637287773464343e-03
1.864999999999995239e+01 6.848135205614812593e-01 6.848182128720141648e-01 2.993443602686022276e-01 2.993464113622977818e-01 6.655794558501449548e-03 6.655840163697570797e-03
1.869999999999995310e+01 6.848138078876618851e-01 6.848396026817900051e-01 2.993445317008588402e-01 2.993558070730544252e-01 6.644717684813747881e-03 6.644967970545059138e-03
1.874999999999995026e+01 6.848137476192023287e-01 6.847859926770945016e-01 2.993445843497195558e-01 2.993324521581013364e-01 6.633674999439779195e-03 6.633406142007796692e-03
1.879999999999995097e+01 6.848135722156994953e-01 6.848305001802950098e-01 2.993444655914119235e-01 2.993518651125677277e-01 6.622665167951602080e-03 6.622828874171863243e-03
1.884999999999995168e+01 6.848138306002257147e-01 6.848204284211869552e-01 2.993445421780676075e-01 2.993474262052393531e-01 6.611696127621603629e-03 6.611759827835225756e-03
1.889999999999994884e+01 6.848136304879793856e-01 6.848002363079270793e-01 2.993445109635630708e-01 2.993386561235029664e-01 6.600760991478799890e-03 6.600631888059613726e-03
1.894999999999994955e+01 6.848137579830122501e-01 6.848410968909445229e-01 2.993445916779798877e-01 2.993565420135806399e-01 6.589864428794284766e-03 6.590127507178450590e-03
1.899999999999995026e+01 6.848139859756608994e-01 6.847856491601037598e-01 2.993446657637738317e-01 2.993322792255963538e-01 6.579003643159875118e-03 6.578731411551578395e-03
1.904999999999995097e+01 6.848136924575929374e-01 6.848073329163588685e-01 2.993445435042891845e-01 2.993417636329335219e-01 6.568174295212060934e-03 6.568113299680395506e-03
1.909999999999995168e+01 6.848139795140882891e-01 6.848510369846855239e-01 2.993446882313699486e-01 2.993608867280630470e-01 6.557386379657621431e-03 6.557741220768094521e-03
1.914999999999994884e+01 6.848140260192161488e-01 6.847793696927726437e-01 2.993447142241016934e-01 2.993295653110521481e-01 6.546631256951387923e-03 6.546299952127996452e-03
1.919999999999994955e+01 6.848137706457388951e-01 6.848248266719761945e-01 2.993446209056258578e-01 2.993494536968526187e-01 6.535908753397955129e-03 6.536014272857054372e-03
1.924999999999995026e+01 6.848140975938346031e-01 6.848547172977298425e-01 2.993447635275663377e-01 2.993625191428490595e-01 6.525226452916987191e-03 6.525613496301896702e-03
1.929999999999994742e+01 6.848139265854703561e-01 6.847987539069423368e-01 2.993446671904677059e-01 2.993380349357368519e-01 6.514573823513998378e-03 6.514429487176003931e-03
1.934999999999994813e+01 6.848138598215488537e-01 6.848340683477268653e-01 2.993446734601246106e-01 2.993535069768286094e-01 6.503958141447585203e-03 6.504150070110356098e-03
1.939999999999994884e+01 6.848142237093413076e-01 6.848226288956033025e-01 2.993448733601131728e-01 2.993485474213841702e-01 6.493381200870144629e-03 6.493460898511597967e-03
1.944999999999994955e+01 6.848139309151468623e-01 6.848031442933937285e-01 2.993447006215006478e-01 2.993399855917477925e-01 6.482830549464020480e-03 6.482728437287455479e-03
1.949999999999995026e+01 6.848139772485954957e-01 6.848287158807173647e-01 2.993446987181584973e-01 2.993511412434844976e-01 6.472317810122355485e-03 6.472457107967241954e-03
1.954999999999994742e+01 6.848142415986453457e-01 6.847923012295811240e-01 2.993448957975275437e-01 2.993353052588203500e-01 6.461843406314691195e-03 6.461636379035529294e-03
1.959999999999994813e+01 6.848139697135804393e-01 6.848088554681974749e-01 2.993447931534867212e-01 2.993425576226798057e-01 6.451396404169983806e-03 6.451348224626731256e-03
1.964999999999994884e+01 6.848140583170299056e-01 6.848322803833710726e-01 2.993447465185895551e-01 2.993527117169725305e-01 6.440984325305864136e-03 6.441155712038150287e-03
1.969999999999994600e+01 6.848141063411155027e-01 6.848010585476553835e-01 2.993447899381176391e-01 2.993390865085937547e-01 6.430607732290400703e-03 6.430485209636826668e-03
1.974999999999994671e+01 6.848140170945151706e-01 6.848198736419922605e-01 2.993448536118834546e-01 2.993474136169409494e-01 6.420264956823248416e-03 6.420319863097940193e-03
1.979999999999994742e+01 6.848142544851223423e-01 6.848270242233214233e-01 2.993449141164907790e-01 2.993504960040748175e-01 6.409955334400242039e-03 6.410074860900971151e-03
1.984999999999994813e+01 6.848140939874447497e-01 6.848142371474266188e-01 2.993447604263060891e-01 2.993448230041514391e-01 6.399674194041829640e-03 6.399675531889939713e-03
1.989999999999994884e+01 6.848141256667181764e-01 6.848172173004523078e-01 2.993448558942041204e-01 2.993462073041998073e-01 6.389431289097216755e-03 6.389460134561372046e-03
1.994999999999994600e+01 6.848144674283209721e-01 6.848158311496146400e-01 2.993450758164514225e-01 2.993456719242637565e-01 6.379223778720339785e-03 6.379236482136691616e-03
1.999999999999994671e+01 6.848141614642208053e-01 6.848205874739322629e-01 2.993448510140157559e-01 2.993476599409158334e-01 6.369039383276941385e-03 6.369099147679070823e-03
2.004999999999994742e+01 6.848141630101046706e-01 6.848145312598480361e-01 2.993448174659120165e-01 2.993449784346217113e-01 6.358891502196760935e-03 6.358894921606420003e-03
2.009999999999994458e+01 6.848144213691692572e-01 6.848272550199426822e-01 2.993450369769190544e-01 2.993506468028009904e-01 6.348781272044953794e-03 6.348900250324527803e-03
2.014999999999994529e+01 6.848141526256348310e-01 6.848248818489451883e-01 2.993449300344956931e-01 2.993496199764147381e-01 6.338696242128029866e-03 6.338795552703340927e-03
2.019999999999994600e+01 6.848142286075874496e-01 6.848053940494598368e-01 2.993448679355844577e-01 2.993410061880834583e-01 6.328644142401373268e-03 6.328562498690993264e-03
2.024999999999994671e+01 6.848142956624305722e-01 6.848354059421568607e-01 2.993449217733026302e-01 2.993541494647706802e-01 6.318626317114577583e-03 6.318821096881713228e-03
2.029999999999994742e+01 6.848141732176316054e-01 6.848122845835852290e-01 2.993449527627021212e-01 2.993441272057970615e-01 6.308639678876767735e-03 6.308622280417230076e-03
2.034999999999994458e+01 6.848144306582995000e-01 6.847901449743326596e-01 2.993450269740534075e-01 2.993344112533607992e-01 6.298685470258893505e-03 6.298462098966044892e-03
2.039999999999994529e+01 6.848142610166352284e-01 6.848290312530044277e-01 2.993448976772989933e-01 2.993513540190346767e-01 6.288758354565116178e-03 6.288893991996538126e-03
2.044999999999994600e+01 6.848142080493860862e-01 6.848029698408728549e-01 2.993449251909718889e-01 2.993400127626852925e-01 6.278865761740375431e-03 6.278762721818265113e-03
2.049999999999994316e+01 6.848145348139668132e-01 6.848084772884920346e-01 2.993451023296046509e-01 2.993424544731545511e-01 6.269007378630475115e-03 6.268951926139373562e-03
2.054999999999994387e+01 6.848142234696520392e-01 6.848311014705352751e-01 2.993449239201673162e-01 2.993523016055558150e-01 6.259172481341721168e-03 6.259326745542212987e-03
2.059999999999994458e+01 6.848142739905005438e-01 6.848034550150889910e-01 2.993449361352314986e-01 2.993402069617510097e-01 6.249372361904634299e-03 6.249273631769342204e-03
2.064999999999994529e+01 6.848145257642116457e-01 6.848420645538967344e-01 2.993450793123678677e-01 2.993571170260440617e-01 6.239605613598090371e-03 6.239856529985296323e-03
2.069999999999994600e+01 6.848142345383626539e-01 6.848270203609752027e-01 2.993449529020936195e-01 2.993505418213577851e-01 6.229863744060231377e-03 6.229980058717133999e-03
2.074999999999994316e+01 6.848144656418619913e-01 6.847905780499059514e-01 2.993450433747605333e-01 2.993346016673945620e-01 6.220156745449580658e-03 6.219939774906911058e-03
2.079999999999994387e+01 6.848145259684422781e-01 6.848475896954572262e-01 2.993450737051643884e-01 2.993595264707307191e-01 6.210478707576035269e-03 6.210778557484050375e-03
2.084999999999994458e+01 6.848142726446866391e-01 6.848147322281666893e-01 2.993449567662240796e-01 2.993451576586447782e-01 6.200827690651985157e-03 6.200831852069295727e-03
2.089999999999994174e+01 6.848145645427305972e-01 6.847889606192548717e-01 2.993450943713635848e-01 2.993339024235196488e-01 6.191211879449103235e-03 6.190980401727408725e-03
2.094999999999994245e+01 6.848144361866189689e-01 6.848398004057864030e-01 2.993450592398640975e-01 2.993561464093045243e-01 6.181622286832517271e-03 6.181851242319154685e-03
2.099999999999994316e+01 6.848142839795922088e-01 6.848100440921673915e-01 2.993449707875153187e-01 2.993431174544189943e-01 6.172061253350842429e-03 6.172023040297309332e-03
2.104999999999994387e+01 6.848145019953839618e-01 6.848116289902709264e-01 2.993450422156272994e-01 2.993437863721334358e-01 6.162533035833819839e-03 6.162507182133483002e-03
2.109999999999994458e+01 6.848143382524172207e-01 6.848286939882678448e-01 2.993450192142186328e-01 2.993512943720008090e-01 6.153032255174082504e-03 6.153161240945555915e-03
2.114999999999994174e+01 6.848144245916010231e-01 6.847977224645462879e-01 2.993450763031002548e-01 2.993377754938326696e-01 6.143562366405353088e-03 6.143412529375746368e-03
2.119999999999994245e+01 6.848145202920170593e-01 6.848268408485183034e-01 2.993450555772834143e-01 2.993504411197351889e-01 6.134119991337785675e-03 6.134230350814257049e-03
2.124999999999994316e+01 6.848143602498285576e-01 6.848163502773749745e-01 2.993449879678655723e-01 2.993458578456112962e-01 6.124705636171173286e-03 6.124723434181316220e-03
2.129999999999994031e+01 6.848145860403948015e-01 6.847903146657247087e-01 2.993451643187552413e-01 2.993345548504597886e-01 6.115325113764163469e-03 6.115108372838821624e-03
2.134999999999994102e+01 6.848145795861447782e-01 6.848366460784588439e-01 2.993451414003223121e-01 2.993547870729742488e-01 6.105969227951511119e-03 6.106165978031101622e-03
2.139999999999994174e+01 6.848144057577449928e-01 6.848185418287127124e-01 2.993449900000397790e-01 2.993467979528399159e-01 6.096639307536463361e-03 6.096676129385752638e-03
2.144999999999994245e+01 6.848145491108015293e-01 6.848074609805864243e-01 2.993451047083002248e-01 2.993420063554919075e-01 6.087343257921723309e-03 6.087280251255565433e-03
2.149999999999994316e+01 6.848145800073198730e-01 6.848437379708596229e-01 2.993451884523692375e-01 2.993579339404845996e-01 6.078074892433903836e-03 6.078333684070763576e-03
2.154999999999994031e+01 6.848145090084439834e-01 6.848132351915620086e-01 2.993450898758582834e-01 2.993445330669355364e-01 6.068831016236367511e-03 6.068819727662161032e-03
2.159999999999994102e+01 6.848144808164036146e-01 6.848176492280225736e-01 2.993450319340571486e-01 2.993464169051753831e-01 6.059616031053798729e-03 6.059644066906394802e-03
2.164999999999994174e+01 6.848145954127892177e-01 6.848324736697934956e-01 2.993451717044947058e-01 2.993529866225010938e-01 6.050432980383936045e-03 6.050590937291594820e-03
2.169999999999993889e+01 6.848146409891644470e-01 6.847933850927767629e-01 2.993452184684273210e-01 2.993359271207149952e-01 6.041275852036889424e-03 6.041088337451373282e-03
2.174999999999993960e+01 6.848144927736369292e-01 6.848170623355878117e-01 2.993450670631595534e-01 2.993461902661621599e-01 6.032142409333200901e-03 6.032165043146855803e-03
2.179999999999994031e+01 6.848145865829846635e-01 6.848216236232761434e-01 2.993451162306948188e-01 2.993481922511027626e-01 6.023040568022039465e-03 6.023102459780750595e-03
2.184999999999994102e+01 6.848146026915451490e-01 6.847952616679360283e-01 2.993452106795438938e-01 2.993367563580906499e-01 6.013967065385121200e-03 6.013797214627647665e-03
2.189999999999994174e+01 6.848145343916299810e-01 6.848292647868422511e-01 2.993451578247783296e-01 2.993515967542376144e-01 6.004917910226256587e-03 6.005047076313703956e-03
2.194999999999993889e+01 6.848146142770225042e-01 6.848146180844898456e-01 2.993451290527132658e-01 2.993451307170276188e-01 5.995896425692814891e-03 5.995896459029106951e-03
2.199999999999993960e+01 6.848145180322198211e-01 6.848100385712867499e-01 2.993451342882991195e-01 2.993431762327976031e-01 5.986902685765993146e-03 5.986863524655963026e-03
2.204999999999994031e+01 6.848146666004640837e-01 6.848401347872749012e-01 2.993452503631937045e-01 2.993563829821765943e-01 5.977938100113714542e-03 5.978160419015020322e-03
2.209999999999993747e+01 6.848147547198077945e-01 6.847964638503296619e-01 2.993452457485182849e-01 2.993372504698226244e-01 5.968997921206756901e-03 5.968838493914719635e-03
2.214999999999993818e+01 6.848145446968909589e-01 6.848153634127375211e-01 2.993451342973278972e-01 2.993454921732038310e-01 5.960082315526698746e-03 5.960089440979679000e-03
2.219999999999993889e+01 6.848147903076239329e-01 6.848434056325837238e-01 2.993452887610037472e-01 2.993577970520545639e-01 5.951198583717778531e-03 5.951447257496124583e-03
2.224999999999993960e+01 6.848147809578951639e-01 6.847912064140910804e-01 2.993452959941880209e-01 2.993349911219960191e-01 5.942338382018631272e-03 5.942133818798939725e-03
2.229999999999994031e+01 6.848145705199951694e-01 6.848241149114842052e-01 2.993451797843135198e-01 2.993493518152678945e-01 5.933502076993340743e-03 5.933584773345261520e-03
2.234999999999993747e+01 6.848148096428611220e-01 6.848385130316494429e-01 2.993452921426931201e-01 2.993556533348602500e-01 5.924696529296262330e-03 5.924901599898284472e-03
2.239999999999993818e+01 6.848146670244540379e-01 6.848017676681148469e-01 2.993452465297294918e-01 2.993396079808061661e-01 5.915913963038143229e-03 5.915802529264954299e-03
2.244999999999993889e+01 6.848146217293513693e-01 6.848302761767741664e-01 2.993452284519225737e-01 2.993520713025150659e-01 5.907157936890440782e-03 5.907292970942586499e-03
2.249999999999993605e+01 6.848148595523375626e-01 6.848108871715555823e-01 2.993453407490033191e-01 2.993436043473143293e-01 5.898430359586284005e-03 5.898396144774678551e-03
2.254999999999993676e+01 6.848146434622606193e-01 6.848045164671624496e-01 2.993452456010929907e-01 2.993408189027684241e-01 5.889724458457325749e-03 5.889637361589158439e-03
2.259999999999993747e+01 6.848147376053366209e-01 6.848310861539776973e-01 2.993452761481691926e-01 2.993524224032639847e-01 5.881046682675240139e-03 5.881187080614234432e-03
2.264999999999993818e+01 6.848148863037916145e-01 6.847896291654183010e-01 2.993453676990227574e-01 2.993343273324585718e-01 5.872395639019583648e-03 5.872179055075215162e-03
2.269999999999993889e+01 6.848146845614364597e-01 6.848121947579608459e-01 2.993453009564313039e-01 2.993442126167862316e-01 5.863766913935981005e-03 5.863745594844010922e-03
2.274999999999993605e+01 6.848148306586425704e-01 6.848389690383850370e-01 2.993453294748825710e-01 2.993558808106795421e-01 5.855165368701870966e-03 5.855371751798144411e-03
2.279999999999993676e+01 6.848148102669434634e-01 6.847999728758989990e-01 2.993453152767757697e-01 2.993388295766514773e-01 5.846588188999538027e-03 5.846461515168985441e-03
2.284999999999993747e+01 6.848147333506960921e-01 6.848246089077366650e-01 2.993453403125436729e-01 2.993496571034056641e-01 5.838036866163709773e-03 5.838121055161505507e-03
2.289999999999993463e+01 6.848149581797775554e-01 6.848334032910932123e-01 2.993454361053827784e-01 2.993534988087814819e-01 5.829511900786433186e-03 5.829668915458267875e-03
2.294999999999993534e+01 6.848147967058728636e-01 6.848111121224872422e-01 2.993453074186503970e-01 2.993436968185997360e-01 5.821007436434631928e-03 5.820976117036466731e-03
2.299999999999993605e+01 6.848148105779044981e-01 6.848230918089684982e-01 2.993453436023073566e-01 2.993489634830692747e-01 5.812530943734134890e-03 5.812601232680967948e-03
2.304999999999993676e+01 6.848150608473440037e-01 6.848143664569449340e-01 2.993455185373549154e-01 2.993452150062763106e-01 5.804081794228898791e-03 5.804075908992280437e-03
2.309999999999993747e+01 6.848148330885273083e-01 6.848136732687286621e-01 2.993453740555220843e-01 2.993448670765919140e-01 5.795650998170815381e-03 5.795641182509050221e-03
2.314999999999993463e+01 6.848148354789829195e-01 6.848198576039445928e-01 2.993453259939071742e-01 2.993475212583143197e-01 5.787246515106964258e-03 5.787288956178151221e-03
2.319999999999993534e+01 6.848149815553200570e-01 6.848132622388047874e-01 2.993454595966551501e-01 2.993447080511920655e-01 5.778869876383314723e-03 5.778855367783641492e-03
2.324999999999993605e+01 6.848148281603541054e-01 6.848177082986471875e-01 2.993454290506887272e-01 2.993466880132543695e-01 5.770514294953046387e-03 5.770538564110938920e-03
2.329999999999993321e+01 6.848148973366137149e-01 6.848155295373529183e-01 2.993453851520826436e-01 2.993456614988363462e-01 5.762182582330764580e-03 5.762187901806293047e-03
2.334999999999993392e+01 6.848148899236078391e-01 6.848199075880070374e-01 2.993453734117439424e-01 2.993475667265291795e-01 5.753875510076780601e-03 5.753917668938582364e-03
2.339999999999993463e+01 6.848148669258269372e-01 6.848134623886237282e-01 2.993454445095642402e-01 2.993448305599645254e-01 5.745593944521397087e-03 5.745582160459982921e-03
2.344999999999993534e+01 6.848150761280583643e-01 6.848071481823156947e-01 2.993455254777435126e-01 2.993420600238319018e-01 5.737336377148904119e-03 5.737269957332677243e-03
2.349999999999993605e+01 6.848149114483906841e-01 6.848213377041120209e-01 2.993453849410254719e-01 2.993481939773949829e-01 5.729098276383273215e-03 5.729152037844890792e-03
2.354999999999993321e+01 6.848149157344269877e-01 6.848098751000891715e-01 2.993454199885723366e-01 2.993432166329382804e-01 5.720887147416586771e-03 5.720845038374368363e-03
2.359999999999993392e+01 6.848151610249156862e-01 6.848187459973407165e-01 2.993455833847232794e-01 2.993471504435780695e-01 5.712701972990913250e-03 5.712731878694248845e-03
2.364999999999993463e+01 6.848149218160357599e-01 6.848267601736345300e-01 2.993454383144338316e-01 2.993506130824352685e-01 5.704534317569021247e-03 5.704632931537605145e-03
2.369999999999993179e+01 6.848149561569979449e-01 6.848093340869100265e-01 2.993454180226683414e-01 2.993429605107441605e-01 5.696392350574099039e-03 5.696345585361460052e-03
2.374999999999993250e+01 6.848151171093923573e-01 6.848376647587072208e-01 2.993455357393672855e-01 2.993553917399069952e-01 5.688276213574685637e-03 5.688463500995868428e-03
2.379999999999993321e+01 6.848149291806491235e-01 6.848227376645776854e-01 2.993454715134684641e-01 2.993488847484956361e-01 5.680179725113264182e-03 5.680244492381331979e-03
2.384999999999993392e+01 6.848150839938410561e-01 6.847968695201084310e-01 2.993455011124501741e-01 2.993375392247896727e-01 5.672108026763633334e-03 5.671957162004552175e-03
2.389999999999993463e+01 6.848150815339136832e-01 6.848357986021514909e-01 2.993454986193322398e-01 2.993545544378864998e-01 5.664058630450951454e-03 5.664229979903255552e-03
2.394999999999993179e+01 6.848149505547720395e-01 6.848105432179855123e-01 2.993454684074794425e-01 2.993435418778472856e-01 5.656031523995843843e-03 5.655995122869113788e-03
2.399999999999993250e+01 6.848151793930586928e-01 6.847958393114393916e-01 2.993455646075043886e-01 2.993371106949362925e-01 5.648029520896319725e-03 5.647870013112015961e-03
2.404999999999993321e+01 6.848150223757427657e-01 6.848292155202463372e-01 2.993454838236164761e-01 2.993516879131437047e-01 5.640046798372435992e-03 5.640163691250951565e-03
2.409999999999993037e+01 6.848149695843668283e-01 6.848076041671544711e-01 2.993454665145534044e-01 2.993422469525557350e-01 5.632087798956801790e-03 5.632027223942734535e-03
2.414999999999993108e+01 6.848151754026921001e-01 6.848185490472127324e-01 2.993455552842227974e-01 2.993470299675076163e-01 5.624153222813027368e-03 5.624180929403629903e-03
2.419999999999993179e+01 6.848149834010591741e-01 6.848253947086380133e-01 2.993454780201064702e-01 2.993500289979903473e-01 5.616237861540469660e-03 5.616323245740917521e-03
2.424999999999993250e+01 6.848150964212486036e-01 6.848016503591336512e-01 2.993455375775112559e-01 2.993396600512809869e-01 5.608347308243780832e-03 5.608237190656328690e-03
2.429999999999993321e+01 6.848152111099261585e-01 6.848340803849464198e-01 2.993455697829782158e-01 2.993538178969084029e-01 5.600478386959378482e-03 5.600632701532440132e-03
2.434999999999993037e+01 6.848150273927945397e-01 6.848184419151068791e-01 2.993454806665700740e-01 2.993469732182547638e-01 5.592629251126962978e-03 5.592657136258857506e-03
2.439999999999993108e+01 6.848152377947259728e-01 6.847963711304442258e-01 2.993456068102255951e-01 2.993373598367994326e-01 5.584806097205712548e-03 5.584652235761194267e-03
2.444999999999993179e+01 6.848152335618427067e-01 6.848371045823384851e-01 2.993456093979272037e-01 2.993551696320423394e-01 5.577002503920405578e-03 5.577180617271409492e-03
2.449999999999992895e+01 6.848150631943610289e-01 6.848176213788870204e-01 2.993454902828355246e-01 2.993466085132050480e-01 5.569218423866718545e-03 5.569239228152662695e-03
2.454999999999992966e+01 6.848152179711399778e-01 6.848079646230762485e-01 2.993455699789873137e-01 2.993423994045704140e-01 5.561459730218074743e-03 5.561400824980417511e-03
2.459999999999993037e+01 6.848151818940065860e-01 6.848343661458889953e-01 2.993456065828197232e-01 2.993539923804311442e-01 5.553721828994811344e-03 5.553877409655505297e-03
2.464999999999993108e+01 6.848151340434194267e-01 6.848115324946301152e-01 2.993455581161690304e-01 2.993439838115445895e-01 5.546003855788228347e-03 5.545974688495510126e-03
2.469999999999993179e+01 6.848151780130925514e-01 6.848172316918512692e-01 2.993455290845572492e-01 2.993464267859726746e-01 5.538307661138905033e-03 5.538324269860744713e-03
2.474999999999992895e+01 6.848151673029265751e-01 6.848218699136152665e-01 2.993455740848942614e-01 2.993485039219367927e-01 5.530634163231313433e-03 5.530688294169743870e-03
2.479999999999992966e+01 6.848152570182572951e-01 6.847977671600083971e-01 2.993456533897277394e-01 2.993380082431110756e-01 5.522982534865835715e-03 5.522841480500214825e-03
2.484999999999993037e+01 6.848152180262618849e-01 6.848203888827313346e-01 2.993455766660383377e-01 2.993478369443892673e-01 5.515349178554378867e-03 5.515390823480237348e-03
2.489999999999992752e+01 6.848151855330932847e-01 6.848162019776748988e-01 2.993455427596276586e-01 2.993459870665902134e-01 5.507737677270068549e-03 5.507745852191182727e-03
2.494999999999992824e+01 6.848152697908735931e-01 6.848026223480461194e-01 2.993456510730840847e-01 2.993401226376437574e-01 5.500149767075510933e-03 5.500048188105546333e-03
2.499999999999992895e+01 6.848152670213204507e-01 6.848315467340554408e-01 2.993456538639553965e-01 2.993527700330714802e-01 5.492580804843228900e-03 5.492711376753616100e-03
2.504999999999992966e+01 6.848152434083555340e-01 6.848164704899157851e-01 2.993455772647714008e-01 2.993461136451185389e-01 5.485031191292203019e-03 5.485041019608229498e-03
2.509999999999993037e+01 6.848152216262562986e-01 6.848158041553217279e-01 2.993455882693727421e-01 2.993458429037620938e-01 5.477503902458798549e-03 5.477508561825483561e-03
2.514999999999992752e+01 6.848153435028639935e-01 6.848364294355312465e-01 2.993457021635903548e-01 2.993549192224368438e-01 5.469999125876490349e-03 5.470167550889673894e-03
2.519999999999992824e+01 6.848153680885264993e-01 6.848044485903419520e-01 2.993456830423854020e-01 2.993409099242649862e-01 5.462512464277116848e-03 5.462425363581488620e-03
2.524999999999992895e+01 6.848152328136138944e-01 6.848173184760234511e-01 2.993455815557987121e-01 2.993464932379532595e-01 5.455044766392697607e-03 5.455061380190502976e-03
2.529999999999992610e+01 6.848153968218924081e-01 6.848316523256957611e-01 2.993456986619456028e-01 2.993528042485981144e-01 5.447601431518584586e-03 5.447730741557756627e-03
2.534999999999992681e+01 6.848153915272334746e-01 6.847979484302844089e-01 2.993457268473563859e-01 2.993381021406116282e-01 5.440176771419481805e-03 5.440038203373234391e-03
2.539999999999992752e+01 6.848152487804024524e-01 6.848213418596947877e-01 2.993456250980744970e-01 2.993482884976305103e-01 5.432769965482306569e-03 5.432818303042306375e-03
2.544999999999992824e+01 6.848153905296194832e-01 6.848247156595199669e-01 2.993456791782279636e-01 2.993497553677851863e-01 5.425386120131011833e-03 5.425459997603729323e-03
2.549999999999992895e+01 6.848153054086021374e-01 6.848055293978897451e-01 2.993456816110201535e-01 2.993414083324192898e-01 5.418021386624809720e-03 5.417944042215743980e-03
2.554999999999992610e+01 6.848153085842986210e-01 6.848285502876607644e-01 2.993456849965017152e-01 2.993514731947410912e-01 5.410676637984677788e-03 5.410781259733243517e-03
2.559999999999992681e+01 6.848154462759504790e-01 6.848070677693101072e-01 2.993457236624048612e-01 2.993420612594215324e-01 5.403352412678798407e-03 5.403286304321699117e-03
2.564999999999992752e+01 6.848152979772302862e-01 6.848099829474988409e-01 2.993456688683394651e-01 2.993433455687071199e-01 5.396046306774944686e-03 5.396004426655388354e-03
2.569999999999992468e+01 6.848154322421786677e-01 6.848331729007185453e-01 2.993457414522977533e-01 2.993534962287447421e-01 5.388762222363607628e-03 5.388901822299646538e-03
2.574999999999992539e+01 6.848155042041856877e-01 6.847947989080614972e-01 2.993457720003691591e-01 2.993367213249467085e-01 5.381497024725749069e-03 5.381334315954109000e-03
2.579999999999992610e+01 6.848153408662237540e-01 6.848170980918558692e-01 2.993457035415629797e-01 2.993464716580342966e-01 5.374249614749794686e-03 5.374263404991649375e-03
2.584999999999992681e+01 6.848155094890845396e-01 6.848389300600237206e-01 2.993457768627937332e-01 2.993560144361331332e-01 5.367024237791022737e-03 5.367207789083526526e-03
2.589999999999992752e+01 6.848154556975534213e-01 6.848031847395802396e-01 2.993457498766718405e-01 2.993403860095370517e-01 5.359816470486524626e-03 5.359720429893242641e-03
2.594999999999992468e+01 6.848153742238103359e-01 6.848261102143193835e-01 2.993457334628135680e-01 2.993504263670244692e-01 5.352628224636820330e-03 5.352712138882880812e-03
2.599999999999992539e+01 6.848155695616878758e-01 6.848291956889616117e-01 2.993458283111848361e-01 2.993517845489468421e-01 5.345461219842597388e-03 5.345567581231204513e-03
2.604999999999992610e+01 6.848154244045863148e-01 6.848095546986150417e-01 2.993457394400607097e-01 2.993431736808624954e-01 5.338310110388966821e-03 5.338264354540581472e-03
2.609999999999992326e+01 6.848154339946456171e-01 6.848245688958917166e-01 2.993457479191734549e-01 2.993497409568737222e-01 5.331179838275584490e-03 5.331250952036942388e-03
2.614999999999992397e+01 6.848156127591965570e-01 6.848076212725142664e-01 2.993458677291103154e-01 2.993423744990045821e-01 5.324070568770314024e-03 5.324008439288665205e-03
2.619999999999992468e+01 6.848154428185869724e-01 6.848104493824282990e-01 2.993457813404278856e-01 2.993435986150466688e-01 5.316976577982744298e-03 5.316937808437784477e-03
2.624999999999992539e+01 6.848154756657787168e-01 6.848243461303746837e-01 2.993457560738561618e-01 2.993496335211767168e-01 5.309902546764643134e-03 5.309971326318001401e-03
2.629999999999992610e+01 6.848155498772947603e-01 6.848048102462587217e-01 2.993458207623240774e-01 2.993411262666051398e-01 5.302848906329931875e-03 5.302765744315424482e-03
2.634999999999992326e+01 6.848154532813656159e-01 6.848170161010468382e-01 2.993458197421543510e-01 2.993465028802704264e-01 5.295812821621494366e-03 5.295824907213994223e-03
2.639999999999992397e+01 6.848155453068442977e-01 6.848250023864110858e-01 2.993458177503772744e-01 2.993499516185931242e-01 5.288795366614450384e-03 5.288868403155366250e-03
2.644999999999992468e+01 6.848154975673023115e-01 6.848136905382863349e-01 2.993457699896717727e-01 2.993449801032073143e-01 5.281795676924082479e-03 5.281781739800757262e-03
2.649999999999992184e+01 6.848155004738348817e-01 6.848183268822802816e-01 2.993458307736617252e-01 2.993470662503464608e-01 5.274816401298014663e-03 5.274838171812282726e-03
2.654999999999992255e+01 6.848156795302023925e-01 6.848176768870155584e-01 2.993459225565120452e-01 2.993467956390593043e-01 5.267856094263311147e-03 5.267871458672413777e-03
2.659999999999992326e+01 6.848155294337094912e-01 6.848177059034034064e-01 2.993457982204458245e-01 2.993467495964439173e-01 5.260910337793434435e-03 5.260927057933999056e-03
2.664999999999992397e+01 6.848155367466697285e-01 6.848159448681968575e-01 2.993458083655460289e-01 2.993459867631755866e-01 5.253985228004328170e-03 5.253988359160617280e-03
2.669999999999992468e+01 6.848157095148681428e-01 6.848193421963735261e-01 2.993459446564255000e-01 2.993475325704609835e-01 5.247080537360668435e-03 5.247108371086092737e-03
2.674999999999992184e+01 6.848155337689648681e-01 6.848215939103947658e-01 2.993458471608522187e-01 2.993484961635117791e-01 5.240189884653878929e-03 5.240236256691682346e-03
2.679999999999992255e+01 6.848155456725431023e-01 6.848136860262235004e-01 2.993458027473887562e-01 2.993449898608766535e-01 5.233318229849464806e-03 5.233304018546805839e-03
2.684999999999992326e+01 6.848156292820307689e-01 6.848274728406410494e-01 2.993458762026336428e-01 2.993510532463194984e-01 5.226466629465460582e-03 5.226557018704846430e-03
2.689999999999992042e+01 6.848155271170077718e-01 6.848181718687660346e-01 2.993458678555711572e-01 2.993470239267742583e-01 5.219631523200902491e-03 5.219651681373581320e-03
2.694999999999992113e+01 6.848156336773399966e-01 6.848040130681760651e-01 2.993458744570525187e-01 2.993407948688526776e-01 5.212814531250381002e-03 5.212726075208590215e-03
2.699999999999992184e+01 6.848155880464563694e-01 6.848254091991285986e-01 2.993458350739368612e-01 2.993501280853685387e-01 5.206014523024999306e-03 5.206089184093376510e-03
2.704999999999992255e+01 6.848155440709798869e-01 6.848099577233938140e-01 2.993458574908486325e-01 2.993434155924091788e-01 5.199233304226647499e-03 5.199190891748323856e-03
2.709999999999992326e+01 6.848157238498389088e-01 6.848053686694366426e-01 2.993459426532327772e-01 2.993414162074592433e-01 5.192470817922521624e-03 5.192392301950734049e-03
2.714999999999992042e+01 6.848155640173194669e-01 6.848242826701698149e-01 2.993458398334540860e-01 2.993496509215730628e-01 5.185722647612901054e-03 5.185788669061475696e-03
2.719999999999992113e+01 6.848155590348532495e-01 6.848097450761563287e-01 2.993458421176091733e-01 2.993433007262239487e-01 5.178993808263145440e-03 5.178949839554058618e-03
2.724999999999992184e+01 6.848157261778893279e-01 6.848251051542393331e-01 2.993459383938852358e-01 2.993500381222783391e-01 5.172284032723729191e-03 5.172354870363350503e-03
2.729999999999991900e+01 6.848155478407638164e-01 6.848249068248959404e-01 2.993458529343626662e-01 2.993499439236757542e-01 5.165588488945009951e-03 5.165659084101405056e-03
2.734999999999991971e+01 6.848156406503114191e-01 6.848054855625556048e-01 2.993458826740195144e-01 2.993414436928872879e-01 5.158912239104180772e-03 5.158835737921376417e-03
2.739999999999992042e+01 6.848157224420392541e-01 6.848352856339854355e-01 2.993459247884786567e-01 2.993544762302651208e-01 5.152253438700159401e-03 5.152400623584608118e-03
2.744999999999992113e+01 6.848155678458609508e-01 6.848182035261732858e-01 2.993458576325559450e-01 2.993470097383499340e-01 5.145609929223146986e-03 5.145629733362278545e-03
2.749999999999992184e+01 6.848157325586899935e-01 6.847992684665448193e-01 2.993459327881055065e-01 2.993387360214624371e-01 5.138985970611263665e-03 5.138862420969322019e-03
2.754999999999991900e+01 6.848156918992399644e-01 6.848320916015755433e-01 2.993459199859377362e-01 2.993530886066939622e-01 5.132377539407430647e-03 5.132500447607280143e-03
2.759999999999991971e+01 6.848155683217785894e-01 6.848141545137400588e-01 2.993458533020412204e-01 2.993452352997741928e-01 5.125785159281537502e-03 5.125774577050937891e-03
2.764999999999992042e+01 6.848157130934525716e-01 6.848085481950876297e-01 2.993459135595409881e-01 2.993427816468152702e-01 5.119211860787372184e-03 5.119158300928873355e-03
2.769999999999991758e+01 6.848156170972661272e-01 6.848269558264268309e-01 2.993458961065729174e-01 2.993508524801669068e-01 5.112654075261717328e-03 5.112738727244534910e-03
2.774999999999991829e+01 6.848156080321311512e-01 6.848095931588671359e-01 2.993458891427506208e-01 2.993432599275805961e-01 5.106113247637548286e-03 5.106068399617590819e-03
2.779999999999991900e+01 6.848156897987859315e-01 6.848203293297125960e-01 2.993458930034027521e-01 2.993479210301390747e-01 5.099589318626974489e-03 5.099623867634407205e-03
2.784999999999991971e+01 6.848155999367112612e-01 6.848187908178937633e-01 2.993458705906337780e-01 2.993472653852407017e-01 5.093081592354476404e-03 5.093105323440940378e-03
2.789999999999992042e+01 6.848157130729098929e-01 6.848015814361096965e-01 2.993459542239338411e-01 2.993397770171000172e-01 5.086592255292004573e-03 5.086487290010205733e-03
2.794999999999991758e+01 6.848157233279075218e-01 6.848259010059711827e-01 2.993459297667191432e-01 2.993503786226654473e-01 5.080117603168769584e-03 5.080193103481817074e-03
2.799999999999991829e+01 6.848156206264819357e-01 6.848168209631989578e-01 2.993458558336945519e-01 2.993463805235687669e-01 5.073658573452460852e-03 5.073667466501176684e-03
2.804999999999991900e+01 6.848157311743839903e-01 6.848068890758666205e-01 2.993459483638110097e-01 2.993420833147975024e-01 5.067218761977345005e-03 5.067153335840848642e-03
2.809999999999991616e+01 6.848157293454337768e-01 6.848321149731239066e-01 2.993459682763554008e-01 2.993531307455811197e-01 5.060794053700017059e-03 5.060915143627755554e-03
2.814999999999991687e+01 6.848156555520885647e-01 6.848178293209109535e-01 2.993458858024962144e-01 2.993468359979953863e-01 5.054383888602732161e-03 5.054399932427116639e-03
2.819999999999991758e+01 6.848156759105132885e-01 6.848167627982261196e-01 2.993458902778695085e-01 2.993463653770552790e-01 5.047991404348568453e-03 5.047999416139222970e-03
2.824999999999991829e+01 6.848157292382186512e-01 6.848297565536307641e-01 2.993459697676315034e-01 2.993521013737789893e-01 5.041616332928541139e-03 5.041719602084709408e-03
2.829999999999991900e+01 6.848157356632978976e-01 6.848074097916070357e-01 2.993459630609299760e-01 2.993423236643013574e-01 5.035255896735586593e-03 5.035194678962186601e-03
2.834999999999991616e+01 6.848156637435452998e-01 6.848168113056830597e-01 2.993458819508263424e-01 2.993463835719463173e-01 5.028910238569121206e-03 5.028918665635396038e-03
2.839999999999991687e+01 6.848157287463804144e-01 6.848216036070644552e-01 2.993459377297863488e-01 2.993485057427666129e-01 5.022582847815217598e-03 5.022625935281329126e-03
2.844999999999991758e+01 6.848157516535025024e-01 6.848019122175003082e-01 2.993459903456692217e-01 2.993399408649645155e-01 5.016271308683198024e-03 5.016169934896776324e-03
2.849999999999991473e+01 6.848156741625160970e-01 6.848208004998310727e-01 2.993459236327323802e-01 2.993481644520306073e-01 5.009973617284235042e-03 5.010011120536088033e-03
2.854999999999991545e+01 6.848157190658433757e-01 6.848180846103136821e-01 2.993459160419469356e-01 2.993469500662204741e-01 5.003692704420352466e-03 5.003709988570349126e-03
2.859999999999991616e+01 6.848156873349202645e-01 6.848101231816505763e-01 2.993459447184452227e-01 2.993435125213622650e-01 4.997428125516624811e-03 4.997387521224755901e-03
2.864999999999991687e+01 6.848157242670228628e-01 6.848290057446529966e-01 2.993459767729566012e-01 2.993517823594133986e-01 4.991179270912166933e-03 4.991276071019824789e-03
2.869999999999991758e+01 6.848157785959751997e-01 6.848093428197518096e-01 2.993459648252760896e-01 2.993431516254299041e-01 4.984945292677380770e-03 4.984898445052964727e-03
2.874999999999991473e+01 6.848156754814080927e-01 6.848151541059317449e-01 2.993459204417423525e-01 2.993456925386328571e-01 4.978726327513396770e-03 4.978722537025088990e-03
2.879999999999991545e+01 6.848158091343220510e-01 6.848321661463370180e-01 2.993460117523412123e-01 2.993531617133169398e-01 4.972525112165147171e-03 4.972643882281023095e-03
2.884999999999991616e+01 6.848158322950849142e-01 6.848011915035662200e-01 2.993460174378131944e-01 2.993396176695447553e-01 4.966337908549378448e-03 4.966231732385655365e-03
2.889999999999991331e+01 6.848156928041497782e-01 6.848189017551510327e-01 2.993459378601087684e-01 2.993473405535007625e-01 4.960164670424348395e-03 4.960187913065475240e-03
2.894999999999991402e+01 6.848158349262184474e-01 6.848324900325343245e-01 2.993460123765945280e-01 2.993532926399983252e-01 4.954009307018537867e-03 4.954129791311525678e-03
2.899999999999991473e+01 6.848157763796403064e-01 6.848057742732812647e-01 2.993459977716881326e-01 2.993416256608064652e-01 4.947867731763450939e-03 4.947795465467886081e-03
2.904999999999991545e+01 6.848157036581856705e-01 6.848244104556910905e-01 2.993459624359059434e-01 2.993497683426120659e-01 4.941741022466472621e-03 4.941803852127325120e-03
2.909999999999991616e+01 6.848158463120682660e-01 6.848211898535778719e-01 2.993460259233124976e-01 2.993483616868960473e-01 4.935631095190653322e-03 4.935669607368452574e-03
2.914999999999991331e+01 6.848157279699991218e-01 6.848095362157307076e-01 2.993459758453029806e-01 2.993432693117816790e-01 4.929534390206729080e-03 4.929489819872907852e-03
2.919999999999991402e+01 6.848157582931305720e-01 6.848249096141583170e-01 2.993459881782407628e-01 2.993499883946537654e-01 4.923453752931601125e-03 4.923519545964710406e-03
2.924999999999991473e+01 6.848158756935550651e-01 6.848035146873616696e-01 2.993460533514431532e-01 2.993406501203692560e-01 4.917388966758830075e-03 4.917300207316137664e-03
2.929999999999991189e+01 6.848157419320849426e-01 6.848114618658208697e-01 2.993459982191899460e-01 2.993441273207426701e-01 4.911337132390329596e-03 4.911306436763631170e-03
2.934999999999991260e+01 6.848158151530339133e-01 6.848282505717191437e-01 2.993460114974449970e-01 2.993514472553558958e-01 4.905301294509556431e-03 4.905390368789128500e-03
2.939999999999991331e+01 6.848158419100006666e-01 6.848032186501925578e-01 2.993460312157656400e-01 2.993405133487810899e-01 4.899280379963441567e-03 4.899190071174824163e-03
2.944999999999991402e+01 6.848157611687597512e-01 6.848194441526095355e-01 2.993460245362515870e-01 2.993476344387047128e-01 4.893273797078090230e-03 4.893300113423870723e-03
2.949999999999991473e+01 6.848158735101028682e-01 6.848299556855028669e-01 2.993460593017576166e-01 2.993522148887927115e-01 4.887282600845032320e-03 4.887383100225197417e-03
2.954999999999991189e+01 6.848158046405116162e-01 6.848120881275926441e-01 2.993460030156199769e-01 2.993443784571914179e-01 4.881304574245750282e-03 4.881278083280751398e-03
2.959999999999991260e+01 6.848158001782619353e-01 6.848218757254478373e-01 2.993460327832918599e-01 2.993486885207129466e-01 4.875342553473819250e-03 4.875385806526280098e-03
2.964999999999991331e+01 6.848159527634709587e-01 6.848195158563663565e-01 2.993461233355615425e-01 2.993476808314712301e-01 4.869396068898937564e-03 4.869421404334638333e-03
2.969999999999991047e+01 6.848158218213313830e-01 6.848145335903443875e-01 2.993460286827781536e-01 2.993454655724969715e-01 4.863461067145065896e-03 4.863451918318401762e-03
2.974999999999991118e+01 6.848158254839411541e-01 6.848191590390739769e-01 2.993460195841491922e-01 2.993474767444876949e-01 4.857541899945636184e-03 4.857565545549506064e-03
2.979999999999991189e+01 6.848159434265440604e-01 6.848137738612198877e-01 2.993461187245067823e-01 2.993451703660969798e-01 4.851638877220541997e-03 4.851623506743884054e-03
2.984999999999991260e+01 6.848158213247200754e-01 6.848169450513001966e-01 2.993460655540431947e-01 2.993465567563782237e-01 4.845747722445064784e-03 4.845755673919528890e-03
2.989999999999991331e+01 6.848158352746693822e-01 6.848178160307468731e-01 2.993460254862423398e-01 2.993468913123940034e-01 4.839871066875391439e-03 4.839885065681400790e-03
2.994999999999991047e+01 6.848158671420152555e-01 6.848179999478921642e-01 2.993460555076057350e-01 2.993469877976665527e-01 4.834009778080038122e-03 4.834024833228376186e-03
2.999999999999991118e+01 6.848158251134421892e-01 6.848165901614212681e-01 2.993460811698149815e-01 2.993464155869035581e-01 4.828162599513154823e-03 4.828167993337163788e-03
3.004999999999991189e+01 6.848159199300332123e-01 6.848123103999618211e-01 2.993460971960368866e-01 2.993445194016134403e-01 4.822329395022755157e-03 4.822303977472639294e-03
3.009999999999990905e+01 6.848158543867544079e-01 6.848193862275989696e-01 2.993460343715922400e-01 2.993475782063970136e-01 4.816509000347432221e-03 4.816533840810903987e-03
3.014999999999990976e+01 6.848158553949862393e-01 6.848128916472364658e-01 2.993460718503835327e-01 2.993447763397146799e-01 4.810704248298661861e-03 4.810683428520937978e-03
3.019999999999991047e+01 6.848160049008978900e-01 6.848135727614373947e-01 2.993461580881042750e-01 2.993450949534838257e-01 4.804914255025760465e-03 4.804897190264598161e-03
3.024999999999991118e+01 6.848158652567895022e-01 6.848217898415773774e-01 2.993460611000877680e-01 2.993486508489675568e-01 4.799135248097609677e-03 4.799176767117726596e-03
3.029999999999991189e+01 6.848158702038863455e-01 6.848131689803357292e-01 2.993460549861202136e-01 2.993448742298779885e-01 4.793371577039564832e-03 4.793352669813909055e-03
3.034999999999990905e+01 6.848159939580186206e-01 6.848263698045885528e-01 2.993461446256577840e-01 2.993506801062764122e-01 4.787623264704653561e-03 4.787695803379081808e-03
3.039999999999990976e+01 6.848158606178679220e-01 6.848228562135927344e-01 2.993460848241469296e-01 2.993491427325740695e-01 4.781886339043891002e-03 4.781935187421321697e-03
3.044999999999991047e+01 6.848159235831321467e-01 6.848082417540761746e-01 2.993460846951602194e-01 2.993427268213549874e-01 4.776164095654740482e-03 4.776110519686567295e-03
3.049999999999990763e+01 6.848159640438168383e-01 6.848304261767240719e-01 2.993461117726884391e-01 2.993524334466578507e-01 4.770455964505006079e-03 4.770556708313283475e-03
3.054999999999990834e+01 6.848158706719545963e-01 6.848157194001733838e-01 2.993460886016716671e-01 2.993460224778886625e-01 4.764760662183403425e-03 4.764759609675914276e-03
3.059999999999990905e+01 6.848159999723012481e-01 6.848022418478645346e-01 2.993461354810937891e-01 2.993401215424857931e-01 4.759080055343313867e-03 4.758984444236668242e-03
3.064999999999990976e+01 6.848159331077301459e-01 6.848257755981486117e-01 2.993460973430706051e-01 2.993503996832359570e-01 4.753411629107920193e-03 4.753479947332062312e-03
3.069999999999991047e+01 6.848158730525070181e-01 6.848116474257792685e-01 2.993460800245469899e-01 2.993442329225063370e-01 4.747757018628827666e-03 4.747727722799475851e-03
3.074999999999990763e+01 6.848160086825116899e-01 6.848120058275901645e-01 2.993461390173219883e-01 2.993443892930885974e-01 4.742117053739764929e-03 4.742089335336067621e-03
3.079999999999990834e+01 6.848158904928006718e-01 6.848234928806394839e-01 2.993460883614920132e-01 2.993494115102293129e-01 4.736488739897035637e-03 4.736541321364398129e-03
3.084999999999990905e+01 6.848159163753072542e-01 6.848097972153525115e-01 2.993461014224059191e-01 2.993434266208532257e-01 4.730874775541786537e-03 4.730832502897730323e-03
3.089999999999990621e+01 6.848160116762379568e-01 6.848251521291728316e-01 2.993461341620755611e-01 2.993501296283086477e-01 4.725274414555268379e-03 4.725337484266918693e-03
3.094999999999990692e+01 6.848158977750926635e-01 6.848194696065513787e-01 2.993460843771932334e-01 2.993476456928179097e-01 4.719685997275426675e-03 4.719710613997928246e-03
3.099999999999990763e+01 6.848160147843735945e-01 6.848045663157558138e-01 2.993461528311065489e-01 2.993411484869286099e-01 4.714112643009562599e-03 4.714033834439830886e-03
3.104999999999990834e+01 6.848160368679890864e-01 6.848290757929508255e-01 2.993461560786057074e-01 2.993518556414905829e-01 4.708551412954877814e-03 4.708641063963683697e-03
3.109999999999990905e+01 6.848159225074350598e-01 6.848173372522060598e-01 2.993460840090302888e-01 2.993467024209175431e-01 4.703002105405041863e-03 4.703011821224165924e-03
3.114999999999990621e+01 6.848160377929412013e-01 6.848080158425441377e-01 2.993461525940827039e-01 2.993426460465500316e-01 4.697468067384595949e-03 4.697413041138496365e-03
3.119999999999990692e+01 6.848160141604079376e-01 6.848293111762260299e-01 2.993461647647419621e-01 2.993519771444259625e-01 4.691946156187188841e-03 4.692037259317031854e-03
3.124999999999990763e+01 6.848159457632372327e-01 6.848163893318963691e-01 2.993461070710922156e-01 2.993463009634105276e-01 4.686436118529829602e-03 4.686439154026006935e-03
3.129999999999990479e+01 6.848159979267653963e-01 6.848160307764481480e-01 2.993461123779876942e-01 2.993461267372095058e-01 4.680939990273469409e-03 4.680940214811730657e-03
3.134999999999990550e+01 6.848159874366215316e-01 6.848235014697997558e-01 2.993461458276036602e-01 2.993494303549990576e-01 4.675457178096122969e-03 4.675508478797340411e-03
3.139999999999990621e+01 6.848160158819510679e-01 6.848079502927285622e-01 2.993461665498823310e-01 2.993426409267094801e-01 4.669986997658081250e-03 4.669931995736508433e-03
3.144999999999990692e+01 6.848160038052272247e-01 6.848179977932358220e-01 2.993461201495591917e-01 2.993469917597006980e-01 4.664528557063652402e-03 4.664542138834458507e-03
3.149999999999990763e+01 6.848159914855331820e-01 6.848169285744181156e-01 2.993461208876223578e-01 2.993465305070327487e-01 4.659083593581680831e-03 4.659089968981064596e-03
3.154999999999990479e+01 6.848160540850972700e-01 6.848052950200734790e-01 2.993461907056129689e-01 2.993414877125811779e-01 4.653652401175493308e-03 4.653579288186270556e-03
3.159999999999990550e+01 6.848160307692378046e-01 6.848231107269774354e-01 2.993461636180774210e-01 2.993492584027972470e-01 4.648232354317982477e-03 4.648280409981333898e-03
3.164999999999990621e+01 6.848160080668874716e-01 6.848173281255410805e-01 2.993461176415836977e-01 2.993466946643582594e-01 4.642824624142448918e-03 4.642833573700797661e-03
3.169999999999990337e+01 6.848160214410488056e-01 6.848138687464269125e-01 2.993461536251178501e-01 2.993452126412115000e-01 4.637430730056057819e-03 4.637416152458747991e-03
3.174999999999990408e+01 6.848160673558499889e-01 6.848291406612104781e-01 2.993462016347256949e-01 2.993519162265541045e-01 4.632049541736578402e-03 4.632137968689435670e-03
3.179999999999990479e+01 6.848160733752194362e-01 6.848127836782406108e-01 2.993461716648900817e-01 2.993447336755746813e-01 4.626679623877754874e-03 4.626657398386017049e-03
3.184999999999990550e+01 6.848160112911853004e-01 6.848174305972714038e-01 2.993461285168009800e-01 2.993467489225377642e-01 4.621321937735262120e-03 4.621331515593027697e-03
3.189999999999990621e+01 6.848161125098062296e-01 6.848276736236265094e-01 2.993462117082502649e-01 2.993512652920693462e-01 4.615978592262929420e-03 4.616056519538474200e-03
3.194999999999990337e+01 6.848161224340919562e-01 6.848053326529438545e-01 2.993462216151538957e-01 2.993415051955006234e-01 4.610646463075156708e-03 4.610573818952657180e-03
3.199999999999990408e+01 6.848160203604710672e-01 6.848182351464265905e-01 2.993461460388525675e-01 2.993471141640429156e-01 4.605325323674664718e-03 4.605340217908362663e-03
3.204999999999990479e+01 6.848161136787680459e-01 6.848243147712034240e-01 2.993461937676629159e-01 2.993497786216934298e-01 4.600018344489643397e-03 4.600073432526993050e-03
3.209999999999990195e+01 6.848160779141252430e-01 6.848078313695603603e-01 2.993462032020914876e-01 2.993425984797658534e-01 4.594722996194814876e-03 4.594667666611919506e-03
3.214999999999990621e+01 6.848160363030957321e-01 6.848229092245319283e-01 2.993461776979572386e-01 2.993491819832725387e-01 4.589439290118174121e-03 4.589485350452636447e-03
3.219999999999990337e+01 6.848161245528661123e-01 6.848159099849010500e-01 2.993462025091585543e-01 2.993461087174045243e-01 4.584168491717599374e-03 4.584167055396710759e-03
3.224999999999990052e+01 6.848160432192094138e-01 6.848119087795698778e-01 2.993461783278132948e-01 2.993443710852436990e-01 4.578909037519142237e-03 4.578881393273336563e-03
3.229999999999990479e+01 6.848161024931657126e-01 6.848259947214360155e-01 2.993462137345604956e-01 2.993505378167007347e-01 4.573662547510483171e-03 4.573728614464497508e-03
3.234999999999990195e+01 6.848161710655742418e-01 6.848044647946469610e-01 2.993462386034011491e-01 2.993411215686140325e-01 4.568427906957678135e-03 4.568349814095607961e-03
3.239999999999990621e+01 6.848160643016242277e-01 6.848147493694617394e-01 2.993461916016493252e-01 2.993456168196668710e-01 4.563204140269054576e-03 4.563195378348590230e-03
3.244999999999990337e+01 6.848161641636564267e-01 6.848298912966469532e-01 2.993462379791342887e-01 2.993522383714058988e-01 4.557993726366729552e-03 4.558085091304248798e-03
3.249999999999990052e+01 6.848161605108971095e-01 6.848054831807419696e-01 2.993462378842778326e-01 2.993415706191095982e-01 4.552794492536554709e-03 4.552723507514984738e-03
3.254999999999989768e+01 6.848160822572819662e-01 6.848212821946283446e-01 2.993462123481847037e-01 2.993484853402907930e-01 4.547606720063583456e-03 4.547641250896946284e-03
3.259999999999990195e+01 6.848161977687668989e-01 6.848290248786459422e-01 2.993462633248440419e-01 2.993518703000062064e-01 4.542431916917218787e-03 4.542517000000104339e-03
3.264999999999990621e+01 6.848161231969777107e-01 6.848117895690509771e-01 2.993462178617992686e-01 2.993443235501942468e-01 4.537267417382340705e-03 4.537238704815383002e-03
3.269999999999990337e+01 6.848161114938837724e-01 6.848228163087562992e-01 2.993462230534333912e-01 2.993491538562791376e-01 4.532115413375231369e-03 4.532159785863433370e-03
3.274999999999990052e+01 6.848162355623960140e-01 6.848160219990796493e-01 2.993462956097794336e-01 2.993462022571625747e-01 4.526976115081740408e-03 4.526974703321939332e-03
3.279999999999989768e+01 6.848161264749271782e-01 6.848124374332108522e-01 2.993462329932071730e-01 2.993446204424823343e-01 4.521846419836977188e-03 4.521822061064698431e-03
3.284999999999990195e+01 6.848161420260056031e-01 6.848212071234390796e-01 2.993462241255759881e-01 2.993484381764700553e-01 4.516729145614133308e-03 4.516762552643843569e-03
3.289999999999989910e+01 6.848162186312313215e-01 6.848083877708964762e-01 2.993462859979392210e-01 2.993428629788961182e-01 4.511624506374376994e-03 4.511572916034616368e-03
3.294999999999990337e+01 6.848161309819502662e-01 6.848154077450435695e-01 2.993462602573389031e-01 2.993459441166209656e-01 4.506530075383358321e-03 4.506525316019896824e-03
3.299999999999990052e+01 6.848161673596211418e-01 6.848225848763926926e-01 2.993462438969858308e-01 2.993490491163020017e-01 4.501447276646412810e-03 4.501489460395528136e-03
3.304999999999989768e+01 6.848161657812501524e-01 6.848131142441977737e-01 2.993462415714123193e-01 2.993449076862132463e-01 4.496376140764746926e-03 4.496356104937497891e-03
3.309999999999990195e+01 6.848161471075037143e-01 6.848182889053332500e-01 2.993462730217546497e-01 2.993472092426666675e-01 4.491316924557469184e-03 4.491330971382856072e-03
3.314999999999989910e+01 6.848162425436152834e-01 6.848193043544124059e-01 2.993463064218501168e-01 2.993476447980394362e-01 4.486269110855763131e-03 4.486289168947772514e-03
3.319999999999990337e+01 6.848161687005761555e-01 6.848168146015845004e-01 2.993462381960583230e-01 2.993465205317360489e-01 4.481231110719445347e-03 4.481235337301447269e-03
3.324999999999990052e+01 6.848161778345787098e-01 6.848167444451283004e-01 2.993462636150749923e-01 2.993465112913952231e-01 4.476205811066551188e-03 4.476209514637695397e-03
3.329999999999989768e+01 6.848162977863372358e-01 6.848169969096773446e-01 2.993463467889608820e-01 2.993466523891904485e-01 4.471192633143563321e-03 4.471197197747440490e-03
3.334999999999989484e+01 6.848161816380409217e-01 6.848192558594308199e-01 2.993462689338880489e-01 2.993476127349365967e-01 4.466188272046083853e-03 4.466208321297088051e-03
3.339999999999989910e+01 6.848161803319768870e-01 6.848159802002503627e-01 2.993462467037966146e-01 2.993461592223922718e-01 4.461195927031255844e-03 4.461194623284544560e-03
3.344999999999990337e+01 6.848162596420153125e-01 6.848224536824784048e-01 2.993463162141120071e-01 2.993490237479490279e-01 4.456216095483626904e-03 4.456256401160397021e-03
3.349999999999990052e+01 6.848161709610440795e-01 6.848196772641339525e-01 2.993462879623582928e-01 2.993478206347146564e-01 4.451245917655895223e-03 4.451268708322904215e-03
3.354999999999989768e+01 6.848162115903035918e-01 6.848113105504601839e-01 2.993462730304453645e-01 2.993441306921270639e-01 4.446287011220884620e-03 4.446255190376943896e-03
3.359999999999989484e+01 6.848162161675180881e-01 6.848237332035487235e-01 2.993462751446523962e-01 2.993495609849738948e-01 4.441339393837583083e-03 4.441388145177665135e-03
3.364999999999989910e+01 6.848161763424512882e-01 6.848142089713277203e-01 2.993462877196600980e-01 2.993454277440013023e-01 4.436402930265442683e-03 4.436390185164905235e-03
3.369999999999989626e+01 6.848162795064922648e-01 6.848073312236283572e-01 2.993463253453347850e-01 2.993424138793349121e-01 4.431477799338793579e-03 4.431419894586759514e-03
3.374999999999990052e+01 6.848161990804079169e-01 6.848215644512878342e-01 2.993462673791096318e-01 2.993486126854095764e-01 4.426562179358377314e-03 4.426596860412719894e-03
3.379999999999989768e+01 6.848161813760244021e-01 6.848121143787937459e-01 2.993462725557105575e-01 2.993444947933057154e-01 4.421658383393076153e-03 4.421632123977938152e-03
3.384999999999989484e+01 6.848162974723501772e-01 6.848169993793593591e-01 2.993463362869623889e-01 2.993466431039765174e-01 4.416766304492262922e-03 4.416770831486200623e-03
3.389999999999989910e+01 6.848161792724872798e-01 6.848225791664106499e-01 2.993462736220774412e-01 2.993490711383387515e-01 4.411883177923037538e-03 4.411924408818561696e-03
3.394999999999989626e+01 6.848162109311375367e-01 6.848115289937265482e-01 2.993462809331490782e-01 2.993442343686414375e-01 4.407011865044531407e-03 4.406981735276292028e-03
3.399999999999990052e+01 6.848162898073362204e-01 6.848278490817381048e-01 2.993463233799376066e-01 2.993513761602885070e-01 4.402151814410856442e-03 4.402226120004251730e-03
3.404999999999989768e+01 6.848161838280494296e-01 6.848198225683744811e-01 2.993462775931094999e-01 2.993478681562374843e-01 4.397301176542198556e-03 4.397324541406362648e-03
3.409999999999989484e+01 6.848162790678414824e-01 6.848063431298010428e-01 2.993463187065817932e-01 2.993419755176620622e-01 4.392462490191966634e-03 4.392398760347216227e-03
3.414999999999989200e+01 6.848162818175625999e-01 6.848280405788641501e-01 2.993463204657745846e-01 2.993514604456820605e-01 4.387633865383294696e-03 4.387709204040787792e-03
3.419999999999989626e+01 6.848161886423194122e-01 6.848158942646146441e-01 2.993462737590135703e-01 2.993461450808799773e-01 4.382815135563898623e-03 4.382813251550229591e-03
3.424999999999990052e+01 6.848162919629701140e-01 6.848082792855016976e-01 2.993463216155112239e-01 2.993428191206748412e-01 4.378008360007485701e-03 4.377957135220116383e-03
3.429999999999989768e+01 6.848162357212672635e-01 6.848251338084282436e-01 2.993463078131692878e-01 2.993501973376859748e-01 4.373211217139079399e-03 4.373268039995422372e-03
3.434999999999989484e+01 6.848161931980994988e-01 6.848140885533980926e-01 2.993462815457671455e-01 2.993453615652357236e-01 4.368424393225361219e-03 4.368410967752447277e-03
3.439999999999989200e+01 6.848162625174686324e-01 6.848169198298135196e-01 2.993462971360131286e-01 2.993465844598214298e-01 4.363648646297577441e-03 4.363652834691284822e-03
3.444999999999989626e+01 6.848162028074253893e-01 6.848203600076167019e-01 2.993462878925953197e-01 2.993481050844786218e-01 4.358882968949341456e-03 4.358909429697551199e-03
3.449999999999989342e+01 6.848162513058424494e-01 6.848086297491201568e-01 2.993463219510168472e-01 2.993429904223505744e-01 4.354128319287527485e-03 4.354079860688745383e-03
3.454999999999989768e+01 6.848162731847988738e-01 6.848214500000220362e-01 2.993463077445026599e-01 2.993485706295765381e-01 4.349383330831868046e-03 4.349416209656043440e-03
3.459999999999989484e+01 6.848162103263675249e-01 6.848166517739628922e-01 2.993462731533255150e-01 2.993464661185188946e-01 4.344648376681077388e-03 4.344651177337004178e-03
3.464999999999989200e+01 6.848162919048371711e-01 6.848079480356660254e-01 2.993463397627426081e-01 2.993426924974462722e-01 4.339925186846586500e-03 4.339872308770525468e-03
3.469999999999989626e+01 6.848162854376065312e-01 6.848255274696818384e-01 2.993463360667553141e-01 2.993503759362771133e-01 4.335211239199942244e-03 4.335269745637622060e-03
3.474999999999989342e+01 6.848162232232017921e-01 6.848180593921617820e-01 2.993462759334672985e-01 2.993470785580569782e-01 4.330506704281634339e-03 4.330518315487271938e-03
3.479999999999989768e+01 6.848162607545045244e-01 6.848151782615579108e-01 2.993463050334439490e-01 2.993458318550421549e-01 4.325813656552667669e-03 4.325806818714491783e-03
3.484999999999989484e+01 6.848162810661178046e-01 6.848270731967639469e-01 2.993463450598483622e-01 2.993510625073647624e-01 4.321130928326944245e-03 4.321199025728841327e-03
3.489999999999989200e+01 6.848162654432847773e-01 6.848140882194467816e-01 2.993463182215450047e-01 2.993453665152658871e-01 4.316457364405850219e-03 4.316443641171832310e-03
3.494999999999988916e+01 6.848162371156727435e-01 6.848173401130365212e-01 2.993462804526028087e-01 2.993467625938551757e-01 4.311793740764904674e-03 4.311800685543476334e-03
3.499999999999989342e+01 6.848162829082887759e-01 6.848220079699715024e-01 2.993463307270590734e-01 2.993488332613163383e-01 4.307141449310211874e-03 4.307177456997366739e-03
3.504999999999989768e+01 6.848163000420807167e-01 6.848072565836876846e-01 2.993463549387486156e-01 2.993424018694279543e-01 4.302498813348893530e-03 4.302441995967353459e-03
3.509999999999989484e+01 6.848162384853164752e-01 6.848178091262860923e-01 2.993462972951730361e-01 2.993469838524306370e-01 4.297865000648582422e-03 4.297874857895640083e-03
3.514999999999989200e+01 6.848162715229090258e-01 6.848187301732038268e-01 2.993463063108570132e-01 2.993473810339832841e-01 4.293242112740877463e-03 4.293257526482380237e-03
3.519999999999988916e+01 6.848162658277637815e-01 6.848101440669915885e-01 2.993463363817554512e-01 2.993436604426009673e-01 4.288629461056678478e-03 4.288591123819508050e-03
3.524999999999989342e+01 6.848162545005996860e-01 6.848231678534860700e-01 2.993463295033890192e-01 2.993493514626335283e-01 4.284026182517205149e-03 4.284069430592260357e-03
3.529999999999989058e+01 6.848162876695519374e-01 6.848149289760929737e-01 2.993463167437189210e-01 2.993457228327827124e-01 4.279432691118222228e-03 4.279424200611628426e-03
3.534999999999989484e+01 6.848162365216875491e-01 6.848150976332995077e-01 2.993463070630445477e-01 2.993458092330940623e-01 4.274849083370870807e-03 4.274841974053477343e-03
3.539999999999989200e+01 6.848163067339615440e-01 6.848265503395969400e-01 2.993463580383290967e-01 2.993508357150578281e-01 4.270276148906273529e-03 4.270340024465885120e-03
3.544999999999988916e+01 6.848163358329559802e-01 6.848077839956471236e-01 2.993463594839840258e-01 2.993426213118182133e-01 4.265712283348552583e-03 4.265659014062257205e-03
3.549999999999989342e+01 6.848162458199759106e-01 6.848170274655017709e-01 2.993463089951157174e-01 2.993466506673592153e-01 4.261157423418026995e-03 4.261162287079856177e-03
3.554999999999989058e+01 6.848163404082530104e-01 6.848277321538810414e-01 2.993463649003100802e-01 2.993513444509463550e-01 4.256613791685898499e-03 4.256684599373580444e-03
3.559999999999989484e+01 6.848163224572980656e-01 6.848078986009359381e-01 2.993463624887374719e-01 2.993426802593900371e-01 4.252079012624121988e-03 4.252026708229982369e-03
3.564999999999989200e+01 6.848162487021759448e-01 6.848209143109532659e-01 2.993463238542982685e-01 2.993483632814273321e-01 4.247553371469300898e-03 4.247582309775494933e-03
3.569999999999988916e+01 6.848163416497818901e-01 6.848241244704214026e-01 2.993463654382526595e-01 2.993497674585164914e-01 4.243038489557099044e-03 4.243086710964098437e-03
3.574999999999988631e+01 6.848162746104241583e-01 6.848117931106013634e-01 2.993463396491715667e-01 2.993443806995702561e-01 4.238532242820138712e-03 4.238504505480650969e-03
3.579999999999989058e+01 6.848162705919820237e-01 6.848224058599575725e-01 2.993463387627310901e-01 2.993490206061460990e-01 4.234035908949530802e-03 4.234073841671100527e-03
3.584999999999989484e+01 6.848163600571285370e-01 6.848120868621954127e-01 2.993463831631459904e-01 2.993445152675722198e-01 4.229549744445732472e-03 4.229523352420669693e-03
3.589999999999989200e+01 6.848162701160620536e-01 6.848124535689182890e-01 2.993463431406993003e-01 2.993446748546483294e-01 4.225071886248411845e-03 4.225048339515159387e-03
3.594999999999988916e+01 6.848163099568679302e-01 6.848231861934440667e-01 2.993463532388073167e-01 2.993493589737951099e-01 4.220604204988480379e-03 4.220646584050698202e-03
3.599999999999988631e+01 6.848163538838633047e-01 6.848064642904939658e-01 2.993463817067416599e-01 2.993420587755282192e-01 4.216146221221723708e-03 4.216085334866604556e-03
3.604999999999989058e+01 6.848162804392220471e-01 6.848165360833911031e-01 2.993463622778654853e-01 2.993464740248467093e-01 4.211696971901037097e-03 4.211698544141363743e-03
3.609999999999988773e+01 6.848163411417447222e-01 6.848261351079633075e-01 2.993463737569095340e-01 2.993506548876245787e-01 4.207257536991007921e-03 4.207317707485948646e-03
3.614999999999989200e+01 6.848163176575002842e-01 6.848119244739481193e-01 2.993463551095255637e-01 2.993444347646830872e-01 4.202827028564777405e-03 4.202800066896226865e-03
3.619999999999988916e+01 6.848162980294427715e-01 6.848204904248459401e-01 2.993463709009724916e-01 2.993482034776108192e-01 4.198406323996818103e-03 4.198432026333962126e-03
3.624999999999988631e+01 6.848163922808806481e-01 6.848219561374641051e-01 2.993464166242552071e-01 2.993488486929813952e-01 4.193995329236510292e-03 4.194029403754565531e-03
3.629999999999989058e+01 6.848163169025426322e-01 6.848152027942421283e-01 2.993463571384601396e-01 2.993458701403367561e-01 4.189592122301761395e-03 4.189585306372812547e-03
3.634999999999988773e+01 6.848163215462071962e-01 6.848190763968321493e-01 2.993463644250203837e-01 2.993475686231289457e-01 4.185199083187990908e-03 4.185215919232850371e-03
3.639999999999989200e+01 6.848164151699861479e-01 6.848153670515316760e-01 2.993464350485747216e-01 2.993459768958262046e-01 4.180816131963343424e-03 4.180809733181939380e-03
3.644999999999988916e+01 6.848163229153677589e-01 6.848163820364445709e-01 2.993463823190742890e-01 2.993464081620337280e-01 4.176440632285663944e-03 4.176440992843172273e-03
3.649999999999988631e+01 6.848163227934954689e-01 6.848181146401665087e-01 2.993463571160071002e-01 2.993471403665746156e-01 4.172074663637739822e-03 4.172085580021955668e-03
3.654999999999988347e+01 6.848163676945078215e-01 6.848166981957259924e-01 2.993463991535719737e-01 2.993465436220079656e-01 4.167718749092554423e-03 4.167720760487416722e-03
3.659999999999988773e+01 6.848163162826543804e-01 6.848174984178367897e-01 2.993463969798457747e-01 2.993469137138943248e-01 4.163371307091049550e-03 4.163378493934562219e-03
3.664999999999989200e+01 6.848163551905165347e-01 6.848154718537620145e-01 2.993463871240843455e-01 2.993460010006162575e-01 4.159032818674331458e-03 4.159027453985646855e-03
3.669999999999988916e+01 6.848163365986470463e-01 6.848186933998698933e-01 2.993463660630673040e-01 2.993473962661216126e-01 4.154703206982206590e-03 4.154717505428484267e-03
3.674999999999988631e+01 6.848163312348318765e-01 6.848150506059632603e-01 2.993463956898791967e-01 2.993458359023587478e-01 4.150383302459340236e-03 4.150375541107236693e-03
3.679999999999988347e+01 6.848164230414499620e-01 6.848131019918435314e-01 2.993464392497581228e-01 2.993449875550545647e-01 4.146072565786133868e-03 4.146052459211292153e-03
3.684999999999988773e+01 6.848163430618543490e-01 6.848194087167899236e-01 2.993463755582703723e-01 2.993477156149191298e-01 4.141769291709042344e-03 4.141787832790312478e-03
3.689999999999988489e+01 6.848163426415740940e-01 6.848143275647582406e-01 2.993463813869777779e-01 2.993455005581839856e-01 4.137475900303780145e-03 4.137463725752380146e-03
3.694999999999988916e+01 6.848164374558732836e-01 6.848199528342275855e-01 2.993464460963869422e-01 2.993479827359293299e-01 4.133192213964620269e-03 4.133213430941387774e-03
3.699999999999988631e+01 6.848163391782655651e-01 6.848214700649104536e-01 2.993463930207165280e-01 2.993486358299520811e-01 4.128915765802996032e-03 4.128946701102797004e-03
3.704999999999988347e+01 6.848163613974097563e-01 6.848132223700289511e-01 2.993463849179155423e-01 2.993450127887556933e-01 4.124648775996091025e-03 4.124629869634949438e-03
3.709999999999988773e+01 6.848164139520284133e-01 6.848263546527766366e-01 2.993464227969555580e-01 2.993507680684012184e-01 4.120391229139108887e-03 4.120451040170707707e-03
3.714999999999988489e+01 6.848163406719989243e-01 6.848184189387647169e-01 2.993463997479127725e-01 2.993473081983061279e-01 4.116141625959622054e-03 4.116154117542892427e-03
3.719999999999988916e+01 6.848164139837826792e-01 6.848078033369344730e-01 2.993464197927627746e-01 2.993426559134901854e-01 4.111901370779717096e-03 4.111849669141357660e-03
3.724999999999988631e+01 6.848163954090448202e-01 6.848242695211700370e-01 2.993464076041221222e-01 2.993498495298609896e-01 4.107669401085733626e-03 4.107716631627604358e-03
3.729999999999988347e+01 6.848163428825378984e-01 6.848139952974440225e-01 2.993463937552401921e-01 2.993453675806472258e-01 4.103446110421397029e-03 4.103432043600383460e-03
3.734999999999988773e+01 6.848164366586056984e-01 6.848099836232866000e-01 2.993464344905611974e-01 2.993436137447218481e-01 4.099232242253500642e-03 4.099193615128004196e-03
3.739999999999988489e+01 6.848163633467779787e-01 6.848220341821837920e-01 2.993463978339767628e-01 2.993488766651529742e-01 4.095025962161115071e-03 4.095059872300323839e-03
3.744999999999988205e+01 6.848163523793553420e-01 6.848131081940683762e-01 2.993463950231467496e-01 2.993449769273798244e-01 4.090828766971608965e-03 4.090809387459932132e-03
3.749999999999988631e+01 6.848164296938795692e-01 6.848197918851831600e-01 2.993464254571983618e-01 2.993478951356476347e-01 4.086640620576096478e-03 4.086660684445710817e-03
3.754999999999988347e+01 6.848163506482090046e-01 6.848199904963023776e-01 2.993463941348908364e-01 2.993479851824774052e-01 4.082460199589383644e-03 4.082481898158583748e-03
3.759999999999988063e+01 6.848164105681991964e-01 6.848098593920591837e-01 2.993464266796515005e-01 2.993435630345375742e-01 4.078289191820874855e-03 4.078250177582266010e-03
3.764999999999988489e+01 6.848164450158509275e-01 6.848246858243272062e-01 2.993464343104172976e-01 2.993500365262390384e-01 4.074126360128179844e-03 4.074175386542902046e-03
3.769999999999988205e+01 6.848163669889821836e-01 6.848174300973667306e-01 2.993463912361502555e-01 2.993468559412504337e-01 4.069971328839578316e-03 4.069977647059838666e-03
3.774999999999988631e+01 6.848164525924459456e-01 6.848091507798235167e-01 2.993464430909356100e-01 2.993432513281962803e-01 4.065826052168913969e-03 4.065782700552760323e-03
3.779999999999988347e+01 6.848164427155222223e-01 6.848256691432496046e-01 2.993464455924301770e-01 2.993504786415415175e-01 4.061688542638140081e-03 4.061743265149827045e-03
3.784999999999988063e+01 6.848163769832483760e-01 6.848174537850215682e-01 2.993463965766074431e-01 2.993468672673523789e-01 4.057558747226136173e-03 4.057565127310784267e-03
3.789999999999988489e+01 6.848164297230544539e-01 6.848147766946828252e-01 2.993464197332575960e-01 2.993456971627944663e-01 4.053438317308846219e-03 4.053428533010090470e-03
3.794999999999988205e+01 6.848164175127997577e-01 6.848236626731920573e-01 2.993464382688545422e-01 2.993496052679256447e-01 4.049326185578021493e-03 4.049369026282398712e-03
3.799999999999988631e+01 6.848164112973650353e-01 6.848135296538659933e-01 2.993464291968891411e-01 2.993451695750730668e-01 4.045222016174187217e-03 4.045204994257753546e-03
3.804999999999988347e+01 6.848164168756849524e-01 6.848174544313250234e-01 2.993464062196136144e-01 2.993468597551078858e-01 4.041125969890170359e-03 4.041132092542809584e-03
3.809999999999988063e+01 6.848164127329799955e-01 6.848182499862045525e-01 2.993464198149471400e-01 2.993472229136533436e-01 4.037038702831394384e-03 4.037049533562428634e-03
3.814999999999988489e+01 6.848164534667862124e-01 6.848085872070661662e-01 2.993464601640609679e-01 2.993430216704471292e-01 4.032960056100528233e-03 4.032913730824491151e-03
3.819999999999988205e+01 6.848164322243771585e-01 6.848193178399213377e-01 2.993464296512031719e-01 2.993476910092399690e-01 4.028888689787400376e-03 4.028905666342405024e-03
3.824999999999987921e+01 6.848164170601599432e-01 6.848170475887865871e-01 2.993464069305135089e-01 2.993466825466847281e-01 4.024825639401872698e-03 4.024829345165519164e-03
3.829999999999988347e+01 6.848164421468698748e-01 6.848125036151484490e-01 2.993464464325134022e-01 2.993447248244993641e-01 4.020771610913554360e-03 4.020748486561451923e-03
3.834999999999988063e+01 6.848164507310084970e-01 6.848242960107123745e-01 2.993464585073496442e-01 2.993498878301891208e-01 4.016725374134187676e-03 4.016771389871718820e-03
3.839999999999987779e+01 6.848164459479965105e-01 6.848161868973932087e-01 2.993464284158371402e-01 2.993463151798403388e-01 4.012686707987102655e-03 4.012685190078297930e-03
3.844999999999988205e+01 6.848164223278412344e-01 6.848171387429285994e-01 2.993464191091257387e-01 2.993467322679286280e-01 4.008656432663226625e-03 4.008660626286298691e-03
3.849999999999987921e+01 6.848164826696816476e-01 6.848252282412485847e-01 2.993464720497747145e-01 2.993502949075196318e-01 4.004635077588969416e-03 4.004686219498600208e-03
3.854999999999988347e+01 6.848164932876138478e-01 6.848104889881849733e-01 2.993464704988328950e-01 2.993438459039823307e-01 4.000621055781271307e-03 4.000585979338230382e-03
3.859999999999988063e+01 6.848164265594774980e-01 6.848173909449386532e-01 2.993464202542729380e-01 2.993468418056907110e-01 3.996614422620475837e-03 3.996620050810299751e-03
3.864999999999987779e+01 6.848164949317120387e-01 6.848231637787622894e-01 2.993464648037336140e-01 2.993493798850781484e-01 3.992617069739703983e-03 3.992655950451201585e-03
3.869999999999988205e+01 6.848164834245515920e-01 6.848094694706232666e-01 2.993464745820881845e-01 2.993434086477362310e-01 3.988627242932563620e-03 3.988586391042463729e-03
3.874999999999987921e+01 6.848164299489046813e-01 6.848198660455955267e-01 2.993464384185300364e-01 2.993479404025092272e-01 3.984644770962140342e-03 3.984664764093310933e-03
3.879999999999988347e+01 6.848164904867016789e-01 6.848193633893783216e-01 2.993464575873798772e-01 2.993477133883881702e-01 3.980670978555592848e-03 3.980687678037086660e-03
3.884999999999988063e+01 6.848164446578894893e-01 6.848128476964499001e-01 2.993464520143274132e-01 2.993448797132336470e-01 3.976704776012330092e-03 3.976683888584979856e-03
3.889999999999987779e+01 6.848164604688856683e-01 6.848225592381641524e-01 2.993464606619966606e-01 2.993491265514769406e-01 3.972746657757098010e-03 3.972782037843100404e-03
3.894999999999988205e+01 6.848165172785251054e-01 6.848109863688307541e-01 2.993464794253365424e-01 2.993440617582633356e-01 3.968796545248090731e-03 3.968764491326006415e-03
3.899999999999987921e+01 6.848164472400595226e-01 6.848144370577308182e-01 2.993464505596195036e-01 2.993455718702312529e-01 3.964853649796294850e-03 3.964842011526251847e-03
3.904999999999987637e+01 6.848165091105753444e-01 6.848247562763012386e-01 2.993464814766763071e-01 2.993500864716046594e-01 3.960919371176672976e-03 3.960967072068877042e-03
3.909999999999988063e+01 6.848165283373200962e-01 6.848077360798916491e-01 2.993464908435359284e-01 2.993426475785169183e-01 3.956992608638951192e-03 3.956941805400101056e-03
3.914999999999987779e+01 6.848164609569711292e-01 6.848182694990461172e-01 2.993464639485535761e-01 2.993472544971251814e-01 3.953073145573512970e-03 3.953083585303742570e-03
3.919999999999987494e+01 6.848165348194861224e-01 6.848266679098194976e-01 2.993464953904809711e-01 2.993509247594061673e-01 3.949162208317700748e-03 3.949220643263943661e-03
3.924999999999987921e+01 6.848164995661338850e-01 6.848122492542686457e-01 2.993464747460379272e-01 2.993446168529027007e-01 3.945258316257510729e-03 3.945233830021791128e-03
3.929999999999987637e+01 6.848164743802387378e-01 6.848213517527779182e-01 2.993464733296815616e-01 2.993486053231766419e-01 3.941362387487587493e-03 3.941390458501347477e-03
3.934999999999988063e+01 6.848165604772979975e-01 6.848204213908066773e-01 2.993465175817372481e-01 2.993482052614462319e-01 3.937474746224767577e-03 3.937496945234422382e-03
3.939999999999987779e+01 6.848164905060306618e-01 6.848139894237169623e-01 2.993464747544479776e-01 2.993453814832081061e-01 3.933593623580140634e-03 3.933579257335201307e-03
3.944999999999987494e+01 6.848164972018913055e-01 6.848201315671099687e-01 2.993464746820411193e-01 2.993480633330452001e-01 3.929720704719945855e-03 3.929741560000602797e-03
3.949999999999987921e+01 6.848165673825874489e-01 6.848119828568406398e-01 2.993465251527955839e-01 2.993445211682000950e-01 3.925856067577656282e-03 3.925829785812469386e-03
3.954999999999987637e+01 6.848164947960768689e-01 6.848148453403531954e-01 2.993464923347957107e-01 2.993457713258993458e-01 3.921997934291469694e-03 3.921988487728791765e-03
3.959999999999988063e+01 6.848165099813795509e-01 6.848205835027949551e-01 2.993464781506477435e-01 2.993482587652672722e-01 3.918147619772885219e-03 3.918170926246963143e-03
3.964999999999987779e+01 6.848165298871333739e-01 6.848128279398570939e-01 2.993464958191918157e-01 2.993448776267322309e-01 3.914305273869793898e-03 3.914284114112231462e-03
3.969999999999987494e+01 6.848164976265360693e-01 6.848176435488694258e-01 2.993465044159009381e-01 2.993470053206630510e-01 3.910470338548683103e-03 3.910476882046555122e-03
3.974999999999987921e+01 6.848165462881525833e-01 6.848199496985476475e-01 2.993465102516257303e-01 2.993479979479003461e-01 3.906642874409480687e-03 3.906662289695283369e-03
3.979999999999987637e+01 6.848165134204972082e-01 6.848163512599365621e-01 2.993464782760515419e-01 2.993464073925494739e-01 3.902822402556091995e-03 3.902821478390484673e-03
3.984999999999987352e+01 6.848165179592907714e-01 6.848173535063847295e-01 2.993465039888223433e-01 2.993468692225673689e-01 3.899010146386494135e-03 3.899014903582782507e-03
3.989999999999987779e+01 6.848166001857901586e-01 6.848169306552557289e-01 2.993465518892959309e-01 2.993466963438768946e-01 3.895205619899760972e-03 3.895207499595023694e-03
3.994999999999987494e+01 6.848165257316229937e-01 6.848179440228803205e-01 2.993464928937588088e-01 2.993471128561835393e-01 3.891407122440813070e-03 3.891415181750851847e-03
3.999999999999987210e+01 6.848165255998506229e-01 6.848165608142841032e-01 2.993464899677333868e-01 2.993465053606403359e-01 3.887616752827716387e-03 3.887616952735598735e-03
4.004999999999987637e+01 6.848165953517374449e-01 6.848192765917031632e-01 2.993465465993958574e-01 2.993477186211164209e-01 3.883834532590289650e-03 3.883849738840313131e-03
4.009999999999987352e+01 6.848165203334999340e-01 6.848194346886653516e-01 2.993465117178174539e-01 2.993477856386805858e-01 3.880058479816179007e-03 3.880074992076232646e-03
4.014999999999987779e+01 6.848165318039468596e-01 6.848148663312985107e-01 2.993464915373966750e-01 2.993457635272349648e-01 3.876289951924860762e-03 3.876280524794245997e-03
4.019999999999987494e+01 6.848165571814093244e-01 6.848222188414688771e-01 2.993465141713123057e-01 2.993489889920295521e-01 3.872529290702626456e-03 3.872561306494570234e-03
4.024999999999987210e+01 6.848165175691393047e-01 6.848168016641521527e-01 2.993465153399295087e-01 2.993466395233420618e-01 3.868775642519292624e-03 3.868777247474543789e-03
4.029999999999987637e+01 6.848165748515618878e-01 6.848104910733125994e-01 2.993465272068227545e-01 2.993438678700629518e-01 3.865029402283066094e-03 3.864995066107987983e-03
4.034999999999987352e+01 6.848165402547533587e-01 6.848206593295954603e-01 2.993464991835291800e-01 2.993482997104752741e-01 3.861289895950079706e-03 3.861313121063863693e-03
4.039999999999987779e+01 6.848165213335778434e-01 6.848136976137361165e-01 2.993465065581367712e-01 2.993452722557451429e-01 3.857558074202802403e-03 3.857542168244147175e-03
4.044999999999987494e+01 6.848166030796503101e-01 6.848134489213247855e-01 2.993465475989973701e-01 2.993451688555482937e-01 3.853833892487905713e-03 3.853816142330853192e-03
4.049999999999987210e+01 6.848165246658970418e-01 6.848207176056659851e-01 2.993465010510983904e-01 2.993483338658797788e-01 3.850115769145969879e-03 3.850139342326437848e-03
4.054999999999987637e+01 6.848165289556157331e-01 6.848138483546933886e-01 2.993465019101749780e-01 2.993453301678539180e-01 3.846405421267917474e-03 3.846390365150717701e-03
4.059999999999987352e+01 6.848165976250902842e-01 6.848225337737093854e-01 2.993465403588542184e-01 2.993491351638842835e-01 3.842702700370410462e-03 3.842736009805969646e-03
4.064999999999987068e+01 6.848165186990139430e-01 6.848202630034080363e-01 2.993465044378408324e-01 2.993481411454863572e-01 3.839006148609702511e-03 3.839027138768670664e-03
4.069999999999987494e+01 6.848165706543933862e-01 6.848110180512654299e-01 2.993465231837835194e-01 2.993440960339273094e-01 3.835317401457837873e-03 3.835286304086201348e-03
4.074999999999987210e+01 6.848165947382494068e-01 6.848253770619779912e-01 2.993465347841592905e-01 2.993503737071581128e-01 3.831635645237248516e-03 3.831684783451633561e-03
4.079999999999986926e+01 6.848165250183683161e-01 6.848170972161758963e-01 2.993465024723681589e-01 2.993467525910585847e-01 3.827960389672236795e-03 3.827963588120963153e-03
4.084999999999987352e+01 6.848166000047856139e-01 6.848094748671079701e-01 2.993465382361808480e-01 2.993434237011385335e-01 3.824293046773319469e-03 3.824253257120910614e-03
4.089999999999987068e+01 6.848165718215182274e-01 6.848236503486854199e-01 2.993465293634112179e-01 2.993496235241364101e-01 3.820632155244568524e-03 3.820671646766268456e-03
4.094999999999987494e+01 6.848165219301366458e-01 6.848157508852008579e-01 2.993465009151242695e-01 2.993461638765216870e-01 3.816978016131654123e-03 3.816973718540291917e-03
4.099999999999987210e+01 6.848165807599156940e-01 6.848147959096909654e-01 2.993465217546120716e-01 2.993457415621902928e-01 3.813331487319908484e-03 3.813321548562943492e-03
4.104999999999986926e+01 6.848165374092856084e-01 6.848209980253033846e-01 2.993465164246329469e-01 2.993484662459253709e-01 3.809691586695942728e-03 3.809716401475356316e-03
4.109999999999987352e+01 6.848165469008317130e-01 6.848128869153157217e-01 2.993465215542866487e-01 2.993449217040229371e-01 3.806058761020818595e-03 3.806038419631578920e-03
4.114999999999987068e+01 6.848165746331154047e-01 6.848192458900909108e-01 2.993465165083375457e-01 2.993476841662183752e-01 3.802432727956027610e-03 3.802447560066295456e-03
4.119999999999987494e+01 6.848165335099249962e-01 6.848173434887001587e-01 2.993465026182717814e-01 2.993468566756020133e-01 3.798813485003458244e-03 3.798817978116785822e-03
4.124999999999987210e+01 6.848165889248906124e-01 6.848099554909652387e-01 2.993465453468892035e-01 2.993436457449206722e-01 3.795201842749793344e-03 3.795165080759701094e-03
4.129999999999986926e+01 6.848165872657463460e-01 6.848217882929250599e-01 2.993465348184058961e-01 2.993488082876710754e-01 3.791596387820223360e-03 3.791625184137704940e-03
4.134999999999987352e+01 6.848165401078586401e-01 6.848173949111966419e-01 2.993464958128896347e-01 2.993468694638878880e-01 3.787997416170710285e-03 3.788002144433895782e-03
4.139999999999987068e+01 6.848165816724000043e-01 6.848138024539003332e-01 2.993465312313360327e-01 2.993453163813459827e-01 3.784406210257101801e-03 3.784390851850148035e-03
4.144999999999986784e+01 6.848165851649722358e-01 6.848243991319937773e-01 2.993465474210903476e-01 2.993499630568974279e-01 3.780821565154292470e-03 3.780864705486557294e-03
4.149999999999987210e+01 6.848165589526650221e-01 6.848168974427947253e-01 2.993465142412572444e-01 2.993466622018156054e-01 3.777243081908618350e-03 3.777244948918818436e-03
4.154999999999986926e+01 6.848165556629652873e-01 6.848173809949201774e-01 2.993465049927437338e-01 2.993468657612358141e-01 3.773671667100466157e-03 3.773676215080195954e-03
4.159999999999986642e+01 6.848165851149606853e-01 6.848222670488952613e-01 2.993465435333260150e-01 2.993490272162870891e-01 3.770107601175399798e-03 3.770138881817227013e-03
4.164999999999987068e+01 6.848165924986647779e-01 6.848115352598601602e-01 2.993465478047000472e-01 2.993443371880266657e-01 3.766549830823538985e-03 3.766522015577570062e-03
4.169999999999986784e+01 6.848165514776046736e-01 6.848170975096710134e-01 2.993465054338830811e-01 2.993467441150168273e-01 3.762998182701242627e-03 3.763001183092615914e-03
4.174999999999987210e+01 6.848165797418359624e-01 6.848189455370764511e-01 2.993465252384545083e-01 2.993475593731492745e-01 3.759454006134445997e-03 3.759466993697331387e-03
4.179999999999986926e+01 6.848165844986588979e-01 6.848107034562065376e-01 2.993465488688207277e-01 2.993439781516363807e-01 3.755916547914949291e-03 3.755884292994191975e-03
4.184999999999986642e+01 6.848165551062874723e-01 6.848198278473471845e-01 2.993465256519520779e-01 2.993479562301971653e-01 3.752385153894738975e-03 3.752403086558419362e-03
4.189999999999987068e+01 6.848165768296027300e-01 6.848171517519220375e-01 2.993465187864200461e-01 2.993467700960417144e-01 3.748860598452357674e-03 3.748863745723762537e-03
4.194999999999986784e+01 6.848165528022689408e-01 6.848147350366651231e-01 2.993465243313528923e-01 2.993457297509454218e-01 3.745342813029135364e-03 3.745332871453815014e-03
4.199999999999987210e+01 6.848165823538810981e-01 6.848232268623223318e-01 2.993465474963314943e-01 2.993494519392333464e-01 3.741831843704153133e-03 3.741868149240426197e-03
4.204999999999986926e+01 6.848166076405612923e-01 6.848122896199725362e-01 2.993465450217134283e-01 2.993446575316465186e-01 3.738327131086034011e-03 3.738303559558504678e-03
4.209999999999986642e+01 6.848165515677506754e-01 6.848164866983562638e-01 2.993465162090994669e-01 2.993464878534366491e-01 3.734828648897070558e-03 3.734828295114627113e-03
4.214999999999987068e+01 6.848166165166323927e-01 6.848244732108599298e-01 2.993465589926052051e-01 2.993499933052742312e-01 3.731337600406430671e-03 3.731380408915861095e-03
4.219999999999986784e+01 6.848166189850504182e-01 6.848097826804161459e-01 2.993465606803461521e-01 2.993435723996542563e-01 3.727852561399089791e-03 3.727815347442777014e-03
4.224999999999986500e+01 6.848165553393593674e-01 6.848187341566356334e-01 2.993465249514982718e-01 2.993474773545543588e-01 3.724373560827359386e-03 3.724385410321058576e-03
4.229999999999986926e+01 6.848166208855012149e-01 6.848240217723855494e-01 2.993465570699991307e-01 2.993497921404406625e-01 3.720901890242385001e-03 3.720942102429352413e-03
4.234999999999986642e+01 6.848165844475055941e-01 6.848126020202168762e-01 2.993465448297057963e-01 2.993448040338839711e-01 3.717436135730599247e-03 3.717414517651470782e-03
4.239999999999986358e+01 6.848165611497473160e-01 6.848208861055273822e-01 2.993465348027284367e-01 2.993484253243650084e-01 3.713976858594654918e-03 3.714000314198086673e-03
4.244999999999986784e+01 6.848166278121355921e-01 6.848171988992656223e-01 2.993465648910964561e-01 2.993468145243028955e-01 3.710524510580690341e-03 3.710527604887556632e-03
4.249999999999986500e+01 6.848165672478867538e-01 6.848136845416464835e-01 2.993465379596356168e-01 2.993452778731040542e-01 3.707077869469180709e-03 3.707062264682412390e-03
4.254999999999986926e+01 6.848165868097774167e-01 6.848209238500125862e-01 2.993465439241460579e-01 2.993484397281178655e-01 3.703638031848398033e-03 3.703661487511519888e-03
4.259999999999986642e+01 6.848166344345061329e-01 6.848099357117043429e-01 2.993465727807733678e-01 2.993436446397033102e-01 3.700204855139358102e-03 3.700168660564944530e-03
4.264999999999986358e+01 6.848165729249380274e-01 6.848152120951827015e-01 2.993465484802702026e-01 2.993459536353052508e-01 3.696777381664352515e-03 3.696770035632059200e-03
4.269999999999986784e+01 6.848166085501924405e-01 6.848229417294086074e-01 2.993465537750925609e-01 2.993493221299325935e-01 3.693356616595846065e-03 3.693390772732058416e-03
4.274999999999986500e+01 6.848166098538086555e-01 6.848116876345498039e-01 2.993465564962485281e-01 2.993444048992162099e-01 3.689942144791978629e-03 3.689915622794661971e-03
4.279999999999986926e+01 6.848165803100404458e-01 6.848189481547501956e-01 2.993465583279686371e-01 2.993475933586394744e-01 3.686533969556273025e-03 3.686546716239411277e-03
4.284999999999986642e+01 6.848166379409796889e-01 6.848225031289827403e-01 2.993465796444922944e-01 2.993491434314542454e-01 3.683132324140178659e-03 3.683163868735219327e-03
4.289999999999986358e+01 6.848165964639637560e-01 6.848153822609550634e-01 2.993465451601152738e-01 2.993460144085569041e-01 3.679736265029084474e-03 3.679729740732116342e-03
4.294999999999986784e+01 6.848165976577631486e-01 6.848191181448017861e-01 2.993465570149153043e-01 2.993476587684644752e-01 3.676347031193319577e-03 3.676360562093524114e-03
4.299999999999986500e+01 6.848166694487942685e-01 6.848172332281154961e-01 2.993466044805013215e-01 2.993468509193411009e-01 3.672964472153399627e-03 3.672967495942844589e-03
4.304999999999986215e+01 6.848166032924889457e-01 6.848162376524903339e-01 2.993465598935384220e-01 2.993464000652351631e-01 3.669587004517795622e-03 3.669585045237338996e-03
4.309999999999986642e+01 6.848166026045356958e-01 6.848180080840160500e-01 2.993465483027124563e-01 2.993471626649074624e-01 3.666216145777258673e-03 3.666223670115225600e-03
4.314999999999986358e+01 6.848166504315846836e-01 6.848160816656032601e-01 2.993465916372599622e-01 2.993463430186583674e-01 3.662852146066206301e-03 3.662849103929753831e-03
4.319999999999986073e+01 6.848165978347324767e-01 6.848174361855048353e-01 2.993465739578022866e-01 2.993469404171320569e-01 3.659493569166296766e-03 3.659498049109203427e-03
4.324999999999986500e+01 6.848166099331794987e-01 6.848170069388398451e-01 2.993465566664638144e-01 2.993467302052998935e-01 3.656141150124757582e-03 3.656143269683061192e-03
4.329999999999986215e+01 6.848166147646114199e-01 6.848181288443999648e-01 2.993465606798280110e-01 2.993472225133284592e-01 3.652795127270637952e-03 3.652803203335316939e-03
4.334999999999986642e+01 6.848166009991192293e-01 6.848164938942706836e-01 2.993465770446510632e-01 2.993465302270509332e-01 3.649455373906147597e-03 3.649454803133820625e-03
4.339999999999986358e+01 6.848166545067211342e-01 6.848142689797429572e-01 2.993465925272652539e-01 2.993455497673270793e-01 3.646121711659756296e-03 3.646109010564285366e-03
4.344999999999986073e+01 6.848166123647322356e-01 6.848184568753441503e-01 2.993465552024690002e-01 2.993473614736483768e-01 3.642793491967992459e-03 3.642803303603883800e-03
4.349999999999986500e+01 6.848166117912971584e-01 6.848150180730339098e-01 2.993465686322274166e-01 2.993458719871909812e-01 3.639471959054445694e-03 3.639463489205978144e-03
4.354999999999986215e+01 6.848166833745843451e-01 6.848166073032438961e-01 2.993466130747406417e-01 2.993465798224869134e-01 3.636156854840466406e-03 3.636156450926057541e-03
4.359999999999986642e+01 6.848166123128938132e-01 6.848199081573528302e-01 2.993465676597708569e-01 2.993480083370392286e-01 3.632846694900140373e-03 3.632864178847572140e-03
4.364999999999986358e+01 6.848166176175224384e-01 6.848151338045632697e-01 2.993465617118529210e-01 2.993459131085682845e-01 3.629543033790283771e-03 3.629535169549184728e-03
4.369999999999986073e+01 6.848166701490673303e-01 6.848228130269514713e-01 2.993466000868678645e-01 2.993492852574974883e-01 3.626245912621061784e-03 3.626278440430021587e-03
4.374999999999986500e+01 6.848166089533934686e-01 6.848194967559453339e-01 2.993465749331072345e-01 2.993478372474139837e-01 3.622954008267569633e-03 3.622969285899118805e-03
4.379999999999986215e+01 6.848166478935172607e-01 6.848119023809962069e-01 2.993465793179406198e-01 2.993445049627907473e-01 3.619668431897719342e-03 3.619643349005943148e-03
4.384999999999985931e+01 6.848166555010088974e-01 6.848233258391086542e-01 2.993465851349893514e-01 2.993495008685886916e-01 3.616388826759167532e-03 3.616424051568582765e-03
4.389999999999986358e+01 6.848166116013981730e-01 6.848158264891565095e-01 2.993465733662747930e-01 2.993462301785435598e-01 3.613114947088419144e-03 3.613110804810431946e-03
4.394999999999986073e+01 6.848166769710953838e-01 6.848103251126147484e-01 2.993465996803099660e-01 2.993438231602546518e-01 3.609847448662173615e-03 3.609813966358220352e-03
4.399999999999985789e+01 6.848166351980828903e-01 6.848211504940960870e-01 2.993465771741838921e-01 2.993485508972756337e-01 3.606585267158851291e-03 3.606609046955137465e-03
4.404999999999986215e+01 6.848166109481645947e-01 6.848145248295471887e-01 2.993465686544271032e-01 2.993456567716836769e-01 3.603329144200155022e-03 3.603318167579710411e-03
4.409999999999985931e+01 6.848166731299377696e-01 6.848163621908163190e-01 2.993465948702740409e-01 2.993464589527783382e-01 3.600079312931747308e-03 3.600077678325665307e-03
4.414999999999986358e+01 6.848166150471878266e-01 6.848200031625091277e-01 2.993465714731387006e-01 2.993480524837960344e-01 3.596834742843369424e-03 3.596852538105098016e-03
4.419999999999986073e+01 6.848166386768659297e-01 6.848130637356174555e-01 2.993465835527947538e-01 2.993450208769065091e-01 3.593596441210030433e-03 3.593577681595525822e-03
4.424999999999985789e+01 6.848166769466500492e-01 6.848217816782525835e-01 2.993465942570201488e-01 2.993488256337830666e-01 3.590363949109696279e-03 3.590390712249281416e-03
4.429999999999986215e+01 6.848166212989064139e-01 6.848178683466574768e-01 2.993465682330813671e-01 2.993471133417324737e-01 3.587136827238851088e-03 3.587143359397641958e-03
4.434999999999985931e+01 6.848166818203420547e-01 6.848109209914375883e-01 2.993466050732531691e-01 2.993440869036163576e-01 3.583916253496006229e-03 3.583886104802359602e-03
4.439999999999986358e+01 6.848166843491034772e-01 6.848231629977605817e-01 2.993466050892046315e-01 2.993494370317162367e-01 3.580701017813461146e-03 3.580734892723887348e-03
4.444999999999986073e+01 6.848166294956687938e-01 6.848174127861379468e-01 2.993465674540441990e-01 2.993469098454277777e-01 3.577491095955123539e-03 3.577495187874855844e-03
4.449999999999985789e+01 6.848166791261243169e-01 6.848138055575628824e-01 2.993465958476304589e-01 2.993453397553169637e-01 3.574287711613507047e-03 3.574272713496330894e-03
4.454999999999986215e+01 6.848166676307100298e-01 6.848229399443711563e-01 2.993466041931933663e-01 2.993493459427500891e-01 3.571089820378098734e-03 3.571122528395476604e-03
4.459999999999985931e+01 6.848166434289454374e-01 6.848162453456630994e-01 2.993465827018182424e-01 2.993464086919261913e-01 3.567897290844087958e-03 3.567895216828687998e-03
4.464999999999985647e+01 6.848166595984832572e-01 6.848170987593237280e-01 2.993465769120280395e-01 2.993467688777059488e-01 3.564710650932167990e-03 3.564712936918210378e-03
4.469999999999986073e+01 6.848166567763204204e-01 6.848194691391547018e-01 2.993465933148629077e-01 2.993478226530007502e-01 3.561529962104267259e-03 3.561544588375984907e-03
4.474999999999985789e+01 6.848166774764785636e-01 6.848118050780640509e-01 2.993466103309145865e-01 2.993444805113620877e-01 3.558354951927671355e-03 3.558329634607582028e-03
4.479999999999985505e+01 6.848166650003185696e-01 6.848178468533919760e-01 2.993465845926674973e-01 2.993471012034614187e-01 3.555185090174207280e-03 3.555191225694324855e-03
4.484999999999985931e+01 6.848166574991650934e-01 6.848170019222887817e-01 2.993465792461766917e-01 2.993467298001720733e-01 3.552021112384187718e-03 3.552022898845123931e-03
4.489999999999985647e+01 6.848166838724101257e-01 6.848120713827405837e-01 2.993466127532894427e-01 2.993445965448771062e-01 3.548863221734323802e-03 3.548839318848581899e-03
4.494999999999986073e+01 6.848166761729186369e-01 6.848209887168276166e-01 2.993466063150743706e-01 2.993484914113763162e-01 3.545710468641695423e-03 3.545732797291999572e-03
4.499999999999985789e+01 6.848166674197397885e-01 6.848172109526302620e-01 2.993465820134293409e-01 2.993468196021457084e-01 3.542563100750652054e-03 3.542565912451437447e-03
4.504999999999985505e+01 6.848166642909911950e-01 6.848163658311510193e-01 2.993465912143402630e-01 2.993464607517793974e-01 3.539421711077044095e-03 3.539420168510554621e-03
4.509999999999985931e+01 6.848166956666131844e-01 6.848232926051827096e-01 2.993466212849460462e-01 2.993495049343724013e-01 3.536286134494350582e-03 3.536320200051661349e-03
4.514999999999985647e+01 6.848167016287668440e-01 6.848139796336427665e-01 2.993466114834764102e-01 2.993454216468165452e-01 3.533155638636496614e-03 3.533141595123249351e-03
4.519999999999986073e+01 6.848166620125437642e-01 6.848173231130976202e-01 2.993465826513633798e-01 2.993468716311773470e-01 3.530030455794388317e-03 3.530033863575213638e-03
4.524999999999985789e+01 6.848167134044433890e-01 6.848222027667799638e-01 2.993466217174355348e-01 2.993490212238124615e-01 3.526911596081723672e-03 3.526939867143601918e-03
4.529999999999985505e+01 6.848167136824828694e-01 6.848111707231889778e-01 2.993466276624888733e-01 2.993442047277988793e-01 3.523797853590224932e-03 3.523769331698641590e-03
4.534999999999985931e+01 6.848166638049505428e-01 6.848182300728061778e-01 2.993465923448350718e-01 2.993472769907703501e-01 3.520689119021885253e-03 3.520697171311626926e-03
4.539999999999985647e+01 6.848167091390471306e-01 6.848203574264518645e-01 2.993466114961562674e-01 2.993482062330512505e-01 3.517586504067650097e-03 3.517605243631633568e-03
4.544999999999985363e+01 6.848166842880405447e-01 6.848131846843890091e-01 2.993466131948354647e-01 2.993450834504167712e-01 3.514489148163618508e-03 3.514471188146962334e-03
4.549999999999985789e+01 6.848166744182645482e-01 6.848205426830449305e-01 2.993466075537862814e-01 2.993482984471047548e-01 3.511397156056152678e-03 3.511416990581882856e-03
4.554999999999985505e+01 6.848167186184765942e-01 6.848151918740864597e-01 2.993466193549996213e-01 2.993459519855278250e-01 3.508310804043367637e-03 3.508302982543551763e-03
4.559999999999985221e+01 6.848166727191618008e-01 6.848147551203788153e-01 2.993466040049477250e-01 2.993457657854556864e-01 3.505229555093073834e-03 3.505219739876539332e-03
4.564999999999985647e+01 6.848167086820969862e-01 6.848219405651443381e-01 2.993466230148054130e-01 2.993489099720341162e-01 3.502154115411596023e-03 3.502180871272709932e-03
4.569999999999985363e+01 6.848167367723243526e-01 6.848102834835602115e-01 2.993466348164952606e-01 2.993438139592187186e-01 3.499083983828124057e-03 3.499051010627930811e-03
4.574999999999985789e+01 6.848166828445498844e-01 6.848166258898267245e-01 2.993466113507787796e-01 2.993465864547681932e-01 3.496018818695235345e-03 3.496018527938907477e-03
4.579999999999985505e+01 6.848167333537844570e-01 6.848239900743882114e-01 2.993466335674038747e-01 2.993498056202724689e-01 3.492959551544978000e-03 3.492996564997353538e-03
4.584999999999985221e+01 6.848167221040150077e-01 6.848122028019785201e-01 2.993466274138205652e-01 2.993446519395378536e-01 3.489905303571219555e-03 3.489882272684798926e-03
4.589999999999985647e+01 6.848166898944624270e-01 6.848198282104585033e-01 2.993466194595302277e-01 2.993479912781469299e-01 3.486856371106942035e-03 3.486872350356991050e-03
4.594999999999985363e+01 6.848167496325828774e-01 6.848221624638601845e-01 2.993466471222132608e-01 2.993490131754605876e-01 3.483813175702228909e-03 3.483840711963471885e-03
4.599999999999985789e+01 6.848167058953300579e-01 6.848148127052161582e-01 2.993466193856022528e-01 2.993457918356088321e-01 3.480774644018639480e-03 3.480765021344297237e-03
4.604999999999985505e+01 6.848167048317306271e-01 6.848197920515921577e-01 2.993466229207951690e-01 2.993479724042894530e-01 3.477741770790541975e-03 3.477757448786409234e-03
4.609999999999985221e+01 6.848167645730832698e-01 6.848152570986492105e-01 2.993466599655989491e-01 2.993460010193520482e-01 3.474714567215318826e-03 3.474706918390630620e-03
4.614999999999985647e+01 6.848167081838791859e-01 6.848150010789650910e-01 2.993466295934913424e-01 2.993458833849127476e-01 3.471691847996428992e-03 3.471683193794299765e-03
4.619999999999985363e+01 6.848167157825512108e-01 6.848193185531582516e-01 2.993466209115327459e-01 2.993477586328650020e-01 3.468674633969101757e-03 3.468687817298560239e-03
4.624999999999985079e+01 6.848167458793259499e-01 6.848131258356700002e-01 2.993466474121267984e-01 2.993450650210149888e-01 3.465663067000029993e-03 3.465644746987158256e-03
4.629999999999985505e+01 6.848167077855881191e-01 6.848168669313898782e-01 2.993466404267330905e-01 2.993467099924439490e-01 3.462656338076736031e-03 3.462657142769747474e-03
4.634999999999985221e+01 6.848167307310250029e-01 6.848197644301218245e-01 2.993466351081903731e-01 2.993479611967273524e-01 3.459654840892125403e-03 3.459670166965941700e-03
4.639999999999984936e+01 6.848167211621274397e-01 6.848158716039270955e-01 2.993466253044978487e-01 2.993462539461877459e-01 3.456658490814072150e-03 3.456654202611876905e-03
4.644999999999985363e+01 6.848167175063345491e-01 6.848176546880503368e-01 2.993466435218452570e-01 2.993470531821146308e-01 3.453667649516538752e-03 3.453672375911339895e-03
4.649999999999985079e+01 6.848167711336604624e-01 6.848176114913101520e-01 2.993466677610426840e-01 2.993470350976394911e-01 3.450682049118656679e-03 3.450686283546285527e-03
4.654999999999985505e+01 6.848167261436239883e-01 6.848173327761312157e-01 2.993466280912191468e-01 2.993468932620139134e-01 3.447700870615834790e-03 3.447703924699275797e-03
4.659999999999985221e+01 6.848167289200696173e-01 6.848168157590731608e-01 2.993466357420959678e-01 2.993466737011037937e-01 3.444725382532758551e-03 3.444725819345276999e-03
4.664999999999984936e+01 6.848167874985118253e-01 6.848175896038483090e-01 2.993466791330078314e-01 2.993470297487830223e-01 3.441755436999237045e-03 3.441759468224016381e-03
4.669999999999985363e+01 6.848167274313033959e-01 6.848186599362749982e-01 2.993466428822864067e-01 2.993474876176037691e-01 3.438789694225010199e-03 3.438799398249333880e-03
4.674999999999985079e+01 6.848167281509769388e-01 6.848163280799232089e-01 2.993466283232418812e-01 2.993464534444515435e-01 3.435829306436070582e-03 3.435827299218964948e-03
4.679999999999985505e+01 6.848167613054565450e-01 6.848205933660408418e-01 2.993466579746144607e-01 2.993483330424484556e-01 3.432874518057513376e-03 3.432893727551022695e-03
4.684999999999985221e+01 6.848167211233967544e-01 6.848181021461910989e-01 2.993466489965015409e-01 2.993472526683058632e-01 3.429924365471237902e-03 3.429931282363868610e-03
4.689999999999984936e+01 6.848167497069611587e-01 6.848133367512599934e-01 2.993466468419505588e-01 2.993451549730010708e-01 3.426979357091601217e-03 3.426962277882104890e-03
4.694999999999985363e+01 6.848167418998206690e-01 6.848203830603014630e-01 2.993466380726164111e-01 2.993482296942604481e-01 3.424039325966452864e-03 3.424057531532870118e-03
4.699999999999985079e+01 6.848167232833243245e-01 6.848151696432948077e-01 2.993466453812033690e-01 2.993459662550734812e-01 3.421104518642332972e-03 3.421096757200848670e-03
4.704999999999984794e+01 6.848167798809734474e-01 6.848125837118670400e-01 2.993466697711415492e-01 2.993448355444042752e-01 3.418174933156064091e-03 3.418153988517328486e-03
4.709999999999985221e+01 6.848167308502730588e-01 6.848195756520627508e-01 2.993466366976856863e-01 2.993478802155634666e-01 3.415249705621065893e-03 3.415263892932849168e-03
4.714999999999984936e+01 6.848167242864151572e-01 6.848147092381023926e-01 2.993466376501747739e-01 2.993457568335771146e-01 3.412329867770596235e-03 3.412319827114025737e-03
4.719999999999984652e+01 6.848167813245410462e-01 6.848186832721511186e-01 2.993466689900019517e-01 2.993475003681124180e-01 3.409415364350828429e-03 3.409424833349808739e-03
4.724999999999985079e+01 6.848167203824010452e-01 6.848199600534289333e-01 2.993466389854542165e-01 2.993480551083448349e-01 3.406505137814565959e-03 3.406521253011045303e-03
4.729999999999984794e+01 6.848167446854263041e-01 6.848137882112657060e-01 2.993466456318751856e-01 2.993453532998320288e-01 3.403600291436906840e-03 3.403585597496677773e-03
4.734999999999985221e+01 6.848167775301154947e-01 6.848231407074459876e-01 2.993466628477994274e-01 2.993494443157211915e-01 3.400700515169556310e-03 3.400732113782697300e-03
4.739999999999984936e+01 6.848167236872343411e-01 6.848180248346462662e-01 2.993466388970292824e-01 2.993472076537360138e-01 3.397805208819864448e-03 3.397811664628113543e-03
4.744999999999984652e+01 6.848167765313895039e-01 6.848113327770362080e-01 2.993466625550879057e-01 2.993442829847366982e-01 3.394915367792330097e-03 3.394888380887297816e-03
4.749999999999985079e+01 6.848167688248314455e-01 6.848225686437640070e-01 2.993466597638601012e-01 2.993491949769327976e-01 3.392030138967262048e-03 3.392058866594147883e-03
4.754999999999984794e+01 6.848167226248406125e-01 6.848164446019119334e-01 2.993466355986305061e-01 2.993465140694306914e-01 3.389149568056963168e-03 3.389148192124896101e-03
4.759999999999985221e+01 6.848167725083356139e-01 6.848136165830404076e-01 2.993466569864406956e-01 2.993452774704522534e-01 3.386274400299111448e-03 3.386258794914626807e-03
4.764999999999984936e+01 6.848167414068128123e-01 6.848209941968792513e-01 2.993466514044849092e-01 2.993485103813301462e-01 3.383403802254712420e-03 3.383424813578196459e-03
4.769999999999984652e+01 6.848167287037262296e-01 6.848151963063737746e-01 2.993466431973366149e-01 2.993459733568022418e-01 3.380538037237011857e-03 3.380530472691169273e-03
4.774999999999985079e+01 6.848167582850611668e-01 6.848177948029912088e-01 2.993466457084924537e-01 2.993470987905203495e-01 3.377677243537300072e-03 3.377682355887403221e-03
4.779999999999984794e+01 6.848167284705903857e-01 6.848182377824402201e-01 2.993466403619170491e-01 2.993473001113254872e-01 3.374821199119704736e-03 3.374828637106271241e-03
4.784999999999984510e+01 6.848167607080702934e-01 6.848122239508094289e-01 2.993466637933865915e-01 2.993446806889586975e-01 3.371970304628413382e-03 3.371947966082337097e-03
4.789999999999984936e+01 6.848167657333733560e-01 6.848197521044411262e-01 2.993466547649854537e-01 2.993479601655447686e-01 3.369123857793880107e-03 3.369138549978003064e-03
4.794999999999984652e+01 6.848167321068030500e-01 6.848169914056734253e-01 2.993466320613915599e-01 2.993467454059404176e-01 3.366282058604355698e-03 3.366283333212720733e-03
4.799999999999984368e+01 6.848167709177188645e-01 6.848131332414637562e-01 2.993466661257387917e-01 2.993450760270355282e-01 3.363445686806062606e-03 3.363427820528497574e-03
4.804999999999984794e+01 6.848167680268645308e-01 6.848220333245997882e-01 2.993466673748146345e-01 2.993489689383910246e-01 3.360613722984174840e-03 3.360639561475069030e-03
4.809999999999984510e+01 6.848167394221152948e-01 6.848176538341347319e-01 2.993466369736014210e-01 2.993470366807742256e-01 3.357786169081348505e-03 3.357790652616657583e-03
4.814999999999984936e+01 6.848167501217716779e-01 6.848168336034009540e-01 2.993466447004029529e-01 2.993466811918374937e-01 3.354963796025819348e-03 3.354964205007994298e-03
4.819999999999984652e+01 6.848167658800728974e-01 6.848220601596730628e-01 2.993466688713939394e-01 2.993489831035234250e-01 3.352146347943949552e-03 3.352172263197359357e-03
4.824999999999984368e+01 6.848167634467454690e-01 6.848146231344176549e-01 2.993466605865797714e-01 2.993457250146397408e-01 3.349333265304397719e-03 3.349322797366606833e-03
4.829999999999984794e+01 6.848167406761155318e-01 6.848172052723139336e-01 2.993466362156007587e-01 2.993468392995806138e-01 3.346524720129698087e-03 3.346526990492804370e-03
4.834999999999984510e+01 6.848167649261049927e-01 6.848192849168210916e-01 2.993466584068734671e-01 2.993477599435745429e-01 3.343721400802840155e-03 3.343733705038540345e-03
4.839999999999984936e+01 6.848167722873371721e-01 6.848118896390956722e-01 2.993466745651552907e-01 2.993445402650427578e-01 3.340922707200402481e-03 3.340898886886646720e-03
4.844999999999984652e+01 6.848167406318127481e-01 6.848180433120780730e-01 2.993466459771632060e-01 2.993472154039091837e-01 3.338128196009634407e-03 3.338134545903651690e-03
4.849999999999984368e+01 6.848167574576096150e-01 6.848178772583788376e-01 2.993466462682383700e-01 2.993471357548069811e-01 3.335338677083444191e-03 3.335344130972788240e-03
4.854999999999984794e+01 6.848167481964763104e-01 6.848142513947670373e-01 2.993466583103818746e-01 2.993455669100180128e-01 3.332553947234986012e-03 3.332541796938700424e-03
4.859999999999984510e+01 6.848167518187933123e-01 6.848209390074422309e-01 2.993466608407706619e-01 2.993484911419965755e-01 3.329773757961862393e-03 3.329794117263596906e-03
4.864999999999984226e+01 6.848167707758570089e-01 6.848151561204162130e-01 2.993466559522119930e-01 2.993459501550888024e-01 3.326998121169355647e-03 3.326990276800106429e-03
4.869999999999984652e+01 6.848167372642540718e-01 6.848163310580005492e-01 2.993466454423094891e-01 2.993464678816969426e-01 3.324227045444866965e-03 3.324225073644616543e-03
4.874999999999984368e+01 6.848167796266995122e-01 6.848223486708270302e-01 2.993466745072566049e-01 2.993491088442783443e-01 3.321461020884963842e-03 3.321488031559268698e-03
4.879999999999984084e+01 6.848167911047133849e-01 6.848117713137975571e-01 2.993466763527747876e-01 2.993444821049903171e-01 3.318699294376669350e-03 3.318674967904557908e-03
4.884999999999984510e+01 6.848167414438848244e-01 6.848175195774076629e-01 2.993466492816956315e-01 2.993469894189157987e-01 3.315941836407603534e-03 3.315945604197359075e-03
4.889999999999984226e+01 6.848167908015196925e-01 6.848228549477110016e-01 2.993466753361374577e-01 2.993493260918220766e-01 3.313189544395553181e-03 3.313218883141370950e-03
4.894999999999984652e+01 6.848167741113262430e-01 6.848128688703705169e-01 2.993466720145296911e-01 2.993449649580910421e-01 3.310441493110649006e-03 3.310422614963691446e-03
4.899999999999984368e+01 6.848167418072456103e-01 6.848196179266615724e-01 2.993466551983068324e-01 2.993479124057822904e-01 3.307697847495111483e-03 3.307711739290420186e-03
4.904999999999984084e+01 6.848167914045307780e-01 6.848198165868468745e-01 2.993466767373378357e-01 2.993479991030920662e-01 3.304959169057009385e-03 3.304973768734119442e-03
4.909999999999984510e+01 6.848167511626900295e-01 6.848145398943037421e-01 2.993466599421968910e-01 2.993456933539752063e-01 3.302224599472671461e-03 3.302213936613083121e-03
4.914999999999984226e+01 6.848167556790286659e-01 6.848199446930534062e-01 2.993466608845725130e-01 2.993480548643370209e-01 3.299494746592155324e-03 3.299510111483469881e-03
4.919999999999984652e+01 6.848168000623517937e-01 6.848132831947839616e-01 2.993466853389024074e-01 2.993451480479815130e-01 3.296769662322722016e-03 3.296752731805972173e-03
4.924999999999984368e+01 6.848167513709905174e-01 6.848149442573440160e-01 2.993466643988345055e-01 2.993458744744624811e-01 3.294048576603414262e-03 3.294039884175661414e-03
4.929999999999984084e+01 6.848167736411353568e-01 6.848207415325913150e-01 2.993466674678175732e-01 2.993484019099778015e-01 3.291332242636815265e-03 3.291351312918950819e-03
4.934999999999984510e+01 6.848167889333425240e-01 6.848119390090082748e-01 2.993466795065978792e-01 2.993445595107555590e-01 3.288620483456178648e-03 3.288597193196993434e-03
4.939999999999984226e+01 6.848167551620226723e-01 6.848175463737269375e-01 2.993466722180538886e-01 2.993470180720197993e-01 3.285912977146593448e-03 3.285916773567734012e-03
4.944999999999983942e+01 6.848167902734119128e-01 6.848218777859014228e-01 2.993466809392053563e-01 2.993489047894374311e-01 3.283210100786467227e-03 3.283234491795319204e-03
4.949999999999984368e+01 6.848167704458625327e-01 6.848151191402005455e-01 2.993466645198972209e-01 2.993459427022324704e-01 3.280511391998881983e-03 3.280503481668309122e-03
4.954999999999984084e+01 6.848167652940648775e-01 6.848189463793326048e-01 2.993466757640158571e-01 2.993476291586427696e-01 3.277817418713568302e-03 3.277827858293386968e-03
4.959999999999983800e+01 6.848168177233291409e-01 6.848187813426249715e-01 2.993467034651016156e-01 2.993475618011527395e-01 3.275128046664140414e-03 3.275137437649382460e-03
4.964999999999984226e+01 6.848167727761409473e-01 6.848163265779217967e-01 2.993466695873439054e-01 2.993464745454638143e-01 3.272442411449518092e-03 3.272440279261706365e-03
4.969999999999983942e+01 6.848167740476530652e-01 6.848180006289299460e-01 2.993466689099706368e-01 2.993472050723914313e-01 3.269761539158617426e-03 3.269767395656933244e-03
4.974999999999984368e+01 6.848168197546687930e-01 6.848161747306839020e-01 2.993467048611181403e-01 2.993464229086326700e-01 3.267085455510165045e-03 3.267082378266121696e-03
4.979999999999984084e+01 6.848167720017960258e-01 6.848171079566324204e-01 2.993466821344226148e-01 2.993468289867921017e-01 3.264413109426645559e-03 3.264414710870151577e-03
4.984999999999983800e+01 6.848167733195693607e-01 6.848175333042494373e-01 2.993466660880070851e-01 2.993469982920200501e-01 3.261745203900930350e-03 3.261748823666803243e-03
4.989999999999984226e+01 6.848167901282684600e-01 6.848175038127432002e-01 2.993466828391739831e-01 2.993469948044809037e-01 3.259082012402555930e-03 3.259085408867519375e-03
4.994999999999983942e+01 6.848167686646836616e-01 6.848172442290070272e-01 2.993466867856314773e-01 2.993468946640174266e-01 3.256423027311746224e-03 3.256425288702945089e-03
4.999999999999984368e+01 6.848167964334312963e-01 6.848156630437169934e-01 2.993466874078748452e-01 2.993461919812756555e-01 3.253768341389952096e-03 3.253762956318221548e-03
