# tau eta eta_joint W_out W_out_joint power power_joint
5.000000000000000000e+00 3.304163339871186295e-02 3.304163339871138416e-02 7.609688913292944612e-03 7.609688913292833590e-03 3.105995474813446548e-04 3.105995474813401554e-04
5.049999999999999822e+00 5.132616329251409037e-02 5.132616329251313975e-02 1.197965909123999140e-02 1.197965909123976935e-02 4.874734116476089440e-04 4.874734116475998909e-04
5.099999999999999645e+00 6.989545893088321138e-02 6.989545893088228157e-02 1.653183774086597335e-02 1.653183774086575131e-02 6.706627886761043879e-04 6.706627886760953890e-04
5.149999999999999467e+00 8.863994037107679469e-02 8.863994037107447710e-02 2.124326211634541828e-02 2.124326211634486317e-02 8.591814809442030682e-04 8.591814809441806252e-04
5.199999999999999289e+00 1.074466107828824651e-01 1.074466107828811051e-01 2.608821096842672826e-02 2.608821096842639520e-02 1.051943990662368173e-03 1.051943990662354729e-03
5.249999999999999112e+00 1.262011236028522665e-01 1.262011236028509065e-01 3.103862834895343426e-02 3.103862834895310119e-02 1.247784054229283870e-03 1.247784054229270426e-03
5.299999999999998934e+00 1.447897518602878908e-01 1.447897518602856426e-01 3.606458661459832626e-02 3.606458661459777115e-02 1.445474413410754609e-03 1.445474413410732274e-03
5.349999999999998757e+00 1.631011712594872265e-01 1.631011712594867824e-01 4.113476458717091333e-02 4.113476458717080231e-02 1.643746836650186380e-03 1.643746836650182043e-03
5.399999999999998579e+00 1.810281355087303701e-01 1.810281355087286215e-01 4.621695592680563625e-02 4.621695592680519216e-02 1.841312985131698769e-03 1.841312985131681205e-03
5.449999999999998401e+00 1.984688914489084466e-01 1.984688914489067257e-01 5.127856387812546046e-02 5.127856387812501637e-02 2.036884364573007724e-03 2.036884364572989943e-03
5.499999999999998224e+00 2.153285919732587372e-01 2.153285919732574605e-01 5.628714109284482792e-02 5.628714109284449485e-02 2.229193706647320059e-03 2.229193706647307049e-03
5.549999999999998046e+00 2.315203166980324967e-01 2.315203166980303873e-01 6.121086736040926013e-02 6.121086736040870502e-02 2.417013518673614015e-03 2.417013518673591897e-03
5.599999999999997868e+00 2.469660559016000623e-01 2.469660559015984247e-01 6.601904742472453069e-02 6.601904742472408660e-02 2.599175095461595669e-03 2.599175095461578322e-03
5.649999999999997691e+00 2.615974870600893953e-01 2.615974870600865088e-01 7.068257702919300556e-02 7.068257702919222840e-02 2.774585948152817096e-03 2.774585948152786304e-03
5.699999999999997513e+00 2.753565575536205956e-01 2.753565575536189858e-01 7.517437146781391633e-02 7.517437146781347224e-02 2.942245458622854120e-03 2.942245458622836773e-03
5.749999999999997335e+00 2.881959582185734670e-01 2.881959582185726898e-01 7.946977098330698652e-02 7.946977098330676448e-02 3.101259355446127266e-03 3.101259355446118592e-03
5.799999999999997158e+00 3.000793378125272137e-01 3.000793378125264366e-01 8.354687419572015550e-02 8.354687419571993345e-02 3.250851136020240124e-03 3.250851136020231451e-03
5.849999999999996980e+00 3.109814912939202758e-01 3.109814912939206644e-01 8.738685560636694216e-02 8.738685560636705318e-02 3.390372671440036820e-03 3.390372671440041157e-03
5.899999999999996803e+00 3.208883573697485780e-01 3.208883573697470237e-01 9.097421606990818699e-02 9.097421606990774290e-02 3.519312033652154982e-03 3.519312033652137635e-03
5.949999999999996625e+00 3.297968352743599896e-01 3.297968352743592124e-01 9.429696233128415095e-02 9.429696233128392890e-02 3.637298450579910369e-03 3.637298450579901695e-03
5.999999999999996447e+00 3.377145417600043165e-01 3.377145417600043165e-01 9.734674487952987842e-02 9.734674487952987842e-02 3.744105572289611709e-03 3.744105572289611709e-03
6.049999999999996270e+00 3.446594182975975529e-01 3.446594182975975529e-01 1.001189252839911337e-01 1.001189252839911337e-01 3.839651976375499463e-03 3.839651976375499463e-03
6.099999999999996092e+00 3.506593178400957966e-01 3.506593178400950195e-01 1.026126075969677753e-01 1.026126075969675533e-01 3.924000290515020431e-03 3.924000290515012625e-03
6.149999999999995914e+00 3.557513664387829677e-01 3.557513664387814689e-01 1.048305731083520875e-01 1.048305731083516434e-01 3.997352644741739187e-03 3.997352644741721840e-03
6.199999999999995737e+00 3.599810829327704798e-01 3.599810829327693695e-01 1.067791109499780511e-01 1.067791109499777180e-01 4.060042241444032987e-03 4.060042241444020844e-03
6.249999999999995559e+00 3.634021498156544960e-01 3.634021498156541630e-01 1.084680095606099792e-01 1.084680095606098682e-01 4.112531168174787463e-03 4.112531168174783126e-03
6.299999999999995381e+00 3.660750261221380475e-01 3.660750261221369373e-01 1.099101764096022116e-01 1.099101764096018785e-01 4.155394193179669064e-03 4.155394193179656054e-03
6.349999999999995204e+00 3.680663414647565301e-01 3.680663414647558085e-01 1.111214596225130746e-01 1.111214596225128526e-01 4.189310447597101653e-03 4.189310447597092979e-03
6.399999999999995026e+00 3.694478264695267855e-01 3.694478264695249536e-01 1.121203066764618894e-01 1.121203066764613343e-01 4.215049123175260148e-03 4.215049123175239332e-03
6.449999999999994849e+00 3.702953838125739860e-01 3.702953838125728758e-01 1.129274426408053422e-01 1.129274426408050092e-01 4.233456143985205727e-03 4.233456143985193584e-03
6.499999999999994671e+00 3.706880167797547143e-01 3.706880167797528824e-01 1.135654866510610317e-01 1.135654866510604766e-01 4.245438753310694022e-03 4.245438753310673205e-03
6.549999999999994493e+00 3.707066537192573730e-01 3.707066537192559297e-01 1.140585208960720465e-01 1.140585208960716024e-01 4.251948588856369234e-03 4.251948588856351886e-03
6.599999999999994316e+00 3.704332773526797240e-01 3.704332773526786138e-01 1.144317414962872093e-01 1.144317414962868762e-01 4.253968085363837859e-03 4.253968085363825716e-03
6.649999999999994138e+00 3.699496349752411928e-01 3.699496349752401381e-01 1.147109731542228506e-01 1.147109731542225175e-01 4.252492053910023224e-03 4.252492053910011081e-03
6.699999999999993960e+00 3.693362286896444968e-01 3.693362286896434421e-01 1.149222650488289643e-01 1.149222650488286313e-01 4.248512571121220056e-03 4.248512571121207913e-03
6.749999999999993783e+00 3.686712474853427457e-01 3.686712474853413024e-01 1.150914677675151099e-01 1.150914677675146658e-01 4.243003420000559037e-03 4.243003420000542557e-03
6.799999999999993605e+00 3.680295464844209330e-01 3.680295464844198783e-01 1.152438263702033616e-01 1.152438263702030286e-01 4.236905381257478724e-03 4.236905381257465714e-03
6.849999999999993427e+00 3.674816615803642161e-01 3.674816615803624953e-01 1.154035882774617772e-01 1.154035882774612221e-01 4.231112310814365111e-03 4.231112310814345162e-03
6.899999999999993250e+00 3.670928929926275952e-01 3.670928929926261519e-01 1.155936382603526269e-01 1.155936382603521828e-01 4.226458437307227534e-03 4.226458437307211054e-03
6.949999999999993072e+00 3.669224784696386021e-01 3.669224784696361596e-01 1.158351684035734408e-01 1.158351684035726636e-01 4.223707143247893737e-03 4.223707143247865115e-03
6.999999999999992895e+00 3.670228429195564468e-01 3.670228429195553921e-01 1.161473796898667699e-01 1.161473796898664368e-01 4.223541079631520923e-03 4.223541079631508779e-03
7.049999999999992717e+00 3.674389615638847806e-01 3.674389615638844475e-01 1.165472271509667701e-01 1.165472271509666591e-01 4.226554021793901307e-03 4.226554021793896970e-03
7.099999999999992539e+00 3.682078387951983611e-01 3.682078387951986942e-01 1.170492091364314646e-01 1.170492091364315757e-01 4.233244453397161551e-03 4.233244453397165888e-03
7.149999999999992362e+00 3.693581243639679768e-01 3.693581243639669220e-01 1.176652070014019280e-01 1.176652070014015949e-01 4.244011073089340794e-03 4.244011073089329518e-03
7.199999999999992184e+00 3.709098367901067506e-01 3.709098367901060844e-01 1.184043647583068459e-01 1.184043647583066239e-01 4.259149811449888454e-03 4.259149811449879780e-03
7.249999999999992006e+00 3.728742526688093584e-01 3.728742526688086922e-01 1.192730262187232659e-01 1.192730262187230439e-01 4.278852958519221983e-03 4.278852958519214177e-03
7.299999999999991829e+00 3.752540193152318349e-01 3.752540193152311132e-01 1.202747469242746448e-01 1.202747469242744227e-01 4.303210981190508204e-03 4.303210981190499530e-03
7.349999999999991651e+00 3.780431227682934381e-01 3.780431227682923834e-01 1.214102617950996166e-01 1.214102617950992835e-01 4.332212731314885601e-03 4.332212731314873458e-03
7.399999999999991473e+00 3.812275041575765022e-01 3.812275041575744483e-01 1.226776612211943895e-01 1.226776612211937234e-01 4.365753068369908688e-03 4.365753068369885269e-03
7.449999999999991296e+00 3.847853222801278505e-01 3.847853222801264628e-01 1.240724537488782087e-01 1.240724537488777646e-01 4.403636335363913558e-03 4.403636335363897945e-03
7.499999999999991118e+00 3.886875697130680041e-01 3.886875697130670049e-01 1.255877409420211865e-01 1.255877409420208535e-01 4.445583750160043805e-03 4.445583750160032530e-03
7.549999999999990941e+00 3.928988747432799467e-01 3.928988747432782258e-01 1.272144507013159842e-01 1.272144507013154291e-01 4.491242743206215644e-03 4.491242743206195695e-03
7.599999999999990763e+00 3.973784605974562956e-01 3.973784605974556294e-01 1.289416200321522599e-01 1.289416200321520378e-01 4.540197888456068420e-03 4.540197888456059747e-03
7.649999999999990585e+00 4.020806525936538312e-01 4.020806525936524989e-01 1.307565296677144495e-01 1.307565296677140054e-01 4.591976458918858861e-03 4.591976458918843249e-03
7.699999999999990408e+00 4.069564218080217732e-01 4.069564218080200524e-01 1.326451736128712033e-01 1.326451736128706482e-01 4.646065625669746485e-03 4.646065625669727403e-03
7.749999999999990230e+00 4.119540179747568920e-01 4.119540179747562259e-01 1.345924333435705167e-01 1.345924333435702946e-01 4.701919068771025050e-03 4.701919068771017243e-03
7.799999999999990052e+00 4.170202537961621436e-01 4.170202537961611444e-01 1.365824644091450102e-01 1.365824644091446771e-01 4.758970885336065264e-03 4.758970885336053988e-03
7.849999999999989875e+00 4.221015845240576048e-01 4.221015845240552733e-01 1.385990190807178113e-01 1.385990190807170341e-01 4.816647057540152620e-03 4.816647057540125731e-03
7.899999999999989697e+00 4.271451850497152147e-01 4.271451850497148817e-01 1.406257719448082977e-01 1.406257719448081867e-01 4.874376843840844999e-03 4.874376843840841529e-03
7.949999999999989519e+00 4.320999520652052395e-01 4.320999520652045733e-01 1.426466260849601486e-01 1.426466260849599266e-01 4.931603321865522631e-03 4.931603321865514825e-03
7.999999999999989342e+00 4.369175435343455316e-01 4.369175435343438108e-01 1.446460381397799422e-01 1.446460381397793871e-01 4.987794418613103638e-03 4.987794418613084556e-03
8.049999999999990052e+00 4.415532398982607853e-01 4.415532398982597306e-01 1.466092924863953151e-01 1.466092924863949820e-01 5.042452020168371532e-03 5.042452020168359389e-03
8.099999999999988987e+00 4.459667891103232806e-01 4.459667891103219484e-01 1.485227787896210572e-01 1.485227787896206131e-01 5.095121056247723691e-03 5.095121056247708079e-03
8.149999999999987921e+00 4.501230755677854689e-01 4.501230755677851358e-01 1.503742206281414306e-01 1.503742206281413196e-01 5.145396770851720127e-03 5.145396770851716657e-03
8.199999999999988631e+00 4.539927308668758044e-01 4.539927308668741390e-01 1.521528944535921468e-01 1.521528944535915917e-01 5.192931551317140834e-03 5.192931551317122620e-03
8.249999999999989342e+00 4.575525305744422844e-01 4.575525305744412852e-01 1.538497867649488704e-01 1.538497867649485373e-01 5.237439549445070154e-03 5.237439549445058878e-03
8.299999999999988276e+00 4.607857333426896296e-01 4.607857333426889634e-01 1.554577409829847046e-01 1.554577409829844825e-01 5.278700882274526759e-03 5.278700882274518953e-03
8.349999999999987210e+00 4.636822182932772707e-01 4.636822182932759939e-01 1.569715448437901673e-01 1.569715448437897232e-01 5.316563754235064006e-03 5.316563754235049261e-03
8.399999999999987921e+00 4.662385288926394478e-01 4.662385288926374494e-01 1.583879931948586339e-01 1.583879931948579678e-01 5.350945716042524933e-03 5.350945716042502381e-03
8.449999999999988631e+00 4.684577295356370241e-01 4.684577295356360249e-01 1.597058929037671327e-01 1.597058929037667996e-01 5.381832953791650283e-03 5.381832953791639007e-03
8.499999999999987566e+00 4.703491738066326033e-01 4.703491738066313266e-01 1.609260413822973801e-01 1.609260413822969360e-01 5.409278701925965271e-03 5.409278701925950526e-03
8.549999999999986500e+00 4.719281802844640383e-01 4.719281802844633722e-01 1.620511755714445501e-01 1.620511755714443280e-01 5.433400689738294813e-03 5.433400689738287874e-03
8.599999999999987210e+00 4.732155081816762920e-01 4.732155081816756814e-01 1.630858523801433924e-01 1.630858523801431703e-01 5.454376333784063252e-03 5.454376333784056313e-03
8.649999999999987921e+00 4.742368153220354321e-01 4.742368153220338223e-01 1.640363207968896786e-01 1.640363207968891235e-01 5.472437724666882192e-03 5.472437724666863110e-03
8.699999999999986855e+00 4.750220305820434530e-01 4.750220305820427869e-01 1.649103607988630094e-01 1.649103607988627873e-01 5.487865583988789375e-03 5.487865583988782436e-03
8.749999999999985789e+00 4.756046442022986986e-01 4.756046442022980325e-01 1.657170884145289236e-01 1.657170884145287015e-01 5.500982188034159170e-03 5.500982188034151364e-03
8.799999999999986500e+00 4.760209237707980212e-01 4.760209237707974106e-01 1.664667279747287232e-01 1.664667279747285011e-01 5.512143310421484255e-03 5.512143310421477316e-03
8.849999999999987210e+00 4.763091972260610762e-01 4.763091972260604656e-01 1.671703997229507799e-01 1.671703997229505578e-01 5.521730791839831419e-03 5.521730791839823613e-03
8.899999999999986144e+00 4.765089896934365243e-01 4.765089896934362468e-01 1.678398476902280834e-01 1.678398476902279723e-01 5.530143251737337090e-03 5.530143251737333621e-03
8.949999999999985079e+00 4.766602784701583495e-01 4.766602784701574058e-01 1.684871996249700521e-01 1.684871996249697190e-01 5.537787990960400288e-03 5.537787990960389879e-03
8.999999999999985789e+00 4.768026843823135463e-01 4.768026843823128802e-01 1.691246953974857581e-01 1.691246953974855360e-01 5.545071980245438147e-03 5.545071980245431208e-03
9.049999999999986500e+00 4.769747547432087176e-01 4.769747547432077739e-01 1.697644386749559420e-01 1.697644386749556089e-01 5.552393742435193270e-03 5.552393742435182862e-03
9.099999999999985434e+00 4.772132251797442937e-01 4.772132251797434055e-01 1.704181327025330317e-01 1.704181327025326986e-01 5.560134835319189249e-03 5.560134835319178841e-03
9.149999999999984368e+00 4.775523956238756362e-01 4.775523956238737489e-01 1.710968489671139681e-01 1.710968489671133019e-01 5.568652529442281139e-03 5.568652529442259455e-03
9.199999999999985079e+00 4.780235279968564899e-01 4.780235279968552686e-01 1.718107971062220463e-01 1.718107971062216022e-01 5.578272633318902100e-03 5.578272633318887355e-03
9.249999999999985789e+00 4.786543224477141645e-01 4.786543224477128877e-01 1.725691174692305374e-01 1.725691174692300933e-01 5.589283156898158973e-03 5.589283156898144228e-03
9.299999999999984723e+00 4.794685066319432365e-01 4.794685066319420153e-01 1.733797102365752796e-01 1.733797102365748355e-01 5.601929248354617537e-03 5.601929248354602792e-03
9.349999999999983658e+00 4.804854505256409558e-01 4.804854505256409558e-01 1.742490710604800430e-01 1.742490710604800430e-01 5.616408414519908666e-03 5.616408414519908666e-03
9.399999999999984368e+00 4.817199101996860744e-01 4.817199101996851307e-01 1.751821718181921783e-01 1.751821718181918452e-01 5.632867261035122940e-03 5.632867261035111664e-03
9.449999999999985079e+00 4.831818476286462993e-01 4.831818476286453556e-01 1.761823688366463969e-01 1.761823688366460638e-01 5.651399160758509461e-03 5.651399160758499053e-03
9.499999999999984013e+00 4.848763345175547967e-01 4.848763345175541861e-01 1.772513426632331690e-01 1.772513426632329470e-01 5.672042965223465794e-03 5.672042965223458855e-03
9.549999999999982947e+00 4.868035545225335436e-01 4.868035545225335436e-01 1.783890756806822964e-01 1.783890756806822964e-01 5.694782942719312131e-03 5.694782942719312131e-03
9.599999999999983658e+00 4.889588707283396007e-01 4.889588707283392677e-01 1.795938563586725323e-01 1.795938563586724213e-01 5.719549565562823991e-03 5.719549565562820521e-03
9.649999999999984368e+00 4.913329905955897692e-01 4.913329905955891586e-01 1.808623225390654232e-01 1.808623225390652012e-01 5.746221526261018411e-03 5.746221526261011472e-03
9.699999999999983302e+00 4.939122936061414171e-01 4.939122936061408065e-01 1.821895683660633702e-01 1.821895683660631482e-01 5.774629742189017582e-03 5.774629742189010644e-03
9.749999999999982236e+00 4.966789595828821624e-01 4.966789595828812742e-01 1.835691817176131613e-01 1.835691817176128282e-01 5.804559105695283189e-03 5.804559105695272780e-03
9.799999999999982947e+00 4.996115418357967020e-01 4.996115418357955362e-01 1.849934492786525775e-01 1.849934492786521334e-01 5.835755497749297270e-03 5.835755497749283392e-03
9.849999999999983658e+00 5.026853122440348987e-01 5.026853122440336774e-01 1.864534813601728125e-01 1.864534813601723684e-01 5.867930176559337831e-03 5.867930176559323086e-03
9.899999999999982592e+00 5.058727807339989946e-01 5.058727807339984395e-01 1.879394042497370965e-01 1.879394042497368744e-01 5.900766224481546196e-03 5.900766224481539257e-03
9.949999999999981526e+00 5.091442204220549828e-01 5.091442204220544276e-01 1.894405573869170079e-01 1.894405573869167858e-01 5.933925055189261631e-03 5.933925055189254692e-03
9.999999999999982236e+00 5.124682506034186069e-01 5.124682506034173857e-01 1.909457140516459539e-01 1.909457140516455098e-01 5.967053564113941264e-03 5.967053564113927386e-03
1.004999999999998295e+01 5.158124244956209248e-01 5.158124244956203697e-01 1.924433051906159209e-01 1.924433051906156988e-01 5.999791276402683705e-03 5.999791276402676767e-03
1.009999999999998188e+01 5.191438305572443346e-01 5.191438305572431133e-01 1.939216489189973247e-01 1.939216489189968806e-01 6.031777571352953983e-03 6.031777571352940105e-03
1.014999999999998082e+01 5.224297043063769186e-01 5.224297043063758084e-01 1.953691838805141634e-01 1.953691838805137193e-01 6.062658925694781528e-03 6.062658925694767650e-03
1.019999999999998153e+01 5.256380468727305244e-01 5.256380468727294142e-01 1.967747044622147889e-01 1.967747044622143449e-01 6.092096113381268753e-03 6.092096113381254875e-03
1.024999999999998224e+01 5.287381925661076565e-01 5.287381925661071014e-01 1.981275757209879362e-01 1.981275757209877142e-01 6.119770678640559618e-03 6.119770678640552679e-03
1.029999999999998117e+01 5.317013742395140241e-01 5.317013742395140241e-01 1.994179458027505181e-01 1.994179458027505181e-01 6.145391241995398594e-03 6.145391241995398594e-03
1.034999999999998010e+01 5.345012535194443304e-01 5.345012535194441083e-01 2.006369432435933797e-01 2.006369432435932687e-01 6.168699254222707699e-03 6.168699254222704230e-03
1.039999999999998082e+01 5.371143876214905521e-01 5.371143876214896640e-01 2.017768483554436276e-01 2.017768483554432946e-01 6.189473875933858456e-03 6.189473875933848915e-03
1.044999999999998153e+01 5.395206468520327148e-01 5.395206468520311605e-01 2.028312439300619108e-01 2.028312439300613557e-01 6.207536157002665686e-03 6.207536157002649206e-03
1.049999999999998046e+01 5.417035983791657072e-01 5.417035983791645970e-01 2.037951512285991473e-01 2.037951512285987032e-01 6.222752709270208335e-03 6.222752709270194457e-03
1.054999999999997939e+01 5.436507495991582672e-01 5.436507495991568240e-01 2.046651113788908738e-01 2.046651113788903187e-01 6.235037665769720301e-03 6.235037665769703821e-03
1.059999999999998010e+01 5.453538262569218587e-01 5.453538262569206374e-01 2.054392783571684644e-01 2.054392783571680203e-01 6.244354965263485165e-03 6.244354965263471287e-03
1.064999999999998082e+01 5.468088594001598857e-01 5.468088594001586644e-01 2.061174389956538233e-01 2.061174389956533792e-01 6.250718392589962001e-03 6.250718392589948123e-03
1.069999999999997975e+01 5.480162443173089981e-01 5.480162443173081099e-01 2.067010218201197347e-01 2.067010218201194016e-01 6.254191280487743365e-03 6.254191280487733824e-03
1.074999999999997868e+01 5.489807748495315609e-01 5.489807748495303397e-01 2.071930965742829756e-01 2.071930965742825315e-01 6.254885934317982316e-03 6.254885934317968438e-03
1.079999999999997939e+01 5.497114396071234310e-01 5.497114396071223208e-01 2.075982843871571060e-01 2.075982843871566619e-01 6.252960373107147724e-03 6.252960373107134713e-03
1.084999999999998010e+01 5.502213050899724678e-01 5.502213050899713576e-01 2.079227015830026337e-01 2.079227015830021896e-01 6.248616125710077136e-03 6.248616125710064126e-03
1.089999999999997904e+01 5.505272524469120299e-01 5.505272524469104756e-01 2.081738495875069539e-01 2.081738495875063988e-01 6.242094440405012920e-03 6.242094440404995573e-03
1.094999999999997797e+01 5.506495901384268477e-01 5.506495901384248493e-01 2.083604595354878741e-01 2.083604595354870970e-01 6.233671190291340501e-03 6.233671190291317950e-03
1.099999999999997868e+01 5.506116861758428849e-01 5.506116861758417746e-01 2.084923460843546295e-01 2.084923460843541854e-01 6.223652121921038893e-03 6.223652121921025883e-03
1.104999999999997939e+01 5.504395131103185790e-01 5.504395131103180239e-01 2.085802301804744463e-01 2.085802301804742243e-01 6.212367242903191374e-03 6.212367242903184435e-03
1.109999999999997833e+01 5.501611322883233068e-01 5.501611322883226407e-01 2.086355407528983630e-01 2.086355407528981409e-01 6.200164658332794725e-03 6.200164658332788653e-03
1.114999999999997726e+01 5.498061006855389232e-01 5.498061006855374799e-01 2.086701888264830274e-01 2.086701888264824722e-01 6.187403671652579214e-03 6.187403671652562734e-03
1.119999999999997797e+01 5.494050428831160904e-01 5.494050428831145361e-01 2.086964058492627450e-01 2.086964058492621898e-01 6.174449877197128560e-03 6.174449877197112080e-03
1.124999999999997868e+01 5.489889039855396780e-01 5.489889039855382347e-01 2.087264622426374672e-01 2.087264622426369121e-01 6.161666782070483565e-03 6.161666782070467085e-03
1.129999999999997762e+01 5.485884383879567894e-01 5.485884383879553461e-01 2.087724762346474527e-01 2.087724762346468976e-01 6.149410198369593440e-03 6.149410198369576960e-03
1.134999999999997655e+01 5.482336149143458570e-01 5.482336149143444137e-01 2.088461914207593306e-01 2.088461914207587755e-01 6.138021790470523688e-03 6.138021790470507208e-03
1.139999999999997726e+01 5.479530706222487391e-01 5.479530706222480729e-01 2.089587727984894006e-01 2.089587727984891785e-01 6.127823249222568922e-03 6.127823249222562850e-03
1.144999999999997797e+01 5.477735463405689620e-01 5.477735463405680738e-01 2.091205953820567398e-01 2.091205953820564067e-01 6.119110325736852075e-03 6.119110325736842534e-03
1.149999999999997691e+01 5.477194310496302787e-01 5.477194310496290575e-01 2.093410734318471578e-01 2.093410734318467137e-01 6.112148129397002201e-03 6.112148129396989191e-03
1.154999999999997584e+01 5.478123025021508496e-01 5.478123025021499615e-01 2.096284870896616415e-01 2.096284870896613084e-01 6.107166411934795980e-03 6.107166411934786439e-03
1.159999999999997655e+01 5.480705627247330902e-01 5.480705627247323131e-01 2.099898438120473276e-01 2.099898438120469946e-01 6.104355924768824562e-03 6.104355924768814154e-03
1.164999999999997726e+01 5.485091198117149069e-01 5.485091198117132416e-01 2.104307559409670514e-01 2.104307559409663853e-01 6.103865291978745854e-03 6.103865291978726772e-03
1.169999999999997620e+01 5.491391374806358083e-01 5.491391374806352532e-01 2.109553425950818628e-01 2.109553425950816408e-01 6.105798627932911352e-03 6.105798627932905280e-03
1.174999999999997513e+01 5.499678923137998332e-01 5.499678923137983899e-01 2.115661713192169557e-01 2.115661713192164006e-01 6.110214334129016218e-03 6.110214334128999739e-03
1.179999999999997584e+01 5.509986542745534122e-01 5.509986542745516358e-01 2.122642073328033785e-01 2.122642073328027124e-01 6.117124130628346507e-03 6.117124130628327425e-03
1.184999999999997655e+01 5.522307013696288180e-01 5.522307013696279299e-01 2.130488132619791086e-01 2.130488132619787756e-01 6.126493551746350213e-03 6.126493551746340673e-03
1.189999999999997549e+01 5.536593816577636273e-01 5.536593816577627392e-01 2.139177664738620699e-01 2.139177664738617368e-01 6.138242940426464483e-03 6.138242940426454942e-03
1.194999999999997442e+01 5.552762224220283427e-01 5.552762224220272325e-01 2.148672943153345782e-01 2.148672943153341341e-01 6.152248942457689933e-03 6.152248942457676922e-03
1.199999999999997513e+01 5.570691881702142245e-01 5.570691881702138915e-01 2.158921670778234381e-01 2.158921670778233270e-01 6.168347630794961643e-03 6.168347630794958174e-03
1.204999999999997584e+01 5.590229207758020680e-01 5.590229207758012908e-01 2.169857848881454609e-01 2.169857848881451279e-01 6.186337416625679354e-03 6.186337416625669813e-03
1.209999999999997478e+01 5.611190703166812899e-01 5.611190703166801796e-01 2.181403009309834662e-01 2.181403009309830221e-01 6.205982956784742224e-03 6.205982956784730081e-03
1.214999999999997371e+01 5.633366973847458992e-01 5.633366973847444559e-01 2.193467741703956086e-01 2.193467741703950535e-01 6.227019848698250003e-03 6.227019848698234390e-03
1.219999999999997442e+01 5.656526610657609533e-01 5.656526610657601761e-01 2.205953186706638425e-01 2.205953186706635094e-01 6.249159169140625775e-03 6.249159169140616234e-03
1.224999999999997513e+01 5.680421150409995512e-01 5.680421150409987741e-01 2.218752974693591895e-01 2.218752974693588564e-01 6.272093214681538458e-03 6.272093214681528917e-03
1.229999999999997407e+01 5.704789735862988431e-01 5.704789735862977329e-01 2.231755075432730884e-01 2.231755075432726443e-01 6.295500918004889868e-03 6.295500918004876857e-03
1.234999999999997300e+01 5.729363684490145214e-01 5.729363684490137443e-01 2.244843640243363581e-01 2.244843640243360250e-01 6.319053174506307664e-03 6.319053174506298991e-03
1.239999999999997371e+01 5.753872113405742450e-01 5.753872113405742450e-01 2.257901286198420454e-01 2.257901286198420454e-01 6.342419343253997456e-03 6.342419343253997456e-03
1.244999999999997442e+01 5.778046313188344163e-01 5.778046313188340832e-01 2.270810919536062622e-01 2.270810919536061512e-01 6.365272374312726592e-03 6.365272374312723122e-03
1.249999999999997335e+01 5.801624878184350464e-01 5.801624878184341583e-01 2.283457881038041259e-01 2.283457881038037929e-01 6.387294772134388503e-03 6.387294772134379829e-03
1.254999999999997229e+01 5.824358192100789200e-01 5.824358192100775877e-01 2.295731862081434871e-01 2.295731862081429320e-01 6.408183843911898284e-03 6.408183843911882671e-03
1.259999999999997300e+01 5.846012667441534694e-01 5.846012667441531363e-01 2.307528743002863481e-01 2.307528743002862370e-01 6.427656665746144318e-03 6.427656665746141716e-03
1.264999999999997371e+01 5.866374747744717011e-01 5.866374747744711460e-01 2.318752352497652769e-01 2.318752352497650548e-01 6.445454767192927009e-03 6.445454767192920938e-03
1.269999999999997264e+01 5.885254264778009281e-01 5.885254264778003730e-01 2.329315982275487196e-01 2.329315982275484975e-01 6.461348078434090390e-03 6.461348078434084319e-03
1.274999999999997158e+01 5.902487770753493956e-01 5.902487770753488405e-01 2.339143895928327277e-01 2.339143895928325056e-01 6.475138812258352666e-03 6.475138812258346595e-03
1.279999999999997229e+01 5.917940631703250132e-01 5.917940631703236809e-01 2.348172346296544255e-01 2.348172346296538704e-01 6.486663940045709828e-03 6.486663940045694215e-03
1.284999999999997300e+01 5.931509188215824402e-01 5.931509188215824402e-01 2.356350612179737292e-01 2.356350612179737292e-01 6.495797690364547849e-03 6.495797690364547849e-03
1.289999999999997193e+01 5.943122145119010824e-01 5.943122145118997501e-01 2.363641717639840545e-01 2.363641717639834994e-01 6.502453143438359333e-03 6.502453143438344588e-03
1.294999999999997087e+01 5.952741037500577370e-01 5.952741037500568488e-01 2.370022767626214222e-01 2.370022767626210891e-01 6.506582752577123353e-03 6.506582752577113812e-03
1.299999999999997158e+01 5.960360900425684116e-01 5.960360900425673014e-01 2.375485344245120700e-01 2.375485344245116259e-01 6.508179025329105354e-03 6.508179025329093211e-03
1.304999999999997229e+01 5.966009420914178962e-01 5.966009420914165640e-01 2.380035275704774911e-01 2.380035275704769360e-01 6.507273481079363896e-03 6.507273481079349151e-03
1.309999999999997122e+01 5.969746170581312628e-01 5.969746170581307076e-01 2.383692411258342414e-01 2.383692411258340194e-01 6.503935637812673087e-03 6.503935637812667016e-03
1.314999999999997016e+01 5.971660991702707477e-01 5.971660991702693044e-01 2.386490031778564225e-01 2.386490031778558674e-01 6.498271019138373086e-03 6.498271019138357474e-03
1.319999999999997087e+01 5.971872014471808487e-01 5.971872014471808487e-01 2.388474085731028262e-01 2.388474085731028262e-01 6.490418711225628273e-03 6.490418711225628273e-03
1.324999999999997158e+01 5.970523129890680236e-01 5.970523129890669134e-01 2.389702180947935739e-01 2.389702180947931298e-01 6.480548287316443244e-03 6.480548287316431101e-03
1.329999999999997051e+01 5.967781086861503326e-01 5.967781086861501105e-01 2.390242400759140518e-01 2.390242400759139407e-01 6.468856294341390062e-03 6.468856294341386592e-03
1.334999999999996945e+01 5.963832182057623443e-01 5.963832182057612341e-01 2.390171933874121191e-01 2.390171933874116750e-01 6.455562279200874852e-03 6.455562279200863576e-03
1.339999999999997016e+01 5.958878766622255352e-01 5.958878766622244250e-01 2.389575610345835432e-01 2.389575610345830992e-01 6.440904610096599876e-03 6.440904610096587733e-03
1.344999999999997087e+01 5.953135357822948448e-01 5.953135357822931795e-01 2.388544261729053098e-01 2.388544261729046436e-01 6.425135875532094094e-03 6.425135875532075880e-03
1.349999999999996980e+01 5.946824580188275755e-01 5.946824580188270204e-01 2.387172998637467902e-01 2.387172998637465682e-01 6.408518117147572225e-03 6.408518117147566154e-03
1.354999999999996874e+01 5.940173362005110036e-01 5.940173362005098934e-01 2.385559580204397179e-01 2.385559580204392738e-01 6.391318366254253487e-03 6.391318366254241344e-03
1.359999999999996945e+01 5.933408542729458057e-01 5.933408542729446955e-01 2.383802539851437308e-01 2.383802539851432867e-01 6.373803582490481998e-03 6.373803582490469855e-03
1.364999999999997016e+01 5.926752966456887428e-01 5.926752966456881877e-01 2.381999502230234267e-01 2.381999502230232046e-01 6.356236163389559178e-03 6.356236163389553107e-03
1.369999999999996909e+01 5.920421738151812052e-01 5.920421738151798730e-01 2.380245564559497762e-01 2.380245564559492211e-01 6.338869679252998046e-03 6.338869679252983301e-03
1.374999999999996803e+01 5.914618117617330695e-01 5.914618117617321813e-01 2.378631533948140087e-01 2.378631533948136756e-01 6.321944276274134994e-03 6.321944276274126320e-03
1.379999999999996874e+01 5.909530308930056597e-01 5.909530308930051046e-01 2.377242528033642888e-01 2.377242528033640667e-01 6.305683098232482339e-03 6.305683098232476268e-03
1.384999999999996945e+01 5.905328238211271508e-01 5.905328238211265957e-01 2.376156576120016517e-01 2.376156576120014297e-01 6.290288752137708668e-03 6.290288752137702596e-03
1.389999999999996838e+01 5.902160720625255763e-01 5.902160720625257984e-01 2.375443382838657858e-01 2.375443382838658968e-01 6.275940245280478037e-03 6.275940245280480639e-03
1.394999999999996732e+01 5.900153199878043209e-01 5.900153199878029886e-01 2.375163328625397030e-01 2.375163328625391479e-01 6.262790583059722749e-03 6.262790583059708004e-03
1.399999999999996803e+01 5.899405751072605009e-01 5.899405751072602788e-01 2.375366582629041545e-01 2.375366582629040435e-01 6.250964691129064915e-03 6.250964691129062313e-03
1.404999999999996874e+01 5.899991743466986849e-01 5.899991743466973526e-01 2.376092487247185581e-01 2.376092487247180030e-01 6.240558075501480284e-03 6.240558075501465539e-03
1.409999999999996767e+01 5.901956685633361621e-01 5.901956685633350519e-01 2.377369021405837390e-01 2.377369021405832950e-01 6.231635704864588697e-03 6.231635704864577421e-03
1.414999999999996660e+01 5.905318442570749449e-01 5.905318442570741677e-01 2.379212820568384901e-01 2.379212820568381570e-01 6.224232362507227910e-03 6.224232362507219236e-03
1.419999999999996732e+01 5.910066591311025075e-01 5.910066591311025075e-01 2.381628853249007083e-01 2.381628853249007083e-01 6.218352097255900289e-03 6.218352097255900289e-03
1.424999999999996803e+01 5.916163752979887169e-01 5.916163752979881618e-01 2.384610895760543858e-01 2.384610895760541638e-01 6.213969760939535951e-03 6.213969760939529879e-03
1.429999999999996696e+01 5.923546827438789242e-01 5.923546827438775919e-01 2.388141969341959214e-01 2.388141969341953663e-01 6.211032430018107071e-03 6.211032430018092326e-03
1.434999999999996589e+01 5.932128019383038353e-01 5.932128019383017259e-01 2.392194693879319267e-01 2.392194693879310385e-01 6.209460594105963190e-03 6.209460594105940638e-03
1.439999999999996660e+01 5.941797442478724545e-01 5.941797442478711222e-01 2.396732277851907345e-01 2.396732277851901793e-01 6.209150978890959696e-03 6.209150978890944951e-03
1.444999999999996732e+01 5.952425674880623685e-01 5.952425674880618134e-01 2.401709489057314295e-01 2.401709489057312075e-01 6.209979286508899958e-03 6.209979286508894754e-03
1.449999999999996625e+01 5.963866478886372668e-01 5.963866478886361566e-01 2.407073692129901854e-01 2.407073692129897413e-01 6.211803076464271663e-03 6.211803076464260387e-03
1.454999999999996518e+01 5.975959949783973268e-01 5.975959949783962166e-01 2.412766060333226825e-01 2.412766060333222384e-01 6.214465062030213177e-03 6.214465062030201901e-03
1.459999999999996589e+01 5.988535941788367678e-01 5.988535941788356576e-01 2.418722901443965956e-01 2.418722901443961515e-01 6.217796661809688909e-03 6.217796661809677633e-03
1.464999999999996660e+01 6.001417674182395467e-01 6.001417674182387696e-01 2.424877060000536488e-01 2.424877060000533158e-01 6.221621706223321238e-03 6.221621706223312565e-03
1.469999999999996554e+01 6.014425214949160603e-01 6.014425214949156162e-01 2.431159275349012994e-01 2.431159275349010773e-01 6.225759988089669093e-03 6.225759988089663889e-03
1.474999999999996447e+01 6.027378993070680036e-01 6.027378993070666713e-01 2.437499557938926920e-01 2.437499557938921368e-01 6.230030819013241024e-03 6.230030819013226279e-03
1.479999999999996518e+01 6.040103788784045857e-01 6.040103788784038086e-01 2.443828767629840915e-01 2.443828767629837584e-01 6.234257060280214841e-03 6.234257060280206167e-03
1.484999999999996589e+01 6.052431727869206357e-01 6.052431727869198586e-01 2.450079799831307303e-01 2.450079799831303973e-01 6.238268109054896128e-03 6.238268109054887454e-03
1.489999999999996483e+01 6.064205746645457973e-01 6.064205746645450201e-01 2.456188973745407900e-01 2.456188973745404569e-01 6.241903364028999687e-03 6.241903364028991014e-03
1.494999999999996376e+01 6.075282380993453080e-01 6.075282380993444198e-01 2.462097160596301570e-01 2.462097160596298240e-01 6.245014992000773313e-03 6.245014992000764639e-03
1.499999999999996447e+01 6.085534570688013734e-01 6.085534570688003742e-01 2.467750932081756998e-01 2.467750932081752557e-01 6.247470714131039653e-03 6.247470714131028377e-03
1.504999999999996518e+01 6.094853855475721449e-01 6.094853855475717008e-01 2.473103477473960199e-01 2.473103477473957978e-01 6.249155975929156226e-03 6.249155975929151022e-03
1.509999999999996412e+01 6.103152168731403870e-01 6.103152168731396099e-01 2.478115372318320242e-01 2.478115372318316911e-01 6.249975718331206645e-03 6.249975718331197971e-03
1.514999999999996305e+01 6.110363514900836179e-01 6.110363514900825077e-01 2.482755314736722063e-01 2.482755314736717622e-01 6.249856047166080751e-03 6.249856047166069475e-03
1.519999999999996376e+01 6.116444599392842907e-01 6.116444599392826253e-01 2.487000450123015849e-01 2.487000450123009188e-01 6.248744849555324180e-03 6.248744849555307700e-03
1.524999999999996447e+01 6.121375660534856822e-01 6.121375660534845720e-01 2.490836790310166915e-01 2.490836790310162474e-01 6.246612640276289798e-03 6.246612640276278522e-03
1.529999999999996341e+01 6.125160280487790265e-01 6.125160280487784714e-01 2.494259228422073260e-01 2.494259228422071040e-01 6.243452386538364714e-03 6.243452386538358642e-03
1.534999999999996234e+01 6.127825033023870382e-01 6.127825033023857060e-01 2.497271495758273119e-01 2.497271495758267568e-01 6.239279189902003329e-03 6.239279189901989452e-03
1.539999999999996305e+01 6.129418556618821956e-01 6.129418556618810854e-01 2.499885890906508035e-01 2.499885890906503594e-01 6.234129403756886144e-03 6.234129403756875736e-03
1.544999999999996376e+01 6.130010241156770290e-01 6.130010241156756967e-01 2.502122855120391121e-01 2.502122855120385569e-01 6.228059378022138964e-03 6.228059378022125087e-03
1.549999999999996270e+01 6.129688581971908246e-01 6.129688581971893813e-01 2.504010412671167085e-01 2.504010412671161534e-01 6.221143882412846077e-03 6.221143882412832199e-03
1.554999999999996163e+01 6.128559048125429287e-01 6.128559048125413744e-01 2.505583411813865347e-01 2.505583411813858685e-01 6.213474052855222883e-03 6.213474052855206403e-03
1.559999999999996234e+01 6.126741819520704624e-01 6.126741819520699073e-01 2.506882707641634456e-01 2.506882707641632235e-01 6.205155216934747468e-03 6.205155216934742264e-03
1.564999999999996305e+01 6.124369058645134922e-01 6.124369058645116048e-01 2.507954148486439827e-01 2.507954148486432056e-01 6.196304258150570066e-03 6.196304258150550984e-03
1.569999999999996199e+01 6.121582250193913222e-01 6.121582250193902119e-01 2.508847581654017889e-01 2.508847581654013448e-01 6.187047057099930025e-03 6.187047057099918750e-03
1.574999999999996092e+01 6.118529177317576506e-01 6.118529177317562073e-01 2.509615700541730776e-01 2.509615700541725225e-01 6.177515570564269184e-03 6.177515570564255307e-03
1.579999999999996163e+01 6.115361007797747162e-01 6.115361007797736059e-01 2.510312925640922899e-01 2.510312925640918458e-01 6.167845026144781577e-03 6.167845026144771169e-03
1.584999999999996234e+01 6.112228862551659647e-01 6.112228862551654096e-01 2.510994061148843493e-01 2.510994061148841272e-01 6.158170597544689213e-03 6.158170597544684009e-03
1.589999999999996128e+01 6.109281682422037507e-01 6.109281682422023074e-01 2.511713472510488376e-01 2.511713472510482825e-01 6.148625391702550180e-03 6.148625391702536302e-03
1.594999999999996021e+01 6.106662473834204574e-01 6.106662473834195692e-01 2.512523586228087025e-01 2.512523586228083694e-01 6.139336802023435090e-03 6.139336802023426416e-03
1.599999999999996092e+01 6.104505812733246328e-01 6.104505812733235226e-01 2.513473894937239272e-01 2.513473894937234832e-01 6.130424133993275446e-03 6.130424133993264170e-03
1.604999999999996163e+01 6.102935798903830200e-01 6.102935798903824649e-01 2.514610136879320557e-01 2.514610136879318336e-01 6.121996681386058896e-03 6.121996681386053692e-03
1.609999999999995879e+01 6.102062911111461041e-01 6.102062911111455490e-01 2.515973014359002002e-01 2.515973014358999782e-01 6.114150703181059875e-03 6.114150703181053803e-03
1.614999999999995950e+01 6.101982760383122262e-01 6.101982760383111160e-01 2.517597684641117439e-01 2.517597684641112998e-01 6.106968307194957785e-03 6.106968307194946509e-03
1.619999999999996021e+01 6.102773983741351937e-01 6.102773983741338615e-01 2.519512890651195436e-01 2.519512890651189885e-01 6.100515473731716980e-03 6.100515473731703102e-03
1.624999999999996092e+01 6.104497064558833674e-01 6.104497064558820352e-01 2.521740468186739470e-01 2.521740468186733919e-01 6.094841010723245356e-03 6.094841010723232345e-03
1.629999999999996163e+01 6.107193392636999230e-01 6.107193392636989238e-01 2.524294948375199743e-01 2.524294948375195302e-01 6.089975750000489740e-03 6.089975750000479332e-03
1.634999999999995879e+01 6.110884336145115947e-01 6.110884336145102624e-01 2.527183162479420542e-01 2.527183162479414991e-01 6.085931757927572419e-03 6.085931757927559409e-03
1.639999999999995950e+01 6.115571597371262103e-01 6.115571597371254331e-01 2.530404375621582158e-01 2.530404375621578827e-01 6.082702826013427523e-03 6.082702826013419717e-03
1.644999999999996021e+01 6.121237115705433496e-01 6.121237115705431275e-01 2.533950233521006234e-01 2.533950233521005124e-01 6.080264507548913643e-03 6.080264507548911040e-03
1.649999999999995737e+01 6.127843215571396884e-01 6.127843215571386892e-01 2.537804810215413820e-01 2.537804810215409379e-01 6.078574395725551069e-03 6.078574395725540661e-03
1.654999999999995808e+01 6.135334206863856110e-01 6.135334206863845008e-01 2.541945257680381376e-01 2.541945257680376935e-01 6.077573837849097570e-03 6.077573837849087161e-03
1.659999999999995879e+01 6.143637244068517189e-01 6.143637244068507197e-01 2.546342149653235687e-01 2.546342149653231246e-01 6.077188901320381038e-03 6.077188901320370630e-03
1.664999999999995950e+01 6.152664064961156365e-01 6.152664064961150814e-01 2.550960190253028781e-01 2.550960190253026560e-01 6.077332198339565651e-03 6.077332198339560447e-03
1.669999999999996021e+01 6.162312703433411309e-01 6.162312703433402428e-01 2.555758912260377436e-01 2.555758912260374105e-01 6.077904666493176913e-03 6.077904666493169107e-03
1.674999999999995737e+01 6.172469520023481371e-01 6.172469520023478040e-01 2.560693507014337733e-01 2.560693507014336623e-01 6.078797642764015990e-03 6.078797642764013388e-03
1.679999999999995808e+01 6.183011730641125858e-01 6.183011730641118087e-01 2.565715859264957599e-01 2.565715859264954268e-01 6.079895401101803772e-03 6.079895401101795965e-03
1.684999999999995879e+01 6.193809721227103715e-01 6.193809721227090392e-01 2.570775492659663763e-01 2.570775492659658212e-01 6.081077451589988331e-03 6.081077451589975320e-03
1.689999999999995595e+01 6.204729488946796323e-01 6.204729488946783000e-01 2.575820564264814649e-01 2.575820564264809098e-01 6.082220930967693721e-03 6.082220930967680711e-03
1.694999999999995666e+01 6.215635790322106002e-01 6.215635790322096010e-01 2.580799149527673864e-01 2.580799149527669423e-01 6.083203652392876401e-03 6.083203652392865993e-03
1.699999999999995737e+01 6.226393805571779350e-01 6.226393805571771578e-01 2.585659907287984893e-01 2.585659907287981563e-01 6.083905664207032819e-03 6.083905664207025013e-03
1.704999999999995808e+01 6.236872740304491014e-01 6.236872740304472140e-01 2.590353544818013720e-01 2.590353544818005949e-01 6.084212671328284930e-03 6.084212671328266715e-03
1.709999999999995879e+01 6.246947657437994517e-01 6.246947657437984525e-01 2.594833542068049059e-01 2.594833542068044618e-01 6.084017683629667356e-03 6.084017683629656947e-03
1.714999999999995595e+01 6.256502338637592864e-01 6.256502338637585092e-01 2.599057299945519706e-01 2.599057299945516375e-01 6.083223639427790680e-03 6.083223639427782874e-03
1.719999999999995666e+01 6.265430998902845605e-01 6.265430998902832282e-01 2.602986806167326694e-01 2.602986806167321143e-01 6.081744874222735041e-03 6.081744874222722030e-03
1.724999999999995737e+01 6.273640613267337240e-01 6.273640613267318367e-01 2.606589551091686996e-01 2.606589551091679224e-01 6.079509157065168465e-03 6.079509157065150250e-03
1.729999999999995453e+01 6.281052516165618327e-01 6.281052516165605004e-01 2.609839137313312296e-01 2.609839137313306745e-01 6.076458992580480341e-03 6.076458992580467330e-03
1.734999999999995524e+01 6.287603823745598897e-01 6.287603823745591125e-01 2.612715812433470397e-01 2.612715812433467066e-01 6.072552730815744884e-03 6.072552730815737078e-03
1.739999999999995595e+01 6.293248569338341092e-01 6.293248569338333320e-01 2.615206880282865409e-01 2.615206880282862079e-01 6.067765383486935921e-03 6.067765383486928114e-03
1.744999999999995666e+01 6.297958503294697197e-01 6.297958503294699417e-01 2.617306971458907006e-01 2.617306971458908116e-01 6.062089105868931349e-03 6.062089105868933951e-03
1.749999999999995737e+01 6.301723476776592836e-01 6.301723476776587285e-01 2.619018140927769078e-01 2.619018140927766858e-01 6.055533273821440444e-03 6.055533273821435240e-03
1.754999999999995453e+01 6.304551572082142119e-01 6.304551572082131017e-01 2.620349861468096453e-01 2.620349861468092012e-01 6.048124319603232976e-03 6.048124319603222568e-03
1.759999999999995524e+01 6.306468817059004417e-01 6.306468817058991094e-01 2.621318846587221696e-01 2.621318846587216145e-01 6.039905176468261805e-03 6.039905176468248794e-03
1.764999999999995595e+01 6.307518606961319829e-01 6.307518606961308727e-01 2.621948755732990133e-01 2.621948755732985692e-01 6.030934458270255892e-03 6.030934458270246351e-03
1.769999999999995310e+01 6.307760405158764350e-01 6.307760405158753247e-01 2.622269603291047524e-01 2.622269603291043083e-01 6.021284967373253562e-03 6.021284967373243154e-03
1.774999999999995381e+01 6.307268929678153668e-01 6.307268929678148117e-01 2.622317376202919492e-01 2.622317376202917272e-01 6.011042696167160672e-03 6.011042696167155468e-03
1.779999999999995453e+01 6.306132792298937417e-01 6.306132792298931866e-01 2.622133429169990482e-01 2.622133429169988261e-01 6.000305329908454770e-03 6.000305329908449566e-03
1.784999999999995524e+01 6.304451683586888011e-01 6.304451683586876909e-01 2.621763281873810136e-01 2.621763281873805695e-01 5.989179398912196535e-03 5.989179398912186127e-03
1.789999999999995595e+01 6.302335220023453921e-01 6.302335220023448370e-01 2.621256114038510443e-01 2.621256114038508223e-01 5.977779051399120108e-03 5.977779051399114904e-03
1.794999999999995310e+01 6.299900702382487117e-01 6.299900702382487117e-01 2.620663814343194842e-01 2.620663814343194842e-01 5.966223823205917161e-03 5.966223823205917161e-03
1.799999999999995381e+01 6.297270124779700273e-01 6.297270124779700273e-01 2.620039723890436045e-01 2.620039723890436045e-01 5.954635736114636917e-03 5.954635736114636917e-03
1.804999999999995453e+01 6.294568403782468957e-01 6.294568403782455634e-01 2.619437893089331393e-01 2.619437893089325842e-01 5.943137590673478257e-03 5.943137590673465247e-03
1.809999999999995168e+01 6.291920771653992661e-01 6.291920771653984890e-01 2.618911996219889238e-01 2.618911996219885907e-01 5.931850501064311366e-03 5.931850501064303560e-03
1.814999999999995239e+01 6.289450004544738793e-01 6.289450004544719919e-01 2.618514181532631824e-01 2.618514181532624052e-01 5.920891309288040666e-03 5.920891309288023319e-03
1.819999999999995310e+01 6.287274380980848454e-01 6.287274380980846233e-01 2.618294229353105296e-01 2.618294229353104186e-01 5.910370720887380899e-03 5.910370720887378297e-03
1.824999999999995381e+01 6.285505234788076878e-01 6.285505234788073547e-01 2.618298544123349725e-01 2.618298544123348615e-01 5.900391085348403314e-03 5.900391085348400712e-03
1.829999999999995453e+01 6.284244911017927704e-01 6.284244911017916602e-01 2.618569316294704352e-01 2.618569316294699911e-01 5.891044581090457664e-03 5.891044581090447256e-03
1.834999999999995168e+01 6.283584790035556811e-01 6.283584790035549039e-01 2.619143714315232963e-01 2.619143714315229632e-01 5.882411486390201269e-03 5.882411486390194330e-03
1.839999999999995239e+01 6.283603571864799786e-01 6.283603571864788684e-01 2.620053185495909709e-01 2.620053185495905268e-01 5.874558711874246393e-03 5.874558711874235985e-03
1.844999999999995310e+01 6.284365834648061311e-01 6.284365834648057980e-01 2.621322871641514896e-01 2.621322871641513785e-01 5.867538604681632290e-03 5.867538604681629688e-03
1.849999999999995026e+01 6.285920891313633296e-01 6.285920891313622194e-01 2.622971148828525667e-01 2.622971148828521226e-01 5.861388042074927238e-03 5.861388042074916829e-03
1.854999999999995097e+01 6.288301965467811838e-01 6.288301965467801846e-01 2.625009300320902961e-01 2.625009300320898520e-01 5.856127831167668579e-03 5.856127831167658171e-03
1.859999999999995168e+01 6.291525632404816326e-01 6.291525632404810775e-01 2.627441299911095207e-01 2.627441299911092987e-01 5.851762360603784616e-03 5.851762360603780279e-03
1.864999999999995239e+01 6.295591660955597302e-01 6.295591660955587310e-01 2.630263762597695454e-01 2.630263762597691013e-01 5.848279627788103251e-03 5.848279627788093710e-03
1.869999999999995310e+01 6.300483054057119947e-01 6.300483054057108845e-01 2.633465978999773860e-01 2.633465978999769419e-01 5.845651451719818120e-03 5.845651451719808579e-03
1.874999999999995026e+01 6.306166643477455480e-01 6.306166643477449929e-01 2.637030181273646301e-01 2.637030181273644081e-01 5.843834196728311600e-03 5.843834196728306396e-03
1.879999999999995097e+01 6.312593709375522444e-01 6.312593709375518003e-01 2.640931821970615712e-01 2.640931821970613491e-01 5.842769517634115520e-03 5.842769517634110316e-03
1.884999999999995168e+01 6.319701202300449516e-01 6.319701202300438414e-01 2.645140106235643884e-01 2.645140106235639443e-01 5.842385657063828112e-03 5.842385657063818571e-03
1.889999999999994884e+01 6.327412822822237048e-01 6.327412822822221505e-01 2.649618466526009186e-01 2.649618466526002525e-01 5.842598603144462388e-03 5.842598603144447643e-03
1.894999999999994955e+01 6.335640809427334208e-01 6.335640809427323106e-01 2.654325337877776469e-01 2.654325337877772029e-01 5.843313897364404291e-03 5.843313897364394750e-03
1.899999999999995026e+01 6.344287589032593377e-01 6.344287589032587826e-01 2.659214878454260189e-01 2.659214878454257969e-01 5.844428304295086127e-03 5.844428304295081790e-03
1.904999999999995097e+01 6.353247741144844030e-01 6.353247741144838479e-01 2.664237825633006818e-01 2.664237825633004597e-01 5.845831762222734700e-03 5.845831762222729495e-03
1.909999999999995168e+01 6.362410016705654092e-01 6.362410016705659643e-01 2.669342378999258747e-01 2.669342378999260967e-01 5.847409373492361631e-03 5.847409373492365968e-03
1.914999999999994884e+01 6.371659533642931583e-01 6.371659533642931583e-01 2.674475161452829486e-01 2.674475161452829486e-01 5.849043546096957535e-03 5.849043546096957535e-03
1.919999999999994955e+01 6.380879965216664784e-01 6.380879965216649241e-01 2.679582181157853515e-01 2.679582181157846854e-01 5.850616116065191635e-03 5.850616116065176890e-03
1.924999999999995026e+01 6.389955675426839399e-01 6.389955675426833848e-01 2.684609774638697655e-01 2.684609774638695434e-01 5.852010407931774669e-03 5.852010407931770332e-03
1.929999999999994742e+01 6.398774040499088933e-01 6.398774040499078941e-01 2.689505631190176604e-01 2.689505631190172164e-01 5.853113451991689802e-03 5.853113451991680261e-03
1.934999999999994813e+01 6.407227279431605416e-01 6.407227279431594313e-01 2.694219612479876735e-01 2.694219612479872294e-01 5.853817734882958181e-03 5.853817734882948640e-03
1.939999999999994884e+01 6.415214611129911315e-01 6.415214611129897992e-01 2.698704711520050203e-01 2.698704711520044652e-01 5.854023235401420444e-03 5.854023235401408301e-03
1.944999999999994955e+01 6.422644050217578560e-01 6.422644050217580780e-01 2.702917859308966442e-01 2.702917859308967552e-01 5.853639110577089043e-03 5.853639110577091645e-03
1.949999999999995026e+01 6.429433907464516817e-01 6.429433907464509046e-01 2.706820606828461706e-01 2.706820606828458375e-01 5.852585095845331230e-03 5.852585095845324291e-03
1.954999999999994742e+01 6.435514346267517949e-01 6.435514346267512398e-01 2.710379828379105849e-01 2.710379828379103628e-01 5.850792937677518589e-03 5.850792937677514252e-03
1.959999999999994813e+01 6.440828477425961651e-01 6.440828477425956100e-01 2.713568227802670707e-01 2.713568227802668487e-01 5.848207387505765555e-03 5.848207387505761218e-03
1.964999999999994884e+01 6.445333308111750314e-01 6.445333308111742543e-01 2.716364779144214703e-01 2.716364779144211372e-01 5.844787044957975436e-03 5.844787044957968497e-03
1.969999999999994600e+01 6.449000369854789305e-01 6.449000369854787085e-01 2.718755027073289643e-01 2.718755027073288533e-01 5.840504891671953122e-03 5.840504891671951387e-03
1.974999999999994671e+01 6.451816142180203384e-01 6.451816142180187841e-01 2.720731295737558453e-01 2.720731295737551791e-01 5.835348623565818522e-03 5.835348623565804645e-03
1.979999999999994742e+01 6.453782090095532276e-01 6.453782090095532276e-01 2.722292727533934809e-01 2.722292727533934809e-01 5.829320615704367513e-03 5.829320615704367513e-03
1.984999999999994813e+01 6.454914498987719407e-01 6.454914498987711635e-01 2.723445230641244885e-01 2.723445230641241555e-01 5.822437692445215501e-03 5.822437692445208562e-03
1.989999999999994884e+01 6.455244013494931821e-01 6.455244013494921829e-01 2.724201293632206866e-01 2.724201293632202425e-01 5.814730616077292205e-03 5.814730616077282664e-03
1.994999999999994600e+01 6.454814898031527859e-01 6.454814898031525638e-01 2.724579675686334967e-01 2.724579675686333857e-01 5.806243315261245923e-03 5.806243315261243321e-03
1.999999999999994671e+01 6.453684083179532793e-01 6.453684083179525022e-01 2.724604999186979182e-01 2.724604999186975851e-01 5.797031913163794813e-03 5.797031913163787874e-03
2.004999999999994742e+01 6.451919972975608264e-01 6.451919972975594941e-01 2.724307234435443537e-01 2.724307234435437985e-01 5.787163535709927489e-03 5.787163535709915346e-03
2.009999999999994458e+01 6.449600937883392948e-01 6.449600937883379626e-01 2.723721045601555923e-01 2.723721045601550372e-01 5.776714836906809113e-03 5.776714836906796970e-03
2.014999999999994529e+01 6.446813986203788760e-01 6.446813986203780988e-01 2.722885205205588521e-01 2.722885205205585191e-01 5.765770683336354438e-03 5.765770683336347499e-03
2.019999999999994600e+01 6.443652795709816639e-01 6.443652795709801095e-01 2.721841734605363605e-01 2.721841734605356944e-01 5.754422271892956423e-03 5.754422271892941677e-03
2.024999999999994671e+01 6.440216044367553794e-01 6.440216044367549353e-01 2.720635165440170589e-01 2.720635165440168368e-01 5.742765520718048043e-03 5.742765520718042839e-03
2.029999999999994742e+01 6.436605433523362452e-01 6.436605433523362452e-01 2.719311668057862175e-01 2.719311668057862175e-01 5.730899195063997309e-03 5.730899195063997309e-03
2.034999999999994458e+01 6.432923837799124911e-01 6.432923837799121580e-01 2.717918230619913444e-01 2.717918230619912334e-01 5.718923157537965200e-03 5.718923157537962598e-03
2.039999999999994529e+01 6.429273267991009178e-01 6.429273267990993634e-01 2.716501757855578347e-01 2.716501757855571686e-01 5.706936466083157439e-03 5.706936466083143561e-03
2.044999999999994600e+01 6.425753095866713061e-01 6.425753095866709730e-01 2.715108278037172695e-01 2.715108278037171585e-01 5.695035716910702012e-03 5.695035716910700277e-03
2.049999999999994316e+01 6.422458136700992526e-01 6.422458136700980313e-01 2.713782091159659959e-01 2.713782091159654408e-01 5.683313279915527989e-03 5.683313279915516714e-03
2.054999999999994387e+01 6.419476969078192763e-01 6.419476969078182771e-01 2.712565016068976265e-01 2.712565016068971824e-01 5.671855757593269320e-03 5.671855757593259779e-03
2.059999999999994458e+01 6.416890241221947511e-01 6.416890241221930857e-01 2.711495633903773239e-01 2.711495633903766578e-01 5.660742450738575661e-03 5.660742450738561783e-03
2.064999999999994529e+01 6.414769546450369564e-01 6.414769546450367343e-01 2.710608770800084777e-01 2.710608770800083667e-01 5.650044337259175348e-03 5.650044337259173613e-03
2.069999999999994600e+01 6.413175866994054175e-01 6.413175866994044183e-01 2.709934802301612322e-01 2.709934802301607881e-01 5.639822689493479736e-03 5.639822689493470195e-03
2.074999999999994316e+01 6.412158718803032675e-01 6.412158718803024904e-01 2.709499253249365580e-01 2.709499253249362249e-01 5.630128318440249732e-03 5.630128318440242793e-03
2.079999999999994387e+01 6.411755379457255710e-01 6.411755379457247939e-01 2.709322435113491467e-01 2.709322435113488137e-01 5.621000902725095325e-03 5.621000902725088386e-03
2.084999999999994458e+01 6.411990314609501418e-01 6.411990314609488095e-01 2.709419168531845834e-01 2.709419168531840283e-01 5.612468500324909772e-03 5.612468500324898496e-03
2.089999999999994174e+01 6.412874889923922961e-01 6.412874889923912969e-01 2.709798627897259671e-01 2.709798627897255230e-01 5.604547317264250116e-03 5.604547317264240575e-03
2.094999999999994245e+01 6.414407386650983200e-01 6.414407386650977649e-01 2.710464315566011306e-01 2.710464315566009086e-01 5.597241746135294370e-03 5.597241746135290033e-03
2.099999999999994316e+01 6.416573187124664512e-01 6.416573187124648969e-01 2.711414109106152770e-01 2.711414109106146109e-01 5.590544554858056445e-03 5.590544554858043434e-03
2.104999999999994387e+01 6.419345275950538721e-01 6.419345275950525398e-01 2.712640442991449685e-01 2.712640442991444134e-01 5.584437350471341439e-03 5.584437350471330164e-03
2.109999999999994458e+01 6.422684927843155256e-01 6.422684927843141933e-01 2.714130571003570136e-01 2.714130571003564585e-01 5.578891204529444481e-03 5.578891204529432338e-03
2.114999999999994174e+01 6.426542677114692736e-01 6.426542677114683855e-01 2.715866947069639492e-01 2.715866947069636161e-01 5.573867515791984355e-03 5.573867515791978283e-03
2.119999999999994245e+01 6.430859415489015296e-01 6.430859415489007525e-01 2.717827663923133574e-01 2.717827663923130244e-01 5.569318983449054149e-03 5.569318983449047210e-03
2.124999999999994316e+01 6.435567719097984307e-01 6.435567719097976536e-01 2.719986988285066909e-01 2.719986988285063578e-01 5.565190768869712062e-03 5.565190768869705124e-03
2.129999999999994031e+01 6.440593318717983129e-01 6.440593318717975357e-01 2.722315958957944870e-01 2.722315958957941540e-01 5.561421775194994553e-03 5.561421775194987614e-03
2.134999999999994102e+01 6.445856488535943729e-01 6.445856488535943729e-01 2.724782952359462440e-01 2.724782952359462440e-01 5.557945848769948322e-03 5.557945848769948322e-03
2.139999999999994174e+01 6.451274377991027542e-01 6.451274377991030873e-01 2.727354648910370605e-01 2.727354648910371715e-01 5.554693785968178865e-03 5.554693785968180600e-03
2.144999999999994245e+01 6.456761734450577883e-01 6.456761734450567891e-01 2.729996322251488916e-01 2.729996322251484475e-01 5.551593944588701160e-03 5.551593944588692486e-03
2.149999999999994316e+01 6.462233330277334931e-01 6.462233330277332710e-01 2.732672851817804505e-01 2.732672851817803394e-01 5.548574318411795755e-03 5.548574318411793153e-03
2.154999999999994031e+01 6.467605284196953352e-01 6.467605284196950022e-01 2.735349271735538768e-01 2.735349271735537657e-01 5.545563652783667280e-03 5.545563652783664678e-03
2.159999999999994102e+01 6.472797197550117509e-01 6.472797197550104187e-01 2.737991668664263578e-01 2.737991668664258027e-01 5.542493256405402018e-03 5.542493256405390742e-03
2.164999999999994174e+01 6.477733295950085513e-01 6.477733295950079961e-01 2.740567662289069562e-01 2.740567662289067341e-01 5.539297953085547434e-03 5.539297953085543097e-03
2.169999999999993889e+01 6.482344126009388363e-01 6.482344126009377261e-01 2.743047126943153335e-01 2.743047126943148895e-01 5.535917511489724281e-03 5.535917511489714740e-03
2.174999999999993960e+01 6.486567754876627623e-01 6.486567754876612080e-01 2.745402706497406253e-01 2.745402706497399592e-01 5.532297645334833570e-03 5.532297645334820560e-03
2.179999999999994031e+01 6.490350979445632662e-01 6.490350979445628221e-01 2.747610338746975245e-01 2.747610338746973024e-01 5.528391023635775316e-03 5.528391023635770979e-03
2.184999999999994102e+01 6.493650370390181559e-01 6.493650370390170457e-01 2.749649715571040876e-01 2.749649715571036435e-01 5.524158142784622166e-03 5.524158142784613493e-03
2.189999999999994174e+01 6.496432735022913407e-01 6.496432735022902305e-01 2.751504499937246218e-01 2.751504499937241777e-01 5.519567702983453096e-03 5.519567702983443555e-03
2.194999999999993889e+01 6.498676174930506644e-01 6.498676174930495542e-01 2.753162802130147968e-01 2.753162802130143527e-01 5.514597500511072246e-03 5.514597500511063573e-03
2.199999999999993960e+01 6.500369884432894985e-01 6.500369884432887213e-01 2.754617124818795615e-01 2.754617124818792284e-01 5.509234249637601395e-03 5.509234249637594456e-03
2.204999999999994031e+01 6.501514462417310458e-01 6.501514462417297135e-01 2.755864529355833703e-01 2.755864529355828152e-01 5.503473847939767925e-03 5.503473847939756650e-03
2.209999999999993747e+01 6.502121927514676880e-01 6.502121927514672439e-01 2.756906681315578478e-01 2.756906681315576257e-01 5.497321398435859284e-03 5.497321398435854947e-03
2.214999999999993818e+01 6.502214945482329700e-01 6.502214945482325259e-01 2.757749561950070261e-01 2.757749561950068040e-01 5.490790566351568674e-03 5.490790566351564338e-03
2.219999999999993889e+01 6.501826649412902892e-01 6.501826649412891790e-01 2.758403434939988852e-01 2.758403434939984411e-01 5.483903449184877703e-03 5.483903449184869029e-03
2.224999999999993960e+01 6.500999787891087456e-01 6.500999787891071913e-01 2.758882527877749569e-01 2.758882527877742907e-01 5.476689881643185404e-03 5.476689881643172393e-03
2.229999999999994031e+01 6.499785041551834341e-01 6.499785041551824349e-01 2.759204361315157339e-01 2.759204361315152898e-01 5.469186048196555266e-03 5.469186048196546593e-03
2.234999999999993747e+01 6.498241507868798283e-01 6.498241507868792732e-01 2.759389997758757707e-01 2.759389997758755486e-01 5.461434928765488382e-03 5.461434928765484045e-03
2.239999999999993818e+01 6.496433788719669922e-01 6.496433788719657709e-01 2.759462847155872423e-01 2.759462847155866871e-01 5.453483887659836549e-03 5.453483887659826140e-03
2.244999999999993889e+01 6.494431467340470165e-01 6.494431467340467945e-01 2.759448485357113290e-01 2.759448485357112180e-01 5.445384282895151910e-03 5.445384282895149308e-03
2.249999999999993605e+01 6.492307561238609415e-01 6.492307561238603864e-01 2.759374034370469797e-01 2.759374034370467577e-01 5.437190215508325326e-03 5.437190215508320990e-03
2.254999999999993676e+01 6.490136878804241283e-01 6.490136878804229070e-01 2.759267500344054769e-01 2.759267500344049218e-01 5.428957206776311231e-03 5.428957206776299955e-03
2.259999999999993747e+01 6.487994637477403348e-01 6.487994637477397797e-01 2.759157218408934131e-01 2.759157218408931911e-01 5.420741097070607382e-03 5.420741097070603046e-03
2.264999999999993818e+01 6.485954882093070140e-01 6.485954882093062368e-01 2.759071209711089212e-01 2.759071209711085881e-01 5.412596782169875297e-03 5.412596782169869225e-03
2.269999999999993889e+01 6.484089049537978822e-01 6.484089049537976601e-01 2.759036597081415687e-01 2.759036597081414577e-01 5.404577075575750338e-03 5.404577075575747735e-03
2.274999999999993605e+01 6.482464565836597581e-01 6.482464565836587589e-01 2.759079031027480422e-01 2.759079031027475981e-01 5.396731601031757447e-03 5.396731601031748773e-03
2.279999999999993676e+01 6.481143460129441536e-01 6.481143460129438205e-01 2.759222119377174876e-01 2.759222119377173765e-01 5.389105701908554653e-03 5.389105701908552919e-03
2.284999999999993747e+01 6.480181352832715680e-01 6.480181352832713459e-01 2.759487013089421126e-01 2.759487013089420016e-01 5.381739664728281067e-03 5.381739664728279332e-03
2.289999999999993463e+01 6.479626207232684898e-01 6.479626207232682678e-01 2.759891888017624861e-01 2.759891888017623751e-01 5.374667746869776601e-03 5.374667746869773999e-03
2.294999999999993534e+01 6.479517584147616027e-01 6.479517584147611586e-01 2.760451638174488131e-01 2.760451638174485911e-01 5.367917624063185504e-03 5.367917624063181167e-03
2.299999999999993605e+01 6.479885876803458400e-01 6.479885876803448408e-01 2.761177557817012795e-01 2.761177557817008354e-01 5.361509821003918909e-03 5.361509821003910235e-03
2.304999999999993676e+01 6.480751613726214444e-01 6.480751613726214444e-01 2.762077050691176261e-01 2.762077050691176261e-01 5.355457199595116576e-03 5.355457199595116576e-03
2.309999999999993747e+01 6.482125502775057946e-01 6.482125502775055725e-01 2.763153651740919425e-01 2.763153651740918315e-01 5.349765056613600342e-03 5.349765056613597740e-03
2.314999999999993463e+01 6.484008051962497632e-01 6.484008051962482089e-01 2.764406867733993911e-01 2.764406867733987250e-01 5.344430870437890876e-03 5.344430870437877866e-03
2.319999999999993534e+01 6.486389611659576504e-01 6.486389611659565402e-01 2.765832195955343353e-01 2.765832195955338912e-01 5.339444393736194304e-03 5.339444393736185630e-03
2.324999999999993605e+01 6.489250721680467349e-01 6.489250721680465128e-01 2.767421269338879997e-01 2.767421269338878886e-01 5.334787989087008166e-03 5.334787989087005564e-03
2.329999999999993321e+01 6.492562545188170775e-01 6.492562545188153011e-01 2.769162039562687028e-01 2.769162039562679256e-01 5.330437034769378718e-03 5.330437034769363973e-03
2.334999999999993392e+01 6.496287555725848151e-01 6.496287555725842600e-01 2.771039064709825972e-01 2.771039064709823752e-01 5.326360528034274761e-03 5.326360528034270424e-03
2.339999999999993463e+01 6.500380218665439136e-01 6.500380218665441356e-01 2.773033794232308002e-01 2.773033794232309113e-01 5.322521677989085209e-03 5.322521677989086944e-03
2.344999999999993534e+01 6.504788134487988760e-01 6.504788134487973217e-01 2.775125047916079390e-01 2.775125047916072729e-01 5.318878865196136931e-03 5.318878865196123920e-03
2.349999999999993605e+01 6.509452945910234600e-01 6.509452945910230159e-01 2.777289393500688153e-01 2.777289393500685932e-01 5.315386399044389615e-03 5.315386399044385278e-03
2.354999999999993321e+01 6.514311591642465427e-01 6.514311591642447663e-01 2.779501669981897516e-01 2.779501669981889744e-01 5.311995547027047702e-03 5.311995547027032957e-03
2.359999999999993392e+01 6.519297652560895884e-01 6.519297652560874790e-01 2.781735548380492862e-01 2.781735548380483980e-01 5.308655626680340231e-03 5.308655626680322884e-03
2.364999999999993463e+01 6.524342586597129401e-01 6.524342586597127180e-01 2.783964042424775798e-01 2.783964042424774687e-01 5.305314992710397602e-03 5.305314992710395000e-03
2.369999999999993179e+01 6.529377130805592566e-01 6.529377130805583684e-01 2.786160088932072565e-01 2.786160088932069234e-01 5.301922148300814049e-03 5.301922148300807977e-03
2.374999999999993250e+01 6.534332664499751253e-01 6.534332664499743482e-01 2.788297109208827118e-01 2.788297109208823787e-01 5.298426810848137943e-03 5.298426810848131004e-03
2.379999999999993321e+01 6.539142619008539992e-01 6.539142619008532220e-01 2.790349588256774149e-01 2.790349588256770819e-01 5.294781002384780014e-03 5.294781002384773942e-03
2.384999999999993392e+01 6.543743706499471902e-01 6.543743706499456358e-01 2.792293574081697871e-01 2.792293574081691210e-01 5.290939979311611550e-03 5.290939979311599407e-03
2.389999999999993463e+01 6.548077189523705544e-01 6.548077189523693331e-01 2.794107192988407595e-01 2.794107192988402044e-01 5.286863184462465420e-03 5.286863184462454145e-03
2.394999999999993179e+01 6.552090000340382581e-01 6.552090000340369258e-01 2.795771098567538804e-01 2.795771098567533253e-01 5.282515065786573885e-03 5.282515065786563477e-03
2.399999999999993250e+01 6.555735775551504441e-01 6.555735775551496669e-01 2.797268883137974393e-01 2.797268883137971063e-01 5.277865817241471184e-03 5.277865817241465113e-03
2.404999999999993321e+01 6.558975673723629329e-01 6.558975673723619337e-01 2.798587395225204943e-01 2.798587395225200503e-01 5.272891936364032354e-03 5.272891936364023681e-03
2.409999999999993037e+01 6.561779273989478689e-01 6.561779273989468697e-01 2.799717091573921124e-01 2.799717091573916683e-01 5.267576842095817065e-03 5.267576842095808391e-03
2.414999999999993108e+01 6.564124845190405511e-01 6.564124845190399959e-01 2.800652118188353690e-01 2.800652118188351469e-01 5.261910978277800632e-03 5.261910978277796296e-03
2.419999999999993179e+01 6.565999973109719612e-01 6.565999973109714061e-01 2.801390546915789592e-01 2.801390546915787372e-01 5.255892208097176499e-03 5.255892208097172162e-03
2.424999999999993250e+01 6.567401623135238342e-01 6.567401623135233901e-01 2.801934369612701925e-01 2.801934369612699705e-01 5.249525751030832688e-03 5.249525751030829218e-03
2.429999999999993321e+01 6.568336306778829181e-01 6.568336306778815858e-01 2.802289538784493717e-01 2.802289538784488165e-01 5.242824207267537430e-03 5.242824207267527022e-03
2.434999999999993037e+01 6.568819624539635749e-01 6.568819624539627977e-01 2.802465743005316812e-01 2.802465743005313481e-01 5.235807086418164599e-03 5.235807086418158528e-03
2.439999999999993108e+01 6.568876125105737040e-01 6.568876125105727048e-01 2.802476319144793226e-01 2.802476319144788786e-01 5.228500595419400925e-03 5.228500595419392251e-03
2.444999999999993179e+01 6.568538707628948092e-01 6.568538707628932549e-01 2.802337972839871183e-01 2.802337972839864522e-01 5.220937070963905906e-03 5.220937070963893763e-03
2.449999999999992895e+01 6.567847930935875045e-01 6.567847930935863943e-01 2.802070460777843497e-01 2.802070460777839056e-01 5.213154345633207176e-03 5.213154345633199370e-03
2.454999999999992966e+01 6.566851130979901585e-01 6.566851130979896034e-01 2.801696194525624684e-01 2.801696194525622463e-01 5.205194973572931268e-03 5.205194973572926931e-03
2.459999999999993037e+01 6.565601475085358629e-01 6.565601475085348637e-01 2.801239820288108362e-01 2.801239820288103921e-01 5.197105417974237293e-03 5.197105417974229487e-03
2.464999999999993108e+01 6.564156835966628023e-01 6.564156835966620251e-01 2.800727724866679536e-01 2.800727724866676205e-01 5.188935108599693896e-03 5.188935108599687825e-03
2.469999999999993179e+01 6.562578677829593587e-01 6.562578677829585816e-01 2.800187549881953952e-01 2.800187549881950622e-01 5.180735522445807650e-03 5.180735522445801579e-03
2.474999999999992895e+01 6.560930760610981238e-01 6.560930760610963475e-01 2.799647631405011161e-01 2.799647631405003390e-01 5.172559134235596781e-03 5.172559134235582036e-03
2.479999999999992966e+01 6.559277841295828582e-01 6.559277841295810818e-01 2.799136441547710463e-01 2.799136441547702692e-01 5.164458379239327684e-03 5.164458379239313807e-03
2.484999999999993037e+01 6.557684441673063969e-01 6.557684441673053977e-01 2.798682060831255702e-01 2.798682060831251261e-01 5.156484681402600384e-03 5.156484681402591710e-03
2.489999999999992752e+01 6.556213623203240859e-01 6.556213623203235308e-01 2.798311655932237407e-01 2.798311655932235187e-01 5.148687499415350102e-03 5.148687499415345765e-03
2.494999999999992824e+01 6.554925407697986817e-01 6.554925407697981266e-01 2.798050810002268296e-01 2.798050810002266076e-01 5.141113109788284473e-03 5.141113109788281003e-03
2.499999999999992895e+01 6.553876178789439511e-01 6.553876178789436180e-01 2.797923271385620581e-01 2.797923271385619470e-01 5.133804167680047423e-03 5.133804167680045688e-03
2.504999999999992966e+01 6.553116968340398918e-01 6.553116968340391146e-01 2.797950230779655545e-01 2.797950230779652214e-01 5.126798407292095135e-03 5.126798407292089063e-03
2.509999999999993037e+01 6.552692948876703838e-01 6.552692948876696066e-01 2.798150112502890696e-01 2.798150112502887366e-01 5.120128293692399225e-03 5.120128293692393154e-03
2.514999999999992752e+01 6.552642299005771997e-01 6.552642299005760895e-01 2.798538101241052622e-01 2.798538101241048182e-01 5.113820194136241629e-03 5.113820194136232955e-03
2.519999999999992824e+01 6.552995435263516688e-01 6.552995435263506696e-01 2.799125825792194711e-01 2.799125825792190270e-01 5.107893842686496606e-03 5.107893842686488800e-03
2.524999999999992895e+01 6.553774790317948851e-01 6.553774790317935528e-01 2.799921276808060577e-01 2.799921276808055026e-01 5.102362235641122977e-03 5.102362235641112569e-03
2.529999999999992610e+01 6.554994021818173477e-01 6.554994021818167926e-01 2.800928482923572549e-01 2.800928482923570328e-01 5.097231088122980945e-03 5.097231088122977476e-03
2.534999999999992681e+01 6.556657989803351683e-01 6.556657989803343911e-01 2.802147516210843348e-01 2.802147516210840017e-01 5.092498893613537324e-03 5.092498893613531252e-03
2.539999999999992752e+01 6.558762660634079866e-01 6.558762660634068764e-01 2.803574466639600082e-01 2.803574466639595641e-01 5.088156926750644904e-03 5.088156926750637098e-03
2.544999999999992824e+01 6.561295229117327654e-01 6.561295229117314332e-01 2.805201510872109560e-01 2.805201510872104009e-01 5.084189417076783075e-03 5.084189417076773534e-03
2.549999999999992895e+01 6.564234309179153293e-01 6.564234309179148852e-01 2.807017011916268512e-01 2.807017011916266291e-01 5.080573777224025277e-03 5.080573777224020940e-03
2.554999999999992610e+01 6.567550623406569477e-01 6.567550623406553933e-01 2.809005831250331875e-01 2.809005831250325214e-01 5.077281213285743562e-03 5.077281213285731419e-03
2.559999999999992681e+01 6.571207293645268122e-01 6.571207293645260350e-01 2.811149473771468177e-01 2.811149473771464846e-01 5.074277028468364252e-03 5.074277028468358181e-03
2.564999999999992752e+01 6.575160994936639636e-01 6.575160994936637415e-01 2.813426601133381943e-01 2.813426601133380833e-01 5.071521588343194317e-03 5.071521588343192583e-03
2.569999999999992468e+01 6.579362482191298822e-01 6.579362482191286610e-01 2.815813278742709258e-01 2.815813278742703707e-01 5.068970798816768708e-03 5.068970798816759167e-03
2.574999999999992539e+01 6.583757474719734715e-01 6.583757474719719172e-01 2.818283376575005938e-01 2.818283376574999277e-01 5.066576856764065662e-03 5.066576856764054386e-03
2.579999999999992610e+01 6.588288309254460851e-01 6.588288309254458630e-01 2.820809299832548467e-01 2.820809299832547357e-01 5.064289586772987434e-03 5.064289586772985699e-03
2.584999999999992681e+01 6.592894215861709872e-01 6.592894215861705431e-01 2.823362131338040815e-01 2.823362131338038594e-01 5.062056712394524989e-03 5.062056712394520652e-03
2.589999999999992752e+01 6.597513461807869017e-01 6.597513461807855695e-01 2.825912573889934887e-01 2.825912573889929336e-01 5.059825557546893636e-03 5.059825557546884095e-03
2.594999999999992468e+01 6.602083731356811480e-01 6.602083731356798157e-01 2.828431138348982410e-01 2.828431138348976859e-01 5.057543385514507751e-03 5.057543385514497343e-03
2.599999999999992539e+01 6.606543636729552693e-01 6.606543636729544922e-01 2.830888815914921475e-01 2.830888815914918144e-01 5.055158599848084099e-03 5.055158599848078027e-03
2.604999999999992610e+01 6.610833959097766055e-01 6.610833959097756063e-01 2.833257635593116053e-01 2.833257635593111612e-01 5.052621730883854502e-03 5.052621730883846696e-03
2.609999999999992326e+01 6.614898627944820753e-01 6.614898627944818532e-01 2.835511107567220135e-01 2.835511107567219025e-01 5.049886211161577765e-03 5.049886211161576030e-03
2.614999999999992397e+01 6.618685811904939653e-01 6.618685811904926330e-01 2.837624715929708552e-01 2.837624715929703001e-01 5.046909232422790680e-03 5.046909232422781139e-03
2.619999999999992468e+01 6.622148849562585760e-01 6.622148849562577988e-01 2.839576340007674560e-01 2.839576340007671229e-01 5.043652468930160358e-03 5.043652468930154287e-03
2.624999999999992539e+01 6.625247099176306831e-01 6.625247099176296839e-01 2.841346640185847816e-01 2.841346640185843375e-01 5.040082732036990469e-03 5.040082732036982663e-03
2.629999999999992610e+01 6.627946686790154862e-01 6.627946686790150421e-01 2.842919398348978666e-01 2.842919398348976445e-01 5.036172539147890613e-03 5.036172539147886276e-03
2.634999999999992326e+01 6.630221082280396416e-01 6.630221082280388645e-01 2.844281782121050872e-01 2.844281782121047542e-01 5.031900543336676607e-03 5.031900543336671403e-03
2.639999999999992397e+01 6.632051515407809683e-01 6.632051515407799691e-01 2.845424538353963362e-01 2.845424538353958921e-01 5.027251834547648811e-03 5.027251834547641005e-03
2.644999999999992468e+01 6.633427286172575155e-01 6.633427286172565163e-01 2.846342138132424981e-01 2.846342138132420541e-01 5.022218152858280889e-03 5.022218152858273083e-03
2.649999999999992184e+01 6.634345990222599854e-01 6.634345990222594303e-01 2.847032883311833018e-01 2.847032883311830798e-01 5.016798032267556946e-03 5.016798032267553477e-03
2.654999999999992255e+01 6.634813294517175608e-01 6.634813294517160065e-01 2.847498814891038510e-01 2.847498814891031849e-01 5.010996594616884577e-03 5.010996594616872434e-03
2.659999999999992326e+01 6.634842942774445973e-01 6.634842942774435981e-01 2.847745719499104045e-01 2.847745719499099604e-01 5.004825517573127658e-03 5.004825517573119852e-03
2.664999999999992397e+01 6.634456388701400753e-01 6.634456388701392981e-01 2.847782970894868759e-01 2.847782970894865429e-01 4.998302713286308964e-03 4.998302713286302892e-03
2.669999999999992468e+01 6.633682131304915464e-01 6.633682131304909912e-01 2.847623241047492204e-01 2.847623241047489984e-01 4.991451780977209166e-03 4.991451780977205696e-03
2.674999999999992184e+01 6.632555582062302779e-01 6.632555582062289457e-01 2.847282437054575732e-01 2.847282437054570181e-01 4.984301859176510328e-03 4.984301859176500787e-03
2.679999999999992255e+01 6.631117713559866456e-01 6.631117713559858684e-01 2.846779110280355241e-01 2.846779110280351910e-01 4.976886556434198007e-03 4.976886556434191936e-03
2.684999999999992326e+01 6.629414771851611654e-01 6.629414771851603883e-01 2.846134322346879353e-01 2.846134322346876022e-01 4.969243688078367645e-03 4.969243688078361573e-03
2.689999999999992042e+01 6.627496965828005848e-01 6.627496965827998077e-01 2.845371065961124213e-01 2.845371065961120882e-01 4.961414238816268772e-03 4.961414238816262701e-03
2.694999999999992113e+01 6.625417731015516010e-01 6.625417731015506018e-01 2.844513933566730213e-01 2.844513933566725772e-01 4.953441765026967390e-03 4.953441765026959584e-03
2.699999999999992184e+01 6.623232564068765038e-01 6.623232564068751715e-01 2.843588597700839049e-01 2.843588597700833498e-01 4.945371474262338224e-03 4.945371474262328683e-03
2.704999999999992255e+01 6.620997979587018856e-01 6.620997979587011084e-01 2.842621343204247975e-01 2.842621343204244644e-01 4.937249402004782219e-03 4.937249402004777014e-03
2.709999999999992326e+01 6.618770431770818474e-01 6.618770431770814033e-01 2.841638582961945048e-01 2.841638582961942827e-01 4.929121566282655166e-03 4.929121566282651697e-03
2.714999999999992042e+01 6.616605193278282115e-01 6.616605193278276564e-01 2.840666354736181010e-01 2.840666354736178789e-01 4.921033096121588124e-03 4.921033096121584655e-03
2.719999999999992113e+01 6.614555383719318282e-01 6.614555383719320503e-01 2.839729881139557710e-01 2.839729881139558820e-01 4.913027476020006765e-03 4.913027476020008499e-03
2.724999999999992184e+01 6.612670990908739999e-01 6.612670990908724455e-01 2.838853126369978996e-01 2.838853126369972335e-01 4.905145790704077378e-03 4.905145790704065235e-03
2.729999999999991900e+01 6.610997849166221352e-01 6.610997849166211360e-01 2.838058335001072408e-01 2.838058335001067967e-01 4.897425944781844294e-03 4.897425944781836488e-03
2.734999999999991971e+01 6.609576956437639428e-01 6.609576956437634987e-01 2.837365715498499918e-01 2.837365715498497698e-01 4.889902137869031953e-03 4.889902137869027617e-03
2.739999999999992042e+01 6.608443475275835866e-01 6.608443475275828094e-01 2.836792989318872582e-01 2.836792989318869251e-01 4.882604112424919658e-03 4.882604112424914454e-03
2.744999999999992113e+01 6.607626552534175968e-01 6.607626552534160425e-01 2.836355290357537307e-01 2.836355290357530645e-01 4.875557009639095059e-03 4.875557009639082916e-03
2.749999999999992184e+01 6.607148457264130359e-01 6.607148457264125918e-01 2.836064774224291707e-01 2.836064774224289486e-01 4.868780728282054958e-03 4.868780728282051488e-03
2.754999999999991900e+01 6.607024390643185807e-01 6.607024390643170264e-01 2.835930515162174981e-01 2.835930515162168319e-01 4.862289781675407235e-03 4.862289781675395092e-03
2.759999999999991971e+01 6.607262255251323824e-01 6.607262255251318273e-01 2.835958386674167775e-01 2.835958386674165554e-01 4.856093127866735124e-03 4.856093127866731654e-03
2.764999999999992042e+01 6.607862612506594235e-01 6.607862612506584243e-01 2.836151024273718679e-01 2.836151024273714238e-01 4.850194141554039703e-03 4.850194141554031897e-03
2.769999999999991758e+01 6.608818760043395635e-01 6.608818760043391194e-01 2.836507838659581004e-01 2.836507838659578784e-01 4.844590672347715010e-03 4.844590672347710673e-03
2.774999999999991829e+01 6.610116884517982516e-01 6.610116884517974745e-01 2.837025064915537076e-01 2.837025064915533745e-01 4.839275164035042147e-03 4.839275164035036075e-03
2.779999999999991900e+01 6.611736599811904869e-01 6.611736599811899318e-01 2.837695975048302177e-01 2.837695975048299957e-01 4.834235051189622080e-03 4.834235051189618611e-03
2.784999999999991971e+01 6.613651178230037786e-01 6.613651178230030014e-01 2.838510962584537278e-01 2.838510962584533948e-01 4.829452935065151747e-03 4.829452935065145676e-03
2.789999999999992042e+01 6.615828590151919819e-01 6.615828590151912048e-01 2.839457972217371839e-01 2.839457972217368509e-01 4.824907344464533093e-03 4.824907344464527022e-03
2.794999999999991758e+01 6.618231486071070035e-01 6.618231486071060043e-01 2.840522479652087817e-01 2.840522479652083376e-01 4.820572727453701842e-03 4.820572727453694035e-03
2.799999999999991829e+01 6.620818963355316056e-01 6.620818963355302733e-01 2.841688236525596878e-01 2.841688236525591327e-01 4.816420739873903539e-03 4.816420739873893998e-03
2.804999999999991900e+01 6.623546595508479351e-01 6.623546595508469359e-01 2.842937272191885523e-01 2.842937272191881082e-01 4.812420266088686220e-03 4.812420266088679281e-03
2.809999999999991616e+01 6.626367667830398434e-01 6.626367667830386221e-01 2.844250414446972686e-01 2.844250414446967135e-01 4.808538316901062905e-03 4.808538316901053364e-03
2.814999999999991687e+01 6.629234345417438501e-01 6.629234345417432950e-01 2.845607782978429867e-01 2.845607782978427647e-01 4.804740874594234760e-03 4.804740874594231291e-03
2.819999999999991758e+01 6.632098390881802086e-01 6.632098390881794314e-01 2.846989091570486519e-01 2.846989091570483188e-01 4.800993409056479588e-03 4.800993409056474384e-03
2.824999999999991829e+01 6.634912242587621689e-01 6.634912242587617248e-01 2.848374107013313949e-01 2.848374107013311729e-01 4.797261653917170993e-03 4.797261653917166656e-03
2.829999999999991900e+01 6.637629937889188980e-01 6.637629937889183429e-01 2.849743043544612497e-01 2.849743043544610277e-01 4.793512268367734926e-03 4.793512268367731456e-03
2.834999999999991616e+01 6.640208116940520267e-01 6.640208116940520267e-01 2.851076995065952024e-01 2.851076995065952024e-01 4.789713557439660534e-03 4.789713557439660534e-03
2.839999999999991687e+01 6.642606704465091605e-01 6.642606704465088274e-01 2.852358229201481521e-01 2.852358229201480411e-01 4.785835955036052414e-03 4.785835955036050679e-03
2.844999999999991758e+01 6.644789778572071093e-01 6.644789778572065542e-01 2.853570567536130032e-01 2.853570567536127811e-01 4.781852647735460385e-03 4.781852647735456915e-03
2.849999999999991473e+01 6.646726489129801685e-01 6.646726489129791693e-01 2.854699786450979326e-01 2.854699786450974885e-01 4.777740228369849879e-03 4.777740228369842940e-03
2.854999999999991545e+01 6.648391056171137903e-01 6.648391056171124580e-01 2.855733626813479198e-01 2.855733626813473647e-01 4.773478690870849514e-03 4.773478690870839973e-03
2.859999999999991616e+01 6.649763775275586708e-01 6.649763775275575606e-01 2.856662238651439534e-01 2.856662238651435093e-01 4.769052151337971855e-03 4.769052151337964916e-03
2.864999999999991687e+01 6.650831256319018614e-01 6.650831256319010842e-01 2.857478297983614413e-01 2.857478297983611082e-01 4.764449017063143027e-03 4.764449017063137823e-03
2.869999999999991758e+01 6.651586471930108768e-01 6.651586471930100997e-01 2.858177044596226235e-01 2.858177044596222904e-01 4.759662022641519309e-03 4.759662022641513238e-03
2.874999999999991473e+01 6.652028884167222600e-01 6.652028884167209277e-01 2.858756354790472631e-01 2.858756354790467080e-01 4.754688323975847855e-03 4.754688323975839181e-03
2.879999999999991545e+01 6.652164504197752848e-01 6.652164504197747297e-01 2.859216786471169280e-01 2.859216786471167060e-01 4.749529545633181596e-03 4.749529545633178126e-03
2.884999999999991616e+01 6.652005619784924217e-01 6.652005619784924217e-01 2.859561484406576426e-01 2.859561484406576426e-01 4.744191595863264145e-03 4.744191595863264145e-03
2.889999999999991331e+01 6.651570523907300858e-01 6.651570523907296417e-01 2.859796085063808224e-01 2.859796085063806004e-01 4.738684482292981545e-03 4.738684482292978076e-03
2.894999999999991402e+01 6.650883047685161031e-01 6.650883047685145488e-01 2.859928538875396997e-01 2.859928538875390336e-01 4.733021992346550001e-03 4.733021992346538726e-03
2.899999999999991473e+01 6.649972186116872575e-01 6.649972186116861472e-01 2.859968973177677842e-01 2.859968973177673401e-01 4.727221443268899218e-03 4.727221443268891411e-03
2.904999999999991545e+01 6.648871183077755820e-01 6.648871183077748048e-01 2.859929320755254523e-01 2.859929320755251192e-01 4.721303047057797374e-03 4.721303047057792170e-03
2.909999999999991616e+01 6.647617101384802885e-01 6.647617101384795113e-01 2.859823159216386967e-01 2.859823159216383637e-01 4.715289627726946056e-03 4.715289627726940852e-03
2.914999999999991331e+01 6.646249893763771510e-01 6.646249893763769290e-01 2.859665333199408188e-01 2.859665333199407078e-01 4.709205983037322713e-03 4.709205983037320978e-03
2.919999999999991402e+01 6.644811615646261105e-01 6.644811615646258884e-01 2.859471637473883776e-01 2.859471637473882666e-01 4.703078351108370969e-03 4.703078351108369234e-03
2.924999999999991473e+01 6.643345577063394236e-01 6.643345577063384244e-01 2.859258472560775033e-01 2.859258472560770592e-01 4.696933835828798025e-03 4.696933835828791086e-03
2.929999999999991189e+01 6.641895371265928993e-01 6.641895371265925663e-01 2.859042446458602837e-01 2.859042446458601727e-01 4.690799748086314953e-03 4.690799748086313219e-03
2.934999999999991260e+01 6.640504132553746164e-01 6.640504132553741723e-01 2.858840072487178752e-01 2.858840072487176531e-01 4.684703109360401942e-03 4.684703109360398472e-03
2.939999999999991331e+01 6.639213575717946014e-01 6.639213575717938243e-01 2.858667373073257023e-01 2.858667373073253692e-01 4.678670005029890791e-03 4.678670005029885587e-03
2.944999999999991402e+01 6.638063161606910789e-01 6.638063161606903018e-01 2.858539535094184458e-01 2.858539535094181128e-01 4.672725026717106794e-03 4.672725026717101590e-03
2.949999999999991473e+01 6.637089396884934267e-01 6.637089396884920944e-01 2.858470621813188339e-01 2.858470621813182788e-01 4.666890811123582290e-03 4.666890811123573617e-03
2.954999999999991189e+01 6.636324990864290729e-01 6.636324990864279627e-01 2.858473221399882025e-01 2.858473221399877584e-01 4.661187478842051743e-03 4.661187478842044804e-03
2.959999999999991260e+01 6.635798389369975681e-01 6.635798389369962358e-01 2.858558256413200604e-01 2.858558256413195053e-01 4.655632339435190718e-03 4.655632339435181177e-03
2.964999999999991331e+01 6.635533097185281060e-01 6.635533097185267737e-01 2.858734700352818514e-01 2.858734700352812963e-01 4.650239447503578052e-03 4.650239447503569379e-03
2.969999999999991047e+01 6.635547314659062668e-01 6.635547314659054896e-01 2.859009428073121528e-01 2.859009428073118197e-01 4.645019379485178755e-03 4.645019379485173551e-03
2.974999999999991118e+01 6.635853565317235692e-01 6.635853565317233471e-01 2.859387060756198862e-01 2.859387060756197751e-01 4.639979003255505045e-03 4.639979003255503311e-03
2.979999999999991189e+01 6.636458501247950448e-01 6.636458501247942676e-01 2.859869885996894068e-01 2.859869885996890737e-01 4.635121371145705174e-03 4.635121371145699970e-03
2.984999999999991260e+01 6.637362803943481770e-01 6.637362803943479550e-01 2.860457817575937645e-01 2.860457817575936534e-01 4.630445677986149387e-03 4.630445677986147653e-03
2.989999999999991331e+01 6.638561297980682951e-01 6.638561297980672959e-01 2.861148445410290897e-01 2.861148445410286456e-01 4.625947365255128271e-03 4.625947365255121332e-03
2.994999999999991047e+01 6.640042695232968306e-01 6.640042695232963865e-01 2.861936925764206885e-01 2.861936925764204664e-01 4.621617966514675324e-03 4.621617966514671855e-03
2.999999999999991118e+01 6.641790495256315596e-01 6.641790495256304494e-01 2.862816366263373213e-01 2.862816366263368772e-01 4.617445752037708552e-03 4.617445752037700746e-03
3.004999999999991189e+01 6.643782895046335124e-01 6.643782895046324022e-01 2.863777785406120824e-01 2.863777785406116383e-01 4.613415683296217401e-03 4.613415683296210462e-03
3.009999999999990905e+01 6.645993403549746992e-01 6.645993403549739220e-01 2.864810372430898200e-01 2.864810372430894869e-01 4.609509851055357613e-03 4.609509851055351541e-03
3.014999999999990976e+01 6.648391177988953737e-01 6.648391177988940415e-01 2.865901626623433840e-01 2.865901626623428289e-01 4.605707716550325702e-03 4.605707716550317028e-03
3.019999999999991047e+01 6.650942060032878356e-01 6.650942060032878356e-01 2.867037797512576036e-01 2.867037797512576036e-01 4.601986833888575129e-03 4.601986833888575129e-03
3.024999999999991118e+01 6.653609007676604126e-01 6.653609007676590803e-01 2.868204061550587713e-01 2.868204061550582162e-01 4.598323144770490381e-03 4.598323144770481707e-03
3.029999999999991189e+01 6.656352857508459619e-01 6.656352857508444076e-01 2.869384841770941108e-01 2.869384841770934447e-01 4.594691500033542056e-03 4.594691500033531648e-03
3.034999999999990905e+01 6.659133236479424234e-01 6.659133236479419793e-01 2.870564188946751472e-01 2.870564188946749251e-01 4.591066275804490775e-03 4.591066275804487305e-03
3.039999999999990976e+01 6.661909273154513755e-01 6.661909273154498212e-01 2.871726076562850505e-01 2.871726076562843843e-01 4.587421847544500240e-03 4.587421847544488965e-03
3.044999999999991047e+01 6.664640479199618328e-01 6.664640479199602785e-01 2.872854766335515286e-01 2.872854766335508625e-01 4.583733173251729361e-03 4.583733173251718952e-03
3.049999999999990763e+01 6.667287444048995981e-01 6.667287444048983769e-01 2.873935092555395254e-01 2.873935092555389703e-01 4.579976243116177723e-03 4.579976243116169049e-03
3.054999999999990834e+01 6.669812822166496513e-01 6.669812822166496513e-01 2.874952872083667010e-01 2.874952872083667010e-01 4.576128725958890711e-03 4.576128725958890711e-03
3.059999999999990905e+01 6.672181867422082302e-01 6.672181867422076751e-01 2.875895116599325174e-01 2.875895116599322954e-01 4.572170296660304362e-03 4.572170296660300892e-03
3.064999999999990976e+01 6.674363184163502050e-01 6.674363184163486507e-01 2.876750339056053374e-01 2.876750339056046712e-01 4.568083110847256413e-03 4.568083110847246005e-03
3.069999999999991047e+01 6.676329395284016366e-01 6.676329395284014145e-01 2.877508822741092764e-01 2.877508822741091654e-01 4.563852216877238577e-03 4.563852216877236842e-03
3.074999999999990763e+01 6.678057633632253909e-01 6.678057633632246137e-01 2.878162813735571923e-01 2.878162813735568593e-01 4.559465843541510473e-03 4.559465843541505269e-03
3.079999999999990834e+01 6.679529886611681455e-01 6.679529886611671463e-01 2.878706649925912853e-01 2.878706649925908412e-01 4.554915585325821324e-03 4.554915585325814385e-03
3.084999999999990905e+01 6.680733429714896809e-01 6.680733429714883487e-01 2.879136928435389597e-01 2.879136928435384046e-01 4.550196647072929368e-03 4.550196647072919827e-03
3.089999999999990621e+01 6.681661161914448366e-01 6.681661161914442815e-01 2.879452630845784622e-01 2.879452630845782402e-01 4.545308020277491999e-03 4.545308020277488530e-03
3.094999999999990692e+01 6.682311485418795938e-01 6.682311485418788166e-01 2.879655052344540778e-01 2.879655052344537447e-01 4.540252348986278941e-03 4.540252348986273737e-03
3.099999999999990763e+01 6.682688520646559160e-01 6.682688520646549168e-01 2.879747876279392660e-01 2.879747876279388219e-01 4.535036025636848649e-03 4.535036025636841710e-03
3.104999999999990834e+01 6.682801695779825302e-01 6.682801695779814199e-01 2.879736979829476962e-01 2.879736979829472521e-01 4.529668863278778039e-03 4.529668863278771100e-03
3.109999999999990905e+01 6.682665961266905930e-01 6.682665961266888166e-01 2.879630510393946796e-01 2.879630510393939025e-01 4.524164195434333437e-03 4.524164195434320426e-03
3.114999999999990621e+01 6.682301168930945279e-01 6.682301168930935287e-01 2.879438603018388276e-01 2.879438603018383835e-01 4.518538411955111411e-03 4.518538411955104472e-03
3.119999999999990692e+01 6.681731733494301606e-01 6.681731733494293834e-01 2.879173221119111226e-01 2.879173221119107895e-01 4.512810691409275231e-03 4.512810691409270027e-03
3.124999999999990763e+01 6.680986120044093424e-01 6.680986120044083432e-01 2.878847923771121753e-01 2.878847923771117312e-01 4.507002620385327715e-03 4.507002620385320776e-03
3.129999999999990479e+01 6.680096255675967987e-01 6.680096255675952444e-01 2.878477602017670556e-01 2.878477602017663894e-01 4.501137767033114648e-03 4.501137767033104239e-03
3.134999999999990550e+01 6.679096876195624866e-01 6.679096876195611543e-01 2.878078188953591132e-01 2.878078188953585581e-01 4.495241216639745720e-03 4.495241216639737046e-03
3.139999999999990621e+01 6.678024815721115282e-01 6.678024815721101959e-01 2.877666346989475876e-01 2.877666346989470325e-01 4.489339074866587065e-03 4.489339074866578391e-03
3.144999999999990692e+01 6.676918260346696998e-01 6.676918260346692557e-01 2.877259141425672073e-01 2.877259141425669853e-01 4.483457953137013480e-03 4.483457953137010010e-03
3.149999999999990763e+01 6.675815896016945583e-01 6.675815896016935591e-01 2.876873670043187392e-01 2.876873670043182951e-01 4.477624389172285904e-03 4.477624389172278965e-03
3.154999999999990479e+01 6.674756475763338193e-01 6.674756475763332642e-01 2.876526876004099620e-01 2.876526876004097399e-01 4.471864556555158604e-03 4.471864556555155135e-03
3.159999999999990550e+01 6.673777496455506331e-01 6.673777496455496339e-01 2.876234976540960053e-01 2.876234976540955612e-01 4.466203379721997088e-03 4.466203379721990149e-03
3.164999999999990621e+01 6.672914803986984555e-01 6.672914803986976784e-01 2.876013295917650980e-01 2.876013295917647650e-01 4.460664282152241276e-03 4.460664282152236072e-03
3.169999999999990337e+01 6.672201862167629338e-01 6.672201862167624897e-01 2.875875952900742716e-01 2.875875952900740495e-01 4.455268710922926506e-03 4.455268710922923037e-03
3.174999999999990408e+01 6.671668992478839710e-01 6.671668992478829718e-01 2.875835538740937336e-01 2.875835538740932895e-01 4.450035649889274095e-03 4.450035649889268023e-03
3.179999999999990479e+01 6.671342883120128242e-01 6.671342883120114919e-01 2.875902910042574812e-01 2.875902910042569260e-01 4.444981313821609083e-03 4.444981313821600409e-03
3.184999999999990550e+01 6.671245951031785637e-01 6.671245951031770094e-01 2.876086922215774777e-01 2.876086922215768116e-01 4.440118752938295756e-03 4.440118752938285347e-03
3.189999999999990621e+01 6.671395983400680851e-01 6.671395983400670859e-01 2.876394281709888645e-01 2.876394281709884204e-01 4.435457643346021710e-03 4.435457643346014771e-03
3.194999999999990337e+01 6.671805787049934766e-01 6.671805787049924774e-01 2.876829405326450928e-01 2.876829405326446487e-01 4.431004089836669026e-03 4.431004089836662087e-03
3.199999999999990408e+01 6.672482913797908033e-01 6.672482913797902482e-01 2.877394310942997802e-01 2.877394310942995581e-01 4.426760478373852753e-03 4.426760478373849284e-03
3.204999999999990479e+01 6.673429566195122620e-01 6.673429566195110407e-01 2.878088587854774616e-01 2.878088587854769065e-01 4.422725451947415870e-03 4.422725451947407196e-03
3.209999999999990195e+01 6.674642554638930969e-01 6.674642554638912095e-01 2.878909389828615550e-01 2.878909389828607779e-01 4.418893921456058284e-03 4.418893921456047008e-03
3.214999999999990621e+01 6.676113351673254037e-01 6.676113351673248486e-01 2.879851470764724919e-01 2.879851470764722698e-01 4.415257141839373269e-03 4.415257141839369799e-03
3.219999999999990337e+01 6.677828287104548011e-01 6.677828287104540239e-01 2.880907281749319759e-01 2.880907281749316429e-01 4.411802881698814911e-03 4.411802881698809707e-03
3.224999999999990052e+01 6.679768852018792558e-01 6.679768852018784786e-01 2.882067115700260862e-01 2.882067115700257531e-01 4.408515664551078232e-03 4.408515664551073028e-03
3.229999999999990479e+01 6.681912028993267638e-01 6.681912028993257646e-01 2.883319263883106220e-01 2.883319263883101780e-01 4.405377026559377344e-03 4.405377026559370406e-03
3.234999999999990195e+01 6.684230798281479702e-01 6.684230798281467489e-01 2.884650248867515199e-01 2.884650248867509648e-01 4.402365889153028213e-03 4.402365889153019539e-03
3.239999999999990621e+01 6.686694582465446679e-01 6.686694582465440018e-01 2.886045031406665462e-01 2.886045031406662131e-01 4.399458889339439085e-03 4.399458889339433881e-03
3.244999999999990337e+01 6.689270113088250369e-01 6.689270113088250369e-01 2.887487399731634152e-01 2.887487399731634152e-01 4.396630985506875221e-03 4.396630985506875221e-03
3.249999999999990052e+01 6.691921617390040877e-01 6.691921617390027555e-01 2.888960065938505073e-01 2.888960065938499522e-01 4.393855613594693614e-03 4.393855613594685808e-03
3.254999999999989768e+01 6.694611938511989546e-01 6.694611938511976224e-01 2.890445165180344222e-01 2.890445165180338671e-01 4.391105454128903934e-03 4.391105454128895261e-03
3.259999999999990195e+01 6.697303176875387676e-01 6.697303176875374353e-01 2.891924548420590213e-01 2.891924548420584662e-01 4.388352880759630904e-03 4.388352880759622231e-03
3.264999999999990621e+01 6.699957234814207796e-01 6.699957234814196694e-01 2.893380033466675938e-01 2.893380033466671497e-01 4.385570342503497011e-03 4.385570342503490940e-03
3.269999999999990337e+01 6.702536706117577792e-01 6.702536706117572241e-01 2.894793804500892520e-01 2.894793804500890300e-01 4.382730968207265709e-03 4.382730968207262240e-03
3.274999999999990052e+01 6.705005534188326344e-01 6.705005534188329674e-01 2.896148711457842140e-01 2.896148711457843250e-01 4.379809015437199395e-03 4.379809015437201129e-03
3.279999999999989768e+01 6.707329727872032299e-01 6.707329727872030078e-01 2.897428593727144897e-01 2.897428593727143786e-01 4.376780353062162225e-03 4.376780353062160490e-03
3.284999999999990195e+01 6.709477975440050201e-01 6.709477975440040209e-01 2.898618559153406382e-01 2.898618559153401941e-01 4.373622873109638161e-03 4.373622873109632089e-03
3.289999999999989910e+01 6.711422233716412000e-01 6.711422233716406449e-01 2.899705251385273908e-01 2.899705251385271687e-01 4.370316882268696426e-03 4.370316882268693824e-03
3.294999999999990337e+01 6.713138261733196943e-01 6.713138261733189172e-01 2.900677092168602034e-01 2.900677092168598703e-01 4.366845453020110415e-03 4.366845453020105211e-03
3.299999999999990052e+01 6.714606026978500175e-01 6.714606026978490183e-01 2.901524467338667534e-01 2.901524467338663094e-01 4.363194687727329005e-03 4.363194687727322066e-03
3.304999999999989768e+01 6.715810112531063192e-01 6.715810112531053200e-01 2.902239911783569548e-01 2.902239911783565107e-01 4.359353979397035533e-03 4.359353979397028594e-03
3.309999999999990195e+01 6.716739915958443996e-01 6.716739915958428453e-01 2.902818202876971121e-01 2.902818202876964460e-01 4.355316133348803923e-03 4.355316133348793514e-03
3.314999999999989910e+01 6.717389926435480829e-01 6.717389926435468617e-01 2.903256486051200014e-01 2.903256486051194463e-01 4.351077536232606131e-03 4.351077536232597458e-03
3.319999999999990337e+01 6.717759594426711001e-01 6.717759594426706560e-01 2.903554222495441373e-01 2.903554222495439152e-01 4.346638057627915351e-03 4.346638057627912749e-03
3.324999999999990052e+01 6.717853544753096262e-01 6.717853544753088491e-01 2.903713283549789193e-01 2.903713283549785862e-01 4.342001171663245097e-03 4.342001171663240761e-03
3.329999999999989768e+01 6.717681321990564003e-01 6.717681321990554011e-01 2.903737841045200829e-01 2.903737841045196388e-01 4.337173773032423386e-03 4.337173773032416448e-03
3.334999999999989484e+01 6.717257200768277370e-01 6.717257200768262937e-01 2.903634283903717694e-01 2.903634283903711033e-01 4.332166033425922762e-03 4.332166033425913221e-03
3.339999999999989910e+01 6.716599837255666783e-01 6.716599837255656791e-01 2.903411064283369925e-01 2.903411064283365484e-01 4.326991153924555043e-03 4.326991153924548104e-03
3.344999999999990337e+01 6.715731986941210208e-01 6.715731986941196885e-01 2.903078570685919679e-01 2.903078570685914128e-01 4.321665159190064484e-03 4.321665159190056678e-03
3.349999999999990052e+01 6.714679965770349312e-01 6.714679965770331549e-01 2.902648888499591573e-01 2.902648888499583801e-01 4.316206525649959706e-03 4.316206525649947563e-03
3.354999999999989768e+01 6.713473059301002799e-01 6.713473059300995027e-01 2.902135536451316833e-01 2.902135536451313502e-01 4.310635776385181132e-03 4.310635776385176796e-03
3.359999999999989484e+01 6.712143036921350836e-01 6.712143036921338624e-01 2.901553247247101730e-01 2.901553247247096179e-01 4.304975144283544261e-03 4.304975144283535587e-03
3.364999999999989910e+01 6.710723508141916982e-01 6.710723508141906990e-01 2.900917678538466049e-01 2.900917678538461608e-01 4.299248134180766630e-03 4.299248134180760558e-03
3.369999999999989626e+01 6.709249192839857878e-01 6.709249192839852327e-01 2.900245086023115482e-01 2.900245086023113261e-01 4.293479031862505041e-03 4.293479031862501571e-03
3.374999999999990052e+01 6.707755350557759177e-01 6.707755350557743634e-01 2.899552064017989483e-01 2.899552064017982822e-01 4.287692516107942040e-03 4.287692516107931631e-03
3.379999999999989768e+01 6.706277065548121863e-01 6.706277065548115202e-01 2.898855222183492897e-01 2.898855222183489566e-01 4.281913179000737882e-03 4.281913179000732678e-03
3.384999999999989484e+01 6.704848489503507647e-01 6.704848489503499875e-01 2.898170846165155634e-01 2.898170846165152303e-01 4.276165025695555233e-03 4.276165025695550896e-03
3.389999999999989910e+01 6.703502331455679641e-01 6.703502331455671870e-01 2.897514660501624428e-01 2.897514660501621098e-01 4.270471128226427382e-03 4.270471128226422178e-03
3.394999999999989626e+01 6.702269187382657867e-01 6.702269187382640103e-01 2.896901525800882338e-01 2.896901525800874566e-01 4.264853184837525367e-03 4.264853184837514091e-03
3.399999999999990052e+01 6.701176833906153929e-01 6.701176833906133945e-01 2.896345118567340560e-01 2.896345118567331678e-01 4.259331056716685916e-03 4.259331056716672906e-03
3.404999999999989768e+01 6.700250036521249175e-01 6.700250036521246955e-01 2.895857832447373825e-01 2.895857832447372715e-01 4.253922633047932909e-03 4.253922633047931175e-03
3.409999999999989484e+01 6.699509789087719769e-01 6.699509789087711997e-01 2.895450436138097272e-01 2.895450436138093941e-01 4.248643339894503899e-03 4.248643339894498695e-03
3.414999999999989200e+01 6.698973087332623644e-01 6.698973087332615872e-01 2.895131960445910257e-01 2.895131960445906927e-01 4.243505988194821825e-03 4.243505988194816621e-03
3.419999999999989626e+01 6.698652705342406088e-01 6.698652705342396096e-01 2.894909587547798147e-01 2.894909587547793706e-01 4.238520625985072766e-03 4.238520625985066695e-03
3.424999999999990052e+01 6.698556813087326312e-01 6.698556813087316320e-01 2.894788472080300767e-01 2.894788472080296327e-01 4.233694291890759479e-03 4.233694291890752540e-03
3.429999999999989768e+01 6.698689040085906710e-01 6.698689040085902269e-01 2.894771755186937856e-01 2.894771755186935636e-01 4.229031052135784688e-03 4.229031052135781218e-03
3.434999999999989484e+01 6.699048377381295882e-01 6.699048377381284780e-01 2.894860509357692901e-01 2.894860509357688461e-01 4.224531936311857160e-03 4.224531936311850221e-03
3.439999999999989200e+01 6.699629256188655013e-01 6.699629256188655013e-01 2.895053760142038968e-01 2.895053760142038968e-01 4.220194985629804364e-03 4.220194985629804364e-03
3.444999999999989626e+01 6.700421723278794373e-01 6.700421723278783270e-01 2.895348550314484903e-01 2.895348550314480462e-01 4.216015362671265455e-03 4.216015362671259384e-03
3.449999999999989342e+01 6.701411678056585774e-01 6.701411678056581334e-01 2.895740031377692647e-01 2.895740031377690427e-01 4.211985500185744073e-03 4.211985500185741471e-03
3.454999999999989768e+01 6.702581222283391371e-01 6.702581222283381379e-01 2.896221604521598270e-01 2.896221604521593829e-01 4.208095320772400200e-03 4.208095320772394128e-03
3.459999999999989484e+01 6.703909046556240092e-01 6.703909046556234541e-01 2.896785078278207859e-01 2.896785078278205638e-01 4.204332479358802513e-03 4.204332479358799043e-03
3.464999999999989200e+01 6.705370890971658060e-01 6.705370890971648068e-01 2.897420859161723428e-01 2.897420859161718987e-01 4.200682651919869504e-03 4.200682651919863432e-03
3.469999999999989626e+01 6.706940050079913673e-01 6.706940050079905902e-01 2.898118162425384892e-01 2.898118162425381561e-01 4.197129851448793379e-03 4.197129851448788175e-03
3.474999999999989342e+01 6.708587979578645166e-01 6.708587979578634064e-01 2.898865267823400593e-01 2.898865267823396152e-01 4.193656806977804491e-03 4.193656806977797552e-03
3.479999999999989768e+01 6.710284866605266130e-01 6.710284866605263909e-01 2.899649760821262356e-01 2.899649760821261246e-01 4.190245319105880169e-03 4.190245319105878434e-03
3.484999999999989484e+01 6.712000237418661586e-01 6.712000237418649373e-01 2.900458791167245254e-01 2.900458791167239703e-01 4.186876638278241858e-03 4.186876638278234052e-03
3.489999999999989200e+01 6.713703611768856439e-01 6.713703611768845336e-01 2.901279352933372468e-01 2.901279352933368028e-01 4.183531871569400734e-03 4.183531871569393795e-03
3.494999999999988916e+01 6.715365110854629727e-01 6.715365110854621955e-01 2.902098545858886602e-01 2.902098545858883272e-01 4.180192359897577994e-03 4.180192359897572790e-03
3.499999999999989342e+01 6.716956025930332919e-01 6.716956025930319596e-01 2.902903821145141894e-01 2.902903821145136343e-01 4.176840030424674305e-03 4.176840030424665631e-03
3.504999999999989768e+01 6.718449418115177707e-01 6.718449418115169935e-01 2.903683242137328202e-01 2.903683242137324871e-01 4.173457768073782735e-03 4.173457768073778398e-03
3.509999999999989484e+01 6.719820632315312015e-01 6.719820632315298692e-01 2.904425709220505025e-01 2.904425709220499474e-01 4.170029733267066434e-03 4.170029733267058628e-03
3.514999999999989200e+01 6.721047857771561551e-01 6.721047857771557110e-01 2.905121207298418939e-01 2.905121207298416719e-01 4.166541710001327864e-03 4.166541710001324395e-03
3.519999999999988916e+01 6.722112416019465631e-01 6.722112416019455639e-01 2.905760934613081936e-01 2.905760934613077495e-01 4.162981281680642846e-03 4.162981281680635907e-03
3.524999999999989342e+01 6.722999198357285655e-01 6.722999198357281214e-01 2.906337500568860754e-01 2.906337500568858534e-01 4.159338104570829697e-03 4.159338104570826228e-03
3.529999999999989058e+01 6.723696940728817184e-01 6.723696940728807192e-01 2.906845052473590041e-01 2.906845052473585600e-01 4.155604077875049533e-03 4.155604077875042594e-03
3.534999999999989484e+01 6.724198415120979933e-01 6.724198415120966610e-01 2.907279368282091880e-01 2.907279368282086329e-01 4.151773464165796172e-03 4.151773464165788366e-03
3.539999999999989200e+01 6.724500503331589663e-01 6.724500503331574119e-01 2.907637899393611391e-01 2.907637899393604730e-01 4.147842937794034811e-03 4.147842937794025270e-03
3.544999999999988916e+01 6.724604310150343878e-01 6.724604310150338327e-01 2.907919832114986836e-01 2.907919832114984615e-01 4.143811659586738375e-03 4.143811659586734905e-03
3.549999999999989342e+01 6.724515029429498636e-01 6.724515029429483093e-01 2.908126041627592251e-01 2.908126041627585590e-01 4.139681198046404019e-03 4.139681198046394478e-03
3.554999999999989058e+01 6.724241836266345862e-01 6.724241836266332539e-01 2.908259059826630022e-01 2.908259059826624471e-01 4.135455470780855826e-03 4.135455470780848020e-03
3.559999999999989484e+01 6.723797704258989150e-01 6.723797704258979158e-01 2.908323010560918132e-01 2.908323010560913691e-01 4.131140640001314257e-03 4.131140640001307318e-03
3.564999999999989200e+01 6.723199085546864850e-01 6.723199085546862630e-01 2.908323484816679461e-01 2.908323484816678350e-01 4.126744923471707856e-03 4.126744923471706121e-03
3.569999999999988916e+01 6.722465589010303555e-01 6.722465589010290232e-01 2.908267416885802481e-01 2.908267416885796930e-01 4.122278408059261781e-03 4.122278408059253975e-03
3.574999999999988631e+01 6.721619342826712362e-01 6.721619342826704591e-01 2.908162823278314102e-01 2.908162823278310771e-01 4.117752670128596408e-03 4.117752670128591204e-03
3.579999999999989058e+01 6.720684917644411671e-01 6.720684917644407230e-01 2.908018783960342191e-01 2.908018783960339970e-01 4.113180741103747082e-03 4.113180741103743612e-03
3.584999999999989484e+01 6.719688533839129896e-01 6.719688533839129896e-01 2.907845113590061814e-01 2.907845113590061814e-01 4.108576635238528514e-03 4.108576635238528514e-03
3.589999999999989200e+01 6.718657561751781859e-01 6.718657561751779639e-01 2.907652158879423521e-01 2.907652158879422410e-01 4.103955058404276483e-03 4.103955058404275616e-03
3.594999999999988916e+01 6.717620061616172977e-01 6.717620061616165206e-01 2.907450613525972560e-01 2.907450613525969230e-01 4.099331143498031495e-03 4.099331143498027158e-03
3.599999999999988631e+01 6.716604093433089506e-01 6.716604093433073963e-01 2.907251230991592106e-01 2.907251230991585444e-01 4.094720043650139536e-03 4.094720043650129995e-03
3.604999999999989058e+01 6.715637185836651479e-01 6.715637185836638157e-01 2.907064606485980640e-01 2.907064606485975089e-01 4.090136625375993470e-03 4.090136625375985664e-03
3.609999999999988773e+01 6.714745792876201103e-01 6.714745792876188890e-01 2.906900953456145187e-01 2.906900953456139636e-01 4.085595155946804974e-03 4.085595155946797168e-03
3.614999999999989200e+01 6.713954779431861031e-01 6.713954779431851039e-01 2.906769890055285188e-01 2.906769890055280747e-01 4.081109006746636535e-03 4.081109006746630463e-03
3.619999999999988916e+01 6.713286943699052767e-01 6.713286943699048326e-01 2.906680241308677859e-01 2.906680241308675638e-01 4.076690380517089193e-03 4.076690380517085724e-03
3.624999999999988631e+01 6.712762360609449974e-01 6.712762360609439982e-01 2.906639763636954532e-01 2.906639763636950091e-01 4.072349931540401521e-03 4.072349931540395450e-03
3.629999999999989058e+01 6.712398439074791501e-01 6.712398439074781509e-01 2.906655174643739681e-01 2.906655174643735240e-01 4.068096815456607833e-03 4.068096815456601761e-03
3.634999999999988773e+01 6.712209144788665593e-01 6.712209144788650050e-01 2.906731824209471959e-01 2.906731824209465298e-01 4.063938237272951733e-03 4.063938237272942192e-03
3.639999999999989200e+01 6.712204922437612353e-01 6.712204922437610133e-01 2.906873664594895601e-01 2.906873664594894491e-01 4.059879419825282790e-03 4.059879419825281055e-03
3.644999999999988916e+01 6.712392529375579286e-01 6.712392529375569294e-01 2.907083182257861331e-01 2.907083182257856890e-01 4.055923519020394712e-03 4.055923519020388640e-03
3.649999999999988631e+01 6.712774796507707809e-01 6.712774796507700037e-01 2.907361296926224137e-01 2.907361296926220806e-01 4.052071493973840970e-03 4.052071493973836633e-03
3.654999999999988347e+01 6.713350806704325713e-01 6.713350806704320162e-01 2.907707440326074977e-01 2.907707440326072756e-01 4.048322228090612401e-03 4.048322228090608932e-03
3.659999999999988773e+01 6.714115699370791779e-01 6.714115699370780677e-01 2.908119472199536260e-01 2.908119472199531819e-01 4.044672423086985609e-03 4.044672423086979537e-03
3.664999999999989200e+01 6.715060904084776405e-01 6.715060904084766413e-01 2.908593780884261015e-01 2.908593780884256574e-01 4.041116750099711490e-03 4.041116750099705418e-03
3.669999999999988916e+01 6.716174312966822768e-01 6.716174312966812776e-01 2.909125356453605704e-01 2.909125356453601263e-01 4.037647961767677762e-03 4.037647961767671691e-03
3.674999999999988631e+01 6.717440589043197630e-01 6.717440589043189858e-01 2.909707921696249588e-01 2.909707921696246258e-01 4.034257083807634738e-03 4.034257083807630401e-03
3.679999999999988347e+01 6.718841293403439163e-01 6.718841293403421400e-01 2.910333983704085359e-01 2.910333983704077587e-01 4.030933495435031107e-03 4.030933495435020698e-03
3.684999999999988773e+01 6.720355563733985127e-01 6.720355563733979576e-01 2.910995123074926472e-01 2.910995123074924251e-01 4.027665338049025122e-03 4.027665338049022520e-03
3.689999999999988489e+01 6.721960363790607795e-01 6.721960363790595583e-01 2.911682096314900381e-01 2.911682096314894830e-01 4.024439663185773973e-03 4.024439663185766167e-03
3.694999999999988916e+01 6.723630969066818341e-01 6.723630969066812790e-01 2.912385040581837448e-01 2.912385040581835227e-01 4.021242720858604104e-03 4.021242720858600635e-03
3.699999999999988631e+01 6.725341497498659171e-01 6.725341497498643628e-01 2.913093694039341486e-01 2.913093694039334824e-01 4.018060267640480472e-03 4.018060267640470931e-03
3.704999999999988347e+01 6.727065475887556989e-01 6.727065475887544777e-01 2.913797635427242128e-01 2.913797635427236576e-01 4.014877899314157027e-03 4.014877899314149221e-03
3.709999999999988773e+01 6.728776246789749393e-01 6.728776246789733850e-01 2.914486449056243877e-01 2.914486449056237216e-01 4.011681278811081441e-03 4.011681278811071900e-03
3.714999999999988489e+01 6.730447647953055057e-01 6.730447647953055057e-01 2.915150010040814532e-01 2.915150010040814532e-01 4.008456528072632148e-03 4.008456528072632148e-03
3.719999999999988916e+01 6.732054443834054602e-01 6.732054443834039059e-01 2.915778659605787748e-01 2.915778659605781087e-01 4.005190466491475275e-03 4.005190466491466601e-03
3.724999999999988631e+01 6.733572874087953020e-01 6.733572874087940807e-01 2.916363432291745328e-01 2.916363432291739777e-01 4.001870919096744278e-03 4.001870919096736472e-03
3.729999999999988347e+01 6.734981102690389410e-01 6.734981102690373866e-01 2.916896237729014185e-01 2.916896237729007524e-01 3.998486960560687295e-03 3.998486960560678621e-03
3.734999999999988773e+01 6.736259675381554013e-01 6.736259675381544021e-01 2.917370046514813353e-01 2.917370046514808912e-01 3.995029163320533948e-03 3.995029163320527876e-03
3.739999999999988489e+01 6.737391870974828167e-01 6.737391870974817065e-01 2.917779029602434182e-01 2.917779029602429741e-01 3.991489780577894830e-03 3.991489780577888759e-03
3.744999999999988205e+01 6.738364026161215437e-01 6.738364026161207665e-01 2.918118686019275376e-01 2.918118686019272046e-01 3.987862912223139045e-03 3.987862912223134708e-03
3.749999999999988631e+01 6.739165843554175694e-01 6.739165843554167923e-01 2.918385963267416949e-01 2.918385963267413619e-01 3.984144659750749051e-03 3.984144659750744714e-03
3.754999999999988347e+01 6.739790524213452594e-01 6.739790524213442602e-01 2.918579301801340620e-01 2.918579301801336179e-01 3.980333176681006592e-03 3.980333176681000520e-03
3.759999999999988063e+01 6.740234942253170436e-01 6.740234942253165995e-01 2.918698697964425826e-01 2.918698697964423605e-01 3.976428743820752988e-03 3.976428743820750386e-03
3.764999999999988489e+01 6.740499666552783875e-01 6.740499666552781655e-01 2.918745701091829403e-01 2.918745701091828293e-01 3.972433754463200288e-03 3.972433754463198553e-03
3.769999999999988205e+01 6.740588978206871751e-01 6.740588978206866200e-01 2.918723409309451622e-01 2.918723409309449401e-01 3.968352697905450088e-03 3.968352697905446619e-03
3.774999999999988631e+01 6.740510591901339721e-01 6.740510591901337500e-01 2.918636337643650824e-01 2.918636337643649714e-01 3.964191969634848697e-03 3.964191969634847830e-03
3.779999999999988347e+01 6.740275865145479717e-01 6.740275865145464174e-01 2.918490498486703277e-01 2.918490498486696616e-01 3.959959970809647824e-03 3.959959970809639150e-03
3.784999999999988063e+01 6.739899218633897959e-01 6.739899218633890188e-01 2.918293140934092866e-01 2.918293140934089536e-01 3.955666744742934900e-03 3.955666744742929695e-03
3.789999999999988489e+01 6.739397804626908739e-01 6.739397804626895416e-01 2.918052598680401788e-01 2.918052598680396237e-01 3.951323762600418218e-03 3.951323762600410412e-03
3.794999999999988205e+01 6.738791474216804245e-01 6.738791474216782040e-01 2.917778268542918774e-01 2.917778268542908782e-01 3.946943887105749602e-03 3.946943887105736591e-03
3.799999999999988631e+01 6.738102120550459873e-01 6.738102120550454321e-01 2.917480319609155881e-01 2.917480319609153661e-01 3.942540972444814364e-03 3.942540972444811762e-03
3.804999999999988347e+01 6.737353294811397886e-01 6.737353294811376792e-01 2.917169521784075403e-01 2.917169521784066522e-01 3.938129627788163750e-03 3.938129627788152474e-03
3.809999999999988063e+01 6.736569728756841569e-01 6.736569728756836017e-01 2.916857035016308108e-01 2.916857035016305888e-01 3.933724929219574971e-03 3.933724929219572369e-03
3.814999999999988489e+01 6.735776787875628058e-01 6.735776787875618066e-01 2.916554169630773963e-01 2.916554169630769522e-01 3.929342094484042716e-03 3.929342094484036645e-03
3.819999999999988205e+01 6.735000136234419177e-01 6.735000136234413626e-01 2.916272239635441244e-01 2.916272239635439023e-01 3.924996284839095927e-03 3.924996284839092457e-03
3.824999999999987921e+01 6.734264962816773892e-01 6.734264962816763900e-01 2.916022226850458754e-01 2.916022226850454313e-01 3.920702153748525931e-03 3.920702153748519860e-03
3.829999999999988347e+01 6.733595537078734816e-01 6.733595537078727045e-01 2.915814589881674523e-01 2.915814589881671193e-01 3.916473592856523599e-03 3.916473592856519262e-03
3.834999999999988063e+01 6.733014979155153013e-01 6.733014979155143021e-01 2.915659164754228483e-01 2.915659164754224042e-01 3.912323602488072122e-03 3.912323602488066050e-03
3.839999999999987779e+01 6.732544414490391205e-01 6.732544414490377882e-01 2.915564802867408600e-01 2.915564802867403049e-01 3.908263810814229487e-03 3.908263810814222548e-03
3.844999999999988205e+01 6.732202861739284838e-01 6.732202861739277067e-01 2.915539325327952680e-01 2.915539325327949349e-01 3.904304419588831062e-03 3.904304419588826291e-03
3.849999999999987921e+01 6.732006621602633079e-01 6.732006621602623087e-01 2.915589263539399845e-01 2.915589263539395404e-01 3.900453864266765266e-03 3.900453864266759194e-03
3.854999999999988347e+01 6.731969191704580968e-01 6.731969191704570976e-01 2.915719826069093079e-01 2.915719826069088638e-01 3.896718778575476196e-03 3.896718778575470558e-03
3.859999999999988063e+01 6.732100790381080335e-01 6.732100790381075894e-01 2.915934700933031642e-01 2.915934700933029422e-01 3.893103739563469248e-03 3.893103739563466646e-03
3.864999999999987779e+01 6.732408215827075937e-01 6.732408215827073716e-01 2.916235999050488248e-01 2.916235999050487138e-01 3.889611202468149734e-03 3.889611202468148000e-03
3.869999999999988205e+01 6.732894829957968286e-01 6.732894829957952743e-01 2.916624256036499663e-01 2.916624256036493001e-01 3.886241513706204225e-03 3.886241513706195552e-03
3.874999999999987921e+01 6.733560335841540789e-01 6.733560335841529687e-01 2.917098343758994794e-01 2.917098343758990353e-01 3.882992803672548256e-03 3.882992803672542619e-03
3.879999999999988347e+01 6.734400873231042306e-01 6.734400873231034534e-01 2.917655520833938310e-01 2.917655520833934979e-01 3.879861064938757136e-03 3.879861064938752799e-03
3.884999999999988063e+01 6.735409047708743602e-01 6.735409047708730279e-01 2.918291452970054323e-01 2.918291452970048772e-01 3.876840189930336970e-03 3.876840189930329597e-03
3.889999999999987779e+01 6.736574298259541127e-01 6.736574298259527804e-01 2.919000383352979844e-01 2.919000383352974293e-01 3.873922207502304964e-03 3.873922207502297592e-03
3.894999999999988205e+01 6.737882575868110457e-01 6.737882575868100465e-01 2.919775002824391841e-01 2.919775002824387400e-01 3.871097120085380868e-03 3.871097120085375230e-03
3.899999999999987921e+01 6.739317370565994780e-01 6.739317370565979237e-01 2.920606905096283512e-01 2.920606905096276851e-01 3.868353516683828690e-03 3.868353516683820017e-03
3.904999999999987637e+01 6.740859290197388498e-01 6.740859290197376286e-01 2.921486415192892094e-01 2.921486415192886543e-01 3.865678352885080094e-03 3.865678352885072722e-03
3.909999999999988063e+01 6.742486973563728281e-01 6.742486973563722730e-01 2.922402995607982223e-01 2.922402995607980003e-01 3.863057495846648065e-03 3.863057495846645029e-03
3.914999999999987779e+01 6.744177323513914635e-01 6.744177323513914635e-01 2.923345358871208832e-01 2.923345358871208832e-01 3.860475878337689837e-03 3.860475878337689837e-03
3.919999999999987494e+01 6.745905907210067998e-01 6.745905907210072439e-01 2.924301651407981151e-01 2.924301651407983371e-01 3.857917745920829214e-03 3.857917745920831816e-03
3.924999999999987921e+01 6.747647528873123024e-01 6.747647528873109701e-01 2.925259713285617291e-01 2.925259713285611740e-01 3.855367002682865817e-03 3.855367002682858445e-03
3.929999999999987637e+01 6.749376670006067558e-01 6.749376670006057566e-01 2.926207279719541532e-01 2.926207279719537091e-01 3.852807478235087141e-03 3.852807478235081070e-03
3.934999999999988063e+01 6.751067935299439604e-01 6.751067935299429612e-01 2.927132184802594406e-01 2.927132184802589965e-01 3.850223196057351183e-03 3.850223196057345545e-03
3.939999999999987779e+01 6.752696625262797347e-01 6.752696625262797347e-01 2.928022620729013870e-01 2.928022620729013870e-01 3.847598713178739405e-03 3.847598713178739405e-03
3.944999999999987494e+01 6.754239239240480419e-01 6.754239239240464876e-01 2.928867365216396568e-01 2.928867365216389906e-01 3.844919416102926014e-03 3.844919416102916907e-03
3.949999999999987921e+01 6.755673766274812309e-01 6.755673766274807868e-01 2.929655917279755384e-01 2.929655917279753163e-01 3.842171694793131143e-03 3.842171694793128107e-03
3.954999999999987637e+01 6.756980229747343580e-01 6.756980229747333588e-01 2.930378742076367171e-01 2.930378742076362730e-01 3.839343258534391214e-03 3.839343258534385576e-03
3.959999999999988063e+01 6.758141009961808887e-01 6.758141009961791124e-01 2.931027418540264051e-01 2.931027418540256280e-01 3.836423322696689512e-03 3.836423322696679537e-03
3.964999999999987779e+01 6.759141265276035204e-01 6.759141265276025212e-01 2.931594829873984676e-01 2.931594829873980235e-01 3.833402850440001917e-03 3.833402850439996280e-03
3.969999999999987494e+01 6.759968999138864509e-01 6.759968999138858958e-01 2.932075197382144616e-01 2.932075197382142395e-01 3.830274588350296265e-03 3.830274588350293229e-03
3.974999999999987921e+01 6.760615506414573428e-01 6.760615506414561215e-01 2.932464281058977384e-01 2.932464281058971833e-01 3.827033319489702573e-03 3.827033319489695200e-03
3.979999999999987637e+01 6.761075351023849711e-01 6.761075351023839719e-01 2.932759372333473280e-01 2.932759372333468839e-01 3.823675843981069397e-03 3.823675843981063759e-03
3.984999999999987352e+01 6.761346574899853579e-01 6.761346574899845807e-01 2.932959388918785493e-01 2.932959388918782162e-01 3.820201092697874182e-03 3.820201092697869845e-03
3.989999999999987779e+01 6.761430618396174763e-01 6.761430618396166992e-01 2.933064840869301637e-01 2.933064840869298306e-01 3.816610072699165059e-03 3.816610072699160722e-03
3.994999999999987494e+01 6.761332323248592235e-01 6.761332323248586684e-01 2.933077833616382080e-01 2.933077833616379859e-01 3.812905861054779674e-03 3.812905861054776639e-03
3.999999999999987210e+01 6.761059822822745868e-01 6.761059822822732546e-01 2.933002018892573171e-01 2.933002018892567619e-01 3.809093531029325488e-03 3.809093531029318549e-03
4.004999999999987637e+01 6.760624347301004144e-01 6.760624347301001924e-01 2.932842509118102070e-01 2.932842509118100960e-01 3.805180031291740487e-03 3.805180031291739186e-03
4.009999999999987352e+01 6.760040062386439841e-01 6.760040062386437620e-01 2.932605804232415458e-01 2.932605804232414348e-01 3.801174081960366491e-03 3.801174081960365190e-03
4.014999999999987779e+01 6.759323506286981642e-01 6.759323506286970540e-01 2.932299542654324132e-01 2.932299542654319691e-01 3.797085843514834327e-03 3.797085843514828689e-03
4.019999999999987494e+01 6.758493638026308314e-01 6.758493638026294992e-01 2.931932518513126196e-01 2.931932518513120645e-01 3.792926932099784359e-03 3.792926932099776986e-03
4.024999999999987210e+01 6.757571284024682656e-01 6.757571284024674885e-01 2.931514435076413294e-01 2.931514435076409963e-01 3.788710093798282330e-03 3.788710093798277993e-03
4.029999999999987637e+01 6.756578663192820411e-01 6.756578663192812639e-01 2.931055691193089618e-01 2.931055691193086288e-01 3.784448923425560562e-03 3.784448923425556225e-03
4.034999999999987352e+01 6.755538987416694896e-01 6.755538987416681573e-01 2.930567201373839303e-01 2.930567201373833752e-01 3.780157628344207096e-03 3.780157628344200157e-03
4.039999999999987779e+01 6.754476074186340773e-01 6.754476074186330781e-01 2.930060218441938868e-01 2.930060218441934428e-01 3.775850796961269847e-03 3.775850796961264209e-03
4.044999999999987494e+01 6.753413808081367709e-01 6.753413808081355496e-01 2.929546091667837304e-01 2.929546091667831753e-01 3.771543085507363374e-03 3.771543085507356001e-03
4.049999999999987210e+01 6.752375718096169654e-01 6.752375718096167434e-01 2.929036073700456155e-01 2.929036073700455045e-01 3.767248969389663978e-03 3.767248969389662243e-03
4.054999999999987637e+01 6.751384507046577221e-01 6.751384507046569450e-01 2.928541106747571954e-01 2.928541106747568623e-01 3.762982469319085983e-03 3.762982469319082080e-03
4.059999999999987352e+01 6.750461649087068361e-01 6.750461649087057259e-01 2.928071637852707187e-01 2.928071637852702747e-01 3.758756916370621995e-03 3.758756916370616357e-03
4.064999999999987068e+01 6.749626954586738226e-01 6.749626954586730454e-01 2.927637419987099143e-01 2.927637419987095813e-01 3.754584700207895184e-03 3.754584700207890847e-03
4.069999999999987494e+01 6.748898204507931542e-01 6.748898204507921550e-01 2.927247343121504031e-01 2.927247343121499590e-01 3.750477057170417596e-03 3.750477057170411958e-03
4.074999999999987210e+01 6.748290886486462137e-01 6.748290886486459916e-01 2.926909309253123981e-01 2.926909309253122871e-01 3.746443915844008179e-03 3.746443915844006878e-03
4.079999999999986926e+01 6.747817796039288218e-01 6.747817796039283778e-01 2.926630049497478403e-01 2.926630049497476183e-01 3.742493669434124835e-03 3.742493669434122233e-03
4.084999999999987352e+01 6.747488936673441406e-01 6.747488936673433635e-01 2.926415070137884378e-01 2.926415070137881047e-01 3.738633114197242695e-03 3.738633114197238358e-03
4.089999999999987068e+01 6.747311247185631133e-01 6.747311247185613370e-01 2.926268525465944847e-01 2.926268525465937076e-01 3.734867294787430798e-03 3.734867294787420824e-03
4.094999999999987494e+01 6.747288613925171985e-01 6.747288613925164213e-01 2.926193211717238452e-01 2.926193211717235121e-01 3.731199504899261003e-03 3.731199504899256666e-03
4.099999999999987210e+01 6.747421719603033941e-01 6.747421719603026169e-01 2.926190493922876668e-01 2.926190493922873337e-01 3.727631202449534047e-03 3.727631202449529710e-03
4.104999999999986926e+01 6.747708065501596408e-01 6.747708065501594188e-01 2.926260305816354990e-01 2.926260305816353879e-01 3.724162018219996737e-03 3.724162018219995002e-03
4.109999999999987352e+01 6.748142227022575490e-01 6.748142227022571049e-01 2.926401252269361652e-01 2.926401252269359432e-01 3.720789894811657884e-03 3.720789894811654848e-03
4.114999999999987068e+01 6.748715833908761619e-01 6.748715833908746076e-01 2.926610592880563022e-01 2.926610592880556361e-01 3.717511073840038417e-03 3.717511073840029743e-03
4.119999999999987494e+01 6.749417624516105274e-01 6.749417624516105274e-01 2.926884258156733365e-01 2.926884258156733365e-01 3.714320124564391475e-03 3.714320124564391475e-03
4.124999999999987210e+01 6.750234030979227473e-01 6.750234030979217481e-01 2.927217096414943542e-01 2.927217096414939101e-01 3.711210264868400593e-03 3.711210264868394955e-03
4.129999999999986926e+01 6.751149247342004278e-01 6.751149247341986515e-01 2.927602897236264434e-01 2.927602897236256663e-01 3.708173397386031137e-03 3.708173397386021596e-03
4.134999999999987352e+01 6.752145772074521490e-01 6.752145772074513719e-01 2.928034621278947647e-01 2.928034621278944316e-01 3.705200406553565192e-03 3.705200406553560855e-03
4.139999999999987068e+01 6.753204427577302882e-01 6.753204427577292890e-01 2.928504404314518084e-01 2.928504404314513643e-01 3.702281168539222483e-03 3.702281168539216846e-03
4.144999999999986784e+01 6.754305265403034442e-01 6.754305265403028891e-01 2.929003945541459597e-01 2.929003945541457377e-01 3.699405046468540615e-03 3.699405046468538013e-03
4.149999999999987210e+01 6.755427392431341271e-01 6.755427392431330169e-01 2.929524430235403987e-01 2.929524430235399546e-01 3.696560795249730427e-03 3.696560795249724789e-03
4.154999999999986926e+01 6.756549864708509823e-01 6.756549864708505382e-01 2.930056913695081589e-01 2.930056913695079368e-01 3.693737048465286794e-03 3.693737048465284192e-03
4.159999999999986642e+01 6.757651993880007257e-01 6.757651993879997265e-01 2.930592455029432664e-01 2.930592455029428223e-01 3.690922487442619380e-03 3.690922487442613743e-03
4.164999999999987068e+01 6.758713622774114027e-01 6.758713622774108476e-01 2.931122234598264598e-01 2.931122234598262377e-01 3.688105988799335062e-03 3.688105988799332460e-03
4.169999999999986784e+01 6.759715696864216916e-01 6.759715696864216916e-01 2.931637804190361241e-01 2.931637804190361241e-01 3.685276938014291157e-03 3.685276938014291157e-03
4.174999999999987210e+01 6.760640584190698021e-01 6.760640584190694691e-01 2.932131226847921601e-01 2.932131226847920491e-01 3.682425402634761490e-03 3.682425402634760189e-03
4.179999999999986926e+01 6.761472378622693791e-01 6.761472378622681578e-01 2.932595211614053010e-01 2.932595211614047459e-01 3.679542298135583551e-03 3.679542298135576612e-03
4.184999999999986642e+01 6.762197262853386626e-01 6.762197262853373303e-01 2.933023274443222750e-01 2.933023274443217199e-01 3.676619585638645979e-03 3.676619585638639040e-03
4.189999999999987068e+01 6.762803864968608414e-01 6.762803864968611745e-01 2.933409898281343908e-01 2.933409898281345018e-01 3.673650467478210314e-03 3.673650467478211615e-03
4.194999999999986784e+01 6.763283204760195400e-01 6.763283204760185408e-01 2.933750514959720945e-01 2.933750514959716504e-01 3.670629358723463600e-03 3.670629358723457962e-03
4.199999999999987210e+01 6.763629140072108248e-01 6.763629140072098256e-01 2.934041704987095933e-01 2.934041704987091492e-01 3.667552131233878937e-03 3.667552131233873299e-03
4.204999999999986926e+01 6.763838331052035580e-01 6.763838331052024477e-01 2.934281190459929745e-01 2.934281190459925304e-01 3.664416097983061969e-03 3.664416097983056331e-03
4.209999999999986642e+01 6.763910379505541082e-01 6.763910379505527759e-01 2.934467902883225454e-01 2.934467902883219903e-01 3.661220090933540398e-03 3.661220090933533459e-03
4.214999999999987068e+01 6.763847546532348876e-01 6.763847546532341104e-01 2.934601869320953016e-01 2.934601869320949685e-01 3.657964312023633587e-03 3.657964312023629250e-03
4.219999999999986784e+01 6.763655137623552083e-01 6.763655137623544311e-01 2.934684389003693328e-01 2.934684389003689997e-01 3.654650546704483940e-03 3.654650546704480037e-03
4.224999999999986500e+01 6.763341081852718428e-01 6.763341081852702885e-01 2.934717860164186565e-01 2.934717860164179903e-01 3.651281941106306311e-03 3.651281941106298071e-03
4.229999999999986926e+01 6.762915745557526170e-01 6.762915745557528391e-01 2.934705708945536395e-01 2.934705708945537506e-01 3.647862907328208205e-03 3.647862907328209506e-03
4.234999999999986642e+01 6.762391833489019843e-01 6.762391833489004300e-01 2.934652357540170620e-01 2.934652357540163958e-01 3.644399077976004549e-03 3.644399077975996309e-03
4.239999999999986358e+01 6.761783960767681068e-01 6.761783960767675516e-01 2.934563046891378590e-01 2.934563046891376370e-01 3.640897080510404477e-03 3.640897080510401874e-03
4.244999999999986784e+01 6.761108526121355489e-01 6.761108526121345497e-01 2.934443793644216925e-01 2.934443793644212484e-01 3.637364479261511255e-03 3.637364479261505617e-03
4.249999999999986500e+01 6.760383260118569826e-01 6.760383260118557613e-01 2.934301203216175269e-01 2.934301203216169718e-01 3.633809539586603694e-03 3.633809539586596755e-03
4.254999999999986926e+01 6.759626874454067735e-01 6.759626874454059964e-01 2.934142327582552889e-01 2.934142327582549559e-01 3.630241048663853960e-03 3.630241048663850056e-03
4.259999999999986642e+01 6.758858666480774824e-01 6.758858666480764832e-01 2.933974503121641320e-01 2.933974503121636879e-01 3.626668112634917444e-03 3.626668112634912240e-03
4.264999999999986358e+01 6.758098123318279082e-01 6.758098123318271311e-01 2.933805187795299751e-01 2.933805187795296421e-01 3.623099954054099462e-03 3.623099954054095559e-03
4.269999999999986784e+01 6.757364617743085722e-01 6.757364617743085722e-01 2.933641837862526192e-01 2.933641837862526192e-01 3.619545759238165881e-03 3.619545759238165881e-03
4.274999999999986500e+01 6.756676859200388963e-01 6.756676859200373420e-01 2.933491677441064649e-01 2.933491677441057988e-01 3.616014394380365898e-03 3.616014394380357658e-03
4.279999999999986926e+01 6.756052616137609990e-01 6.756052616137598887e-01 2.933361585479705713e-01 2.933361585479701272e-01 3.612514267832158624e-03 3.612514267832152987e-03
4.284999999999986642e+01 6.755508323891965539e-01 6.755508323891952216e-01 2.933257932262520740e-01 2.933257932262515189e-01 3.609053131052018283e-03 3.609053131052011344e-03
4.289999999999986358e+01 6.755058858919658071e-01 6.755058858919645859e-01 2.933186487538301801e-01 2.933186487538296250e-01 3.605637968701056080e-03 3.605637968701049141e-03
4.294999999999986784e+01 6.754717045632321337e-01 6.754717045632325778e-01 2.933152211569018952e-01 2.933152211569021173e-01 3.602274745556065163e-03 3.602274745556068199e-03
4.299999999999986500e+01 6.754493573896934722e-01 6.754493573896916958e-01 2.933159224140848842e-01 2.933159224140841070e-01 3.598968373178964425e-03 3.598968373178954884e-03
4.304999999999986215e+01 6.754396758928968847e-01 6.754396758928968847e-01 2.933210703967935595e-01 2.933210703967935595e-01 3.595722591440935704e-03 3.595722591440935704e-03
4.309999999999986642e+01 6.754432343913467918e-01 6.754432343913452375e-01 2.933308806170249472e-01 2.933308806170242811e-01 3.592539872835586422e-03 3.592539872835578182e-03
4.314999999999986358e+01 6.754603407032430118e-01 6.754603407032425677e-01 2.933454624084146367e-01 2.933454624084144147e-01 3.589421381565192828e-03 3.589421381565189792e-03
4.319999999999986073e+01 6.754910338245151413e-01 6.754910338245133650e-01 2.933648180734800270e-01 2.933648180734792499e-01 3.586366969113457138e-03 3.586366969113447597e-03
4.324999999999986500e+01 6.755350827597248475e-01 6.755350827597246255e-01 2.933888424392404604e-01 2.933888424392403493e-01 3.583375174830426366e-03 3.583375174830425065e-03
4.329999999999986215e+01 6.755919873059555991e-01 6.755919873059553771e-01 2.934173232212189397e-01 2.934173232212188287e-01 3.580443236378519616e-03 3.580443236378518315e-03
4.334999999999986642e+01 6.756610009952725981e-01 6.756610009952714879e-01 2.934499508374254217e-01 2.934499508374249777e-01 3.577567215329791137e-03 3.577567215329785499e-03
4.339999999999986358e+01 6.757411356550357961e-01 6.757411356550350190e-01 2.934863202908706281e-01 2.934863202908702950e-01 3.574742025467373546e-03 3.574742025467369209e-03
4.344999999999986073e+01 6.758311867731364719e-01 6.758311867731344735e-01 2.935259419123446012e-01 2.935259419123437130e-01 3.571961568753822484e-03 3.571961568753811642e-03
4.349999999999986500e+01 6.759297578598343348e-01 6.759297578598335576e-01 2.935682516339173098e-01 2.935682516339169768e-01 3.569218864850067299e-03 3.569218864850062962e-03
4.354999999999986215e+01 6.760352948599427370e-01 6.760352948599417378e-01 2.936126255383890715e-01 2.936126255383886274e-01 3.566506231866259802e-03 3.566506231866254165e-03
4.359999999999986642e+01 6.761461082053035199e-01 6.761461082053030758e-01 2.936583889857582452e-01 2.936583889857580232e-01 3.563815400312608274e-03 3.563815400312605672e-03
4.364999999999986358e+01 6.762604139386830804e-01 6.762604139386816371e-01 2.937048339356953530e-01 2.937048339356946869e-01 3.561137725804135786e-03 3.561137725804127546e-03
4.369999999999986073e+01 6.763763690904842640e-01 6.763763690904827097e-01 2.937512337182108801e-01 2.937512337182102140e-01 3.558464369693660131e-03 3.558464369693652325e-03
4.374999999999986500e+01 6.764921086815742779e-01 6.764921086815735007e-01 2.937968584438437336e-01 2.937968584438434005e-01 3.555786486461052446e-03 3.555786486461048109e-03
4.379999999999986215e+01 6.766057818090202014e-01 6.766057818090184250e-01 2.938409899314069484e-01 2.938409899314061713e-01 3.553095404249186247e-03 3.553095404249176706e-03
4.384999999999985931e+01 6.767155932506359051e-01 6.767155932506353500e-01 2.938829391457196127e-01 2.938829391457193907e-01 3.550382834741411774e-03 3.550382834741409172e-03
4.389999999999986358e+01 6.768198314099364010e-01 6.768198314099348467e-01 2.939220572480794047e-01 2.939220572480787386e-01 3.547641004804829527e-03 3.547641004804821720e-03
4.394999999999986073e+01 6.769169139823468795e-01 6.769169139823461023e-01 2.939577548355359893e-01 2.939577548355356562e-01 3.544862886168667713e-03 3.544862886168663376e-03
4.399999999999985789e+01 6.770054103442627591e-01 6.770054103442616489e-01 2.939895106546951409e-01 2.939895106546946968e-01 3.542042297044528752e-03 3.542042297044523547e-03
4.404999999999986215e+01 6.770840728635398875e-01 6.770840728635385553e-01 2.940168843100889884e-01 2.940168843100884333e-01 3.539174051280044846e-03 3.539174051280038341e-03
4.409999999999985931e+01 6.771518614452474161e-01 6.771518614452466389e-01 2.940395260019024182e-01 2.940395260019020851e-01 3.536254070978991741e-03 3.536254070978987404e-03
4.414999999999986358e+01 6.772079653704683455e-01 6.772079653704673463e-01 2.940571850808090248e-01 2.940571850808085808e-01 3.533279484299306234e-03 3.533279484299300596e-03
4.419999999999986073e+01 6.772518160124028075e-01 6.772518160124018083e-01 2.940697146462991629e-01 2.940697146462987188e-01 3.530248675225689317e-03 3.530248675225684113e-03
4.424999999999985789e+01 6.772830986526686692e-01 6.772830986526671149e-01 2.940770757692972026e-01 2.940770757692965365e-01 3.527161328567291875e-03 3.527161328567283635e-03
4.429999999999986215e+01 6.773017607249243177e-01 6.773017607249237626e-01 2.940793401861021561e-01 2.940793401861019341e-01 3.524018456394282899e-03 3.524018456394280296e-03
4.434999999999985931e+01 6.773080091862181407e-01 6.773080091862165864e-01 2.940766883060871306e-01 2.940766883060864645e-01 3.520822368226134320e-03 3.520822368226126080e-03
4.439999999999986358e+01 6.773023089390528551e-01 6.773023089390520779e-01 2.940694077204628609e-01 2.940694077204625279e-01 3.517576647373966189e-03 3.517576647373962286e-03
4.444999999999986073e+01 6.772853571473502754e-01 6.772853571473487211e-01 2.940578812799995445e-01 2.940578812799988784e-01 3.514286002748733678e-03 3.514286002748725872e-03
4.449999999999985789e+01 6.772581027166802992e-01 6.772581027166793000e-01 2.940425948782939836e-01 2.940425948782935395e-01 3.510956356755758154e-03 3.510956356755752517e-03
4.454999999999986215e+01 6.772216906221116828e-01 6.772216906221097954e-01 2.940241126197117305e-01 2.940241126197109534e-01 3.507594543629137529e-03 3.507594543629128422e-03
4.459999999999985931e+01 6.771774570367503632e-01 6.771774570367495860e-01 2.940030741618863130e-01 2.940030741618859800e-01 3.504208273681609469e-03 3.504208273681605566e-03
4.464999999999985647e+01 6.771268969847138441e-01 6.771268969847120678e-01 2.939801801624291056e-01 2.939801801624283284e-01 3.500805956087286227e-03 3.500805956087277120e-03
4.469999999999986073e+01 6.770716382179035042e-01 6.770716382179027271e-01 2.939561805531719640e-01 2.939561805531716310e-01 3.497396556254285960e-03 3.497396556254281624e-03
4.474999999999985789e+01 6.770134014586915994e-01 6.770134014586908222e-01 2.939318569185688235e-01 2.939318569185684904e-01 3.493989383876012871e-03 3.493989383876008534e-03
4.479999999999985505e+01 6.769539638269724824e-01 6.769539638269720383e-01 2.939080064422046057e-01 2.939080064422043836e-01 3.490593900738780606e-03 3.490593900738778003e-03
4.484999999999985931e+01 6.768951388754903542e-01 6.768951388754893550e-01 2.938854330086051458e-01 2.938854330086047018e-01 3.487219614459873777e-03 3.487219614459868573e-03
4.489999999999985647e+01 6.768387195733979178e-01 6.768387195733973627e-01 2.938649223340979999e-01 2.938649223340977779e-01 3.483875783451081780e-03 3.483875783451079178e-03
4.494999999999986073e+01 6.767864518384772987e-01 6.767864518384767436e-01 2.938472306797850209e-01 2.938472306797847988e-01 3.480571284332671135e-03 3.480571284332668533e-03
4.499999999999985789e+01 6.767400022480954958e-01 6.767400022480940525e-01 2.938330706376732770e-01 2.938330706376726109e-01 3.477314445416260745e-03 3.477314445416252505e-03
4.504999999999985505e+01 6.767009182691523517e-01 6.767009182691515745e-01 2.938230942510968724e-01 2.938230942510965393e-01 3.474112849554804663e-03 3.474112849554800760e-03
4.509999999999985931e+01 6.766706007599847528e-01 6.766706007599835315e-01 2.938178812069175416e-01 2.938178812069169865e-01 3.470973197955324902e-03 3.470973197955318397e-03
4.514999999999985647e+01 6.766502728988340598e-01 6.766502728988338378e-01 2.938179256691402230e-01 2.938179256691401120e-01 3.467901158679740151e-03 3.467901158679738850e-03
4.519999999999986073e+01 6.766409595726957660e-01 6.766409595726949888e-01 2.938236276990576767e-01 2.938236276990573437e-01 3.464901270036066256e-03 3.464901270036062353e-03
4.524999999999985789e+01 6.766434660205814522e-01 6.766434660205804530e-01 2.938352844204880077e-01 2.938352844204875636e-01 3.461976841478512593e-03 3.461976841478507389e-03
4.529999999999985505e+01 6.766583583087514286e-01 6.766583583087504294e-01 2.938530820278624223e-01 2.938530820278619782e-01 3.459129864954245404e-03 3.459129864954240199e-03
4.534999999999985931e+01 6.766859558839632971e-01 6.766859558839630751e-01 2.938770930979452967e-01 2.938770930979451856e-01 3.456360989096689436e-03 3.456360989096688135e-03
4.539999999999985647e+01 6.767263193757198092e-01 6.767263193757188100e-01 2.939072718899243819e-01 2.939072718899239378e-01 3.453669469916864024e-03 3.453669469916858820e-03
4.544999999999985363e+01 6.767792750776686628e-01 6.767792750776678856e-01 2.939434655914383576e-01 2.939434655914380246e-01 3.451053308969052966e-03 3.451053308969049063e-03
4.549999999999985789e+01 6.768443628483786778e-01 6.768443628483782337e-01 2.939853924210245051e-01 2.939853924210242830e-01 3.448509002006161072e-03 3.448509002006158470e-03
4.554999999999985505e+01 6.769208983659404932e-01 6.769208983659387169e-01 2.940326693246815282e-01 2.940326693246807510e-01 3.446031870198444126e-03 3.446031870198435019e-03
4.559999999999985221e+01 6.770079771663793933e-01 6.770079771663786161e-01 2.940848144889257609e-01 2.940848144889254279e-01 3.443616094718109262e-03 3.443616094718105359e-03
4.564999999999985647e+01 6.771044682376960999e-01 6.771044682376951007e-01 2.941412453435450214e-01 2.941412453435445773e-01 3.441254698374329214e-03 3.441254698374324010e-03
4.569999999999985363e+01 6.772090561085362115e-01 6.772090561085358784e-01 2.942012976152044157e-01 2.942012976152043047e-01 3.438939773409762247e-03 3.438939773409760946e-03
4.574999999999985789e+01 6.773202617809407355e-01 6.773202617809396253e-01 2.942642352273876494e-01 2.942642352273872053e-01 3.436662601195776805e-03 3.436662601195771601e-03
4.579999999999985505e+01 6.774364716901377648e-01 6.774364716901364325e-01 2.943292636922468786e-01 2.943292636922463235e-01 3.434413812044896045e-03 3.434413812044889540e-03
4.584999999999985221e+01 6.775559691490371517e-01 6.775559691490363745e-01 2.943955445850368058e-01 2.943955445850364727e-01 3.432183556806034114e-03 3.432183556806030211e-03
4.589999999999985647e+01 6.776769677941009151e-01 6.776769677940999159e-01 2.944622108846942643e-01 2.944622108846938202e-01 3.429961687649330307e-03 3.429961687649325103e-03
4.594999999999985363e+01 6.777976462818657843e-01 6.777976462818642300e-01 2.945283828476469301e-01 2.945283828476462640e-01 3.427737944109952688e-03 3.427737944109944881e-03
4.599999999999985789e+01 6.779161835324404306e-01 6.779161835324396534e-01 2.945931841021176556e-01 2.945931841021173225e-01 3.425502140722306611e-03 3.425502140722303142e-03
4.604999999999985505e+01 6.780307938559920755e-01 6.780307938559908543e-01 2.946557576671751111e-01 2.946557576671745560e-01 3.423244352799021967e-03 3.423244352799015896e-03
4.609999999999985221e+01 6.781397612763713223e-01 6.781397612763705451e-01 2.947152815910041301e-01 2.947152815910037971e-01 3.420955096819557409e-03 3.420955096819553939e-03
4.614999999999985647e+01 6.782414723795281430e-01 6.782414723795265887e-01 2.947709839088401562e-01 2.947709839088394901e-01 3.418625501987136977e-03 3.418625501987129604e-03
4.619999999999985363e+01 6.783344468326950594e-01 6.783344468326942822e-01 2.948221565422536328e-01 2.948221565422532997e-01 3.416247468624036571e-03 3.416247468624032668e-03
4.624999999999985079e+01 6.784173661984665982e-01 6.784173661984650439e-01 2.948681684035059369e-01 2.948681684035052708e-01 3.413813816538427935e-03 3.413813816538420129e-03
4.629999999999985505e+01 6.784890974189616841e-01 6.784890974189606849e-01 2.949084761238573993e-01 2.949084761238569552e-01 3.411318405134275509e-03 3.411318405134270305e-03
4.634999999999985221e+01 6.785487127359476345e-01 6.785487127359466353e-01 2.949426331449327421e-01 2.949426331449322980e-01 3.408756233977850315e-03 3.408756233977845111e-03
4.639999999999984936e+01 6.785955146410012073e-01 6.785955146410006522e-01 2.949703010243660550e-01 2.949703010243658330e-01 3.406123568410702671e-03 3.406123568410700068e-03
4.644999999999985363e+01 6.786290359477709089e-01 6.786290359477694656e-01 2.949912496935569450e-01 2.949912496935562789e-01 3.403417937047103266e-03 3.403417937047095460e-03
4.649999999999985079e+01 6.786490603037557134e-01 6.786490603037543812e-01 2.950053665630337774e-01 2.950053665630332222e-01 3.400638231274173522e-03 3.400638231274167016e-03
4.654999999999985505e+01 6.786555999899033242e-01 6.786555999899027691e-01 2.950126471281041551e-01 2.950126471281039331e-01 3.397784591167346459e-03 3.397784591167343857e-03
4.659999999999985221e+01 6.786489426595088137e-01 6.786489426595074814e-01 2.950132153048223849e-01 2.950132153048218298e-01 3.394858634117642673e-03 3.394858634117636168e-03
4.664999999999984936e+01 6.786295916085753888e-01 6.786295916085733904e-01 2.950072974013749905e-01 2.950072974013741023e-01 3.391863149196617036e-03 3.391863149196607061e-03
4.669999999999985363e+01 6.785982894826302347e-01 6.785982894826300127e-01 2.949952323596426451e-01 2.949952323596425341e-01 3.388802209760406314e-03 3.388802209760405013e-03
4.674999999999985079e+01 6.785559868068288258e-01 6.785559868068282707e-01 2.949774578617423426e-01 2.949774578617421206e-01 3.385681008456162180e-03 3.385681008456159578e-03
4.679999999999985505e+01 6.785038282287262357e-01 6.785038282287246814e-01 2.949545040895988901e-01 2.949545040895982240e-01 3.382505780844032289e-03 3.382505780844024482e-03
4.684999999999985221e+01 6.784431285023425628e-01 6.784431285023420077e-01 2.949269829392380249e-01 2.949269829392378028e-01 3.379283677333013748e-03 3.379283677333011146e-03
4.689999999999984936e+01 6.783753457137517984e-01 6.783753457137510212e-01 2.948955759667932774e-01 2.948955759667929444e-01 3.376022621256944117e-03 3.376022621256940213e-03
4.694999999999985363e+01 6.783020519369989954e-01 6.783020519369979962e-01 2.948610211527459279e-01 2.948610211527454839e-01 3.372731154163530372e-03 3.372731154163525601e-03
4.699999999999985079e+01 6.782249033719197628e-01 6.782249033719197628e-01 2.948240993811588329e-01 2.948240993811588329e-01 3.369418278641823916e-03 3.369418278641823916e-03
4.704999999999984794e+01 6.781456106878435142e-01 6.781456106878430701e-01 2.947856209614667655e-01 2.947856209614665435e-01 3.366093302443248954e-03 3.366093302443246352e-03
4.709999999999985221e+01 6.780658867147399960e-01 6.780658867147392188e-01 2.947464022299526309e-01 2.947464022299522979e-01 3.362765570221943646e-03 3.362765570221940177e-03
4.714999999999984936e+01 6.779874523852885693e-01 6.779874523852864598e-01 2.947072675004224207e-01 2.947072675004215325e-01 3.359444485613259732e-03 3.359444485613249324e-03
4.719999999999984652e+01 6.779119639551669518e-01 6.779119639551659526e-01 2.946690166788714649e-01 2.946690166788710208e-01 3.356139142128385187e-03 3.356139142128380416e-03
4.724999999999985079e+01 6.778409978729921237e-01 6.778409978729916796e-01 2.946324179578594382e-01 2.946324179578592162e-01 3.352858241341225443e-03 3.352858241341223275e-03
4.729999999999984794e+01 6.777760286457410466e-01 6.777760286457408245e-01 2.945981974780916834e-01 2.945981974780915724e-01 3.349609977010715740e-03 3.349609977010714439e-03
4.734999999999985221e+01 6.777183856868542744e-01 6.777183856868517209e-01 2.945670197698786463e-01 2.945670197698775361e-01 3.346401815051171669e-03 3.346401815051159093e-03
4.739999999999984936e+01 6.776692389723214527e-01 6.776692389723204535e-01 2.945394807729642128e-01 2.945394807729637687e-01 3.343240417400283535e-03 3.343240417400278764e-03
4.744999999999984652e+01 6.776295733009027877e-01 6.776295733009024547e-01 2.945160958794087458e-01 2.945160958794086348e-01 3.340131509831693012e-03 3.340131509831691711e-03
4.749999999999985079e+01 6.776001707633577675e-01 6.776001707633559912e-01 2.944972915604843200e-01 2.944972915604835428e-01 3.337079791053655480e-03 3.337079791053646372e-03
4.754999999999984794e+01 6.775816049184146816e-01 6.775816049184141265e-01 2.944834020759654614e-01 2.944834020759652393e-01 3.334088899812807406e-03 3.334088899812804804e-03
4.759999999999985221e+01 6.775742196986559440e-01 6.775742196986551669e-01 2.944746596022965734e-01 2.944746596022962404e-01 3.331161307718295307e-03 3.331161307718291404e-03
4.764999999999984936e+01 6.775781321532831081e-01 6.775781321532817758e-01 2.944711947077831571e-01 2.944711947077826020e-01 3.328298329559580947e-03 3.328298329559574876e-03
4.769999999999984652e+01 6.775932309458549962e-01 6.775932309458544411e-01 2.944730350292686927e-01 2.944730350292684706e-01 3.325500113261089206e-03 3.325500113261086604e-03
4.774999999999985079e+01 6.776191806666890249e-01 6.776191806666879147e-01 2.944801065054230005e-01 2.944801065054225564e-01 3.322765658735387945e-03 3.322765658735382741e-03
4.779999999999984794e+01 6.776554308250108960e-01 6.776554308250093417e-01 2.944922366811850711e-01 2.944922366811844050e-01 3.320092859990820926e-03 3.320092859990813553e-03
4.784999999999984510e+01 6.777012288418088337e-01 6.777012288418077235e-01 2.945091597929168081e-01 2.945091597929163640e-01 3.317478567084399844e-03 3.317478567084394640e-03
4.789999999999984936e+01 6.777556371635070631e-01 6.777556371635057308e-01 2.945305236903670298e-01 2.945305236903664747e-01 3.314918668434077651e-03 3.314918668434071580e-03
4.794999999999984652e+01 6.778175538189964433e-01 6.778175538189958882e-01 2.945558983052405377e-01 2.945558983052403157e-01 3.312408190106733933e-03 3.312408190106731331e-03
4.799999999999984368e+01 6.778857362360987127e-01 6.778857362360987127e-01 2.945847855902707924e-01 2.945847855902707924e-01 3.309941411126646454e-03 3.309941411126646454e-03
4.804999999999984794e+01 6.779588315863160908e-01 6.779588315863150916e-01 2.946166323365360107e-01 2.946166323365355666e-01 3.307512010514024846e-03 3.307512010514019642e-03
4.809999999999984510e+01 6.780353888340581170e-01 6.780353888340573398e-01 2.946508351975293261e-01 2.946508351975289930e-01 3.305113126164106654e-03 3.305113126164102751e-03
4.814999999999984936e+01 6.781139136308895754e-01 6.781139136308887982e-01 2.946867641438466467e-01 2.946867641438463137e-01 3.302737619992686131e-03 3.302737619992682228e-03
4.819999999999984652e+01 6.781928813252489086e-01 6.781928813252471322e-01 2.947237682019958616e-01 2.947237682019950844e-01 3.300378143359424671e-03 3.300378143359415997e-03
4.824999999999984368e+01 6.782707793500792892e-01 6.782707793500782900e-01 2.947611935524496740e-01 2.947611935524492299e-01 3.298027340446997666e-03 3.298027340446992896e-03
4.829999999999984794e+01 6.783461243502131310e-01 6.783461243502123539e-01 2.947983910628058091e-01 2.947983910628054760e-01 3.295677932507619194e-03 3.295677932507615725e-03
4.834999999999984510e+01 6.784175045124815062e-01 6.784175045124803960e-01 2.948347347600976942e-01 2.948347347600972501e-01 3.293322923877112403e-03 3.293322923877107199e-03
4.839999999999984936e+01 6.784836027706881989e-01 6.784836027706871997e-01 2.948696319970525170e-01 2.948696319970520729e-01 3.290955714252826944e-03 3.290955714252821740e-03
4.844999999999984652e+01 6.785432233418060566e-01 6.785432233418047243e-01 2.949025351882806900e-01 2.949025351882801349e-01 3.288570227915042516e-03 3.288570227915036445e-03
4.849999999999984368e+01 6.785953140200242650e-01 6.785953140200237099e-01 2.949329517824714753e-01 2.949329517824712532e-01 3.286161022645929953e-03 3.286161022645927784e-03
4.854999999999984794e+01 6.786389923044175987e-01 6.786389923044168215e-01 2.949604559601121112e-01 2.949604559601117781e-01 3.283723417312695361e-03 3.283723417312691458e-03
4.859999999999984510e+01 6.786735528537118922e-01 6.786735528537111151e-01 2.949846922574682617e-01 2.949846922574679287e-01 3.281253529004104878e-03 3.281253529004101409e-03
4.864999999999984226e+01 6.786984864456453437e-01 6.786984864456451216e-01 2.950053842953990202e-01 2.950053842953989092e-01 3.278748366717419184e-03 3.278748366717417883e-03
4.869999999999984652e+01 6.787134986855098973e-01 6.787134986855086760e-01 2.950223434461871630e-01 2.950223434461866079e-01 3.276205923888816495e-03 3.276205923888810424e-03
4.874999999999984368e+01 6.787184853573470233e-01 6.787184853573460241e-01 2.950354586597367934e-01 2.950354586597363493e-01 3.273625061411789775e-03 3.273625061411784571e-03
4.879999999999984084e+01 6.787135746784529466e-01 6.787135746784521695e-01 2.950447155073115946e-01 2.950447155073112615e-01 3.271005715158673607e-03 3.271005715158670137e-03
4.884999999999984510e+01 6.786990874650823402e-01 6.786990874650815631e-01 2.950501794914101028e-01 2.950501794914097697e-01 3.268348706634293960e-03 3.268348706634290057e-03
4.889999999999984226e+01 6.786755481096166109e-01 6.786755481096150566e-01 2.950520015338984336e-01 2.950520015338977675e-01 3.265655800043156410e-03 3.265655800043149037e-03
4.894999999999984652e+01 6.786436679244174375e-01 6.786436679244167713e-01 2.950504114541916412e-01 2.950504114541913081e-01 3.262929626255928976e-03 3.262929626255925506e-03
4.899999999999984368e+01 6.786043342749955576e-01 6.786043342749940033e-01 2.950457139898969849e-01 2.950457139898963188e-01 3.260173635247488617e-03 3.260173635247481244e-03
4.904999999999984084e+01 6.785585737823432995e-01 6.785585737823430774e-01 2.950382735324498240e-01 2.950382735324497130e-01 3.257391924178312109e-03 3.257391924178310808e-03
4.909999999999984510e+01 6.785075580822358399e-01 6.785075580822350627e-01 2.950285174057727389e-01 2.950285174057724058e-01 3.254589270885532327e-03 3.254589270885528858e-03
4.914999999999984226e+01 6.784525609394655987e-01 6.784525609394650436e-01 2.950169179510782058e-01 2.950169179510779838e-01 3.251770933602413441e-03 3.251770933602410839e-03
4.919999999999984652e+01 6.783949363963069912e-01 6.783949363963054369e-01 2.950039837617932648e-01 2.950039837617925986e-01 3.248942552442665287e-03 3.248942552442657915e-03
4.924999999999984368e+01 6.783360908006919043e-01 6.783360908006915713e-01 2.949902482331964171e-01 2.949902482331963061e-01 3.246110021823352555e-03 3.246110021823351253e-03
4.929999999999984084e+01 6.782774539468193753e-01 6.782774539468185981e-01 2.949762576993020247e-01 2.949762576993016916e-01 3.243279358980789492e-03 3.243279358980785589e-03
4.934999999999984510e+01 6.782204499086345040e-01 6.782204499086331717e-01 2.949625594032930787e-01 2.949625594032925235e-01 3.240456571307814924e-03 3.240456571307808852e-03
4.939999999999984226e+01 6.781664681368051451e-01 6.781664681368039238e-01 2.949496895444669864e-01 2.949496895444664313e-01 3.237647525186254042e-03 3.237647525186247970e-03
4.944999999999983942e+01 6.781168357497591170e-01 6.781168357497575627e-01 2.949381617834742064e-01 2.949381617834735403e-01 3.234857820493282094e-03 3.234857820493274722e-03
4.949999999999984368e+01 6.780727896997141846e-01 6.780727896997126303e-01 2.949284557259186368e-01 2.949284557259179707e-01 3.232092665489527412e-03 3.232092665489520039e-03
4.954999999999984084e+01 6.780354527629081085e-01 6.780354527629073313e-01 2.949210069174629245e-01 2.949210069174625914e-01 3.229356768874499725e-03 3.229356768874496256e-03
4.959999999999983800e+01 6.780058129003262435e-01 6.780058129003260214e-01 2.949161982029000484e-01 2.949161982028999374e-01 3.226654247296508165e-03 3.226654247296506864e-03
4.964999999999984226e+01 6.779847019884202020e-01 6.779847019884184256e-01 2.949143510028987558e-01 2.949143510028979787e-01 3.223988532417594935e-03 3.223988532417586695e-03
4.969999999999983942e+01 6.779727766438525816e-01 6.779727766438513603e-01 2.949157172070953070e-01 2.949157172070947519e-01 3.221362285167625374e-03 3.221362285167619303e-03
4.974999999999984368e+01 6.779705117513541435e-01 6.779705117513535884e-01 2.949204765991242372e-01 2.949204765991240151e-01 3.218777370795361352e-03 3.218777370795358750e-03
4.979999999999984084e+01 6.779781875636796684e-01 6.779781875636791133e-01 2.949287314670701043e-01 2.949287314670698823e-01 3.216234803348646393e-03 3.216234803348643791e-03
4.984999999999983800e+01 6.779958846806596329e-01 6.779958846806586337e-01 2.949405045420219196e-01 2.949405045420214755e-01 3.213734726690522635e-03 3.213734726690517865e-03
4.989999999999984226e+01 6.780234859839623374e-01 6.780234859839613382e-01 2.949557399102867850e-01 2.949557399102863409e-01 3.211276427983533483e-03 3.211276427983528279e-03
4.994999999999983942e+01 6.780606775562738608e-01 6.780606775562728616e-01 2.949743034264409314e-01 2.949743034264404873e-01 3.208858345677908369e-03 3.208858345677903599e-03
4.999999999999984368e+01 6.781069540439088605e-01 6.781069540439078613e-01 2.949959849999668204e-01 2.949959849999663763e-01 3.206478097825734078e-03 3.206478097825729307e-03
