# tau eta eta_joint W_out W_out_joint power power_joint
5.000000000000000000e+00 6.838404698724848130e-01 7.051176776236882660e-01 2.977183090970545454e-01 3.069816016237110201e-01 1.215176771824712405e-02 1.252986129076371496e-02
5.049999999999999822e+00 6.834283769732232283e-01 7.172506522629797932e-01 2.976723752326966288e-01 3.124039218884926417e-01 1.211281282737320872e-02 1.271226538712075770e-02
5.099999999999999645e+00 6.828863413294526952e-01 7.171443043184441146e-01 2.975220514585126264e-01 3.124476676414803533e-01 1.206986009973682120e-02 1.267536177044545180e-02
5.149999999999999467e+00 6.822556125036178809e-01 7.098145126279523653e-01 2.972093419859795915e-01 3.092147581697377579e-01 1.202060028254720372e-02 1.250615806551012323e-02
5.199999999999999289e+00 6.816848268337890593e-01 6.951657144478494699e-01 2.968801960937152984e-01 3.027512502830370655e-01 1.197097564894013429e-02 1.220771170496117407e-02
5.249999999999999112e+00 6.816777343065240080e-01 6.776657544609185901e-01 2.968729047902173290e-01 2.951256743163683804e-01 1.193458913729516895e-02 1.186434871623591458e-02
5.299999999999998934e+00 6.822874080659837581e-01 6.649640564216949823e-01 2.972201026911136523e-01 2.896736518936927629e-01 1.191262936637730099e-02 1.161016640856483984e-02
5.349999999999998757e+00 6.829590671007462754e-01 6.592314414974517200e-01 2.975892081443333170e-01 2.872502498456978026e-01 1.189167664912420957e-02 1.147853146236554704e-02
5.399999999999998579e+00 6.834941087201523713e-01 6.622642398337982295e-01 2.978288395286193824e-01 2.885780396561710148e-01 1.186569081787328291e-02 1.149713305403071879e-02
5.449999999999998401e+00 6.839887590918298788e-01 6.753168498285302412e-01 2.980103424000069001e-01 2.942320366684199051e-01 1.183755084011944153e-02 1.168746918245958111e-02
5.499999999999998224e+00 6.841601690023888516e-01 6.925995316502431276e-01 2.980744677056338388e-01 3.017513238615571192e-01 1.180492941408451020e-02 1.195054747966563073e-02
5.549999999999998046e+00 6.838355691624745658e-01 7.069402592515684480e-01 2.979619310977374980e-01 3.080291437242943520e-01 1.176552541353356567e-02 1.216304614903433029e-02
5.599999999999997868e+00 6.833382881443578194e-01 7.136239730065967457e-01 2.977831970878921375e-01 3.109810058756365958e-01 1.172374791684614725e-02 1.224334668801718880e-02
5.649999999999997691e+00 6.828581994430819035e-01 7.086301153037690703e-01 2.975995864950985448e-01 3.088313642047052499e-01 1.168202498508728523e-02 1.212291910518960812e-02
5.699999999999997513e+00 6.823947317403583623e-01 6.958011425035124375e-01 2.974155773811533177e-01 3.032586403654811136e-01 1.164053140435042551e-02 1.186922271489163072e-02
5.749999999999997335e+00 6.821918714152165331e-01 6.845462917324609542e-01 2.973392061602545544e-01 2.983654005454863256e-01 1.160348121600993619e-02 1.164352782616532266e-02
5.799999999999997158e+00 6.824170666369705485e-01 6.751349894521248007e-01 2.974335585818523864e-01 2.942596430442027122e-01 1.157329021719270129e-02 1.144979155814018594e-02
5.849999999999996980e+00 6.829004102644004037e-01 6.652502702470614038e-01 2.976329162316264654e-01 2.899403411997514279e-01 1.154734883536863085e-02 1.124889781570325743e-02
5.899999999999996803e+00 6.834853602648653936e-01 6.627766665377712307e-01 2.979027012743677982e-01 2.888766472287124243e-01 1.152428244775117495e-02 1.117511207848017295e-02
5.949999999999996625e+00 6.840476093007696878e-01 6.719980505193002829e-01 2.982011482959516790e-01 2.929483088499272858e-01 1.150245509338290208e-02 1.129983833558061146e-02
5.999999999999996447e+00 6.843494803129804849e-01 6.851217076116637994e-01 2.983817261747023775e-01 2.987184233170381287e-01 1.147622023748855538e-02 1.148917012757839223e-02
6.049999999999996270e+00 6.842664757663859953e-01 6.973338131370411253e-01 2.983377972498104658e-01 3.040351107748009429e-01 1.144152626077892670e-02 1.166002342376993260e-02
6.099999999999996092e+00 6.838457624038233318e-01 7.077042224228812239e-01 2.981047689605580420e-01 3.085052438962146981e-01 1.139979996025078726e-02 1.179752366715926433e-02
6.149999999999995914e+00 6.832321753720590474e-01 7.097432488443786713e-01 2.978222833116754842e-01 3.093785137106174199e-01 1.135642643705149848e-02 1.179708345893679643e-02
6.199999999999995737e+00 6.827450065600768614e-01 7.012216859165265603e-01 2.976705495023368453e-01 3.057262119299886116e-01 1.131827184419532083e-02 1.162457079581706056e-02
6.249999999999995559e+00 6.825922279795902936e-01 6.895553896054429366e-01 2.976836365725084033e-01 3.007203240556948209e-01 1.128658337715672012e-02 1.140171844760928463e-02
6.299999999999995381e+00 6.826290430769309525e-01 6.787920009522413478e-01 2.977101701557398616e-01 2.960367481479578844e-01 1.125558299265557415e-02 1.119231561996060324e-02
6.349999999999995204e+00 6.828204442916131489e-01 6.688645451973872502e-01 2.977308206532349732e-01 2.916456172516462830e-01 1.122453612264788167e-02 1.099512223380382132e-02
6.399999999999995026e+00 6.833420695315164384e-01 6.641182181706848375e-01 2.979131422771994497e-01 2.895322182554990187e-01 1.119974219087216220e-02 1.088466985922928801e-02
6.449999999999994849e+00 6.840033618808987192e-01 6.679939762714607321e-01 2.982447566412436135e-01 2.912642130048308520e-01 1.118068441016845972e-02 1.091899580149319378e-02
6.499999999999994671e+00 6.843925087502482629e-01 6.782104169552859441e-01 2.985040703641486104e-01 2.958076943217941013e-01 1.115903066781864274e-02 1.105823156343155832e-02
6.549999999999994493e+00 6.844445370922264127e-01 6.912458621894745914e-01 2.985613670286892951e-01 3.015281712160201577e-01 1.112996708401451686e-02 1.124056556257298396e-02
6.599999999999994316e+00 6.842129904928027084e-01 7.025828364281171412e-01 2.984096894641808939e-01 3.064214344869022888e-01 1.109329700610338192e-02 1.139113139356514454e-02
6.649999999999994138e+00 6.836767075520218118e-01 7.076670305506677083e-01 2.981169063485982207e-01 3.085778753938479557e-01 1.105159986463756343e-02 1.143940223888222432e-02
6.699999999999993960e+00 6.830987515794528786e-01 7.061125464020732156e-01 2.978802570144176709e-01 3.079159291639983476e-01 1.101220913177145162e-02 1.138321364746759483e-02
6.749999999999993783e+00 6.828204528421287778e-01 6.981334988937362152e-01 2.978334490842506899e-01 3.045127119893861201e-01 1.098003498928113580e-02 1.122627509638290250e-02
6.799999999999993605e+00 6.827973483555148659e-01 6.838713404454697109e-01 2.978710538881738090e-01 2.983395840552474088e-01 1.095114168706521826e-02 1.096836706085468904e-02
6.849999999999993427e+00 6.829147342529033882e-01 6.702560788819232895e-01 2.978983321814382412e-01 2.923764241985917778e-01 1.092202867759627279e-02 1.071957558931592620e-02
6.899999999999993250e+00 6.832620364074657449e-01 6.649841996872075667e-01 2.980003173877845413e-01 2.900285571353961034e-01 1.089580685147292956e-02 1.060433481299437666e-02
6.949999999999993072e+00 6.837889843225835040e-01 6.667030558821233077e-01 2.982241321029612813e-01 2.907723651146739696e-01 1.087417072390014193e-02 1.060245633964171721e-02
6.999999999999992895e+00 6.842451413387464765e-01 6.728744901317497140e-01 2.984668346036062347e-01 2.935069714374696215e-01 1.085333944013113991e-02 1.067298077954435473e-02
7.049999999999992717e+00 6.844522747710553023e-01 6.845061258262107318e-01 2.985983376496686992e-01 2.986218306471248862e-01 1.082858885402244141e-02 1.082944082129193124e-02
7.099999999999992539e+00 6.843368212184606225e-01 6.971327757274007331e-01 2.985490186069266194e-01 3.041313861521670603e-01 1.079743286101000899e-02 1.099932680478000677e-02
7.149999999999992362e+00 6.839556243048551254e-01 7.040687589933699586e-01 2.983603667462576547e-01 3.071342725799603990e-01 1.076141990067656581e-02 1.107788178827630483e-02
7.199999999999992184e+00 6.835071141538041628e-01 7.056540760881080399e-01 2.981550891301401052e-01 3.078158948083065116e-01 1.072500320612015078e-02 1.107251420173764773e-02
7.249999999999992006e+00 6.831211382047013281e-01 7.022632875861053448e-01 2.979985684049553107e-01 3.063489660033134054e-01 1.069053160197149487e-02 1.099009743509644921e-02
7.299999999999991829e+00 6.828769835139536504e-01 6.910922791233881091e-01 2.979090078347341741e-01 3.014929777490249485e-01 1.065864070965060091e-02 1.078686861356082521e-02
7.349999999999991651e+00 6.829349290501551817e-01 6.764996753129958185e-01 2.979460429076666861e-01 2.951385157121253489e-01 1.063143774871246408e-02 1.053125836617753788e-02
7.399999999999991473e+00 6.832824106647514828e-01 6.675605987993089574e-01 2.981071175439304888e-01 2.912478980694889197e-01 1.060879421864521777e-02 1.036469388147647809e-02
7.449999999999991296e+00 6.836832390733699194e-01 6.665717592602798947e-01 2.982872926518902457e-01 2.908216467284476803e-01 1.058694916244508864e-02 1.032197503916407536e-02
7.499999999999991118e+00 6.840468695603336702e-01 6.712913123243994251e-01 2.984385838895831089e-01 2.928735406043744272e-01 1.056419765980825751e-02 1.036720497714600266e-02
7.549999999999990941e+00 6.843532957945374084e-01 6.801508132822225994e-01 2.985587263945832515e-01 2.967253344400438975e-01 1.054046695126508067e-02 1.047573996257878358e-02
7.599999999999990763e+00 6.844043504851134996e-01 6.902323994712095123e-01 2.985857167766798881e-01 3.011283250793442834e-01 1.051358157664366438e-02 1.060311003800508585e-02
7.649999999999990585e+00 6.841459147658556228e-01 6.984949161185713962e-01 2.985050181095432187e-01 3.047657423442442504e-01 1.048305594765736037e-02 1.070292334834923274e-02
7.699999999999990408e+00 6.837897190357397070e-01 7.032127258112187418e-01 2.983795753205717993e-01 3.068550296185518222e-01 1.045112347882913920e-02 1.074798702691950880e-02
7.749999999999990230e+00 6.834131492745639802e-01 7.017634106505570291e-01 2.982070920786047408e-01 3.062142223037487287e-01 1.041771500711283389e-02 1.069744008048031068e-02
7.799999999999990052e+00 6.830314412054024897e-01 6.938299761396433674e-01 2.980036910126506733e-01 3.027150455328082579e-01 1.038340386803661419e-02 1.054756256211875944e-02
7.849999999999989875e+00 6.828946458266995645e-01 6.836538693425190383e-01 2.979300825578392597e-01 2.982613130428493076e-01 1.035378219141057897e-02 1.036529324214941622e-02
7.899999999999989697e+00 6.831489749290114988e-01 6.745465643297919867e-01 2.980785030797569179e-01 2.943250118671568716e-01 1.033201050536419752e-02 1.020190682381826898e-02
7.949999999999989519e+00 6.835846672028497162e-01 6.686850251388363198e-01 2.983200181783394189e-01 2.918177344018832997e-01 1.031357020495556054e-02 1.008877214872544448e-02
7.999999999999989342e+00 6.839910933518531522e-01 6.698378540729500452e-01 2.985028811374571545e-01 2.923262178106335041e-01 1.029320279784335518e-02 1.008021440726322888e-02
8.049999999999990052e+00 6.843030575491982903e-01 6.773574643658101246e-01 2.985949330917523348e-01 2.955642306727043200e-01 1.026981713127265647e-02 1.016557973078949240e-02
8.099999999999988987e+00 6.844387203207834558e-01 6.856293180504852147e-01 2.986215344559084439e-01 2.991409938470963592e-01 1.024430649934506346e-02 1.026212671859679307e-02
8.149999999999987921e+00 6.843532464851942443e-01 6.930421570849552015e-01 2.986114865743877411e-01 3.024028158684801681e-01 1.021767276559069036e-02 1.034740174058102272e-02
8.199999999999988631e+00 6.840771100836692264e-01 6.997061586144833756e-01 2.985503818832011547e-01 3.053713357472691570e-01 1.018943282877820232e-02 1.042222988898530191e-02
8.249999999999989342e+00 6.836487205863340799e-01 7.009986933934354569e-01 2.983864851166225796e-01 3.059590838020116443e-01 1.015783779120417799e-02 1.041562838474933798e-02
8.299999999999988276e+00 6.832102312868294502e-01 6.951883525254974883e-01 2.981606292278246029e-01 3.033880160583198871e-01 1.012429980400084140e-02 1.030180020571545320e-02
8.349999999999987210e+00 6.829787680898694591e-01 6.873516576035071379e-01 2.980191784160470814e-01 2.999272976739900676e-01 1.009379097090761304e-02 1.015841821080407277e-02
8.399999999999987921e+00 6.830372929817601912e-01 6.801454391739021332e-01 2.980546401359611686e-01 2.967927318113596780e-01 1.006941351810680327e-02 1.002678148011350995e-02
8.449999999999988631e+00 6.833610668765754959e-01 6.733139972240460569e-01 2.982467984581794740e-01 2.938618451692113220e-01 1.005043971215432638e-02 9.902673805196680890e-03
8.499999999999987566e+00 6.838646469166591579e-01 6.701918146922885011e-01 2.984998852607809727e-01 2.925318346113343626e-01 1.003360958859768511e-02 9.833002844078472457e-03
8.549999999999986500e+00 6.843078751896483070e-01 6.734900621810185894e-01 2.986778317218269363e-01 2.939562129146573444e-01 1.001434473501515952e-02 9.856033961933194712e-03
8.599999999999987210e+00 6.844993814919499986e-01 6.809496139138854209e-01 2.987281178184471031e-01 2.971789339682340270e-01 9.990906950449742266e-03 9.939094781546295443e-03
8.649999999999987921e+00 6.844984329275389801e-01 6.896347067957878663e-01 2.987242956468343369e-01 3.009658344433217003e-01 9.965781339343938311e-03 1.004056161612416724e-02
8.699999999999986855e+00 6.843366028091975029e-01 6.969278109609332583e-01 2.986849422707578139e-01 3.041804897315866230e-01 9.939598744451182133e-03 1.012247885962019346e-02
8.749999999999985789e+00 6.839368985198669426e-01 6.995162845990122724e-01 2.985403603920970816e-01 3.053408057911115581e-01 9.910053456999079469e-03 1.013579438310744513e-02
8.799999999999986500e+00 6.834504948224693344e-01 6.968484237422970518e-01 2.983301706574545964e-01 3.041784456259977176e-01 9.878482472101150769e-03 1.007213396112575758e-02
8.849999999999987210e+00 6.831570202513631562e-01 6.909542693142850522e-01 2.981877595926187841e-01 3.015911414801427659e-01 9.849306675231015579e-03 9.961722261937009520e-03
8.899999999999986144e+00 6.831088554802375867e-01 6.833953378368667897e-01 2.981614403061734198e-01 2.982864833229482704e-01 9.824100174832739105e-03 9.828220208334381355e-03
8.949999999999985079e+00 6.832707376409884459e-01 6.765348214846254038e-01 2.982423329464871653e-01 2.953021582275440204e-01 9.802541756663512781e-03 9.705904954068833926e-03
8.999999999999985789e+00 6.836656004428997013e-01 6.728724293763240771e-01 2.984286813553902462e-01 2.937173256765983620e-01 9.784546929684933073e-03 9.630076251691755546e-03
9.049999999999986500e+00 6.841585581129986382e-01 6.725888522645075973e-01 2.986536048652039810e-01 2.936031171998707556e-01 9.767902039745025161e-03 9.602718469333472798e-03
9.099999999999985434e+00 6.845071616219396970e-01 6.764085805564628018e-01 2.988132635744381593e-01 2.952779266573440919e-01 9.749209252020827818e-03 9.633863838738803559e-03
9.149999999999984368e+00 6.846214190922895737e-01 6.850791347651753460e-01 2.988680516549537813e-01 2.990678651395343168e-01 9.727194520909813319e-03 9.733697807633345106e-03
9.199999999999985079e+00 6.845048825680506432e-01 6.939690301544247930e-01 2.988142975283253344e-01 3.029457839278334452e-01 9.701762906763817737e-03 9.835902075579015802e-03
9.249999999999985789e+00 6.841746856926217424e-01 6.975548693689590518e-01 2.986632611140984661e-01 3.045041221904404294e-01 9.673304003695502862e-03 9.862481690378644208e-03
9.299999999999984723e+00 6.837585241563134408e-01 6.966599604895165054e-01 2.984863860763069532e-01 3.041183496573722778e-01 9.644148176940457035e-03 9.826117921078271478e-03
9.349999999999983658e+00 6.834249016691313905e-01 6.933318307002392933e-01 2.983634006194517685e-01 3.026884771980162814e-01 9.616870285880804725e-03 9.756276460854682031e-03
9.399999999999984368e+00 6.832667037870269189e-01 6.869469999758351930e-01 2.983157153780391369e-01 2.999225406254605319e-01 9.592145189004480307e-03 9.643811595673979289e-03
9.449999999999985079e+00 6.833357780654990554e-01 6.796852582140698873e-01 2.983419085761587208e-01 2.967481049224794942e-01 9.569908855690744190e-03 9.518784440175773187e-03
9.499999999999984013e+00 6.836100778216492868e-01 6.754751845730055937e-01 2.984382281593023212e-01 2.948868423530449645e-01 9.550023301097682743e-03 9.436378955297445789e-03
9.549999999999982947e+00 6.839813605215746550e-01 6.744616309683776345e-01 2.985918165640545352e-01 2.944359820566345709e-01 9.532061183210049221e-03 9.399392882893370729e-03
9.599999999999983658e+00 6.843683798742337121e-01 6.761690044737046490e-01 2.987866857875560722e-01 2.952069409111164333e-01 9.515499547374404662e-03 9.401494933475052287e-03
9.649999999999984368e+00 6.846600689534952933e-01 6.816558243571165798e-01 2.989495054893668291e-01 2.976377341780512831e-01 9.497998585841684743e-03 9.456321975474232810e-03
9.699999999999983302e+00 6.846673344388297666e-01 6.888947494665748073e-01 2.989572404981846176e-01 3.008031242837329033e-01 9.475665308975747200e-03 9.534171926584251305e-03
9.749999999999982236e+00 6.843804795935157781e-01 6.938530813865761981e-01 2.988027565290762855e-01 3.029385254641426828e-01 9.448308506848270699e-03 9.579083809142860742e-03
9.799999999999982947e+00 6.840157104703012969e-01 6.952653072241086196e-01 2.986215076724658690e-01 3.035327567737758914e-01 9.420236835093567448e-03 9.575165828825745948e-03
9.849999999999983658e+00 6.837010908972297463e-01 6.934242128555839768e-01 2.985022927008160742e-01 3.027473849427628760e-01 9.394249966980842970e-03 9.527848463973661794e-03
9.899999999999982592e+00 6.834651299521893320e-01 6.888315189449584208e-01 2.984392523229660865e-01 3.007825190800985649e-01 9.370149209512287219e-03 9.443721164210324565e-03
9.949999999999981526e+00 6.834192881845880807e-01 6.833620802382006643e-01 2.984348612279551505e-01 2.984098797183073470e-01 9.347998785527186424e-03 9.347216279351843946e-03
9.999999999999982236e+00 6.836064831780307438e-01 6.788015324109701876e-01 2.984931323735865449e-01 2.963950761955744806e-01 9.327910386674588203e-03 9.262346131111711192e-03
1.004999999999998295e+01 6.839106477608152268e-01 6.763434576919986618e-01 2.985979039959897330e-01 2.952940409824720280e-01 9.309365674076071004e-03 9.206361371238418190e-03
1.009999999999998188e+01 6.842587236337374090e-01 6.775221121616600284e-01 2.987554865587846997e-01 2.958142019706830883e-01 9.292550126245253950e-03 9.201063824904612276e-03
1.014999999999998082e+01 6.845956081017807726e-01 6.815829135132829286e-01 2.989358488897674304e-01 2.976203242156384432e-01 9.276519748324831352e-03 9.235696639740532954e-03
1.019999999999998153e+01 6.847476073834554144e-01 6.856042742367804976e-01 2.990238602994871320e-01 2.993979599337315278e-01 9.257704653234903949e-03 9.269286685254854441e-03
1.024999999999998224e+01 6.846113254240782098e-01 6.891317541522120615e-01 2.989532076946102013e-01 3.009271695883801723e-01 9.234075913347041670e-03 9.295047709293603744e-03
1.029999999999998117e+01 6.842914098888102092e-01 6.924804359244829399e-01 2.987901555135641374e-01 3.023658256554717649e-01 9.207708952652214271e-03 9.317899095700216128e-03
1.034999999999998010e+01 6.839352811384517006e-01 6.930473697590775473e-01 2.986307773454047743e-01 3.026094434313072457e-01 9.181576551741892078e-03 9.303902949463720498e-03
1.039999999999998082e+01 6.836496794791595555e-01 6.898201268700546729e-01 2.985249752871823592e-01 3.012193854656252112e-01 9.157207830895172651e-03 9.239858449865811368e-03
1.044999999999998153e+01 6.835263702888479953e-01 6.855703062541512738e-01 2.984893135022690380e-01 2.993818804457626381e-01 9.135097582318877155e-03 9.162414091683638781e-03
1.049999999999998046e+01 6.835951696060355021e-01 6.816709654914090422e-01 2.985197741157976647e-01 2.976794917334893986e-01 9.115107606589250080e-03 9.089450129266860023e-03
1.054999999999997939e+01 6.838373695345744130e-01 6.783837187029847504e-01 2.986153792716879085e-01 2.962339007447116757e-01 9.097193580249450864e-03 9.024642825429153234e-03
1.059999999999998010e+01 6.842037902220948764e-01 6.780403570307725891e-01 2.987704624977123302e-01 2.960790833918652831e-01 9.081169072878801998e-03 8.999364236834818398e-03
1.064999999999998082e+01 6.845505788480416021e-01 6.810514961677418544e-01 2.989259802656036857e-01 2.973980190709770710e-01 9.065230637319300275e-03 9.018893679180510492e-03
1.069999999999997975e+01 6.847311448464804551e-01 6.844080515386818941e-01 2.990111994454902611e-01 2.988701097371795345e-01 9.047237502132845360e-03 9.042968524574276565e-03
1.074999999999997868e+01 6.847298441291089777e-01 6.870830984610674097e-01 2.990157393438118705e-01 3.000433856337578753e-01 9.026890244341497643e-03 9.057913528566283526e-03
1.079999999999997939e+01 6.845573237160464952e-01 6.899528246289970967e-01 2.989456361057480915e-01 3.013018470418540318e-01 9.004386629691217211e-03 9.075356838610069976e-03
1.084999999999998010e+01 6.842187044585600342e-01 6.917700613798860587e-01 2.988007053792067769e-01 3.020984094027293620e-01 8.979735698849198103e-03 9.078840252523805165e-03
1.089999999999997904e+01 6.838600457140721067e-01 6.909164049574179067e-01 2.986394261439244691e-01 3.017209149489880060e-01 8.954705431601941990e-03 9.047103896521389160e-03
1.094999999999997797e+01 6.836614395833979785e-01 6.877297557628572200e-01 2.985441704777253014e-01 3.003207400028076179e-01 8.931762766723277958e-03 8.984913687443767463e-03
1.099999999999997868e+01 6.836454568056173908e-01 6.833831514594832512e-01 2.985383636429965737e-01 2.984238185845453639e-01 8.911592944567069824e-03 8.908173689090914671e-03
1.104999999999997939e+01 6.837976609211255941e-01 6.798074499911139768e-01 2.986208763582414161e-01 2.968783136779754583e-01 8.894143748570117539e-03 8.842243147519754723e-03
1.109999999999997833e+01 6.841231233846506443e-01 6.787898687259548147e-01 2.987784697276714141e-01 2.964492666776274987e-01 8.879003558028876475e-03 8.809785042425787374e-03
1.114999999999997726e+01 6.844840099230621311e-01 6.799215690228841424e-01 2.989316614861599053e-01 2.969391269361184582e-01 8.863800192324987337e-03 8.804718367268161636e-03
1.119999999999997797e+01 6.846976908448660915e-01 6.823390444686669998e-01 2.990051525515097230e-01 2.979751397021013215e-01 8.846306288506213672e-03 8.815832535565136518e-03
1.124999999999997868e+01 6.847490457795034624e-01 6.859850461617880146e-01 2.990192256220370881e-01 2.995589677063192902e-01 8.827135811720659281e-03 8.843069157382126705e-03
1.129999999999997762e+01 6.846758523166832644e-01 6.893258436762396135e-01 2.990056831691799699e-01 3.010363869518392077e-01 8.807236617648905516e-03 8.867051162057130662e-03
1.134999999999997655e+01 6.844563364407235673e-01 6.906488034823531352e-01 2.989360148899982139e-01 3.016405722462623951e-01 8.785775602938972195e-03 8.865262960948206913e-03
1.139999999999997726e+01 6.841412902864212331e-01 6.905778200742982431e-01 2.988012850573625867e-01 3.016124636826469363e-01 8.762501028075157447e-03 8.844940283948599796e-03
1.144999999999997797e+01 6.838703335677704942e-01 6.891813427339886777e-01 2.986600104496410779e-01 3.009794356026604945e-01 8.739137101672022484e-03 8.807006162477272124e-03
1.149999999999997691e+01 6.837514242291515831e-01 6.854676021774256389e-01 2.985904737144915444e-01 2.993399191538648196e-01 8.717970035459614644e-03 8.739851654127446523e-03
1.154999999999997584e+01 6.838349443198160627e-01 6.814093546059841744e-01 2.986398837209870427e-01 2.975805961895285900e-01 8.700360778470134573e-03 8.669500253154521774e-03
1.159999999999997655e+01 6.840878866215658327e-01 6.797768347782127130e-01 2.987802594474802120e-01 2.968973768333620367e-01 8.685472658356991824e-03 8.630737698644254732e-03
1.164999999999997726e+01 6.843848286494603750e-01 6.798968301161766314e-01 2.989218143859471155e-01 2.969615712473345770e-01 8.670683520984696566e-03 8.613823676499923407e-03
1.169999999999997620e+01 6.846223470208210315e-01 6.809835692766771365e-01 2.990079090204149637e-01 2.974186776297057522e-01 8.654353372515638174e-03 8.608355358312766437e-03
1.174999999999997513e+01 6.847540624667131093e-01 6.840894615789960831e-01 2.990441933592024037e-01 2.987539504132062929e-01 8.636655403875891091e-03 8.628272936121490419e-03
1.179999999999997584e+01 6.847339600028947704e-01 6.880419175214111949e-01 2.990395471229654323e-01 3.004842105631064797e-01 8.617854383947140887e-03 8.659487336112587849e-03
1.184999999999997655e+01 6.845738746748079029e-01 6.901131890322999007e-01 2.989948627952375704e-01 3.014142167869229283e-01 8.597983114169314642e-03 8.667554760227843408e-03
1.189999999999997549e+01 6.843531877575033118e-01 6.900768901929024146e-01 2.989152896408062698e-01 3.014153176992733218e-01 8.577196259420561894e-03 8.648933076019328994e-03
1.194999999999997442e+01 6.841142908131352396e-01 6.888070174046516669e-01 2.988032728683504002e-01 3.008529334046838866e-01 8.555569731377258083e-03 8.614257219890742931e-03
1.199999999999997513e+01 6.839180799638246988e-01 6.864089430333688568e-01 2.987006503569934468e-01 2.997885327227621799e-01 8.534304295914106955e-03 8.565386649221785192e-03
1.204999999999997584e+01 6.838994642252161915e-01 6.836737188084663908e-01 2.986901354511644069e-01 2.985915421159833771e-01 8.515755821843613849e-03 8.512944892829187038e-03
1.209999999999997478e+01 6.840791556324641309e-01 6.815947794664968251e-01 2.987834365502327616e-01 2.976983421683334630e-01 8.500240015653857603e-03 8.469369620720732655e-03
1.214999999999997371e+01 6.843203997553437556e-01 6.804306333068027568e-01 2.989033102126081864e-01 2.972043047937451554e-01 8.485544647625508155e-03 8.437311704577586668e-03
1.219999999999997442e+01 6.845443569596016964e-01 6.808582225320559678e-01 2.990024539348650201e-01 2.973923855321902732e-01 8.470324474075505844e-03 8.424713471166873219e-03
1.224999999999997513e+01 6.847326651728148361e-01 6.831585360686059927e-01 2.990780934825445492e-01 2.983905440850532775e-01 8.454504409400561901e-03 8.435068384029782360e-03
1.229999999999997407e+01 6.847969835438213471e-01 6.860830154303214634e-01 2.991034342134162305e-01 2.996651431037935520e-01 8.437332417867886639e-03 8.453177520558361260e-03
1.234999999999997300e+01 6.846894561431737802e-01 6.885665379963200605e-01 2.990604299262547006e-01 3.007538717566466957e-01 8.418309076038141617e-03 8.465978093079437258e-03
1.239999999999997371e+01 6.844882905836506826e-01 6.898894040375930237e-01 2.989782679421548739e-01 3.013374252391216590e-01 8.398265953431327188e-03 8.464534416829270005e-03
1.244999999999997442e+01 6.842692098410230184e-01 6.889515301963253791e-01 2.988874065615334530e-01 3.009326346202557678e-01 8.378063253301577459e-03 8.435392701338643301e-03
1.249999999999997335e+01 6.840794014072830720e-01 6.865034933676814610e-01 2.988094788427935189e-01 2.998683349549108312e-01 8.358307100497730513e-03 8.387925453284228797e-03
1.254999999999997229e+01 6.839980257336572000e-01 6.846800249168036867e-01 2.987771896336225419e-01 2.990750937087905958e-01 8.339907596193241179e-03 8.348223132136522312e-03
1.259999999999997300e+01 6.840650283117329922e-01 6.832575799890685531e-01 2.988039415495149509e-01 2.984512430027040919e-01 8.323229569624380347e-03 8.313405097568367721e-03
1.264999999999997371e+01 6.842437184442429210e-01 6.813645563910678549e-01 2.988764547030949847e-01 2.976188417739983327e-01 8.307893111969293434e-03 8.272935143127135502e-03
1.269999999999997264e+01 6.844816312526188495e-01 6.807322218978207884e-01 2.989820144894548282e-01 2.973442700842592323e-01 8.293537156434261509e-03 8.248107353238822922e-03
1.274999999999997158e+01 6.847038672740538567e-01 6.824397447124403993e-01 2.990918746052030341e-01 2.981028621376893284e-01 8.279359850663069523e-03 8.251982342911825391e-03
1.279999999999997229e+01 6.848200275718377972e-01 6.848696619830327847e-01 2.991550145467392063e-01 2.991766967149078749e-01 8.263950678086728202e-03 8.264549633008513169e-03
1.284999999999997300e+01 6.847941120542000437e-01 6.871130893581723909e-01 2.991412027086978176e-01 3.001542103376383386e-01 8.246483878944124712e-03 8.274409657826014078e-03
1.289999999999997193e+01 6.846357429651174220e-01 6.891167532903331727e-01 2.990578533220173973e-01 3.010152172813821414e-01 8.227176157414519894e-03 8.281023859185214497e-03
1.294999999999997087e+01 6.843916802295323398e-01 6.895585817685518926e-01 2.989454050667093021e-01 3.012023312073134340e-01 8.207149075269997221e-03 8.269109985101271570e-03
1.299999999999997158e+01 6.841794596427744901e-01 6.879526258672167272e-01 2.988666977381302381e-01 3.005149111032390241e-01 8.188128705154262485e-03 8.233285235705187916e-03
1.304999999999997229e+01 6.840872168438758560e-01 6.857190443647891431e-01 2.988462472704984663e-01 2.995591176747541828e-01 8.170779146151710068e-03 8.190269792884606950e-03
1.309999999999997122e+01 6.840905999680793048e-01 6.835887955341775069e-01 2.988502983287426584e-01 2.986310811595822567e-01 8.154169122203082029e-03 8.148187753331037619e-03
1.314999999999997016e+01 6.841793526087347477e-01 6.816435792201968047e-01 2.988723517692984943e-01 2.977646414104625494e-01 8.138117134630329721e-03 8.107954837589187794e-03
1.319999999999997087e+01 6.843863767220393912e-01 6.807669426133086121e-01 2.989497146294903818e-01 2.973686942720895621e-01 8.123633549714423183e-03 8.080671040002443406e-03
1.324999999999997158e+01 6.846377606426352624e-01 6.814663465352901461e-01 2.990688485848300715e-01 2.976834865437718580e-01 8.110341656537773877e-03 8.072772516441279259e-03
1.329999999999997051e+01 6.847982802981495976e-01 6.834078929793405699e-01 2.991608525060723833e-01 2.985534481541989305e-01 8.096369485955960330e-03 8.079930937867369628e-03
1.334999999999996945e+01 6.848278378541649003e-01 6.861200751319402880e-01 2.991824649062583275e-01 2.997470078652887393e-01 8.080552732106919753e-03 8.095800347475735903e-03
1.339999999999997016e+01 6.847340817065258323e-01 6.884722416938571232e-01 2.991284926894115515e-01 3.007615210318236310e-01 8.062762606183609612e-03 8.106779542636766839e-03
1.344999999999997087e+01 6.845268589576559704e-01 6.894310615424105171e-01 2.990220663817737545e-01 3.011643706195960002e-01 8.043633258420284857e-03 8.101260810211065658e-03
1.349999999999996980e+01 6.842963982712593207e-01 6.892245824567403423e-01 2.989237127757647938e-01 3.010765096013632292e-01 8.024797658409802553e-03 8.082590861781572059e-03
1.354999999999996874e+01 6.841532022911734900e-01 6.877557267599996305e-01 2.988787293431558467e-01 3.004525258730332826e-01 8.007467631430842392e-03 8.049632307382013213e-03
1.359999999999996945e+01 6.841146494388539168e-01 6.846388070669551240e-01 2.988735224501253285e-01 2.991025145302660393e-01 7.991270653746676556e-03 7.997393436638139050e-03
1.364999999999997016e+01 6.841679822254249643e-01 6.815878345969706986e-01 2.988909596867480589e-01 2.977637762744320682e-01 7.975742753482279249e-03 7.945664476969512349e-03
1.369999999999996909e+01 6.843196578134412844e-01 6.805886629306813207e-01 2.989446012284406873e-01 2.973147185198599107e-01 7.961241044698828817e-03 7.917835380022910513e-03
1.374999999999996803e+01 6.845294703470354847e-01 6.810750065766053574e-01 2.990336290089082860e-01 2.975245620040534167e-01 7.947737648077306954e-03 7.907629554925018484e-03
1.379999999999996874e+01 6.847159848957062867e-01 6.823130721785958253e-01 2.991243651554214011e-01 2.980746310220214745e-01 7.934333293247261554e-03 7.906488886525777846e-03
1.384999999999996945e+01 6.848096484084299496e-01 6.847421829350432976e-01 2.991744439395207511e-01 2.991449701353293689e-01 7.919905862065416968e-03 7.919125615759886605e-03
1.389999999999996838e+01 6.847676729246487959e-01 6.874373286939449157e-01 2.991565775873696875e-01 3.003228783852270878e-01 7.903740491079790792e-03 7.934554250600462169e-03
1.394999999999996732e+01 6.846128257687724705e-01 6.888856595994541365e-01 2.990841990463608546e-01 3.009508556963770287e-01 7.886201688763644010e-03 7.935421376305271460e-03
1.399999999999996803e+01 6.844227345969768894e-01 6.892725261490555422e-01 2.989985497092838562e-01 3.011172412242840712e-01 7.868382887086427038e-03 7.924137926954854388e-03
1.404999999999996874e+01 6.842474958217206193e-01 6.886436473065641328e-01 2.989229883521579145e-01 3.008435079698732473e-01 7.850899234462463058e-03 7.901339670909352658e-03
1.409999999999996767e+01 6.841297071669985019e-01 6.862295014807484606e-01 2.988735404191374956e-01 2.997908707939596074e-01 7.834168818326025727e-03 7.858214175464220061e-03
1.414999999999996660e+01 6.841407107166844748e-01 6.830057456029957619e-01 2.988810120043376983e-01 2.983851790324720810e-01 7.818993119799557204e-03 7.806021688226878925e-03
1.419999999999996732e+01 6.842789707520757769e-01 6.810175944603711340e-01 2.989455066445395603e-01 2.975206874851686889e-01 7.805365708734723559e-03 7.768164164103630136e-03
1.424999999999996803e+01 6.844557331466264438e-01 6.808149306389705835e-01 2.990251716308838237e-01 2.974345770284820833e-01 7.792186882889491108e-03 7.750738163608664015e-03
1.429999999999996696e+01 6.846223884398248138e-01 6.819669700045850602e-01 2.990944757693447809e-01 2.979343895696424660e-01 7.778790007005075176e-03 7.748618714425041347e-03
1.434999999999996589e+01 6.847541654822633106e-01 6.839476336055566597e-01 2.991454689434773773e-01 2.987931229941754863e-01 7.764969992043550644e-03 7.755824088103202389e-03
1.439999999999996660e+01 6.847797579761237818e-01 6.859765639041286445e-01 2.991565658608901224e-01 2.996794089316053844e-01 7.750170100023069490e-03 7.763715257295486158e-03
1.444999999999996732e+01 6.846787349068246264e-01 6.877021151681952382e-01 2.991224009718438381e-01 3.004432551428954934e-01 7.734257297268110759e-03 7.768409958445916808e-03
1.449999999999996625e+01 6.845176457873646259e-01 6.888762334063176507e-01 2.990618962119873103e-01 3.009661385440178805e-01 7.717726353857748064e-03 7.766868091458537481e-03
1.454999999999996518e+01 6.843383686710761138e-01 6.885664439642431578e-01 2.989808049099998977e-01 3.008280100533063939e-01 7.700729038248559609e-03 7.748306762480536118e-03
1.459999999999996589e+01 6.841733442077421179e-01 6.867173934450943040e-01 2.988959899233283313e-01 3.000074131052598014e-01 7.683701540445468138e-03 7.712272830469413774e-03
1.464999999999996660e+01 6.841117189394463338e-01 6.845754999089366244e-01 2.988632503663637419e-01 2.990658592154196160e-01 7.668075698944557504e-03 7.673274129965875628e-03
1.469999999999996554e+01 6.842000052936468846e-01 6.826516197908103489e-01 2.989126026213029252e-01 2.982361455372148917e-01 7.654612102978316721e-03 7.637289258315371060e-03
1.474999999999996447e+01 6.843776201097087064e-01 6.812085519722893556e-01 2.990060773442219100e-01 2.976215045517124347e-01 7.642327855443382771e-03 7.606939413462309590e-03
1.479999999999996518e+01 6.845659845532525711e-01 6.814240954683514762e-01 2.990902399421246916e-01 2.977175331739263520e-01 7.629853059748089097e-03 7.594835029947111064e-03
1.484999999999996589e+01 6.847119642748582535e-01 6.832334094900820443e-01 2.991400868424456405e-01 2.984941290824002502e-01 7.616552179311165266e-03 7.600105132588176778e-03
1.489999999999996483e+01 6.847741467986718789e-01 6.850669658725726530e-01 2.991562061971164699e-01 2.992841296061117262e-01 7.602444884297760753e-03 7.605695796851642820e-03
1.494999999999996376e+01 6.847409184203501198e-01 6.866514074300846815e-01 2.991488592087142573e-01 2.999835115457052392e-01 7.587796048413814574e-03 7.608966684735716905e-03
1.499999999999996447e+01 6.846179383615413894e-01 6.882155850097743111e-01 2.991126631628591159e-01 3.006844911997452741e-01 7.572472485135684460e-03 7.612265599993561782e-03
1.504999999999996518e+01 6.844233299528779124e-01 6.885263647085412275e-01 2.990347696521065135e-01 3.008274467853053746e-01 7.556153370868147305e-03 7.601451592806210758e-03
1.509999999999996412e+01 6.842309921256076732e-01 6.871253043502513203e-01 2.989404959105494974e-01 3.002050208176529900e-01 7.539482872901636518e-03 7.571375052147626475e-03
1.514999999999996305e+01 6.841296438540543923e-01 6.853560333631385504e-01 2.988835911026392900e-01 2.994193780018894468e-01 7.523816012652981972e-03 7.537303410997856813e-03
1.519999999999996376e+01 6.841453895381718331e-01 6.837882592431091533e-01 2.988923624947579238e-01 2.987363378847232021e-01 7.509858354139656300e-03 7.505938137807125279e-03
1.524999999999996447e+01 6.842720094398740960e-01 6.822239308626523169e-01 2.989618533090788732e-01 2.980670375651613968e-01 7.497475945055280533e-03 7.475035424831644355e-03
1.529999999999996341e+01 6.844809192740956005e-01 6.814309476195585802e-01 2.990627890370988196e-01 2.977301981586601975e-01 7.485927134846037841e-03 7.452570667300640467e-03
1.534999999999996234e+01 6.846759488755915779e-01 6.820845324892425010e-01 2.991439057471156904e-01 2.980116819257552230e-01 7.473926439653119994e-03 7.445638524066350294e-03
1.539999999999996305e+01 6.847725788558006732e-01 6.838218897578121069e-01 2.991766572682387215e-01 2.987613018711040569e-01 7.460764520404965586e-03 7.450406530451482781e-03
1.544999999999996376e+01 6.847777124914614655e-01 6.860365771500487320e-01 2.991772344436377518e-01 2.997272284639230788e-01 7.446850888453967164e-03 7.460540845399463855e-03
1.549999999999996270e+01 6.847004148012441060e-01 6.878285171182515478e-01 2.991511404284961095e-01 3.005178335913466503e-01 7.432326470273206177e-03 7.466281579909243848e-03
1.554999999999996163e+01 6.845263086751369741e-01 6.883012725932790010e-01 2.990827940222795522e-01 3.007321488267082898e-01 7.416808283255547918e-03 7.457709828312676995e-03
1.559999999999996234e+01 6.843202151379640386e-01 6.876294377820419967e-01 2.989938486645736804e-01 3.004397174151283156e-01 7.400837838232032784e-03 7.436626668691305453e-03
1.564999999999996305e+01 6.841863600604292106e-01 6.863068689024334201e-01 2.989324799858237292e-01 2.998589658147960968e-01 7.385607905764647943e-03 7.408498228901705222e-03
1.569999999999996199e+01 6.841553499190349275e-01 6.844651904125288455e-01 2.989175793345472121e-01 2.990529532233956456e-01 7.371580254859374896e-03 7.374918698480790839e-03
1.574999999999996092e+01 6.842222340174343165e-01 6.828142254818586609e-01 2.989480471117157423e-01 2.983328648199105038e-01 7.358721159673013018e-03 7.343578210951653626e-03
1.579999999999996163e+01 6.843848693462084576e-01 6.820417720828795272e-01 2.990211116814889269e-01 2.979973667393662762e-01 7.346956060970253992e-03 7.321802622588862060e-03
1.584999999999996234e+01 6.845879524039972797e-01 6.819040997074365951e-01 2.991125926074545971e-01 2.979399541825075159e-01 7.335685900857266163e-03 7.306927141201911662e-03
1.589999999999996128e+01 6.847446665242014063e-01 6.826635162391779810e-01 2.991851623069872179e-01 2.982758463002330718e-01 7.323994181321606504e-03 7.301734303555286638e-03
1.594999999999996021e+01 6.848057796675289799e-01 6.848551876483162104e-01 2.992145949561290097e-01 2.992361829587391053e-01 7.311291263436272073e-03 7.311818765027233713e-03
1.599999999999996092e+01 6.847549087975726145e-01 6.871593695898161602e-01 2.991901242002124039e-01 3.002407058226634895e-01 7.297320102444214938e-03 7.322944044455216919e-03
1.604999999999996163e+01 6.846091279084882686e-01 6.879367472996359423e-01 2.991215740697289460e-01 3.005754880034007259e-01 7.282326818496149753e-03 7.317723384136363279e-03
1.609999999999995879e+01 6.844305050424468462e-01 6.876071414387514569e-01 2.990438700805420069e-01 3.004318176293303555e-01 7.267165737072721343e-03 7.300894717602207304e-03
1.614999999999995950e+01 6.842804410045647545e-01 6.868349743114039452e-01 2.989867478225939346e-01 3.001029153466796551e-01 7.252559073925879743e-03 7.279634089670833363e-03
1.619999999999996021e+01 6.842002616109721380e-01 6.853205461653912867e-01 2.989601205475136414e-01 2.994496269453160719e-01 7.238743838922858873e-03 7.250596294075459941e-03
1.624999999999996092e+01 6.842240555411482905e-01 6.835831131129344040e-01 2.989688069811343718e-01 2.986887498981439792e-01 7.225832192897517145e-03 7.219063441646994539e-03
1.629999999999996163e+01 6.843417574442661744e-01 6.826319114515038144e-01 2.990104789945882136e-01 2.982633933992093755e-01 7.213763063801896698e-03 7.195739285867545389e-03
1.634999999999995879e+01 6.845023454609210356e-01 6.824275068107330533e-01 2.990762149246009027e-01 2.981696659636040581e-01 7.202317036113218066e-03 7.180485634283070850e-03
1.639999999999995950e+01 6.846711012675940067e-01 6.828448257421700918e-01 2.991585950018154083e-01 2.983606264308321654e-01 7.191312379851343140e-03 7.172130443048861138e-03
1.644999999999996021e+01 6.847998416535251431e-01 6.841347422963401925e-01 2.992275513452183899e-01 2.989369320431297661e-01 7.180025227239803833e-03 7.173051758683388415e-03
1.649999999999995737e+01 6.848081361121418631e-01 6.857657987074239347e-01 2.992328896490390466e-01 2.996513486751276600e-01 7.167254841893161595e-03 7.177277812577919150e-03
1.654999999999995808e+01 6.846891060278342822e-01 6.868967255985448661e-01 2.991701249570890564e-01 3.001347289167733967e-01 7.152901971478529269e-03 7.175964827657473760e-03
1.659999999999995879e+01 6.845264756763446146e-01 6.872778074595385922e-01 2.990903836057537957e-01 3.002925239285939574e-01 7.138195312786498048e-03 7.166886012615618536e-03
1.664999999999995950e+01 6.843773524762108984e-01 6.868035282265905206e-01 2.990305808841257074e-01 3.000906696514380467e-01 7.124016221182278598e-03 7.149271462809731956e-03
1.669999999999996021e+01 6.842656757219326424e-01 6.856603125072722182e-01 2.989951741105489891e-01 2.996045714298192220e-01 7.110467874210450213e-03 7.124960081565270657e-03
1.674999999999995737e+01 6.842392418045483149e-01 6.844802654066800551e-01 2.989890640479766493e-01 2.990943830896393152e-01 7.097663241495005132e-03 7.100163396786700332e-03
1.679999999999995808e+01 6.843153813829310206e-01 6.834906590306156771e-01 2.990144106434911020e-01 2.986540448314239926e-01 7.085649541314965362e-03 7.077110067095365893e-03
1.684999999999995879e+01 6.844528667933640342e-01 6.828756941294882310e-01 2.990645732923629119e-01 2.983754440730783664e-01 7.074265482965426052e-03 7.057964377837465213e-03
1.689999999999995595e+01 6.846145896132845854e-01 6.832611746009017439e-01 2.991361852847554959e-01 2.985448227721043679e-01 7.063428223961179531e-03 7.049464528266937216e-03
1.694999999999995666e+01 6.847616755892427243e-01 6.843405689934790592e-01 2.992106358470654204e-01 2.990266308468302325e-01 7.052696189677451488e-03 7.048359006407323157e-03
1.699999999999995737e+01 6.848265255071520619e-01 6.850799415764933231e-01 2.992458627779858160e-01 2.993565969675758831e-01 7.041079124187912125e-03 7.043684634531207668e-03
1.704999999999995808e+01 6.847748085713686317e-01 6.856580585079443679e-01 2.992200073223366674e-01 2.996059532554836702e-01 7.028068287077793991e-03 7.037133370651417648e-03
1.709999999999995879e+01 6.846374899520432100e-01 6.865039234431516979e-01 2.991527192207482644e-01 2.999682583378785461e-01 7.014131751951904227e-03 7.033253419410996979e-03
1.714999999999995595e+01 6.844698779077491579e-01 6.867414428737855792e-01 2.990776494330741331e-01 3.000702048873088446e-01 7.000062011306601960e-03 7.023293268281083010e-03
1.719999999999995666e+01 6.843325106449916762e-01 6.859459477714509035e-01 2.990223260207673928e-01 2.997273250014345081e-01 6.986502944410464232e-03 7.002974883211097491e-03
1.724999999999995737e+01 6.842721054865398278e-01 6.849564348649582746e-01 2.990007532514855626e-01 2.992997790308189465e-01 6.973778501492384867e-03 6.980752863692580787e-03
1.729999999999995453e+01 6.842976314133103477e-01 6.840894467941310841e-01 2.990124689933869595e-01 2.989215001018847850e-01 6.961873550486320089e-03 6.959755532057863674e-03
1.734999999999995524e+01 6.844046846692015684e-01 6.833268111701883418e-01 2.990572926337456972e-01 2.985863053105476395e-01 6.950779607989451131e-03 6.939832778862245477e-03
1.739999999999995595e+01 6.845727242182215733e-01 6.833278325368680184e-01 2.991294035575566834e-01 2.985854384053336918e-01 6.940357391126614900e-03 6.927736389914945260e-03
1.744999999999995666e+01 6.847304821733876112e-01 6.841344873449602959e-01 2.991979545456189271e-01 2.989375302790969746e-01 6.929888929834844037e-03 6.923857099689575446e-03
1.749999999999995737e+01 6.848118252132979755e-01 6.848784003609973414e-01 2.992334693297934445e-01 2.992625598210550963e-01 6.918692932480783285e-03 6.919365544995503825e-03
1.754999999999995453e+01 6.848131595063087218e-01 6.853908785118765223e-01 2.992355972450382318e-01 2.994880370372225986e-01 6.906765083555422603e-03 6.912591737731634510e-03
1.759999999999995524e+01 6.847379845684679056e-01 6.859826269010039779e-01 2.992063642242202004e-01 2.997502290534984626e-01 6.894155857700937085e-03 6.906687305380159424e-03
1.764999999999995595e+01 6.845868486655506402e-01 6.863948924737174329e-01 2.991426158688906822e-01 2.999326733399549916e-01 6.880796224701348461e-03 6.898968909487186198e-03
1.769999999999995310e+01 6.844224276374273330e-01 6.862900433732759264e-01 2.990679589300238028e-01 2.998840397649460421e-01 6.867232122388617493e-03 6.885971062340907889e-03
1.774999999999995381e+01 6.843243496877127185e-01 6.855865709617016135e-01 2.990196374338438545e-01 2.995711726055525492e-01 6.854318336592420471e-03 6.866960976631588179e-03
1.779999999999995453e+01 6.843110652480273171e-01 6.844248405533559509e-01 2.990132386870694159e-01 2.990629533917652516e-01 6.842408207942102250e-03 6.843545844205165332e-03
1.784999999999995524e+01 6.843801950739298867e-01 6.835343774187750965e-01 2.990504406443854624e-01 2.986808476253304256e-01 6.831534909066496776e-03 6.823091893211442188e-03
1.789999999999995595e+01 6.845256694217768390e-01 6.834534096680311421e-01 2.991211306183861884e-01 2.986525790882033071e-01 6.821462499849181502e-03 6.810777174189366553e-03
1.794999999999995310e+01 6.846864112221552334e-01 6.837606541933796134e-01 2.991895124982457688e-01 2.987849816216407994e-01 6.811371940768270669e-03 6.802162359058424972e-03
1.799999999999995381e+01 6.847890087321054642e-01 6.842593486627576160e-01 2.992253209528130675e-01 2.989938807541160370e-01 6.800575476200308028e-03 6.795315471684466348e-03
1.804999999999995453e+01 6.848185189254779592e-01 6.852142773522155172e-01 2.992338165089658553e-01 2.994067445200746524e-01 6.789196063731510467e-03 6.793119558027796087e-03
1.809999999999995168e+01 6.847822337605392606e-01 6.860682737450959356e-01 2.992249991122188923e-01 2.997869519408196126e-01 6.777463173549703318e-03 6.790191436938168047e-03
1.814999999999995239e+01 6.846802169928332127e-01 6.862248687109105960e-01 2.991911201238577345e-01 2.998661010364983559e-01 6.765203394547386964e-03 6.780465823323885040e-03
1.819999999999995310e+01 6.845398399703170877e-01 6.861359118168780524e-01 2.991311717110018975e-01 2.998286254072213275e-01 6.752396652618564143e-03 6.768140528379725136e-03
1.824999999999995381e+01 6.844133938439638243e-01 6.858879334352897539e-01 2.990666795877245931e-01 2.997110060481138483e-01 6.739530807610706262e-03 6.754050840520886556e-03
1.829999999999995453e+01 6.843513689555505985e-01 6.849779602972275727e-01 2.990320432162042463e-01 2.993058366177564489e-01 6.727380049858373325e-03 6.733539631445599992e-03
1.834999999999995168e+01 6.843867971343831069e-01 6.839617960543753483e-01 2.990518693621411206e-01 2.988661595150350347e-01 6.716493416331086388e-03 6.712322504548804379e-03
1.839999999999995239e+01 6.845014965816454966e-01 6.836628352267014597e-01 2.991132296096923326e-01 2.987467516579582760e-01 6.706574654925847798e-03 6.698357660492348584e-03
1.844999999999995310e+01 6.846356307847873968e-01 6.837382974647608913e-01 2.991765665414780617e-01 2.987844439442053357e-01 6.696733442450555213e-03 6.687956215874780834e-03
1.849999999999995026e+01 6.847488799691768824e-01 6.839542823459342502e-01 2.992196654142919021e-01 2.988724443498684824e-01 6.686472970151785024e-03 6.678713840220535693e-03
1.854999999999995097e+01 6.848175695956880693e-01 6.847336077050394376e-01 2.992415961582768347e-01 2.992049077155591874e-01 6.675774593603509867e-03 6.674956111892017471e-03
1.859999999999995168e+01 6.848105690422680025e-01 6.857446695141137250e-01 2.992394243502709550e-01 2.996475951643857716e-01 6.664575152567292840e-03 6.673665816578758236e-03
1.864999999999995239e+01 6.847328457143914138e-01 6.862073113132629576e-01 2.992140319736048548e-01 2.998583428163020814e-01 6.652896764282497689e-03 6.667222741885548212e-03
1.869999999999995310e+01 6.846259416295661371e-01 6.860857351185627451e-01 2.991733076694682580e-01 2.998112198782547644e-01 6.640916929399972093e-03 6.655077022824755668e-03
1.874999999999995026e+01 6.845120299117446461e-01 6.856437587945937162e-01 2.991213095694096324e-01 2.996158578179758392e-01 6.628727081870584154e-03 6.639686599844350084e-03
1.879999999999995097e+01 6.844194461538540830e-01 6.850554792441341245e-01 2.990753421568583814e-01 2.993532737895253648e-01 6.616711109665019200e-03 6.622860039591280286e-03
1.884999999999995168e+01 6.844069891291978402e-01 6.845860714901819133e-01 2.990687407728790381e-01 2.991469952867060744e-01 6.605604434519702500e-03 6.607332861108924232e-03
1.889999999999994884e+01 6.844848391912973229e-01 6.842058562775207298e-01 2.991068381246588803e-01 2.989849279048077957e-01 6.595520135053128952e-03 6.592831927338661975e-03
1.894999999999994955e+01 6.845983981305274746e-01 6.838474503903427815e-01 2.991607132793709933e-01 2.988325587551964313e-01 6.585816472853527580e-03 6.578592377659810836e-03
1.899999999999995026e+01 6.847110962093980735e-01 6.839425084885875084e-01 2.992109607151329786e-01 2.988750966235318440e-01 6.576065070662273637e-03 6.568683442275435533e-03
1.904999999999995097e+01 6.848045457694786897e-01 6.845811387545976956e-01 2.992508783196822231e-01 2.991532522950903772e-01 6.566119107398414416e-03 6.563977011411758176e-03
1.909999999999995168e+01 6.848372552064724283e-01 6.852450910440044396e-01 2.992646379453334227e-01 2.994428567021727439e-01 6.555632813698442432e-03 6.559536839039939449e-03
1.914999999999994884e+01 6.847891461568960114e-01 6.857996244965696153e-01 2.992435787554814652e-01 2.996851440990850879e-01 6.544419436970628189e-03 6.554076415507612517e-03
1.919999999999994955e+01 6.846895701291830783e-01 6.861564744662357329e-01 2.992002536988489503e-01 2.998412714227136622e-01 6.532756630979245221e-03 6.546752651150964178e-03
1.924999999999995026e+01 6.845760029450641548e-01 6.858121422777644360e-01 2.991523208128035183e-01 2.996925003525980902e-01 6.521031516355400327e-03 6.532806547195608646e-03
1.929999999999994742e+01 6.844828754391137915e-01 6.850498408694912778e-01 2.991152369918084197e-01 2.993629977542157095e-01 6.509580783282022630e-03 6.514972747643443633e-03
1.934999999999994813e+01 6.844444902613499027e-01 6.847087898856930588e-01 2.991009356477100090e-01 2.992164340790031130e-01 6.498662371487463722e-03 6.501171843107085915e-03
1.939999999999994884e+01 6.844712172745371914e-01 6.845370203365175321e-01 2.991106401478107468e-01 2.991393957703933904e-01 6.488300220126056936e-03 6.488923986342600217e-03
1.944999999999994955e+01 6.845539200758822274e-01 6.840400071713499397e-01 2.991424575203875946e-01 2.989178832907984917e-01 6.478450623072833092e-03 6.473587077223583695e-03
1.949999999999995026e+01 6.846738080144676442e-01 6.838331397321035787e-01 2.991945914371597626e-01 2.988272290518430019e-01 6.469072247289950860e-03 6.461129276796615493e-03
1.954999999999994742e+01 6.847859182225443098e-01 6.843169105702230359e-01 2.992497128276013774e-01 2.990447576707614408e-01 6.459788728064801318e-03 6.455364439735822302e-03
1.959999999999994813e+01 6.848432138047962914e-01 6.849556267772479723e-01 2.992810149841577116e-01 2.993301401967823905e-01 6.450021874658582767e-03 6.451080607689286574e-03
1.964999999999994884e+01 6.848328343399827656e-01 6.855200311425594384e-01 2.992752557655268264e-01 2.995755640868277281e-01 6.439489096622427571e-03 6.445950814132936184e-03
1.969999999999994600e+01 6.847571581255780249e-01 6.860415004437008246e-01 2.992349439124708521e-01 2.997961941264589703e-01 6.428247989526774536e-03 6.440304922158099007e-03
1.974999999999994671e+01 6.846355137947913727e-01 6.861335207310844675e-01 2.991782509452612926e-01 2.998328636348951415e-01 6.416691709281754398e-03 6.430731659729665289e-03
1.979999999999994742e+01 6.845273586887600237e-01 6.856911667094693907e-01 2.991367891089947717e-01 2.996453703804886626e-01 6.405498696124096655e-03 6.416389087376642153e-03
1.984999999999994813e+01 6.844777880324616204e-01 6.850690306467508428e-01 2.991239446480581377e-01 2.993823238476791548e-01 6.394953386382867637e-03 6.400477260239009064e-03
1.989999999999994884e+01 6.844770964055143514e-01 6.844122597436882449e-01 2.991249119503684994e-01 2.990965775314935460e-01 6.384736647820042632e-03 6.384131857662626169e-03
1.994999999999994600e+01 6.845212237012584522e-01 6.838771197026154436e-01 2.991367912139577534e-01 2.988553168101104607e-01 6.374785108448764726e-03 6.368786719448289550e-03
1.999999999999994671e+01 6.846224749961676848e-01 6.837405323324151629e-01 2.991748818168384894e-01 2.987894794939029985e-01 6.365423017379552920e-03 6.357222967955393836e-03
2.004999999999994742e+01 6.847448212041544746e-01 6.839530424108426487e-01 2.992316365484114504e-01 2.988856313552792354e-01 6.356487234167009642e-03 6.349137150404243236e-03
2.009999999999994458e+01 6.848263603003694744e-01 6.844638635140027905e-01 2.992760712997274419e-01 2.991176565242871233e-01 6.347318585360083552e-03 6.343958781002918823e-03
2.014999999999994529e+01 6.848438849578948329e-01 6.852966725652964719e-01 2.992874043295070674e-01 2.994852795397677792e-01 6.337478122382373888e-03 6.341668174478947741e-03
2.019999999999994600e+01 6.847974458518066854e-01 6.859840714482497992e-01 2.992620050444709801e-01 2.997805699973337124e-01 6.326892284238297588e-03 6.337855602480639040e-03
2.024999999999994671e+01 6.846968985058962121e-01 6.861776824626615312e-01 2.992115282347254102e-01 2.998586286256517131e-01 6.315810622368884554e-03 6.329469733523001782e-03
2.029999999999994742e+01 6.845845848699543268e-01 6.861569289447506659e-01 2.991627627290420754e-01 2.998498754800048571e-01 6.304800057514069189e-03 6.319280832033833360e-03
2.034999999999994458e+01 6.845071135398392848e-01 6.858013700767098264e-01 2.991351073527898086e-01 2.997007078563356242e-01 6.294268434566866431e-03 6.306169549844000549e-03
2.039999999999994529e+01 6.844806325114707324e-01 6.847612826187713386e-01 2.991278356949647055e-01 2.992504838097497233e-01 6.284198228885823877e-03 6.286774869952736766e-03
2.044999999999994600e+01 6.845089766216312377e-01 6.837349861651066396e-01 2.991384070614251378e-01 2.988001642039125327e-01 6.274533970874161121e-03 6.267439207213698106e-03
2.049999999999994316e+01 6.845872714661694891e-01 6.835261098667775315e-01 2.991683198557413270e-01 2.987045865290821611e-01 6.265305127868939922e-03 6.255593435164035279e-03
2.054999999999994387e+01 6.846889399414991528e-01 6.837882463569857627e-01 2.992114593384449517e-01 2.988178530946197231e-01 6.256381794844651997e-03 6.248151659061583485e-03
2.059999999999994458e+01 6.847812692905661525e-01 6.841716056633619925e-01 2.992541199656760798e-01 2.989876927714523180e-01 6.247476408469239406e-03 6.241914254101311489e-03
2.064999999999994529e+01 6.848315640275594030e-01 6.848841557726786933e-01 2.992786041945670883e-01 2.993015873409321514e-01 6.238219993633509382e-03 6.238699058695834979e-03
2.069999999999994600e+01 6.848124567617381864e-01 6.856571273894156437e-01 2.992708638262449039e-01 2.996399945362629991e-01 6.228321827809477421e-03 6.236004048621508582e-03
2.074999999999994316e+01 6.847358469881400511e-01 6.860512713779561844e-01 2.992369448279988964e-01 2.998117994632457650e-01 6.217910541880507583e-03 6.229855573262260866e-03
2.079999999999994387e+01 6.846412858779669097e-01 6.861812517692653657e-01 2.991950719555805938e-01 2.998680524128799485e-01 6.207366638082595194e-03 6.221328888234034862e-03
2.084999999999994458e+01 6.845498490184074303e-01 6.860019249659945473e-01 2.991541070415708603e-01 2.997886765825324984e-01 6.196874304330840695e-03 6.210019193838072979e-03
2.089999999999994174e+01 6.844845961194007122e-01 6.852474043029463946e-01 2.991245628296305137e-01 2.994579153487662015e-01 6.186650730705916916e-03 6.193545301939332864e-03
2.094999999999994245e+01 6.844868250291286094e-01 6.842708821078099524e-01 2.991264836987777009e-01 2.990321148309313948e-01 6.177108594708894708e-03 6.175159831304738098e-03
2.099999999999994316e+01 6.845568093656376751e-01 6.836657682556128712e-01 2.991603557532932500e-01 2.987709590343958777e-01 6.168254757799872083e-03 6.160225959472090396e-03
2.104999999999994387e+01 6.846488633257805656e-01 6.836127509329863461e-01 2.992027804359563836e-01 2.987499823296946300e-01 6.159604332186451904e-03 6.150282703647867374e-03
2.109999999999994458e+01 6.847359671247857937e-01 6.840621788539543724e-01 2.992385368172031379e-01 2.989440825662678103e-01 6.150843511144987036e-03 6.144791008556388379e-03
2.114999999999994174e+01 6.848031402777171595e-01 6.847156024841003497e-01 2.992632146002587312e-01 2.992249600421588163e-01 6.141882290410657745e-03 6.141097178905271549e-03
2.119999999999994245e+01 6.848176205037725950e-01 6.852135455252257312e-01 2.992687413034573751e-01 2.994417625273179118e-01 6.132556174251187209e-03 6.136101691133574558e-03
2.124999999999994316e+01 6.847699010515101437e-01 6.856655434134170113e-01 2.992531680353955892e-01 2.996445751545107061e-01 6.122826967476135279e-03 6.130835297279002040e-03
2.129999999999994031e+01 6.846865242386197536e-01 6.860811966733191269e-01 2.992222471307136589e-01 2.998317479827803389e-01 6.112814037399677373e-03 6.125265535909721511e-03
2.134999999999994102e+01 6.845891885177255443e-01 6.859559531500368790e-01 2.991784211792158921e-01 2.997757231694851976e-01 6.102568509519967939e-03 6.114752129923217358e-03
2.139999999999994174e+01 6.845026625797714370e-01 6.853164945072234282e-01 2.991338369106102402e-01 2.994894888026592428e-01 6.092338837283315690e-03 6.099582256673315508e-03
2.144999999999994245e+01 6.844699125459183797e-01 6.847439195458812078e-01 2.991160539027472032e-01 2.992357960434437469e-01 6.082685386939456172e-03 6.085120407594189589e-03
2.149999999999994316e+01 6.845100722915056224e-01 6.842408857325215088e-01 2.991385106909508762e-01 2.990208731723633662e-01 6.073878389663987278e-03 6.071489810606373050e-03
2.154999999999994031e+01 6.846001478266039442e-01 6.837425891464774530e-01 2.991855680166295439e-01 2.988107957037170470e-01 6.065596918735531584e-03 6.057998899213737527e-03
2.159999999999994102e+01 6.847028624658244578e-01 6.837886560932078250e-01 2.992315849167503927e-01 2.988320547894278700e-01 6.057319532727751046e-03 6.049231878328510149e-03
2.164999999999994174e+01 6.847815635069749440e-01 6.844059722505624332e-01 2.992595096047783176e-01 2.990953707593482225e-01 6.048701558459401197e-03 6.045383946626554580e-03
2.169999999999993889e+01 6.848136804848067305e-01 6.849718917167798571e-01 2.992681295383939899e-01 2.993372688982137708e-01 6.039720071410585936e-03 6.041115416714718835e-03
2.174999999999993960e+01 6.847985248374492961e-01 6.854359862882646315e-01 2.992642973230199566e-01 2.995428748114776774e-01 6.030514807516785918e-03 6.036128459677143551e-03
2.179999999999994031e+01 6.847354324678218696e-01 6.859225502930671459e-01 2.992443579704366918e-01 2.997631544202866705e-01 6.021013238841795706e-03 6.031451799200949516e-03
2.184999999999994102e+01 6.846311883084988947e-01 6.859798015586718867e-01 2.992021261450903413e-01 2.997915061772740142e-01 6.011092438876763054e-03 6.022933323501246036e-03
2.189999999999994174e+01 6.845295717180929218e-01 6.854971032221719440e-01 2.991535736592219052e-01 2.995764049276310459e-01 6.001074697276277854e-03 6.009556768859209905e-03
2.194999999999993889e+01 6.844769314214734779e-01 6.849624260632664052e-01 2.991251799650060939e-01 2.993373473375379179e-01 5.991490835553462714e-03 5.995740557587149466e-03
2.199999999999993960e+01 6.844823701383798698e-01 6.845101187267271792e-01 2.991279481376158955e-01 2.991400746417570700e-01 5.982558962752329047e-03 5.982801492835152293e-03
2.204999999999994031e+01 6.845441547573500873e-01 6.840499178645375045e-01 2.991603373576471325e-01 2.989443453364446501e-01 5.974245379084326853e-03 5.969932008715829984e-03
2.209999999999993747e+01 6.846513142029857502e-01 6.837960065325491277e-01 2.992110485393126851e-01 2.988372560706704650e-01 5.966322004771948927e-03 5.958868515865823126e-03
2.214999999999993818e+01 6.847549501524409221e-01 6.839285113944515437e-01 2.992551867595814041e-01 2.988940121746990197e-01 5.958291423784608208e-03 5.951100292179184459e-03
2.219999999999993889e+01 6.848096872779495525e-01 6.844687092845580523e-01 2.992758914044271190e-01 2.991268770215740336e-01 5.949818914600947008e-03 5.946856402019374752e-03
2.224999999999993960e+01 6.848142856755483621e-01 6.852974278938332997e-01 2.992771064024515315e-01 2.994882489093964040e-01 5.940984742480438091e-03 5.945176157010361243e-03
2.229999999999994031e+01 6.847719067335694687e-01 6.859060598790800434e-01 2.992606881930834906e-01 2.997563385658635893e-01 5.931827317999683637e-03 5.941651904179665218e-03
2.234999999999993747e+01 6.846807908936237697e-01 6.859399465939191032e-01 2.992231722848799347e-01 2.997734558156202045e-01 5.922279510833854295e-03 5.933170822674334668e-03
2.239999999999993818e+01 6.845753330253994129e-01 6.856845724107922813e-01 2.991780028002033465e-01 2.996627705210654913e-01 5.912608750992171848e-03 5.922189140732530242e-03
2.244999999999993889e+01 6.845040741930065176e-01 6.853057784808652686e-01 2.991470331711318931e-01 2.994973999085048799e-01 5.903246831201428881e-03 5.910160827005533739e-03
2.249999999999993605e+01 6.844848121507901562e-01 6.846935128483981892e-01 2.991385797305429195e-01 2.992297876421912139e-01 5.894356250848147710e-03 5.896153451077671206e-03
2.254999999999993676e+01 6.845188234470124256e-01 6.841705190469853370e-01 2.991527848482371521e-01 2.990005666364452530e-01 5.885937724510333612e-03 5.882942776909903110e-03
2.259999999999993747e+01 6.846008487005661447e-01 6.840048365627640070e-01 2.991878851806976103e-01 2.989274128026842003e-01 5.877954522214109100e-03 5.872837186693216985e-03
2.264999999999993818e+01 6.847030424332574139e-01 6.839450962271261814e-01 2.992336369859491807e-01 2.989023941173701848e-01 5.870203766276600385e-03 5.863705622704672854e-03
2.269999999999993889e+01 6.847876797926236714e-01 6.841135021062288990e-01 2.992738726454484688e-01 2.989792356754614744e-01 5.862367730567071521e-03 5.856596193446856127e-03
2.274999999999993605e+01 6.848250362547910752e-01 6.848524327164104974e-01 2.992924845707605197e-01 2.993044577823582575e-01 5.854131727545449498e-03 5.854365922393326913e-03
2.279999999999993676e+01 6.847980730860695475e-01 6.856385573226208008e-01 2.992789816963962179e-01 2.996463005840113158e-01 5.845292611257749474e-03 5.852466808281482288e-03
2.284999999999993747e+01 6.847200388068946930e-01 6.858261821144137071e-01 2.992410259401174777e-01 2.997244402400049967e-01 5.836002456170025221e-03 5.845430331350668675e-03
2.289999999999993463e+01 6.846280863472672396e-01 6.856576419920854537e-01 2.992003009063364249e-01 2.996502435319347013e-01 5.826685509373651616e-03 5.835447780563491130e-03
2.294999999999993534e+01 6.845491681876999523e-01 6.854105974520728894e-01 2.991705078687125763e-01 2.995469807978926591e-01 5.817608320247216920e-03 5.824929135593450921e-03
2.299999999999993605e+01 6.845037083180024462e-01 6.849517583059353543e-01 2.991555594152994768e-01 2.993513752204693956e-01 5.808845813889321370e-03 5.812648062533397851e-03
2.304999999999993676e+01 6.845141990168696067e-01 6.844502374540261114e-01 2.991592577632977701e-01 2.991313040792206168e-01 5.800470339569526422e-03 5.799928338908796194e-03
2.309999999999993747e+01 6.845751406585640630e-01 6.842023921078156379e-01 2.991802918342240103e-01 2.990173893074299372e-01 5.792454827380920553e-03 5.789300857839892699e-03
2.314999999999993463e+01 6.846582730888005619e-01 6.841706123767413716e-01 2.992137267181926852e-01 2.990006061224669276e-01 5.784702304846655804e-03 5.780582042000338358e-03
2.319999999999993534e+01 6.847470738466711060e-01 6.843405099080566156e-01 2.992566373722145290e-01 2.990789557700674894e-01 5.777155161625773493e-03 5.773725014866178118e-03
2.324999999999993605e+01 6.848164378102362670e-01 6.847193992105243820e-01 2.992934009729818490e-01 2.992509910497821446e-01 5.769511344057492302e-03 5.768693803369305192e-03
2.329999999999993321e+01 6.848232454893001808e-01 6.850958985573005755e-01 2.992973824890172718e-01 2.994165436742101116e-01 5.761258565717379196e-03 5.763552332516085758e-03
2.334999999999993392e+01 6.847627921462756673e-01 6.853718600308570386e-01 2.992656420919082016e-01 2.995318263730160080e-01 5.752342952271192154e-03 5.757459420913341869e-03
2.339999999999993463e+01 6.846760640426116096e-01 6.855225192681001500e-01 2.992231971292911297e-01 2.995931224883024990e-01 5.743247545667786932e-03 5.750347840466469261e-03
2.344999999999993534e+01 6.845937311276554249e-01 6.853604344599626419e-01 2.991893150335450668e-01 2.995243888655082509e-01 5.734342406009499370e-03 5.740764520661405246e-03
2.349999999999993605e+01 6.845326574576733325e-01 6.849863144955361527e-01 2.991686584103452340e-01 2.993669250173759400e-01 5.725715950437240340e-03 5.729510526648354425e-03
2.354999999999993321e+01 6.845170080454386907e-01 6.847213723771082838e-01 2.991644176811427691e-01 2.992537339955076980e-01 5.717427953772447925e-03 5.719134906746454680e-03
2.359999999999993392e+01 6.845545630447492647e-01 6.845008360903771516e-01 2.991774495628137798e-01 2.991539687563893324e-01 5.709493312267449258e-03 5.709045205274616147e-03
2.364999999999993463e+01 6.846282455838768044e-01 6.843174426299279967e-01 2.992052089767813783e-01 2.990693777963024935e-01 5.701862010038721840e-03 5.699273516842364405e-03
2.369999999999993179e+01 6.847174876543867805e-01 6.845099861375570915e-01 2.992442178264266284e-01 2.991535327917648202e-01 5.694466561873019923e-03 5.692740871394203275e-03
2.374999999999993250e+01 6.847949970573432577e-01 6.848940241003477203e-01 2.992819498821119861e-01 2.993252285372551835e-01 5.687067931251545139e-03 5.687890328498921774e-03
2.379999999999993321e+01 6.848282325765897571e-01 6.849695917816628343e-01 2.992992325078419613e-01 2.993610125273763467e-01 5.679302324626992610e-03 5.680474621012844040e-03
2.384999999999993392e+01 6.848047367151134379e-01 6.849669939173246291e-01 2.992880000645943284e-01 2.993589131744813781e-01 5.671018475880528452e-03 5.672362163419837795e-03
2.389999999999993463e+01 6.847344878313376126e-01 6.852158028116895894e-01 2.992547936841739586e-01 2.994651464817941200e-01 5.662342359208600261e-03 5.666322544594033610e-03
2.394999999999993179e+01 6.846417728572096184e-01 6.853366012854726907e-01 2.992133693393755900e-01 2.995170346478269741e-01 5.653535556719436507e-03 5.659273210162070293e-03
2.399999999999993250e+01 6.845647497800232406e-01 6.851097820580087649e-01 2.991806762776672013e-01 2.994188759886123874e-01 5.644918420333353698e-03 5.649412754502131269e-03
2.404999999999993321e+01 6.845310283536440998e-01 6.848376987055899701e-01 2.991671061080517502e-01 2.993011331687993604e-01 5.636685937033486180e-03 5.639211176048985162e-03
2.409999999999993037e+01 6.845427330060600557e-01 6.846092841887734259e-01 2.991728379669411630e-01 2.992019235232438179e-01 5.628839848860616411e-03 5.629387084162641719e-03
2.414999999999993108e+01 6.845993173025641809e-01 6.844248844169666945e-01 2.991979863320128885e-01 2.991217520051565604e-01 5.621380673217725964e-03 5.619948370223713276e-03
2.419999999999993179e+01 6.846909419293583099e-01 6.845012648427775126e-01 2.992379575300545547e-01 2.991550608820884305e-01 5.614220591558257735e-03 5.612665307356266495e-03
2.424999999999993250e+01 6.847759701461533233e-01 6.847681897873880708e-01 2.992738484361423534e-01 2.992704481154369045e-01 5.607004186157244635e-03 5.606940479914519077e-03
2.429999999999993321e+01 6.848188575989024862e-01 6.849406265282900197e-01 2.992910771121741753e-01 2.993442946216379186e-01 5.599458879554251346e-03 5.600454529871626980e-03
2.434999999999993037e+01 6.848203649692554684e-01 6.850357182635934405e-01 2.992923292541026514e-01 2.993864467663320816e-01 5.591636230809962811e-03 5.593394614971184883e-03
2.439999999999993108e+01 6.847821075839728433e-01 6.851357509557627345e-01 2.992786114719696577e-01 2.994331685144119293e-01 5.583556184178549084e-03 5.586439711089785480e-03
2.444999999999993179e+01 6.847028917945419124e-01 6.851992577484609104e-01 2.992460804240970607e-01 2.994630147586037072e-01 5.575148214701400144e-03 5.579189841799800029e-03
2.449999999999992895e+01 6.846143908913947529e-01 6.852244033558154701e-01 2.992054875757923504e-01 2.994720888615273191e-01 5.566613722340334018e-03 5.571573746260984235e-03
2.454999999999992966e+01 6.845583364843460528e-01 6.850747670092545150e-01 2.991769457773478802e-01 2.994026447410648162e-01 5.558326907149994597e-03 5.562520106661688647e-03
2.459999999999993037e+01 6.845486455466872622e-01 6.846766607985079744e-01 2.991718410843843268e-01 2.992277882531111377e-01 5.550497979302132165e-03 5.551535960169049107e-03
2.464999999999993108e+01 6.845864248108876060e-01 6.844190433862353817e-01 2.991925051221728804e-01 2.991193525355342331e-01 5.543168228294089589e-03 5.541812923307731613e-03
2.469999999999993179e+01 6.846639210960310251e-01 6.845129536155680761e-01 2.992308208929463920e-01 2.991648408964617811e-01 5.536185400424550179e-03 5.534964678935473670e-03
2.474999999999992895e+01 6.847480653680515505e-01 6.846191774874390568e-01 2.992666935395211780e-01 2.992103635521593530e-01 5.529176785949593831e-03 5.528136047153070845e-03
2.479999999999992966e+01 6.848046122833323368e-01 6.847035475538938432e-01 2.992861487634722595e-01 2.992419795608896038e-01 5.521884663532709153e-03 5.521069733595759636e-03
2.484999999999993037e+01 6.848230537343795721e-01 6.850181449208744278e-01 2.992913976496838213e-01 2.993766592563963380e-01 5.514350947023204108e-03 5.515921865617631412e-03
2.489999999999992752e+01 6.848026815387564525e-01 6.852810031453265838e-01 2.992860666419415727e-01 2.994951122489163398e-01 5.506643360477316701e-03 5.510489645794239624e-03
2.494999999999992824e+01 6.847478741161946436e-01 6.852132764749625515e-01 2.992678795081681331e-01 2.994712828078225364e-01 5.498720799415135127e-03 5.502458113143282072e-03
2.499999999999992895e+01 6.846751184250119415e-01 6.851205660229717775e-01 2.992370355120281822e-01 2.994317182383350318e-01 5.490587807560161002e-03 5.494159967675883195e-03
2.504999999999992966e+01 6.846064881693876281e-01 6.850843904797814243e-01 2.992023652660769084e-01 2.994112290500271500e-01 5.482407059387585900e-03 5.486234155749477107e-03
2.509999999999993037e+01 6.845696282418591849e-01 6.848475840553077676e-01 2.991822452763719387e-01 2.993037222466090608e-01 5.474515009631702664e-03 5.476737827019390221e-03
2.514999999999992752e+01 6.845877512422116062e-01 6.845917135362408201e-01 2.991920167667073693e-01 2.991937484464510799e-01 5.467190804325407737e-03 5.467222447628170522e-03
2.519999999999992824e+01 6.846493203988748277e-01 6.845740604253606199e-01 2.992242872812971299e-01 2.991913950965470193e-01 5.460297213162367339e-03 5.459696990812912612e-03
2.524999999999992895e+01 6.847200947439386898e-01 6.846117991473380515e-01 2.992576515060723086e-01 2.992103207994727398e-01 5.453442396466020789e-03 5.452579877894729934e-03
2.529999999999992610e+01 6.847821082538037007e-01 6.846561680027889452e-01 2.992820211279194620e-01 2.992269793089076257e-01 5.446442604693723169e-03 5.445440933738093098e-03
2.534999999999992681e+01 6.848224810812711949e-01 6.848838493090162460e-01 2.992959979601641507e-01 2.993228184362340949e-01 5.439273020629981775e-03 5.439760444093315155e-03
2.539999999999992752e+01 6.848199649733227590e-01 6.851613262488586154e-01 2.992950329306209856e-01 2.994442221181861097e-01 5.431851777325255072e-03 5.434559385085057856e-03
2.544999999999992824e+01 6.847767949061853709e-01 6.852560625946336748e-01 2.992796069862886377e-01 2.994890694658980390e-01 5.424188617785033993e-03 5.427984947275009582e-03
2.549999999999992895e+01 6.847174237368814920e-01 6.851572409355276561e-01 2.992562236663789399e-01 2.994484460772708356e-01 5.416402238305511457e-03 5.419881376964188688e-03
2.554999999999992610e+01 6.846548830529735064e-01 6.849300316324699045e-01 2.992283773453527917e-01 2.993486310162306596e-01 5.408556300864950268e-03 5.410729887324559721e-03
2.559999999999992681e+01 6.846046835355650284e-01 6.847590892110333449e-01 2.992046419945209035e-01 2.992721245811310604e-01 5.400805812175477755e-03 5.402023909406708513e-03
2.564999999999992752e+01 6.845965984200745869e-01 6.847863750463797361e-01 2.992005808531161826e-01 2.992835220727393386e-01 5.393430930204898624e-03 5.394926040067415940e-03
2.569999999999992468e+01 6.846358772063346754e-01 6.847814429047406337e-01 2.992186936897290872e-01 2.992823128770565333e-01 5.386475133928527934e-03 5.387620393826411669e-03
2.574999999999992539e+01 6.846975378139011914e-01 6.846331281630142485e-01 2.992467785647582312e-01 2.992186283532094482e-01 5.379717367456338800e-03 5.379211296237484258e-03
2.579999999999992610e+01 6.847623836103192696e-01 6.846570781057921273e-01 2.992759575024779295e-01 2.992299336459519621e-01 5.372997441696203066e-03 5.372171160609561479e-03
2.584999999999992681e+01 6.848155266783177986e-01 6.848827127447921770e-01 2.992999722598039813e-01 2.993293360622422128e-01 5.366202998831099032e-03 5.366729467722864549e-03
2.589999999999992752e+01 6.848343246242732940e-01 6.850226514900876751e-01 2.993084621646342480e-01 2.993907708669939494e-01 5.359148830163559633e-03 5.360622575953348165e-03
2.594999999999992468e+01 6.848094525443600977e-01 6.851308584083573017e-01 2.992966391735583098e-01 2.994371099199062414e-01 5.351750365195510721e-03 5.354262135358191926e-03
2.599999999999992539e+01 6.847531787910423606e-01 6.852425503207609792e-01 2.992708160418535712e-01 2.994846954681675832e-01 5.344121715033110266e-03 5.347940990503003214e-03
2.604999999999992610e+01 6.846865711445249136e-01 6.850797336020325590e-01 2.992424170180584264e-01 2.994142487568768329e-01 5.336467534873990705e-03 5.339531854781585582e-03
2.609999999999992326e+01 6.846347159285286477e-01 6.847782446605652495e-01 2.992226775478680212e-01 2.992854074248459950e-01 5.328988024004784052e-03 5.330105207922468218e-03
2.614999999999992397e+01 6.846146211953496596e-01 6.847378988946678513e-01 2.992160089859436933e-01 2.992698884387701153e-01 5.321760942391183351e-03 5.322719225233805626e-03
2.619999999999992468e+01 6.846268310236622856e-01 6.847827662771209800e-01 2.992198639362035895e-01 2.992880162831588198e-01 5.314740034390838357e-03 5.315950555651144729e-03
2.624999999999992539e+01 6.846704333800227582e-01 6.846439679791435085e-01 2.992355010057347053e-01 2.992239342911442446e-01 5.307946802762488446e-03 5.307741628224298472e-03
2.629999999999992610e+01 6.847390654187135439e-01 6.845772768607111258e-01 2.992648271441307184e-01 2.991941175449713830e-01 5.301414121242361589e-03 5.300161515411372717e-03
2.634999999999992326e+01 6.848036935326030639e-01 6.847397981628123853e-01 2.992967905168013587e-01 2.992688647341459340e-01 5.294945431522370474e-03 5.294451388485564396e-03
2.639999999999992397e+01 6.848360885583850699e-01 6.849388210929457932e-01 2.993149378439612374e-01 2.993598381970681288e-01 5.288249785229007759e-03 5.289043077686726192e-03
2.644999999999992468e+01 6.848311513758328362e-01 6.851157826366311987e-01 2.993121368197269039e-01 2.994365376894947417e-01 5.281202237666123359e-03 5.283397224340456375e-03
2.649999999999992184e+01 6.847894402080282328e-01 6.852633374414284217e-01 2.992894667839968159e-01 2.994965851213526875e-01 5.273823203242245482e-03 5.277472865574507101e-03
2.654999999999992255e+01 6.847205406867721278e-01 6.852651529600686242e-01 2.992569462718882578e-01 2.994949689338715082e-01 5.266290299549298420e-03 5.270478995756658867e-03
2.659999999999992326e+01 6.846586379466952366e-01 6.851372870648164692e-01 2.992328859105972683e-01 2.994420814848816059e-01 5.258925938674830804e-03 5.262602486553290618e-03
2.664999999999992397e+01 6.846293359066873974e-01 6.849248557580216445e-01 2.992249445688095477e-01 2.993541048406482830e-01 5.251863880101977251e-03 5.254130844065798243e-03
2.669999999999992468e+01 6.846280219625463515e-01 6.846277767933560687e-01 2.992251986735591229e-01 2.992250915193128691e-01 5.244964043357751814e-03 5.244962165106283394e-03
2.674999999999992184e+01 6.846530031229592916e-01 6.844405364721395379e-01 2.992322035494412447e-01 2.991393435695455238e-01 5.238200499771411035e-03 5.236574942136474654e-03
2.679999999999992255e+01 6.847092232095498554e-01 6.844816797515466122e-01 2.992533469380238564e-01 2.991538986772539488e-01 5.231701869545882407e-03 5.229963263588366211e-03
2.684999999999992326e+01 6.847768452014058038e-01 6.845768658259154815e-01 2.992842635457352296e-01 2.991968618169277283e-01 5.225390895604292013e-03 5.223864894228342354e-03
2.689999999999992042e+01 6.848238777759841911e-01 6.847309585147240973e-01 2.993090607026248628e-01 2.992684494188897482e-01 5.218989724544472429e-03 5.218281594052142508e-03
2.694999999999992113e+01 6.848352627222686895e-01 6.850547601170330347e-01 2.993159279622696900e-01 2.994118620795317431e-01 5.212293042442669826e-03 5.213963640914798942e-03
2.699999999999992184e+01 6.848087597391494530e-01 6.852983158289195353e-01 2.993020829164765306e-01 2.995160479910886631e-01 5.205253615938732273e-03 5.208974747671117622e-03
2.704999999999992255e+01 6.847530336618258273e-01 6.853168389845064601e-01 2.992746712124478847e-01 2.995210850934799662e-01 5.197996894701666787e-03 5.202276771054807278e-03
2.709999999999992326e+01 6.846912266868140362e-01 6.853303859719043212e-01 2.992475144247350727e-01 2.995268619903673768e-01 5.190763476578242296e-03 5.195609054472991560e-03
2.714999999999992042e+01 6.846448250678601744e-01 6.852379575728009264e-01 2.992296180275069162e-01 2.994888514378748479e-01 5.183709277219706278e-03 5.188200111526643406e-03
2.719999999999992113e+01 6.846263091826252367e-01 6.847954088025807184e-01 2.992232931164864329e-01 2.992971999244328218e-01 5.176873583330226375e-03 5.178152247827568465e-03
2.724999999999992184e+01 6.846434044846413380e-01 6.843597575765176799e-01 2.992303289172010272e-01 2.991063581653348180e-01 5.170286460772381687e-03 5.168144417543592099e-03
2.729999999999991900e+01 6.846893260161752703e-01 6.843249732552454390e-01 2.992490400396804473e-01 2.990897967014229941e-01 5.163917860909078041e-03 5.161169917194540976e-03
2.734999999999991971e+01 6.847453308107107617e-01 6.844893111177438039e-01 2.992728968306466175e-01 2.991610015730781225e-01 5.157654404664320513e-03 5.155726007291317955e-03
2.739999999999992042e+01 6.847969462486626080e-01 6.846605155407020638e-01 2.992956358205198786e-01 2.992360077574740540e-01 5.151387879871264716e-03 5.150361579302489660e-03
2.744999999999992113e+01 6.848270368847921841e-01 6.849103066856110367e-01 2.993091446645289588e-01 2.993455383982998042e-01 5.144978851130719427e-03 5.145604441741305664e-03
2.749999999999992184e+01 6.848171894319378117e-01 6.851491649673474571e-01 2.993054368922619668e-01 2.994505297494458596e-01 5.138290762098927586e-03 5.140781626599939119e-03
2.754999999999991900e+01 6.847742654933124395e-01 6.852744640695093148e-01 2.992875860692598700e-01 2.995062029653218216e-01 5.131377386528255917e-03 5.135125640211272817e-03
2.759999999999991971e+01 6.847208840794952733e-01 6.853368952519738322e-01 2.992644851668014860e-01 2.995337193477285442e-01 5.124391869294556319e-03 5.129002043625498740e-03
2.764999999999992042e+01 6.846670961817410417e-01 6.852544131167626063e-01 2.992396255077445222e-01 2.994963174105251813e-01 5.117394194232494607e-03 5.121783965977354074e-03
2.769999999999991758e+01 6.846270597140621250e-01 6.849598474255658154e-01 2.992203975791746240e-01 2.993658444614336611e-01 5.110510633290781327e-03 5.112994781578723662e-03
2.774999999999991829e+01 6.846268657685097292e-01 6.846296714147431794e-01 2.992206791052310910e-01 2.992219053313891486e-01 5.103977468745956973e-03 5.103998385183621325e-03
2.779999999999991900e+01 6.846671606018827072e-01 6.844101823977872812e-01 2.992410192077348263e-01 2.991287041674748348e-01 5.097802712227180247e-03 5.095889338457844364e-03
2.784999999999991971e+01 6.847216401290119325e-01 6.843769037896065832e-01 2.992667977653110656e-01 2.991161261137655902e-01 5.091736244411938089e-03 5.089172711420947640e-03
2.789999999999992042e+01 6.847732123698029305e-01 6.846005373269186123e-01 2.992877461196574718e-01 2.992122765722767808e-01 5.085603162611012501e-03 5.084320757387890931e-03
2.794999999999991758e+01 6.848115636633725911e-01 6.848810724312676124e-01 2.993009956796031101e-01 2.993313749029447024e-01 5.079355039110797741e-03 5.079870596570985539e-03
2.799999999999991829e+01 6.848203191059163419e-01 6.849974351596787026e-01 2.993039509610053717e-01 2.993813603678099344e-01 5.072948321372983647e-03 5.074260345217128897e-03
2.804999999999991900e+01 6.847950572109583467e-01 6.851235814656757572e-01 2.992962595054131647e-01 2.994398441875137928e-01 5.066377647150466408e-03 5.068808196149207287e-03
2.809999999999991616e+01 6.847465620960295762e-01 6.853073419076699535e-01 2.992787338261635455e-01 2.995238310362455803e-01 5.059657376604635021e-03 5.063801031889200201e-03
2.814999999999991687e+01 6.846871036415395073e-01 6.852335720749405112e-01 2.992521182872553975e-01 2.994909599937847222e-01 5.052800646471186131e-03 5.056833431722842533e-03
2.819999999999991758e+01 6.846359059826742088e-01 6.849510028649751225e-01 2.992255796376031007e-01 2.993632952415096193e-01 5.045962557126538670e-03 5.048284911323950436e-03
2.824999999999991829e+01 6.846166776190568681e-01 6.847868870616379278e-01 2.992148694928992159e-01 2.992892603130665741e-01 5.039408328301471507e-03 5.040661226325342248e-03
2.829999999999991900e+01 6.846376016956988719e-01 6.846517951576811534e-01 2.992266813180297635e-01 2.992328846911936902e-01 5.033249475492521281e-03 5.033353821550787428e-03
2.834999999999991616e+01 6.846894869278655760e-01 6.844422340156968154e-01 2.992537878342171886e-01 2.991457222483827616e-01 5.027363088353092174e-03 5.025547622820384676e-03
2.839999999999991687e+01 6.847524361177608210e-01 6.844405225887120192e-01 2.992821243162990807e-01 2.991457974649395224e-01 5.021512152958048682e-03 5.019224789680203254e-03
2.844999999999991758e+01 6.848001146994818766e-01 6.846879328170277779e-01 2.992995223223745560e-01 2.992504919803652408e-01 5.015492623751573696e-03 5.014671000927790022e-03
2.849999999999991473e+01 6.848186720247785297e-01 6.849159087760158249e-01 2.993046096778613219e-01 2.993471076544269582e-01 5.009282170340786065e-03 5.009993433546905753e-03
2.854999999999991545e+01 6.848107015000286513e-01 6.851061833566796100e-01 2.993023735748142622e-01 2.994315164472171054e-01 5.002964873795485989e-03 5.005123551144467081e-03
2.859999999999991616e+01 6.847741987831179600e-01 6.852811791055162249e-01 2.992902586646338792e-01 2.995118415924049593e-01 4.996498475202578934e-03 5.000197689355685877e-03
2.864999999999991687e+01 6.847117488071915448e-01 6.852603310823175420e-01 2.992647825543811591e-01 2.995045496615832414e-01 4.989825469852134446e-03 4.993823254048917852e-03
2.869999999999991758e+01 6.846514628235836897e-01 6.850601461753608179e-01 2.992366375592860894e-01 2.994152584177122156e-01 4.983124688747488963e-03 4.986099224274984781e-03
2.874999999999991473e+01 6.846206244909588401e-01 6.848665674693686922e-01 2.992206589727838262e-01 2.993281509434270182e-01 4.976642976678327494e-03 4.978430784921873860e-03
2.879999999999991545e+01 6.846226995775390733e-01 6.846965913260377734e-01 2.992215651544972710e-01 2.992538603218228843e-01 4.970457892931858836e-03 4.970994357505374543e-03
2.884999999999991616e+01 6.846572535611171739e-01 6.845445778134003900e-01 2.992388432960562117e-01 2.991895968150777296e-01 4.964559822414878719e-03 4.963742792452564660e-03
2.889999999999991331e+01 6.847192345351834630e-01 6.844616573091528711e-01 2.992676256628113984e-01 2.991550473665243182e-01 4.958867036666314565e-03 4.957001613364125925e-03
2.894999999999991402e+01 6.847809570305081195e-01 6.844617694337923330e-01 2.992944862772843884e-01 2.991549802253062884e-01 4.953156578854530506e-03 4.950847831614512036e-03
2.899999999999991473e+01 6.848156900053996576e-01 6.846575883310367372e-01 2.993087887764099841e-01 2.992396881098398076e-01 4.947252707048109370e-03 4.946110547270089579e-03
2.904999999999991545e+01 6.848195332623757681e-01 6.850610488328247039e-01 2.993101408722166346e-01 2.994156986957056121e-01 4.941149663594177587e-03 4.942892260762794115e-03
2.909999999999991616e+01 6.847931540678803275e-01 6.853204055074286760e-01 2.992988554003652713e-01 2.995292983471552484e-01 4.934853345430599385e-03 4.938652899376024148e-03
2.914999999999991331e+01 6.847394058097022729e-01 6.852580862703125941e-01 2.992757687661097288e-01 2.995024659479516016e-01 4.928378242340228366e-03 4.932111419480481908e-03
2.919999999999991402e+01 6.846789866130639224e-01 6.851329630252086522e-01 2.992501175046076156e-01 2.994485352994207261e-01 4.921876932641582394e-03 4.925140383214166723e-03
2.924999999999991473e+01 6.846365829826812632e-01 6.850107016369578750e-01 2.992327152304409266e-01 2.993962305077721986e-01 4.915527149576041921e-03 4.918213232160539329e-03
2.929999999999991189e+01 6.846236954382138862e-01 6.847620449982743107e-01 2.992275496160656800e-01 2.992880178705581429e-01 4.909393759082301967e-03 4.910385855136321746e-03
2.934999999999991260e+01 6.846435453337217369e-01 6.845673220392384239e-01 2.992351531964936306e-01 2.992018385039688644e-01 4.903484689823748958e-03 4.902938771060541719e-03
2.939999999999991331e+01 6.846904705334723173e-01 6.845524073948181520e-01 2.992542004753862006e-01 2.991938579177617630e-01 4.897777421855758519e-03 4.896789818621316050e-03
2.944999999999991402e+01 6.847484332796072160e-01 6.845319328164410910e-01 2.992799929848500851e-01 2.991853680774410051e-01 4.892194409233358021e-03 4.890647618756707900e-03
2.949999999999991473e+01 6.847997286664974093e-01 6.845670282808185014e-01 2.993050393204604864e-01 2.992033330913690392e-01 4.886612886864671358e-03 4.884952377001953658e-03
2.954999999999991189e+01 6.848248267922480981e-01 6.848537486722748868e-01 2.993179564898144074e-01 2.993305974421992532e-01 4.880847231794782810e-03 4.881053362286178268e-03
2.959999999999991260e+01 6.848088476122274892e-01 6.851536330882690429e-01 2.993097045125708844e-01 2.994604000523759524e-01 4.874750887826898547e-03 4.877205212579423591e-03
2.964999999999991331e+01 6.847617634775526874e-01 6.851951001497591509e-01 2.992861015263079683e-01 2.994754982627939599e-01 4.868419707626004365e-03 4.871500581745337628e-03
2.969999999999991047e+01 6.847081874696705484e-01 6.851061425609058508e-01 2.992619665027538289e-01 2.994358987345604461e-01 4.862095312798610236e-03 4.864921181715046138e-03
2.974999999999991118e+01 6.846616346772461670e-01 6.850004121853977557e-01 2.992446161750037525e-01 2.993926854405517535e-01 4.855896408519340922e-03 4.858299155221945491e-03
2.979999999999991189e+01 6.846334076980316041e-01 6.848425622163485382e-01 2.992355691840407061e-01 2.993269852187130375e-01 4.849847150470686270e-03 4.851328771778179796e-03
2.984999999999991260e+01 6.846386604396300646e-01 6.847036949113777249e-01 2.992374035094522711e-01 2.992658283524955998e-01 4.843988725365486886e-03 4.844448860420821727e-03
2.989999999999991331e+01 6.846741788628769587e-01 6.846422795812766582e-01 2.992493612939661762e-01 2.992354191300299338e-01 4.838308185836165398e-03 4.838082766855789432e-03
2.994999999999991047e+01 6.847230720900223666e-01 6.846477593256248273e-01 2.992687153359443464e-01 2.992357987377335382e-01 4.832760845150504449e-03 4.832229289264984746e-03
2.999999999999991118e+01 6.847759998457260133e-01 6.847534300983464384e-01 2.992940740353240425e-01 2.992842095078804832e-01 4.827323774763300941e-03 4.827164669481953489e-03
3.004999999999991189e+01 6.848176998075302668e-01 6.848778489057870678e-01 2.993160403270770376e-01 2.993423299365958190e-01 4.821845192542532216e-03 4.822268706187619013e-03
3.009999999999990905e+01 6.848229927528340921e-01 6.849050236238362066e-01 2.993190500190818781e-01 2.993549036668717855e-01 4.816074819293363236e-03 4.816651708236080812e-03
3.014999999999990976e+01 6.847887630529068126e-01 6.849451467348673939e-01 2.993011745669014179e-01 2.993695253083552554e-01 4.809982717025345321e-03 4.811081162046700749e-03
3.019999999999991047e+01 6.847367168514597591e-01 6.850287967370140008e-01 2.992758095818676134e-01 2.994034680556438843e-01 4.803785065519554712e-03 4.805834158196541084e-03
3.024999999999991118e+01 6.846855248967363972e-01 6.849673476579891673e-01 2.992543148875459469e-01 2.993774906730295449e-01 4.797664366934613865e-03 4.799639129026535625e-03
3.029999999999991189e+01 6.846483681335107097e-01 6.848207927501595016e-01 2.992410811710849439e-01 2.993164432563655275e-01 4.791690651258375712e-03 4.792897410029882399e-03
3.034999999999990905e+01 6.846385593558029781e-01 6.847853057398154419e-01 2.992381874569244316e-01 2.993023265875177641e-01 4.785896640654539388e-03 4.786922456417727276e-03
3.039999999999990976e+01 6.846593794266928601e-01 6.847578035397700047e-01 2.992457909700434460e-01 2.992888094438325153e-01 4.780284200799426661e-03 4.780971396866344654e-03
3.044999999999991047e+01 6.847037977498038330e-01 6.847034132003420037e-01 2.992631145824996564e-01 2.992629465076765971e-01 4.774840280534507764e-03 4.774837598846066143e-03
3.049999999999990763e+01 6.847592093660895829e-01 6.848206421874709626e-01 2.992871209256727782e-01 2.993139713162773496e-01 4.769515871325473791e-03 4.769943765996462887e-03
3.054999999999990834e+01 6.848050975814270469e-01 6.849838048131680068e-01 2.993085896374070298e-01 2.993866974226430111e-01 4.764163782529369506e-03 4.765407042143153700e-03
3.059999999999990905e+01 6.848239631422659013e-01 6.849239750153546247e-01 2.993179367906011468e-01 2.993616492614237234e-01 4.758631745478566176e-03 4.759326697319942595e-03
3.064999999999990976e+01 6.848120939242046123e-01 6.848198002425084363e-01 2.993126485749578736e-01 2.993160167960549067e-01 4.752880485509464355e-03 4.752933970560628378e-03
3.069999999999991047e+01 6.847719841192175805e-01 6.848863912140399357e-01 2.992945147201461209e-01 2.993445188335145390e-01 4.746939170819139582e-03 4.747732257470502551e-03
3.074999999999990763e+01 6.847150403196218260e-01 6.849514266993272926e-01 2.992692199067175096e-01 2.993725375838317548e-01 4.740898533175733932e-03 4.742535248852790784e-03
3.079999999999990834e+01 6.846670044083136286e-01 6.848974388775427302e-01 2.992479307706100711e-01 2.993486469401509531e-01 4.734935613459030114e-03 4.736529223736575880e-03
3.084999999999990905e+01 6.846459713922184998e-01 6.848169863540133351e-01 2.992385886667427997e-01 2.993133342695020183e-01 4.729175640722930833e-03 4.730356922473372659e-03
3.089999999999990621e+01 6.846521767239681644e-01 6.847405121889182933e-01 2.992418597525715596e-01 2.992804686545986748e-01 4.723628409669648580e-03 4.724237863529587300e-03
3.094999999999990692e+01 6.846860059188061287e-01 6.847143019853969559e-01 2.992578279345003978e-01 2.992701953837455520e-01 4.718294488521893558e-03 4.718489481809163937e-03
3.099999999999990763e+01 6.847416135988046992e-01 6.847992848167635538e-01 2.992825561630793052e-01 2.993077627361646620e-01 4.713111120678424582e-03 4.713508074585280594e-03
3.104999999999990834e+01 6.847925996873253096e-01 6.848910811543852395e-01 2.993035029716119011e-01 2.993465464391994457e-01 4.707880502895988965e-03 4.708557553113646398e-03
3.109999999999990905e+01 6.848180566816222115e-01 6.849184774926428965e-01 2.993128341149718930e-01 2.993567249517532503e-01 4.702479719009780394e-03 4.703169284395190657e-03
3.114999999999990621e+01 6.848193110018616636e-01 6.849385103371091743e-01 2.993135947465827007e-01 2.993656931336333704e-01 4.696957155693736417e-03 4.697774705902456327e-03
3.119999999999990692e+01 6.847972539954069182e-01 6.849245768263791945e-01 2.993064219782661795e-01 2.993620713558770019e-01 4.691323228499480469e-03 4.692195475797455821e-03
3.124999999999990763e+01 6.847512317727190156e-01 6.848873930832029000e-01 2.992881415838954950e-01 2.993476543874939999e-01 4.685528635364323222e-03 4.686460342661364492e-03
3.129999999999990479e+01 6.846986696544297146e-01 6.849247539026989129e-01 2.992638445266663227e-01 2.993626600265680837e-01 4.679653550065159852e-03 4.681198749438134944e-03
3.134999999999990550e+01 6.846631086302917835e-01 6.849171749450708724e-01 2.992452506282311520e-01 2.993562952238635333e-01 4.673881306180894396e-03 4.675615700489873724e-03
3.139999999999990621e+01 6.846557693891985874e-01 6.847562728699043699e-01 2.992412039138914182e-01 2.992851307803673366e-01 4.668349515037318806e-03 4.669034801565804041e-03
3.144999999999990692e+01 6.846791630278828977e-01 6.846819098022361993e-01 2.992541662651194700e-01 2.992553668035810022e-01 4.663095695599846734e-03 4.663114402860641869e-03
3.149999999999990763e+01 6.847253258714716129e-01 6.847884065386200536e-01 2.992774097584287585e-01 2.993049808412509005e-01 4.658014159664270772e-03 4.658443281575899708e-03
3.154999999999990479e+01 6.847741421989572697e-01 6.848298701054932325e-01 2.992983181672564941e-01 2.993226754957146740e-01 4.652908172052190074e-03 4.653286832424645240e-03
3.159999999999990550e+01 6.848087512390814702e-01 6.848194926505244418e-01 2.993101137330331785e-01 2.993148084935408626e-01 4.647672573494313931e-03 4.647745473502197522e-03
3.164999999999990621e+01 6.848214189957303466e-01 6.849413736133420638e-01 2.993137449463878497e-01 2.993661733092063404e-01 4.642322527280163050e-03 4.643135685292082253e-03
3.169999999999990337e+01 6.848086708530586320e-01 6.850302714842417817e-01 2.993101923422979427e-01 2.994070476105876732e-01 4.636873622653735552e-03 4.638374091566047075e-03
3.174999999999990408e+01 6.847757331351806975e-01 6.849382979820013428e-01 2.992992482882953498e-01 2.993703015311267590e-01 4.631322990921408513e-03 4.632422460829824576e-03
3.179999999999990479e+01 6.847337523255138114e-01 6.848550240317318183e-01 2.992816166173726256e-01 2.993346217338337389e-01 4.625681864256155768e-03 4.626501108714596230e-03
3.184999999999990550e+01 6.846925431266356332e-01 6.848472851690383667e-01 2.992610575045835386e-01 2.993286911712778053e-01 4.620008606786324412e-03 4.621052739039420432e-03
3.189999999999990621e+01 6.846687309346347616e-01 6.848045943280438586e-01 2.992483566018877550e-01 2.993077384538156416e-01 4.614469646906529596e-03 4.615385326967097988e-03
3.194999999999990337e+01 6.846790161190688950e-01 6.847805100452841742e-01 2.992536917889312420e-01 2.992980518925696387e-01 4.609221282848393296e-03 4.609904534348406406e-03
3.199999999999990408e+01 6.847157320652077495e-01 6.848172110664589862e-01 2.992725021554032416e-01 2.993168561452393961e-01 4.604192340852368039e-03 4.604874709926770268e-03
3.204999999999990479e+01 6.847575831370595889e-01 6.848270972737371398e-01 2.992921668419463721e-01 2.993225499105018894e-01 4.599188118969604715e-03 4.599655012070726599e-03
3.209999999999990195e+01 6.847954824431297105e-01 6.848400832786447623e-01 2.993075822861258617e-01 2.993270762351780689e-01 4.594130196256739247e-03 4.594429412665829160e-03
3.214999999999990621e+01 6.848213851120169560e-01 6.849120482528344711e-01 2.993172264000882876e-01 2.993568528493145697e-01 4.588995422002130516e-03 4.589602956677887868e-03
3.219999999999990337e+01 6.848206499316129570e-01 6.849690842431286342e-01 2.993168347897325887e-01 2.993817114670078716e-01 4.583718756351198333e-03 4.584712273614219291e-03
3.224999999999990052e+01 6.847942376062248204e-01 6.849731904145267558e-01 2.993066118382755603e-01 2.993848276815032072e-01 4.578303813969807935e-03 4.579500232221856565e-03
3.229999999999990479e+01 6.847572564515159721e-01 6.849099597676858719e-01 2.992915370121725926e-01 2.993582800948821898e-01 4.572827150682554770e-03 4.573846907484841080e-03
3.234999999999990195e+01 6.847187925008135778e-01 6.847643927469977410e-01 2.992748573936601098e-01 2.992947882139083138e-01 4.567338533287459978e-03 4.567642704523602014e-03
3.239999999999990621e+01 6.846890149851787566e-01 6.847042351439244223e-01 2.992615750611475889e-01 2.992682274370134232e-01 4.561914253980919008e-03 4.562015662149605105e-03
3.244999999999990337e+01 6.846837088211575884e-01 6.848291966962738453e-01 2.992590798395572405e-01 2.993226691539723205e-01 4.556666613468715946e-03 4.557634855789463244e-03
3.249999999999990052e+01 6.847053688429390883e-01 6.849012878087460399e-01 2.992683556215658403e-01 2.993539871200178171e-01 4.551609971430669276e-03 4.552912351635261812e-03
3.254999999999989768e+01 6.847425412771827036e-01 6.848248214978621684e-01 2.992845367033089010e-01 2.993204994137314001e-01 4.546669756221945885e-03 4.547216094397753261e-03
3.259999999999990195e+01 6.847841203007500877e-01 6.848315238806907956e-01 2.993033838262380009e-01 2.993241028403931248e-01 4.541781241672817986e-03 4.542095642494595187e-03
3.264999999999990621e+01 6.848175222115193694e-01 6.849287163992425764e-01 2.993192926499429474e-01 2.993678932837419149e-01 4.536859305038933206e-03 4.537595957313263553e-03
3.269999999999990337e+01 6.848292224634054959e-01 6.849400098660523017e-01 2.993249918870706239e-01 2.993734148183806454e-01 4.531793972552176919e-03 4.532527097931587055e-03
3.274999999999990052e+01 6.848149933883946883e-01 6.849414481448307113e-01 2.993176753212780650e-01 2.993729459331880838e-01 4.526543294083609954e-03 4.527379144547277572e-03
3.279999999999989768e+01 6.847798620283905846e-01 6.849782140972423550e-01 2.993007665570047715e-01 2.993874614637148657e-01 4.521159615664734760e-03 4.522469206400536734e-03
3.284999999999990195e+01 6.847368052912815584e-01 6.848922870194880108e-01 2.992822292855230604e-01 2.993501866639949327e-01 4.515763550139928299e-03 4.516788934952781741e-03
3.289999999999989910e+01 6.847048472460498525e-01 6.847559252027115573e-01 2.992706101698165977e-01 2.992929353093535250e-01 4.510483951316010369e-03 4.510820426666980847e-03
3.294999999999990337e+01 6.846933307790786793e-01 6.847635181249557279e-01 2.992673598227603149e-01 2.992980374717885139e-01 4.505342263044952861e-03 4.505804101946393574e-03
3.299999999999990052e+01 6.846995499775397898e-01 6.848130827896118378e-01 2.992690001260769339e-01 2.993186231339369785e-01 4.500285716181618052e-03 4.501031926826129688e-03
3.304999999999989768e+01 6.847250516468115222e-01 6.847817627710373056e-01 2.992774844033103676e-01 2.993022715241483445e-01 4.495343363174030514e-03 4.495715681924881968e-03
3.309999999999990195e+01 6.847680984720473374e-01 6.847726765846853247e-01 2.992955762031976885e-01 2.992975771855199696e-01 4.490556282118505355e-03 4.490586304358899598e-03
3.314999999999989910e+01 6.848090100912305189e-01 6.848312649343043512e-01 2.993158976008581940e-01 2.993256247338725862e-01 4.485813377307738825e-03 4.485959156745946384e-03
3.319999999999990337e+01 6.848293805140337476e-01 6.849050889290722033e-01 2.993275419537113624e-01 2.993606328438271902e-01 4.480951226851975951e-03 4.481446599458500241e-03
3.324999999999990052e+01 6.848266626408232582e-01 6.849852636527539174e-01 2.993260300943036967e-01 2.993953518860211771e-01 4.475903253746606886e-03 4.476939841286307203e-03
3.329999999999989768e+01 6.848010197933470655e-01 6.850253433571666939e-01 2.993119377128610203e-01 2.994099847639325462e-01 4.470678681297411347e-03 4.472143163016180020e-03
3.334999999999989484e+01 6.847583736060550708e-01 6.850038942050092894e-01 2.992916066491425608e-01 2.993989178662942452e-01 4.465372721359840355e-03 4.466973783905930570e-03
3.339999999999989910e+01 6.847196872779381938e-01 6.849780598129575626e-01 2.992763646017171375e-01 2.993892937235610452e-01 4.460154465003246006e-03 4.461837462348162107e-03
3.344999999999990337e+01 6.847003718072407485e-01 6.848897813596485085e-01 2.992708221395131707e-01 2.993536098154137015e-01 4.455092253658561076e-03 4.456324671610187825e-03
3.349999999999990052e+01 6.846989899536284341e-01 6.847029075947507204e-01 2.992708082171535722e-01 2.992725205544611855e-01 4.450123542262516413e-03 4.450149004527313018e-03
3.354999999999989768e+01 6.847150817515270660e-01 6.846145184794680816e-01 2.992756672141263508e-01 2.992317129605327475e-01 4.445238280194979859e-03 4.444585413450181238e-03
3.359999999999989484e+01 6.847495064090717287e-01 6.846917214785711581e-01 2.992887106567079236e-01 2.992634541546104199e-01 4.440485321316151729e-03 4.440110595765743746e-03
3.364999999999989910e+01 6.847902773579349622e-01 6.847526991532014717e-01 2.993070831610731286e-01 2.992906585370369577e-01 4.435821906796202745e-03 4.435578488877919834e-03
3.369999999999989626e+01 6.848200728644162627e-01 6.848070112572420820e-01 2.993222283662017036e-01 2.993165193785123357e-01 4.431121071298333228e-03 4.431036556306632880e-03
3.374999999999990052e+01 6.848281367533146646e-01 6.849576478225771758e-01 2.993267802154824242e-01 2.993833873104367882e-01 4.426274014277013606e-03 4.427111087769869564e-03
3.379999999999989768e+01 6.848113492960222759e-01 6.850573110118032272e-01 2.993184856870474420e-01 2.994259910436397609e-01 4.421247942201596802e-03 4.422835909064113009e-03
3.384999999999989484e+01 6.847772912132197298e-01 6.850415549538656501e-01 2.993022049086621061e-01 2.994177092065815060e-01 4.416115159109742713e-03 4.417819390727882253e-03
3.389999999999989910e+01 6.847399539452493356e-01 6.850581591011117855e-01 2.992856494834216230e-01 2.994247303654302694e-01 4.410989675511014022e-03 4.413039504280485102e-03
3.394999999999989626e+01 6.847095256660542528e-01 6.850294546837772947e-01 2.992731000171461320e-01 2.994129347139488084e-01 4.405934486818503283e-03 4.407993150002936962e-03
3.399999999999990052e+01 6.846958157307607706e-01 6.848076650858408998e-01 2.992677430147704376e-01 2.993166302772356513e-01 4.400996220805457153e-03 4.401715151135827432e-03
3.404999999999989768e+01 6.847071158798914148e-01 6.845935840881441914e-01 2.992727969064701288e-01 2.992231742633487679e-01 4.396221768732585904e-03 4.395492827959594957e-03
3.409999999999989484e+01 6.847369188924179451e-01 6.845905607197908527e-01 2.992857315314940703e-01 2.992217611049671211e-01 4.391573463411515936e-03 4.390634792442667939e-03
3.414999999999989200e+01 6.847712444754675554e-01 6.846958385267504221e-01 2.993004929289742044e-01 2.992675344223153511e-01 4.386962153594355443e-03 4.386479068117494703e-03
3.419999999999989626e+01 6.848030108525224868e-01 6.848036633221024072e-01 2.993137989544246702e-01 2.993140841359229753e-01 4.382339662583095014e-03 4.382343838007667081e-03
3.424999999999990052e+01 6.848224341615773980e-01 6.849052246673699162e-01 2.993218185453836444e-01 2.993580045748066576e-01 4.377649997007447905e-03 4.378179225956961747e-03
3.429999999999989768e+01 6.848169673848307770e-01 6.849686763336485518e-01 2.993199413176337309e-01 2.993862502962661987e-01 4.372826023632351081e-03 4.373794745014855656e-03
3.434999999999989484e+01 6.847906663479592648e-01 6.850173405473848343e-01 2.993097674275244646e-01 2.994088426708739759e-01 4.367891534878149198e-03 4.369337361121848617e-03
3.439999999999989200e+01 6.847570942568855790e-01 6.850586647684849817e-01 2.992956384022673610e-01 2.994274497256540490e-01 4.362910180791079381e-03 4.364831628653859444e-03
3.444999999999989626e+01 6.847220657228727525e-01 6.849989072858079231e-01 2.992790551763595541e-01 2.994000573837315438e-01 4.357903970533094640e-03 4.359665924772220154e-03
3.449999999999989342e+01 6.846955863807381304e-01 6.848597844505389665e-01 2.992657070820138321e-01 2.993374745250029223e-01 4.352955739374756230e-03 4.353999629454597710e-03
3.454999999999989768e+01 6.846946638666395746e-01 6.847513957233930526e-01 2.992654076360858895e-01 2.992902039184774932e-01 4.348207884287491089e-03 4.348568164453006472e-03
3.459999999999989484e+01 6.847199105583974266e-01 6.846604363535239157e-01 2.992786601682627667e-01 2.992526650714726344e-01 4.343667056143156804e-03 4.343289768816739616e-03
3.464999999999989200e+01 6.847556161155480270e-01 6.846249990044117606e-01 2.992959620970334633e-01 2.992388714021581020e-01 4.339194811120466143e-03 4.338367109853697411e-03
3.469999999999989626e+01 6.847896640792477951e-01 6.847505983791087880e-01 2.993097461634810497e-01 2.992926712200266737e-01 4.334681334735434634e-03 4.334434050977949149e-03
3.474999999999989342e+01 6.848136447488770706e-01 6.848995416661227686e-01 2.993175796932636690e-01 2.993551234215030554e-01 4.330091568799484397e-03 4.330634696875280444e-03
3.479999999999989768e+01 6.848191938958094749e-01 6.849198685597943648e-01 2.993192165915149472e-01 2.993632192448038021e-01 4.325422205079705595e-03 4.326058081572319025e-03
3.484999999999989484e+01 6.848046203329523074e-01 6.849577220134022149e-01 2.993151004819218919e-01 2.993820183202471341e-01 4.320679905910106491e-03 4.321645879758179327e-03
3.489999999999989200e+01 6.847735732039007539e-01 6.850504279749607406e-01 2.993041102640514595e-01 2.994251192722361399e-01 4.315848742091595372e-03 4.317593644877243397e-03
3.494999999999988916e+01 6.847336903781660045e-01 6.849973843289441922e-01 2.992863991129555146e-01 2.994016556193976886e-01 4.310931207964799512e-03 4.312591366501957423e-03
3.499999999999989342e+01 6.847005624298216908e-01 6.848495738298087110e-01 2.992692426782640469e-01 2.993343726507973201e-01 4.306032268752010665e-03 4.306969390658964281e-03
3.504999999999989768e+01 6.846884007288066565e-01 6.848006981106922186e-01 2.992623483468014323e-01 2.993114310801739952e-01 4.301291388383788293e-03 4.301996853469991500e-03
3.509999999999989484e+01 6.847003589516554856e-01 6.847664341094639173e-01 2.992691135642320255e-01 2.992979937212926211e-01 4.296756835093075953e-03 4.297171481999904202e-03
3.514999999999989200e+01 6.847330807708487121e-01 6.846676560374650444e-01 2.992861215779035744e-01 2.992575254500698945e-01 4.292378939805009327e-03 4.291968812478602797e-03
3.519999999999988916e+01 6.847751014917435874e-01 6.846519252033180791e-01 2.993051135361685100e-01 2.992512749942708439e-01 4.288038875876349840e-03 4.287267550061196232e-03
3.524999999999989342e+01 6.848068567454802524e-01 6.847554394777320974e-01 2.993171119891152587e-01 2.992946383997562299e-01 4.283608042778045376e-03 4.283286417170044900e-03
3.529999999999989058e+01 6.848188541703157384e-01 6.848771242574581697e-01 2.993206193084851918e-01 2.993460879977077882e-01 4.279065322494437704e-03 4.279429420982252055e-03
3.534999999999989484e+01 6.848140312379276118e-01 6.849952447633160801e-01 2.993190672505633421e-01 2.993982722039058020e-01 4.274460082121585465e-03 4.275591177492417058e-03
3.539999999999989200e+01 6.847905783888607045e-01 6.850637934221679437e-01 2.993107922789418618e-01 2.994302101136236960e-01 4.269768791425714201e-03 4.271472326870533361e-03
3.544999999999988916e+01 6.847499853931729996e-01 6.850179533688464106e-01 2.992940851018466297e-01 2.994112099383950953e-01 4.264967368747378702e-03 4.266636408099690192e-03
3.549999999999989342e+01 6.847111538448943380e-01 6.849252934376006685e-01 2.992764211648014649e-01 2.993700181955712969e-01 4.260162578858393140e-03 4.261494920933408745e-03
3.554999999999989058e+01 6.846912255505667178e-01 6.848425407336311554e-01 2.992666324881889661e-01 2.993327697243476360e-01 4.255480021161601838e-03 4.256420472440076118e-03
3.559999999999989484e+01 6.846920188808632846e-01 6.847529850204986390e-01 2.992668772829465418e-01 2.992935245137094968e-01 4.250949961405500743e-03 4.251328473206110979e-03
3.564999999999989200e+01 6.847134995506463095e-01 6.846996917248002745e-01 2.992769918512658833e-01 2.992709566780351604e-01 4.246569589943477267e-03 4.246483954282168592e-03
3.569999999999988916e+01 6.847524498298878104e-01 6.846802936880582724e-01 2.992946724231957401e-01 2.992631340930480555e-01 4.242305774956717755e-03 4.241858739802250103e-03
3.574999999999988631e+01 6.847922860735048411e-01 6.846492285602823191e-01 2.993123708530983640e-01 2.992498425736159762e-01 4.238051268716447155e-03 4.237165912546784867e-03
3.579999999999989058e+01 6.848165030878519133e-01 6.847278731001763541e-01 2.993231006329987176e-01 2.992843617845619697e-01 4.233707222531816507e-03 4.233159289739217221e-03
3.584999999999989484e+01 6.848198765585010728e-01 6.849607375058636149e-01 2.993245156755692804e-01 2.993860838868466212e-01 4.229240772526597809e-03 4.230110687203776990e-03
3.589999999999989200e+01 6.848017102310810511e-01 6.850923784265017247e-01 2.993161143317045747e-01 2.994431608526365585e-01 4.224645226982431077e-03 4.226438403001231241e-03
3.594999999999988916e+01 6.847669794613733263e-01 6.850213483543401427e-01 2.993005614708491580e-01 2.994117419961507265e-01 4.219958568499821219e-03 4.221526147284475165e-03
3.599999999999988631e+01 6.847293603897648406e-01 6.849485381899219627e-01 2.992847126073159281e-01 2.993805118657157927e-01 4.215277642356572360e-03 4.216626927686147747e-03
3.604999999999989058e+01 6.847018390087078465e-01 6.849035669932833637e-01 2.992740683989590922e-01 2.993622410183597315e-01 4.210679822707841247e-03 4.211920380138733065e-03
3.609999999999988773e+01 6.846925696799499583e-01 6.847880041509869509e-01 2.992706690591850904e-01 2.993123822882506335e-01 4.206193521562695374e-03 4.206779793229112503e-03
3.614999999999989200e+01 6.847053815841376290e-01 6.847090101530908246e-01 2.992752014493564872e-01 2.992767874463906352e-01 4.201828030177004458e-03 4.201850297597631463e-03
3.619999999999988916e+01 6.847349081005701388e-01 6.847277506928285407e-01 2.992865470603397471e-01 2.992834186732463708e-01 4.197567279948673756e-03 4.197523403551851537e-03
3.624999999999988631e+01 6.847709249808670018e-01 6.847274231689335355e-01 2.993024432340917196e-01 2.992834292863293388e-01 4.193379239707074185e-03 4.193112844642102495e-03
3.629999999999989058e+01 6.848047492834787864e-01 6.847385040092062169e-01 2.993193174462472905e-01 2.992903624918605843e-01 4.189213680143429215e-03 4.188808432356350836e-03
3.634999999999988773e+01 6.848227379580552610e-01 6.848536617532888782e-01 2.993288025572735656e-01 2.993423190223158947e-01 4.184953548511349125e-03 4.185142523905159909e-03
3.639999999999989200e+01 6.848126131795874150e-01 6.849624676585206462e-01 2.993234672821130093e-01 2.993889668966919215e-01 4.180495353102146698e-03 4.181410152188444126e-03
3.644999999999988916e+01 6.847817281029748848e-01 6.849681831592229209e-01 2.993076354746337930e-01 2.993891321322074139e-01 4.175900041501701132e-03 4.177037071952676220e-03
3.649999999999988631e+01 6.847472184144657303e-01 6.849257586402844877e-01 2.992918513385698365e-01 2.993698883619949624e-01 4.171315001234432787e-03 4.172402625254294922e-03
3.654999999999988347e+01 6.847170012267488337e-01 6.848655118374269435e-01 2.992806373994714164e-01 2.993455493998229411e-01 4.166803166021192627e-03 4.167706918201513275e-03
3.659999999999988773e+01 6.846982047430409946e-01 6.848067230594205856e-01 2.992747123148745692e-01 2.993221445816607318e-01 4.162374302014954647e-03 4.163033999744943092e-03
3.664999999999989200e+01 6.847010362292990093e-01 6.847884027657508144e-01 2.992757315047080979e-01 2.993139185129382041e-01 4.158051149770180914e-03 4.158581709106479868e-03
3.669999999999988916e+01 6.847235872819232849e-01 6.847799011658488588e-01 2.992832536957663603e-01 2.993078677191803871e-01 4.153827254625496596e-03 4.154168878822776453e-03
3.674999999999988631e+01 6.847554917742353364e-01 6.847908303588818857e-01 2.992957810799719010e-01 2.993112270156688126e-01 4.149681540103606486e-03 4.149895695191258525e-03
3.679999999999988347e+01 6.847902622755211999e-01 6.848723576144813974e-01 2.993122263774939951e-01 2.993481090995959715e-01 4.145598703289401013e-03 4.146095693900231360e-03
3.684999999999988773e+01 6.848172138836208234e-01 6.849159656477006308e-01 2.993262579934294898e-01 2.993694213301754115e-01 4.141490944219027026e-03 4.142088153997593690e-03
3.689999999999988489e+01 6.848212689140358300e-01 6.848446492724030721e-01 2.993285311176425711e-01 2.993387504385730535e-01 4.137229179234876153e-03 4.137370427623687785e-03
3.694999999999988916e+01 6.848005137614234794e-01 6.848164028087774247e-01 2.993178478766972406e-01 2.993247927830797739e-01 4.132797347279225028e-03 4.132893238288994769e-03
3.699999999999988631e+01 6.847664561242315928e-01 6.848722095696009315e-01 2.993014381756593512e-01 2.993476614653780565e-01 4.128295698974621813e-03 4.128933261591431238e-03
3.704999999999988347e+01 6.847315023849636084e-01 6.848511692506868975e-01 2.992864847472644918e-01 2.993387894469289323e-01 4.123823420561697865e-03 4.124544119144742636e-03
3.709999999999988773e+01 6.847068534624994873e-01 6.847868411474647976e-01 2.992771790288288880e-01 2.993121406895635772e-01 4.119438114643214632e-03 4.119919348789597563e-03
3.714999999999988489e+01 6.847003343280174681e-01 6.848036950688430879e-01 2.992750777806033602e-01 2.993202556375419432e-01 4.115160918262001678e-03 4.115782133207874539e-03
3.719999999999988916e+01 6.847129531527595958e-01 6.848203845064536610e-01 2.992800250965504949e-01 2.993269820849960849e-01 4.110989355721856274e-03 4.111634369299405588e-03
3.724999999999988631e+01 6.847422496824830951e-01 6.848123601024563856e-01 2.992919505333222485e-01 2.993225948879771892e-01 4.106922134247999699e-03 4.107342639972252213e-03
3.729999999999988347e+01 6.847797537371134169e-01 6.848908864108310679e-01 2.993081085192907942e-01 2.993566831305926046e-01 4.102921295672262540e-03 4.103587157376194228e-03
3.734999999999988773e+01 6.848093516966252681e-01 6.849662224302561775e-01 2.993213347632119881e-01 2.993899009375192710e-01 4.098888528082336724e-03 4.099827469188906809e-03
3.739999999999988489e+01 6.848208993707467496e-01 6.848968841722207213e-01 2.993266834091939943e-01 2.993598954192766559e-01 4.094756270987615770e-03 4.095210607650853415e-03
3.744999999999988205e+01 6.848143633023111576e-01 6.848018056499080020e-01 2.993240784251690600e-01 2.993185896271324253e-01 4.090523791256163444e-03 4.090448782058532518e-03
3.749999999999988631e+01 6.847895084542581223e-01 6.848041106466646877e-01 2.993134719113301756e-01 2.993198543585680049e-01 4.086190742816803688e-03 4.086277875202303130e-03
3.754999999999988347e+01 6.847519019109034044e-01 6.848365430957252808e-01 2.992969208316669238e-01 2.993339164879360581e-01 4.081785486964441094e-03 4.082290030520787857e-03
3.759999999999988063e+01 6.847195018742510131e-01 6.848420175398799437e-01 2.992820154578034186e-01 2.993355654665795784e-01 4.077411654738476512e-03 4.078141218890740140e-03
3.764999999999988489e+01 6.847050298633824417e-01 6.848174973691318890e-01 2.992750192187590974e-01 2.993241771969783471e-01 4.073154395627898335e-03 4.073823439223940926e-03
3.769999999999988205e+01 6.847087323615620447e-01 6.847764415748903710e-01 2.992770983973273013e-01 2.993066931957312216e-01 4.069029210024854327e-03 4.069431586617701553e-03
3.774999999999988631e+01 6.847310167309738071e-01 6.847949408451843301e-01 2.992882139607851988e-01 2.993161544710054578e-01 4.065035164153288881e-03 4.065414661745414375e-03
3.779999999999988347e+01 6.847673773746812964e-01 6.848712834366431634e-01 2.993047244229133375e-01 2.993501406858208869e-01 4.061122448072104069e-03 4.061738679590524113e-03
3.784999999999988063e+01 6.848003551389582055e-01 6.848971600291673401e-01 2.993179561045401504e-01 2.993602683516949359e-01 4.057173244385508214e-03 4.057746775353380554e-03
3.789999999999988489e+01 6.848170777278763666e-01 6.848884192387070247e-01 2.993235611360370862e-01 2.993547434703759391e-01 4.053128789926036500e-03 4.053551028711938065e-03
3.794999999999988205e+01 6.848181087552532853e-01 6.849036690409291417e-01 2.993240374562523565e-01 2.993614346129965798e-01 4.049023164778533385e-03 4.049529044477474284e-03
3.799999999999988631e+01 6.848039128964580335e-01 6.848697026857595294e-01 2.993198143659250299e-01 2.993485703165702505e-01 4.044862356296293447e-03 4.045250950223931892e-03
3.804999999999988347e+01 6.847750258343203722e-01 6.848061669790564965e-01 2.993087419636424329e-01 2.993223534659645857e-01 4.040617508790323061e-03 4.040801261774759970e-03
3.809999999999988063e+01 6.847415633320759198e-01 6.848309527333683588e-01 2.992932109420154418e-01 2.993322820928987493e-01 4.036321118570683486e-03 4.036848039014153018e-03
3.814999999999988489e+01 6.847171856257578959e-01 6.848563706500644388e-01 2.992802653762309806e-01 2.993411011955814383e-01 4.032068243532929697e-03 4.032887857131453244e-03
3.819999999999988205e+01 6.847113537367525149e-01 6.847875533248241053e-01 2.992769875654808232e-01 2.993102932541441552e-01 4.027954072213748259e-03 4.028402331818907792e-03
3.824999999999987921e+01 6.847271729566152265e-01 6.847749451763111006e-01 2.992857604825448492e-01 2.993066411276634753e-01 4.024010224975402630e-03 4.024290973145065210e-03
3.829999999999988347e+01 6.847570170588473948e-01 6.848588450201379407e-01 2.993009787056073456e-01 2.993454867686349274e-01 4.020160895978617741e-03 4.020758720868175193e-03
3.834999999999988063e+01 6.847876517124332763e-01 6.848754713159747043e-01 2.993142015838029524e-01 2.993525867013669961e-01 4.016292540540807726e-03 4.016807604178030365e-03
3.839999999999987779e+01 6.848106964565545685e-01 6.848512220984569465e-01 2.993221245373354211e-01 2.993398377846535618e-01 4.012360918731047374e-03 4.012598361724587816e-03
3.844999999999988205e+01 6.848200848430654464e-01 6.849029119197741489e-01 2.993249235307732237e-01 2.993611260443250766e-01 4.008368577579831185e-03 4.008853378564791216e-03
3.849999999999987921e+01 6.848114477054765281e-01 6.849308579695978505e-01 2.993223182297571894e-01 2.993745109277574645e-01 4.004311949561979375e-03 4.005010179635561454e-03
3.854999999999988347e+01 6.847897531805108295e-01 6.848576637536830658e-01 2.993149556812791934e-01 2.993446387337853620e-01 4.000199875459804766e-03 4.000596575125774622e-03
3.859999999999988063e+01 6.847632025211143336e-01 6.847881214129017957e-01 2.993038937226004670e-01 2.993147855481421704e-01 3.996046645161564423e-03 3.996192063393096301e-03
3.864999999999987779e+01 6.847364723682374255e-01 6.847723666989832259e-01 2.992908393596614980e-01 2.993065283799060117e-01 3.991875149845444844e-03 3.992084406534267965e-03
3.869999999999988205e+01 6.847202359191336685e-01 6.847889702082020635e-01 2.992824422519180239e-01 2.993124851290227539e-01 3.987774047327364603e-03 3.988174352152210750e-03
3.874999999999987921e+01 6.847264296755398716e-01 6.848414604038541853e-01 2.992855030609151701e-01 2.993357815778512343e-01 3.983833651393223207e-03 3.984502916177730045e-03
3.879999999999988347e+01 6.847499515802351056e-01 6.848797874395572416e-01 2.992971683517863246e-01 2.993539182718936154e-01 3.980015536592913274e-03 3.980770189785829208e-03
3.884999999999988063e+01 6.847771550865215939e-01 6.848725598000457992e-01 2.993098303945532779e-01 2.993515309221068676e-01 3.976218271598192834e-03 3.976772247387679732e-03
3.889999999999987779e+01 6.848025844885718971e-01 6.848835639728023672e-01 2.993205846351754129e-01 2.993559799843057423e-01 3.972403246651308971e-03 3.972872992492454229e-03
3.894999999999988205e+01 6.848203275202183749e-01 6.849079783528667642e-01 2.993277058333816409e-01 2.993660170832039835e-01 3.968547641145274245e-03 3.969055579492272723e-03
3.899999999999987921e+01 6.848203488232779135e-01 6.848947896528889689e-01 2.993276036201406587e-01 2.993601409055429707e-01 3.964604021458826080e-03 3.965034978881373622e-03
3.904999999999987637e+01 6.848029918626553636e-01 6.848793527390198976e-01 2.993203212947711522e-01 2.993536978458659625e-01 3.960573222557352106e-03 3.961014857371706298e-03
3.909999999999988063e+01 6.847776692744872440e-01 6.848431625040035664e-01 2.993095926045701294e-01 2.993382190518455443e-01 3.956504859280513507e-03 3.956883265721695096e-03
3.914999999999987779e+01 6.847516555690728035e-01 6.847412995688657578e-01 2.992986013683711644e-01 2.992940748566752518e-01 3.952441087730232915e-03 3.952381312072313774e-03
3.919999999999987494e+01 6.847327649465640986e-01 6.847125867035551705e-01 2.992907678137066707e-01 2.992819480782530350e-01 3.948427016011971276e-03 3.948310660662978332e-03
3.924999999999987921e+01 6.847292393332243821e-01 6.848321433449552353e-01 2.992892574053561683e-01 2.993342358632425926e-01 3.944504216215577279e-03 3.945097013024623754e-03
3.929999999999987637e+01 6.847419215549229721e-01 6.849053517052019480e-01 2.992941768157438842e-01 2.993656105789689326e-01 3.940673822458783809e-03 3.941614359170107253e-03
3.934999999999988063e+01 6.847662283695931107e-01 6.848623181409497773e-01 2.993042308267397367e-01 2.993462306712336707e-01 3.936918524521413471e-03 3.937470972327976153e-03
3.939999999999987779e+01 6.847952197049919087e-01 6.848652946616756720e-01 2.993174198011349096e-01 2.993480488923196958e-01 3.933211823930822700e-03 3.933614308703290569e-03
3.944999999999987494e+01 6.848179314359125192e-01 6.849137659439804571e-01 2.993287413977081535e-01 2.993706299367864254e-01 3.929487908076257155e-03 3.930037806849848159e-03
3.949999999999987921e+01 6.848256905616504353e-01 6.849010903390919669e-01 2.993328178054024402e-01 2.993657745536005832e-01 3.925676299087254434e-03 3.926108518735755074e-03
3.954999999999987637e+01 6.848168358864026306e-01 6.848849893865892602e-01 2.993279392920187298e-01 2.993577286396185144e-01 3.921754854792262532e-03 3.922145150863009730e-03
3.959999999999988063e+01 6.847931622216405501e-01 6.848943838508517734e-01 2.993160768798941440e-01 2.993603198172105628e-01 3.917749697380822245e-03 3.918328793418995870e-03
3.964999999999987779e+01 6.847632649771741020e-01 6.848470129089886393e-01 2.993030690340664490e-01 2.993396744045636604e-01 3.913737417902152585e-03 3.914216075901462942e-03
3.969999999999987494e+01 6.847418486015686145e-01 6.847832561099941318e-01 2.992955566189162697e-01 2.993136555321165293e-01 3.909804789273899073e-03 3.910041221843464990e-03
3.974999999999987921e+01 6.847345731606377939e-01 6.847838307022232618e-01 2.992938429541263101e-01 2.993153731637775428e-01 3.905955536106062338e-03 3.906236517634952693e-03
3.979999999999987637e+01 6.847381361656924570e-01 6.848006173842760003e-01 2.992946383941302857e-01 2.993219485331961582e-01 3.902146524043428877e-03 3.902502588438029607e-03
3.984999999999987352e+01 6.847544887655164780e-01 6.848034546139271095e-01 2.992997542883882867e-01 2.993211568007314582e-01 3.898401228113175174e-03 3.898679997404522635e-03
3.989999999999987779e+01 6.847833360548483128e-01 6.848211747444573616e-01 2.993117005600149927e-01 2.993282394591638695e-01 3.894752121795909752e-03 3.894967331934476914e-03
3.994999999999987494e+01 6.848110437060296318e-01 6.848423867906411333e-01 2.993254394431692500e-01 2.993391392551992825e-01 3.891133434425349171e-03 3.891311527529411809e-03
3.999999999999987210e+01 6.848250431547368011e-01 6.848771324878657474e-01 2.993334724352718634e-01 2.993562404124627818e-01 3.887447693964579849e-03 3.887743381980046046e-03
4.004999999999987637e+01 6.848233623085430155e-01 6.849318507551256374e-01 2.993325999634386392e-01 2.993800196786073897e-01 3.883653583696910182e-03 3.884268824892741969e-03
4.009999999999987352e+01 6.848061505026141749e-01 6.849399067148094211e-01 2.993231933433072589e-01 2.993816570947417377e-01 3.879756232576902445e-03 3.880514025855378874e-03
4.014999999999987779e+01 6.847779836314873414e-01 6.849151825959843842e-01 2.993097000258460039e-01 2.993696683395025149e-01 3.875813532222035628e-03 3.876590072379452329e-03
4.019999999999987494e+01 6.847521167129149156e-01 6.849235863155325177e-01 2.992993183131293922e-01 2.993742662160598922e-01 3.871918736263002623e-03 3.872888308099102332e-03
4.024999999999987210e+01 6.847380830382067129e-01 6.848778730680007421e-01 2.992949215180285005e-01 2.993560229041388743e-01 3.868108840297632134e-03 3.868898518954954919e-03
4.029999999999987637e+01 6.847366928373265216e-01 6.847387424698195835e-01 2.992947365254341463e-01 2.992956324088056341e-01 3.864360704008197069e-03 3.864372271256376334e-03
4.034999999999987352e+01 6.847482563175008030e-01 6.846826565218114835e-01 2.992986171233096293e-01 2.992699439168395870e-01 3.860672262151697808e-03 3.860302404602906651e-03
4.039999999999987779e+01 6.847711092132410249e-01 6.847553517285374092e-01 2.993074638852581959e-01 2.993005764264848878e-01 3.857054946974985358e-03 3.856966191062958290e-03
4.044999999999987494e+01 6.847973862303664561e-01 6.848043668520463756e-01 2.993191133658945624e-01 2.993221645362611483e-01 3.853480699914970005e-03 3.853519981155608277e-03
4.049999999999987210e+01 6.848176499641444037e-01 6.848315538797629110e-01 2.993289450373769478e-01 2.993350223404286359e-01 3.849889968326401270e-03 3.849968132995876518e-03
4.054999999999987637e+01 6.848237541110723248e-01 6.849094425489599125e-01 2.993321429575199755e-01 2.993695968331859802e-01 3.846220918182083771e-03 3.846702175819938056e-03
4.059999999999987352e+01 6.848123193187724000e-01 6.849532968735885241e-01 2.993268608246631990e-01 2.993884811660901812e-01 3.842450074771039045e-03 3.843241093274594490e-03
4.064999999999987068e+01 6.847898433925717621e-01 6.849392419003612620e-01 2.993165441584004771e-01 2.993818451342917797e-01 3.838621919312615576e-03 3.839459379728021957e-03
4.069999999999987494e+01 6.847654112100194368e-01 6.849522960217930834e-01 2.993056467202663828e-01 2.993873326210645391e-01 3.834793679952173094e-03 3.835840264203270455e-03
4.074999999999987210e+01 6.847439212182143686e-01 6.849344102752399355e-01 2.992962190275807455e-01 2.993794803063847265e-01 3.830991603553043218e-03 3.832057347921734216e-03
4.079999999999986926e+01 6.847333035468117224e-01 6.848122031013729183e-01 2.992916360316117963e-01 2.993261224172519830e-01 3.827258772782769249e-03 3.827699775156684445e-03
4.084999999999987352e+01 6.847412202832601213e-01 6.847000791247466189e-01 2.992954323008389927e-01 2.992774497981680604e-01 3.823640144373551420e-03 3.823410409430454127e-03
4.089999999999987068e+01 6.847621119186365624e-01 6.846956787860142279e-01 2.993050584048760898e-01 2.992760209153692008e-01 3.820102851370476421e-03 3.819732238868792963e-03
4.094999999999987494e+01 6.847852518997518123e-01 6.847612250247183674e-01 2.993151589407829771e-01 2.993046569507071819e-01 3.816578373487838037e-03 3.816444462234082173e-03
4.099999999999987210e+01 6.848064779989468942e-01 6.848445430248183419e-01 2.993236058162467295e-01 2.993402437441363695e-01 3.813039564538184701e-03 3.813251512664167335e-03
4.104999999999986926e+01 6.848197012321181054e-01 6.848931475182931106e-01 2.993285937894043514e-01 2.993606965071273773e-01 3.809463490797392222e-03 3.809872052270164063e-03
4.109999999999987352e+01 6.848165354967170604e-01 6.848948989906882279e-01 2.993276186115351178e-01 2.993618706437519705e-01 3.805818418455637203e-03 3.806253917911668443e-03
4.114999999999987068e+01 6.847993190955857790e-01 6.849202101475403426e-01 2.993214666690945380e-01 2.993743073860304360e-01 3.802114533745255993e-03 3.802785740057556835e-03
4.119999999999987494e+01 6.847761721155467551e-01 6.849520893426290780e-01 2.993120048112792864e-01 2.993888972909871660e-01 3.798375695574619272e-03 3.799351488464313125e-03
4.124999999999987210e+01 6.847513634334886357e-01 6.848998411361126859e-01 2.993000822860508725e-01 2.993649808623606301e-01 3.794612770663095130e-03 3.795435573532315605e-03
4.129999999999986926e+01 6.847328568158785878e-01 6.848222996171808852e-01 2.992903896098824124e-01 2.993294842298982461e-01 3.790885238883890448e-03 3.791380420898023910e-03
4.134999999999987352e+01 6.847317633953301508e-01 6.847963583155636247e-01 2.992898806230749331e-01 2.993181144614902589e-01 3.787280994913959885e-03 3.787638272211211327e-03
4.139999999999987068e+01 6.847485257458527652e-01 6.847544866144629205e-01 2.992989663899463526e-01 2.993015718454482554e-01 3.783804884828660849e-03 3.783837823583425814e-03
4.144999999999986784e+01 6.847738251079544813e-01 6.847179162925319806e-01 2.993114376099992313e-01 2.992870001281540127e-01 3.780378119482159880e-03 3.780069467990587739e-03
4.149999999999987210e+01 6.847983745892878282e-01 6.847907768271521700e-01 2.993214274427271615e-01 2.993181065046347511e-01 3.776926529245778173e-03 3.776884624664170534e-03
4.154999999999986926e+01 6.848145921247545953e-01 6.848818499009859950e-01 2.993265439486485491e-01 2.993559417417804847e-01 3.773420030868569839e-03 3.773790630214701996e-03
4.159999999999986642e+01 6.848182568410485782e-01 6.848864160064372930e-01 2.993274805829746477e-01 2.993572722993178559e-01 3.769867513639488243e-03 3.770242724172778205e-03
4.164999999999987068e+01 6.848091862334719782e-01 6.849038396218101177e-01 2.993250466261970777e-01 2.993664189244185092e-01 3.766279290672510782e-03 3.766799860640694924e-03
4.169999999999986784e+01 6.847877211731457914e-01 6.849517958638587922e-01 2.993174924177266494e-01 2.993892086934059060e-01 3.762633468481802867e-03 3.763534993003226324e-03
4.174999999999987210e+01 6.847590707187123371e-01 6.849099177878402722e-01 2.993048862975914437e-01 2.993708208237690904e-01 3.758931068101628581e-03 3.759759131224739079e-03
4.179999999999986926e+01 6.847361160329442642e-01 6.848249139764545079e-01 2.992931365187088133e-01 2.993319494488395627e-01 3.755246380410408313e-03 3.755733368241408968e-03
4.184999999999986642e+01 6.847279150569317574e-01 6.848065333493670304e-01 2.992884808861462353e-01 2.993228442424450408e-01 3.751657547930391419e-03 3.752088301378198217e-03
4.189999999999987068e+01 6.847352841871910956e-01 6.847962391227392365e-01 2.992925833015348536e-01 2.993192262401221937e-01 3.748185138403701492e-03 3.748518800752948053e-03
4.194999999999986784e+01 6.847573721765073396e-01 6.847485719653992886e-01 2.993038865920901737e-01 2.993000400655765336e-01 3.744809341158472551e-03 3.744761214458270683e-03
4.199999999999987210e+01 6.847871413981166944e-01 6.847310204452927707e-01 2.993173668977201496e-01 2.992928366826919095e-01 3.741467086221511324e-03 3.741160458533657977e-03
4.204999999999986926e+01 6.848099008761120432e-01 6.847696235482610971e-01 2.993263406591598619e-01 2.993087356783590280e-01 3.738074813102224090e-03 3.737854956957349390e-03
4.209999999999986642e+01 6.848185621629039321e-01 6.848510514480898870e-01 2.993291740204909734e-01 2.993433748489097157e-01 3.734612277236328080e-03 3.734789455382538179e-03
4.214999999999987068e+01 6.848152472525629308e-01 6.849474397306187790e-01 2.993279325367916854e-01 2.993857129400641082e-01 3.731105422708537196e-03 3.731825652104267099e-03
4.219999999999986784e+01 6.847987657763707769e-01 6.849752274460280121e-01 2.993216600887687040e-01 2.993987904846506787e-01 3.727542466858897383e-03 3.728502994827539649e-03
4.224999999999986500e+01 6.847707562730911413e-01 6.849236159751177500e-01 2.993099789118235377e-01 2.993767931467641308e-01 3.723918866710100063e-03 3.724750148015737016e-03
4.229999999999986926e+01 6.847442070024539751e-01 6.848776617718991266e-01 2.992982537709385493e-01 2.993565861803899608e-01 3.720301476332371193e-03 3.721026552894850237e-03
4.234999999999986642e+01 6.847302335487888136e-01 6.848360565209281603e-01 2.992918456894548829e-01 2.993381003326649470e-01 3.716756854262100174e-03 3.717331267713948166e-03
4.239999999999986358e+01 6.847304718865748763e-01 6.847743490527563592e-01 2.992918423131124550e-01 2.993110207759399621e-01 3.713298291725970496e-03 3.713536237914897339e-03
4.244999999999986784e+01 6.847450259423591978e-01 6.847556106571300871e-01 2.992982071486414153e-01 2.993028336680524371e-01 3.709925096357510714e-03 3.709982443979587159e-03
4.249999999999986500e+01 6.847710551814396585e-01 6.847610439323972287e-01 2.993096887961754771e-01 2.993053129338888452e-01 3.706621533079581567e-03 3.706567342834545930e-03
4.254999999999986926e+01 6.847983293685745432e-01 6.847293081798631054e-01 2.993220401612688431e-01 2.992918713332599623e-01 3.703334861259134723e-03 3.702961600164066721e-03
4.259999999999986642e+01 6.848164487367132125e-01 6.847634983537977948e-01 2.993305687509941748e-01 2.993074243474640461e-01 3.700007030296599379e-03 3.699720943726387493e-03
4.264999999999986358e+01 6.848195465235499269e-01 6.849081034392333622e-01 2.993320223051368911e-01 2.993707301965736756e-01 3.696597990801329253e-03 3.697076013542135824e-03
4.269999999999986784e+01 6.848061207753807222e-01 6.849818000235314841e-01 2.993254390828863354e-01 2.994022276314918241e-01 3.693096102194782029e-03 3.694043524139328447e-03
4.274999999999986500e+01 6.847820154757554567e-01 6.849248147672848397e-01 2.993142093576995899e-01 2.993766260918938604e-01 3.689543412729741866e-03 3.690312802365418744e-03
4.279999999999986926e+01 6.847569469644526619e-01 6.848778150002463594e-01 2.993036970712570355e-01 2.993565278605336832e-01 3.686006121567213679e-03 3.686656747050916314e-03
4.284999999999986642e+01 6.847378187533964544e-01 6.848561093805918265e-01 2.992966970056700760e-01 2.993484014581432318e-01 3.682518572816620168e-03 3.683154739564982287e-03
4.289999999999986358e+01 6.847307816579091266e-01 6.847997481200948089e-01 2.992943135288196332e-01 2.993244586172387756e-01 3.679094204410822411e-03 3.679464764809336434e-03
4.294999999999986784e+01 6.847396467696243993e-01 6.847695513475988704e-01 2.992972567659020200e-01 2.993103279502488112e-01 3.675741562983147245e-03 3.675902093340492009e-03
4.299999999999986500e+01 6.847596812861475035e-01 6.847899011038445227e-01 2.993045765422470694e-01 2.993177854533237703e-01 3.672448791929420944e-03 3.672610864457969380e-03
4.304999999999986215e+01 6.847838655244224970e-01 6.847995841275427154e-01 2.993151381131909927e-01 2.993220086253346457e-01 3.669201815668915196e-03 3.669286038925349824e-03
4.309999999999986642e+01 6.848076392918295285e-01 6.848129561067680671e-01 2.993271536272900102e-01 2.993294775895103399e-01 3.665978611479371770e-03 3.666007073968292201e-03
4.314999999999986358e+01 6.848210593081289765e-01 6.848532641260443032e-01 2.993343355455809762e-01 2.993484122268410541e-01 3.662702178593841857e-03 3.662874423087694210e-03
4.319999999999986073e+01 6.848144119332154611e-01 6.848756597560285986e-01 2.993307978016805926e-01 2.993575690835735825e-01 3.659300706622021625e-03 3.659627983906777165e-03
4.324999999999986500e+01 6.847929502847204253e-01 6.848741686712981336e-01 2.993196588949849080e-01 2.993551590556631226e-01 3.655812627725015234e-03 3.656246217473757033e-03
4.329999999999986215e+01 6.847687919209991536e-01 6.848598283036613221e-01 2.993084843222253433e-01 2.993482757993403132e-01 3.652330498135767083e-03 3.652816056123747279e-03
4.334999999999986642e+01 6.847475197935466440e-01 6.848185785283850135e-01 2.993005094253531340e-01 2.993315689252731282e-01 3.648893744899163027e-03 3.649272403843631125e-03
4.339999999999986358e+01 6.847343196511022079e-01 6.847956752834106764e-01 2.992963315171287553e-01 2.993231499708571830e-01 3.645509519088057163e-03 3.645836175040900566e-03
4.344999999999986073e+01 6.847359068073597399e-01 6.848177347387349734e-01 2.992969493184745033e-01 2.993327161739675057e-01 3.642189830465169392e-03 3.642625082737673079e-03
4.349999999999986500e+01 6.847511653352251759e-01 6.848240296019303397e-01 2.993021116998466624e-01 2.993339603917457570e-01 3.638931449238266141e-03 3.639318667376856796e-03
4.354999999999986215e+01 6.847738055393478573e-01 6.848342792772529330e-01 2.993110307581026142e-01 2.993374635110492843e-01 3.635724637207450767e-03 3.636045715287580110e-03
4.359999999999986642e+01 6.847984769871295896e-01 6.849005283035903835e-01 2.993224862371621775e-01 2.993670924312372694e-01 3.632554444625762935e-03 3.633095781932499466e-03
4.364999999999986358e+01 6.848168170279894662e-01 6.849159099425999875e-01 2.993318250307520634e-01 2.993751383113848474e-01 3.629364353207066400e-03 3.629889521811283278e-03
4.369999999999986073e+01 6.848198996872036926e-01 6.848264552022983453e-01 2.993335256489627616e-01 2.993363910526208871e-01 3.626087530574967268e-03 3.626122241703472627e-03
4.374999999999986500e+01 6.848067197460570021e-01 6.847815839659112669e-01 2.993269360585701921e-01 2.993159492854566839e-01 3.622716321435048934e-03 3.622583349899635707e-03
4.379999999999986215e+01 6.847829826380605889e-01 6.848194038725000654e-01 2.993157275132596329e-01 2.993316470798370599e-01 3.619295375009194508e-03 3.619487872791267435e-03
4.384999999999985931e+01 6.847574147431106928e-01 6.848169981217081537e-01 2.993046022175128718e-01 2.993306458631104228e-01 3.615881633554981957e-03 3.616196265335078902e-03
4.389999999999986358e+01 6.847398612784193483e-01 6.847889012119101615e-01 2.992975258775081304e-01 2.993189610700432990e-01 3.612522943603003849e-03 3.612781666506264915e-03
4.394999999999986073e+01 6.847352571597765669e-01 6.848091514987395545e-01 2.992958694257916719e-01 2.993281684350720395e-01 3.609235687980614452e-03 3.609625184625538802e-03
4.399999999999985789e+01 6.847435183717568430e-01 6.848289589334860539e-01 2.992994050412499663e-01 2.993367508628690388e-01 3.606016928207840099e-03 3.606466877865901512e-03
4.404999999999986215e+01 6.847642125232645816e-01 6.848408469464912773e-01 2.993082517707703616e-01 2.993417484325729960e-01 3.602867911775758242e-03 3.603271121668056177e-03
4.409999999999985931e+01 6.847911735907360464e-01 6.848961354094907916e-01 2.993198424387966128e-01 2.993657208850490914e-01 3.599757575932620041e-03 3.600309331149126237e-03
4.414999999999986358e+01 6.848115669853808152e-01 6.849293558377947955e-01 2.993284943031171430e-01 2.993799793561426892e-01 3.596617534432176334e-03 3.597236159280786227e-03
4.419999999999986073e+01 6.848191381797572586e-01 6.848779975652076191e-01 2.993316834840369367e-01 2.993574106840426463e-01 3.593417568835986786e-03 3.593726418776031425e-03
4.424999999999985789e+01 6.848152057914240753e-01 6.848128483977227177e-01 2.993303480722131482e-01 2.993293176636135922e-01 3.590169092320406787e-03 3.590156733596573842e-03
4.429999999999986215e+01 6.847987501337080563e-01 6.847907156113540728e-01 2.993238079020905662e-01 2.993202960326176720e-01 3.586864085105947401e-03 3.586822001589196150e-03
4.434999999999985931e+01 6.847726563824052537e-01 6.848019479283576905e-01 2.993124666540021295e-01 2.993252699176683906e-01 3.583507532523230905e-03 3.583660819128035163e-03
4.439999999999986358e+01 6.847495374788385991e-01 6.848275014558224960e-01 2.993014955950970002e-01 2.993355733616913650e-01 3.580161430563370221e-03 3.580569059350384008e-03
4.444999999999986073e+01 6.847387231980711642e-01 6.848206631328070948e-01 2.992959115923747859e-01 2.993317271328601592e-01 3.576885707706908401e-03 3.577313739263351423e-03
4.449999999999985789e+01 6.847411470448229176e-01 6.847885775714013246e-01 2.992973278437793816e-01 2.993180595172364455e-01 3.573699436940658627e-03 3.573946979310294904e-03
4.454999999999986215e+01 6.847569919910463376e-01 6.848177637462670164e-01 2.993055873643357678e-01 2.993321505482159361e-01 3.570600505390235900e-03 3.570917393954270089e-03
4.459999999999985931e+01 6.847820668516697573e-01 6.848813179909896132e-01 2.993172171345559462e-01 2.993605996590943397e-01 3.567547284082916385e-03 3.568064358272885449e-03
4.464999999999985647e+01 6.848046127255859039e-01 6.848811676369042090e-01 2.993261005740999181e-01 2.993595625027418716e-01 3.564466812433470834e-03 3.564865287320543620e-03
4.469999999999986073e+01 6.848165834209158920e-01 6.848660716650410984e-01 2.993298465499308891e-01 2.993514776098068486e-01 3.561330714454868235e-03 3.561588073882303567e-03
4.474999999999985789e+01 6.848174904148794928e-01 6.848853293609346027e-01 2.993301713267619846e-01 2.993598233780450091e-01 3.558159540288412942e-03 3.558512016380930253e-03
4.479999999999985505e+01 6.848074638281405058e-01 6.848542727135081831e-01 2.993273397423907856e-01 2.993477997692939319e-01 3.554956529007025426e-03 3.555199522200649248e-03
4.484999999999985931e+01 6.847881533583868308e-01 6.847899839318097870e-01 2.993201739574820053e-01 2.993209740991794598e-01 3.551707789468795326e-03 3.551717283882292481e-03
4.489999999999985647e+01 6.847656940840426421e-01 6.847993228278412836e-01 2.993097574137654204e-01 2.993244564724879542e-01 3.548426288248562096e-03 3.548600550948295511e-03
4.494999999999986073e+01 6.847480309121298792e-01 6.848263344750241677e-01 2.993003500994342314e-01 2.993345762420885903e-01 3.545162571506485071e-03 3.545567974439909308e-03
4.499999999999985789e+01 6.847432391979422217e-01 6.848023305702871655e-01 2.992976563628356734e-01 2.993234848898538303e-01 3.541984098968478569e-03 3.542289762010113544e-03
4.504999999999985505e+01 6.847545683792357618e-01 6.848144226464469853e-01 2.993038618863312905e-01 2.993300239802463292e-01 3.538916486979982838e-03 3.539225823000260833e-03
4.509999999999985931e+01 6.847750995770351956e-01 6.848720484172963197e-01 2.993143654071623860e-01 2.993567416276435855e-01 3.535905084550066378e-03 3.536405689635490918e-03
4.514999999999985647e+01 6.847956514153694663e-01 6.848777832269733468e-01 2.993233279132213598e-01 2.993592276259692264e-01 3.532880825178189629e-03 3.533304545600118168e-03
4.519999999999986073e+01 6.848120682349984056e-01 6.848599398713953734e-01 2.993291473433911110e-01 2.993500718813326689e-01 3.529824850747545744e-03 3.530071602374214822e-03
4.524999999999985789e+01 6.848193908910530370e-01 6.848806862816659846e-01 2.993314779491251798e-01 2.993582698888799243e-01 3.526733171712823859e-03 3.527048835215089006e-03
4.529999999999985505e+01 6.848132376768738538e-01 6.848828871535230789e-01 2.993294411404239241e-01 2.993598846800258340e-01 3.523595540205116776e-03 3.523953910300489309e-03
4.534999999999985931e+01 6.847978669581085143e-01 6.848331255179621602e-01 2.993239873523708683e-01 2.993393988091421765e-01 3.520423256129039807e-03 3.520604514074012620e-03
4.539999999999985647e+01 6.847796061683522062e-01 6.847776911911040987e-01 2.993164046471942230e-01 2.993155676127677856e-01 3.517231546970563897e-03 3.517221711078361186e-03
4.544999999999985363e+01 6.847611518902558814e-01 6.847512469951050340e-01 2.993076767981815989e-01 2.993033473890900353e-01 3.514032014067300976e-03 3.513981184491820481e-03
4.549999999999985789e+01 6.847497142850359486e-01 6.847837969636890731e-01 2.993020054917514550e-01 2.993169029263331726e-01 3.510873964712636023e-03 3.511048714678403817e-03
4.554999999999985505e+01 6.847535552901008460e-01 6.848589847365157413e-01 2.993037863880110283e-01 2.993498692922398341e-01 3.507808806188242312e-03 3.508348892965022781e-03
4.559999999999985221e+01 6.847693773435298281e-01 6.848889113248166627e-01 2.993112828405751769e-01 2.993635308973162656e-01 3.504815958320561461e-03 3.505427762263665578e-03
4.564999999999985647e+01 6.847885173344433474e-01 6.848732026631502157e-01 2.993200412071251870e-01 2.993570570381979268e-01 3.501843126143620432e-03 3.502276186466203069e-03
4.569999999999985363e+01 6.848069618783443335e-01 6.848861031216521011e-01 2.993281562517308148e-01 2.993627487774519480e-01 3.498867986577809154e-03 3.499272341057308149e-03
4.574999999999985789e+01 6.848197234994944926e-01 6.848956179727259119e-01 2.993336859272902606e-01 2.993668592890296187e-01 3.495867864844274479e-03 3.496255290966777778e-03
4.579999999999985505e+01 6.848200581371540752e-01 6.848631663704608519e-01 2.993337368403490295e-01 2.993525793792188860e-01 3.492809064648188643e-03 3.493028930912714554e-03
4.584999999999985221e+01 6.848080309765054441e-01 6.848466862666602317e-01 2.993282686664477943e-01 2.993451648191700620e-01 3.489691269792463604e-03 3.489888252045127842e-03
4.589999999999985647e+01 6.847893852789742608e-01 6.848272451046383269e-01 2.993200486842492181e-01 2.993365971371086953e-01 3.486546868774024165e-03 3.486739628853925081e-03
4.594999999999985363e+01 6.847704076438491105e-01 6.847551212729867665e-01 2.993122046114995438e-01 2.993055229597922917e-01 3.483412331818449854e-03 3.483334570378737987e-03
4.599999999999985789e+01 6.847577375551273660e-01 6.847364816069062554e-01 2.993073938839037051e-01 2.992981029155543649e-01 3.480318533533772758e-03 3.480210499018082573e-03
4.604999999999985505e+01 6.847553667414181255e-01 6.848256083307985298e-01 2.993065094616931265e-01 2.993372120541190062e-01 3.477275741640358658e-03 3.477632437457098356e-03
4.609999999999985221e+01 6.847631553117046188e-01 6.848816394376547878e-01 2.993091569902778248e-01 2.993609462601586335e-01 3.474279245389188392e-03 3.474880397680317999e-03
4.614999999999985647e+01 6.847800823733212194e-01 6.848592800979459438e-01 2.993157919124094235e-01 2.993504090548670948e-01 3.471334206000697802e-03 3.471735680543553033e-03
4.619999999999985363e+01 6.848015348839138206e-01 6.848624409635329924e-01 2.993255466745693427e-01 2.993521686148675753e-01 3.468430436553535286e-03 3.468738917901139501e-03
4.624999999999985079e+01 6.848179581245050773e-01 6.848881267885033042e-01 2.993340240453234991e-01 2.993646947780449485e-01 3.465516920929948268e-03 3.465872009007765504e-03
4.629999999999985505e+01 6.848234105010931883e-01 6.848790802929086707e-01 2.993370894116174075e-01 2.993614227407569439e-01 3.462545857855617738e-03 3.462827330720158209e-03
4.634999999999985221e+01 6.848174603138276195e-01 6.848683977389333766e-01 2.993336419740737497e-01 2.993559067173860999e-01 3.459504674649806471e-03 3.459761996155872633e-03
4.639999999999984936e+01 6.848005568471139393e-01 6.848657407725416979e-01 2.993249130756620024e-01 2.993534048352225474e-01 3.456407772236291288e-03 3.456736776388260289e-03
4.644999999999985363e+01 6.847787615170851661e-01 6.848393473497742523e-01 2.993153265154013809e-01 2.993418084527987855e-01 3.453306334184045191e-03 3.453611865622146105e-03
4.649999999999985079e+01 6.847634040828829427e-01 6.848124350061431942e-01 2.993100299510407236e-01 2.993314613637331201e-01 3.450259711251198787e-03 3.450506759236125678e-03
4.654999999999985505e+01 6.847582708832604670e-01 6.847989714684702411e-01 2.993089580417607198e-01 2.993267483339978607e-01 3.447267008831113744e-03 3.447471907100472990e-03
4.659999999999985221e+01 6.847606061307216496e-01 6.847858989617220393e-01 2.993094603435429990e-01 2.993205158621132789e-01 3.444297587382552130e-03 3.444424808539862416e-03
4.664999999999984936e+01 6.847720112635867773e-01 6.847985995047380925e-01 2.993129367354694370e-01 2.993245584203670928e-01 3.441367481868010635e-03 3.441501102849875340e-03
4.669999999999985363e+01 6.847922823014320759e-01 6.848288782151839005e-01 2.993212347601752477e-01 2.993372307554200695e-01 3.438497814591338388e-03 3.438681570998516120e-03
4.674999999999985079e+01 6.848119667052529058e-01 6.848369240766428723e-01 2.993309051001538101e-01 2.993418139524085531e-01 3.435648839026164431e-03 3.435774048234253343e-03
4.679999999999985505e+01 6.848223089787722762e-01 6.848581177085700800e-01 2.993367398498795184e-01 2.993523918931837446e-01 3.432760778094956933e-03 3.432940274004409216e-03
4.684999999999985221e+01 6.848211934638300802e-01 6.849031015752437002e-01 2.993362227821811938e-01 2.993720249228272179e-01 3.429804901543190634e-03 3.430215123721890285e-03
4.689999999999984936e+01 6.848088169878068232e-01 6.849022332027396853e-01 2.993296224845685138e-01 2.993704546696340785e-01 3.426784458896042686e-03 3.427251913790897199e-03
4.694999999999985363e+01 6.847892783257899518e-01 6.848808565458482933e-01 2.993202853075680459e-01 2.993603139993472606e-01 3.423737893137761279e-03 3.424195756355138780e-03
4.699999999999985079e+01 6.847710442482132231e-01 6.848983487588127250e-01 2.993127867376191853e-01 2.993684314208339137e-01 3.420717562715656825e-03 3.421353501952396556e-03
4.704999999999984794e+01 6.847600570399048348e-01 6.848689321161069987e-01 2.993089675925475479e-01 2.993565569434736284e-01 3.417744420126158159e-03 3.418287832640301213e-03
4.709999999999985221e+01 6.847586489841279711e-01 6.847613220883445040e-01 2.993086426632813879e-01 2.993098110796218458e-01 3.414816231184051708e-03 3.414829561661410391e-03
4.714999999999984936e+01 6.847676343784537822e-01 6.847192134448819578e-01 2.993120157919685331e-01 2.992908509960490182e-01 3.411935204240174740e-03 3.411693941248786742e-03
4.719999999999984652e+01 6.847838762846270022e-01 6.847760886545952719e-01 2.993185338717684330e-01 2.993151299043501634e-01 3.409094918812861398e-03 3.409056149252288632e-03
4.724999999999985079e+01 6.848017945058949563e-01 6.848191413995807775e-01 2.993263367408318665e-01 2.993339190546961959e-01 3.406274102313885162e-03 3.406360387535669557e-03
4.729999999999984794e+01 6.848163281367926070e-01 6.848411107604601700e-01 2.993329939845231769e-01 2.993438264612565680e-01 3.403445070887139642e-03 3.403568237194511906e-03
4.734999999999985221e+01 6.848211504333433508e-01 6.848818946355110793e-01 2.993353172863322254e-01 2.993618685764284360e-01 3.400571624951240733e-03 3.400873258465540207e-03
4.739999999999984936e+01 6.848129987005298069e-01 6.848997236890540519e-01 2.993318324036822187e-01 2.993697399051160613e-01 3.397637144196174758e-03 3.398067422305526327e-03
4.744999999999984652e+01 6.847972326805807919e-01 6.848948514029564727e-01 2.993249659235893700e-01 2.993676350807561448e-01 3.394669304492091162e-03 3.395153218948193056e-03
4.749999999999985079e+01 6.847800421750683819e-01 6.849036833039195971e-01 2.993172869046261120e-01 2.993713304294929323e-01 3.391697302035432196e-03 3.392309693252053455e-03
4.754999999999984794e+01 6.847639574503980864e-01 6.848833365697104547e-01 2.993098369660220914e-01 2.993620174938518286e-01 3.388732940458792642e-03 3.389323719149194263e-03
4.759999999999985221e+01 6.847555100555965391e-01 6.848134536006177386e-01 2.993058947351751042e-01 2.993312217961947574e-01 3.385813288859455556e-03 3.386099794074609939e-03
4.764999999999984936e+01 6.847612326404610705e-01 6.847559426543883276e-01 2.993088013580966766e-01 2.993064891077601430e-01 3.382975997265865679e-03 3.382949862760790440e-03
4.769999999999984652e+01 6.847767066739912645e-01 6.847451542425280202e-01 2.993163176787008162e-01 2.993025260915931351e-01 3.380195569494088940e-03 3.380039820345498609e-03
4.774999999999985079e+01 6.847936644003501661e-01 6.847831736632846722e-01 2.993238544079893648e-01 2.993192688984888106e-01 3.377420077946292117e-03 3.377368337359543896e-03
4.779999999999984794e+01 6.848089085606073878e-01 6.848519567862036972e-01 2.993296523287100053e-01 2.993484686879016587e-01 3.374629676761113379e-03 3.374841811588527671e-03
4.784999999999984510e+01 6.848182550168525617e-01 6.848802968288382198e-01 2.993328543001276820e-01 2.993599726669813332e-01 3.371814748522990440e-03 3.372120221537393617e-03
4.789999999999984936e+01 6.848163797729694968e-01 6.848623697191370541e-01 2.993323419878235470e-01 2.993524441330128738e-01 3.368962768574275055e-03 3.369189016691206007e-03
4.794999999999984652e+01 6.848045357362679830e-01 6.848797744637762364e-01 2.993284349390105126e-01 2.993613218277161314e-01 3.366077424110332228e-03 3.366447251365947864e-03
4.799999999999984368e+01 6.847873513235880338e-01 6.849045567877740659e-01 2.993215885460809300e-01 2.993728192320137538e-01 3.363163916248108811e-03 3.363739541932747514e-03
4.804999999999984794e+01 6.847685966953630521e-01 6.848581068809849182e-01 2.993125275968407939e-01 2.993516525217182478e-01 3.360230452953595712e-03 3.360669688708605059e-03
4.809999999999984510e+01 6.847551188864089422e-01 6.848091009718328959e-01 2.993052765782850955e-01 2.993288720543355597e-01 3.357322227462545151e-03 3.357586899095192038e-03
4.814999999999984936e+01 6.847540573184851542e-01 6.848126780176614359e-01 2.993047124314275331e-01 2.993303354289431617e-01 3.354493835039824238e-03 3.354781007889536936e-03
4.819999999999984652e+01 6.847656535254271759e-01 6.847917694232477093e-01 2.993111378959231184e-01 2.993225531575584020e-01 3.351748464679998787e-03 3.351876295157437714e-03
4.824999999999984368e+01 6.847846071635239618e-01 6.847583761107094436e-01 2.993205630531743378e-01 2.993090974135910187e-01 3.349041264930630469e-03 3.348912978054173571e-03
4.829999999999984794e+01 6.848034867780004031e-01 6.847989306702216838e-01 2.993283366789967204e-01 2.993263451994124802e-01 3.346320141743962771e-03 3.346297878137654853e-03
4.834999999999984510e+01 6.848152447167182855e-01 6.848583455931215314e-01 2.993320450364177487e-01 2.993508843855359203e-01 3.343558168516263824e-03 3.343768605255925241e-03
4.839999999999984936e+01 6.848177835257562851e-01 6.848691998649969470e-01 2.993326214222131743e-01 2.993550954116145357e-01 3.340765864087209217e-03 3.341016689861777984e-03
4.844999999999984652e+01 6.848116892180000637e-01 6.848859960866270358e-01 2.993309753117383565e-01 2.993634548207897428e-01 3.337953446464891373e-03 3.338315637811993444e-03
4.849999999999984368e+01 6.847959324596835096e-01 6.849078997485559261e-01 2.993253572698684195e-01 2.993742983443632433e-01 3.335101473758988241e-03 3.335646778210184064e-03
4.854999999999984794e+01 6.847743781396385954e-01 6.848732532188995803e-01 2.993159609524573828e-01 2.993591794055829869e-01 3.332212200973650243e-03 3.332693341559518369e-03
4.859999999999984510e+01 6.847576201059343282e-01 6.848228425630873417e-01 2.993075817600621136e-01 2.993360904985612470e-01 3.329339062959542697e-03 3.329656179071880436e-03
4.864999999999984226e+01 6.847517424442710610e-01 6.848098776041851021e-01 2.993043167145618133e-01 2.993297275360853327e-01 3.326527554482496072e-03 3.326809975394121825e-03
4.869999999999984652e+01 6.847566121297806729e-01 6.848013468469991150e-01 2.993069152206355721e-01 2.993264687524697099e-01 3.323785843649487183e-03 3.324002984480516152e-03
4.874999999999984368e+01 6.847723229194754291e-01 6.847805943520769434e-01 2.993147302359449036e-01 2.993183456881688409e-01 3.321106576820478853e-03 3.321146692795224481e-03
4.879999999999984084e+01 6.847942520912226883e-01 6.847660044969330340e-01 2.993246509543778799e-01 2.993123038862253171e-01 3.318455110358965125e-03 3.318318224902728607e-03
4.884999999999984510e+01 6.848114631092070415e-01 6.847732482885584560e-01 2.993317595048663460e-01 2.993150557694295166e-01 3.315776898420017948e-03 3.315591866734204484e-03
4.889999999999984226e+01 6.848183533520917354e-01 6.848344985574938981e-01 2.993343277397749747e-01 2.993413848143723355e-01 3.313052880351695980e-03 3.313130988537610344e-03
4.894999999999984652e+01 6.848158465472993228e-01 6.849194486068922449e-01 2.993332576595695294e-01 2.993785421578102346e-01 3.310293145253749309e-03 3.310793941474271616e-03
4.899999999999984368e+01 6.848033934288102476e-01 6.849303875127349395e-01 2.993281222501588124e-01 2.993836314679033661e-01 3.307493063537674579e-03 3.308106425059713883e-03
4.904999999999984084e+01 6.847831932208088279e-01 6.848811718093985590e-01 2.993195462184543576e-01 2.993623727757737107e-01 3.304659632552637595e-03 3.305132462332591604e-03
4.909999999999984510e+01 6.847642277460512794e-01 6.848568245668691379e-01 2.993114344005330940e-01 2.993519086048459510e-01 3.301836011037328870e-03 3.302282499777680312e-03
4.914999999999984226e+01 6.847537679446975556e-01 6.848327457863645495e-01 2.993070039653088488e-01 2.993415253104632079e-01 3.299057635329949011e-03 3.299438140649919686e-03
4.919999999999984652e+01 6.847537308121295352e-01 6.847859231359127996e-01 2.993069085352602077e-01 2.993209798494810281e-01 3.296331591798028118e-03 3.296486562218962305e-03
4.924999999999984368e+01 6.847642890481776545e-01 6.847802420009795332e-01 2.993111623927701137e-01 2.993181354445532127e-01 3.293657908035992933e-03 3.293734640380236237e-03
4.929999999999984084e+01 6.847825449144095966e-01 6.847943029723426722e-01 2.993189431921448040e-01 2.993240826477291394e-01 3.291027412777851584e-03 3.291083921360416983e-03
4.934999999999984510e+01 6.848020836059738325e-01 6.847711054773809591e-01 2.993279353082980432e-01 2.993143947255612058e-01 3.288414559827506755e-03 3.288265803082252026e-03
4.939999999999984226e+01 6.848163068583892343e-01 6.847874428564465488e-01 2.993349489110606054e-01 2.993223323824231175e-01 3.285784291010552822e-03 3.285645800026606826e-03
4.944999999999983942e+01 6.848192113865123609e-01 6.848763440582418260e-01 2.993364094087417326e-01 2.993613822607457120e-01 3.283097443474006227e-03 3.283371343687924680e-03
4.949999999999984368e+01 6.848088585536448170e-01 6.849175264934205254e-01 2.993311194624616034e-01 2.993786184041830056e-01 3.280341035205066712e-03 3.280861571552698766e-03
4.954999999999984084e+01 6.847911674699106443e-01 6.848785403956834106e-01 2.993225903703432556e-01 2.993607811235434735e-01 3.277553685960515276e-03 3.277971871048938023e-03
4.959999999999983800e+01 6.847734291155883612e-01 6.848467842878650513e-01 2.993151532316937757e-01 2.993472168511287501e-01 3.274782858114820474e-03 3.275133663579098305e-03
4.964999999999984226e+01 6.847593961697217013e-01 6.848311591563730483e-01 2.993102375155498596e-01 2.993416053167068380e-01 3.272044137912551165e-03 3.272387049103116837e-03
4.969999999999983942e+01 6.847538662125460807e-01 6.848056939561222300e-01 2.993084790428000019e-01 2.993311331435907219e-01 3.269344391510658511e-03 3.269591842092752811e-03
4.974999999999984368e+01 6.847602749105993203e-01 6.847995828584136913e-01 2.993105219910283665e-01 2.993277035986796619e-01 3.266690553790222058e-03 3.266878074746852774e-03
4.979999999999984084e+01 6.847747077909532853e-01 6.848139986306871485e-01 2.993155988159619252e-01 2.993327728749467509e-01 3.264074141940705772e-03 3.264261427207715890e-03
4.984999999999983800e+01 6.847921087505212112e-01 6.848281079931872739e-01 2.993231085896224108e-01 2.993388438837123466e-01 3.261488516367455626e-03 3.261659971492379684e-03
4.989999999999984226e+01 6.848096556611781294e-01 6.848477149950172871e-01 2.993320026317728422e-01 2.993486384611930839e-01 3.258922184341574158e-03 3.259103303877994989e-03
4.994999999999983942e+01 6.848198868558291741e-01 6.848526628379486558e-01 2.993375090373543435e-01 2.993518355501093575e-01 3.256323187787382636e-03 3.256479037803754542e-03
4.999999999999984368e+01 6.848154644399373492e-01 6.848334006210006208e-01 2.993351568218400871e-01 2.993429967872762720e-01 3.253643008933052288e-03 3.253728225948662994e-03
