# tau eta power W_out Q_hot
2.450000000000000000e+01 2.175971265096115492e-01 2.538730422481298536e-03 6.219889535079181631e-02 2.858442864044181686e-01
2.457499999999999929e+01 2.231518659257084591e-01 2.610205391055408532e-03 6.414579748518667301e-02 2.874535564338146498e-01
2.464999999999999858e+01 2.289856464202577324e-01 2.685895460461493363e-03 6.620732310037580337e-02 2.891330707203603190e-01
2.472500000000000142e+01 2.350279351025228447e-01 2.764932727195994287e-03 6.836296167992095274e-02 2.908716431946694603e-01
2.479999999999999716e+01 2.412111775397481062e-01 2.846459087627497241e-03 7.059218537316191977e-02 2.926571898250003301e-01
2.487500000000000000e+01 2.474720891406006207e-01 2.929641837528402723e-03 7.287484070851901752e-02 2.944770093532259603e-01
2.494999999999999929e+01 2.537526577314675458e-01 3.013687231429187582e-03 7.519149642415823287e-02 2.963180645923687018e-01
2.502499999999999858e+01 2.600006549942112666e-01 3.097849449505688923e-03 7.752368247387986244e-02 2.981672583694293666e-01
2.509999999999999787e+01 2.661698856928458312e-01 3.181437429730567604e-03 7.985407948623723939e-02 3.000116984623387717e-01
2.517499999999999716e+01 2.722201213885389603e-01 3.263818653913971943e-03 8.216663461228423948e-02 3.018389463393414962e-01
2.524999999999999645e+01 2.781168849766000317e-01 3.344421573927818230e-03 8.444664474167740131e-02 3.036372449978450572e-01
2.532499999999999574e+01 2.838310770687161311e-01 3.422736294625866246e-03 8.668079666140005024e-02 3.053957218377973404e-01
2.539999999999999858e+01 2.893385655909336274e-01 3.498314716350480868e-03 8.885719379530221396e-02 3.071045631743690718e-01
2.547499999999999432e+01 2.946197486428638324e-01 3.570770047530865115e-03 9.096536696084878137e-02 3.087551577240547074e-01
2.554999999999999716e+01 2.996591795964136384e-01 3.639776590434034079e-03 9.299629188558955484e-02 3.103402072008560886e-01
2.562499999999999645e+01 3.044452365418123807e-01 3.705069455291907978e-03 9.494240479185511727e-02 3.118538029049298665e-01
2.569999999999999574e+01 3.089698899442199775e-01 3.766444762661739186e-03 9.679763040040667565e-02 3.132914680387855477e-01
2.577499999999999503e+01 3.132285581307071576e-01 3.823760150421374408e-03 9.855741787711091995e-02 3.146501662086120810e-01
2.584999999999999432e+01 3.172200145955896278e-01 3.876935115892780372e-03 1.002187727458283550e-01 3.159282773301458347e-01
2.592499999999999716e+01 3.209463858809390446e-01 3.925951662779384767e-03 1.017802968575555189e-01 3.171255428790302200e-01
2.599999999999999289e+01 3.244131655539288506e-01 3.970854366512613885e-03 1.032422135293279419e-01 3.182429829968336232e-01
2.607499999999999574e+01 3.276292103456309723e-01 4.011749487818025775e-03 1.046063678948550013e-01 3.192827885660774467e-01
2.614999999999999503e+01 3.306067280254992857e-01 4.048803321239838673e-03 1.058762068504217613e-01 3.202481918101063862e-01
2.622499999999999432e+01 3.333611822713130057e-01 4.082238955774364353e-03 1.070567166151826788e-01 3.211433193443989920e-01
2.629999999999999361e+01 3.359110997592347769e-01 4.112331377675738225e-03 1.081543152328718893e-01 3.219730318837091265e-01
2.637499999999999289e+01 3.382777632244334809e-01 4.139400843487015154e-03 1.091766972469699892e-01 3.227427549665323747e-01
2.644999999999999218e+01 3.404847695057080514e-01 4.163804403198626512e-03 1.101326264646036446e-01 3.234583051232702289e-01
2.652499999999999147e+01 3.425574480454026682e-01 4.185925657828277156e-03 1.110316780738950238e-01 3.241257158687697038e-01
2.659999999999999432e+01 3.445221310609047904e-01 4.206162779209756016e-03 1.118839299269794862e-01 3.247510677541948221e-01
2.667499999999999005e+01 3.464053802236415902e-01 4.224916194863905829e-03 1.126996394979946636e-01 3.253403264846378429e-01
2.674999999999999289e+01 3.482330338241662049e-01 4.242574378150675528e-03 1.134888646155305381e-01 3.258991927596238125e-01
2.682499999999999218e+01 3.500293036026821403e-01 4.259500621014848318e-03 1.142611041587232590e-01 3.264329671335772232e-01
2.689999999999999147e+01 3.518158174566944352e-01 4.276019571624789864e-03 1.150249264767068125e-01 3.269464326767099194e-01
2.697499999999999076e+01 3.536107667865734383e-01 4.292405496034899792e-03 1.157876382555413919e-01 3.274437577445897807e-01
2.704999999999999005e+01 3.554281478895584545e-01 4.308872131764772753e-03 1.165549911642370651e-01 3.279284205719519840e-01
2.712499999999999289e+01 3.572771547534632219e-01 4.325564810481898233e-03 1.173309454843214361e-01 3.284031568301222226e-01
2.719999999999998863e+01 3.591618153768428301e-01 4.342555931498641789e-03 1.181175213367630095e-01 3.288699307102864733e-01
2.727499999999999147e+01 3.610808481913131418e-01 4.359843456201932532e-03 1.189147302679076645e-01 3.293299294702623503e-01
2.734999999999999076e+01 3.630278017919921774e-01 4.377353141265911789e-03 1.197206084136226423e-01 3.297835808239838462e-01
2.742499999999999005e+01 3.649914550064483620e-01 4.394944184667776317e-03 1.205313442645137290e-01 3.302305920076520351e-01
2.749999999999998934e+01 3.669565410472200306e-01 4.412419006247108623e-03 1.213415226717954321e-01 3.306700088394968207e-01
2.757499999999998863e+01 3.689046396284170193e-01 4.429535236340861014e-03 1.221444341420991897e-01 3.311002926532190527e-01
2.764999999999998792e+01 3.708153555629969400e-01 4.446021296463858324e-03 1.229324888472256294e-01 3.315194125674251202e-01
2.772499999999998721e+01 3.726676320218732519e-01 4.461593696094333025e-03 1.236976852242153146e-01 3.319249502649455619e-01
2.779999999999999005e+01 3.744411751481243611e-01 4.475975715052591883e-03 1.244321248784620026e-01 3.323142141866159971e-01
2.787499999999998579e+01 3.761178738284052248e-01 4.488916021520726954e-03 1.251285340998902207e-01 3.326843598955818715e-01
2.794999999999998863e+01 3.776832636784180353e-01 4.500207746633325470e-03 1.257808065184014001e-01 3.330325132582487302e-01
2.802499999999998792e+01 3.791277921002144113e-01 4.509705039973534169e-03 1.263844837452582359e-01 3.333558931281175308e-01
2.809999999999998721e+01 3.804479547732573241e-01 4.517337881639473841e-03 1.269371944740691482e-01 3.336519302613212279e-01
2.817499999999998650e+01 3.816471585402144706e-01 4.523123360007873760e-03 1.274390006682217802e-01 3.339183793629461050e-01
2.824999999999998579e+01 3.827362937702755707e-01 4.527173170134791459e-03 1.278926420563077926e-01 3.341534213974256540e-01
2.832499999999998863e+01 3.837339748534375206e-01 4.529696816804152683e-03 1.283036623359775641e-01 3.343557535789776769e-01
2.839999999999998437e+01 3.846663886007324340e-01 4.530999813811263134e-03 1.286803947122397984e-01 3.345246648149564628e-01
2.847499999999998721e+01 3.855667915685962455e-01 4.531477401394371635e-03 1.290338190047046751e-01 3.346600947653144975e-01
2.854999999999998650e+01 3.864746013168584016e-01 4.531603201555481006e-03 1.293772714044089112e-01 3.347626751242484544e-01
2.862499999999998579e+01 3.874341757070097758e-01 4.531914018315860715e-03 1.297260387742914522e-01 3.348337521788332660e-01
2.869999999999998508e+01 3.884932447490974661e-01 4.532990484994906845e-03 1.300968269193537585e-01 3.348753901843900538e-01
2.877499999999998437e+01 3.897011318187343365e-01 4.535435294506309084e-03 1.305071505994189751e-01 3.348903555664372589e-01
2.884999999999998366e+01 3.911067126518505410e-01 4.539848540259757044e-03 1.309746303864939287e-01 3.348820824332998658e-01
2.892499999999998295e+01 3.927563638352223330e-01 4.546803218457242182e-03 1.315162830938756411e-01 3.348546203290857504e-01
2.899999999999998579e+01 3.946919206925235124e-01 4.556821192416912226e-03 1.321478145800903947e-01 3.348125655782991927e-01
2.907499999999998508e+01 3.969484578165712874e-01 4.570347513104473618e-03 1.328828539435125133e-01 3.347609779729067148e-01
2.914999999999998437e+01 3.995526752001880011e-01 4.587732142772788999e-03 1.337323919618267354e-01 3.347052848409105552e-01
2.922499999999998010e+01 4.025211515971806597e-01 4.609210480640890673e-03 1.347041762967299272e-01 3.346511748816963783e-01
2.929999999999998295e+01 4.058592220849281396e-01 4.634891321133460459e-03 1.358023157092103084e-01 3.346044843125259294e-01
2.937499999999998579e+01 4.095601627574495529e-01 4.664748431948794252e-03 1.370269851884957646e-01 3.345710780705156706e-01
2.944999999999998153e+01 4.136048601657832391e-01 4.698617625353096981e-03 1.383742890666486147e-01 3.345567288817271612e-01
2.952499999999998082e+01 4.179620546339327114e-01 4.736200152236551796e-03 1.398363094947840946e-01 3.345669970381836000e-01
2.959999999999998010e+01 4.225890675655707973e-01 4.777071221989448446e-03 1.414013081708875852e-01 3.346071136801169743e-01
2.967499999999998295e+01 4.274330649065604115e-01 4.820694105403224711e-03 1.430540975778405999e-01 3.346818702692388459e-01
2.974999999999998224e+01 4.324327882837321058e-01 4.866438951957908175e-03 1.447765588207476917e-01 3.347955167676958110e-01
2.982499999999998153e+01 4.375206762513179637e-01 4.913605415853531874e-03 1.465482815278315032e-01 3.349516708180715341e-01
2.989999999999998082e+01 4.426254423605592292e-01 4.961449868707377454e-03 1.483473510743504864e-01 3.351532399113829053e-01
2.997499999999998010e+01 4.476745397933187265e-01 5.009210888764195971e-03 1.501510963907066731e-01 3.354023582847218687e-01
3.004999999999997939e+01 4.525971712822847715e-01 5.056140572413194735e-03 1.519370242010164018e-01 3.357003398199616684e-01
3.012499999999997868e+01 4.573268976353059290e-01 5.101531229753839512e-03 1.536836282963343070e-01 3.360476479537595207e-01
3.019999999999998153e+01 4.618042876685757303e-01 5.144742642091713024e-03 1.553712277911696304e-01 3.364438831340502700e-01
3.027499999999998082e+01 4.659792204861709641e-01 5.185225725319158804e-03 1.569827088340374210e-01 3.368877879795849073e-01
3.034999999999998010e+01 4.698128233549464516e-01 5.222542593381603558e-03 1.585041677091315604e-01 3.373772699034668365e-01
3.042499999999997584e+01 4.732789220136132680e-01 5.256381783623016377e-03 1.599254157667301390e-01 3.379094405605709284e-01
3.049999999999997868e+01 4.763649425992649844e-01 5.286568048088170768e-03 1.612403254666890939e-01 3.384806711150659675e-01
3.057499999999998153e+01 4.790723580885815625e-01 5.313067759712806863e-03 1.624470467532189710e-01 3.390866619843304619e-01
3.064999999999997726e+01 4.814163056380013073e-01 5.335985746265050310e-03 1.635479631230236652e-01 3.397225254061144728e-01
3.072499999999997655e+01 4.834249315668930347e-01 5.355559640307362874e-03 1.645495699484436081e-01 3.403828789200011862e-01
3.079999999999997584e+01 4.851379567756392563e-01 5.372145987393890654e-03 1.654620964117317072e-01 3.410619476394682881e-01
3.087499999999997868e+01 4.866050047661751865e-01 5.386203973723776954e-03 1.662990476887215019e-01 3.417536730199312034e-01
3.094999999999997797e+01 4.878833880102476650e-01 5.398273246223015374e-03 1.670765569706021969e-01 3.424518257364664864e-01
3.102499999999997726e+01 4.890357091762676522e-01 5.408949634022939754e-03 1.678126623955615848e-01 3.431501202196981515e-01
3.109999999999997655e+01 4.901273628823975548e-01 5.418859603620513644e-03 1.685265336725978447e-01 3.438423284133894642e-01
3.117499999999997584e+01 4.912238512397198997e-01 5.428632411669262123e-03 1.692376154337891236e-01 3.445223903657728681e-01
3.124999999999997513e+01 4.923882633718504320e-01 5.438873793775915975e-03 1.699648060554972417e-01 3.451845194107322490e-01
3.132499999999997442e+01 4.936789016144966236e-01 5.450140999099492393e-03 1.707256667967914643e-01 3.458232997976233292e-01
3.139999999999997726e+01 4.951471306046282272e-01 5.462920050963188980e-03 1.715356896002440124e-01 3.464337749282326850e-01
3.147499999999997655e+01 4.968355934975972610e-01 5.477606885479847747e-03 1.724076767204780758e-01 3.470115244899656393e-01
3.154999999999997584e+01 4.987767952776506197e-01 5.494492439053264357e-03 1.733512364521303528e-01 3.475527291834659693e-01
3.162499999999997158e+01 5.009921358498214961e-01 5.513752664884559972e-03 1.743724280269740579e-01 3.480542219114679536e-01
3.169999999999997442e+01 5.034913887173233515e-01 5.535443487807452552e-03 1.754735585634961126e-01 3.485135247506939149e-01
3.177499999999997726e+01 5.062726520355386173e-01 5.559501023425695958e-03 1.766531450193513653e-01 3.489288712496975142e-01
3.184999999999997300e+01 5.093227260062279660e-01 5.585746557887871257e-03 1.779060278687285557e-01 3.492992140047430638e-01
3.192499999999997229e+01 5.126179633536076530e-01 5.613896771957567478e-03 1.792236544447451951e-01 3.496242177551538433e-01
3.199999999999997158e+01 5.161254068992352506e-01 5.643577109764054064e-03 1.805944675124495635e-01 3.499042385791861776e-01
3.207499999999997442e+01 5.198042856854832028e-01 5.674338997931438131e-03 1.820044233586507465e-01 3.501402900490431236e-01
3.214999999999997726e+01 5.236078065168825457e-01 5.705680123425924295e-03 1.834376159681433416e-01 3.503339974787576527e-01
3.222499999999997300e+01 5.274849831782477683e-01 5.737064856893220495e-03 1.848769150133838801e-01 3.504875416536933908e-01
3.229999999999996874e+01 5.313826938171870573e-01 5.767946811779905807e-03 1.863046820204907750e-01 3.506035935836963047e-01
3.237499999999997158e+01 5.352476448187853952e-01 5.797789957534434796e-03 1.877034498751771752e-01 3.506852420410490057e-01
3.244999999999997442e+01 5.390282929572633996e-01 5.826088811228264351e-03 1.890565819243570367e-01 3.507359157107293179e-01
3.252499999999997016e+01 5.426766244034708642e-01 5.852386592214818203e-03 1.903488739117867867e-01 3.507593018605231761e-01
3.259999999999997300e+01 5.461497047222693135e-01 5.876290435019232601e-03 1.915670681816268317e-01 3.507592634862696790e-01
3.267499999999996874e+01 5.494109554678037188e-01 5.897483241447161982e-03 1.927002649142858237e-01 3.507397568186612635e-01
3.274999999999997158e+01 5.524311435922638625e-01 5.915732112734747687e-03 1.937402266920628113e-01 3.507047510613518493e-01
3.282499999999996732e+01 5.551889685376447670e-01 5.930892239336984367e-03 1.946815377562363114e-01 3.506581520685165820e-01
3.289999999999997016e+01 5.576713787440042980e-01 5.942907792619234013e-03 1.955216663771726093e-01 3.506037315695300638e-01
3.297499999999997300e+01 5.598734572926804542e-01 5.951808234956577036e-03 1.962608765476929751e-01 3.505450633375807312e-01
3.304999999999996874e+01 5.617980548879449865e-01 5.957702084780012487e-03 1.969020539019792349e-01 3.504854674892972088e-01
3.312499999999997158e+01 5.634550559383227908e-01 5.960767033913956341e-03 1.974504079983996352e-01 3.504279638942720543e-01
3.319999999999996732e+01 5.648604718002819824e-01 5.961238577323502152e-03 1.979131207671400716e-01 3.503752353857685353e-01
3.327499999999997016e+01 5.660352848286434035e-01 5.959396412368693496e-03 1.982989156215680948e-01 3.503296012396106551e-01
3.334999999999996589e+01 5.670041960131769754e-01 5.955550268528447301e-03 1.986176014554235092e-01 3.502930010958996698e-01
3.342499999999996874e+01 5.677943282755198995e-01 5.950025725554307886e-03 1.988796098766525411e-01 3.502669892471116930e-01
3.349999999999997158e+01 5.684339018686643819e-01 5.943150180625182688e-03 1.990955310509434639e-01 3.502527389665511803e-01
3.357499999999996732e+01 5.689510149405218042e-01 5.935240326695697018e-03 1.992756939688078432e-01 3.502510563051550729e-01
3.364999999999996305e+01 5.693725325137640736e-01 5.926591119969241289e-03 1.994297911869647999e-01 3.502624025547698139e-01
3.372499999999996589e+01 5.697231610209166908e-01 5.917466978300929548e-03 1.995665738431986469e-01 3.502869244170886409e-01
3.379999999999996874e+01 5.700247252013799226e-01 5.908095311999414512e-03 1.996936215455800134e-01 3.503244907052613932e-01
3.387499999999997158e+01 5.702956765531189687e-01 5.898662617227270859e-03 1.998171961585736289e-01 3.503747343242608059e-01
3.394999999999996732e+01 5.705508445693318054e-01 5.889313175394937476e-03 1.999421823046578783e-01 3.504370981267760365e-01
3.402499999999996305e+01 5.708014104340113359e-01 5.880150081349105190e-03 2.000721065179030811e-01 3.505108832260547258e-01
3.409999999999996589e+01 5.710551021079208756e-01 5.871238530043384161e-03 2.002092338744791977e-01 3.505952983091334962e-01
3.417499999999996874e+01 5.713165727909311764e-01 5.862610917321484268e-03 2.003547280994615321e-01 3.506895084816308295e-01
3.424999999999996447e+01 5.715879142860748052e-01 5.854273215225405322e-03 2.005088576214699714e-01 3.507926822978923442e-01
3.432499999999996021e+01 5.718692931561434323e-01 5.846212463822278264e-03 2.006712428206994803e-01 3.509040356288340434e-01
3.439999999999996305e+01 5.721596209380949150e-01 5.838404445625600819e-03 2.008411129295204489e-01 3.510228712054647704e-01
3.447499999999996589e+01 5.724572439320841921e-01 5.830821380317569892e-03 2.010175670864480235e-01 3.511486127866984552e-01
3.454999999999996874e+01 5.727605826887246510e-01 5.823438918838855054e-03 2.011998146458822134e-01 3.512808330862867146e-01
3.462499999999996447e+01 5.730686905557174082e-01 5.816242126490370375e-03 2.013873836297288555e-01 3.514192747721726628e-01
3.469999999999996021e+01 5.733817123369676638e-01 5.809230270023687734e-03 2.015802903698217241e-01 3.515638640587757102e-01
3.477499999999996305e+01 5.737011583331207420e-01 5.802419563886032985e-03 2.017791403341365752e-01 3.517147166312206141e-01
3.484999999999996589e+01 5.740300707102065081e-01 5.795844677651320123e-03 2.019851870161483154e-01 3.518721358381912689e-01
3.492499999999996163e+01 5.743729783226177998e-01 5.789557976562112289e-03 2.022003123314315420e-01 3.520366033268686468e-01
3.499999999999996447e+01 5.747357103936024947e-01 5.783627237439021088e-03 2.024269533103655316e-01 3.522087624792538119e-01
3.507499999999996021e+01 5.751250545024636507e-01 5.778131721409549872e-03 2.026679701284397339e-01 3.523893952138222874e-01
3.514999999999996305e+01 5.755482882847764436e-01 5.773156929212838392e-03 2.029264660618310678e-01 3.525793928891414741e-01
3.522499999999995879e+01 5.760126228756091704e-01 5.768788448019195048e-03 2.032055730814759098e-01 3.527797221995228050e-01
3.529999999999996163e+01 5.765245553656667132e-01 5.765104886413865981e-03 2.035082024904092401e-01 3.529913870907580575e-01
3.537499999999996447e+01 5.770892505733747901e-01 5.762171122050887585e-03 2.038368034425499520e-01 3.532153878105079303e-01
3.544999999999996021e+01 5.777098975460234209e-01 5.760031327718004301e-03 2.041931105676030311e-01 3.534526782992080118e-01
3.552499999999996305e+01 5.783871556452115925e-01 5.758702933997695249e-03 2.045779217302678976e-01 3.537041231526898422e-01
3.559999999999995879e+01 5.791186832864320122e-01 5.758171462231762711e-03 2.049909040554505069e-01 3.539704554032874206e-01
3.567499999999996163e+01 5.798987999175825303e-01 5.758386733680945745e-03 2.054304467240675169e-01 3.542522363441070743e-01
3.574999999999995737e+01 5.807183203095777069e-01 5.759260841865006079e-03 2.058935750966737199e-01 3.545498185538782376e-01
3.582499999999996021e+01 5.815645289123291262e-01 5.760667566798880965e-03 2.063759155805696688e-01 3.548633132191610362e-01
3.589999999999996305e+01 5.824213596077781885e-01 5.762443880173908489e-03 2.068717352982430979e-01 3.551925627136294783e-01
3.597499999999995879e+01 5.832697369057631143e-01 5.764393106876521990e-03 2.073740420198826317e-01 3.555371192752065368e-01
3.604999999999995453e+01 5.840880912118455726e-01 5.766289872992620864e-03 2.078747499213837724e-01 3.558962304642994678e-01
3.612499999999995737e+01 5.848530113586046797e-01 5.767886482907300799e-03 2.083648991950259877e-01 3.562688319087174982e-01
3.619999999999996021e+01 5.855400124993280775e-01 5.768920518056915372e-03 2.088349227536601127e-01 3.566535476581111919e-01
3.627499999999996305e+01 5.861243843506603879e-01 5.769123320986388644e-03 2.092749484687810302e-01 3.570486982905972662e-01
3.634999999999995879e+01 5.865820865481876645e-01 5.768229044635209309e-03 2.096751257724895900e-01 3.574523167019093561e-01
3.642499999999995453e+01 5.868906524770720612e-01 5.765983891035907083e-03 2.100259632309826596e-01 3.578621713338460131e-01
3.649999999999995737e+01 5.870300014040233938e-01 5.762154555061239393e-03 2.103186412597349841e-01 3.582757963932122758e-01
3.657499999999996021e+01 5.869832749021506313e-01 5.756537008309661925e-03 2.105453410789256408e-01 3.586905284720817155e-01
3.664999999999995595e+01 5.867374649334740067e-01 5.748963325033220988e-03 2.106995058624673289e-01 3.591035487845608554e-01
3.672499999999995168e+01 5.862839155500492172e-01 5.739307340269944081e-03 2.107760620714134170e-01 3.595119301092614128e-01
3.679999999999995453e+01 5.856187615773590371e-01 5.727489736358882394e-03 2.107716222980066112e-01 3.599126874458309366e-01
3.687499999999995737e+01 5.847430363379690910e-01 5.713479906095703283e-03 2.106845715372788197e-01 3.603028312345862849e-01
3.694999999999996021e+01 5.836627184351683706e-01 5.697297210192107247e-03 2.105151319165980972e-01 3.606794219802160195e-01
3.702499999999995595e+01 5.823885541879775252e-01 5.679009999857348445e-03 2.102653452447180715e-01 3.610396250624986481e-01
3.709999999999995168e+01 5.809357048049290650e-01 5.658732860927796586e-03 2.099389891404209729e-01 3.613807645218085618e-01
3.717499999999995453e+01 5.793232661577928377e-01 5.636622525380358996e-03 2.095414423810145754e-01 3.617003745952451221e-01
3.724999999999995737e+01 5.775736410840012214e-01 5.612872240229451436e-03 2.090794909485468311e-01 3.619962478830274222e-01
3.732499999999995310e+01 5.757118173373401149e-01 5.587705104283986930e-03 2.085610930173995570e-01 3.622664790554274150e-01
3.739999999999995595e+01 5.737645765336802928e-01 5.561366619167152324e-03 2.079951115568512421e-01 3.625095031370271781e-01
3.747499999999995168e+01 5.717596699484256417e-01 5.534116809364284309e-03 2.073910274309263002e-01 3.627241275160830170e-01
3.754999999999995453e+01 5.697249442120505547e-01 5.506221760447610643e-03 2.067586271048075242e-01 3.629095569806266575e-01
3.762499999999995026e+01 5.676876060033336779e-01 5.477946422016515514e-03 2.061077341283711339e-01 3.630654112380970466e-01
3.769999999999995310e+01 5.656733905795616746e-01 5.449546416393761909e-03 2.054478998980445725e-01 3.631917345229065397e-01
3.777499999999995595e+01 5.637059180170904682e-01 5.421261618140996857e-03 2.047881576252759128e-01 3.632889971168745680e-01
3.784999999999995168e+01 5.618061166062869871e-01 5.393310350828276270e-03 2.041367967788499937e-01 3.633580887512992685e-01
3.792499999999995453e+01 5.599917582654632131e-01 5.365884646364853586e-03 2.035011752133868423e-01 3.634003040396844852e-01
3.799999999999995026e+01 5.582771269135147207e-01 5.339146774958559473e-03 2.028875774484250050e-01 3.634173203013120190e-01
3.807499999999995310e+01 5.566728187794501848e-01 5.313227036190321800e-03 2.023011194029462612e-01 3.634111682451240943e-01
3.814999999999994884e+01 5.551856696556322079e-01 5.288222760172794912e-03 2.017456983005918580e-01 3.633841961838274459e-01
3.822499999999995168e+01 5.538188247278706955e-01 5.264198659729355662e-03 2.012239937681543633e-01 3.633390285478821924e-01
3.829999999999995453e+01 5.525719010393534969e-01 5.241188046784799916e-03 2.007375021918575975e-01 3.632785196175969400e-01
3.837499999999995026e+01 5.514412757343355453e-01 5.219195217285597758e-03 2.002866164633345658e-01 3.632057034479685975e-01
3.844999999999994600e+01 5.504204466390016925e-01 5.198198484923232006e-03 1.998707317452980137e-01 3.631237410705875912e-01
3.852499999999994884e+01 5.495004603878927973e-01 5.178153810245011285e-03 1.994883755396887892e-01 3.630358660643701607e-01
3.859999999999995168e+01 5.486703967077838362e-01 5.158998911861093287e-03 1.991373579978379382e-01 3.629453296418622688e-01
3.867499999999995453e+01 5.479178619544294859e-01 5.140657416740431959e-03 1.988149255924359649e-01 3.628553463894401698e-01
3.874999999999995026e+01 5.472295186351914253e-01 5.123043304323116054e-03 1.985179280425204418e-01 3.627690416584813393e-01
3.882499999999994600e+01 5.465915491609183441e-01 5.106064700640325707e-03 1.982429620023603567e-01 3.626894018150964571e-01
3.889999999999994884e+01 5.459901311704399296e-01 5.089627761946466204e-03 1.979865199397172759e-01 3.626192281448260557e-01
3.897499999999995168e+01 5.454118766288800213e-01 5.073640215539399617e-03 1.977451274006478688e-01 3.625610953374994727e-01
3.904999999999994742e+01 5.448441630434480709e-01 5.058013911775935227e-03 1.975154432548500427e-01 3.625173153210404786e-01
3.912499999999994316e+01 5.442754545762648055e-01 5.042667320312227072e-03 1.972943589072155834e-01 3.624899069917001948e-01
3.919999999999994600e+01 5.436955330345332182e-01 5.027527244959483638e-03 1.970790680024114838e-01 3.624805723572017691e-01
3.927499999999994884e+01 5.430956608911783334e-01 5.012529983185500838e-03 1.968671150896103006e-01 3.624906793889062784e-01
3.934999999999995168e+01 5.424686816317075833e-01 4.997621994881689018e-03 1.966564254985941895e-01 3.625212517468575646e-01
3.942499999999994742e+01 5.418090623848265119e-01 4.982760137444212402e-03 1.964453184187378021e-01 3.625729653802101105e-01
3.949999999999994316e+01 5.411128861031654358e-01 4.967911541085352073e-03 1.962325058728711102e-01 3.626461518705332843e-01
3.957499999999994600e+01 5.403777802158161725e-01 4.953053006462464040e-03 1.960170727307517513e-01 3.627408082035986081e-01
3.964999999999994884e+01 5.396028362914461196e-01 4.938170423806151170e-03 1.957984573039136533e-01 3.628566125589460789e-01
3.972499999999994458e+01 5.387884773540154715e-01 4.923257808095895215e-03 1.955764164266091676e-01 3.629929455564508411e-01
3.979999999999994742e+01 5.379363384456070651e-01 4.908316541482563890e-03 1.953509983510057779e-01 3.631489163113276186e-01
3.987499999999994316e+01 5.370490669471857936e-01 4.893353955014396149e-03 1.951224889561987696e-01 3.633233925260453412e-01
3.994999999999994600e+01 5.361302380948654855e-01 4.878383019928284742e-03 1.948914016461347209e-01 3.635150338445370388e-01
4.002499999999994174e+01 5.351841473660227111e-01 4.863420955664822694e-03 1.946584237504842552e-01 3.637223275549558155e-01
4.009999999999994458e+01 5.342156977098768689e-01 4.848488727630097424e-03 1.944243979779666232e-01 3.639436257890629745e-01
4.017499999999994742e+01 5.332302410665114012e-01 4.833610136455341287e-03 1.941902872320930840e-01 3.641771832814544863e-01
4.024999999999994316e+01 5.322334671572822584e-01 4.818811330341800023e-03 1.939571560462571842e-01 3.644211948606008722e-01
4.032499999999994600e+01 5.312312859196367532e-01 4.804120237908018204e-03 1.937261485936405681e-01 3.646738317723006717e-01
4.039999999999994174e+01 5.302297170129001147e-01 4.789566032387205206e-03 1.934984677084428117e-01 3.649332760874569037e-01
4.047499999999994458e+01 5.292347981057838879e-01 4.775178722576167885e-03 1.932753587962701136e-01 3.651977524683440723e-01
4.054999999999994031e+01 5.282524970239025341e-01 4.760988727234596180e-03 1.930580928893625980e-01 3.654655566741732975e-01
4.062499999999994316e+01 5.272886331312800490e-01 4.747026475635895797e-03 1.928479505727079824e-01 3.657350802870318329e-01
4.069999999999994600e+01 5.263488057338978621e-01 4.733322010381917425e-03 1.926462058225437701e-01 3.660048312524117886e-01
4.077499999999994174e+01 5.254383335850006942e-01 4.719904627267558668e-03 1.924541111768344193e-01 3.662734499474825656e-01
4.084999999999993747e+01 5.245621827553167416e-01 4.706802348007091408e-03 1.922728759160894363e-01 3.665397206221699400e-01
4.092499999999994031e+01 5.237249489069896180e-01 4.694041820518517205e-03 1.921036615047200247e-01 3.668025781579415945e-01
4.099999999999994316e+01 5.229307998889544118e-01 4.681647804820231878e-03 1.919475599976292468e-01 3.670611102623708155e-01
4.107499999999994600e+01 5.221834657649375711e-01 4.669643030780196331e-03 1.918055874892963253e-01 3.673145552556391635e-01
4.114999999999993463e+01 5.214862310327348371e-01 4.658048027098172367e-03 1.916786763150895023e-01 3.675622958165072340e-01
4.122499999999993747e+01 5.208419422901169327e-01 4.646881046052971607e-03 1.915676711235334562e-01 3.678038490548968253e-01
4.129999999999994031e+01 5.202530438902617238e-01 4.636158202398273087e-03 1.914733337590484030e-01 3.680388534150246249e-01
4.137499999999994316e+01 5.197216199463569053e-01 4.625893640015968020e-03 1.913963493556604112e-01 3.682670529954389926e-01
4.144999999999994600e+01 5.192494725813631140e-01 4.616099999442114382e-03 1.913373449768753787e-01 3.684882798737826870e-01
4.152499999999993463e+01 5.188381877532785014e-01 4.606788760061927140e-03 1.912969032615712273e-01 3.687024351271114275e-01
4.159999999999993747e+01 5.184892399871589008e-01 4.597970920721111167e-03 1.912755903019979220e-01 3.689094691853878061e-01
4.167499999999994031e+01 5.182040910990247662e-01 4.589657625955497096e-03 1.912739815616950612e-01 3.691093622129356655e-01
4.174999999999993605e+01 5.179843000587589508e-01 4.581860897122416384e-03 1.912926924548605800e-01 3.693021051664322485e-01
4.182499999999993889e+01 5.178315947178822043e-01 4.574594038949885387e-03 1.913323956790786706e-01 3.694876821552723900e-01
4.189999999999993463e+01 5.177480166016839025e-01 4.567872711096643105e-03 1.913938665949490581e-01 3.696660546402305014e-01
4.197499999999993747e+01 5.177359175377446165e-01 4.561714715278033551e-03 1.914779751737951674e-01 3.698371480279534773e-01
4.204999999999994031e+01 5.177980420914177762e-01 4.556140572005387690e-03 1.915857110528262908e-01 3.700008410209508769e-01
4.212499999999993605e+01 5.179375197951754384e-01 4.551173336753254126e-03 1.917181768107305562e-01 3.701569580951536431e-01
4.219999999999993889e+01 5.181578216765097000e-01 4.546838143050268774e-03 1.918765696367210616e-01 3.703052653261137417e-01
4.227499999999993463e+01 5.184626833573032778e-01 4.543161496322289244e-03 1.920621522570244988e-01 3.704454696976968719e-01
4.234999999999993747e+01 5.188559890288509946e-01 4.540170271325549324e-03 1.922762109906367423e-01 3.705772219195588857e-01
4.242499999999993321e+01 5.193415858981630384e-01 4.537890149795277030e-03 1.925199896050643344e-01 3.707001226795947901e-01
4.249999999999993605e+01 5.199230646911415787e-01 4.536343812922286750e-03 1.927946120491969006e-01 3.708137321504015871e-01
4.257499999999993889e+01 5.206035423856584243e-01 4.535549204142800585e-03 1.931010073663794735e-01 3.709175824687953593e-01
4.264999999999993463e+01 5.213853657025384614e-01 4.535517150209771031e-03 1.934398064564464281e-01 3.710111928358341693e-01
4.272499999999993747e+01 5.222698331131279126e-01 4.536249193094416335e-03 1.938112467749586454e-01 3.710940867859345293e-01
4.279999999999993321e+01 5.232569181006934134e-01 4.537735477355154742e-03 1.942150784308003253e-01 3.711658111196274312e-01
4.287499999999993605e+01 5.243449697124969999e-01 4.539952481145002189e-03 1.946504626290916917e-01 3.712259559499927475e-01
4.294999999999993179e+01 5.255305070522405808e-01 4.542861596527155398e-03 1.951159055708410195e-01 3.712741752429710718e-01
4.302499999999993463e+01 5.268079998168603284e-01 4.546407614206698228e-03 1.956091876012429065e-01 3.713102072657297192e-01
4.309999999999993747e+01 5.281697403242670008e-01 4.550518016799448909e-03 1.961273265240559560e-01 3.713338942962628453e-01
4.317499999999993321e+01 5.296057892933387912e-01 4.555102913092297194e-03 1.966665682727596343e-01 3.713452009940730880e-01
4.324999999999993605e+01 5.311039913077634234e-01 4.560055564299810363e-03 1.972224031559665081e-01 3.713442308545565340e-01
4.332499999999993179e+01 5.326501042664169017e-01 4.565253867502168210e-03 1.977896238095311343e-01 3.713312401992926448e-01
4.339999999999993463e+01 5.342280106950630936e-01 4.570562501766324906e-03 1.983624125766582091e-01 3.713066492312461775e-01
4.347499999999993747e+01 5.358200347401246288e-01 4.575835923323272325e-03 1.989344667664789679e-01 3.712710497340084848e-01
4.354999999999992610e+01 5.374073485475082679e-01 4.580922051347129098e-03 1.994991553361671333e-01 3.712252090995195597e-01
4.362499999999992895e+01 5.389704665444398080e-01 4.585666613827675715e-03 2.000497060282320216e-01 3.711700704323049882e-01
4.369999999999993179e+01 5.404898044549493186e-01 4.589917940015523536e-03 2.005794139786780672e-01 3.711067485925105824e-01
4.377499999999993463e+01 5.419463078471868922e-01 4.593532227254754942e-03 2.010818732480765814e-01 3.710365221360191201e-01
4.384999999999993747e+01 5.433220751900413870e-01 4.596378636130538792e-03 2.015512031943238469e-01 3.709608212105608427e-01
4.392499999999992610e+01 5.446010329244894699e-01 4.598344699162816920e-03 2.019822909107263920e-01 3.708812115652594388e-01
4.399999999999992895e+01 5.457695836778952980e-01 4.599341374698344247e-03 2.023710204867268381e-01 3.707993749357843538e-01
4.407499999999993179e+01 5.468171449023191411e-01 4.599307058786134342e-03 2.027144586159985717e-01 3.707170861517345428e-01
4.414999999999992752e+01 5.477367393396095352e-01 4.598211931341579864e-03 2.030110567687304357e-01 3.706361874018073710e-01
4.422499999999993037e+01 5.485253669387742947e-01 4.596060377264931003e-03 2.032607701845412507e-01 3.705585601608630264e-01
4.429999999999992610e+01 5.491842913346460797e-01 4.592892634839808655e-03 2.034651437234031857e-01 3.704860953486768249e-01
4.437499999999992895e+01 5.497192760931818301e-01 4.588785990988034427e-03 2.036273783500937018e-01 3.704206623374386442e-01
4.444999999999993179e+01 5.501405175352349630e-01 4.583853436372288710e-03 2.037522852467479328e-01 3.703640774535356117e-01
4.452499999999992752e+01 5.504625284187761869e-01 4.578241944760095931e-03 2.038462225904429381e-01 3.703180726506465348e-01
4.459999999999993037e+01 5.507038275683153739e-01 4.572129193481011891e-03 2.039169620292528018e-01 3.702842650098644994e-01
4.467499999999992610e+01 5.508864662166843562e-01 4.565719012771962508e-03 2.039734968955870809e-01 3.702641277365428252e-01
4.474999999999992895e+01 5.510354178519321078e-01 4.559235811110178178e-03 2.040258025471801684e-01 3.702589632850126766e-01
4.482499999999992468e+01 5.511778434585108410e-01 4.552918092679099187e-03 2.040845535043402936e-01 3.702698791804799328e-01
4.489999999999992752e+01 5.513422587227990723e-01 4.547011298509585214e-03 2.041608073030800607e-01 3.702977670821472889e-01
4.497499999999993037e+01 5.515575800015923846e-01 4.541759785249497618e-03 2.042656463415958301e-01 3.703432855387575051e-01
4.504999999999992610e+01 5.518522804465507692e-01 4.537399847137795796e-03 2.044098631135573552e-01 3.704068468252987856e-01
4.512499999999992895e+01 5.522533278576553517e-01 4.534151064310354071e-03 2.046035667770044197e-01 3.704886081369915818e-01
4.519999999999992468e+01 5.527853394382379326e-01 4.532209551369762064e-03 2.048558717219128855e-01 3.705884673607578450e-01
4.527499999999992752e+01 5.534697083913043825e-01 4.531741068230141743e-03 2.051745768641193290e-01 3.707060634997939585e-01
4.534999999999992326e+01 5.543238663141606404e-01 4.532875323901165016e-03 2.055658959389174978e-01 3.708407817721741662e-01
4.542499999999992610e+01 5.553606681638310061e-01 4.535701343436571338e-03 2.060342335256059032e-01 3.709917632568569545e-01
4.549999999999992895e+01 5.565879529214031729e-01 4.540264314252516822e-03 2.065820262984892075e-01 3.711579189132414580e-01
4.557499999999992468e+01 5.580082296570721967e-01 4.546563484030048674e-03 2.072096307846691410e-01 3.713379476715087946e-01
4.564999999999992752e+01 5.596186088487766774e-01 4.554552074600601644e-03 2.079153022055171274e-01 3.715303582081223577e-01
4.572499999999992326e+01 5.614108756355841168e-01 4.564138356565394967e-03 2.086952263539523234e-01 3.717334939721009257e-01
4.579999999999992610e+01 5.633717583576862697e-01 4.575188311730954416e-03 2.095436246772773847e-01 3.719455609349830993e-01
4.587499999999992895e+01 5.654833668030003757e-01 4.587529668531519118e-03 2.104529235438831192e-01 3.721646575277596236e-01
4.594999999999991758e+01 5.677238028902429345e-01 4.600957325594673755e-03 2.114139891110748959e-01 3.723888060264177735e-01
4.602499999999992042e+01 5.700678605204432259e-01 4.615239486295342683e-03 2.124163973567427810e-01 3.726159849860984918e-01
4.609999999999992326e+01 5.724878615257595893e-01 4.630124878337879210e-03 2.134487568913758793e-01 3.728441618351615583e-01
4.617499999999992610e+01 5.749545352345759586e-01 4.645350305384088156e-03 2.144990503511099433e-01 3.730713251328583446e-01
4.624999999999992895e+01 5.774379448501004708e-01 4.660648550788393067e-03 2.155549954739628404e-01 3.732955158149844910e-01
4.632499999999991758e+01 5.799084084931076521e-01 4.675756204654630578e-03 2.166044061806253751e-01 3.735148568434661365e-01
4.639999999999992042e+01 5.823373809762152353e-01 4.690421132500140373e-03 2.176355405480061567e-01 3.737275807078838108e-01
4.647499999999992326e+01 5.846982764608031902e-01 4.704409416992454129e-03 2.186374276547239370e-01 3.739320542864313923e-01
4.654999999999991900e+01 5.869672164069404952e-01 4.717511638174522529e-03 2.196001667570236515e-01 3.741268006436262450e-01
4.662499999999992184e+01 5.891236081485198284e-01 4.729547722822787480e-03 2.205151625766120782e-01 3.743105173965792787e-01
4.669999999999991758e+01 5.911506440695936115e-01 4.740371082055014861e-03 2.213753295319688119e-01 3.744820914140918333e-01
4.677499999999992042e+01 5.930356384223920418e-01 4.749871364859679923e-03 2.221752330913111528e-01 3.746406095970001848e-01
4.684999999999992326e+01 5.947701975825175902e-01 4.757975795748293872e-03 2.229111660308071841e-01 3.747853657376314374e-01
4.692499999999991900e+01 5.963502605259545231e-01 4.764649393366553881e-03 2.235811727837251350e-01 3.749158633493954729e-01
4.699999999999992184e+01 5.977759721936399817e-01 4.769893778489354454e-03 2.241850075889992855e-01 3.750318146216458093e-01
4.707499999999991758e+01 5.990514410363283471e-01 4.773744991470364914e-03 2.247240454734670267e-01 3.751331356197156186e-01
4.714999999999992042e+01 6.001843663021334541e-01 4.776270216404329347e-03 2.252011407034637536e-01 3.752199379850178484e-01
4.722499999999991616e+01 6.011855646528297958e-01 4.777563663475517877e-03 2.256204440076309270e-01 3.752925174408026643e-01
4.729999999999991900e+01 6.020684420104946977e-01 4.777741990887846880e-03 2.259871961689947639e-01 3.753513394828549288e-01
4.737499999999992184e+01 6.028483583156342140e-01 4.776938867007560034e-03 2.263074788244827662e-01 3.753970226555624623e-01
4.744999999999991758e+01 6.035420388321602880e-01 4.775299909742435241e-03 2.265879807172781479e-01 3.754303199089836229e-01
4.752499999999992042e+01 6.041669317423211671e-01 4.772977219642753066e-03 2.268357423635214420e-01 3.754520984943073847e-01
4.759999999999991616e+01 6.047405928506752737e-01 4.770124161459908529e-03 2.270579100854912546e-01 3.754633189334409815e-01
4.767499999999991900e+01 6.052801276648333006e-01 4.766890641462931573e-03 2.272615113317448809e-01 3.754650135442547665e-01
4.774999999999991473e+01 6.058016815755062900e-01 4.763418813064594116e-03 2.274532483238339564e-01 3.754582650419475698e-01
4.782499999999991758e+01 6.063200119674355681e-01 4.759839480578320278e-03 2.276393231586577581e-01 3.754441856866896354e-01
4.789999999999992042e+01 6.068481423005238629e-01 4.756269200925948223e-03 2.278252947243525339e-01 3.754238974196755230e-01
4.797499999999991616e+01 6.073970978610241378e-01 4.752808079257981981e-03 2.280159676024012816e-01 3.753985134360530163e-01
4.804999999999991900e+01 6.079757617019462268e-01 4.749538553837674704e-03 2.282153275118998792e-01 3.753691214153699329e-01
4.812499999999991473e+01 6.085907869544950888e-01 4.746524666462685615e-03 2.284264995735163506e-01 3.753367689258102491e-01
4.819999999999991758e+01 6.092466197620141077e-01 4.743812233754804604e-03 2.286517496669812077e-01 3.753024510112142886e-01
4.827499999999992042e+01 6.099455881375313027e-01 4.741429563413158271e-03 2.288925121737698243e-01 3.752671002551113966e-01
4.834999999999990905e+01 6.106880466620364656e-01 4.739388629902499712e-03 2.291494402557854304e-01 3.752315793772201258e-01
4.842499999999991189e+01 6.114725889598067177e-01 4.737686795425301647e-03 2.294224830684697958e-01 3.751966763690043338e-01
4.849999999999991473e+01 6.122962876961326462e-01 4.736308757211648256e-03 2.297109747247645384e-01 3.751631021463327498e-01
4.857499999999991758e+01 6.131549332197290259e-01 4.735228493346505321e-03 2.300137240643060910e-01 3.751314905948556211e-01
4.864999999999992042e+01 6.140433192617468228e-01 4.734411577756034856e-03 2.303291232578307257e-01 3.751024008122932907e-01
4.872499999999990905e+01 6.149554877781848727e-01 4.733817181143665578e-03 2.306552421512246820e-01 3.750763213522574357e-01
4.879999999999991189e+01 6.158849737886087361e-01 4.733400071923979380e-03 2.309899235098897829e-01 3.750536761579977285e-01
4.887499999999991473e+01 6.168250155859448247e-01 4.733112348437252398e-03 2.313308660298702968e-01 3.750348318965640027e-01
4.894999999999991047e+01 6.177687353651950541e-01 4.732904940114779010e-03 2.316756968186179932e-01 3.750201063212797448e-01
4.902499999999991331e+01 6.187092787840545727e-01 4.732728788582140841e-03 2.320220288602390379e-01 3.750097773161418790e-01
4.909999999999990905e+01 6.196399278092977747e-01 4.732535817556524603e-03 2.323675086420249336e-01 3.750040922371598029e-01
4.917499999999991189e+01 6.205541778920772300e-01 4.732279621333221678e-03 2.327098503790607786e-01 3.750032771828862854e-01
4.924999999999991473e+01 6.214457768555963213e-01 4.731915850736491402e-03 2.330468556487718113e-01 3.750075458360130898e-01
4.932499999999991047e+01 6.223087463076868442e-01 4.731402453799338388e-03 2.333764260336519403e-01 3.750171075343751159e-01
4.939999999999991331e+01 6.231373864762129733e-01 4.730699775777677009e-03 2.336965689234168364e-01 3.750321742769284761e-01
4.947499999999990905e+01 6.239262663599315362e-01 4.729770530475845003e-03 2.340053969952919921e-01 3.750529663713477735e-01
4.954999999999991189e+01 6.246702214908500528e-01 4.728579810585235334e-03 2.343011296144980049e-01 3.750797165507752107e-01
4.962499999999990763e+01 6.253643486065983970e-01 4.727095052778892970e-03 2.345820919941521421e-01 3.751126723434662358e-01
4.969999999999991047e+01 6.260040142927622009e-01 4.725286085655750271e-03 2.348467184570903754e-01 3.751520966241919663e-01
4.977499999999991331e+01 6.265848854074539398e-01 4.723125317502826007e-03 2.350935626787027388e-01 3.751982662745315666e-01
4.984999999999990905e+01 6.271029703718227211e-01 4.720587980526601800e-03 2.353213108292506739e-01 3.752514689728285724e-01
4.992499999999991189e+01 6.275546854816533848e-01 4.717652538369973732e-03 2.355288029781205106e-01 3.753119981844295072e-01
4.999999999999990763e+01 6.279369306123159244e-01 4.714301139800466944e-03 2.357150569900229309e-01 3.753801464745379901e-01
5.007499999999991047e+01 6.282472043090524538e-01 4.710520345928342553e-03 2.358793063223613151e-01 3.754561973447726464e-01
5.014999999999990621e+01 6.284836917973114501e-01 4.706301633824708404e-03 2.360210269363086644e-01 3.755404157924059350e-01
5.022499999999990905e+01 6.286453860242141589e-01 4.701642132744108041e-03 2.361399761170723810e-01 3.756330379047381207e-01
5.029999999999991189e+01 6.287321908076318744e-01 4.696545214888917311e-03 2.362362243089121128e-01 3.757342597735566225e-01
5.037499999999990763e+01 6.287450203306818031e-01 4.691021053431445979e-03 2.363101855666086548e-01 3.758442260780432420e-01
5.044999999999991047e+01 6.286858647917716869e-01 4.685086928263544788e-03 2.363626355308954263e-01 3.759630186837134569e-01
5.052499999999990621e+01 6.285578441294800145e-01 4.678767450048413809e-03 2.363947254136956611e-01 3.760906456287886890e-01
5.059999999999990905e+01 6.283652156827016499e-01 4.672094454240731734e-03 2.364079793845805799e-01 3.762270308481824310e-01
5.067499999999991189e+01 6.281133461846014621e-01 4.665106649545076173e-03 2.364042794656963098e-01 3.763720049919421218e-01
5.074999999999990052e+01 6.278086462904546305e-01 4.657849013237810518e-03 2.363858374218184011e-01 3.765252976660262152e-01
5.082499999999990337e+01 6.274584525379202082e-01 4.650371826377459883e-03 2.363551480756339584e-01 3.766865313864744547e-01
5.089999999999990621e+01 6.270708736608916478e-01 4.642729479198606964e-03 2.363149304912086635e-01 3.768552175156574258e-01
5.097499999999990905e+01 6.266545947971224884e-01 4.634979001755327663e-03 2.362680546144774185e-01 3.770307543838699038e-01
5.104999999999991189e+01 6.262186504167044365e-01 4.627178402350433373e-03 2.362174574399892313e-01 3.772124277723174490e-01
5.112499999999990052e+01 6.257721715635693460e-01 4.619384855831365662e-03 2.361660507543781318e-01 3.773994138542274834e-01
5.119999999999990337e+01 6.253241131155528043e-01 4.611652783638648702e-03 2.361166225222983694e-01 3.775907846346981955e-01
5.127499999999990621e+01 6.248829809761110576e-01 4.604031971559143649e-03 2.360717393416946752e-01 3.777855158944064540e-01
5.134999999999990195e+01 6.244565529075438715e-01 4.596565676213033858e-03 2.360336474735388324e-01 3.779824975405224885e-01
5.142499999999990479e+01 6.240516344275820471e-01 4.589289022486367671e-03 2.360041879813610244e-01 3.781805462264967166e-01
5.149999999999990052e+01 6.236738176706300152e-01 4.582227451762285915e-03 2.359847137657572480e-01 3.783784200644185747e-01
5.157499999999990337e+01 6.233272882795707348e-01 4.575395548478174666e-03 2.359760254127614143e-01 3.785748351625558561e-01
5.164999999999990621e+01 6.230146826845878172e-01 4.568796256881044182e-03 2.359783266679055247e-01 3.787684836753256734e-01
5.172499999999990195e+01 6.227369780887080930e-01 4.562420353728250874e-03 2.359911927965933076e-01 3.789580530786733625e-01
5.179999999999990479e+01 6.224934573495315426e-01 4.556246480249593472e-03 2.360135676769284929e-01 3.791422462202784782e-01
5.187499999999990052e+01 6.222817137430493029e-01 4.550241471468267213e-03 2.360437763324159111e-01 3.793198018187023401e-01
5.194999999999990337e+01 6.220977212291975977e-01 4.544361164209236720e-03 2.360795624806694137e-01 3.794895149498406783e-01
5.202499999999989910e+01 6.219359641078555656e-01 4.538551632330603720e-03 2.361181486719992062e-01 3.796502570979346514e-01
5.209999999999990195e+01 6.217896034446792619e-01 4.532750677767771914e-03 2.361563103117004792e-01 3.798009953904147862e-01
5.217499999999990479e+01 6.216506935211530971e-01 4.526889667253158195e-03 2.361904683889330947e-01 3.799408105717752004e-01
5.224999999999990052e+01 6.215104393647244985e-01 4.520895642477140534e-03 2.362167973194301274e-01 3.800689133409868581e-01
5.232499999999990337e+01 6.213594701406487397e-01 4.514693513501966821e-03 2.362313380939899954e-01 3.801846587137676092e-01
5.239999999999989910e+01 6.211881328109087885e-01 4.508208361530884750e-03 2.362301181442179043e-01 3.802875580949434120e-01
5.247499999999990195e+01 6.209867876178338797e-01 4.501367711094375265e-03 2.362092706396768937e-01 3.803772887758188892e-01
5.254999999999989768e+01 6.207461073655199391e-01 4.494103781569556630e-03 2.361651537214797258e-01 3.804537006664083787e-01
5.262499999999990052e+01 6.204573484649170689e-01 4.486355482058221496e-03 2.360944572433134603e-01 3.805168200963987557e-01
5.269999999999990337e+01 6.201126057186815421e-01 4.478070234732900445e-03 2.359943013704234316e-01 3.805668505914616140e-01
5.277499999999989910e+01 6.197050453884723753e-01 4.469205586336269000e-03 2.358623248188961297e-01 3.806041706035198091e-01
5.284999999999990195e+01 6.192290672503735216e-01 4.459730253025695305e-03 2.356967438724075770e-01 3.806293282048209825e-01
5.292499999999989768e+01 6.186804726711123692e-01 4.449625158335020897e-03 2.354964115048805429e-01 3.806430328860069268e-01
5.299999999999990052e+01 6.180565391027611488e-01 4.438883749613098395e-03 2.352608387294937708e-01 3.806461445598880999e-01
5.307499999999990337e+01 6.173560790876512216e-01 4.427512163242074139e-03 2.349902080640726698e-01 3.806396600343658898e-01
5.314999999999989200e+01 6.165794526335190984e-01 4.415529020883958260e-03 2.346853674599819195e-01 3.806246972026062769e-01
5.322499999999989484e+01 6.157285031591369640e-01 4.402964652070455454e-03 2.343477936064495282e-01 3.806024772348107765e-01
5.329999999999989768e+01 6.148065261721176178e-01 4.389860535669662910e-03 2.339795665511925638e-01 3.805743052338533827e-01
5.337499999999990052e+01 6.138181031534439835e-01 4.376267767271469107e-03 2.335832920781142352e-01 3.805415494885174832e-01
5.344999999999990337e+01 6.127689822579654999e-01 4.362245866486782336e-03 2.331620415637181143e-01 3.805056200862999560e-01
5.352499999999989200e+01 6.116659347308918138e-01 4.347861418586330268e-03 2.327192824298328633e-01 3.804679469884487131e-01
5.359999999999989484e+01 6.105165459946504392e-01 4.333186269274439707e-03 2.322587840331095110e-01 3.804299581344100512e-01
5.367499999999989768e+01 6.093290238498241251e-01 4.318295867573388770e-03 2.317845306920012227e-01 3.803930579698220349e-01
5.374999999999989342e+01 6.081120366086170126e-01 4.303267851589444304e-03 2.313006470229321820e-01 3.803586068002762777e-01
5.382499999999989626e+01 6.068744940831412027e-01 4.288180263807154016e-03 2.308113026994196293e-01 3.803279013202335856e-01
5.389999999999989200e+01 6.056253953636906440e-01 4.273110278463778181e-03 2.303206440091971619e-01 3.803021567001575454e-01
5.397499999999989484e+01 6.043736147976478401e-01 4.258132532097468927e-03 2.298327034199604268e-01 3.802824904871325296e-01
5.404999999999989768e+01 6.031278046117439784e-01 4.243318319567658189e-03 2.293513551726314992e-01 3.802699086643395177e-01
5.412499999999989342e+01 6.018962230104299982e-01 4.228734303577831762e-03 2.288802441811497168e-01 3.802652939677668709e-01
5.419999999999989626e+01 6.006866299256786723e-01 4.214441741332629159e-03 2.284227423802280832e-01 3.802693967210327153e-01
5.427499999999989200e+01 5.995061979930149665e-01 4.200495854804674363e-03 2.279819125195232665e-01 3.802828282388826531e-01
5.434999999999989484e+01 5.983614351844444013e-01 4.186945317084112515e-03 2.275604779835210811e-01 3.803060568456851920e-01
5.442499999999989058e+01 5.972581255344476814e-01 4.173831897181548047e-03 2.271608010041052950e-01 3.803394065184693140e-01
5.449999999999989342e+01 5.962013011357305547e-01 4.161190351296786306e-03 2.267848741456743866e-01 3.803830580605270795e-01
5.457499999999989626e+01 5.951952182065221031e-01 4.149048366508057209e-03 2.264343146021767783e-01 3.804370527110117473e-01
5.464999999999989200e+01 5.942433489334555397e-01 4.137426634940876390e-03 2.261103655995184702e-01 3.805012980041594384e-01
5.472499999999989484e+01 5.933483955615487249e-01 4.126339099402302063e-03 2.258139072147905546e-01 3.805755756718257055e-01
5.479999999999989058e+01 5.925122905805072504e-01 4.115793114920342742e-03 2.255454626976343135e-01 3.806595513430762190e-01
5.487499999999989342e+01 5.917362758773105913e-01 4.105790167815918934e-03 2.253052354588981343e-01 3.807527857318865339e-01
5.494999999999988916e+01 5.910208500879527982e-01 4.096325684874756352e-03 2.250930963838674304e-01 3.808547470878060892e-01
5.502499999999989200e+01 5.903658863813354696e-01 4.087390027744454077e-03 2.249086362766381519e-01 3.809648244671148820e-01
5.509999999999989484e+01 5.897706462009805195e-01 4.078968763450346001e-03 2.247511788661136212e-01 3.810823416083063409e-01
5.517499999999989058e+01 5.892338325402488586e-01 4.071043204982865635e-03 2.246198088349291577e-01 3.812065710255800877e-01
5.524999999999989342e+01 5.887536464455513929e-01 4.063590966872619899e-03 2.245134009197118363e-01 3.813367480187234704e-01
5.532499999999988916e+01 5.883278417431130336e-01 4.056586498658226736e-03 2.244306480382659563e-01 3.814720842945610313e-01
5.539999999999989200e+01 5.879537838690491736e-01 4.050001634670659031e-03 2.243700905607540763e-01 3.816117809197167032e-01
5.547499999999989484e+01 5.876285113795336468e-01 4.043806148259226560e-03 2.243301460746801590e-01 3.817550403537027792e-01
5.554999999999988347e+01 5.873487913504989999e-01 4.037968248320924006e-03 2.243091361942268769e-01 3.819010773453195284e-01
5.562499999999988631e+01 5.871111832419573240e-01 4.032455117293723239e-03 2.243053158994628982e-01 3.820491285157879835e-01
5.569999999999988916e+01 5.869120917513074298e-01 4.027233355642888257e-03 2.243168979093084214e-01 3.821984604882844305e-01
5.577499999999989200e+01 5.867478233312821700e-01 4.022269433503228298e-03 2.243420776536421135e-01 3.823483764795782003e-01
5.584999999999989484e+01 5.866146335597498540e-01 4.017530061328040795e-03 2.243790539251706573e-01 3.824982213000256426e-01
5.592499999999988347e+01 5.865087717378570931e-01 4.012982523863485584e-03 2.244260476470649746e-01 3.826473847647299809e-01
5.599999999999988631e+01 5.864265102563874787e-01 4.008594892982430928e-03 2.244813140070156532e-01 3.827953035562320361e-01
5.607499999999988916e+01 5.863641929229355121e-01 4.004336354598373067e-03 2.245431610841033265e-01 3.829414616277814210e-01
5.614999999999988489e+01 5.863182260667190171e-01 4.000177130170958807e-03 2.246099458590988807e-01 3.830853892533434557e-01
5.622499999999988773e+01 5.862851090905882856e-01 3.996088656244324577e-03 2.246800846973366905e-01 3.832266609087983111e-01
5.629999999999988347e+01 5.862614281406520744e-01 3.992043501887829714e-03 2.247520491562843281e-01 3.833648921251617270e-01
5.637499999999988631e+01 5.862438551521220731e-01 3.988015315778963010e-03 2.248243634270385982e-01 3.834997355643067762e-01
5.644999999999988916e+01 5.862291233520132705e-01 3.983978608002325568e-03 2.248955924217308500e-01 3.836308765006335442e-01
5.652499999999988489e+01 5.862140283566635857e-01 3.979908703977388419e-03 2.249643394923214190e-01 3.837580279731022115e-01
5.659999999999988773e+01 5.861953916228442862e-01 3.975781442421274375e-03 2.250292296410436599e-01 3.838809258088241028e-01
5.667499999999988347e+01 5.861700528993889492e-01 3.971573073272557236e-03 2.250889039277217396e-01 3.839993237702239437e-01
5.674999999999988631e+01 5.861348458861247446e-01 3.967260046342789212e-03 2.251420076299528450e-01 3.841129890334037400e-01
5.682499999999988205e+01 5.860866085807748815e-01 3.962819041735165908e-03 2.251871920466003152e-01 3.842216982092414579e-01
5.689999999999988489e+01 5.860221670255825188e-01 3.958226827926674719e-03 2.252231065090273265e-01 3.843252340643887877e-01
5.697499999999988773e+01 5.859383564334305072e-01 3.953460382231326238e-03 2.252484052776293488e-01 3.844233831161046888e-01
5.704999999999988347e+01 5.858320656132276483e-01 3.948497177953206455e-03 2.252617640022299694e-01 3.845159342147551618e-01
5.712499999999988631e+01 5.857002774933476319e-01 3.943315454472931698e-03 2.252618953367657717e-01 3.846026781835087949e-01
5.719999999999988205e+01 5.855401443576576659e-01 3.937894730606204818e-03 2.252475785906744576e-01 3.846834085778574330e-01
5.727499999999988489e+01 5.853490658229805188e-01 3.932216344413506058e-03 2.252176911262830927e-01 3.847579235641809814e-01
5.734999999999988063e+01 5.851248058697952059e-01 3.926264262400476837e-03 2.251712554486668960e-01 3.848260288913013527e-01
5.742499999999988347e+01 5.848656111175232208e-01 3.920025901514359416e-03 2.251074873944616250e-01 3.848875418822126915e-01
5.749999999999988631e+01 5.845703352181623735e-01 3.913492995023918480e-03 2.250258472138748633e-01 3.849422963447075019e-01
5.757499999999988205e+01 5.842385726965396708e-01 3.906662522233660811e-03 2.249260947176026093e-01 3.849901482530696528e-01
5.764999999999988489e+01 5.838708017441726073e-01 3.899537696238989434e-03 2.248083481881772983e-01 3.850309820539352668e-01
5.772499999999988063e+01 5.834685106247676778e-01 3.892128837513423104e-03 2.246731371454618875e-01 3.850647173827528302e-01
5.779999999999988347e+01 5.830343019606053501e-01 3.884454093575827500e-03 2.245214466086823402e-01 3.850913159889053361e-01
5.787499999999988631e+01 5.825720078946305946e-01 3.876540223017017114e-03 2.243547654071094133e-01 3.851107886523931767e-01
5.794999999999987494e+01 5.820867205221114116e-01 3.868422805102059939e-03 2.241751015556638915e-01 3.851232018393868639e-01
5.802499999999987779e+01 5.815848558928433665e-01 3.860146663001259425e-03 2.239850101206476429e-01 3.851286838904841581e-01
5.809999999999988063e+01 5.810741136345274338e-01 3.851765581852992053e-03 2.237875803056583734e-01 3.851274304854197528e-01
5.817499999999988347e+01 5.805634278014250027e-01 3.843341959291881292e-03 2.235864184818047162e-01 3.851197091909824288e-01
5.824999999999988631e+01 5.800628596029619999e-01 3.834946061366423329e-03 2.233856080745937334e-01 3.851058628844042930e-01
5.832499999999987494e+01 5.795834375349113721e-01 3.826654923036465050e-03 2.231896483861013358e-01 3.850863118783608430e-01
5.839999999999987779e+01 5.791369548961863289e-01 3.818550961953359399e-03 2.230033761780757517e-01 3.850615545990332955e-01
5.847499999999988063e+01 5.787357141203455235e-01 3.810720238782441382e-03 2.228318659628027998e-01 3.850321667144701587e-01
5.854999999999987637e+01 5.783922400149557053e-01 3.803250513084942795e-03 2.226803175411229407e-01 3.849987986273207818e-01
5.862499999999987921e+01 5.781189571540688021e-01 3.796229066306883951e-03 2.225539290122405811e-01 3.849621712939780283e-01
5.869999999999987494e+01 5.779278351009637937e-01 3.789740319426749583e-03 2.224577567503497333e-01 3.849230703890329508e-01
5.877499999999987779e+01 5.778300495097641321e-01 3.783863562819785725e-03 2.223965809047324660e-01 3.848823388354682962e-01
5.884999999999988063e+01 5.778356061261084031e-01 3.778670452219223905e-03 2.223747561131008688e-01 3.848408678100206926e-01
5.892499999999987637e+01 5.779530091976614603e-01 3.774222806334198883e-03 2.223960788632421970e-01 3.847995863400412997e-01
5.899999999999987921e+01 5.781889411168807946e-01 3.770570487724573833e-03 2.224636587757493622e-01 3.847594496463715430e-01
5.907499999999987494e+01 5.785479884400114292e-01 3.767749595946600586e-03 2.225798073805449473e-01 3.847214264467602174e-01
5.914999999999987779e+01 5.790324210992162657e-01 3.765781014774440515e-03 2.227459470239077088e-01 3.846864854321180860e-01
5.922499999999987352e+01 5.796420282409225910e-01 3.764669332903348986e-03 2.229625412412004071e-01 3.846555811659125856e-01
5.929999999999987637e+01 5.803740253391601600e-01 3.764402230268633614e-03 2.232290522549295053e-01 3.846296396956746522e-01
5.937499999999987921e+01 5.812230532404663030e-01 3.764950459658536475e-03 2.235439335422251261e-01 3.846095441258065017e-01
5.944999999999987494e+01 5.821812485249048263e-01 3.766268285827234410e-03 2.239046495924286173e-01 3.845961204689166690e-01
5.952499999999987779e+01 5.832384021902239368e-01 3.768294488937293154e-03 2.243077294539919109e-01 3.845901240584526093e-01
5.959999999999987352e+01 5.843821591850769659e-01 3.770953622540082484e-03 2.247488359033884553e-01 3.845922268003553190e-01
5.967499999999987637e+01 5.855983672999639511e-01 3.774158225230756902e-03 2.252228920906449439e-01 3.846030055191016483e-01
5.974999999999987210e+01 5.868714368012050153e-01 3.777811088481681460e-03 2.257242125367799890e-01 3.846229316715598090e-01
5.982499999999987494e+01 5.881847580745872550e-01 3.781807887411173501e-03 2.262466568643729525e-01 3.846523626436487708e-01
5.989999999999987779e+01 5.895211482458463381e-01 3.786039988724586303e-03 2.267837953246022442e-01 3.846915348150109493e-01
5.997499999999987352e+01 5.908633808706229562e-01 3.790397785398138923e-03 2.273291071792529205e-01 3.847405585438193332e-01
6.004999999999987637e+01 5.921946423982712426e-01 3.794773556882269881e-03 2.278761520907798266e-01 3.847994152191692718e-01
6.012499999999987210e+01 5.934990344053735489e-01 3.799064623853344851e-03 2.284187605091818618e-01 3.848679564205770287e-01
6.019999999999987494e+01 5.947620106666772211e-01 3.803176089714806456e-03 2.289512006008308509e-01 3.849459052440087348e-01
6.027499999999987779e+01 5.959708129411998012e-01 3.807023582841611003e-03 2.294683464557776276e-01 3.850328597860674384e-01
6.034999999999986642e+01 5.971147836349061100e-01 3.810535223608670953e-03 2.299658007447827890e-01 3.851282986913798778e-01
6.042499999999986926e+01 5.981856818946617027e-01 3.813653629980721851e-03 2.304400205915846378e-01 3.852315887296083319e-01
6.049999999999987210e+01 5.991778735959899516e-01 3.816337135565908700e-03 2.308883967017369976e-01 3.853419942162600864e-01
6.057499999999987494e+01 6.000884123448324559e-01 3.818560332859957836e-03 2.313092921629914533e-01 3.854586880942350025e-01
6.064999999999987779e+01 6.009171133981418000e-01 3.820314591939842630e-03 2.317020800011510007e-01 3.855807645265632022e-01
6.072499999999986642e+01 6.016664336490986642e-01 3.821607363588601369e-03 2.320671071539173180e-01 3.857072526822437064e-01
6.079999999999986926e+01 6.023413409818485498e-01 3.822461434194275240e-03 2.324056551990114627e-01 3.858371315177833161e-01
6.087499999999987210e+01 6.029490724717277983e-01 3.822913490181442577e-03 2.327198587147948361e-01 3.859693452396960600e-01
6.094999999999986784e+01 6.034988265948526553e-01 3.823012277486453718e-03 2.330125983127988576e-01 3.861028191679110044e-01
6.102499999999987068e+01 6.040014026362914290e-01 3.822816436989598735e-03 2.332873730672897494e-01 3.862364756920395048e-01
6.109999999999986642e+01 6.044687911361902311e-01 3.822392038255098285e-03 2.335481535373860051e-01 3.863692500954383768e-01
6.117499999999986926e+01 6.049137434137042968e-01 3.821809984448199405e-03 2.337992257986181155e-01 3.865001057493272496e-01
6.124999999999987210e+01 6.053493183460811888e-01 3.821143277829478976e-03 2.340450257670551037e-01 3.866280487545711853e-01
6.132499999999986784e+01 6.057884494960306121e-01 3.820464412388811012e-03 2.342899800897433327e-01 3.867521414194254881e-01
6.139999999999987068e+01 6.062435127417222791e-01 3.819842768614006151e-03 2.345383459928994663e-01 3.868715146034391594e-01
6.147499999999986642e+01 6.067259469146115691e-01 3.819342337866377547e-03 2.347940702203350494e-01 3.869853785128776202e-01
6.154999999999986926e+01 6.072459085696636505e-01 3.819019657840520224e-03 2.350606599400835162e-01 3.870930320366534061e-01
6.162499999999986500e+01 6.078119828564717553e-01 3.818922093517228885e-03 2.353410740129987522e-01 3.871938702277477606e-01
6.169999999999986784e+01 6.084309625498991458e-01 3.819086540069255558e-03 2.356376395222725684e-01 3.872873900676073178e-01
6.177499999999987068e+01 6.091077027555582557e-01 3.819538591069153617e-03 2.359519964632964539e-01 3.873731942575460163e-01
6.184999999999986642e+01 6.098450411329157106e-01 3.820292108065907223e-03 2.362850668838758494e-01 3.874509931980860689e-01
6.192499999999986926e+01 6.106437768600264659e-01 3.821349146724406856e-03 2.366370459109083946e-01 3.875206051025572584e-01
6.199999999999986500e+01 6.115027372328351030e-01 3.822700418708505424e-03 2.370074259599268540e-01 3.875819543056013838e-01
6.207499999999986784e+01 6.124188964722130368e-01 3.824326065519859357e-03 2.373950405171447731e-01 3.876350678998292110e-01
6.214999999999986358e+01 6.133875500202490283e-01 3.826196763207144642e-03 2.377981288333235188e-01 3.876800708222287728e-01
6.222499999999986642e+01 6.144025342321709493e-01 3.828275093253347659e-03 2.382144176776890276e-01 3.877171795448232650e-01
6.229999999999986926e+01 6.154564786438000423e-01 3.830517098798453222e-03 2.386412152551431465e-01 3.877466945851397728e-01
6.237499999999986500e+01 6.165410898007427365e-01 3.832874018786540035e-03 2.390755169218099496e-01 3.877689920051812233e-01
6.244999999999986784e+01 6.176474368570338269e-01 3.835294014666497560e-03 2.395141112159222541e-01 3.877845141472874291e-01
6.252499999999986358e+01 6.187662446159951646e-01 3.837723925593735253e-03 2.399536884477477816e-01 3.877937598174290290e-01
6.259999999999986642e+01 6.198881775968428931e-01 3.840110951632691796e-03 2.403909455722059718e-01 3.877972741860374883e-01
6.267499999999986926e+01 6.210041036973051876e-01 3.842404195184773510e-03 2.408226829332051899e-01 3.877956385463580125e-01
6.274999999999985789e+01 6.221053265845766234e-01 3.844555996936905792e-03 2.412458888077902985e-01 3.877894602385989486e-01
6.282499999999986073e+01 6.231837993209072835e-01 3.846523146784273667e-03 2.416578166967214836e-01 3.877793629424571287e-01
6.289999999999986358e+01 6.242322862909037706e-01 3.848267768593438293e-03 2.420560426445267366e-01 3.877659774421282624e-01
6.297499999999986642e+01 6.252444929189189260e-01 3.849758004119942668e-03 2.424385103094528482e-01 3.877499331143921535e-01
6.304999999999986926e+01 6.262151528732938788e-01 3.850968435750516151e-03 2.428035598740695411e-01 3.877318502434857761e-01
6.312499999999985789e+01 6.271400771096091731e-01 3.851880278654939201e-03 2.431499425900924827e-01 3.877123332808399825e-01
6.319999999999986073e+01 6.280161622187248049e-01 3.852481330065924293e-03 2.434768200601659105e-01 3.876919651239295050e-01
6.327499999999986358e+01 6.288413739198230878e-01 3.852765776443772740e-03 2.437837545044791998e-01 3.876713025176385385e-01
6.334999999999985931e+01 6.296146875744272897e-01 3.852733748067710753e-03 2.440706829400889344e-01 3.876508724413090246e-01
6.342499999999986215e+01 6.303360218333952103e-01 3.852390846937277930e-03 2.443378894669963053e-01 3.876311697312096460e-01
6.349999999999985789e+01 6.310061421781623103e-01 3.851747503749580661e-03 2.445859664880978279e-01 3.876126556293327807e-01
6.357499999999986073e+01 6.316265509285649005e-01 3.850818267746592034e-03 2.448157713719890660e-01 3.875957573539004497e-01
6.364999999999986358e+01 6.321993921761038804e-01 3.849621202226088858e-03 2.450283895216900376e-01 3.875808685583733704e-01
6.372499999999985931e+01 6.327273287962902337e-01 3.848177122967609120e-03 2.452250871611103555e-01 3.875683505367630843e-01
6.379999999999986215e+01 6.332134369428109588e-01 3.846508955783556252e-03 2.454072713789903215e-01 3.875585340763297859e-01
6.387499999999985789e+01 6.336611035583049611e-01 3.844641122870738094e-03 2.455764517233678390e-01 3.875517218026175437e-01
6.394999999999986073e+01 6.340739309025569259e-01 3.842598980228796590e-03 2.457342047856310163e-01 3.875481908487338756e-01
6.402499999999986358e+01 6.344556532224000511e-01 3.840408335303586128e-03 2.458821436678115813e-01 3.875481957154550683e-01
6.409999999999985221e+01 6.348100622779152546e-01 3.838095022456608323e-03 2.460218909394680242e-01 3.875519711465465478e-01
6.417499999999986926e+01 6.351409434522328201e-01 3.835684544662206624e-03 2.461550556536965528e-01 3.875597348767190198e-01
6.424999999999985789e+01 6.354520184944597583e-01 3.833201755414213877e-03 2.462832127853626929e-01 3.875716901000132997e-01
6.432499999999986073e+01 6.357469022525390479e-01 3.830670623729498167e-03 2.464078878713994447e-01 3.875880275599334901e-01
6.439999999999986358e+01 6.360290547324624066e-01 3.828113967570291425e-03 2.465305395115262588e-01 3.876089271035365047e-01
6.447499999999985221e+01 6.363017445425540597e-01 3.825553251913639888e-03 2.466525459171313717e-01 3.876345586549557742e-01
6.454999999999985505e+01 6.365680128663903092e-01 3.823008384842278840e-03 2.467751912415685478e-01 3.876650825264830735e-01
6.462499999999985789e+01 6.368306363439067974e-01 3.820497501368904248e-03 2.468996510259648947e-01 3.877006490193917188e-01
6.469999999999986073e+01 6.370920869975111867e-01 3.818036723747064362e-03 2.470269760264345305e-01 3.877413973082348697e-01
6.477499999999986358e+01 6.373544972505476025e-01 3.815639946664812088e-03 2.471580775452126844e-01 3.877874536249698023e-01
6.484999999999985221e+01 6.376196178361297484e-01 3.813318574391034305e-03 2.472937095492580006e-01 3.878389287777737060e-01
6.492499999999985505e+01 6.378887780263184926e-01 3.811081267011718308e-03 2.474344512607352664e-01 3.878959150626826724e-01
6.499999999999985789e+01 6.381628464410764590e-01 3.808933686178535890e-03 2.475806896016042868e-01 3.879584826699311595e-01
6.507499999999986073e+01 6.384421950110875654e-01 3.806878256609883167e-03 2.477326025488876260e-01 3.880266756876640244e-01
6.514999999999984936e+01 6.387266680375824901e-01 3.804913955889248009e-03 2.478901442261839394e-01 3.881005078241044348e-01
6.522499999999985221e+01 6.390155574164171348e-01 3.803036140153138317e-03 2.480530322414878919e-01 3.881799580034999142e-01
6.529999999999985505e+01 6.393075900891572738e-01 3.801236442777126100e-03 2.482207397133457949e-01 3.882649659747182680e-01
6.537499999999985789e+01 6.396009260594860413e-01 3.799502737371300478e-03 2.483924914556482344e-01 3.883554281041589618e-01
6.544999999999986073e+01 6.398931732561308205e-01 3.797819203387894221e-03 2.485672668617371350e-01 3.884511934967038727e-01
6.552499999999984936e+01 6.401814154336707974e-01 3.796166472956814461e-03 2.487438081404946821e-01 3.885520606248636377e-01
6.559999999999985221e+01 6.404622607142526070e-01 3.794521904861307329e-03 2.489206369589012091e-01 3.886577745912793702e-01
6.567499999999985505e+01 6.407319033906977435e-01 3.792859943043073306e-03 2.490960767593533021e-01 3.887680251929994668e-01
6.574999999999985789e+01 6.409862057535623547e-01 3.791152600242657551e-03 2.492682834659541991e-01 3.888824458755817393e-01
6.582499999999984652e+01 6.412207931277853490e-01 3.789370027385405813e-03 2.494352820526437586e-01 3.890006137136217124e-01
6.589999999999984936e+01 6.414311597704953627e-01 3.787481155127881121e-03 2.495950081229267870e-01 3.891220504663853719e-01
6.597499999999985221e+01 6.416127926898560485e-01 3.785454450345548776e-03 2.497453573615470157e-01 3.892462248368376843e-01
6.604999999999985505e+01 6.417612877954675943e-01 3.783258634940207463e-03 2.498842328378001465e-01 3.893725557928003900e-01
6.612499999999985789e+01 6.418724850685987304e-01 3.780863527367403845e-03 2.500096007471690474e-01 3.895004172369996853e-01
6.619999999999984652e+01 6.419425802360260169e-01 3.778240752147479266e-03 2.501195377921625607e-01 3.896291436224715854e-01
6.627499999999984936e+01 6.419682511646549461e-01 3.775364546058732323e-03 2.502122852900419137e-01 3.897580368438910980e-01
6.634999999999985221e+01 6.419467580767755921e-01 3.772212416161553183e-03 2.502862938123184833e-01 3.898863740073358342e-01
6.642499999999985505e+01 6.418760328859089981e-01 3.768765740650311790e-03 2.503402643226964042e-01 3.900134161376195840e-01
6.649999999999985789e+01 6.417547517030850468e-01 3.765010275633344766e-03 2.503731833296168885e-01 3.901384176200923815e-01
6.657499999999984652e+01 6.415823837450476130e-01 3.760936526840456123e-03 2.503843492744027843e-01 3.902606362301566101e-01
6.664999999999984936e+01 6.413592084790439296e-01 3.756539936925349949e-03 2.503733867960740156e-01 3.903793435660241617e-01
6.672499999999985221e+01 6.410863316559776148e-01 3.751821066684524024e-03 2.503402606745243064e-01 3.904938357176875874e-01
6.679999999999985505e+01 6.407656449780272379e-01 3.746785444085967524e-03 2.502852676649420793e-01 3.906034439058053698e-01
6.687499999999985789e+01 6.403997861266832459e-01 3.741443412788672280e-03 2.502090282302419366e-01 3.907075449596509320e-01
6.694999999999984652e+01 6.399920690740001916e-01 3.735809801738193721e-03 2.501124662263715104e-01 3.908055713694349453e-01
6.702499999999983515e+01 6.395463931241744948e-01 3.729903464124741802e-03 2.499967796829601907e-01 3.908970207176521994e-01
6.709999999999985221e+01 6.390671341315907750e-01 3.723746704850097993e-03 2.498634038954410386e-01 3.909814643104326248e-01
6.717499999999985505e+01 6.385590270170368177e-01 3.717364648420698123e-03 2.497139702576598452e-01 3.910585547966851649e-01
6.724999999999985789e+01 6.380270478994440886e-01 3.710784595149440104e-03 2.495502640237993175e-01 3.911280326521980877e-01
6.732499999999984652e+01 6.374762756781944262e-01 3.704035247067947751e-03 2.493741730088490094e-01 3.911897313253678288e-01
6.739999999999983515e+01 6.369117698960402585e-01 3.697146018085322415e-03 2.491876416189501287e-01 3.912435809745260507e-01
6.747499999999985221e+01 6.363384446895613555e-01 3.690146310314657268e-03 2.489926222884809581e-01 3.912896106881493807e-01
6.754999999999984084e+01 6.357609582801098114e-01 3.683064869448857311e-03 2.487910319312697238e-01 3.913279491152001910e-01
6.762499999999985789e+01 6.351836126256412696e-01 3.675929187937912717e-03 2.485847113343008230e-01 3.913588234852800052e-01
6.769999999999984652e+01 6.346102650734684048e-01 3.668764967187275287e-03 2.483753882785779687e-01 3.913825570562173839e-01
6.777499999999983515e+01 6.340442671903518956e-01 3.661595725697699977e-03 2.481646503091610168e-01 3.913995649055483916e-01
6.784999999999985221e+01 6.334884037544247226e-01 3.654442399094228085e-03 2.479539167785428377e-01 3.914103483331694000e-01
6.792499999999984084e+01 6.329448735692201344e-01 3.647323171274672454e-03 2.477444264088315418e-01 3.914154877529594234e-01
6.799999999999985789e+01 6.324152727847280886e-01 3.640253311363833132e-03 2.475372251727401274e-01 3.914156343548662598e-01
6.807499999999984652e+01 6.319006007904502953e-01 3.633245132542792938e-03 2.473331623978500815e-01 3.914115006196524638e-01
6.814999999999983515e+01 6.314012844480818565e-01 3.626308049099881241e-03 2.471328935461563070e-01 3.914038498704974778e-01
6.822499999999983800e+01 6.309172101956399548e-01 3.619448672818078964e-03 2.469368857030128650e-01 3.913934850920308128e-01
6.829999999999984084e+01 6.304477770473368992e-01 3.612671023549855667e-03 2.467454309084545772e-01 3.913812371011465840e-01
6.837499999999985789e+01 6.299919482456727282e-01 3.605976729345500547e-03 2.465586588689980818e-01 3.913679524882588412e-01
6.844999999999984652e+01 6.295483165389884617e-01 3.599365301710610691e-03 2.463765549020907608e-01 3.913544813471555583e-01
6.852499999999983515e+01 6.291151677464290604e-01 3.592834400574728380e-03 2.461989772993826708e-01 3.913416651219821518e-01
6.859999999999983800e+01 6.286905535396333233e-01 3.586380153725771385e-03 2.460256785455873230e-01 3.913303248480853869e-01
6.867499999999984084e+01 6.282723468156338198e-01 3.579997377613751159e-03 2.458563199076237993e-01 3.913212496996468781e-01
6.874999999999984368e+01 6.278583106931376889e-01 3.573679883215934595e-03 2.456904919710949375e-01 3.913151865424217002e-01
6.882499999999984652e+01 6.274461667103194973e-01 3.567420781056795161e-03 2.455277352562333926e-01 3.913128301405164322e-01
6.889999999999983515e+01 6.270336218211800539e-01 3.561212561164862206e-03 2.453675454642584297e-01 3.913148145893735053e-01
6.897499999999983800e+01 6.266184304230626445e-01 3.555047380014831650e-03 2.452093930365224494e-01 3.913217057324165360e-01
6.904999999999984084e+01 6.261984408052069240e-01 3.548917271039544932e-03 2.450527375652800099e-01 3.913339950993413030e-01
6.912499999999984368e+01 6.257716113566053062e-01 3.542814193120609814e-03 2.448970310994615929e-01 3.913520950056383341e-01
6.919999999999984652e+01 6.253360462096184680e-01 3.536730202783801985e-03 2.447417300326385492e-01 3.913763351978575278e-01
6.927499999999983515e+01 6.248900202098737200e-01 3.530657577627648383e-03 2.445863036901547716e-01 3.914069608729048300e-01
6.934999999999983800e+01 6.244319924492833795e-01 3.524588887570066862e-03 2.444302393529835804e-01 3.914441321211393765e-01
6.942499999999984084e+01 6.239606098802937817e-01 3.518517022577427426e-03 2.442730442924373468e-01 3.914879247574633014e-01
6.949999999999984368e+01 6.234747447737397641e-01 3.512435423245516275e-03 2.441142619155628468e-01 3.915383324855482572e-01
6.957499999999984652e+01 6.229734848468714281e-01 3.506338054650003175e-03 2.439534701522734217e-01 3.915952702421000575e-01
6.964999999999983515e+01 6.224561425641044199e-01 3.500219498946341001e-03 2.437902881016120737e-01 3.916585787030048005e-01
6.972499999999983800e+01 6.219222700408867377e-01 3.494075087206739792e-03 2.436243854554893673e-01 3.917280296772021053e-01
6.979999999999984084e+01 6.213716557514227246e-01 3.487900936930660167e-03 2.434554853977595190e-01 3.918033324248586524e-01
6.987499999999984368e+01 6.208043385550805482e-01 3.481694091702334983e-03 2.432833746577001133e-01 3.918841405392577415e-01
6.994999999999983231e+01 6.202206074352882847e-01 3.475452585442091475e-03 2.431079083516737294e-01 3.919700594228300861e-01
7.002499999999983515e+01 6.196210050974401140e-01 3.469175530016342136e-03 2.429290164893938009e-01 3.920606539979892280e-01
7.009999999999983800e+01 6.190063300954696812e-01 3.462863195675762971e-03 2.427467100168704262e-01 3.921554565999857411e-01
7.017499999999984084e+01 6.183776366282426329e-01 3.456517078085338639e-03 2.425610859546381004e-01 3.922539748966720752e-01
7.024999999999984368e+01 6.177362267326761414e-01 3.450139919508243922e-03 2.423723293454536076e-01 3.923556994988083302e-01
7.032499999999983231e+01 6.170836507672783355e-01 3.443735774449173913e-03 2.421807183381375905e-01 3.924601114241342281e-01
7.039999999999983515e+01 6.164216916363963739e-01 3.437309978659710066e-03 2.419866224976430225e-01 3.925666889743096299e-01
7.047499999999983800e+01 6.157523559515867273e-01 3.430869151847824698e-03 2.417905034764749050e-01 3.926749140940121174e-01
7.054999999999984084e+01 6.150778598624461191e-01 3.424421164380127974e-03 2.415929131470174740e-01 3.927842780766754860e-01
7.062499999999982947e+01 6.144005942671220133e-01 3.417974982005736549e-03 2.413944831041545669e-01 3.928942864908816501e-01
7.069999999999983231e+01 6.137231383583735544e-01 3.411540773151823611e-03 2.411959326618333677e-01 3.930044633920759534e-01
7.077499999999983515e+01 6.130481997110823755e-01 3.405129599646694073e-03 2.409980474149941987e-01 3.931143546764706009e-01
7.084999999999983800e+01 6.123786145492577937e-01 3.398753435328406153e-03 2.408016808930170116e-01 3.932235306261624430e-01
7.092499999999984084e+01 6.117173152536848901e-01 3.392424995808619378e-03 2.406077428277257901e-01 3.933315876925005949e-01
7.099999999999982947e+01 6.110672999388404580e-01 3.386157573467442252e-03 2.404171877161878079e-01 3.934381495135647056e-01
7.107499999999983231e+01 6.104316275255745605e-01 3.379965007909845921e-03 2.402310129371917347e-01 3.935428672183717280e-01
7.114999999999983515e+01 6.098133802167284845e-01 3.373861471010836371e-03 2.400502436624204483e-01 3.936454191561133964e-01
7.122499999999983800e+01 6.092156504524404159e-01 3.367861383385528824e-03 2.398759270316337400e-01 3.937455100726440227e-01
7.129999999999984084e+01 6.086415238271152273e-01 3.361979305249827334e-03 2.397091244643121399e-01 3.938428698670279893e-01
7.137499999999982947e+01 6.080940531163920859e-01 3.356229776172218147e-03 2.395509002742914895e-01 3.939372520527516519e-01
7.144999999999983231e+01 6.075762503570714124e-01 3.350627253181749123e-03 2.394023172398354049e-01 3.940284319855147932e-01
7.152499999999983515e+01 6.070910751465826705e-01 3.345186027818461503e-03 2.392644306397149201e-01 3.941162050223590008e-01
7.159999999999983800e+01 6.066414054714412973e-01 3.339920047729795505e-03 2.391382754174528058e-01 3.942003847093332736e-01
7.167499999999984084e+01 6.062300136479631396e-01 3.334842768419365219e-03 2.390248554264574610e-01 3.942808010908857019e-01
7.174999999999982947e+01 6.058595677425464565e-01 3.329967147668142120e-03 2.389251428451886206e-01 3.943572992260102605e-01
7.182499999999981810e+01 6.055325807710104646e-01 3.325305356240928437e-03 2.388400572120040755e-01 3.944297380462907787e-01
7.189999999999983515e+01 6.052513970694056722e-01 3.320868697142589573e-03 2.387704593245516538e-01 3.944979895637832912e-01
7.197499999999983800e+01 6.050181287551429365e-01 3.316667255662036819e-03 2.387171257262745705e-01 3.945619385281029512e-01
7.204999999999984084e+01 6.048346387589976780e-01 3.312709810344703718e-03 2.386807418353353860e-01 3.946214825345677468e-01
7.212499999999982947e+01 6.047024790699381258e-01 3.309003503772460410e-03 2.386618777095881327e-01 3.946765326258654394e-01
7.219999999999981810e+01 6.046228320131141754e-01 3.305553536001057044e-03 2.386609652992757180e-01 3.947270143680237098e-01
7.227499999999983515e+01 6.045964554499173582e-01 3.302362885325126670e-03 2.386782775368729848e-01 3.947728693831951130e-01
7.234999999999982379e+01 6.046236188254046073e-01 3.299431984609957173e-03 2.387139040865298156e-01 3.948140572977889562e-01
7.242499999999984084e+01 6.047040429396329797e-01 3.296758423293880309e-03 2.387677288070587656e-01 3.948505580454581554e-01
7.249999999999982947e+01 6.048368353958685217e-01 3.294336630622777661e-03 2.388394057201508325e-01 3.948823744569547323e-01
7.257499999999981810e+01 6.050204446561071592e-01 3.292157664250317927e-03 2.389283424829662383e-01 3.949095350302960217e-01
7.264999999999983515e+01 6.052526102129726082e-01 3.290208980733412645e-03 2.390336824502818924e-01 3.949320968085907047e-01
7.272499999999982379e+01 6.055303386416363010e-01 3.288474348631128304e-03 2.391542970041982130e-01 3.949501482298709565e-01
7.279999999999984084e+01 6.058498802808449657e-01 3.286933765508432814e-03 2.392887781290133908e-01 3.949638118573033374e-01
7.287499999999982947e+01 6.062067376930511120e-01 3.285563546554302276e-03 2.394354434551442257e-01 3.949732468601838686e-01
7.294999999999981810e+01 6.065956950345623433e-01 3.284336523762234651e-03 2.395923494084544192e-01 3.949786511340193651e-01
7.302499999999983515e+01 6.070108721136764363e-01 3.283222374293784471e-03 2.397573138828030803e-01 3.949802629530219100e-01
7.309999999999982379e+01 6.074458023763632530e-01 3.282188072017242116e-03 2.399279480644598284e-01 3.949783620626692304e-01
7.317499999999982663e+01 6.078935195858633511e-01 3.281198377780756691e-03 2.401016912941063008e-01 3.949732700846674827e-01
7.324999999999982947e+01 6.083467143368693764e-01 3.280216697372439170e-03 2.402758730825306221e-01 3.949653502188209542e-01
7.332499999999981810e+01 6.087978728574452436e-01 3.279205831562187045e-03 2.404477675992967578e-01 3.949550061184256000e-01
7.339999999999982094e+01 6.092394504470186600e-01 3.278128900313043680e-03 2.406146612829768161e-01 3.949426799371413832e-01
7.347499999999982379e+01 6.096640640912986964e-01 3.276950356169977020e-03 2.407739274195884738e-01 3.949288495106905161e-01
7.354999999999982663e+01 6.100646898814023888e-01 3.275637008742022377e-03 2.409231019929751749e-01 3.949140246746800642e-01
7.362499999999982947e+01 6.104348717429539661e-01 3.274159095084411275e-03 2.410599633755892146e-01 3.948987427394160532e-01
7.369999999999981810e+01 6.107689228906931778e-01 3.272491296268423191e-03 2.411826085349821902e-01 3.948835631542858549e-01
7.377499999999982094e+01 6.110621198424823763e-01 3.270613700818698118e-03 2.412895257778988611e-01 3.948690614959043388e-01
7.384999999999982379e+01 6.113108801181180718e-01 3.268512667122764042e-03 2.413796604670155332e-01 3.948558226550391570e-01
7.392499999999982663e+01 6.115129293251116982e-01 3.266181620099393220e-03 2.414524762658470936e-01 3.948444336775069896e-01
7.399999999999982947e+01 6.116673850367180254e-01 3.263621393647167784e-03 2.415079831298898583e-01 3.948354760085700521e-01
7.407499999999981810e+01 6.117748853945162990e-01 3.260840807787023562e-03 2.415467828368231817e-01 3.948295175292403369e-01
7.414999999999982094e+01 6.118376213046722301e-01 3.257856728172223420e-03 2.415700763939697682e-01 3.948271044184072931e-01
7.422499999999982379e+01 6.118593093285077389e-01 3.254693810897347009e-03 2.415796481138550167e-01 3.948287530003906642e-01
7.429999999999982663e+01 6.118451717301107706e-01 3.251384290198537901e-03 2.415778527617508109e-01 3.948349417854236099e-01
7.437499999999981526e+01 6.118018350912076686e-01 3.247967339716060012e-03 2.415675708913813668e-01 3.948461038129582601e-01
7.444999999999981810e+01 6.117371552095945964e-01 3.244488052716078264e-03 2.415521355247114421e-01 3.948626194561459801e-01
7.452499999999982094e+01 6.116600681910970838e-01 3.240996574833646289e-03 2.415352697394769210e-01 3.948848098810589513e-01
7.459999999999982379e+01 6.115803405966283579e-01 3.237546715823829899e-03 2.415209850004571557e-01 3.949129312509308543e-01
7.467499999999982663e+01 6.115083085674863916e-01 3.234194520227816685e-03 2.415134757980116342e-01 3.949471698328659297e-01
7.474999999999981526e+01 6.114545886821730614e-01 3.230996706184736424e-03 2.415170037873084485e-01 3.949876380972686674e-01
7.482499999999981810e+01 6.114297933176618960e-01 3.228009146580518556e-03 2.415357843928866988e-01 3.950343719469347481e-01
7.489999999999982094e+01 6.114442100773851418e-01 3.225285178072436615e-03 2.415738598376249158e-01 3.950873290746362843e-01
7.497499999999982379e+01 6.115074973304746031e-01 3.222874013303472177e-03 2.416349791474272646e-01 3.951463885598796022e-01
7.504999999999982663e+01 6.116284115753903849e-01 3.220819337712137100e-03 2.417224912952953275e-01 3.952113517301839574e-01
7.512499999999981526e+01 6.118145345017725889e-01 3.219157919610570687e-03 2.418392387107435315e-01 3.952819442376991343e-01
7.519999999999981810e+01 6.120720383747138005e-01 3.217918435966451909e-03 2.419874663846766083e-01 3.953578193626459680e-01
7.527499999999982094e+01 6.124055075290245620e-01 3.217120605327763571e-03 2.421687535660468349e-01 3.954385625027537765e-01
7.534999999999982379e+01 6.128177947442731144e-01 3.216774513783685670e-03 2.423839596136001528e-01 3.955236967535288306e-01
7.542499999999982663e+01 6.133099316169098314e-01 3.216880232598691262e-03 2.426331915437557329e-01 3.956126894995580789e-01
7.549999999999981526e+01 6.138811267089734347e-01 3.217427902137978170e-03 2.429158066114167625e-01 3.957049598734079243e-01
7.557499999999981810e+01 6.145287206471554686e-01 3.218397594819121053e-03 2.432303982284544919e-01 3.957998870619268139e-01
7.564999999999982094e+01 6.152483530848018578e-01 3.219760289698434409e-03 2.435748659156860008e-01 3.958968190559515321e-01
7.572499999999982379e+01 6.160340410327126426e-01 3.221478383938512768e-03 2.439464506237433161e-01 3.959950820490280021e-01
7.579999999999981242e+01 6.168783798105863525e-01 3.223506844230505063e-03 2.443418187926716945e-01 3.960939899817810250e-01
7.587499999999981526e+01 6.177727481584878166e-01 3.225794377788661176e-03 2.447571484147140763e-01 3.961928543211206133e-01
7.594999999999981810e+01 6.187075904469078180e-01 3.228285000237677074e-03 2.451882457680509830e-01 3.962909936032066871e-01
7.602499999999982094e+01 6.196726655579660736e-01 3.230919424947433210e-03 2.456306492816280329e-01 3.963877429714559031e-01
7.609999999999982379e+01 6.206573577980565304e-01 3.233636767859171014e-03 2.460797580340823298e-01 3.964824632178925445e-01
7.617499999999981242e+01 6.216509568876280589e-01 3.236376081132175640e-03 2.465309479802428871e-01 3.965745491883908569e-01
7.624999999999981526e+01 6.226429616202057149e-01 3.239078001522919647e-03 2.469796976161220403e-01 3.966634377002281608e-01
7.632499999999981810e+01 6.236233448955591507e-01 3.241686185203423911e-03 2.474216980856507320e-01 3.967486145456717850e-01
7.639999999999982094e+01 6.245828086974997140e-01 3.244148677297384927e-03 2.478529589455196191e-01 3.968296204988259746e-01
7.647499999999982379e+01 6.255130028985778079e-01 3.246419081666528528e-03 2.482698992704471808e-01 3.969060565007986874e-01
7.654999999999981242e+01 6.264067012865105477e-01 3.248457493685303742e-03 2.486694211416093925e-01 3.969775876134363779e-01
7.662499999999981526e+01 6.272579653221656004e-01 3.250231356850139409e-03 2.490489777186413178e-01 3.970439460114745800e-01
7.669999999999981810e+01 6.280621992679866761e-01 3.251715740813062444e-03 2.494065973203613007e-01 3.971049326182142236e-01
7.677499999999980673e+01 6.288162350735881923e-01 3.252893763224159844e-03 2.497409186715342511e-01 3.971604178481618619e-01
7.684999999999982379e+01 6.295183284976754168e-01 3.253756538925004025e-03 2.500511900163859824e-01 3.972103411399074413e-01
7.692499999999981242e+01 6.301681145638405868e-01 3.254302908513677199e-03 2.503372512374140157e-01 3.972547094209620266e-01
7.699999999999980105e+01 6.307665300986047274e-01 3.254538987829006923e-03 2.505995020628328795e-01 3.972935945470312813e-01
7.707499999999981810e+01 6.313157060787576436e-01 3.254477555681273976e-03 2.508388576041336027e-01 3.973271299745567142e-01
7.714999999999980673e+01 6.318188278675054281e-01 3.254137269700665708e-03 2.510566903574057429e-01 3.973555064903086520e-01
7.722499999999982379e+01 6.322799471715880859e-01 3.253541631014203982e-03 2.512547524550713396e-01 3.973789673055783678e-01
7.729999999999981242e+01 6.327038316576353294e-01 3.252718142188870416e-03 2.514351123911990893e-01 3.973978025902868971e-01
7.737499999999980105e+01 6.330957677583978205e-01 3.251697224699456965e-03 2.516000727611198418e-01 3.974123435573739815e-01
7.744999999999981810e+01 6.334613491689742304e-01 3.250511065869655849e-03 2.517520820516042646e-01 3.974229562417233019e-01
7.752499999999980673e+01 6.338063070137763821e-01 3.249192684357258935e-03 2.518936628547958634e-01 3.974300351184746338e-01
7.759999999999982379e+01 6.341363273613810358e-01 3.247774936192612295e-03 2.520273350485461306e-01 3.974339967199529977e-01
7.767499999999981242e+01 6.344568908401302387e-01 3.246289639824866124e-03 2.521555477733958828e-01 3.974352732452767767e-01
7.774999999999980105e+01 6.347731272124004231e-01 3.244766785965129408e-03 2.522806176087881713e-01 3.974343065162129207e-01
7.782499999999981810e+01 6.350896984786607025e-01 3.243233900029951489e-03 2.524046782698303737e-01 3.974315421498075263e-01
7.789999999999980673e+01 6.354107017842437477e-01 3.241715513595353360e-03 2.525296385090773921e-01 3.974274241840277666e-01
7.797499999999980957e+01 6.357395982232149079e-01 3.240232775417978533e-03 2.526571506632162567e-01 3.974223901882947274e-01
7.804999999999981242e+01 6.360791722010031846e-01 3.238803225309464830e-03 2.527885917354031342e-01 3.974168669297680756e-01
7.812499999999980105e+01 6.364315019891982894e-01 3.237440631423492768e-03 2.529250493299597391e-01 3.974112666318840859e-01
7.819999999999980389e+01 6.367979758812961633e-01 3.236155065687470328e-03 2.530673261367595295e-01 3.974059838782106335e-01
7.827499999999980673e+01 6.371792954474352344e-01 3.234952918370866473e-03 2.532159396854789524e-01 3.974013931316892068e-01
7.834999999999980957e+01 6.375755297637923924e-01 3.233837176280228085e-03 2.533711427615552569e-01 3.973978468957609644e-01
7.842499999999981242e+01 6.379861591190322256e-01 3.232807650793026542e-03 2.535329400134425093e-01 3.973956744822415565e-01
7.849999999999980105e+01 6.384101390623870831e-01 3.231861311830225205e-03 2.537011129786720387e-01 3.973951813347997297e-01
7.857499999999980389e+01 6.388459731682784026e-01 3.230992667933152603e-03 2.538752488828468490e-01 3.973966488726282664e-01
7.864999999999980673e+01 6.392917801900991348e-01 3.230194119169035351e-03 2.540547674726439942e-01 3.974003347846871148e-01
7.872499999999980957e+01 6.397453768076912795e-01 3.229456389367251889e-03 2.542389542529363000e-01 3.974064736842342627e-01
7.879999999999981242e+01 6.402043475716151510e-01 3.228768893577195227e-03 2.544269888138823710e-01 3.974152780732583268e-01
7.887499999999980105e+01 6.406661130862899567e-01 3.228120095985748551e-03 2.546179725708752617e-01 3.974269395087879353e-01
7.894999999999980389e+01 6.411280029050973051e-01 3.227497890277717611e-03 2.548109584374251835e-01 3.974416298817374793e-01
7.902499999999980673e+01 6.415873092790059795e-01 3.226889881930754267e-03 2.550049729195772441e-01 3.974595027544157166e-01
7.909999999999980957e+01 6.420413518885085269e-01 3.226283723415527931e-03 2.551990425221676295e-01 3.974806946180677314e-01
7.917499999999979821e+01 6.424875198754724792e-01 3.225667332923705301e-03 2.553922110842337112e-01 3.975053260703554914e-01
7.924999999999980105e+01 6.429233180745781429e-01 3.225029131234298952e-03 2.555835586503175660e-01 3.975335027756300432e-01
7.932499999999980389e+01 6.433464058693196819e-01 3.224358238518781200e-03 2.557722172705017005e-01 3.975653161921225420e-01
7.939999999999980673e+01 6.437546293236846573e-01 3.223644634189801270e-03 2.559573839546696039e-01 3.976008440103540043e-01
7.947499999999980957e+01 6.441460534228793389e-01 3.222879313926342928e-03 2.561383334742954876e-01 3.976401502628498785e-01
7.954999999999979821e+01 6.445189801064885593e-01 3.222054372441068241e-03 2.563144253276863349e-01 3.976832851149513237e-01
7.962499999999980105e+01 6.448719759605167079e-01 3.221163131312557160e-03 2.564851143307617098e-01 3.977302842920645287e-01
7.969999999999980389e+01 6.452038879544809147e-01 3.220200204185954922e-03 2.566499562736199724e-01 3.977811681936526123e-01
7.977499999999980673e+01 6.455138545713503540e-01 3.219161536505212549e-03 2.568086115747026943e-01 3.978359407099556488e-01
7.984999999999980957e+01 6.458013197158108953e-01 3.218044456901437023e-03 2.569608498835791455e-01 3.978945877606079318e-01
7.992499999999979821e+01 6.460660363699628483e-01 3.216847676030950946e-03 2.571065505067731127e-01 3.979570756441123125e-01
7.999999999999980105e+01 6.463080685804148962e-01 3.215571276126154027e-03 2.572457020900916769e-01 3.980233492289825259e-01
8.007499999999980389e+01 6.465277867280866397e-01 3.214216667001633821e-03 2.573783996101551841e-01 3.980933300835871047e-01
8.014999999999980673e+01 6.467258577111310025e-01 3.212786517281397431e-03 2.575048393601033769e-01 3.981669146049846564e-01
8.022499999999980957e+01 6.469032269716943340e-01 3.211284646556890505e-03 2.576253107700259282e-01 3.982439722491885048e-01
8.029999999999979821e+01 6.470610975517268049e-01 3.209715904834509539e-03 2.577401871582104542e-01 3.983243439196348934e-01
8.037499999999980105e+01 6.472008955730156332e-01 3.208085987834289471e-03 2.578499112721803765e-01 3.984078406502921110e-01
8.044999999999980389e+01 6.473242343926544073e-01 3.206401249297578023e-03 2.579549805059895284e-01 3.984942426078227351e-01
8.052499999999980673e+01 6.474328695646344167e-01 3.204668472190850582e-03 2.580559287231676269e-01 3.985832985228214831e-01
8.059999999999979536e+01 6.475286458793868549e-01 3.202894606061368159e-03 2.581533052485456281e-01 3.986747256531891770e-01
8.067499999999979821e+01 6.476134457115412246e-01 3.201086515575371147e-03 2.582476546440424237e-01 3.987682101941265600e-01
8.074999999999980105e+01 6.476891255969492445e-01 3.199250677869073644e-03 2.583394922379270708e-01 3.988634084288907311e-01
8.082499999999980389e+01 6.477574569907906810e-01 3.197392905859056458e-03 2.584292816160576045e-01 3.989599483989140216e-01
8.089999999999980673e+01 6.478200645728828810e-01 3.195518066064966054e-03 2.585174115446551291e-01 3.990574322749625980e-01
8.097499999999979536e+01 6.478783678614473684e-01 3.193629818815114148e-03 2.586041745785532253e-01 3.991554393645957433e-01
8.104999999999979821e+01 6.479335256765502704e-01 3.191730378466050427e-03 2.586897471746727462e-01 3.992535297576362829e-01
8.112499999999980105e+01 6.479863882656667906e-01 3.189820317005216243e-03 2.587741732170475428e-01 3.993512485804766587e-01
8.119999999999980389e+01 6.480374579878542818e-01 3.187898414741034692e-03 2.588573512769714036e-01 3.994481307928082758e-01
8.127499999999980673e+01 6.480868590377806271e-01 3.185961560011071978e-03 2.589390257898992465e-01 3.995437064938300864e-01
8.134999999999979536e+01 6.481343201246451136e-01 3.184004716100513784e-03 2.590187836547761524e-01 3.996375066281990796e-01
8.142499999999979821e+01 6.481791687780313893e-01 3.182020948025897616e-03 2.590960556930080871e-01 3.997290690187783602e-01
8.149999999999980105e+01 6.482203395541247248e-01 3.180001519256634226e-03 2.591701238194150658e-01 3.998179446169245477e-01
8.157499999999978968e+01 6.482563954497400083e-01 3.177936053826485932e-03 2.592401335908949278e-01 3.999037038593999949e-01
8.164999999999980673e+01 6.482855620082285109e-01 3.175812760064057345e-03 2.593051118592296644e-01 3.999859430093838375e-01
8.172499999999979536e+01 6.483057730366401650e-01 3.173618709591373953e-03 2.593639890413543814e-01 4.000642903833835917e-01
8.179999999999978400e+01 6.483147276627474476e-01 3.171340168521010437e-03 2.594156257850179781e-01 4.001384122804714227e-01
8.187499999999980105e+01 6.483099549887163526e-01 3.168962961932433875e-03 2.594588425082173799e-01 4.002080185745924279e-01
8.194999999999978968e+01 6.482888886373099346e-01 3.166472881032234617e-03 2.594924526005909504e-01 4.002728677735612473e-01
8.202499999999980673e+01 6.482489373773634433e-01 3.163856064929308504e-03 2.595152937258259351e-01 4.003327715055782221e-01
8.209999999999979536e+01 6.481875645262890062e-01 3.161099417725638915e-03 2.595262621952743043e-01 4.003875982794306010e-01
8.217499999999978400e+01 6.481023669535979082e-01 3.158191015208800662e-03 2.595243466747825245e-01 4.004372764362449377e-01
8.224999999999980105e+01 6.479911399578655029e-01 3.155120433827264450e-03 2.595086556822918666e-01 4.004817962467295267e-01
8.232499999999978968e+01 6.478519513602118973e-01 3.151879115344920473e-03 2.594784481707699264e-01 4.005212110976530959e-01
8.239999999999980673e+01 6.476831949309771463e-01 3.148460620870673077e-03 2.594331551597428565e-01 4.005556376792983597e-01
8.247499999999979536e+01 6.474836380273140124e-01 3.144860847190937385e-03 2.593723983720719328e-01 4.005852551923950733e-01
8.254999999999978400e+01 6.472524625632867235e-01 3.141078201727232413e-03 2.592960055525823648e-01 4.006103036297510300e-01
8.262499999999980105e+01 6.469892814445954432e-01 3.137113647883495084e-03 2.592040151563731465e-01 4.006310809007891383e-01
8.269999999999978968e+01 6.466941602320339655e-01 3.132970770002129011e-03 2.590966826791754052e-01 4.006479393384524412e-01
8.277499999999979252e+01 6.463676087362972833e-01 3.128655681842433794e-03 2.589744740645067989e-01 4.006612809246792861e-01
8.284999999999979536e+01 6.460105757944903937e-01 3.124176947459195944e-03 2.588380600969937273e-01 4.006715521315793449e-01
8.292499999999978400e+01 6.456244201724138376e-01 3.119545378354746015e-03 2.586883005000666369e-01 4.006792376765798136e-01
8.299999999999978684e+01 6.452108826536225861e-01 3.114773834635452699e-03 2.585262282747419205e-01 4.006848539371740681e-01
8.307499999999978968e+01 6.447720437642021629e-01 3.109876952831650519e-03 2.583530278564887261e-01 4.006889417044426360e-01
8.314999999999979252e+01 6.443102792530227552e-01 3.104870862717545432e-03 2.581700122349632753e-01 4.006920586992204214e-01
8.322499999999979536e+01 6.438282067303119360e-01 3.099772860361144078e-03 2.579785963035555740e-01 4.006947716902657941e-01
8.329999999999978400e+01 6.433286355770952980e-01 3.094601099305955595e-03 2.577802715721854154e-01 4.006976486301510043e-01
8.337499999999978684e+01 6.428145057461999157e-01 3.089374231005361741e-03 2.575765765100713756e-01 4.007012508391797345e-01
8.344999999999978968e+01 6.422888522322119931e-01 3.084111171922483251e-03 2.573690772969305929e-01 4.007061252931131690e-01
8.352499999999979252e+01 6.417547364160196555e-01 3.078830716234014220e-03 2.571593355734453912e-01 4.007127972433708329e-01
8.359999999999979536e+01 6.412152106795880879e-01 3.073551314174600719e-03 2.569488898649959774e-01 4.007217632792432482e-01
8.367499999999978400e+01 6.406732739247804620e-01 3.068290812770400021e-03 2.567392337585625572e-01 4.007334849255871356e-01
8.374999999999978684e+01 6.401318346409758941e-01 3.063066239629149562e-03 2.565317975689406227e-01 4.007483828902509426e-01
8.382499999999978968e+01 6.395936812016727036e-01 3.057893628548774122e-03 2.563279334131003395e-01 4.007668320479804702e-01
8.389999999999979252e+01 6.390614562054138803e-01 3.052787871910141691e-03 2.561289024532602543e-01 4.007891572339368214e-01
8.397499999999978115e+01 6.385376338794270801e-01 3.047762595294671063e-03 2.559358639398693347e-01 4.008156299025545932e-01
8.404999999999978400e+01 6.380245078871357167e-01 3.042830089349980380e-03 2.557498690098651828e-01 4.008464656895381339e-01
8.412499999999978684e+01 6.375241753173581660e-01 3.038001230808536589e-03 2.555718535417674797e-01 4.008818228964327046e-01
8.419999999999978968e+01 6.370385320493332504e-01 3.033285464939498507e-03 2.554026361479051488e-01 4.009218018983604637e-01
8.427499999999979252e+01 6.365692649151117877e-01 3.028690779479366151e-03 2.552429154406229417e-01 4.009664454576836734e-01
8.434999999999978115e+01 6.361178489791762258e-01 3.024223709227719017e-03 2.550932698733574533e-01 4.010157399021641589e-01
8.442499999999978400e+01 6.356855422064408012e-01 3.019889334225385642e-03 2.549541570419775471e-01 4.010696171522812881e-01
8.449999999999978684e+01 6.352733870594747811e-01 3.015691315734599955e-03 2.548259161795730643e-01 4.011279574595434383e-01
8.457499999999978968e+01 6.348822109462680663e-01 3.011631931151610101e-03 2.547087705771468036e-01 4.011905928148671308e-01
8.464999999999979252e+01 6.345126194768633265e-01 3.007712079160290795e-03 2.546028275009180053e-01 4.012573110221675510e-01
8.472499999999978115e+01 6.341650003478868092e-01 3.003931337630841737e-03 2.545080825807723990e-01 4.013278601643984200e-01
8.479999999999978400e+01 6.338395209294174215e-01 3.000287994161169973e-03 2.544244219048665823e-01 4.014019534973089498e-01
8.487499999999978684e+01 6.335361300042174904e-01 2.996779097551283220e-03 2.543516259046645356e-01 4.014792745963380316e-01
8.494999999999978968e+01 6.332545587970551670e-01 2.993400506995762007e-03 2.542893730692893373e-01 4.015594827336785855e-01
8.502499999999979252e+01 6.329943196576139908e-01 2.990146928789555198e-03 2.542372426203313163e-01 4.016422181447820705e-01
8.509999999999978115e+01 6.327547240742021906e-01 2.987012045064322760e-03 2.541947250349732013e-01 4.017271074615701432e-01
8.517499999999978400e+01 6.325348629575495707e-01 2.983988461565414713e-03 2.541612172138335568e-01 4.018137688497507298e-01
8.524999999999978684e+01 6.323336386765320283e-01 2.981067897994380683e-03 2.541360383040203175e-01 4.019018169520832129e-01
8.532499999999978968e+01 6.321497676476396377e-01 2.978241236456992836e-03 2.541184335006922979e-01 4.019908675222956806e-01
8.539999999999977831e+01 6.319817879314075793e-01 2.975498590354529616e-03 2.541075796162761691e-01 4.020805416687985856e-01
8.547499999999978115e+01 6.318280903880664212e-01 2.972829480554168256e-03 2.541025998503668726e-01 4.021704696514807331e-01
8.554999999999978400e+01 6.316869119846383329e-01 2.970222829563751686e-03 2.541025630691783332e-01 4.022602942189147934e-01
8.562499999999978684e+01 6.315563781011510613e-01 2.967667182111304557e-03 2.541065024682798157e-01 4.023496734088586879e-01
8.569999999999978968e+01 6.314345137813602848e-01 2.965150775468576236e-03 2.541134214576563632e-01 4.024382828488297648e-01
8.577499999999977831e+01 6.313192669193625761e-01 2.962661661767630825e-03 2.541223040381178633e-01 4.025258175283544793e-01
8.584999999999978115e+01 6.312085292938816039e-01 2.960187816169399834e-03 2.541321240181423358e-01 4.026119930642161338e-01
8.592499999999978400e+01 6.311001694793567651e-01 2.957717297023045814e-03 2.541418587467045853e-01 4.026965465028567448e-01
8.599999999999978684e+01 6.309920401833428727e-01 2.955238282310008058e-03 2.541504922786600451e-01 4.027792366521982803e-01
8.607499999999978968e+01 6.308820104806838192e-01 2.952739219981396178e-03 2.541570283598980629e-01 4.028598440558637250e-01
8.614999999999977831e+01 6.307679842263931302e-01 2.950208910515944496e-03 2.541604976409479466e-01 4.029381706058903778e-01
8.622499999999978115e+01 6.306479200648138495e-01 2.947636594868274004e-03 2.541599653925162849e-01 4.030140389052506711e-01
8.629999999999978400e+01 6.305198510633022169e-01 2.945012038720979438e-03 2.541545389416198786e-01 4.030872914040949939e-01
8.637499999999977263e+01 6.303819026076071808e-01 2.942325607436586249e-03 2.541433743423344715e-01 4.031577894147299057e-01
8.644999999999978968e+01 6.302323119668833407e-01 2.939568347838812049e-03 2.541256836706646816e-01 4.032254120350753368e-01
8.652499999999977831e+01 6.300694453534484429e-01 2.936732058143822280e-03 2.541007413308935536e-01 4.032900550959923613e-01
8.659999999999976694e+01 6.298918181729085131e-01 2.933809372671558873e-03 2.540678916733563053e-01 4.033516301423261119e-01
8.667499999999978400e+01 6.296981157126684270e-01 2.930793849092809631e-03 2.540265568701186583e-01 4.034100635391310585e-01
8.674999999999977263e+01 6.294872107094665603e-01 2.927680041837687607e-03 2.539762436294187298e-01 4.034652957336076762e-01
8.682499999999978968e+01 6.292581995481584256e-01 2.924463663177998170e-03 2.539165575554290788e-01 4.035172807247564553e-01
8.689999999999977831e+01 6.290104156906094479e-01 2.921141639273936233e-03 2.538472084529044270e-01 4.035659857463536060e-01
8.697499999999976694e+01 6.287434606798295578e-01 2.917712249242099872e-03 2.537680228778309566e-01 4.036113912078608257e-01
8.704999999999978400e+01 6.284572430124578668e-01 2.914175301722447126e-03 2.536789600149383928e-01 4.036534908865864191e-01
8.712499999999977263e+01 6.281520026659017653e-01 2.910532245697376036e-03 2.535801219063832379e-01 4.036922923594595813e-01
8.719999999999978968e+01 6.278283441743678361e-01 2.906786321828056571e-03 2.534717672634059227e-01 4.037278176676406538e-01
8.727499999999977831e+01 6.274872779030281622e-01 2.902942752258914818e-03 2.533543287033961366e-01 4.037601041889959941e-01
8.734999999999976694e+01 6.271302269414289476e-01 2.899008771383067024e-03 2.532284161803102229e-01 4.037892056572176536e-01
8.742499999999978400e+01 6.267590748467543049e-01 2.894993845862493115e-03 2.530948369745278370e-01 4.038151933203532606e-01
8.749999999999977263e+01 6.263761744317343227e-01 2.890909713861918896e-03 2.529545999629172481e-01 4.038381571463898756e-01
8.757499999999977547e+01 6.259843621699892058e-01 2.886770449761118847e-03 2.528089221378293505e-01 4.038582070348553099e-01
8.764999999999977831e+01 6.255869515513744483e-01 2.882592430946804077e-03 2.526592265724867392e-01 4.038754739783568803e-01
8.772499999999976694e+01 6.251877270340725490e-01 2.878394306292500742e-03 2.525071405195089547e-01 4.038901110829826169e-01
8.779999999999976978e+01 6.247909182330377842e-01 2.874196872404267619e-03 2.523544853970940416e-01 4.039022944039809548e-01
8.787499999999977263e+01 6.244011587804615404e-01 2.870022878101001051e-03 2.522032604131247968e-01 4.039122235226328961e-01
8.794999999999977547e+01 6.240234313723678206e-01 2.865896764179745246e-03 2.520556204096079389e-01 4.039201218058126042e-01
8.802499999999977831e+01 6.236629937353791453e-01 2.861844314404606189e-03 2.519138457754648286e-01 4.039262362941357098e-01
8.809999999999976694e+01 6.233252931196417990e-01 2.857892252895426286e-03 2.517803074800863961e-01 4.039308371716585633e-01
8.817499999999976978e+01 6.230158625175156173e-01 2.854067756921438350e-03 2.516574244665471527e-01 4.039342167784243376e-01
8.824999999999977263e+01 6.227402053037371932e-01 2.850397916246591792e-03 2.515476161087610851e-01 4.039366881508325013e-01
8.832499999999977547e+01 6.225036742386055311e-01 2.846909166245563654e-03 2.514532521086387806e-01 4.039385830392011600e-01
8.839999999999977831e+01 6.223113341268952103e-01 2.843626646480590554e-03 2.513765955488835857e-01 4.039402494598073878e-01
8.847499999999976694e+01 6.221678313844317687e-01 2.840573591012667074e-03 2.513197484648450608e-01 4.039420487324374420e-01
8.854999999999976978e+01 6.220772551993228872e-01 2.837770680798728899e-03 2.512845937847267841e-01 4.039443520631716966e-01
8.862499999999977263e+01 6.220430141776488453e-01 2.835235467385185861e-03 2.512727432970114361e-01 4.039475366975998627e-01
8.869999999999977547e+01 6.220677157514480360e-01 2.832981809770261303e-03 2.512854865266215265e-01 4.039519816955499665e-01
8.877499999999976410e+01 6.221530608985506028e-01 2.831019381716915612e-03 2.513237456119185032e-01 4.039580633886807881e-01
8.884999999999976694e+01 6.222997637092311241e-01 2.829353292743067363e-03 2.513880400602208631e-01 4.039661505924685980e-01
8.892499999999976978e+01 6.225074819668627857e-01 2.827983759631755127e-03 2.514784558252531887e-01 4.039765996557770356e-01
8.899999999999977263e+01 6.227748146648408589e-01 2.826906082263234976e-03 2.515946413214272814e-01 4.039897494198254613e-01
8.907499999999977547e+01 6.230992453967819644e-01 2.826110373695465798e-03 2.517357815369229979e-01 4.040059162270702720e-01
8.914999999999976410e+01 6.234771983554165953e-01 2.825581801513897540e-03 2.519006176049632950e-01 4.040253890108840285e-01
8.922499999999976694e+01 6.239041071430206920e-01 2.825300886446643293e-03 2.520874715932011068e-01 4.040484246009520275e-01
8.929999999999976978e+01 6.243744842751364210e-01 2.825243803803706606e-03 2.522942716796703344e-01 4.040752433574695823e-01
8.937499999999977263e+01 6.248820439215340139e-01 2.825382925683921857e-03 2.525185989829998867e-01 4.041060251920256530e-01
8.944999999999977547e+01 6.254198454494636072e-01 2.825687456977190367e-03 2.527577430266090275e-01 4.041409060899920913e-01
8.952499999999976410e+01 6.259804767365736433e-01 2.826124250696883562e-03 2.530087735436378216e-01 4.041799751689532094e-01
8.959999999999976694e+01 6.265562028033215825e-01 2.826658467254288768e-03 2.532685986659836130e-01 4.042232724419865253e-01
8.967499999999976978e+01 6.271391966132054963e-01 2.827254605427403054e-03 2.535340567417017077e-01 4.042707872684146997e-01
8.974999999999977263e+01 6.277217346059409397e-01 2.827877374022625713e-03 2.538019943185300109e-01 4.043224574306908958e-01
8.982499999999977547e+01 6.282963898789369894e-01 2.828492556124695499e-03 2.540693438539001203e-01 4.043781691995005367e-01
8.989999999999976410e+01 6.288562415751158818e-01 2.829067947553990780e-03 2.543332084851031016e-01 4.044377580606766109e-01
8.997499999999976694e+01 6.293950447411663651e-01 2.829574119819608293e-03 2.545909314307686078e-01 4.045010102287460718e-01
9.004999999999976978e+01 6.299073991037272835e-01 2.829985181943448728e-03 2.548401656340069099e-01 4.045676650196677326e-01
9.012499999999977263e+01 6.303888981522087764e-01 2.830279457358941732e-03 2.550789360944739625e-01 4.046374180163379020e-01
9.019999999999976126e+01 6.308362106127011204e-01 2.830439859238525081e-03 2.553056753033142723e-01 4.047099247130218624e-01
9.027499999999976410e+01 6.312471812288114048e-01 2.830454358885402342e-03 2.555192672483790339e-01 4.047848051392084479e-01
9.034999999999976694e+01 6.316208579876524398e-01 2.830316126142982166e-03 2.557190619970177714e-01 4.048616488248031331e-01
9.042499999999976978e+01 6.319574958923512842e-01 2.830023569256743827e-03 2.559048812500404058e-01 4.049400203548367827e-01
9.049999999999977263e+01 6.322585233607025401e-01 2.829580210721246818e-03 2.560770090702721991e-01 4.050194653116295784e-01
9.057499999999976126e+01 6.325264734831238522e-01 2.828994408973311420e-03 2.562361685927569965e-01 4.050995165178545299e-01
9.064999999999976410e+01 6.327648817924494962e-01 2.828278932975481202e-03 2.563834852742267190e-01 4.051797004725713469e-01
9.072499999999976694e+01 6.329781560760854298e-01 2.827450414014832415e-03 2.565204388114949996e-01 4.052595438706744768e-01
9.079999999999976978e+01 6.331714068088425407e-01 2.826528623168209336e-03 2.566487989836727657e-01 4.053385800808220196e-01
9.087499999999977263e+01 6.333503106534091875e-01 2.825535897707304438e-03 2.567705747041506559e-01 4.054163555067145652e-01
9.094999999999976126e+01 6.335208861844842110e-01 2.824496175637266574e-03 2.568879271742087189e-01 4.054924356501827809e-01
9.102499999999976410e+01 6.336893171640956002e-01 2.823434243354748779e-03 2.570031020013653356e-01 4.055664109212269719e-01
9.109999999999976694e+01 6.338617670285882078e-01 2.822374941935939727e-03 2.571183572103634685e-01 4.056379018025976224e-01
9.117499999999975557e+01 6.340441862551419172e-01 2.821342342225454693e-03 2.572358880524051594e-01 4.057065637202963426e-01
9.124999999999977263e+01 6.342421385768682862e-01 2.820359001425954554e-03 2.573577588801176930e-01 4.057720911725998247e-01
9.132499999999976126e+01 6.344606548367857091e-01 2.819445340537865118e-03 2.574858457246198551e-01 4.058342211793382059e-01
9.139999999999974989e+01 6.347040953743373626e-01 2.818619057084104009e-03 2.576217818174864060e-01 4.058927359930545320e-01
9.147499999999976694e+01 6.349760451197726807e-01 2.817894682140142590e-03 2.577669160487688904e-01 4.059474653097306374e-01
9.154999999999975557e+01 6.352792352971499135e-01 2.817283249087645328e-03 2.579222814539732234e-01 4.059982872466009196e-01
9.162499999999977263e+01 6.356154939598547271e-01 2.816792090173761073e-03 2.580885752621702167e-01 4.060451290359372578e-01
9.169999999999976126e+01 6.359857296959199324e-01 2.816424774153493144e-03 2.582661517898746650e-01 4.060879666488081408e-01
9.177499999999974989e+01 6.363899413903831848e-01 2.816181156078906376e-03 2.584550255991409085e-01 4.061268238062798464e-01
9.184999999999976694e+01 6.368272584678036363e-01 2.816057557525930219e-03 2.586548866587560225e-01 4.061617702751537662e-01
9.192499999999975557e+01 6.372959945325458175e-01 2.816047001918803565e-03 2.588651206513853387e-01 4.061929195730500930e-01
9.199999999999977263e+01 6.377937486506287668e-01 2.816139655105933098e-03 2.590848482697452049e-01 4.062204259886325053e-01
