# tau eta power W_out Q_hot
2.450000000000000000e+01 5.163862496319190365e-01 7.500410880275702047e-03 1.837600665667546984e-01 3.558577841639647965e-01
2.457499999999999929e+01 5.220938741787375381e-01 7.601071597606565838e-03 1.867963345111813833e-01 3.577830419960685848e-01
2.464999999999999858e+01 5.284965841080695448e-01 7.713570001170042684e-03 1.901395005288415430e-01 3.597743225715171467e-01
2.472500000000000142e+01 5.354550787143623758e-01 7.835440986288117957e-03 1.937312783859737042e-01 3.618067809742809837e-01
2.479999999999999716e+01 5.427821091676960918e-01 7.963454885115872975e-03 1.974936811508736234e-01 3.638544414326977394e-01
2.487500000000000000e+01 5.502606976926671667e-01 8.093895110660045619e-03 2.013356408776686424e-01 3.658913706210562000e-01
2.494999999999999929e+01 5.576642324161249498e-01 8.222872091271031525e-03 2.051606586772122265e-01 3.678928049380847387e-01
2.502499999999999858e+01 5.647762785934338226e-01 8.346641443547674413e-03 2.088747021247805424e-01 3.698361812308753604e-01
2.509999999999999787e+01 5.714084191345046859e-01 8.461899098636928643e-03 2.123936673757869098e-01 3.717020265425792225e-01
2.517499999999999716e+01 5.774144935172162985e-01 8.566025334792594370e-03 2.156496878034035447e-01 3.734746706647634751e-01
2.524999999999999645e+01 5.827002291014911073e-01 8.657258183435686053e-03 2.185957691317510498e-01 3.751427547382641947e-01
2.532499999999999574e+01 5.872276319706110081e-01 8.734782500369749070e-03 2.212083668218638444e-01 3.766995195364625793e-01
2.539999999999999858e+01 5.910141433319211490e-01 8.798731623036548308e-03 2.234877832251283003e-01 3.781428680626593430e-01
2.547499999999999432e+01 5.941268169106652675e-01 8.850103915150462144e-03 2.254563972384580062e-01 3.794752076850931299e-01
2.554999999999999716e+01 5.966724507965035507e-01 8.890608381667795823e-03 2.271550441516121399e-01 3.807030873444564034e-01
2.562499999999999645e+01 5.987847210734814629e-01 8.922456764801144774e-03 2.286379545980292693e-01 3.818366543958147119e-01
2.569999999999999574e+01 6.006096351744455442e-01 8.948124536508743690e-03 2.299668005882746780e-01 3.828889633471854181e-01
2.577499999999999503e+01 6.022907902139257308e-01 8.970106001737608581e-03 2.312044821947868423e-01 3.838751745027780826e-01
2.584999999999999432e+01 6.039558413299228601e-01 8.990687231628291878e-03 2.324092649375912867e-01 3.848116849500476944e-01
2.592499999999999716e+01 6.057054035890535593e-01 9.011757074911669330e-03 2.336298021670849545e-01 3.857152351336677887e-01
2.599999999999999289e+01 6.076053491318376132e-01 9.034671716944888201e-03 2.349014646405670481e-01 3.866020353115725561e-01
2.607499999999999574e+01 6.096832241500536043e-01 9.060183874789240477e-03 2.362442945351294066e-01 3.874869525309189155e-01
2.614999999999999503e+01 6.119287827046233641e-01 9.088436373967978196e-03 2.376626111792625728e-01 3.883827953456174820e-01
2.622499999999999432e+01 6.142985706950500058e-01 9.119018726044189616e-03 2.391462660905088189e-01 3.892997273620969478e-01
2.629999999999999361e+01 6.167236966988159930e-01 9.151073627380081066e-03 2.406732364000960800e-01 3.902448336076043134e-01
2.637499999999999289e+01 6.191199607513875325e-01 9.183441131211691338e-03 2.422132598357082944e-01 3.912218555217458760e-01
2.644999999999999218e+01 6.213989542762984319e-01 9.214820289685305560e-03 2.437319966621762646e-01 3.922311020719925767e-01
2.652499999999999147e+01 6.234790025471448338e-01 9.243932056400861255e-03 2.451952977960327740e-01 3.932695356127765551e-01
2.659999999999999432e+01 6.252945853122789943e-01 9.269663654408654904e-03 2.465730532072701875e-01 3.943310225277720793e-01
2.667499999999999005e+01 6.268034255462106019e-01 9.291182535294907618e-03 2.478422941289916137e-01 3.954067320436487343e-01
2.674999999999999289e+01 6.279904694665185971e-01 9.308008030155658780e-03 2.489892148066638056e-01 3.964856584816988105e-01
2.682499999999999218e+01 6.288685352116260008e-01 9.320036549985224322e-03 2.500099804533535419e-01 3.975552384239108283e-01
2.689999999999999147e+01 6.294757528492627152e-01 9.327520920360030110e-03 2.509103127576847170e-01 3.986020297397680490e-01
2.697499999999999076e+01 6.298702474894359860e-01 9.331009168044043442e-03 2.517039723079880220e-01 3.996124174958899378e-01
2.704999999999999005e+01 6.301228033255871219e-01 9.331252427263155361e-03 2.524103781574682515e-01 4.005733117819681999e-01
2.712499999999999289e+01 6.303084609550481110e-01 9.329095107457651206e-03 2.530517047897886673e-01 4.014728033419745490e-01
2.719999999999998863e+01 6.304980024035974351e-01 9.325360924035996577e-03 2.536498171337789875e-01 4.023007466586887571e-01
2.727499999999999147e+01 6.307502590606104409e-01 9.320748478694618894e-03 2.542234147563956492e-01 4.030492435072732249e-01
2.734999999999999076e+01 6.311060849692592400e-01 9.315748991895626829e-03 2.547857349283453310e-01 4.037130064127899542e-01
2.742499999999999005e+01 6.315844967231755147e-01 9.310593820554536465e-03 2.553430355287080733e-01 4.042895873054105915e-01
2.749999999999998934e+01 6.321814291799412455e-01 9.305238539422115013e-03 2.558940598341080674e-01 4.047794636518364797e-01
2.757499999999998863e+01 6.328710114433657719e-01 9.299382121438055926e-03 2.564304619986542688e-01 4.051859816012471360e-01
2.764999999999998792e+01 6.336092648068070154e-01 9.292519489535709665e-03 2.569381638856622629e-01 4.055151623516820569e-01
2.772499999999998721e+01 6.343396728555845687e-01 9.284018926659866680e-03 2.573994247416446779e-01 4.057753846341010662e-01
2.779999999999999005e+01 6.350000166153781933e-01 9.273215012976596811e-03 2.577953773607493115e-01 4.059769615988796376e-01
2.787499999999998579e+01 6.355296616640073726e-01 9.259504959894323747e-03 2.581087007570541658e-01 4.061316352745018010e-01
2.794999999999998863e+01 6.358765481822912236e-01 9.242437532093595795e-03 2.583261290220159045e-01 4.062520150498768468e-01
2.802499999999998792e+01 6.360030841117959577e-01 9.221783477758786415e-03 2.584404819641898943e-01 4.063509885728187609e-01
2.809999999999998721e+01 6.358903014172380130e-01 9.197579192348809621e-03 2.584519753050014135e-01 4.064411341531354860e-01
2.817499999999998650e+01 6.355398895798152203e-01 9.170139383530522340e-03 2.583686771309723351e-01 4.065341631062556749e-01
2.824999999999998579e+01 6.349739126436364511e-01 9.140037426284908575e-03 2.582060572925485298e-01 4.066404180567656512e-01
2.832499999999998863e+01 6.342322043285647526e-01 9.108054744425385027e-03 2.579856506358488843e-01 4.067684499070298165e-01
2.839999999999998437e+01 6.333678759316737628e-01 9.075106616702037846e-03 2.577330279143377201e-01 4.069246921233835579e-01
2.847499999999998721e+01 6.324414363534706096e-01 9.042152262745744781e-03 2.574752856816849844e-01 4.071132454037726944e-01
2.854999999999998650e+01 6.315142255418665362e-01 9.010099471011100494e-03 2.572383398973667745e-01 4.073357804040679264e-01
2.862499999999998579e+01 6.306418981310624172e-01 8.979714068307319622e-03 2.570443152052969138e-01 4.075915602294425399e-01
2.869999999999998508e+01 6.298687427129943117e-01 8.951544863267017413e-03 2.569093375757632858e-01 4.078775785399252340e-01
2.877499999999998437e+01 6.292234397004030644e-01 8.925871872263919232e-03 2.568419631243941126e-01 4.081888037207994646e-01
2.884999999999998366e+01 6.287166857182666657e-01 8.902683066922651225e-03 2.568424064807183216e-01 4.085185144836629978e-01
2.892499999999998295e+01 6.283409371402862709e-01 8.881682420029596292e-03 2.569026639993559069e-01 4.088587084084872592e-01
2.899999999999998579e+01 6.280722152458065866e-01 8.862327698495667261e-03 2.570075032563742257e-01 4.092005616834841764e-01
2.907499999999998508e+01 6.278737201048549821e-01 8.843893774058904020e-03 2.571362114807624888e-01 4.095349164125243746e-01
2.914999999999998437e+01 6.277007908460887631e-01 8.825554323434915346e-03 2.572649085281276671e-01 4.098527710652647427e-01
2.922499999999998010e+01 6.275066172100896011e-01 8.806472957771437765e-03 2.573691721908700769e-01 4.101457500721505944e-01
2.929999999999998295e+01 6.272480439443376410e-01 8.785893967719568889e-03 2.574266932541832142e-01 4.104065301430057655e-01
2.937499999999998579e+01 6.268908118241007799e-01 8.763222970267714462e-03 2.574196747516139805e-01 4.106292035172519617e-01
2.944999999999998153e+01 6.264136883586811644e-01 8.738089400757069122e-03 2.573367328522955244e-01 4.108095618513142311e-01
2.952499999999998082e+01 6.258110013586466458e-01 8.710383833080320368e-03 2.571740826716962802e-01 4.109452887746729011e-01
2.959999999999998010e+01 6.250934072166541844e-01 8.680267813410427746e-03 2.569359272769484726e-01 4.110360536691691768e-01
2.967499999999998295e+01 6.242867574530662766e-01 8.648154604367415399e-03 2.566339878846028988e-01 4.110835042082349178e-01
2.974999999999998224e+01 6.234292509481933475e-01 8.614664040799725753e-03 2.562862552137916694e-01 4.110911620268021816e-01
2.982499999999998153e+01 6.225672636401688997e-01 8.580557542327112847e-03 2.559151286999059582e-01 4.110642233315686678e-01
2.989999999999998082e+01 6.217501779939255124e-01 8.546658740444662561e-03 2.555450963392952302e-01 4.110092853753745112e-01
2.997499999999998010e+01 6.210249597276503719e-01 8.513770606669499724e-03 2.552002739349180649e-01 4.109340050468113237e-01
3.004999999999997939e+01 6.204309804246008753e-01 8.482596619255468318e-03 2.549020284086266352e-01 4.108467121261107358e-01
3.012499999999997868e+01 6.199957309622879942e-01 8.453675175303368081e-03 2.546669646560137945e-01 4.107559970787996173e-01
3.019999999999998153e+01 6.197317732044592686e-01 8.427332076459027529e-03 2.545054287090624534e-01 4.106702927188745078e-01
3.027499999999998082e+01 6.196354805396382393e-01 8.403658505553298491e-03 2.544207612556259601e-01 4.105974710067471500e-01
3.034999999999998010e+01 6.196875138714877940e-01 8.382513505747427734e-03 2.544092848994342626e-01 4.105444747627983171e-01
3.042499999999997584e+01 6.198550912269999991e-01 8.363551453651130868e-03 2.544610529773354557e-01 4.105170007938969690e-01
3.049999999999997868e+01 6.200957636817532315e-01 8.346270416942466047e-03 2.545612477167450427e-01 4.105192498096011389e-01
3.057499999999998153e+01 6.203622759587723579e-01 8.330075575977822014e-03 2.546920607355217525e-01 4.105537531950893548e-01
3.064999999999997726e+01 6.206079943731017678e-01 8.314350789575706765e-03 2.548348517004952463e-01 4.106212843067111873e-01
3.072499999999997655e+01 6.207922418496332195e-01 8.298529577858660897e-03 2.549723212797071481e-01 4.107208564978586107e-01
3.079999999999997584e+01 6.208850508612048236e-01 8.282159190218241207e-03 2.550905030587216071e-01 4.108498065864136795e-01
3.087499999999997868e+01 6.208706229829369372e-01 8.264948450347853887e-03 2.551802834044898383e-01 4.110039579236185459e-01
3.094999999999997797e+01 6.207494373541165844e-01 8.246798751762325630e-03 2.552384213670437774e-01 4.111778537488047225e-01
3.102499999999997726e+01 6.205383804720383534e-01 8.227809852980166525e-03 2.552678006887094675e-01 4.113650480322093572e-01
3.109999999999997655e+01 6.202692698474097099e-01 8.208265346497605960e-03 2.552770522760753336e-01 4.115584387065881478e-01
3.117499999999997584e+01 6.199857240340974629e-01 8.188596958890540997e-03 2.552795101934124400e-01 4.117506263408297063e-01
3.124999999999997513e+01 6.197388017662355253e-01 8.169333031600903294e-03 2.552916572375280024e-01 4.119342802321801500e-01
3.132499999999997442e+01 6.195818836681612485e-01 8.151037182665580444e-03 2.553312397469991168e-01 4.121024944037109394e-01
3.139999999999997726e+01 6.195653220349579549e-01 8.134243834917509464e-03 2.554152564164096084e-01 4.122491161666375636e-01
3.147499999999997655e+01 6.197314103962239251e-01 8.119397679364931050e-03 2.555580419580110174e-01 4.123690322467608027e-01
3.154999999999997584e+01 6.201102206597746136e-01 8.106804086048585364e-03 2.557696689148326596e-01 4.124583991579804376e-01
3.162499999999997158e+01 6.207166848770867551e-01 8.096595234974171898e-03 2.560548243060579710e-01 4.125148083569906143e-01
3.169999999999997442e+01 6.215491717146484074e-01 8.088715023391035430e-03 2.564122662414956011e-01 4.125373790365435278e-01
3.177499999999997726e+01 6.225897477388964152e-01 8.082924986968090600e-03 2.568349414609109038e-01 4.125267760891930813e-01
3.184999999999997300e+01 6.238060062913702852e-01 8.078829398514682236e-03 2.573107163426924249e-01 4.124851536336546776e-01
3.192499999999997229e+01 6.251542793664456310e-01 8.075916842178895022e-03 2.578236451865609791e-01 4.124160286447194346e-01
3.199999999999997158e+01 6.265838700788458615e-01 8.073613295873159623e-03 2.583556254679408859e-01 4.123240922806244990e-01
3.207499999999997442e+01 6.280418833496975717e-01 8.071341100161041893e-03 2.588882657876652171e-01 4.122149694967311984e-01
3.214999999999997726e+01 6.294781127524327058e-01 8.068576822829140807e-03 2.594047448539567036e-01 4.120949395995567310e-01
3.222499999999997300e+01 6.308495382478185309e-01 8.064902506422911080e-03 2.598914832694780852e-01 4.119706324765258776e-01
3.229999999999996874e+01 6.321239611139068959e-01 8.060044628496141131e-03 2.603394415004250950e-01 4.118487156248024084e-01
3.237499999999997158e+01 6.332823773079483409e-01 8.053896265665950668e-03 2.607448916009349471e-01 4.117355873841751501e-01
3.244999999999997442e+01 6.343199988213029661e-01 8.046522017226337073e-03 2.611096394589944580e-01 4.116370916007534020e-01
3.252499999999997016e+01 6.352456987797016064e-01 8.038143540547758661e-03 2.614406186563156265e-01 4.115582666022603586e-01
3.259999999999997300e+01 6.360801200385989285e-01 8.029109418205004900e-03 2.617489670334829377e-01 4.115031405439921186e-01
3.267499999999996874e+01 6.368525871961686624e-01 8.019851627237067557e-03 2.620486519199709541e-01 4.114745816982172677e-01
3.274999999999997158e+01 6.375972530386180281e-01 8.010834383205324774e-03 2.623548260499741769e-01 4.114742100905567357e-01
3.282499999999996732e+01 6.383488960489100972e-01 8.002500707068095978e-03 2.626820857095100159e-01 4.115023732873870355e-01
3.289999999999997016e+01 6.391388040213455968e-01 7.995222087252862667e-03 2.630428066706189671e-01 4.115581858206719401e-01
3.297499999999997300e+01 6.399912322758039007e-01 7.989257126214576593e-03 2.634457537369254698e-01 4.116396294994767446e-01
3.304999999999996874e+01 6.409208093636141745e-01 7.984723457709201264e-03 2.638951102772888468e-01 4.117437075249853473e-01
3.312499999999997158e+01 6.419310913058067225e-01 7.981585037668725152e-03 2.643900043727762661e-01 4.118666441828795488e-01
3.319999999999996732e+01 6.430143623538738806e-01 7.979655584692902162e-03 2.649245654118040916e-01 4.120041182937164148e-01
3.327499999999997016e+01 6.441527754205722545e-01 7.978618932987679990e-03 2.654885449951648324e-01 4.121515192134743710e-01
3.334999999999996589e+01 6.453205395308607706e-01 7.978062244005702103e-03 2.660683758375899099e-01 4.123042109135686140e-01
3.342499999999996874e+01 6.464869288226884336e-01 7.977518946922184176e-03 2.666485708008737854e-01 4.124577913531293216e-01
3.349999999999997158e+01 6.476197540697502530e-01 7.976516649801312919e-03 2.672133077683437330e-01 4.126083339631487212e-01
3.357499999999996732e+01 6.486888692439335413e-01 7.974624481502816387e-03 2.677480169664567811e-01 4.127525993756069322e-01
3.364999999999996305e+01 6.496693907454611505e-01 7.971495693835187538e-03 2.682408300975538396e-01 4.128882073230535354e-01
3.372499999999996589e+01 6.505442331800896927e-01 7.966900524282104559e-03 2.686837201814137321e-01 4.130137605985574889e-01
3.379999999999996874e+01 6.513057021771007093e-01 7.960746108926154002e-03 2.690732184817037353e-01 4.131289156263802109e-01
3.387499999999997158e+01 6.519560555590239170e-01 7.953082433274692373e-03 2.694106674271800062e-01 4.132343969045154108e-01
3.394999999999996732e+01 6.525069426615027757e-01 7.944093390395083609e-03 2.697019706039127662e-01 4.133319555249919675e-01
3.402499999999996305e+01 6.529778642187927806e-01 7.934074932725880200e-03 2.699568995859977782e-01 4.134242742040999952e-01
3.409999999999996589e+01 6.533937963575651153e-01 7.923402386861811211e-03 2.701880213919874985e-01 4.135148250537246106e-01
3.417499999999996874e+01 6.537823055411420281e-01 7.912491214242433485e-03 2.704093872467349113e-01 4.136076870769918035e-01
3.424999999999996447e+01 6.541704667093838355e-01 7.901755313075022394e-03 2.706351194728192633e-01 4.137073335550767172e-01
3.432499999999996021e+01 6.545819101480639945e-01 7.891567041321292247e-03 2.708780386933530293e-01 4.138183999494905452e-01
3.439999999999996305e+01 6.550343687371729118e-01 7.882223628673983365e-03 2.711484928263847571e-01 4.139454443422965202e-01
3.447499999999996589e+01 6.555379097481114359e-01 7.873922295070169899e-03 2.714534711225438102e-01 4.140927123907281460e-01
3.454999999999996874e+01 6.560940971210060813e-01 7.866747073209433630e-03 2.717961113793856409e-01 4.142639181971746742e-01
3.462499999999996447e+01 6.566961097390936475e-01 7.860667645111998544e-03 2.721756172120026740e-01 4.144620520443442757e-01
3.469999999999996021e+01 6.573297955473309528e-01 7.855549933530698789e-03 2.725875826935149071e-01 4.146892237960134731e-01
3.477499999999996305e+01 6.579755021943257676e-01 7.851176549841536526e-03 2.730246645207391465e-01 4.149465498490615967e-01
3.484999999999996589e+01 6.586104640500225482e-01 7.847274473121694169e-03 2.734775153882907928e-01 4.152340880018567937e-01
3.492499999999996163e+01 6.592114613928199418e-01 7.843546619211546472e-03 2.739358656759629529e-01 4.155508235508761916e-01
3.499999999999996447e+01 6.597574347732854116e-01 7.839703558255649990e-03 2.743896245389474409e-01 4.158947062616078494e-01
3.507499999999996021e+01 6.602317651248491570e-01 7.835491974047457259e-03 2.748298809897142814e-01 4.162627360677568222e-01
3.514999999999996305e+01 6.606239751894316115e-01 7.830716959562509030e-03 2.752497011286219042e-01 4.166510927032204825e-01
3.522499999999995879e+01 6.609306586483797430e-01 7.825255804925237285e-03 2.756446357284911830e-01 4.170553024309563428e-01
3.529999999999996163e+01 6.611556167418527474e-01 7.819062944862901349e-03 2.760129219536601175e-01 4.174704335324870286e-01
3.537499999999996447e+01 6.613091178980269325e-01 7.812164914134616008e-03 2.763553338375117630e-01 4.178913103692083464e-01
3.544999999999996021e+01 6.614064996549389175e-01 7.804647742887394456e-03 2.766747624853578280e-01 4.183127360098536363e-01
3.552499999999996305e+01 6.614662284044682261e-01 7.796637958188008463e-03 2.769755634646287046e-01 4.187297122223840318e-01
3.559999999999995879e+01 6.615076910210979655e-01 7.788280242225401051e-03 2.772627766232239610e-01 4.191376462989316876e-01
3.567499999999996163e+01 6.615489676130739127e-01 7.779714524860887465e-03 2.775413156744118703e-01 4.195325354006749219e-01
3.574999999999995737e+01 6.616048538073094898e-01 7.771055519530583287e-03 2.778152348232180158e-01 4.199111194914705303e-01
3.582499999999996021e+01 6.616853473721253653e-01 7.762377116816085443e-03 2.780871602099359574e-01 4.202709963494816181e-01
3.589999999999996305e+01 6.617947642973374123e-01 7.753703479374160837e-03 2.783579549095320793e-01 4.206106937172274240e-01
3.597499999999995879e+01 6.619315667739341658e-01 7.745007730995696199e-03 2.786266531225698451e-01 4.209296959208589373e-01
3.604999999999995453e+01 6.620889074411782094e-01 7.736218235355333747e-03 2.788906673845594764e-01 4.212284245365293112e-01
3.612499999999995737e+01 6.622558045360187329e-01 7.727231433881993038e-03 2.791462355489866543e-01 4.215081749937376054e-01
3.619999999999996021e+01 6.624188033395360664e-01 7.717929548510669285e-03 2.793890496560859082e-01 4.217710129114186079e-01
3.627499999999996305e+01 6.625638982569856950e-01 7.708200558506234437e-03 2.796149752598133809e-01 4.220196361368309668e-01
3.634999999999995879e+01 6.626785128052519180e-01 7.697958181793087065e-03 2.798207799081783298e-01 4.222572099458008488e-01
3.642499999999995453e+01 6.627532560936253425e-01 7.687158729816584261e-03 2.800047567335687271e-01 4.224871838185480510e-01
3.649999999999995737e+01 6.627832918708024268e-01 7.675813135627665429e-03 2.801671794504094759e-01 4.227130992689884792e-01
3.657499999999996021e+01 6.627691124326577921e-01 7.663991985226698174e-03 2.803105068596661864e-01 4.229383983070692521e-01
3.664999999999995595e+01 6.627166590403056334e-01 7.651823140678681683e-03 2.804393181058734141e-01 4.231662419833894795e-01
3.672499999999995168e+01 6.626367469894952622e-01 7.639481727082334493e-03 2.805599664270983506e-01 4.233993476844502002e-01
3.679999999999995453e+01 6.625438863908443832e-01 7.627173766392301296e-03 2.806799946032363380e-01 4.236398529495434273e-01
3.687499999999995737e+01 6.624545992199506461e-01 7.615114793026733775e-03 2.808073579928604957e-01 4.238892119150731164e-01
3.694999999999996021e+01 6.623854928255836771e-01 7.603506562965279755e-03 2.809495675015667437e-01 4.241481290646942348e-01
3.702499999999995595e+01 6.623512389394652367e-01 7.592513600806357309e-03 2.811128160698550538e-01 4.244165324125663830e-01
3.709999999999995168e+01 6.623627738876922688e-01 7.582243213565367443e-03 2.813012232232747767e-01 4.246935883370932530e-01
3.717499999999995453e+01 6.624258863822598542e-01 7.572730725600146547e-03 2.815162647241851168e-01 4.249777530006325632e-01
3.724999999999995737e+01 6.625403698469362057e-01 7.563931901762632748e-03 2.817564633406577368e-01 4.252668609548285739e-01
3.732499999999995310e+01 6.626998820329448314e-01 7.555724009846688342e-03 2.820173986675272859e-01 4.255582448609932511e-01
3.739999999999995595e+01 6.628924957578458121e-01 7.547915113137549335e-03 2.822920252313440015e-01 4.258488775146205274e-01
3.747499999999995168e+01 6.631019039552126237e-01 7.540261032660189149e-03 2.825712821989402324e-01 4.261355313768270259e-01
3.754999999999995453e+01 6.633091618960050839e-01 7.532488426704113393e-03 2.828449404227391106e-01 4.264149459571072720e-01
3.762499999999995026e+01 6.634947671134090452e-01 7.524321536956288074e-03 2.831025978279799737e-01 4.266839949011838051e-01
3.769999999999995310e+01 6.636408612299363741e-01 7.515509970912511925e-03 2.833347259034013632e-01 4.269398442077428912e-01
3.777499999999995595e+01 6.637332960567636775e-01 7.505854445195460529e-03 2.835336516672581908e-01 4.271800937993170955e-01
3.784999999999995168e+01 6.637633417216071141e-01 7.495227852790851963e-03 2.836943742281333725e-01 4.274028955746689840e-01
3.792499999999995453e+01 6.637288875639683061e-01 7.483589888190013417e-03 2.838151465096059312e-01 4.276070423140240773e-01
3.799999999999995026e+01 6.636349215379621080e-01 7.470992784873112767e-03 2.838977258251779157e-01 4.277920233119287818e-01
3.807499999999995310e+01 6.634933140040957245e-01 7.457578493731050265e-03 2.839473011488093945e-01 4.279580444228208158e-01
3.814999999999994884e+01 6.633218500646753668e-01 7.443566758977026611e-03 2.839720718549731959e-01 4.281060119266164588e-01
3.822499999999995168e+01 6.631426405181646277e-01 7.429235689368600577e-03 2.839825342261144137e-01 4.282374814628371329e-01
3.829999999999995453e+01 6.629800820433654485e-01 7.414896900565737248e-03 2.839905512916673924e-01 4.283545750218957782e-01
3.837499999999995026e+01 6.628585291490325382e-01 7.400867220893492943e-03 2.840082796017874278e-01 4.284598705645272787e-01
3.844999999999994600e+01 6.627999793811196749e-01 7.387440492333523234e-03 2.840470869302236245e-01 4.285562700159536442e-01
3.852499999999994884e+01 6.628219343869573565e-01 7.374861410185330930e-03 2.841165358273894936e-01 4.286468523256827812e-01
3.859999999999995168e+01 6.629357314636703524e-01 7.363304792289333302e-03 2.842235649823678934e-01 4.287347196610470923e-01
3.867499999999995453e+01 6.631454532115670375e-01 7.352861513543391438e-03 2.843719190362903326e-01 4.288228437050982111e-01
3.874999999999995026e+01 6.634475706516428373e-01 7.343532861130785440e-03 2.845618983688175119e-01 4.289139201901347453e-01
3.882499999999994600e+01 6.638313414999875706e-01 7.335233541226799520e-03 2.847904422381301037e-01 4.290102386467925522e-01
3.889999999999994884e+01 6.642798810345551530e-01 7.327802408012087237e-03 2.850515136716698095e-01 4.291135736757948349e-01
3.897499999999995168e+01 6.647718479792035229e-01 7.321020264973702833e-03 2.853367648273497093e-01 4.292251028600658769e-01
3.904999999999994742e+01 6.652835361884286147e-01 7.314632422133530119e-03 2.856363960843140148e-01 4.293453550959557274e-01
3.912499999999994316e+01 6.657911420620498122e-01 7.308373481718527000e-03 2.859401124722369403e-01 4.294741915409684974e-01
3.919999999999994600e+01 6.662729805128401184e-01 7.301991870790250534e-03 2.862380813349774122e-01 4.296108197493702097e-01
3.927499999999994884e+01 6.667114618602121290e-01 7.295272077948083099e-03 2.865218108614105974e-01 4.297538399324608571e-01
3.934999999999995168e+01 6.670945482961188056e-01 7.288051519426992989e-03 2.867848272894517603e-01 4.299013206178232682e-01
3.942499999999994742e+01 6.674166380145820643e-01 7.280231465914993941e-03 2.870231255436982432e-01 4.300508995363511167e-01
3.949999999999994316e+01 6.676787632649238136e-01 7.271780770707138124e-03 2.872353404429315304e-01 4.301999048739570952e-01
3.957499999999994600e+01 6.678880947008881686e-01 7.262732267779491331e-03 2.874226294973729612e-01 4.303454901769051544e-01
3.964999999999994884e+01 6.680568346838461347e-01 7.253172683506041267e-03 2.875882969010141732e-01 4.304847761000957229e-01
3.972499999999994458e+01 6.682006534323651215e-01 7.243227674383970194e-03 2.877372193649028187e-01 4.306149924979494337e-01
3.979999999999994742e+01 6.683368078911922083e-01 7.233043418285543986e-03 2.878751280477642727e-01 4.307336131255417033e-01
3.987499999999994316e+01 6.684821884992508956e-01 7.222767345332802881e-03 2.880078478951451082e-01 4.308384768511567819e-01
3.994999999999994600e+01 6.686514579347860865e-01 7.212529699768219574e-03 2.881405615057399672e-01 4.309278893905327257e-01
4.002499999999994174e+01 6.688555438521959218e-01 7.202428686652543287e-03 2.882772081832676303e-01 4.310007008732685274e-01
4.009999999999994458e+01 6.691005615094854919e-01 7.192519940653372551e-03 2.884200496201998476e-01 4.310563556687600495e-01
4.017499999999994742e+01 6.693872886322917992e-01 7.182811561780834408e-03 2.885694544945446305e-01 4.310949123102660874e-01
4.024999999999994316e+01 6.697112646023215543e-01 7.173265426324673330e-03 2.887239334095677012e-01 4.311170330709812037e-01
4.032499999999994600e+01 6.700634374459611964e-01 7.163803889278679178e-03 2.888803918351623423e-01 4.311239439302487764e-01
4.039999999999994174e+01 6.704312975290219745e-01 7.154321187326058255e-03 2.890345759679723292e-01 4.311173673324230071e-01
4.047499999999994458e+01 6.708003329988924124e-01 7.144697766441671614e-03 2.891816420967262546e-01 4.310994313373481268e-01
4.054999999999994031e+01 6.711556952520807418e-01 7.134816381480631360e-03 2.893168042690391628e-01 4.310725608316176016e-01
4.062499999999994316e+01 6.714837949272872697e-01 7.124577003643520375e-03 2.894359407730175970e-01 4.310393533835907842e-01
4.069999999999994600e+01 6.717737498209448432e-01 7.113909900013149802e-03 2.895361329305348175e-01 4.310024513576304894e-01
4.077499999999994174e+01 6.720184668614092027e-01 7.102784620376460280e-03 2.896160428958497457e-01 4.309644112139814909e-01
4.084999999999993747e+01 6.722152608724014655e-01 7.091214087852876213e-03 2.896760954887895867e-01 4.309275798244266986e-01
4.092499999999994031e+01 6.723659753840248721e-01 7.079253585848632388e-03 2.897184530008548586e-01 4.308939827530398614e-01
4.099999999999994316e+01 6.724765559166252515e-01 7.066994289707120326e-03 2.897467658779915300e-01 4.308652299157843535e-01
4.107499999999994600e+01 6.725562101371848067e-01 7.054552910679611974e-03 2.897657608061646739e-01 4.308424432614481603e-01
4.114999999999993463e+01 6.726161786775886053e-01 7.042057807554263048e-03 2.897806787808574480e-01 4.308262096082597359e-01
4.122499999999993747e+01 6.726683170255233213e-01 7.029633738716258712e-03 2.897966508785773110e-01 4.308165607680634057e-01
4.129999999999994031e+01 6.727236326088532614e-01 7.017386778160630140e-03 2.898180739380336046e-01 4.308129815718020339e-01
4.137499999999994316e+01 6.727909584435194379e-01 7.005391261527374111e-03 2.898480634456946925e-01 4.308144451231166738e-01
4.144999999999994600e+01 6.728758802839260866e-01 6.993679909410666605e-03 2.898880322450717584e-01 4.308194731586319493e-01
4.152499999999993463e+01 6.729800675192632031e-01 6.982238589747663017e-03 2.899374574392712400e-01 4.308262182385842465e-01
4.159999999999993747e+01 6.731010476552170552e-01 6.971006006543760403e-03 2.899938498722199887e-01 4.308325635243457352e-01
4.167499999999994031e+01 6.732324596304178899e-01 6.959878539746403893e-03 2.900529381439309606e-01 4.308362349360878030e-01
4.174999999999993605e+01 6.733647318702750129e-01 6.948719532588331846e-03 2.901090404855624083e-01 4.308349201476332491e-01
4.182499999999993889e+01 6.734861205635827019e-01 6.937372212983782330e-03 2.901555928080462587e-01 4.308263881744733848e-01
4.189999999999993463e+01 6.735839627239404992e-01 6.925674624512214231e-03 2.901857667670613150e-01 4.308086041620770024e-01
4.197499999999993747e+01 6.736460238168177073e-01 6.913475207561460729e-03 2.901931218373918764e-01 4.307798332916503714e-01
4.204999999999994031e+01 6.736617743730771712e-01 6.900647242841723497e-03 2.901722165614940563e-01 4.307387291367897331e-01
4.212499999999993605e+01 6.736234717437655783e-01 6.887100823803515154e-03 2.901191222027226235e-01 4.306844021508187126e-01
4.219999999999993889e+01 6.735269091983009382e-01 6.872790925680266963e-03 2.900317770637068637e-01 4.306164655083071224e-01
4.227499999999993463e+01 6.733717968276762278e-01 6.857721205508904815e-03 2.899101639628884897e-01 4.305350555646748067e-01
4.234999999999993747e+01 6.731617115484554992e-01 6.841942954680648933e-03 2.897562841307250725e-01 4.304408274561644654e-01
4.242499999999993321e+01 6.729036420001918151e-01 6.825549520768784198e-03 2.895739384186152288e-01 4.303349251578767465e-01
4.249999999999993605e+01 6.726072001746910001e-01 6.808667039272798573e-03 2.893683491690934861e-01 4.302189288100664033e-01
4.257499999999993889e+01 6.722835863985562321e-01 6.791442444811990158e-03 2.891456620878700701e-01 4.300947813360017635e-01
4.264999999999993463e+01 6.719444345682393793e-01 6.774030168555333214e-03 2.889123866888845260e-01 4.299646992009485968e-01
4.272499999999993747e+01 6.716006695757902323e-01 6.756578938068812795e-03 2.886748351289896153e-01 4.298310710609150598e-01
4.279999999999993321e+01 6.712615024943138220e-01 6.739220036482937090e-03 2.884386175614692682e-01 4.296963500657667856e-01
4.287499999999993605e+01 6.709336780205784612e-01 6.722058226679921734e-03 2.882082464689011969e-01 4.295629447595883388e-01
4.294999999999993179e+01 6.706210416662125029e-01 6.705166066653529301e-03 2.879868825627686091e-01 4.294331144863002825e-01
4.302499999999993463e+01 6.703244720757023378e-01 6.688582086341200890e-03 2.877762442648297281e-01 4.293088739155118683e-01
4.309999999999993747e+01 6.700421707912438407e-01 6.672312763116892281e-03 2.875766800903376552e-01 4.291919115340788182e-01
4.317499999999993321e+01 6.697702581883306916e-01 6.656337787713672086e-03 2.873873839845373368e-01 4.290835259867984974e-01
4.324999999999993605e+01 6.695035985412872703e-01 6.640617845528331079e-03 2.872067218190998972e-01 4.289845826741860435e-01
4.332499999999993179e+01 6.692367399286673901e-01 6.625103789286926857e-03 2.870326216708556366e-01 4.288954932472025527e-01
4.339999999999993463e+01 6.689648539876685840e-01 6.609746049299271807e-03 2.868629785395879761e-01 4.288162178171409100e-01
4.347499999999993747e+01 6.686845531199699932e-01 6.594503078299444009e-03 2.866960213290679071e-01 4.287462899978657371e-01
4.354999999999992610e+01 6.683944919857234268e-01 6.579347901324665224e-03 2.865306011026886868e-01 4.286848628142327922e-01
4.362499999999992895e+01 6.680956691322220697e-01 6.564271933881354187e-03 2.863663631155736189e-01 4.286307730261594839e-01
4.369999999999993179e+01 6.677914092732443185e-01 6.549285857858620254e-03 2.862037919884212744e-01 4.285826202824263853e-01
4.377499999999993463e+01 6.674870108536019586e-01 6.534417374449745346e-03 2.860441205665371633e-01 4.285388568097161510e-01
4.384999999999993747e+01 6.671891456485937733e-01 6.519706648435362809e-03 2.858891365338902535e-01 4.284978830942598460e-01
4.392499999999992610e+01 6.669050197942590907e-01 6.505199482094214947e-03 2.857408872509878961e-01 4.284581443683528890e-01
4.399999999999992895e+01 6.666414753658148618e-01 6.490939917759501465e-03 2.856013563814175926e-01 4.284182231906525917e-01
4.407499999999993179e+01 6.664041009382754011e-01 6.476962868956843283e-03 2.854721384492724390e-01 4.283769233222558537e-01
4.414999999999992752e+01 6.661964831638680362e-01 6.463288000312558332e-03 2.853541652137989715e-01 4.283333407264607873e-01
4.422499999999993037e+01 6.660196917510197157e-01 6.449915686847310439e-03 2.852475212508218672e-01 4.282869182154104282e-01
4.429999999999992610e+01 6.658720727667267747e-01 6.436825714784931950e-03 2.851513791649720186e-01 4.282374810827490053e-01
4.437499999999992895e+01 6.657493788554282865e-01 6.423978943160313197e-03 2.850640656027384479e-01 4.281852520731257439e-01
4.444999999999993179e+01 6.656452440615976407e-01 6.411321954426463417e-03 2.849832608742558504e-01 4.281308450960463752e-01
4.452499999999992752e+01 6.655519314170856848e-01 6.398793970471649932e-03 2.849063015352497619e-01 4.280752381390141581e-01
4.459999999999993037e+01 6.654613302073272285e-01 6.386335804468921962e-03 2.848305768793134574e-01 4.280197269923607939e-01
4.467499999999992610e+01 6.653660070697997586e-01 6.373898977299410906e-03 2.847539368108507052e-01 4.279658620747344711e-01
4.474999999999992895e+01 6.652602650411736374e-01 6.361454607148781665e-03 2.846750936699075085e-01 4.279153718166057718e-01
4.482499999999992468e+01 6.651410387964166171e-01 6.349000493664103129e-03 2.845939471284929523e-01 4.278700764629863595e-01
4.489999999999992752e+01 6.650085854664471441e-01 6.336566104066191502e-03 2.845118180725715318e-01 4.278317968977958796e-01
4.497499999999993037e+01 6.648667518261537346e-01 6.324213467096589242e-03 2.844315006826686476e-01 4.278022624855821743e-01
4.504999999999992610e+01 6.647228971051439839e-01 6.312034866246884340e-03 2.843571707244216817e-01 4.277830235167043860e-01
4.512499999999992895e+01 6.645874514450988979e-01 6.300147238074084617e-03 2.842941441180926176e-01 4.277753717737445838e-01
4.519999999999992468e+01 6.644730255933001262e-01 6.288682580328092304e-03 2.842484526308293180e-01 4.277802735137776757e-01
4.527499999999992752e+01 6.643933223742020111e-01 6.277776828656627360e-03 2.842263459174283469e-01 4.277983181735612872e-01
4.534999999999992326e+01 6.643618205116104125e-01 6.267556967981743020e-03 2.842337084979715822e-01 4.278296851542273682e-01
4.542499999999992610e+01 6.643904431389794363e-01 6.258128410262042175e-03 2.842754830361527985e-01 4.278741302976374894e-01
4.549999999999992895e+01 6.644883119227614765e-01 6.249563581025723707e-03 2.843551429366699690e-01 4.279309926669149777e-01
4.557499999999992468e+01 6.646607283772558716e-01 6.241893013156609576e-03 2.844742740746120102e-01 4.279992211502329225e-01
4.564999999999992752e+01 6.649085028287466947e-01 6.235100025904659858e-03 2.846323161825472514e-01 4.280774196323624547e-01
4.572499999999992326e+01 6.652277128688313113e-01 6.229119676918724174e-03 2.848264972271081774e-01 4.281639079628510314e-01
4.579999999999992610e+01 6.656098288232384919e-01 6.223841333076397114e-03 2.850519330548985097e-01 4.282567965663226506e-01
4.587499999999992895e+01 6.660423796524513884e-01 6.219116383512902219e-03 2.853019640936539369e-01 4.283540699655294937e-01
4.594999999999991758e+01 6.665099369142414298e-01 6.214768931967987013e-03 2.855686324239284923e-01 4.284536757936919793e-01
4.602499999999992042e+01 6.669953538826430828e-01 6.210608797933898050e-03 2.858432699249071618e-01 4.285536147455697442e-01
4.609999999999992326e+01 6.674812194998646087e-01 6.206446372398231187e-03 2.861171777675579619e-01 4.286520270666821508e-01
4.617499999999992610e+01 6.679512982212340022e-01 6.202107127843035743e-03 2.863822966281517335e-01 4.287472715313119243e-01
4.624999999999992895e+01 6.683918490900279119e-01 6.197444739193752952e-03 2.866318191877106347e-01 4.288379931292418679e-01
4.632499999999991758e+01 6.687927031534198763e-01 6.192351659006865155e-03 2.868606906034925075e-01 4.289231764206122843e-01
4.639999999999992042e+01 6.691479965818180053e-01 6.186766176774293781e-03 2.870659506023267582e-01 4.290021819817653181e-01
4.647499999999992326e+01 6.694564715037059077e-01 6.180675156479776243e-03 2.872468778973971126e-01 4.290747645656405873e-01
4.654999999999991900e+01 6.697213899987493058e-01 6.174112898881965218e-03 2.874049554429549680e-01 4.291410722949907663e-01
4.662499999999992184e+01 6.699499639930591721e-01 6.167155273126400522e-03 2.875436146095179391e-01 4.292016270822531787e-01
4.669999999999991758e+01 6.701525099564098475e-01 6.159911108110877574e-03 2.876678487487774882e-01 4.292572876694722428e-01
4.677499999999992042e+01 6.703412984333734226e-01 6.152510629002466355e-03 2.877836846715898789e-01 4.293091971868018275e-01
4.684999999999992326e+01 6.705292834127075663e-01 6.145092712290607141e-03 2.878975935708144585e-01 4.293587180943667647e-01
4.692499999999991900e+01 6.707288240556747994e-01 6.137792054861746643e-03 2.880158921743869449e-01 4.294073578541777181e-01
4.699999999999992184e+01 6.709505328946581137e-01 6.130727541024515864e-03 2.881441944281517564e-01 4.294566891317925794e-01
4.707499999999991758e+01 6.712023305031853404e-01 6.123992581398490093e-03 2.882869507693334166e-01 4.295082684728033229e-01
4.714999999999992042e+01 6.714888394700021523e-01 6.117648668960163141e-03 2.884471347414712117e-01 4.295635575553853891e-01
4.722499999999991616e+01 6.718111224381401181e-01 6.111722211227942243e-03 2.886260814252390450e-01 4.296238507897218173e-01
4.729999999999991900e+01 6.721668042037586277e-01 6.106205012985079124e-03 2.888234971141937502e-01 4.296902127684375516e-01
4.737499999999992184e+01 6.725505150055851589e-01 6.101057840536128554e-03 2.890376151953986117e-01 4.297634285403800769e-01
4.744999999999991758e+01 6.729546336786476068e-01 6.096216872409584465e-03 2.892654905958342848e-01 4.298439688491180743e-01
4.752499999999992042e+01 6.733701974146740765e-01 6.091601827478081155e-03 2.895033768508953331e-01 4.299319719857065403e-01
4.759999999999991616e+01 6.737879045215053875e-01 6.087125100380057219e-03 2.897471547780902101e-01 4.300272427476357073e-01
4.767499999999991900e+01 6.741990638313569706e-01 6.082700578512944059e-03 2.899927500806041003e-01 4.301292683983055642e-01
4.774999999999991473e+01 6.745964270106409311e-01 6.078251558651067907e-03 2.902365119255879700e-01 4.302372504576130186e-01
4.782499999999991758e+01 6.749747940135882862e-01 6.073716763276009074e-03 2.904755042036746282e-01 4.303501505240311387e-01
4.789999999999992042e+01 6.753313427722690276e-01 6.069053999643343397e-03 2.907076865829156809e-01 4.304667474628766088e-01
4.797499999999991616e+01 6.756656529537947709e-01 6.064241181027756750e-03 2.909319706598061384e-01 4.305857037248294605e-01
4.804999999999991900e+01 6.759794624955522968e-01 6.059275000548075725e-03 2.911481637763345676e-01 4.307056352000490085e-01
4.812499999999991473e+01 6.762761726139083773e-01 6.054167406202293211e-03 2.913568064234848265e-01 4.308251838850795101e-01
4.819999999999991758e+01 6.765601817944280061e-01 6.048940522471784632e-03 2.915589331831395237e-01 4.309430868512586499e-01
4.827499999999992042e+01 6.768361295449504267e-01 6.043620739913345419e-03 2.917557912193162739e-01 4.310582406637617492e-01
4.834999999999990905e+01 6.771081604460740255e-01 6.038232884131211099e-03 2.919485599477434912e-01 4.311697554426310308e-01
4.842499999999991189e+01 6.773792756633648660e-01 6.032795050721031192e-03 2.921381003311653846e-01 4.312769977278554379e-01
4.849999999999991473e+01 6.776508733014963148e-01 6.027314963757465956e-03 2.923247757422365867e-01 4.313796192987081612e-01
4.857499999999991758e+01 6.779224779474383178e-01 6.021787833810775432e-03 2.925083440273579249e-01 4.314775708765288820e-01
4.864999999999992042e+01 6.781917607614549315e-01 6.016196590564358397e-03 2.926879641309555469e-01 4.315710998941266752e-01
4.872499999999990905e+01 6.784547718772531155e-01 6.010513781319590937e-03 2.928622839947965240e-01 4.316607327920475301e-01
4.879999999999991189e+01 6.787063981009371361e-01 6.004705246037113364e-03 2.930296160066105937e-01 4.317472427348935105e-01
4.887499999999991473e+01 6.789409574927620650e-01 5.998734794556012488e-03 2.931881630839245911e-01 4.318316045722578878e-01
4.894999999999991047e+01 6.791528828548276664e-01 5.992569483203200216e-03 2.933362762027961201e-01 4.319149393428963757e-01
4.902499999999991331e+01 6.793373859894525912e-01 5.986184571848172410e-03 2.934726986348561439e-01 4.319984512664707399e-01
4.909999999999990905e+01 6.794910344019099435e-01 5.979567608157515535e-03 2.935967695605334882e-01 4.320833604801839201e-01
4.917499999999991189e+01 6.796121771589703764e-01 5.972721139220061974e-03 2.937085620211460357e-01 4.321708349149306905e-01
4.924999999999991473e+01 6.797011472314663516e-01 5.965663474766808722e-03 2.938089261322648360e-01 4.322619247135252585e-01
4.932499999999991047e+01 6.797602453313424942e-01 5.958427614447446563e-03 2.938994420826197551e-01 4.323575026653130315e-01
4.939999999999991331e+01 6.797934872095470205e-01 5.951058238961455180e-03 2.939822770046953693e-01 4.324582134663420563e-01
4.947499999999990905e+01 6.798061406266844298e-01 5.943607048041048627e-03 2.940599587018303263e-01 4.325644343705823958e-01
4.954999999999991189e+01 6.798041249474995329e-01 5.936127123688027078e-03 2.941350989787412384e-01 4.326762492084862410e-01
4.962499999999990763e+01 6.797933374205842316e-01 5.928666900879961746e-03 2.942100949561675671e-01 4.327934370061963243e-01
4.969999999999991047e+01 6.797789731586025841e-01 5.921264336330576104e-03 2.942868375156291183e-01 4.329154756703067486e-01
4.977499999999991331e+01 6.797649330188901828e-01 5.913942087518581081e-03 2.943664674062368425e-01 4.330415605567234927e-01
4.984999999999990905e+01 6.797533818193566280e-01 5.906704219650289744e-03 2.944492053495664230e-01 4.331706369175752358e-01
4.992499999999991189e+01 6.797445093076044387e-01 5.899534858694317589e-03 2.945342778203132728e-01 4.333014445682382698e-01
4.999999999999990763e+01 6.797365215366673041e-01 5.892398983227026786e-03 2.946199491613508137e-01 4.334325725139928642e-01
5.007499999999991047e+01 6.797258631651569294e-01 5.885245305750664256e-03 2.947036586854639983e-01 4.335625207979737494e-01
5.014999999999990621e+01 6.797076452826856796e-01 5.878010966488181506e-03 2.947822499693817377e-01 4.336897664977474864e-01
5.022499999999990905e+01 6.796762318732075814e-01 5.870627576421608151e-03 2.948522700257747431e-01 4.338128305783964800e-01
5.029999999999991189e+01 6.796259062401557305e-01 5.863027876908673969e-03 2.949103022085057813e-01 4.339303424144266286e-01
5.037499999999990763e+01 6.795515639293292498e-01 5.855152503936860743e-03 2.949533073858188192e-01 4.340410986332345900e-01
5.044999999999991047e+01 6.794493285067469968e-01 5.846955929457854466e-03 2.949789266411482203e-01 4.341441138656141341e-01
5.052499999999990621e+01 6.793170342925796135e-01 5.838411059883094091e-03 2.949857188005927666e-01 4.342386601681231806e-01
5.059999999999990905e+01 6.791545191470557130e-01 5.829512002981098243e-03 2.949733073508430392e-01 4.343242944496599200e-01
5.067499999999991189e+01 6.789636957403121231e-01 5.820274715424202799e-03 2.949424212041209525e-01 4.344008715849361213e-01
5.074999999999990052e+01 6.787483908695729484e-01 5.810735461007447526e-03 2.948948246461273737e-01 4.344685432967660965e-01
5.082499999999990337e+01 6.785139747452623160e-01 5.800947288168981607e-03 2.948331459211879224e-01 4.345277428248673912e-01
5.089999999999990621e+01 6.782668202300884408e-01 5.790974901296670925e-03 2.947606224759999893e-01 4.345791562913373096e-01
5.097499999999990905e+01 6.780136587488124755e-01 5.780888533733136332e-03 2.946807930070460824e-01 4.346236822881146544e-01
5.104999999999991189e+01 6.777609014744060412e-01 5.770757448152518190e-03 2.945971677281855605e-01 4.346623818035486031e-01
5.112499999999990052e+01 6.775140097080887269e-01 5.760643818666777785e-03 2.945129152293384234e-01 4.346964210470440348e-01
5.119999999999990337e+01 6.772769770780856513e-01 5.750597563546466090e-03 2.944305952535785087e-01 4.347270100983110508e-01
5.127499999999990621e+01 6.770520003614831639e-01 5.740652808969120592e-03 2.943519727798911134e-01 4.347553402437839276e-01
5.134999999999990195e+01 6.768393427508536675e-01 5.730826046839006260e-03 2.942779175051823959e-01 4.347825235884771322e-01
5.142499999999990479e+01 6.766374522054752205e-01 5.721116528196707775e-03 2.942084174625151372e-01 4.348095372249252133e-01
5.149999999999990052e+01 6.764432810300262666e-01 5.711508457123895717e-03 2.941426855418800557e-01 4.348371752528701895e-01
5.157499999999990337e+01 6.762527876451852604e-01 5.701974831760200924e-03 2.940793519480318086e-01 4.348660106408739345e-01
5.164999999999990621e+01 6.760615631721864638e-01 5.692482456968647395e-03 2.940167189024300853e-01 4.348963687905250675e-01
5.172499999999990195e+01 6.758655020564792171e-01 5.682997453346667026e-03 2.939530432743557853e-01 4.349283139617790006e-01
5.179999999999990479e+01 6.756614406440274445e-01 5.673490626555490433e-03 2.938868144555738526e-01 4.349616490996535134e-01
5.187499999999990052e+01 6.754477142840586978e-01 5.663942284531185006e-03 2.938170060100546710e-01 4.349959290653403476e-01
5.194999999999990337e+01 6.752245019572601370e-01 5.654345395906769899e-03 2.937432433173561286e-01 4.350304861063072903e-01
5.202499999999989910e+01 6.749939963525963815e-01 5.644707410013423063e-03 2.936659030059477482e-01 4.350644666364492652e-01
5.209999999999990195e+01 6.747603180839824022e-01 5.635050041243946581e-03 2.935861071488090612e-01 4.350968770399277763e-01
5.217499999999990479e+01 6.745292055728850933e-01 5.625407269426607564e-03 2.935056242823327333e-01 4.351266362633700591e-01
5.224999999999990052e+01 6.743075030262818403e-01 5.615821723267543086e-03 2.934266850407285521e-01 4.351526324767766019e-01
5.232499999999990337e+01 6.741025063475821755e-01 5.606339922651027742e-03 2.933517364527145066e-01 4.351737809760580777e-01
5.239999999999989910e+01 6.739212321465627431e-01 5.597006894073036816e-03 2.932831612494265494e-01 4.351890803547854847e-01
5.247499999999990195e+01 6.737696911653345833e-01 5.587860806872240946e-03 2.932229958406202819e-01 4.351976642544864160e-01
5.254999999999989768e+01 6.736522488050162849e-01 5.578928284543571356e-03 2.931726813527640862e-01 4.351988461002239683e-01
5.262499999999990052e+01 6.735711414700275013e-01 5.570220928777473192e-03 2.931328763769139867e-01 4.351921546656074558e-01
5.269999999999990337e+01 6.735261991957199879e-01 5.561733443458908611e-03 2.931033524702839621e-01 4.351773588322004893e-01
5.277499999999989910e+01 6.735148199860209184e-01 5.553443704260092872e-03 2.930829914923258617e-01 4.351544803400301253e-01
5.284999999999990195e+01 6.735321805636131920e-01 5.545314623455522424e-03 2.930698778496237944e-01 4.351237940915937963e-01
5.292499999999989768e+01 6.735716915411216199e-01 5.537297856973375995e-03 2.930614890803153738e-01 4.350858160469826541e-01
5.299999999999990052e+01 6.736256294859876981e-01 5.529338787643819052e-03 2.930549557451218590e-01 4.350412794844792930e-01
5.307499999999990337e+01 6.736858850981672919e-01 5.521382285798026764e-03 2.930473648187297275e-01 4.349911008986447891e-01
5.314999999999989200e+01 6.737447624249693900e-01 5.513378725867938007e-03 2.930360792798802905e-01 4.349363373529955279e-01
5.322499999999989484e+01 6.737957342840711350e-01 5.505289506112414147e-03 2.930190339628326868e-01 4.348781374731831573e-01
5.329999999999989768e+01 6.738340725576177359e-01 5.497091443307323098e-03 2.929949739282797783e-01 4.348176885982959483e-01
5.337499999999990052e+01 6.738573102349340038e-01 5.488779737509008778e-03 2.929636184895427764e-01 4.347561628253373001e-01
5.344999999999990337e+01 6.738654392124787673e-01 5.480368774494759343e-03 2.929257109967443595e-01 4.346946644705145246e-01
5.352499999999989200e+01 6.738609104207248235e-01 5.471891367946244214e-03 2.928829854693221213e-01 4.346341818320649253e-01
5.359999999999989484e+01 6.738483180536670725e-01 5.463395527293293460e-03 2.928380002629199508e-01 4.345755452929653817e-01
5.367499999999989768e+01 6.738339199704300730e-01 5.454940039373656381e-03 2.927939066133804502e-01 4.345193940759604079e-01
5.374999999999989342e+01 6.738249663805273570e-01 5.446588669040688772e-03 2.927541409609364376e-01 4.344661530329972932e-01
5.382499999999989626e+01 6.738289414018190371e-01 5.438403851163799672e-03 2.927220872888909309e-01 4.344160206000031721e-01
5.389999999999989200e+01 6.738527930932466381e-01 5.430440493093110534e-03 2.927007425777180538e-01 4.343689683827052228e-01
5.397499999999989484e+01 6.739022242712788824e-01 5.422740465122423761e-03 2.926924166049822418e-01 4.343247522613297162e-01
5.404999999999989768e+01 6.739811247971568831e-01 5.415328410012015294e-03 2.926985005611488777e-01 4.342829343317888835e-01
5.412499999999989342e+01 6.740911921481232971e-01 5.408209217379691264e-03 2.927193238906752315e-01 4.342429144606798630e-01
5.419999999999989626e+01 6.742317930322709874e-01 5.401367547258218577e-03 2.927541210613948675e-01 4.342039697427657052e-01
5.427499999999989200e+01 6.744000535825328546e-01 5.394769257642643111e-03 2.928011014585538696e-01 4.341652998144683306e-01
5.434999999999989484e+01 6.745911812051453849e-01 5.388364712508027059e-03 2.928576221248107014e-01 4.341260755908870062e-01
5.442499999999989058e+01 6.747989686118519570e-01 5.382093528557854722e-03 2.929204402917606753e-01 4.340854890373285757e-01
5.449999999999989342e+01 6.750164277808528013e-01 5.375890297672652508e-03 2.929860212231589767e-01 4.340428012787241885e-01
5.457499999999989626e+01 6.752364879487409155e-01 5.369690722632825854e-03 2.930508711876859129e-01 4.339973867199135027e-01
5.464999999999989200e+01 6.754526674627610028e-01 5.363437417387087111e-03 2.931118548602037466e-01 4.339487709201526600e-01
5.472499999999989484e+01 6.756596667013382573e-01 5.357084930840416703e-03 2.931664728402412212e-01 4.338966602394953576e-01
5.479999999999989058e+01 6.758538104480469322e-01 5.350603419558495367e-03 2.932130673918049713e-01 4.338409621415374451e-01
5.487499999999989342e+01 6.760333108017686499e-01 5.343980735242019955e-03 2.932509428464052936e-01 4.337817947145424791e-01
5.494999999999988916e+01 6.761983051966521385e-01 5.337222573912243223e-03 2.932803804364771949e-01 4.337194846283818350e-01
5.502499999999989200e+01 6.763506863712898109e-01 5.330350867892916580e-03 2.933025565058071660e-01 4.336545558627490360e-01
5.509999999999989484e+01 6.764937772523883508e-01 5.323400810205628116e-03 2.933193846423295392e-01 4.335877054681274156e-01
5.517499999999989058e+01 6.766318172401255548e-01 5.316416351810746357e-03 2.933332722111573476e-01 4.335197735861986423e-01
5.524999999999989342e+01 6.767694045041525719e-01 5.309445270537037527e-03 2.933468511971707438e-01 4.334517034086324827e-01
5.532499999999988916e+01 6.769109061085486490e-01 5.302533980996512221e-03 2.933626924986314499e-01 4.333844969127859659e-01
5.539999999999989200e+01 6.770599172878817296e-01 5.295722734576045927e-03 2.933830394955123655e-01 4.333191671879280671e-01
5.547499999999989484e+01 6.772188324850322294e-01 5.289041726683004971e-03 2.934095897877391224e-01 4.332566900289560596e-01
5.554999999999988347e+01 6.773885575034125361e-01 5.282508358877637672e-03 2.934433393356521425e-01 4.331979571919087890e-01
5.562499999999988631e+01 6.775684157759546133e-01 5.276126083431626965e-03 2.934845133908836612e-01 4.331437336180786746e-01
5.569999999999988916e+01 6.777562314491025752e-01 5.269884705177798820e-03 2.935325780784028282e-01 4.330946208355831439e-01
5.577499999999989200e+01 6.779485746496397569e-01 5.263762032916096886e-03 2.935863273858947409e-01 4.330510282990396309e-01
5.584999999999989484e+01 6.781411636612796334e-01 5.257726842515879004e-03 2.936440441545112856e-01 4.330131540299501092e-01
5.592499999999988347e+01 6.783293374380050533e-01 5.251742481836943824e-03 2.937036982967304866e-01 4.329809755922183201e-01
5.599999999999988631e+01 6.785085661219830699e-01 5.245770867152605224e-03 2.937631685605452958e-01 4.329542517636132404e-01
5.607499999999988916e+01 6.786749357208460287e-01 5.239776374706395061e-03 2.938204602116605280e-01 4.329325347776146193e-01
5.614999999999988489e+01 6.788255445597530802e-01 5.233729142292563481e-03 2.938738913397268560e-01 4.329151925629381448e-01
5.622499999999988773e+01 6.789587763406259580e-01 5.227607502914430153e-03 2.939222318513632359e-01 4.329014398127549734e-01
5.629999999999988347e+01 6.790744154545030886e-01 5.221399276448616435e-03 2.939647792640565083e-01 4.328903763327712761e-01
5.637499999999988631e+01 6.791735988820507552e-01 5.215101863857476636e-03 2.940013675749646449e-01 4.328810307981695304e-01
5.644999999999988916e+01 6.792586158016826747e-01 5.208721213593642263e-03 2.940323125073605048e-01 4.328724077505210488e-01
5.652499999999988489e+01 6.793325704059667292e-01 5.202269760227568214e-03 2.940582981968626886e-01 4.328635354862118700e-01
5.659999999999988773e+01 6.793989664610590173e-01 5.195763764586578022e-03 2.940802290755997195e-01 4.328535125795712757e-01
5.667499999999988347e+01 6.794612541551015017e-01 5.189220342919344427e-03 2.940990629349532481e-01 4.328415507675421603e-01
5.674999999999988631e+01 6.795223940620574998e-01 5.182654581175294602e-03 2.941156474816973843e-01 4.328270121070317833e-01
5.682499999999988205e+01 6.795844929374486032e-01 5.176077130594313423e-03 2.941305829460212351e-01 4.328094387125664966e-01
5.689999999999988489e+01 6.796485493784211185e-01 5.169492552646716942e-03 2.941441262455976036e-01 4.327885736158928465e-01
5.697499999999988773e+01 6.797143412720211275e-01 5.162898639518534449e-03 2.941561499865679163e-01 4.327643719214199214e-01
5.704999999999988347e+01 6.797804639335570664e-01 5.156286762201732661e-03 2.941661597836082720e-01 4.327370017099528843e-01
5.712499999999988631e+01 6.798445150048227914e-01 5.149643207809880170e-03 2.941733682461388222e-01 4.327068348033255019e-01
5.719999999999988205e+01 6.799033988092838543e-01 5.142951296080513178e-03 2.941768141358047650e-01 4.326744279422594097e-01
5.727499999999988489e+01 6.799537171254578238e-01 5.136194029170522077e-03 2.941755130207410751e-01 4.326404953919281704e-01
5.734999999999988063e+01 6.799921975272816832e-01 5.129356917154302871e-03 2.941686191987986643e-01 4.326058744034286252e-01
5.742499999999988347e+01 6.800161073535073708e-01 5.122430606748719709e-03 2.941555775925446259e-01 4.325714853098728274e-01
5.749999999999988631e+01 6.800236046627619046e-01 5.115412972892024492e-03 2.941362459412908414e-01 4.325382882659775108e-01
5.757499999999988205e+01 6.800139850424553600e-01 5.108310395517292116e-03 2.941109710219075302e-01 4.325072388085449138e-01
5.764999999999988489e+01 6.799877935125835382e-01 5.101138024805921926e-03 2.940806071300607893e-01 4.324792443860518976e-01
5.772499999999988063e+01 6.799467903165504756e-01 5.093918987216781644e-03 2.940464735370881266e-01 4.324551240255053441e-01
5.779999999999988347e+01 6.798937733280012718e-01 5.086682586230205361e-03 2.940102534841052551e-01 4.324355730527713604e-01
5.787499999999988631e+01 6.798322786747986735e-01 5.079461688754803583e-03 2.939738452366836841e-01 4.324211345329597167e-01
5.794999999999987494e+01 6.797661956168103981e-01 5.072289589119468277e-03 2.939391816894725284e-01 4.324121787532494432e-01
5.802499999999987779e+01 6.796993360503447157e-01 5.065196665733059933e-03 2.939080365291601993e-01 4.324088916093787316e-01
5.809999999999988063e+01 6.796350250542262383e-01 5.058207331759465714e-03 2.938818459752243761e-01 4.324112724351961146e-01
5.817499999999988347e+01 6.795757362326569906e-01 5.051337450205120073e-03 2.938615561656822139e-01 4.324191410875753983e-01
5.824999999999988631e+01 6.795228398576316220e-01 5.044592708602225160e-03 2.938475252760790468e-01 4.324321539179517560e-01
5.832499999999987494e+01 6.794764817286118586e-01 5.037968065335866365e-03 2.938394874107137511e-01 4.324498276425636778e-01
5.839999999999987779e+01 6.794356073667332518e-01 5.031448350695022498e-03 2.938365836805887366e-01 4.324715697774536016e-01
5.847499999999988063e+01 6.793981368423394063e-01 5.025010032892240908e-03 2.938374616733732125e-01 4.324967139872520905e-01
5.854999999999987637e+01 6.793612628450046431e-01 5.018623915975988468e-03 2.938404302803935275e-01 4.325245585093550060e-01
5.862499999999987921e+01 6.793218465381885007e-01 5.012258550975180749e-03 2.938436575509193460e-01 4.325544056154548289e-01
5.869999999999987494e+01 6.792768548142908980e-01 5.005883915671120558e-03 2.938453858498941695e-01 4.325856000646882693e-01
5.877499999999987779e+01 6.792237988968942153e-01 4.999475043749949596e-03 2.938441456964027143e-01 4.326175645989225327e-01
5.884999999999988063e+01 6.791611130255589268e-01 4.993015132275553311e-03 2.938389405344157268e-01 4.326498306497675861e-01
5.892499999999987637e+01 6.790884344256001848e-01 4.986497829253086662e-03 2.938293845887375300e-01 4.326820627379260320e-01
5.899999999999987921e+01 6.790067473940196718e-01 4.979928420793523942e-03 2.938157768268172543e-01 4.327140753084731672e-01
5.907499999999987494e+01 6.789183674490906206e-01 4.973323742462381486e-03 2.937991000859645485e-01 4.327458412855436087e-01
5.914999999999987779e+01 6.788267735814120796e-01 4.966710877922021587e-03 2.937809484290869744e-01 4.327774917879747552e-01
5.922499999999987352e+01 6.787362941673593664e-01 4.960124699033204368e-03 2.937633853002409312e-01 4.328093072739178648e-01
5.929999999999987637e+01 6.786516840484408952e-01 4.953604535113795629e-03 2.937487489322474499e-01 4.328417004433163795e-01
5.937499999999987921e+01 6.785776422282540077e-01 4.947190351231659823e-03 2.937394271043791694e-01 4.328751919085092048e-01
5.944999999999987494e+01 6.785183048912034609e-01 4.940918707251620856e-03 2.937376171461082430e-01 4.329103799096583050e-01
5.952499999999987779e+01 6.784767997213160262e-01 4.934819141993326830e-03 2.937451094271521512e-01 4.329479055846976454e-01
5.959999999999987352e+01 6.784548826713941994e-01 4.928911153772551346e-03 2.937631047648434635e-01 4.329884156897224057e-01
5.967499999999987637e+01 6.784527181156942977e-01 4.923202234561965124e-03 2.937920933474846841e-01 4.330325246001671680e-01
5.974999999999987210e+01 6.784688176895640188e-01 4.917687082042614469e-03 2.938318031520456008e-01 4.330807776142918675e-01
5.982499999999987494e+01 6.785001602264684184e-01 4.912348161879698423e-03 2.938812287844523308e-01 4.331336173691708868e-01
5.989999999999987779e+01 6.785424688572235796e-01 4.907157455771488791e-03 2.939387316007116002e-01 4.331913551347087443e-01
5.997499999999987352e+01 6.785906308750258020e-01 4.902079298152195799e-03 2.940022059066773608e-01 4.332541484216615446e-01
6.004999999999987637e+01 6.786392110781419573e-01 4.897073950986089406e-03 2.940692907567140635e-01 4.333219860513680688e-01
6.012499999999987210e+01 6.786830069475748850e-01 4.892101548502010566e-03 2.941376056036827391e-01 4.333946814531095537e-01
6.019999999999987494e+01 6.787175871310011654e-01 4.887125992935610445e-03 2.942049847747231217e-01 4.334718745367324710e-01
6.027499999999987779e+01 6.787397622212116843e-01 4.882118435194204853e-03 2.942696886813300772e-01 4.335530420647775163e-01
6.034999999999986642e+01 6.787479220721212014e-01 4.877059866119881973e-03 2.943305629203342155e-01 4.336375160041517907e-01
6.042499999999986926e+01 6.787422264799792826e-01 4.871942720971226062e-03 2.943871389146857087e-01 4.337245089957125210e-01
6.049999999999987210e+01 6.787246130610716799e-01 4.866771230067147395e-03 2.944396594190618055e-01 4.338131456455198709e-01
6.057499999999987494e+01 6.786986021550355241e-01 4.861560361918862080e-03 2.944890189232344246e-01 4.339024980870140880e-01
6.064999999999987779e+01 6.786690059962346977e-01 4.856334117821087433e-03 2.945366642458483453e-01 4.339916242579706651e-01
6.072499999999986642e+01 6.786414142064520760e-01 4.851122241735309100e-03 2.945843981293759795e-01 4.340796066415117949e-01
6.079999999999986926e+01 6.786216799033701896e-01 4.845956941689238962e-03 2.946341820547051515e-01 4.341655900186662254e-01
6.087499999999987210e+01 6.786153398472225540e-01 4.840869123880802566e-03 2.946879079162432191e-01 4.342488161004239289e-01
6.094999999999986784e+01 6.786270838655095172e-01 4.835884947796712137e-03 2.947471875682089459e-01 4.343286535062930165e-01
6.102499999999987068e+01 6.786603051294756161e-01 4.831022909476700468e-03 2.948131730508150028e-01 4.344046216089951229e-01
6.109999999999986642e+01 6.787167910206027832e-01 4.826291863306481772e-03 2.948864328480254038e-01 4.344764071691781249e-01
6.117499999999986926e+01 6.787965619435588627e-01 4.821690020086664974e-03 2.949668869788011349e-01 4.345438729598740668e-01
6.124999999999987210e+01 6.788979035324685940e-01 4.817205233518656420e-03 2.950538205530170988e-01 4.346070580241613857e-01
6.132499999999986784e+01 6.790175565221234777e-01 4.812816313291564708e-03 2.951459604126045466e-01 4.346661696412090214e-01
6.139999999999987068e+01 6.791510567160182754e-01 4.808495307808831679e-03 2.952416118994616312e-01 4.347215674331411650e-01
6.147499999999986642e+01 6.792931846456512490e-01 4.804210471932844964e-03 2.953388387620710098e-01 4.347737404669127503e-01
6.154999999999986926e+01 6.794384782179910820e-01 4.799929596235440014e-03 2.954356666482906846e-01 4.348232785154435565e-01
6.162499999999986500e+01 6.795817429325925474e-01 4.795623248603260967e-03 2.955302826951753392e-01 4.348708389661505302e-01
6.169999999999986784e+01 6.797185370614270417e-01 4.791267785927259999e-03 2.956212223917112913e-01 4.349171109408711544e-01
6.177499999999987068e+01 6.798455271814382028e-01 4.786847422564298113e-03 2.957074995289088459e-01 4.349627786107210792e-01
6.184999999999986642e+01 6.799607512154459688e-01 4.782355641090633123e-03 2.957886964014549980e-01 4.350084852290748705e-01
6.192499999999986926e+01 6.800637046104042183e-01 4.777795380006797342e-03 2.958649789069203173e-01 4.350547998682209316e-01
6.199999999999986500e+01 6.801552774142085589e-01 4.773178220239562147e-03 2.959370496548522356e-01 4.351021884001778917e-01
6.207499999999986784e+01 6.802375443646977438e-01 4.768522607881494138e-03 2.960060408842430935e-01 4.351509900276020470e-01
6.214999999999986358e+01 6.803134365840965980e-01 4.763851334177541912e-03 2.960733604191335688e-01 4.352014005569837529e-01
6.222499999999986642e+01 6.803863361042842284e-01 4.759188574411189754e-03 2.961405090427355891e-01 4.352534631109133967e-01
6.229999999999986926e+01 6.804596381911464098e-01 4.754556807247270825e-03 2.962088890915043349e-01 4.353070666746834405e-01
6.237499999999986500e+01 6.805363242620239284e-01 4.749973911468675057e-03 2.962796227278580163e-01 4.353619522795417751e-01
6.244999999999986784e+01 6.806186069699472485e-01 4.745450873763849484e-03 2.963534070665517772e-01 4.354177273905138756e-01
6.252499999999986358e+01 6.807076666038258672e-01 4.740990200757613272e-03 2.964304123023691062e-01 4.354738852601943710e-01
6.259999999999986642e+01 6.808035153522432603e-01 4.736585311939311808e-03 2.965102405274002706e-01 4.355298317958711252e-01
6.267499999999986926e+01 6.809050053709462258e-01 4.732220965027781300e-03 2.965919489831155831e-01 4.355849151403094477e-01
6.274999999999985789e+01 6.810099578936135156e-01 4.727874552244540861e-03 2.966741281533442631e-01 4.356384583141298394e-01
6.282499999999986073e+01 6.811154121156172137e-01 4.723518238051588325e-03 2.967550333055903877e-01 4.356897935752731543e-01
6.289999999999986358e+01 6.812179548007474272e-01 4.719121617868271036e-03 2.968327497639136059e-01 4.357382944357882648e-01
6.297499999999986642e+01 6.813140903912164870e-01 4.714654634215901564e-03 2.969053755897457236e-01 4.357834070615801414e-01
6.304999999999986926e+01 6.814006171576166837e-01 4.710090459336024188e-03 2.969712034611357021e-01 4.358246763848211414e-01
6.312499999999985789e+01 6.814749560735060552e-01 4.705407983778350442e-03 2.970288789760077153e-01 4.358617676684941045e-01
6.319999999999986073e+01 6.815354015486102535e-01 4.700593680552245940e-03 2.970775206109013133e-01 4.358944816892426077e-01
6.327499999999986358e+01 6.815812736521368320e-01 4.695642701548199613e-03 2.971167919404616997e-01 4.359227628840389168e-01
6.334999999999985931e+01 6.816129438479521241e-01 4.690559017371307045e-03 2.971469137504716418e-01 4.359467002973411720e-01
6.342499999999986215e+01 6.816317548200158116e-01 4.685354747935304917e-03 2.971686248877960512e-01 4.359665211992113654e-01
6.349999999999985789e+01 6.816398230019112825e-01 4.680048616024759869e-03 2.971830871175715760e-01 4.359825777326074570e-01
6.357499999999986073e+01 6.816397687876505351e-01 4.674663848819829437e-03 2.971917541887200143e-01 4.359953274400328871e-01
6.364999999999986358e+01 6.816344032764832805e-01 4.669225740729657237e-03 2.971962183974420357e-01 4.360053086652873056e-01
6.372499999999985931e+01 6.816263996594340568e-01 4.663759086169260056e-03 2.971980477661354536e-01 4.360131120429411866e-01
6.379999999999986215e+01 6.816179987765044190e-01 4.658285838917681707e-03 2.971986365229474236e-01 4.360193496304604066e-01
6.387499999999985789e+01 6.816107770606169014e-01 4.652823205681635294e-03 2.971990822629138052e-01 4.360246232381436160e-01
6.394999999999986073e+01 6.816055025881457841e-01 4.647382362770086789e-03 2.972001020991463793e-01 4.360294935569599684e-01
6.402499999999986358e+01 6.816020942021517870e-01 4.641967909328036795e-03 2.972019953947269144e-01 4.360344516585094032e-01
6.409999999999985221e+01 6.815996858914932233e-01 4.636578080844527827e-03 2.972046549821335537e-01 4.360398942869331274e-01
6.417499999999986926e+01 6.815967857574822819e-01 4.631205657172065247e-03 2.972076230490166004e-01 4.360461041768549650e-01
6.424999999999985789e+01 6.815915069217117761e-01 4.625839415914479585e-03 2.972101824725046360e-01 4.360532363655794108e-01
6.432499999999986073e+01 6.815818431939466571e-01 4.620465949483575779e-03 2.972114722005303467e-01 4.360613111519722751e-01
6.439999999999986358e+01 6.815659520251117209e-01 4.615071592774418197e-03 2.972106105746719074e-01 4.360702140292967988e-01
6.447499999999985221e+01 6.815424116618405970e-01 4.609644236777338602e-03 2.972068121662182483e-01 4.360797025698273099e-01
6.454999999999985505e+01 6.815104192936444205e-01 4.604174800125162247e-03 2.971994833480785525e-01 4.360894198156394230e-01
6.462499999999985789e+01 6.814699116380837918e-01 4.598658230115790398e-03 2.971882881212323246e-01 4.360989136070083649e-01
6.469999999999986073e+01 6.814215808096260041e-01 4.593093840724608336e-03 2.971731714948815384e-01 4.361076606082793239e-01
6.477499999999986358e+01 6.813668072004248621e-01 4.587485129315593477e-03 2.971543492514169271e-01 4.361150941184732677e-01
6.484999999999985221e+01 6.813074876446383321e-01 4.581838910759770955e-03 2.971322533627704932e-01 4.361206338565165597e-01
6.492499999999985505e+01 6.812458119732558437e-01 4.576164119056045157e-03 2.971074554297130632e-01 4.361237165908284918e-01
6.499999999999985789e+01 6.811839917797497534e-01 4.570470285315294048e-03 2.970805685454934730e-01 4.361238257659317830e-01
6.507499999999986073e+01 6.811239893156526559e-01 4.564766002118649489e-03 2.970521475878704631e-01 4.361205188005907729e-01
6.514999999999984936e+01 6.810672751103623579e-01 4.559057551294105892e-03 2.970225994668103109e-01 4.361134506406577627e-01
6.522499999999985221e+01 6.810146461516002336e-01 4.553347894503340446e-03 2.969921164189797125e-01 4.361023923600998442e-01
6.529999999999985505e+01 6.809661317711818151e-01 4.547636196262915508e-03 2.969606436159677454e-01 4.360872439332305062e-01
6.537499999999985789e+01 6.809209923597997483e-01 4.541917902253930772e-03 2.969278828598500564e-01 4.360680404797285248e-01
6.544999999999986073e+01 6.808778214168630383e-01 4.536185440964310943e-03 2.968933371111135422e-01 4.360449522254926102e-01
6.552499999999984936e+01 6.808347456247942908e-01 4.530429488452196105e-03 2.968563922308294911e-01 4.360182762975878257e-01
6.559999999999985221e+01 6.807896770647015039e-01 4.524640529725130859e-03 2.968164187499678919e-01 4.359884245450431073e-01
6.567499999999985505e+01 6.807406214183913118e-01 4.518810696625201809e-03 2.967728925008594754e-01 4.359559032668028355e-01
6.574999999999985789e+01 6.806859797597029083e-01 4.512935518092715467e-03 2.967255103145953754e-01 4.359212899013227838e-01
6.582499999999984652e+01 6.806248179738281223e-01 4.507015398285863124e-03 2.966742885921662687e-01 4.358852054136735932e-01
6.589999999999984936e+01 6.805570720408506968e-01 4.501056644440912767e-03 2.966196328686554473e-01 4.358482852571852195e-01
6.597499999999985221e+01 6.804836560239790888e-01 4.495071824017775677e-03 2.965623635895721089e-01 4.358111483857912694e-01
6.604999999999985505e+01 6.804064642328945256e-01 4.489079452671281521e-03 2.965036978489374864e-01 4.357743693443923982e-01
6.612499999999985789e+01 6.803282497790245076e-01 4.483102872330482248e-03 2.964451774328524802e-01 4.357384505628569826e-01
6.619999999999984652e+01 6.802524007027156427e-01 4.477168512071274392e-03 2.963885554991176896e-01 4.357037993440990853e-01
6.627499999999984936e+01 6.801826271489461728e-01 4.471303624592199398e-03 2.963356477198473282e-01 4.356707094416215065e-01
6.634999999999985221e+01 6.801226035414085214e-01 4.465533802684089164e-03 2.962881678080886427e-01 4.356393483547109646e-01
6.642499999999985505e+01 6.800755728228545793e-01 4.459880328634904280e-03 2.962475508295728810e-01 4.356097508397631657e-01
6.649999999999985789e+01 6.800440021284673842e-01 4.454357948108754635e-03 2.962148035492315756e-01 4.355818191500989700e-01
6.657499999999984652e+01 6.800292830408778411e-01 4.448973017158464917e-03 2.961903786173241127e-01 4.355553297541152058e-01
6.664999999999984936e+01 6.800315445508392509e-01 4.443722461678240553e-03 2.961741020708540395e-01 4.355299462857668003e-01
6.672499999999985221e+01 6.800495705960316606e-01 4.438593483097903053e-03 2.961651501597069025e-01 4.355052380962934899e-01
6.679999999999985505e+01 6.800808615103461907e-01 4.433564250626262880e-03 2.961620919418337383e-01 4.354807034035733659e-01
6.687499999999985789e+01 6.801218485872992936e-01 4.428605619781745412e-03 2.961630008229035882e-01 4.354557958078721924e-01
6.694999999999984652e+01 6.801681568450080873e-01 4.423683177085131583e-03 2.961655887058488590e-01 4.354299532039647702e-01
6.702499999999983515e+01 6.802150329251602789e-01 4.418760348335223388e-03 2.961674123471675912e-01 4.354026271274028526e-01
6.709999999999985221e+01 6.802577637482494222e-01 4.413801420750745191e-03 2.961660753323743789e-01 4.353733115819018451e-01
6.717499999999985505e+01 6.802921226796478926e-01 4.408774700662042995e-03 2.961594405169720723e-01 4.353415696633528009e-01
6.724999999999985789e+01 6.803147688398458737e-01 4.403655311623861507e-03 2.961458197067040610e-01 4.353070567786251899e-01
6.732499999999984652e+01 6.803235644175938956e-01 4.398427396740077315e-03 2.961241244855250532e-01 4.352695393390183520e-01
6.739999999999983515e+01 6.803177869615134599e-01 4.393085571991752272e-03 2.960939675522433756e-01 4.352289080588067072e-01
6.747499999999985221e+01 6.802981948924501365e-01 4.387635360341968042e-03 2.960556959390736598e-01 4.351851852052580627e-01
6.754999999999984084e+01 6.802669639202352236e-01 4.382092726221378798e-03 2.960103636562534390e-01 4.351385255435720190e-01
6.762499999999985789e+01 6.802274838987040217e-01 4.376482650442276544e-03 2.959596392361583117e-01 4.350892109502459970e-01
6.769999999999984652e+01 6.801840318642942140e-01 4.370836858076100097e-03 2.959056552917512795e-01 4.350376389764886165e-01
6.777499999999983515e+01 6.801413966488231155e-01 4.365191198623420699e-03 2.958508334867016032e-01 4.349843061228311214e-01
6.784999999999985221e+01 6.801044200825928643e-01 4.359582464283413665e-03 2.957976702016289483e-01 4.349297864667706071e-01
6.792499999999984084e+01 6.800775785889632274e-01 4.354045457033207250e-03 2.957485376689799050e-01 4.348747069159434875e-01
6.799999999999985789e+01 6.800645619181684420e-01 4.348610037310994721e-03 2.957054825371470130e-01 4.348197202087542568e-01
6.807499999999984652e+01 6.800679978888659605e-01 4.343299120274965452e-03 2.956700876127176247e-01 4.347654771737029522e-01
6.814999999999983515e+01 6.800892337796122789e-01 4.338127052815258893e-03 2.956433586493592003e-01 4.347125994133359539e-01
6.822499999999983800e+01 6.801282775165176098e-01 4.333099039236983432e-03 2.956256819519424983e-01 4.346616538742030800e-01
6.829999999999984084e+01 6.801838526686864173e-01 4.328211325604579100e-03 2.956168335387920898e-01 4.346131305219109731e-01
6.837499999999985789e+01 6.802535805910122635e-01 4.323452230901372872e-03 2.956160462878807405e-01 4.345674241523962977e-01
6.844999999999984652e+01 6.803342640468607039e-01 4.318803863197257994e-03 2.956221244358516742e-01 4.345248211921449166e-01
6.852499999999983515e+01 6.804222375886717078e-01 4.314244300740070065e-03 2.956335907082126013e-01 4.344854920613702709e-01
6.859999999999983800e+01 6.805137283920439373e-01 4.309749881706292050e-03 2.956488418850509170e-01 4.344494894814636687e-01
6.867499999999984084e+01 6.806052210060937746e-01 4.305297559950932440e-03 2.956663099296296116e-01 4.344167526257962098e-01
6.874999999999984368e+01 6.806937791781425551e-01 4.300867028012756929e-03 2.956846081758763845e-01 4.343871168220174717e-01
6.882499999999984652e+01 6.807772689772237928e-01 4.296442253389825758e-03 2.957026380895541040e-01 4.343603283549809513e-01
6.889999999999983515e+01 6.808544904465551051e-01 4.292012469450792039e-03 2.957196591451588530e-01 4.343360634240714946e-01
6.897499999999983800e+01 6.809251992313508639e-01 4.287572499301536659e-03 2.957353131393227752e-01 4.343139503034368909e-01
6.904999999999984084e+01 6.809900203547888387e-01 4.283122419558558353e-03 2.957496030705177859e-01 4.342935934897185213e-01
6.912499999999984368e+01 6.810502648241403278e-01 4.278666623386186835e-03 2.957628303415694715e-01 4.342745985392735264e-01
6.919999999999984652e+01 6.811076891015124257e-01 4.274212527862958529e-03 2.957755069281160498e-01 4.342565965130862349e-01
6.927499999999983515e+01 6.811642051165964773e-01 4.269768960015732015e-03 2.957882447050891317e-01 4.342392663667027919e-01
6.934999999999983800e+01 6.812215972731692215e-01 4.265344570527337953e-03 2.958016459660701702e-01 4.342223545908130977e-01
6.942499999999984084e+01 6.812812660642755258e-01 4.260946382731999570e-03 2.958162026211683671e-01 4.342056905954310708e-01
6.949999999999984368e+01 6.813440370173992067e-01 4.256578722835241760e-03 2.958322212370486648e-01 4.341891983557406576e-01
6.957499999999984652e+01 6.814100384232284480e-01 4.252242511069523334e-03 2.958497727076614403e-01 4.341729003468350889e-01
6.964999999999983515e+01 6.814786894836146747e-01 4.247935224245455964e-03 2.958686883686952873e-01 4.341569192616830941e-01
6.972499999999983800e+01 6.815487645694063845e-01 4.243651252707954583e-03 2.958885835950614274e-01 4.341414715673352909e-01
6.979999999999984084e+01 6.816185462933603834e-01 4.239382767374220463e-03 2.959089171627199422e-01 4.341268569816237322e-01
6.987499999999984368e+01 6.816860379916199753e-01 4.235120902112152544e-03 2.959290730350859766e-01 4.341134430550326884e-01
6.994999999999983231e+01 6.817492112371827950e-01 4.230857107886876710e-03 2.959484546966862917e-01 4.341016459111455283e-01
7.002499999999983515e+01 6.818062533204740649e-01 4.226584469776648381e-03 2.959665774961091067e-01 4.340919081553127334e-01
7.009999999999983800e+01 6.818557949067994839e-01 4.222298874847103811e-03 2.959831511267813076e-01 4.340846749967685048e-01
7.017499999999984084e+01 6.818970743811683111e-01 4.217999776746005243e-03 2.959981343331502535e-01 4.340803699763237100e-01
7.024999999999984368e+01 6.819300339953843215e-01 4.213690540882838488e-03 2.960117604970187166e-01 4.340793714022314065e-01
7.032499999999983231e+01 6.819553236517946759e-01 4.209378236540660921e-03 2.960245244847212742e-01 4.340819907373740794e-01
7.039999999999983515e+01 6.819742325929807336e-01 4.205073017175902338e-03 2.960371404091828307e-01 4.340884541687152209e-01
7.047499999999983800e+01 6.819885170549415676e-01 4.200786901894929155e-03 2.960504569110444795e-01 4.340988880421199347e-01
7.054999999999984084e+01 6.820001923638558949e-01 4.196532394141716006e-03 2.960653604066973976e-01 4.341133092360518475e-01
7.062499999999982947e+01 6.820112802458245804e-01 4.192320884448351610e-03 2.960826624641641480e-01 4.341316207518502446e-01
7.069999999999983231e+01 6.820235490050410299e-01 4.188161072524892482e-03 2.961029878275092120e-01 4.341536128180240039e-01
7.077499999999983515e+01 6.820382845303654129e-01 4.184057641297563371e-03 2.961266795628343385e-01 4.341789695379634217e-01
7.084999999999983800e+01 6.820561104858553492e-01 4.180010289446255654e-03 2.961537290072665529e-01 4.342072806829699316e-01
7.092499999999984084e+01 6.820768827687844205e-01 4.176013268796984791e-03 2.961837410894254674e-01 4.342380581601210099e-01
7.099999999999982947e+01 6.820996709297485472e-01 4.172055491888333051e-03 2.962159399240709146e-01 4.342707562375866526e-01
7.107499999999983231e+01 6.821228275780576444e-01 4.168121204065304911e-03 2.962492145789408227e-01 4.343047946816294136e-01
7.114999999999983515e+01 6.821441421109281089e-01 4.164191181969659206e-03 2.962822025971405537e-01 4.343395835376976377e-01
7.122499999999983800e+01 6.821610580623425069e-01 4.160244318728887475e-03 2.963134016014643546e-01 4.343745485019819830e-01
7.129999999999984084e+01 6.821709332772772916e-01 4.156259453637138092e-03 2.963412990443272665e-01 4.344091555186146980e-01
7.137499999999982947e+01 6.821713133293719755e-01 4.152217254011592723e-03 2.963645065050767302e-01 4.344429334893233907e-01
7.144999999999983231e+01 6.821601875116999336e-01 4.148101951587944251e-03 2.963818844409579212e-01 4.344754939775411495e-01
7.152499999999983515e+01 6.821362003931479290e-01 4.143902761188724554e-03 2.963926449940228469e-01 4.345065469670096880e-01
7.159999999999983800e+01 6.820987948003172097e-01 4.139614829967467810e-03 2.963964218256700534e-01 4.345359119311146268e-01
7.167499999999984084e+01 6.820482725094211274e-01 4.135239632099414232e-03 2.963933006307248874e-01 4.345635236934506374e-01
7.174999999999982947e+01 6.819857650292530105e-01 4.130784764068837038e-03 2.963838068219383226e-01 4.345894328296211473e-01
7.182499999999981810e+01 6.819131180823858607e-01 4.126263166507487291e-03 2.963688519343995464e-01 4.346138006082375105e-01
7.189999999999983515e+01 6.818327083432390578e-01 4.121691892059456928e-03 2.963496470390742932e-01 4.346368888039467970e-01
7.197499999999983800e+01 6.817472039510413806e-01 4.117090496302487287e-03 2.963275884713708619e-01 4.346590448101803617e-01
7.204999999999984084e+01 6.816593049686122674e-01 4.112479280684887273e-03 2.963041321733455025e-01 4.346806828771876408e-01
7.212499999999982947e+01 6.815714889630866136e-01 4.107877550106242039e-03 2.962806683014119757e-01 4.347022624907044830e-01
7.219999999999981810e+01 6.814857877555854371e-01 4.103302049999346321e-03 2.962584080099520678e-01 4.347242647358113832e-01
7.227499999999983515e+01 6.814036246149552944e-01 4.098765770935203570e-03 2.962382960943411581e-01 4.347471680411712502e-01
7.234999999999982379e+01 6.813257227658259252e-01 4.094277193875194877e-03 2.962209549768696215e-01 4.347714244141077655e-01
7.242499999999984084e+01 6.812520987931701688e-01 4.089840064163068056e-03 2.962066666470095644e-01 4.347974372067786586e-01
7.249999999999982947e+01 6.811821406929626788e-01 4.085453700623481281e-03 2.961953932952017254e-01 4.348255416589222877e-01
7.257499999999981810e+01 6.811147515130674401e-01 4.081113729310361163e-03 2.961868289046987179e-01 4.348559890190783483e-01
7.264999999999983515e+01 6.810485506634569308e-01 4.076813198640787290e-03 2.961804788812525402e-01 4.348889349998945608e-01
7.272499999999982379e+01 6.809821028290591327e-01 4.072543898435041290e-03 2.961757550136876471e-01 4.349244330846004924e-01
7.279999999999984084e+01 6.809141451142274315e-01 4.068297708942380728e-03 2.961720732110046939e-01 4.349624329823843505e-01
7.287499999999982947e+01 6.808437907820041879e-01 4.064067850156452381e-03 2.961689445801507503e-01 4.350027841775229165e-01
7.294999999999981810e+01 6.807706797666823739e-01 4.059849852746510480e-03 2.961660467578571820e-01 4.350452443976595696e-01
7.302499999999983515e+01 6.806950588628861709e-01 4.055642145546703957e-03 2.961632676785473928e-01 4.350894924568626254e-01
7.309999999999982379e+01 6.806177875040233527e-01 4.051446231897883922e-03 2.961607195517346192e-01 4.351351448480678119e-01
7.317499999999982663e+01 6.805402594097827995e-01 4.047266390321412229e-03 2.961587181117686374e-01 4.351817750923661632e-01
7.324999999999982947e+01 6.804642555339831533e-01 4.043108984220957457e-03 2.961577330941844721e-01 4.352289347833260269e-01
7.332499999999981810e+01 6.803917539167042561e-01 4.038981533981403881e-03 2.961583209791857074e-01 4.352761762239734100e-01
7.339999999999982094e+01 6.803246868491356070e-01 4.034891460805484567e-03 2.961610332231218168e-01 4.353230728621149681e-01
7.347499999999982379e+01 6.802647219626295483e-01 4.030844980619589443e-03 2.961663349510236243e-01 4.353692399284723735e-01
7.354999999999982663e+01 6.802130573216238485e-01 4.026846059649610496e-03 2.961745276872281840e-01 4.354143521640581049e-01
7.362499999999982947e+01 6.801702724357290286e-01 4.022895671284962803e-03 2.961856937983546878e-01 4.354581577605510789e-01
7.369999999999981810e+01 6.801362375507928881e-01 4.018991364795853651e-03 2.961996635854536875e-01 4.355004883316974662e-01
7.377499999999982094e+01 6.801101247157669283e-01 4.015127400153501759e-03 2.962160239463238476e-01 4.355412648357779859e-01
7.384999999999982379e+01 6.800904905579152615e-01 4.011295258645078236e-03 2.962341548509382916e-01 4.355804984244394662e-01
7.392499999999982663e+01 6.800754363619383458e-01 4.007484561513249485e-03 2.962532962098662903e-01 4.356182863987449472e-01
7.399999999999982947e+01 6.800628324686923687e-01 4.003684322206852754e-03 2.962726398433064290e-01 4.356548037889509950e-01
7.407499999999981810e+01 6.800505708578715724e-01 3.999884319467540521e-03 2.962914309645573452e-01 4.356902907835089600e-01
7.414999999999982094e+01 6.800368365424218631e-01 3.996076543291995908e-03 2.963090756851007868e-01 4.357250368842578436e-01
7.422499999999982379e+01 6.800203449106642095e-01 3.992256408127751663e-03 2.963252318932816376e-01 4.357593623646812131e-01
7.429999999999982663e+01 6.800005333069034652e-01 3.988423677032635305e-03 2.963398792035241147e-01 4.357935982232201688e-01
7.437499999999981526e+01 6.799776821578725761e-01 3.984582963163449572e-03 2.963533578852808326e-01 4.358280656283003429e-01
7.444999999999981810e+01 6.799529409430747906e-01 3.980743675099772221e-03 2.963663666111773232e-01 4.358630557581321119e-01
7.452499999999982094e+01 6.799282631809743238e-01 3.976919446169712054e-03 2.963799217257970797e-01 4.358988113528537989e-01
7.459999999999982379e+01 6.799062507327388039e-01 3.973127059299778538e-03 2.963952786237628034e-01 4.359355106742083263e-01
7.467499999999982663e+01 6.798899220284151390e-01 3.969384964729573417e-03 2.964138222411801804e-01 4.359732548422624587e-01
7.474999999999981526e+01 6.798824249743596893e-01 3.965711519503705047e-03 2.964369360829012257e-01 4.360120591351963615e-01
7.482499999999981810e+01 6.798867275259575793e-01 3.962123146524742547e-03 2.964658644387131448e-01 4.360518486918018022e-01
7.489999999999982094e+01 6.799053243849149109e-01 3.958632640674827549e-03 2.965015847865438703e-01 4.360924589828412135e-01
7.497499999999982379e+01 6.799399611801990595e-01 3.955247625614811968e-03 2.965446907304698509e-01 4.361336407051960018e-01
7.504999999999982663e+01 6.799914474923800523e-01 3.951969576178968740e-03 2.965953166922309370e-01 4.361750692394621431e-01
7.512499999999981526e+01 6.800595538248419558e-01 3.948793367171555234e-03 2.966531017087623567e-01 4.362163578767531691e-01
7.519999999999981810e+01 6.801429889596910527e-01 3.945707321467505947e-03 2.967171905743557492e-01 4.362570744545906098e-01
7.527499999999982094e+01 6.802395085793022655e-01 3.942694038636208008e-03 2.967862937583398697e-01 4.362967602075711326e-01
7.534999999999982379e+01 6.803460951675428525e-01 3.939731646593025785e-03 2.968587795707837707e-01 4.363349502251188117e-01
7.542499999999982663e+01 6.804592133595306347e-01 3.936795487164044226e-03 2.969327996193473762e-01 4.363711943194140686e-01
7.549999999999981526e+01 6.805751374602754256e-01 3.933860203942300508e-03 2.970064453976429819e-01 4.364050771910236159e-01
7.557499999999981810e+01 6.806902432554556848e-01 3.930901600994502962e-03 2.970778884951588150e-01 4.364362372440656612e-01
7.564999999999982094e+01 6.808013466644724510e-01 3.927898736458497464e-03 2.971455394130846361e-01 4.364643825528894960e-01
7.572499999999982379e+01 6.809059554571761375e-01 3.924835475572901154e-03 2.972081663877572666e-01 4.364893037074477622e-01
7.579999999999981242e+01 6.810024594341606008e-01 3.921701644510460286e-03 2.972649846538921725e-01 4.365108826492157257e-01
7.587499999999981526e+01 6.810902352071164234e-01 3.918493646237268882e-03 2.973157054082520290e-01 4.365290970848226815e-01
7.594999999999981810e+01 6.811696468257164572e-01 3.915214432320844248e-03 2.973605361347674281e-01 4.365440203046068168e-01
7.602499999999982094e+01 6.812419578690739330e-01 3.911872924878948866e-03 2.974001391139213801e-01 4.365558164447027600e-01
7.609999999999982379e+01 6.813091502166509494e-01 3.908482866530438131e-03 2.974355461429656344e-01 4.365647313681072506e-01
7.617499999999981242e+01 6.813736823797772457e-01 3.905061295369053904e-03 2.974680441747369342e-01 4.365710796692279239e-01
7.624999999999981526e+01 6.814382093302455701e-01 3.901626779383606317e-03 2.974990419279992526e-01 4.365752284721419185e-01
7.632499999999981810e+01 6.815052935285741409e-01 3.898197588980322793e-03 2.975299309789224411e-01 4.365775787865506796e-01
7.639999999999982094e+01 6.815771369685744707e-01 3.894789987274358250e-03 2.975619550277602832e-01 4.365785453884436507e-01
7.647499999999982379e+01 6.816553606440367563e-01 3.891416796565450292e-03 2.975960995173421164e-01 4.365785361625697525e-01
7.654999999999981242e+01 6.817408567508879136e-01 3.888086393721033006e-03 2.976330134393443405e-01 4.365779320574022515e-01
7.662499999999981526e+01 6.818337177551880846e-01 3.884802161907718269e-03 2.976729656561781789e-01 4.365770684327721085e-01
7.669999999999981810e+01 6.819332574898091526e-01 3.881562491739111095e-03 2.977158431163891006e-01 4.365762189283430850e-01
7.677499999999980673e+01 6.820381088654605684e-01 3.878361245850698615e-03 2.977611846501866388e-01 4.365755824780800931e-01
7.684999999999982379e+01 6.821463923483163105e-01 3.875188655831549121e-03 2.978082482006538800e-01 4.365752740778076069e-01
7.692499999999981242e+01 6.822559280093152267e-01 3.872032503541817262e-03 2.978561003349535774e-01 4.365753203552769635e-01
7.699999999999980105e+01 6.823644713273334661e-01 3.868879459727418008e-03 2.979037183990104198e-01 4.365756584886797409e-01
7.707499999999981810e+01 6.824699426791298595e-01 3.865716430984955567e-03 2.979500939181647379e-01 4.365761409924084901e-01
7.714999999999980673e+01 6.825706252271704910e-01 3.862531743963591897e-03 2.979943240467903820e-01 4.365765431930404006e-01
7.722499999999982379e+01 6.826653127774969798e-01 3.859316089934453770e-03 2.980356850451875150e-01 4.365765763498329344e-01
7.729999999999981242e+01 6.827533912049423837e-01 3.856063103515617804e-03 2.980736779017565397e-01 4.365759024289981305e-01
7.737499999999980105e+01 6.828348478085448647e-01 3.852769559192992504e-03 2.981080446425570241e-01 4.365741520065791748e-01
7.744999999999981810e+01 6.829102102894865078e-01 3.849435182573566951e-03 2.981387548903220441e-01 4.365709435856005571e-01
7.752499999999980673e+01 6.829804219401522936e-01 3.846062108005223606e-03 2.981659649231042097e-01 4.365659034209207201e-01
7.759999999999982379e+01 6.830466787158120390e-01 3.842654122170118675e-03 2.981899598804005347e-01 4.365586850389551188e-01
7.767499999999981242e+01 6.831102361628069719e-01 3.839215729545882461e-03 2.982110817924756851e-01 4.365489872726815435e-01
7.774999999999980105e+01 6.831722219335935042e-01 3.835751235548202128e-03 2.982296585638719577e-01 4.365365701195925152e-01
7.782499999999981810e+01 6.832334689254546678e-01 3.832263923848014397e-03 2.982459398734710332e-01 4.365212675288476785e-01
7.789999999999980673e+01 6.832943907581580101e-01 3.828755444536751252e-03 2.982600491294121747e-01 4.365029966051293675e-01
7.797499999999980957e+01 6.833549135710781375e-01 3.825225485657758606e-03 2.982719572441629996e-01 4.364817627277347567e-01
7.804999999999981242e+01 6.834144725754095484e-01 3.821671771479979735e-03 2.982814817640117022e-01 4.364576603710987879e-01
7.812499999999980105e+01 6.834720692096885042e-01 3.818090362370824432e-03 2.982883095602198997e-01 4.364308696698260270e-01
7.819999999999980389e+01 6.835263851410541269e-01 3.814476234437175640e-03 2.982920415329863850e-01 4.364016488865022358e-01
7.827499999999980673e+01 6.835759364611775357e-01 3.810824047399607225e-03 2.982922523102035095e-01 4.363703231779055836e-01
7.834999999999980957e+01 6.836192480566699592e-01 3.807128993309251593e-03 2.982885566257791332e-01 4.363372703061337843e-01
7.842499999999981242e+01 6.836550302068982177e-01 3.803387631160351934e-03 2.982806749737498819e-01 4.363029039418895305e-01
7.849999999999980105e+01 6.836823326369605436e-01 3.799598577962845069e-03 2.982684883700825740e-01 4.362676555055357008e-01
7.857499999999980389e+01 6.837006588814225072e-01 3.795762968809098751e-03 2.982520752741741887e-01 4.362319553152594898e-01
7.864999999999980673e+01 6.837100296757818718e-01 3.791884635257925396e-03 2.982317265630350933e-01 4.361962142115390906e-01
7.872499999999980957e+01 6.837109821759047579e-01 3.787969936489236390e-03 2.982079332501144098e-01 4.361608062826050070e-01
7.879999999999981242e+01 6.837045113880039215e-01 3.784027290645676934e-03 2.981813505028786393e-01 4.361260537794813819e-01
7.887499999999980105e+01 6.836919568685699833e-01 3.780066430698434277e-03 2.981527397213382669e-01 4.360922148140085053e-01
7.894999999999980389e+01 6.836748490860734551e-01 3.776097471847505473e-03 2.981228954023598110e-01 4.360594744722380289e-01
7.902499999999980673e+01 6.836547356492685967e-01 3.772129906705782437e-03 2.980925658774237208e-01 4.360279397382137434e-01
7.909999999999980957e+01 6.836330032601851681e-01 3.768171617934964329e-03 2.980623749786549537e-01 4.359976384364445678e-01
7.917499999999979821e+01 6.836107244378559766e-01 3.764228068487256770e-03 2.980327573224778037e-01 4.359685222427645557e-01
7.924999999999980105e+01 6.835885356319253425e-01 3.760301701838988583e-03 2.980039098707391032e-01 4.359404734534602088e-01
7.932499999999980389e+01 6.835665756374208479e-01 3.756391707721193698e-03 2.979757722149829480e-01 4.359133153008873940e-01
7.939999999999980673e+01 6.835444796507763598e-01 3.752494119152567902e-03 2.979480330607131577e-01 4.358868251162457685e-01
7.947499999999980957e+01 6.835214337329328371e-01 3.748602258515942344e-03 2.979201644955538075e-01 4.358607496307977947e-01
7.954999999999979821e+01 6.834962886044710917e-01 3.744707518588076458e-03 2.978914831036807431e-01 4.358348217397066127e-01
7.962499999999980105e+01 6.834677096788904782e-01 3.740800341377141253e-03 2.978612271821541313e-01 4.358087777432769760e-01
7.969999999999980389e+01 6.834343552220171203e-01 3.736871341328045805e-03 2.978286459038445022e-01 4.357823741639288428e-01
7.977499999999980673e+01 6.833950550670839785e-01 3.732912414588370701e-03 2.977930878737865550e-01 4.357554033582439756e-01
7.984999999999980957e+01 6.833489726330490566e-01 3.728917732561750405e-03 2.977540809450550663e-01 4.357277070275859532e-01
7.992499999999979821e+01 6.832957270998594179e-01 3.724884489327610904e-03 2.977113928095085349e-01 4.356991870461380256e-01
7.999999999999980105e+01 6.832354638474236186e-01 3.720813332432355413e-03 2.976650665945876906e-01 4.356698127441765989e-01
8.007499999999980389e+01 6.831688696270423744e-01 3.716708466964810994e-03 2.976154304922065119e-01 4.356396254628546183e-01
8.014999999999980673e+01 6.830971071495328673e-01 3.712577271837914049e-03 2.975630683378081009e-01 4.356087373572646304e-01
8.022499999999980957e+01 6.830217111503862348e-01 3.708429693687319891e-03 2.975087721760645287e-01 4.355773283911903437e-01
8.029999999999979821e+01 6.829444285711762097e-01 3.704277303117562477e-03 2.974534674403395140e-01 4.355456388489140629e-01
8.037499999999980105e+01 6.828670269229487610e-01 3.700132147256408096e-03 2.973981213357330677e-01 4.355139574915951606e-01
8.044999999999980389e+01 6.827911110588849031e-01 3.696005649764982741e-03 2.973436545235921269e-01 4.354826091137392607e-01
8.052499999999980673e+01 6.827179384471815382e-01 3.691907486700204358e-03 2.972908503665332436e-01 4.354519394095767715e-01
8.059999999999979536e+01 6.826482857954170314e-01 3.687844718464773370e-03 2.972402843082599944e-01 4.354222965079560526e-01
8.067499999999979821e+01 6.825823599981274414e-01 3.683821192845512446e-03 2.971922747328109571e-01 4.353940156520104687e-01
8.074999999999980105e+01 6.825197801669135034e-01 3.679837317101764156e-03 2.971468633559667394e-01 4.353674017818180420e-01
8.082499999999980389e+01 6.824596267515096182e-01 3.675890212582145697e-03 2.971038264319512123e-01 4.353427144784488556e-01
8.089999999999980673e+01 6.824005565108178795e-01 3.671974239629548133e-03 2.970627159860297350e-01 4.353201549320842023e-01
8.097499999999979536e+01 6.823409683009569182e-01 3.668081814759436253e-03 2.970229249501445956e-01 4.352998555688921689e-01
8.104999999999979821e+01 6.822792124200504071e-01 3.664204486867040939e-03 2.969837736605729361e-01 4.352818732482979236e-01
8.112499999999980105e+01 6.822138033865510209e-01 3.660334054346090459e-03 2.969446001588258444e-01 4.352661858859711019e-01
8.119999999999980389e+01 6.821436278077087634e-01 3.656463683354465016e-03 2.969048510883818270e-01 4.352526931059702009e-01
8.127499999999980673e+01 6.820681237583006151e-01 3.652588899678477132e-03 2.968641628213675165e-01 4.352412207531414778e-01
8.134999999999979536e+01 6.819873926868262881e-01 3.648708243976641046e-03 2.968224156474990050e-01 4.352315289555537259e-01
8.142499999999979821e+01 6.819022521881901167e-01 3.644823635311289847e-03 2.967797645052210331e-01 4.352233235084202456e-01
8.149999999999980105e+01 6.818142113668530513e-01 3.640940342026084599e-03 2.967366378751251643e-01 4.352162699575423677e-01
8.157499999999978968e+01 6.817253686458569772e-01 3.637066555777049813e-03 2.966937042875120722e-01 4.352100096800690654e-01
8.164999999999980673e+01 6.816382448202085165e-01 3.633212633135931516e-03 2.966518114955480900e-01 4.352041772154291444e-01
8.172499999999979536e+01 6.815555629327654241e-01 3.629390061158709740e-03 2.966119027481948223e-01 4.351984179717643952e-01
8.179999999999978400e+01 6.814800045833326880e-01 3.625610299202950207e-03 2.965749224748005508e-01 4.351924054706945988e-01
8.187499999999980105e+01 6.814139581700870973e-01 3.621883573085330713e-03 2.965417175463607169e-01 4.351858572764093491e-01
8.194999999999978968e+01 6.813592947043421999e-01 3.618217804951175988e-03 2.965129491157481034e-01 4.351785488512518452e-01
8.202499999999980673e+01 6.813171845431156282e-01 3.614617743103728815e-03 2.964890203780826683e-01 4.351703246365423716e-01
8.209999999999979536e+01 6.812879851006833354e-01 3.611084445987266731e-03 2.964700330155538577e-01 4.351611058746917005e-01
8.217499999999978400e+01 6.812712021837419307e-01 3.607615129040563171e-03 2.964557732289074821e-01 4.351508947958613871e-01
8.224999999999980105e+01 6.812655341131331754e-01 3.604203418334523974e-03 2.964457311580138699e-01 4.351397748954449751e-01
8.232499999999978968e+01 6.812689955689081867e-01 3.600839993545278377e-03 2.964391524686142976e-01 4.351279074737086638e-01
8.239999999999980673e+01 6.812791021975812544e-01 3.597513517673942441e-03 2.964351138563321442e-01 4.351155244599906879e-01
8.247499999999979536e+01 6.812931183701430582e-01 3.594211867204742412e-03 2.964326237477103998e-01 4.351029178995171609e-01
8.254999999999978400e+01 6.813082903480851549e-01 3.590923257328685041e-03 2.964307148924821833e-01 4.350904268918167062e-01
8.262499999999980105e+01 6.813221248339319525e-01 3.587637579668736913e-03 2.964285550201286590e-01 4.350784221081639980e-01
8.269999999999978968e+01 6.813326040294057639e-01 3.584347389294879633e-03 2.964255290946857802e-01 4.350672892235351030e-01
8.277499999999979252e+01 6.813383622950683893e-01 3.581048678626472161e-03 2.964213043733054942e-01 4.350574116725484108e-01
8.284999999999979536e+01 6.813387948579885389e-01 3.577741292880755840e-03 2.964158661151699015e-01 4.350491537428921029e-01
8.292499999999978400e+01 6.813340879419372831e-01 3.574428940103937559e-03 2.964095198581182533e-01 4.350428447715917191e-01
8.299999999999978684e+01 6.813251699025648644e-01 3.571118802657822448e-03 2.964028606205985072e-01 4.350387652095497604e-01
8.307499999999978968e+01 6.813135905736583675e-01 3.567820795849444265e-03 2.963967126151918485e-01 4.350371351988284174e-01
8.314999999999979252e+01 6.813013416449205106e-01 3.564546547386184591e-03 2.963920454151605099e-01 4.350381061918319192e-01
8.322499999999979536e+01 6.812906385226341621e-01 3.561308209267110159e-03 2.963898757162545250e-01 4.350417559809281465e-01
8.329999999999978400e+01 6.812836876756273030e-01 3.558117229972913506e-03 2.963911652567429167e-01 4.350480873363588019e-01
8.337499999999978684e+01 6.812824625862790029e-01 3.554983207729146225e-03 2.963967249444168228e-01 4.350570302650063059e-01
8.344999999999978968e+01 6.812885123715101132e-01 3.551912948349880781e-03 2.964071355397968066e-01 4.350684477388699900e-01
8.352499999999979252e+01 6.813028188996694823e-01 3.548909805648659595e-03 2.964226915168035603e-01 4.350821445235434348e-01
8.359999999999979536e+01 6.813257224344821950e-01 3.545973403331031774e-03 2.964433765184735226e-01 4.350978786757609962e-01
8.367499999999978400e+01 6.813569108031648502e-01 3.543099704404043416e-03 2.964688677660075600e-01 4.351153750191484315e-01
8.374999999999978684e+01 6.813954845877966404e-01 3.540281486194570872e-03 2.964985744687945735e-01 4.351343400054351607e-01
8.382499999999978968e+01 6.814400723717649599e-01 3.537509076279360311e-03 2.965316983191166322e-01 4.351544770283797270e-01
8.389999999999979252e+01 6.814889962093386711e-01 3.534771343607593253e-03 2.965673157286763395e-01 4.351755015536263871e-01
8.397499999999978115e+01 6.815404590959756037e-01 3.532056789311691525e-03 2.966044688824485132e-01 4.351971550975526348e-01
8.404999999999978400e+01 6.815927360469686835e-01 3.529354643254349697e-03 2.966422577655273285e-01 4.352192182768298556e-01
8.412499999999978684e+01 6.816443474164648464e-01 3.526655826333149543e-03 2.966799213902754362e-01 4.352415192977645564e-01
8.419999999999978968e+01 6.816941908757891966e-01 3.523953699384792075e-03 2.967169014881987366e-01 4.352639430695445233e-01
8.427499999999979252e+01 6.817416336539988686e-01 3.521244551998907284e-03 2.967528846197071690e-01 4.352864339957808193e-01
8.434999999999978115e+01 6.817865433298553324e-01 3.518527753597338638e-03 2.967878160159347356e-01 4.353089965173245757e-01
8.442499999999978400e+01 6.818292484590324776e-01 3.515805522913145395e-03 2.968218812719415345e-01 4.353316932982466136e-01
8.449999999999978684e+01 6.818704634828687272e-01 3.513082476442447831e-03 2.968554692593861066e-01 4.353546386847482186e-01
8.457499999999978968e+01 6.819111613797653737e-01 3.510364893325641517e-03 2.968891108530153922e-01 4.353779900776164058e-01
8.464999999999979252e+01 6.819524250609253491e-01 3.507659854139072615e-03 2.969234066528717575e-01 4.354019367646427274e-01
8.472499999999978115e+01 6.819952900962911180e-01 3.504974324928604532e-03 2.969589496795752570e-01 4.354266869462508072e-01
8.479999999999978400e+01 6.820405999767688021e-01 3.502314301316574417e-03 2.969962527516447626e-01 4.354524536541678481e-01
8.487499999999978684e+01 6.820888891103022988e-01 3.499684096229805242e-03 2.970356876675039892e-01 4.354794403042527851e-01
8.494999999999978968e+01 6.821403115340387568e-01 3.497085867968254599e-03 2.970774444839024975e-01 4.355078265581704411e-01
8.502499999999979252e+01 6.821946088788961582e-01 3.494519361981441533e-03 2.971215087524713416e-01 4.355377554811732943e-01
8.509999999999978115e+01 6.822511434665171626e-01 3.491981999946960642e-03 2.971676681954855681e-01 4.355693222961518618e-01
8.517499999999978400e+01 6.823089685100189872e-01 3.489469177828246737e-03 2.972155372215201652e-01 4.356025656097701759e-01
8.524999999999978684e+01 6.823669393219122803e-01 3.486974795095623345e-03 2.972646012819011307e-01 4.356374615354336455e-01
8.532499999999978968e+01 6.824238486513363178e-01 3.484491928863712226e-03 2.973142738302955168e-01 4.356739208599950119e-01
8.539999999999977831e+01 6.824785643530463242e-01 3.482013544397342258e-03 2.973639566915322607e-01 4.357117896785778210e-01
8.547499999999978115e+01 6.825301618506977031e-01 3.479533201103867431e-03 2.974131003643523119e-01 4.357508532046542871e-01
8.554999999999978400e+01 6.825780267393232181e-01 3.477045628722996631e-03 2.974612535372516131e-01 4.357908427820694763e-01
8.562499999999978684e+01 6.826219189307922708e-01 3.474547127270060515e-03 2.975080977724982034e-01 4.358314456683320959e-01
8.569999999999978968e+01 6.826619909967303057e-01 3.472035750906971637e-03 2.975534638527267406e-01 4.358723171598869461e-01
8.577499999999977831e+01 6.826987585530266411e-01 3.469511260950271583e-03 2.975973284080087877e-01 4.359130944353311055e-01
8.584999999999978115e+01 6.827330220707304997e-01 3.466974839806739178e-03 2.976397899974078110e-01 4.359534113271184563e-01
8.592499999999978400e+01 6.827657624066303388e-01 3.464428677386030813e-03 2.976810341043939490e-01 4.359929136679615569e-01
8.599999999999978684e+01 6.827980030074239925e-01 3.461875384232634099e-03 2.977212830440058022e-01 4.360312738652938336e-01
8.607499999999978968e+01 6.828306750873831543e-01 3.459317414814051545e-03 2.977607464801187431e-01 4.360682045252488592e-01
8.614999999999977831e+01 6.828644905459065884e-01 3.456756517524136457e-03 2.977995739847035805e-01 4.361034701725840512e-01
8.622499999999978115e+01 6.828998415465866723e-01 3.454193302976622457e-03 2.978378175491585012e-01 4.361368965537244513e-01
8.629999999999978400e+01 6.829367404817661136e-01 3.451626995586379136e-03 2.978754097191037564e-01 4.361683770431981633e-01
8.637499999999977263e+01 6.829748060718617841e-01 3.449055394478903018e-03 2.979121596981144648e-01 4.361978758946615242e-01
8.644999999999978968e+01 6.830132991431137057e-01 3.446475058802067441e-03 2.979477688334379870e-01 4.362254281245088183e-01
8.652499999999977831e+01 6.830512043019956181e-01 3.443881697335422678e-03 2.979818638619466942e-01 4.362511360571450503e-01
8.659999999999976694e+01 6.830873462918605199e-01 3.441270706296000598e-03 2.980140431652328337e-01 4.362751627343149918e-01
8.667499999999978400e+01 6.831205340311696794e-01 3.438637821177820651e-03 2.980439331505868594e-01 4.362977224411579424e-01
8.674999999999977263e+01 6.831497073569163803e-01 3.435979760194660722e-03 2.980712441968860205e-01 4.363190688467302736e-01
8.682499999999978968e+01 6.831740726382155016e-01 3.433294795770736561e-03 2.980958206427934964e-01 4.363394815198942123e-01
8.689999999999977831e+01 6.831932147034903702e-01 3.430583193592383513e-03 2.981176795231773591e-01 4.363592510978934191e-01
8.697499999999976694e+01 6.832071640811345770e-01 3.427847423381791790e-03 2.981370296486305360e-01 4.363786642220062184e-01
8.704999999999978400e+01 6.832164177522878079e-01 3.425092137923802828e-03 2.981542706062663139e-01 4.363979887766212817e-01
8.712499999999977263e+01 6.832219017203383649e-01 3.422323868723314323e-03 2.981699670625179710e-01 4.364174601424987698e-01
8.719999999999978968e+01 6.832248904043028981e-01 3.419550521421524814e-03 2.981848054679562265e-01 4.364372692738160975e-01
8.727499999999977831e+01 6.832268746888052746e-01 3.416780634064477042e-03 2.981995298379764847e-01 4.364575529523773145e-01
8.734999999999976694e+01 6.832294101053776325e-01 3.414022562307932485e-03 2.982148708175971219e-01 4.364783869178027187e-01
8.742499999999978400e+01 6.832339474915980482e-01 3.411283604508126479e-03 2.982314691241222393e-01 4.364997819839590010e-01
8.749999999999977263e+01 6.832416730141728234e-01 3.408569203481955859e-03 2.982498053046703790e-01 4.365216834460909912e-01
8.757499999999977547e+01 6.832533743852431396e-01 3.405882307929574034e-03 2.982701431169316741e-01 4.365439737276088361e-01
8.764999999999977831e+01 6.832693460795712381e-01 3.403222955153974594e-03 2.982924920192451257e-01 4.365664781111181503e-01
8.772499999999976694e+01 6.832893471239349648e-01 3.400588139345488668e-03 2.983165945240822126e-01 4.365889732947549895e-01
8.779999999999976978e+01 6.833126193794638592e-01 3.397971997904724196e-03 2.983419414160339844e-01 4.366111980881708377e-01
8.787499999999977263e+01 6.833379561960255533e-01 3.395366266875439638e-03 2.983678107016785042e-01 4.366328666456913421e-01
8.794999999999977547e+01 6.833638319262032024e-01 3.392761034562902667e-03 2.983933329898065256e-01 4.366536814638298791e-01
8.802499999999977831e+01 6.833885628160217829e-01 3.390145664144871267e-03 2.984175720863515568e-01 4.366733485510350121e-01
8.809999999999976694e+01 6.834104769083247932e-01 3.387509737025031636e-03 2.984396078319044854e-01 4.366915900704552156e-01
8.817499999999976978e+01 6.834281150703882535e-01 3.384844163442553462e-03 2.984586341115463837e-01 4.367081592492098041e-01
8.824999999999977263e+01 6.834403815561781448e-01 3.382142001564542207e-03 2.984740316380700698e-01 4.367228505849354292e-01
8.832499999999977547e+01 6.834466758809361053e-01 3.379399174742440080e-03 2.984854321091252594e-01 4.367355093568773272e-01
8.839999999999977831e+01 6.834469717230475805e-01 3.376614904882513108e-03 2.984927575916134224e-01 4.367460387439850988e-01
8.847499999999976694e+01 6.834418339956748190e-01 3.373791811784241507e-03 2.984962305476099864e-01 4.367544035203133612e-01
8.854999999999976978e+01 6.834323755048187232e-01 3.370935690851816543e-03 2.984963554249275841e-01 4.367606307858076242e-01
8.862499999999977263e+01 6.834201521333749252e-01 3.368054965267095954e-03 2.984938712967956098e-01 4.367648076589671913e-01
8.869999999999977547e+01 6.834070181187896775e-01 3.365159922008813427e-03 2.984896850821809888e-01 4.367670760886122050e-01
8.877499999999976410e+01 6.833949438455357850e-01 3.362261746489145740e-03 2.984847865445731108e-01 4.367676249768071006e-01
8.884999999999976694e+01 6.833858199684014201e-01 3.359371477008777414e-03 2.984801557322290799e-01 4.367666799788592069e-01
8.892499999999976978e+01 6.833812722677750084e-01 3.356499005321615312e-03 2.984766740482238667e-01 4.367644917422748296e-01
8.899999999999977263e+01 6.833825017643859745e-01 3.353652197285571495e-03 2.984750455584150863e-01 4.367613229601278180e-01
8.907499999999977547e+01 6.833901662442546376e-01 3.350836218258361737e-03 2.984757361413628018e-01 4.367574350414090700e-01
8.914999999999976410e+01 6.834043239167035821e-01 3.348053167856559955e-03 2.984789399144115452e-01 4.367530749641430621e-01
8.922499999999976694e+01 6.834244288484027097e-01 3.345301977762329612e-03 2.984845689658430778e-01 4.367484631311780996e-01
8.929999999999976978e+01 6.834493970644803795e-01 3.342578666586689187e-03 2.984922749261905706e-01 4.367437826534934509e-01
8.937499999999977263e+01 6.834777211308091793e-01 3.339876846357075438e-03 2.985014931431628771e-01 4.367391707359447039e-01
8.944999999999977547e+01 6.835076288714424519e-01 3.337188460616217090e-03 2.985115078021198798e-01 4.367347125225217175e-01
8.952499999999976410e+01 6.835372656774229005e-01 3.334504654789901407e-03 2.985215292200651405e-01 4.367304376948840106e-01
8.959999999999976694e+01 6.835648809530781023e-01 3.331816684855686949e-03 2.985307749630687901e-01 4.367263200339293050e-01
8.967499999999976978e+01 6.835890033356689655e-01 3.329116788747596336e-03 2.985385480309399320e-01 4.367222798701836384e-01
8.974999999999977263e+01 6.836085774126045012e-01 3.326398886951346077e-03 2.985443001038825539e-01 4.367181892799608112e-01
8.982499999999977547e+01 6.836230614267011507e-01 3.323659110382271107e-03 2.985476795900867675e-01 4.367138799662880766e-01
8.989999999999976410e+01 6.836324578693738774e-01 3.320896013289641787e-03 2.985485515947380319e-01 4.367091529346075474e-01
8.997499999999976694e+01 6.836372965306916072e-01 3.318110568422872123e-03 2.985469983938471294e-01 4.367037900198061928e-01
9.004999999999976978e+01 6.836385570034844150e-01 3.315305875018338330e-03 2.985432940454005868e-01 4.366975662607031072e-01
9.012499999999977263e+01 6.836375411088664311e-01 3.312486628162548789e-03 2.985378573631489729e-01 4.366902626191618841e-01
9.019999999999976126e+01 6.836357210226965408e-01 3.309658471149282393e-03 2.985311940976644873e-01 4.366816784399031315e-01
9.027499999999976410e+01 6.836345686306347647e-01 3.306827252842192526e-03 2.985238302503281371e-01 4.366716429338719507e-01
9.034999999999976694e+01 6.836353900152691843e-01 3.303998301960524558e-03 2.985162465821326050e-01 4.366600251275247202e-01
9.042499999999976978e+01 6.836391858872016281e-01 3.301175814380607164e-03 2.985088230153656319e-01 4.366467416989444628e-01
9.049999999999977263e+01 6.836465385968808484e-01 3.298362356812549988e-03 2.985017932915350336e-01 4.366317628173491672e-01
9.057499999999976126e+01 6.836575637183417431e-01 3.295558657759282885e-03 2.984952254265462734e-01 4.366151144486167257e-01
9.064999999999976410e+01 6.836719109165186881e-01 3.292763617249284871e-03 2.984890219036469006e-01 4.365968780310101049e-01
9.072499999999976694e+01 6.836887962662695495e-01 3.289974456130016767e-03 2.984829325323949956e-01 4.365771885724273327e-01
9.079999999999976978e+01 6.837071167713157926e-01 3.287187222946140724e-03 2.984765998435088274e-01 4.365562278377487226e-01
9.087499999999977263e+01 6.837255724268100909e-01 3.284397329751863933e-03 2.984696073411998718e-01 4.365342169107617742e-01
9.094999999999976126e+01 6.837428181247718895e-01 3.281600206391783840e-03 2.984615387713319690e-01 4.365114058380757944e-01
9.102499999999976410e+01 6.837576171194281738e-01 3.278791952819200793e-03 2.984520375053669738e-01 4.364880624843379131e-01
9.109999999999976694e+01 6.837689721149708966e-01 3.275969861125693858e-03 2.984408543485499443e-01 4.364644587856045810e-01
9.117499999999975557e+01 6.837762387893802085e-01 3.273132871949647679e-03 2.984278896000083225e-01 4.364408598467420797e-01
9.124999999999977263e+01 6.837791834289741466e-01 3.270281736103936802e-03 2.984132084194834889e-01 4.364175097039648676e-01
9.132499999999976126e+01 6.837779984745832040e-01 3.267419007911012262e-03 2.983970408974724320e-01 4.363946215923240057e-01
9.139999999999974989e+01 6.837732701513493661e-01 3.264548796608187763e-03 2.983797600099875602e-01 4.363723664482276332e-01
9.147499999999976694e+01 6.837658916264909292e-01 3.261676294816448843e-03 2.983618390683339117e-01 4.363508661694329160e-01
9.154999999999975557e+01 6.837569487144422586e-01 3.258807187640723121e-03 2.983437980285074120e-01 4.363301880725820037e-01
9.162499999999977263e+01 6.837475777771671037e-01 3.255946952901210209e-03 2.983261395595726562e-01 4.363103420847466163e-01
9.169999999999976126e+01 6.837388215470588948e-01 3.253100179307761870e-03 2.983092864425209711e-01 4.362912811759798171e-01
9.177499999999974989e+01 6.837314908024010318e-01 3.250269935166901023e-03 2.982935232999415209e-01 4.362729043675839802e-01
9.184999999999976694e+01 6.837260561928893976e-01 3.247457304821958508e-03 2.982789534478961224e-01 4.362550626032410950e-01
9.192499999999975557e+01 6.837225770173296358e-01 3.244661120326578808e-03 2.982654734860199497e-01 4.362375669780758081e-01
9.199999999999977263e+01 6.837206754320157565e-01 3.241877925002197881e-03 2.982527691002014869e-01 4.362201990041437161e-01
