# tau eta power W_out Q_hot
2.450000000000000000e+01 6.343488337990738080e-01 1.061846344528940417e-02 2.601523544095903917e-01 4.101092972009657833e-01
2.457499999999999929e+01 6.340901159448429913e-01 1.060513293201174184e-02 2.606211418041886052e-01 4.110159348815003444e-01
2.464999999999999858e+01 6.339777873344821790e-01 1.059232531971449412e-02 2.611008191309622806e-01 4.118453743131024747e-01
2.472500000000000142e+01 6.341207841891969288e-01 1.058131461467975813e-02 2.616230038479570030e-01 4.125759797992978317e-01
2.479999999999999716e+01 6.345674474839556600e-01 1.057258011122592586e-02 2.621999867584029476e-01 4.131948271188814470e-01
2.487500000000000000e+01 6.352987781451366889e-01 1.056571091411930355e-02 2.628220589887176883e-01 4.136983542705238159e-01
2.494999999999999929e+01 6.362356366833834542e-01 1.055952729348883824e-02 2.634602059725464906e-01 4.140921865771799437e-01
2.502499999999999858e+01 6.372579690743869207e-01 1.055238547513356537e-02 2.640734465152174693e-01 4.143901831447984185e-01
2.509999999999999787e+01 6.382318741712731391e-01 1.054259422647486379e-02 2.646191150845190743e-01 4.146128167417520993e-01
2.517499999999999716e+01 6.390389502220931162e-01 1.052885021919603911e-02 2.650638042682602613e-01 4.147850521101090204e-01
2.524999999999999645e+01 6.396021023519052884e-01 1.051059843859169195e-02 2.653926105744401909e-01 4.149339246987383545e-01
2.532499999999999574e+01 6.399026108481848940e-01 1.048823853444229466e-02 2.656146408847510632e-01 4.150860402533462779e-01
2.539999999999999858e+01 6.399850938812080559e-01 1.046313178359760919e-02 2.657635473033792550e-01 4.152652145249955407e-01
2.547499999999999432e+01 6.399494084561768714e-01 1.043740409286685218e-02 2.658928692657830384e-01 4.154904524519005271e-01
2.554999999999999716e+01 6.399312447491286582e-01 1.041358311185510734e-02 2.660670485078979741e-01 4.157744299736511051e-01
2.562499999999999645e+01 6.400751290709519870e-01 1.039413548396781774e-02 2.663497217766752634e-01 4.161225919889640634e-01
2.569999999999999574e+01 6.405055059834945386e-01 1.038099732100492868e-02 2.667916311498266246e-01 4.165329238507774479e-01
2.577499999999999503e+01 6.413015656779442741e-01 1.037518677663740001e-02 2.674204391678289827e-01 4.169963921499687531e-01
2.584999999999999432e+01 6.424807150363455177e-01 1.037657291171551789e-02 2.682344097678460715e-01 4.174979940879188778e-01
2.592499999999999716e+01 6.439938587325042540e-01 1.038384647944922724e-02 2.692012199797211291e-01 4.180183030154318025e-01
2.599999999999999289e+01 6.457332365618285719e-01 1.039469969049423674e-02 2.702621919528500616e-01 4.185353589538713948e-01
2.607499999999999574e+01 6.475510008251954552e-01 1.040618128252965811e-02 2.713411769419608044e-01 4.190267277730740370e-01
2.614999999999999503e+01 6.492848997680872314e-01 1.041516402183721712e-02 2.723565391710431882e-01 4.194715436448991919e-01
2.622499999999999432e+01 6.507861152208681554e-01 1.041884020122608827e-02 2.732340842771541212e-01 4.198523568444942899e-01
2.629999999999999361e+01 6.519441502161996693e-01 1.041515809927780548e-02 2.739186580110062330e-01 4.201566313926867746e-01
2.637499999999999289e+01 6.527043629029308791e-01 1.040312440256457339e-02 2.743824061176405316e-01 4.203777724072701449e-01
2.644999999999999218e+01 6.530752396509597046e-01 1.038292366421461957e-02 2.746283309184766042e-01 4.205156071530953832e-01
2.652499999999999147e+01 6.531244620609691909e-01 1.035584037724842157e-02 2.746886660065143149e-01 4.205762943554732791e-01
2.659999999999999432e+01 6.529648102862050107e-01 1.032400417613312665e-02 2.746185110851411260e-01 4.205716858842230566e-01
2.667499999999999005e+01 6.527327547832542098e-01 1.029000978505813062e-02 2.744860110164255573e-01 4.205182120936632462e-01
2.674999999999999289e+01 6.525637980528550264e-01 1.025648309157647410e-02 2.743609226996706063e-01 4.204354018998897602e-01
2.682499999999999218e+01 6.525691633944250558e-01 1.022567184821754349e-02 2.743036473284354848e-01 4.203441760894870982e-01
2.689999999999999147e+01 6.528178990625287392e-01 1.019912859922756168e-02 2.743565593192213159e-01 4.202650688855310568e-01
2.697499999999999076e+01 6.533276296662478000e-01 1.017753742411011894e-02 2.745390720153704223e-01 4.202165338631378977e-01
2.704999999999999005e+01 6.540651610781778036e-01 1.016070228751913759e-02 2.748469968773925576e-01 4.202134790734423087e-01
2.712499999999999289e+01 6.549565325950819084e-01 1.014768889478459210e-02 2.752560612710319710e-01 4.202661513740566512e-01
2.719999999999998863e+01 6.559040451797794047e-01 1.013708037513954760e-02 2.757285862037955892e-01 4.203794567667592519e-01
2.727499999999999147e+01 6.568068310872066107e-01 1.012729340111325274e-02 2.762219275153638964e-01 4.205527629152945313e-01
2.734999999999999076e+01 6.575806310275326139e-01 1.011688849813468030e-02 2.766969004239834273e-01 4.207801862892738276e-01
2.742499999999999005e+01 6.581730906597071940e-01 1.010481867672665193e-02 2.771246522092283282e-01 4.210513254673747263e-01
2.749999999999998934e+01 6.585717682969887132e-01 1.009057347096704513e-02 2.774907704515936491e-01 4.213523625058533395e-01
2.757499999999998863e+01 6.588036974372805110e-01 1.007419979661816102e-02 2.777960593917456755e-01 4.216674260820954534e-01
2.764999999999998792e+01 6.589270181329829335e-01 1.005620549662487526e-02 2.780540819816776921e-01 4.219800893420969645e-01
2.772499999999998721e+01 6.590168716166591167e-01 1.003737645537923669e-02 2.782862622253892138e-01 4.222748676262486067e-01
2.779999999999999005e+01 6.591484921877240888e-01 1.001854931576792382e-02 2.785156709783481732e-01 4.225385846730079775e-01
2.787499999999998579e+01 6.593811844986249282e-01 1.000039364978619685e-02 2.787609729877901232e-01 4.227614914425442683e-01
2.794999999999998863e+01 6.597462113259139338e-01 9.983247710290219651e-03 2.790317735026115464e-01 4.229380460432385358e-01
2.802499999999998792e+01 6.602408570095343876e-01 9.967040642380974730e-03 2.793263140027266722e-01 4.230672958772876968e-01
2.809999999999998721e+01 6.608297360413670773e-01 9.951315968103828513e-03 2.796319787037174764e-01 4.231528387006677772e-01
2.817499999999998650e+01 6.614526156876775476e-01 9.935344099630850911e-03 2.799283200070991073e-01 4.232023781719758126e-01
2.824999999999998579e+01 6.620372782488681551e-01 9.918300889153497044e-03 2.801920001185861375e-01 4.232269229003422506e-01
2.832499999999998863e+01 6.625144949342560707e-01 9.899468394960012421e-03 2.804024422872422040e-01 4.232397093667628063e-01
2.839999999999998437e+01 6.628322027913944314e-01 9.878415889688373086e-03 2.805470112671496485e-01 4.232549506280445240e-01
2.847499999999998721e+01 6.629659732733159672e-01 9.855120743730481914e-03 2.806245631777253280e-01 4.232865252377505660e-01
2.854999999999998650e+01 6.629237738040990591e-01 9.830003779791438370e-03 2.806466079130454094e-01 4.233467240171407964e-01
2.862499999999998579e+01 6.627441285710191643e-01 9.803870596444603028e-03 2.806357958232266192e-01 4.234451634121929597e-01
2.869999999999998508e+01 6.624881332766637820e-01 9.777769864314099849e-03 2.806219951058145368e-01 4.235879572934524995e-01
2.877499999999998437e+01 6.622270761532433880e-01 9.752797423251243630e-03 2.806367458540544035e-01 4.237772147345925666e-01
2.884999999999998366e+01 6.620281890647848888e-01 9.729884516459069363e-03 2.807071682998439899e-01 4.240109000439775677e-01
2.892499999999998295e+01 6.619414543681095831e-01 9.709612638163512763e-03 2.808505455588794497e-01 4.242830596355078865e-01
2.899999999999998579e+01 6.619901007345856403e-01 9.692091782220390792e-03 2.810706616843912098e-01 4.245843878518691383e-01
2.907499999999998508e+01 6.621666058738570060e-01 9.676926105191252167e-03 2.813566265084355145e-01 4.249030742604891220e-01
2.914999999999998437e+01 6.624348934520609689e-01 9.663274189215472626e-03 2.816844426156308590e-01 4.252258529856802749e-01
2.922499999999998010e+01 6.627381551235603796e-01 9.649992669518069055e-03 2.820210357666653733e-01 4.255391568847965433e-01
2.929999999999998295e+01 6.630106253917199544e-01 9.635836065699968089e-03 2.823299967250089137e-01 4.258302746780305292e-01
2.937499999999998579e+01 6.631909147348785671e-01 9.619675289200978544e-03 2.825779616202785949e-01 4.260884088456545760e-01
2.944999999999998153e+01 6.632342402535098547e-01 9.600693875232685359e-03 2.827404346256023882e-01 4.263055455603886323e-01
2.952499999999998082e+01 6.631212458379720509e-01 9.578526744248402891e-03 2.828060021239339195e-01 4.264770641853860011e-01
2.959999999999998010e+01 6.628617373920464573e-01 9.553316530182430141e-03 2.827781692933997171e-01 4.266020398250138790e-01
2.967499999999998295e+01 6.624927231495106872e-01 9.525679127313668726e-03 2.826745281030329515e-01 4.266832196423073209e-01
2.974999999999998224e+01 6.620712527621087640e-01 9.496587204171080127e-03 2.825234693240894490e-01 4.267266825820090204e-01
2.982499999999998153e+01 6.616635251979366972e-01 9.467195301218025646e-03 2.823590998588274559e-01 4.267412198282498625e-01
2.989999999999998082e+01 6.613324246726447475e-01 9.438640247282666443e-03 2.822153433937515388e-01 4.267374967036378086e-01
2.997499999999998010e+01 6.611259260163507845e-01 9.411854284820700758e-03 2.821203321875003223e-01 4.267270743524328447e-01
3.004999999999997939e+01 6.610686113539852027e-01 9.387424632796971188e-03 2.820921102155488080e-01 4.267213801571585474e-01
3.012499999999997868e+01 6.611578731978858814e-01 9.365522788441349791e-03 2.821363740017954758e-01 4.267307180918217258e-01
3.019999999999998153e+01 6.613654888411479860e-01 9.345913501565801876e-03 2.822465877472870588e-01 4.267634046672781345e-01
3.027499999999998082e+01 6.616441677284272682e-01 9.328037658125664169e-03 2.824063400997542939e-01 4.268251030902585619e-01
3.034999999999998010e+01 6.619376796885567682e-01 9.311149298120605794e-03 2.825933811979601806e-01 4.269184091936283343e-01
3.042499999999997584e+01 6.621925100606843584e-01 9.294477908332630239e-03 2.827844903610200467e-01 4.270427195485875238e-01
3.049999999999997868e+01 6.623687086976050020e-01 9.277383406628880030e-03 2.829601939021806345e-01 4.271943861275639964e-01
3.057499999999998153e+01 6.624478377944552632e-01 9.259474610656185517e-03 2.831084362208127203e-01 4.273671375596757027e-01
3.064999999999997726e+01 6.624364577512694696e-01 9.240669212359699236e-03 2.832265113588245953e-01 4.275527230495064224e-01
3.072499999999997655e+01 6.623646395391583619e-01 9.221187577749624664e-03 2.833209883263569928e-01 4.277417171959514430e-01
3.079999999999997584e+01 6.622798282227828626e-01 9.201483933092868481e-03 2.834057051392601112e-01 4.279244105920826380e-01
3.087499999999997868e+01 6.622374593396187503e-01 9.182133234744907849e-03 2.834983636227488280e-01 4.280917058141841536e-01
3.094999999999997797e+01 6.622901190852703568e-01 9.163697283265943849e-03 2.836164309170807751e-01 4.282359388190796201e-01
3.102499999999997726e+01 6.624774484334351454e-01 9.146599367804125746e-03 2.837732453861228077e-01 4.283515552977136265e-01
3.109999999999997655e+01 6.628187203067444910e-01 9.131032986873203680e-03 2.839751258917564414e-01 4.284355845597362933e-01
3.117499999999997584e+01 6.633094091288969096e-01 9.116921833986360926e-03 2.842200381745245696e-01 4.284878734763941655e-01
3.124999999999997513e+01 6.639223616378834292e-01 9.103938496046844880e-03 2.844980780014636501e-01 4.285110646064285156e-01
3.132499999999997442e+01 6.646132049719589707e-01 9.091576084520967133e-03 2.847936208476190556e-01 4.285103255804779687e-01
3.139999999999997726e+01 6.653289084538658305e-01 9.079257515250323610e-03 2.850886859788599459e-01 4.284928587296280567e-01
3.147499999999997655e+01 6.660177197576065966e-01 9.066458237630123373e-03 2.853667730294079385e-01 4.284672382789838641e-01
3.154999999999997584e+01 6.666385467599370562e-01 9.052817031620183363e-03 2.856163773476165790e-01 4.284426376719403518e-01
3.162499999999997158e+01 6.671680215074111686e-01 9.038212558658166931e-03 2.858334721675642731e-01 4.284280165613260638e-01
3.169999999999997442e+01 6.676038545922656775e-01 9.022789104682958292e-03 2.860224146184495719e-01 4.284313409082033397e-01
3.177499999999997726e+01 6.679639319327967950e-01 9.006926635378038545e-03 2.861950938391369936e-01 4.284589034785351025e-01
3.184999999999997300e+01 6.682814844433078161e-01 8.991161975899249550e-03 2.863685089323908528e-01 4.285148034154225849e-01
3.192499999999997229e+01 6.685972407058009548e-01 8.976075073628766304e-03 2.865611967255980996e-01 4.286006272222890878e-01
3.199999999999997158e+01 6.689503243727125126e-01 8.962164883937825607e-03 2.867892762860101419e-01 4.287153557402605952e-01
3.207499999999997442e+01 6.693696342706852986e-01 8.949738102658064826e-03 2.870628496427571896e-01 4.288555006764354083e-01
3.214999999999997726e+01 6.698674489593087200e-01 8.938833223658430513e-03 2.873834881406183150e-01 4.290154546053714935e-01
3.222499999999997300e+01 6.704364705961928239e-01 8.929194746908742861e-03 2.877433007191340097e-01 4.291880190575778076e-01
3.229999999999996874e+01 6.710508104373358318e-01 8.920302547325193593e-03 2.881257722786034758e-01 4.293650611804294415e-01
3.237499999999997158e+01 6.716706473794996635e-01 8.911451016900089755e-03 2.885082266721401556e-01 4.295382384175119861e-01
3.244999999999997442e+01 6.722495773819479048e-01 8.901863153200845549e-03 2.888654593213672017e-01 4.296997261736384965e-01
3.252499999999997016e+01 6.727431463521755806e-01 8.890817969427079054e-03 2.891738544556154977e-01 4.298428843513409925e-01
3.259999999999997300e+01 6.731169165159017753e-01 8.877768026840780757e-03 2.894152376750092071e-01 4.299628052330668471e-01
3.267499999999996874e+01 6.733525282375683041e-01 8.862425834772849967e-03 2.895797641512025677e-01 4.300566969120144245e-01
3.274999999999997158e+01 6.734506256964097881e-01 8.844803815325298635e-03 2.896673249519032822e-01 4.301240713116283310e-01
3.282499999999996732e+01 6.734302127411769812e-01 8.825202409002209578e-03 2.896872690754972446e-01 4.301667249176928109e-01
3.289999999999997016e+01 6.733246076135360747e-01 8.804149379494563207e-03 2.896565145853708945e-01 4.301885172621274789e-01
3.297499999999997300e+01 6.731749228447287958e-01 8.782303759445364219e-03 2.895964664677106448e-01 4.301949710840722307e-01
3.304999999999996874e+01 6.730223458371751288e-01 8.760342586176523075e-03 2.895293224731337878e-01 4.301927332189648956e-01
3.312499999999997158e+01 6.729007754129596730e-01 8.738852093706986693e-03 2.894744756040437128e-01 4.301889463961354743e-01
3.319999999999996732e+01 6.728311868196622525e-01 8.718242323019986806e-03 2.894456451242632955e-01 4.301905898452993426e-01
3.327499999999997016e+01 6.728188066916214183e-01 8.698699898557100962e-03 2.894492391244872787e-01 4.302038472256214940e-01
3.334999999999996589e+01 6.728534819617889573e-01 8.680184337238433870e-03 2.894841476469014463e-01 4.302335581334497672e-01
3.342499999999996874e+01 6.729131326191151174e-01 8.662466623091337817e-03 2.895429468768276893e-01 4.302828000248226648e-01
3.349999999999997158e+01 6.729694103106953484e-01 8.645198791709118175e-03 2.896141595222552212e-01 4.303526357736626728e-01
3.357499999999996732e+01 6.729943677475906938e-01 8.627999183046594286e-03 2.896850725707891261e-01 4.304420459569681112e-01
3.364999999999996305e+01 6.729667561880212645e-01 8.610535638710458545e-03 2.897445242426066603e-01 4.305480494814434289e-01
3.372499999999996589e+01 6.728766496508166162e-01 8.592589886093201720e-03 2.897850939084929411e-01 4.306659980828200229e-01
3.379999999999996874e+01 6.727274902411249924e-01 8.574091310462508830e-03 2.898042862936325292e-01 4.307900160134058298e-01
3.387499999999997158e+01 6.725352705064534531e-01 8.555116065095619629e-03 2.898045567051138471e-01 4.309135437415441694e-01
3.394999999999996732e+01 6.723249944484311902e-01 8.535852693944993505e-03 2.897921989594322012e-01 4.310299354513435488e-01
3.402499999999996305e+01 6.721253341967213801e-01 8.516545186512763932e-03 2.897754499710964993e-01 4.311330569281642822e-01
3.409999999999996589e+01 6.719625503831210267e-01 8.497426195219091524e-03 2.897622332569707027e-01 4.312178306540477291e-01
3.417499999999996874e+01 6.718550240145767516e-01 8.478656685628542869e-03 2.897580922313551799e-01 4.312806809122983198e-01
3.424999999999996447e+01 6.718094907523147752e-01 8.460285041634568737e-03 2.897647626759837225e-01 4.313198409142678935e-01
3.432499999999996021e+01 6.718197839648560876e-01 8.442235119650857988e-03 2.897797204820153905e-01 4.313354971058342979e-01
3.439999999999996305e+01 6.718683213507664620e-01 8.424325639500063884e-03 2.897968019988018673e-01 4.313297602961486676e-01
3.447499999999996589e+01 6.719300533114774820e-01 8.406317000836266776e-03 2.898077786038300019e-01 4.313064688438451588e-01
3.454999999999996874e+01 6.719780329838938027e-01 8.387974915654072827e-03 2.898045333358478803e-01 4.312708438533049415e-01
3.462499999999996447e+01 6.719895107340754237e-01 8.369137448177669039e-03 2.897813841431514659e-01 4.312290288974851005e-01
3.469999999999996021e+01 6.719512704921885016e-01 8.349770215759746289e-03 2.897370264868628364e-01 4.311875566134986126e-01
3.477499999999996305e+01 6.718631135875823279e-01 8.329997296990757083e-03 2.896756560028532768e-01 4.311527901212750535e-01
3.484999999999996589e+01 6.717387653059321284e-01 8.310100285430199393e-03 2.896069949472421801e-01 4.311303886345543290e-01
3.492499999999996163e+01 6.716039493971509566e-01 8.290483832985636597e-03 2.895451478670230117e-01 4.311248439306025748e-01
3.499999999999996447e+01 6.714919668688373866e-01 8.271613143397034407e-03 2.895064600188959059e-01 4.311391264572569937e-01
3.507499999999996021e+01 6.714376383390435743e-01 8.253934961420695757e-03 2.895067687718305693e-01 4.311744713745755408e-01
3.514999999999996305e+01 6.714707597098471537e-01 8.237796585796272955e-03 2.895585499907387117e-01 4.312303191219546417e-01
3.522499999999995879e+01 6.716103163253769326e-01 8.223378122153323852e-03 2.896684943528504697e-01 4.313044146458792083e-01
3.529999999999996163e+01 6.718606442389940536e-01 8.210651954205552480e-03 2.898360139834557092e-01 4.313930522180658422e-01
3.537499999999996447e+01 6.722101681985811483e-01 8.199376255732335889e-03 2.900529350465310685e-01 4.314914423621825090e-01
3.544999999999996021e+01 6.726331108326804031e-01 8.189126273018144248e-03 2.903045263784929109e-01 4.315941658285493698e-01
3.552499999999996305e+01 6.730937064312298990e-01 8.179356527854996298e-03 2.905716406520484352e-01 4.316956730923411367e-01
3.559999999999995879e+01 6.735522191586825747e-01 8.169484295009216135e-03 2.908336409023277724e-01 4.317907841883453224e-01
3.567499999999996163e+01 6.739715617175607854e-01 8.158978717357224728e-03 2.910715657417186630e-01 4.318751447018726597e-01
3.574999999999995737e+01 6.743233582468852738e-01 8.147440736539838385e-03 2.912710063312988762e-01 4.319455981601305616e-01
3.582499999999996021e+01 6.745923063557790478e-01 8.134659467208482653e-03 2.914241754127435691e-01 4.320004433300590474e-01
3.589999999999996305e+01 6.747780934680177589e-01 8.120635866345073117e-03 2.915308276017878342e-01 4.320395555573936508e-01
3.597499999999995879e+01 6.748945724067177965e-01 8.105570368560931216e-03 2.915978940089791749e-01 4.320643637259108383e-01
3.604999999999995453e+01 6.749664318245632844e-01 8.089817889356570174e-03 2.916379349113040753e-01 4.320776873643197291e-01
3.612499999999995737e+01 6.750240487977987591e-01 8.073819248360664808e-03 2.916667203470286740e-01 4.320834507547989256e-01
3.619999999999996021e+01 6.750975353586801120e-01 8.058022023677686302e-03 2.917003972571319270e-01 4.320863015773730442e-01
3.627499999999996305e+01 6.752110969436470045e-01 8.042805032997594333e-03 2.917527525719874060e-01 4.320911695506939321e-01
3.634999999999995879e+01 6.753787908934727469e-01 8.028420092799174249e-03 2.918330703732495701e-01 4.321028055784480459e-01
3.642499999999995453e+01 6.756023832878338409e-01 8.014959817275105550e-03 2.919449113442453836e-01 4.321253426068289993e-01
3.649999999999995737e+01 6.758716571521818928e-01 8.002355921655579171e-03 2.920859911404283249e-01 4.321619172065105374e-01
3.657499999999996021e+01 6.761670072108197926e-01 7.990406206399233019e-03 2.922491069990515999e-01 4.322143847339955380e-01
3.664999999999995595e+01 6.764637126809148748e-01 7.978823083809011285e-03 2.924238660215999763e-01 4.322831521334465354e-01
3.672499999999995168e+01 6.767370067091063035e-01 7.967293267289036682e-03 2.925988452411895091e-01 4.323671416523588995e-01
3.679999999999995453e+01 6.769668740713437050e-01 7.955536025853216300e-03 2.927637257513979741e-01 4.324638870299352122e-01
3.687499999999995737e+01 6.771416850676645893e-01 7.943349439634589740e-03 2.929110105865251334e-01 4.325697517163715755e-01
3.694999999999996021e+01 6.772599487059077772e-01 7.930636068912090900e-03 2.930370027463014004e-01 4.326802482654253379e-01
3.702499999999995595e+01 6.773299443494280592e-01 7.917404924962800211e-03 2.931419173467473271e-01 4.327904292321058666e-01
3.709999999999995168e+01 6.773673710906479295e-01 7.903750964121988160e-03 2.932291607689253565e-01 4.328953139517024429e-01
3.717499999999995453e+01 6.773915883584776809e-01 7.889818319616796402e-03 2.933039960317540551e-01 4.329903132433594592e-01
3.724999999999995737e+01 6.774212419387405371e-01 7.875755989199909393e-03 2.933719105976962949e-01 4.330716139902592854e-01
3.732499999999995310e+01 6.774702155464147335e-01 7.861676409071627000e-03 2.934370719685981399e-01 4.331364910735241436e-01
3.739999999999995595e+01 6.775447205990416943e-01 7.847625846382455875e-03 2.935012066547034726e-01 4.331835194512452247e-01
3.747499999999995168e+01 6.776420897860292447e-01 7.833572747178715184e-03 2.935631387005219750e-01 4.332126695276806161e-01
3.754999999999995453e+01 6.777514910247227631e-01 7.819416214879538682e-03 2.936190788687262909e-01 4.332252791134262315e-01
3.762499999999995026e+01 6.778563714653979000e-01 7.805012230983144998e-03 2.936635851907404282e-01 4.332239063503895427e-01
3.769999999999995310e+01 6.779380969710314675e-01 7.790211460627223874e-03 2.936909720656459832e-01 4.332120784741729791e-01
3.777499999999995595e+01 6.779800106332504184e-01 7.774899955713981958e-03 2.936968458270953208e-01 4.331939603245456571e-01
3.784999999999995168e+01 6.779710711219654184e-01 7.759033621090101474e-03 2.936794225582599616e-01 4.331739731494055334e-01
3.792499999999995453e+01 6.779083061737393168e-01 7.742658415036267859e-03 2.936403203902501202e-01 4.331563984628237218e-01
3.799999999999995026e+01 6.777975838152148214e-01 7.725911471073983010e-03 2.935846359008109641e-01 4.331450021528104877e-01
3.807499999999995310e+01 6.776525387991364502e-01 7.709002193001743448e-03 2.935202584985410201e-01 4.331427120728955082e-01
3.814999999999994884e+01 6.774919076916290361e-01 7.692177003917511843e-03 2.934565526994526996e-01 4.331513769652640677e-01
3.822499999999995168e+01 6.773357698942529259e-01 7.675673965370582129e-03 2.934026373262901277e-01 4.331716267872531834e-01
3.829999999999995453e+01 6.772015343280908262e-01 7.659677067439734505e-03 2.933656316829414967e-01 4.332028455517521470e-01
3.837499999999995026e+01 6.771004534215697701e-01 7.644278982632955917e-03 2.933492059585393053e-01 4.332432572983333507e-01
3.844999999999994600e+01 6.770353949854543973e-01 7.629460202444456399e-03 2.933527447839889835e-01 4.332901159329956009e-01
3.852499999999994884e+01 6.770003377664888244e-01 7.615089244382719155e-03 2.933713131398438811e-01 4.333399804610342798e-01
3.859999999999995168e+01 6.769816881626690153e-01 7.600944316721102573e-03 2.933964506254341797e-01 4.333890498895373589e-01
3.867499999999995453e+01 6.769611638418097099e-01 7.586752809057463812e-03 2.934176648902970808e-01 4.334335270063764955e-01
3.874999999999995026e+01 6.769196632880234432e-01 7.572241330633664065e-03 2.934243515620540421e-01 4.334699780130401026e-01
3.882499999999994600e+01 6.768413686624707992e-01 7.557187213431381008e-03 2.934077935614729515e-01 4.334956566577572445e-01
3.889999999999994884e+01 6.767172119401081432e-01 7.541461205345992118e-03 2.933628408879587202e-01 4.335087621709884376e-01
3.897499999999995168e+01 6.765471023687700258e-01 7.525054404115083181e-03 2.932889954003849997e-01 4.335086121476284249e-01
3.904999999999994742e+01 6.763403753350951675e-01 7.508083301090774306e-03 2.931906529075943846e-01 4.334957125135876499e-01
3.912499999999994316e+01 6.761144256776564498e-01 7.490772753803913095e-03 2.930764839925776855e-01 4.334717214454236744e-01
3.919999999999994600e+01 6.758917609456988052e-01 7.473419874755609336e-03 2.929580590904194981e-01 4.334393108750378421e-01
3.927499999999994884e+01 6.756960455190764714e-01 7.456345673895655064e-03 2.928479763422514592e-01 4.334019390586824061e-01
3.934999999999995168e+01 6.755478913620496240e-01 7.439843352423011584e-03 2.927578359178450995e-01 4.333635552138019875e-01
3.942499999999994742e+01 6.754612102192464329e-01 7.424132735506674616e-03 2.926964330973502726e-01 4.333282632208363405e-01
3.949999999999994316e+01 6.754408304291372733e-01 7.409328969541749584e-03 2.926684942968986736e-01 4.332999740494715146e-01
3.957499999999994600e+01 6.754818078636122269e-01 7.395430490095546323e-03 2.926741616455308392e-01 4.332820784192388253e-01
3.964999999999994884e+01 6.755705936588142224e-01 7.382328202379110499e-03 2.927093132243313578e-01 4.332771674371596049e-01
3.972499999999994458e+01 6.756877549219219015e-01 7.369832662653717260e-03 2.927666025239185066e-01 4.332868257435695813e-01
3.979999999999994742e+01 6.758117821541490544e-01 7.357714235630421866e-03 2.928370265780904091e-01 4.333115141092580558e-01
3.987499999999994316e+01 6.759231865244580417e-01 7.345747589471780976e-03 2.929116851301868385e-01 4.333505507279826752e-01
3.994999999999994600e+01 6.760081184669139986e-01 7.333752189516195945e-03 2.929833999711716208e-01 4.334021914346449789e-01
4.002499999999994174e+01 6.760608171642811248e-01 7.321621264321632669e-03 2.930478911044729351e-01 4.334638003924771166e-01
4.009999999999994458e+01 6.760844413788542617e-01 7.309334269381124842e-03 2.931043042021826972e-01 4.335320949028277360e-01
4.017499999999994742e+01 6.760901708597016890e-01 7.296951461946505658e-03 2.931550249837004962e-01 4.336034416991019214e-01
4.024999999999994316e+01 6.760947552777026859e-01 7.284592225761391676e-03 2.932048370868955978e-01 4.336741777659007258e-01
4.032499999999994600e+01 6.761170399442119061e-01 7.272402521589707049e-03 2.932596316831045380e-01 4.337409270254483085e-01
4.039999999999994174e+01 6.761742157198661340e-01 7.260519140029281573e-03 2.933249732571825419e-01 4.338008850942415284e-01
4.047499999999994458e+01 6.762783984325656528e-01 7.249036877450034007e-03 2.934047676147897299e-01 4.338520471670015421e-01
4.054999999999994031e+01 6.764343222393237598e-01 7.237986704978391708e-03 2.935003608868733682e-01 4.338933599868878277e-01
4.062499999999994316e+01 6.766384942991379159e-01 7.227328332544216000e-03 2.936102135096083643e-01 4.339247855145010879e-01
4.069999999999994600e+01 6.768799629944552976e-01 7.216958561057609974e-03 2.937302134350443517e-01 4.339472720327082200e-01
4.077499999999994174e+01 6.771424980094592483e-01 7.206733143343064737e-03 2.938545439198130271e-01 4.339626367915665472e-01
4.084999999999993747e+01 6.774077532831742632e-01 7.196497596700812509e-03 2.939769268252278023e-01 4.339733718730227063e-01
4.092499999999994031e+01 6.776586986663927226e-01 7.186119561856702150e-03 2.940919430689851177e-01 4.339823920916933142e-01
4.099999999999994316e+01 6.778827399718847513e-01 7.175516904869862038e-03 2.941961930996639385e-01 4.339927479372992503e-01
4.107499999999994600e+01 6.780738206837568782e-01 7.164674585592963225e-03 2.942890086032305952e-01 4.340073302143933054e-01
4.114999999999993463e+01 6.782331669625276671e-01 7.153647314308570447e-03 2.943725869837972020e-01 4.340285927067634164e-01
4.122499999999993747e+01 6.783685351627992688e-01 7.142547122747132729e-03 2.944515051352500912e-01 4.340583176732772941e-01
4.129999999999994031e+01 6.784921564807594452e-01 7.131518435871558349e-03 2.945317114014949222e-01 4.340974447356742427e-01
4.137499999999994316e+01 6.786177870772082121e-01 7.120705320357271703e-03 2.946191826297817062e-01 4.341459776624777001e-01
4.144999999999994600e+01 6.787575209792623410e-01 7.110218000608855594e-03 2.947185361252366853e-01 4.342029767862285450e-01
4.152499999999993463e+01 6.789189705291661658e-01 7.100104944979123908e-03 2.948318578402576717e-01 4.342666365773495407e-01
4.159999999999993747e+01 6.791034002476867837e-01 7.090336433272744106e-03 2.949579956241457079e-01 4.343344408473979179e-01
4.167499999999994031e+01 6.793051657057953552e-01 7.080802892305397729e-03 2.950924605368270282e-01 4.344033807401230796e-01
4.174999999999993605e+01 6.795125820113179227e-01 7.071328813483520985e-03 2.952279779629365386e-01 4.344702155316665371e-01
4.182499999999993889e+01 6.797099867650504557e-01 7.061699268381417191e-03 2.953555719000523494e-01 4.345317527343399155e-01
4.189999999999993463e+01 6.798806275054573023e-01 7.051694644496872381e-03 2.954660056044184913e-01 4.345851222272792969e-01
4.197499999999993747e+01 6.800097532949295198e-01 7.041126691512245017e-03 2.955512928762260572e-01 4.346280203249400231e-01
4.204999999999994031e+01 6.800873242365010896e-01 7.029869438426564372e-03 2.956060098858366292e-01 4.346589023956566322e-01
4.212499999999993605e+01 6.801098056967975758e-01 7.017879244342466703e-03 2.956281631679259503e-01 4.346771075665406547e-01
4.219999999999993889e+01 6.800807139081637143e-01 7.005200486282163463e-03 2.956194605211068804e-01 4.346829052426658402e-01
4.227499999999993463e+01 6.800098309339677183e-01 6.991956150128045104e-03 2.955849462466626498e-01 4.346774602371379359e-01
4.234999999999993747e+01 6.799112663746440521e-01 6.978325402178627707e-03 2.955320807822644502e-01 4.346627205606865552e-01
4.242499999999993321e+01 6.798007720205208049e-01 6.964512661237874311e-03 2.954694496530163583e-01 4.346412387482507245e-01
4.249999999999993605e+01 6.796928484373747636e-01 6.950714082725809040e-03 2.954053485158464332e-01 4.346159433558676732e-01
4.257499999999993889e+01 6.795982232563213543e-01 6.937087758249609569e-03 2.953465113074766890e-01 4.345898814924976650e-01
4.264999999999993463e+01 6.795221848643162588e-01 6.923732885984931404e-03 2.952972075872568603e-01 4.345659555562860765e-01
4.272499999999993747e+01 6.794640828438374136e-01 6.910681328053668547e-03 2.952588597410925608e-01 4.345466775893619960e-01
4.279999999999993321e+01 6.794180628609078898e-01 6.897902412360045442e-03 2.952302232490094935e-01 4.345339627943476390e-01
4.287499999999993605e+01 6.793748513804100941e-01 6.885319212143399190e-03 2.952080612206477994e-01 4.345289800186445395e-01
4.294999999999993179e+01 6.793242008568655121e-01 6.872832418152358819e-03 2.951881523596433521e-01 4.345320717078940964e-01
4.302499999999993463e+01 6.792574666921795679e-01 6.860346477919483307e-03 2.951664072124853266e-01 4.345427495260003603e-01
4.309999999999993747e+01 6.791697849494648942e-01 6.847792624871942499e-03 2.951398621319802906e-01 4.345597649841575483e-01
4.317499999999993321e+01 6.790613935077142171e-01 6.835144126842938525e-03 2.951073476764434211e-01 4.345812477308665378e-01
4.324999999999993605e+01 6.789378273215382897e-01 6.822420933901012126e-03 2.950697053912183510e-01 4.346048982942826155e-01
4.332499999999993179e+01 6.788089627132839476e-01 6.809683307991917962e-03 2.950295293187493728e-01 4.346282172519932985e-01
4.339999999999993463e+01 6.786871066197510682e-01 6.797016183157375893e-03 2.949905023490296818e-01 4.346487497283551549e-01
4.347499999999993747e+01 6.785845245764806632e-01 6.784507958491687446e-03 2.949564834954256920e-01 4.346643237694146622e-01
4.354999999999992610e+01 6.785109688731497668e-01 6.772229028961996265e-03 2.949305742112944273e-01 4.346732591532103118e-01
4.362499999999992895e+01 6.784716371224430720e-01 6.760214121561073340e-03 2.949143410531013254e-01 4.346745315749704908e-01
4.369999999999993179e+01 6.784660766833647827e-01 6.748453259768719299e-03 2.949074074518925892e-01 4.346678744699032926e-01
4.377499999999993463e+01 6.784882202058295508e-01 6.736893004281438793e-03 2.949074912624195521e-01 4.346538119305224934e-01
4.384999999999993747e+01 6.785275734959723692e-01 6.725448011625011907e-03 2.949108953097563379e-01 4.346336196630731230e-01
4.392499999999992610e+01 6.785713343628242411e-01 6.714020650609323591e-03 2.949133570780140268e-01 4.346092181375985630e-01
4.399999999999992895e+01 6.786070227320454284e-01 6.702524572818977650e-03 2.949110812040345309e-01 4.345830080224251102e-01
4.407499999999993179e+01 6.786251000795335830e-01 6.690907261094320921e-03 2.949017375327317447e-01 4.345576629838328042e-01
4.414999999999992752e+01 6.786210631940934324e-01 6.679166784862157306e-03 2.948852135516637496e-01 4.345358986703352078e-01
4.422499999999993037e+01 6.785965688461398360e-01 6.667358799974772154e-03 2.948639429288838487e-01 4.345202384831674536e-01
4.429999999999992610e+01 6.785593677268658697e-01 6.655592072278014408e-03 2.948427288019155323e-01 4.345127970005357443e-01
4.437499999999992895e+01 6.785220346519685863e-01 6.644012839393684255e-03 2.948280697480942791e-01 4.345151000133977703e-01
4.444999999999993179e+01 6.784997234955446599e-01 6.632780618968135006e-03 2.948270985131331567e-01 4.345279567605735416e-01
4.452499999999992752e+01 6.785073732577504568e-01 6.622039880328845982e-03 2.948463256716413738e-01 4.345513951543096276e-01
4.459999999999993037e+01 6.785568945907031191e-01 6.611892842682616685e-03 2.948904207836442470e-01 4.345846650950593859e-01
4.467499999999992610e+01 6.786548738232993649e-01 6.602378574816273465e-03 2.949612628299165262e-01 4.346263089045688810e-01
4.474999999999992895e+01 6.788012384460179183e-01 6.593462517721254343e-03 2.950574476680256630e-01 4.346742919083378953e-01
4.482499999999992468e+01 6.789891040249096399e-01 6.585038265526921286e-03 2.951743402522437609e-01 4.347261811750883220e-01
4.489999999999992752e+01 6.792058930732731703e-01 6.576942108442195879e-03 2.953047006690541210e-01 4.347793558339996256e-01
4.497499999999993037e+01 6.794354112309010096e-01 6.568976895677956958e-03 2.954397358831156728e-01 4.348312304592447664e-01
4.504999999999992610e+01 6.796606050410177735e-01 6.560942165519998912e-03 2.955704445566754712e-01 4.348794712602735979e-01
4.512499999999992895e+01 6.798663586347294396e-01 6.552664005636890839e-03 2.956889632543642232e-01 4.349221865428827272e-01
4.519999999999992468e+01 6.800419069130434480e-01 6.544020321000813822e-03 2.957897185092362990e-01 4.349580746456244151e-01
4.527499999999992752e+01 6.801823790157197624e-01 6.534956687395898633e-03 2.958701640218488471e-01 4.349865170720792484e-01
4.534999999999992326e+01 6.802892188211695501e-01 6.525490333824539302e-03 2.959309866389423505e-01 4.350076091926645128e-01
4.542499999999992610e+01 6.803694552085484126e-01 6.515702091590943115e-03 2.959757675105181285e-01 4.350221269410087799e-01
4.549999999999992895e+01 6.804339589565500113e-01 6.505717807146984936e-03 2.960101602251873354e-01 4.350314329977311711e-01
4.557499999999992468e+01 6.804950824858729819e-01 6.495683272457159624e-03 2.960407651422345410e-01 4.350373320271279098e-01
4.564999999999992752e+01 6.805641315474894038e-01 6.485737239010595269e-03 2.960739049608331896e-01 4.350418883928109381e-01
4.572499999999992326e+01 6.806491618996095561e-01 6.475987489326933896e-03 2.961145279494735716e-01 4.350472233346379669e-01
4.579999999999992610e+01 6.807535097621000286e-01 6.466494086397284874e-03 2.961654291569951747e-01 4.350553099028381387e-01
4.587499999999992895e+01 6.808753160474043664e-01 6.457262453432908479e-03 2.962269150512342186e-01 4.350677841735859364e-01
4.594999999999991758e+01 6.810080906471117634e-01 6.448246851512521444e-03 2.962969428269998096e-01 4.350857895762305638e-01
4.602499999999992042e+01 6.811421819526963795e-01 6.439363058585930409e-03 2.963716847714169544e-01 4.351098678425398547e-01
4.609999999999992326e+01 6.812668090414659705e-01 6.430507055573441919e-03 2.964463752619351800e-01 4.351399060215946912e-01
4.617499999999992610e+01 6.813722437804671239e-01 6.421575833311939097e-03 2.965162641031783286e-01 4.351751437041417869e-01
4.624999999999992895e+01 6.814516942450837833e-01 6.412486069357211174e-03 2.965774807077705688e-01 4.352142392665424020e-01
4.632499999999991758e+01 6.815025206669157454e-01 6.403187145210786392e-03 2.966276445018891650e-01 4.352553886544843209e-01
4.639999999999992042e+01 6.815265549158755487e-01 6.393666254278728388e-03 2.966661141985325045e-01 4.352964856008458838e-01
4.647499999999992326e+01 6.815295156033024382e-01 6.383945390866119229e-03 2.966938620405024096e-01 4.353353086665124883e-01
4.654999999999991900e+01 6.815196144029465053e-01 6.374070941090556087e-03 2.967130023077648726e-01 4.353697179613882362e-01
4.662499999999992184e+01 6.815057226613027153e-01 6.364099140307286420e-03 2.967261224168267209e-01 4.353978441415007339e-01
4.669999999999991758e+01 6.814954518841280784e-01 6.354080490416268157e-03 2.967355589024391893e-01 4.354182527294282457e-01
4.677499999999992042e+01 6.814935660922379901e-01 6.344046836418327714e-03 2.967427907734667691e-01 4.354300693915921228e-01
4.684999999999992326e+01 6.815010477512912779e-01 6.334003915614115285e-03 2.967480834465208162e-01 4.354330553499263790e-01
4.692499999999991900e+01 6.815150000144604148e-01 6.323930932094237907e-03 2.967504589885215927e-01 4.354276266585843658e-01
4.699999999999992184e+01 6.815293997159821426e-01 6.313787196970148050e-03 2.967479982575964570e-01 4.354148161198358458e-01
4.707499999999991758e+01 6.815365214539745864e-01 6.303524146304906144e-03 2.967383991873029370e-01 4.353961817838433168e-01
4.714999999999992042e+01 6.815287448422245875e-01 6.293100132306767361e-03 2.967196712382635937e-01 4.353736705660959938e-01
4.722499999999991616e+01 6.815003408198386792e-01 6.282494404995889702e-03 2.966907982759303675e-01 4.353494495967735745e-01
4.729999999999991900e+01 6.814488725081745413e-01 6.271717154353502639e-03 2.966522214009201797e-01 4.353257204888273946e-01
4.737499999999992184e+01 6.813759059343487134e-01 6.260813101231292067e-03 2.966060206708319713e-01 4.353045332063888440e-01
4.744999999999991758e+01 6.812868773038578407e-01 6.249857547449476532e-03 2.965557406264771600e-01 4.352876159894264463e-01
4.752499999999992042e+01 6.811901343681263654e-01 6.238945351845121695e-03 2.965058778464388922e-01 4.352762362324558154e-01
4.759999999999991616e+01 6.810953441737336300e-01 6.228174844705213278e-03 2.964611226079676420e-01 4.352711043233125077e-01
4.767499999999991900e+01 6.810115863081984688e-01 6.217629760783597269e-03 2.964254988453575157e-01 4.352723284082383182e-01
4.774999999999991473e+01 6.809455302768036011e-01 6.207362888334772184e-03 2.964015779179848264e-01 4.352794235942747392e-01
4.782499999999991758e+01 6.809000632324748725e-01 6.197384716370202967e-03 2.963899240604044305e-01 4.352913739695308815e-01
4.789999999999992042e+01 6.808736656075934368e-01 6.187659638814612187e-03 2.963888966992194174e-01 4.353067414271778457e-01
4.797499999999991616e+01 6.808606695659057406e-01 6.178110709984818878e-03 2.963948613115211517e-01 4.353238108179940946e-01
4.804999999999991900e+01 6.808523656229643617e-01 6.168632361377338058e-03 2.964027849641805989e-01 4.353407580408108490e-01
4.812499999999991473e+01 6.808387535624155218e-01 6.159108949500394919e-03 2.964071181947059985e-01 4.353558263888294144e-01
4.819999999999991758e+01 6.808105706894519438e-01 6.149435508270011119e-03 2.964027914986140377e-01 4.353674931904318868e-01
4.827499999999992042e+01 6.807612632881275827e-01 6.139537503010918974e-03 2.963861729578516346e-01 4.353746150688485583e-01
4.834999999999990905e+01 6.806884385547800065e-01 6.129385199206231587e-03 2.963557743816207513e-01 4.353765358654183015e-01
4.842499999999991189e+01 6.805945635984808062e-01 6.119000490366869813e-03 2.963125987460151212e-01 4.353731495875212687e-01
4.849999999999991473e+01 6.804867253982134212e-01 6.108454509817298761e-03 2.962600437261384556e-01 4.353649125965981526e-01
4.857499999999991758e+01 6.803755378658565833e-01 6.097856890257820177e-03 2.962033984442731249e-01 4.353528043841470851e-01
4.864999999999992042e+01 6.802733472912468882e-01 6.087338176433595462e-03 2.961490022834939451e-01 4.353382408155747063e-01
4.872499999999990905e+01 6.801920918269747096e-01 6.077028763587603681e-03 2.961032265058054502e-01 4.353229478315183698e-01
4.879999999999991189e+01 6.801412402810299573e-01 6.067038366105358994e-03 2.960714722659409937e-01 4.353088075406311153e-01
4.887499999999991473e+01 6.801261629847925594e-01 6.057439341472474828e-03 2.960573478144666870e-01 4.352976902332258424e-01
4.894999999999991047e+01 6.801472667184322862e-01 6.048256987660916711e-03 2.960621795460013361e-01 4.352912876860318692e-01
4.902499999999991331e+01 6.802000316800989044e-01 6.039468158882010940e-03 2.960849264891900479e-01 4.352909625097461377e-01
4.909999999999990905e+01 6.802759464133055767e-01 6.031008250137331883e-03 2.961225050817424265e-01 4.352976268571923102e-01
4.917499999999991189e+01 6.803641415246532986e-01 6.022784841779156573e-03 2.961704445944894903e-01 4.353116610919413598e-01
4.924999999999991473e+01 6.804534139457868447e-01 6.014695308684455191e-03 2.962237439527088956e-01 4.353328793443450584e-01
4.932499999999991047e+01 6.805342373059032335e-01 6.006644830239392212e-03 2.962777562515575003e-01 4.353605447162525177e-01
4.939999999999991331e+01 6.806003935702267249e-01 5.998561567395498118e-03 2.963289414293370783e-01 4.353934323706217802e-01
4.947499999999990905e+01 6.806499131841560191e-01 5.990406209065473470e-03 2.963753471935137718e-01 4.354299346150459771e-01
4.954999999999991189e+01 6.806851742680775086e-01 5.982174500129958106e-03 2.964167464814388975e-01 4.354681983490648056e-01
4.962499999999990763e+01 6.807121486754535988e-01 5.973892539380275431e-03 2.964544172667455957e-01 4.355062824184846582e-01
4.969999999999991047e+01 6.807389859700035961e-01 5.965606395890655361e-03 2.964906378757650174e-01 4.355423208989380734e-01
4.977499999999991331e+01 6.807742196182928751e-01 5.957368385529277985e-03 2.965280113897192926e-01 4.355746778366272887e-01
4.984999999999990905e+01 6.808249575574397694e-01 5.949223019829820956e-03 2.965687675385160205e-01 4.356020798686645046e-01
4.992499999999991189e+01 6.808954130388145121e-01 5.941195582454335440e-03 2.966141894540321733e-01 4.356237151462843959e-01
4.999999999999990763e+01 6.809860412640481586e-01 5.933285524967748040e-03 2.966642762483868712e-01 4.356392910752147074e-01
5.007499999999991047e+01 6.810935051163036213e-01 5.925466482866157542e-03 2.967177341295222925e-01 4.356490436344048200e-01
5.014999999999990621e+01 6.812113220575910510e-01 5.917691624690630918e-03 2.967722349782345725e-01 4.356537029975330322e-01
5.022499999999990905e+01 6.813311979491641912e-01 5.909904283458384047e-03 2.968249426366967869e-01 4.356544123183445083e-01
5.029999999999991189e+01 6.814446523425772284e-01 5.902050582135810741e-03 2.968731442814307453e-01 4.356526142818508140e-01
5.037499999999990763e+01 6.815446619127965011e-01 5.894091735577674900e-03 2.969148711797248152e-01 4.356499108164315626e-01
5.044999999999991047e+01 6.816269609457854539e-01 5.886013119826947679e-03 2.969493618952689928e-01 4.356479114077875248e-01
5.052499999999990621e+01 6.816907574301045436e-01 5.877828236024944253e-03 2.969772716251597444e-01 4.356480829294646639e-01
5.059999999999990905e+01 6.817387232540439435e-01 5.869576590118965459e-03 2.970005754600191228e-01 4.356516145105996385e-01
5.067499999999991189e+01 6.817762632532776701e-01 5.861315756586387912e-03 2.970221759650146787e-01 4.356593093278049444e-01
5.074999999999990052e+01 6.818102405396914145e-01 5.853109339407694227e-03 2.970452989749399197e-01 4.356715128535055825e-01
5.082499999999990337e+01 6.818474059298711420e-01 5.845013075293203561e-03 2.970727895517765171e-01 4.356880835333570845e-01
5.089999999999990621e+01 6.818928633558688501e-01 5.837061964686382151e-03 2.971064540025363243e-01 4.357084081219974037e-01
5.097499999999990905e+01 6.819488864988136889e-01 5.829261087202153996e-03 2.971465839201292702e-01 4.357314599422638657e-01
5.104999999999991189e+01 6.820143198169024146e-01 5.821581976992959775e-03 2.971917599254900733e-01 4.357558944000998746e-01
5.112499999999990052e+01 6.820846888888515425e-01 5.813965449837670517e-03 2.972389836229503146e-01 4.357801728509208550e-01
5.119999999999990337e+01 6.821529860496509112e-01 5.806330381802494306e-03 2.972841155482871534e-01 4.358027035399492655e-01
5.127499999999990621e+01 6.822109843026411546e-01 5.798586963506533777e-03 2.973225465537969736e-01 4.358219867387818081e-01
5.134999999999990195e+01 6.822508006120879820e-01 5.790651847845601843e-03 2.973499723868711087e-01 4.358367511186511667e-01
5.142499999999990479e+01 6.822664082010279074e-01 5.782462462316922090e-03 2.973631321246471559e-01 4.358460691458078129e-01
5.149999999999990052e+01 6.822547861452683549e-01 5.773987717361029476e-03 2.973603674440924438e-01 4.358494414149515772e-01
5.157499999999990337e+01 6.822164979761770054e-01 5.765233282067586985e-03 2.973419065226352576e-01 4.358468424682078179e-01
5.164999999999990621e+01 6.821555715606434367e-01 5.756240352025035999e-03 2.973098141820925688e-01 4.358387244450759868e-01
5.172499999999990195e+01 6.820787338272580325e-01 5.747078425641728543e-03 2.972676315663178581e-01 4.358259784736278064e-01
5.179999999999990479e+01 6.819941347947909849e-01 5.737833332783191104e-03 2.972197666381687364e-01 4.358098574082324705e-01
5.187499999999990052e+01 6.819098541739201380e-01 5.728593133573625824e-03 2.971707688041312911e-01 4.357918674809739823e-01
5.194999999999990337e+01 6.818324495014759234e-01 5.719434208701367622e-03 2.971246071420354795e-01 4.357736381706079354e-01
5.202499999999989910e+01 6.817658728464408568e-01 5.710410441557165796e-03 2.970841032220109534e-01 4.357567825764804281e-01
5.209999999999990195e+01 6.817109400045980871e-01 5.701547155359575417e-03 2.970506067942333406e-01 4.357427604025685408e-01
5.217499999999990479e+01 6.816654625356790564e-01 5.692840835128186450e-03 2.970239705728126012e-01 4.357327558710898385e-01
5.224999999999990052e+01 6.816249981040514161e-01 5.684264339026237275e-03 2.970028117141203516e-01 4.357275812070235399e-01
5.232499999999990337e+01 6.815840599241839159e-01 5.675776324617317833e-03 2.969849961856005915e-01 4.357276140211315263e-01
5.239999999999989910e+01 6.815375226512597751e-01 5.667332733320698188e-03 2.969682352260040181e-01 4.357327738475252898e-01
5.247499999999990195e+01 6.814819388400090716e-01 5.658897964873134921e-03 2.969506707067172124e-01 4.357425395780475386e-01
5.254999999999989768e+01 6.814164833277639444e-01 5.650453375891362033e-03 2.969313249030904878e-01 4.357560055679858824e-01
5.262499999999990052e+01 6.813433336032603815e-01 5.642001482143264336e-03 2.969103279977887144e-01 4.357719718597506953e-01
5.269999999999990337e+01 6.812674019705492467e-01 5.633565074647331819e-03 2.968888794339138437e-01 4.357890581219210357e-01
5.277499999999989910e+01 6.811954791516380281e-01 5.625181694737380403e-03 2.968689639397646962e-01 4.358058340455896462e-01
5.284999999999990195e+01 6.811349468103435889e-01 5.616894615020024371e-03 2.968528804038077507e-01 4.358209511843825212e-01
5.292499999999989768e+01 6.810923375593735951e-01 5.608742525741262919e-03 2.968426981748557569e-01 4.358332663652654260e-01
5.299999999999990052e+01 6.810720193765864572e-01 5.600750068617548968e-03 2.968397536367295420e-01 4.358419450389979799e-01
5.307499999999990337e+01 6.810752892165646832e-01 5.592921436423823993e-03 2.968443052381939395e-01 4.358465355271536890e-01
5.314999999999989200e+01 6.811000494356233004e-01 5.585238354119032023e-03 2.968554185214259400e-01 4.358470077449089208e-01
5.322499999999989484e+01 6.811411554150588188e-01 5.577663085039572671e-03 2.968711177012306468e-01 4.358437532971118911e-01
5.329999999999989768e+01 6.811913564483564887e-01 5.570145777830132205e-03 2.968887699583454554e-01 4.358375471853974670e-01
5.337499999999990052e+01 6.812426722633871945e-01 5.562634867870721797e-03 2.969056360725992327e-01 4.358294748127687912e-01
5.344999999999990337e+01 6.812879192900573866e-01 5.555088255459809249e-03 2.969194672543262747e-01 4.358208311747756580e-01
5.352499999999989200e+01 6.813221022463566978e-01 5.547483051653590014e-03 2.969290303397578157e-01 4.358130014581448886e-01
5.359999999999989484e+01 6.813433867902796148e-01 5.539821732021344043e-03 2.969344448363434585e-01 4.358073338543185238e-01
5.367499999999989768e+01 6.813534750561248687e-01 5.532133435414898423e-03 2.969372621458941097e-01 4.358050160695732811e-01
5.374999999999989342e+01 6.813572848413450567e-01 5.524469794154911705e-03 2.969402514358259193e-01 4.358069665388091263e-01
5.382499999999989626e+01 6.813620203956909371e-01 5.516896187212160137e-03 2.969469372766939674e-01 4.358137500887507843e-01
5.389999999999989200e+01 6.813757770034803984e-01 5.509479702115011382e-03 2.969609559439985169e-01 4.358255253069873714e-01
5.397499999999989484e+01 6.814059764563412669e-01 5.502276291635758466e-03 2.969853628410394908e-01 4.358420282509333221e-01
5.404999999999989768e+01 6.814579173302784953e-01 5.495319433271942874e-03 2.970220153683479358e-01 4.358625937342979206e-01
5.412499999999989342e+01 6.815337136420643871e-01 5.488612448765534634e-03 2.970711487894339697e-01 4.358862119995624562e-01
5.419999999999989626e+01 6.816318332692095083e-01 5.482126083146759803e-03 2.971312337065538101e-01 4.359116156319569058e-01
5.427499999999989200e+01 6.817473084055808430e-01 5.475801776554013560e-03 2.971991414224685046e-01 4.359373887629060529e-01
5.434999999999989484e+01 6.818725818248692061e-01 5.469560165819918607e-03 2.972705950123120111e-01 4.359620887185964300e-01
5.442499999999989058e+01 6.819988062311096444e-01 5.463313172866929995e-03 2.973408194332820553e-01 4.359843693516992080e-01
5.449999999999989342e+01 6.821173703431305801e-01 5.456977698927008291e-03 2.974052845915213794e-01 4.360030949540478762e-01
5.457499999999989626e+01 6.822213323572755561e-01 5.450488234189056896e-03 2.974603953808672152e-01 4.360174349181576980e-01
5.464999999999989200e+01 6.823065153365610591e-01 5.443806327838530447e-03 2.975040158163750892e-01 4.360269309016130412e-01
5.472499999999989484e+01 6.823720660583281195e-01 5.436925293046941318e-03 2.975357366619932886e-01 4.360315309808716622e-01
5.479999999999989058e+01 6.824203520802188949e-01 5.429869139321967519e-03 2.975568288348432455e-01 4.360315865841370431e-01
5.487499999999989342e+01 6.824563003181620680e-01 5.422686656479933261e-03 2.975699302743357588e-01 4.360278161921990470e-01
5.494999999999988916e+01 6.824862534099946920e-01 5.415441298264299548e-03 2.975784993396226596e-01 4.360212353769655769e-01
5.502499999999989200e+01 6.825166207206221358e-01 5.408199216986221344e-03 2.975861619146662473e-01 4.360130623639107417e-01
5.509999999999989484e+01 6.825525793155997611e-01 5.401017584338555118e-03 2.975960688970538115e-01 4.360046067007108395e-01
5.517499999999989058e+01 6.825970705893121826e-01 5.393935266264232760e-03 2.976103783161284655e-01 4.359971513783234554e-01
5.524999999999989342e+01 6.826502881511883336e-01 5.386967500344152712e-03 2.976299543940138514e-01 4.359918388082434371e-01
5.532499999999988916e+01 6.827097448815102609e-01 5.380105353060720026e-03 2.976543286580837222e-01 4.359895708091057198e-01
5.539999999999989200e+01 6.827708565786116957e-01 5.373319527247014810e-03 2.976819018094840619e-01 4.359909315713595968e-01
5.547499999999989484e+01 6.828279635454898022e-01 5.366567936163656183e-03 2.977103562586782548e-01 4.359961398078344152e-01
5.554999999999988347e+01 6.828755154228697277e-01 5.359804908798034354e-03 2.977371626837301832e-01 4.360050345330610533e-01
5.562499999999988631e+01 6.829092071783227080e-01 5.352990359680924112e-03 2.977600887572507959e-01 4.360170951385328730e-01
5.569999999999988916e+01 6.829268256710626650e-01 5.346097018073797842e-03 2.977776039067099312e-01 4.360314937315655781e-01
5.577499999999989200e+01 6.829286436632582280e-01 5.339114398948349889e-03 2.977891056013436399e-01 4.360471747150481692e-01
5.584999999999989484e+01 6.829172909612833964e-01 5.332048906478792025e-03 2.977949314268399927e-01 4.360629542820038118e-01
5.592499999999988347e+01 6.828971435553670144e-01 5.324920310296628150e-03 2.977961683533383308e-01 4.360776306705901884e-01
5.599999999999988631e+01 6.828733654367823425e-01 5.317755552590518880e-03 2.977943109450684744e-01 4.360900952032182865e-01
5.607499999999988916e+01 6.828508147853816768e-01 5.310581434797081134e-03 2.977908539562457158e-01 4.360994341785191519e-01
5.614999999999988489e+01 6.828330413970841173e-01 5.303417846057047712e-03 2.977869120561026373e-01 4.361050125032427394e-01
5.622499999999988773e+01 6.828215882172836704e-01 5.296273091999811194e-03 2.977829545976887760e-01 4.361065316858874219e-01
5.629999999999988347e+01 6.828157370285116157e-01 5.289142331538365487e-03 2.977787132656093405e-01 4.361040572402262727e-01
5.637499999999988631e+01 6.828127529757810343e-01 5.282009488925915215e-03 2.977732849381978797e-01 4.360980131675421534e-01
5.644999999999988916e+01 6.828085696205214994e-01 5.274852167189626739e-03 2.977654048378538532e-01 4.360891442873077728e-01
5.652499999999988489e+01 6.827987681590151903e-01 5.267648447691314351e-03 2.977538285057509393e-01 4.360784500366993166e-01
5.659999999999988773e+01 6.827796522938469614e-01 5.260384098156672787e-03 2.977377399556671023e-01 4.360670956660702147e-01
5.667499999999988347e+01 6.827491692239895382e-01 5.253058366583782980e-03 2.977170829261353013e-01 4.360563093244325117e-01
5.674999999999988631e+01 6.827075054453464187e-01 5.245687162970788520e-03 2.976927464985916760e-01 4.360472737214154404e-01
5.682499999999988205e+01 6.826572069686388522e-01 5.238302624894851378e-03 2.976665466596493115e-01 4.360410226699973357e-01
5.689999999999988489e+01 6.826027950737402206e-01 5.230948986789837364e-03 2.976409973483411520e-01 4.360383512877171741e-01
5.697499999999988773e+01 6.825499496056369741e-01 5.223675436463420634e-03 2.976189079925027903e-01 4.360397479546526123e-01
5.704999999999988347e+01 6.825044208545240076e-01 5.216527287301575208e-03 2.976028817405542704e-01 4.360453539157197467e-01
5.712499999999988631e+01 6.824708811093606053e-01 5.209537130578142244e-03 2.975948085842757829e-01 4.360549538766160804e-01
5.719999999999988205e+01 6.824519557534365344e-01 5.202717801031663675e-03 2.975954582190105668e-01 4.360679982086959061e-01
5.727499999999988489e+01 6.824476356878466099e-01 5.196058647358933746e-03 2.976042590274823318e-01 4.360836545759641525e-01
5.734999999999988063e+01 6.824551958108115990e-01 5.189525967725516428e-03 2.976193142490577426e-01 4.361008840960791666e-01
5.742499999999988347e+01 6.824696422766735049e-01 5.183067665571883600e-03 2.976376606954648230e-01 4.361185351813823274e-01
5.749999999999988631e+01 6.824846236162649404e-01 5.176621494609440384e-03 2.976557359400422431e-01 4.361354463384990443e-01
5.757499999999988205e+01 6.824936263486490740e-01 5.170125397001758966e-03 2.976699697323756943e-01 4.361505488701988287e-01
5.764999999999988489e+01 6.824912298559887569e-01 5.163528102920446165e-03 2.976773951333631096e-01 4.361629602129473149e-01
5.772499999999988063e+01 6.824741843084533022e-01 5.156798106497005423e-03 2.976761706975390442e-01 4.361720597522269482e-01
5.779999999999988347e+01 6.824420947455764885e-01 5.149929313159210507e-03 2.976659143006017416e-01 4.361775403253452255e-01
5.787499999999988631e+01 6.823975796372004909e-01 5.142942343294550078e-03 2.976477881181714968e-01 4.361794311703408589e-01
5.794999999999987494e+01 6.823458834358278047e-01 5.135881354273032044e-03 2.976243244801215493e-01 4.361780904744214649e-01
5.802499999999987779e+01 6.822939747899590124e-01 5.128806668513040574e-03 2.975990069404685912e-01 4.361741682272410880e-01
5.809999999999988063e+01 6.822493674252325668e-01 5.121785074680049697e-03 2.975757128389102668e-01 4.361685434197510869e-01
5.817499999999988347e+01 6.822187946258936320e-01 5.114878868299750463e-03 2.975580781633373473e-01 4.361622407757154152e-01
5.824999999999988631e+01 6.822070704382969808e-01 5.108136234658663261e-03 2.975489356688665321e-01 4.361563351691745694e-01
5.832499999999987494e+01 6.822162861056874084e-01 5.101584171780641080e-03 2.975498968191052640e-01 4.361518522485250404e-01
5.839999999999987779e+01 6.822455272860005193e-01 5.095225416376216593e-03 2.975611643163704745e-01 4.361496740038450226e-01
5.847499999999988063e+01 6.822911279564944920e-01 5.089039554893520084e-03 2.975815879723979762e-01 4.361504580364012895e-01
5.854999999999987637e+01 6.823474215042770741e-01 5.082988066898312500e-03 2.976089513168955758e-01 4.361545774743286197e-01
5.862499999999987921e+01 6.824078213697351014e-01 5.077022081274714868e-03 2.976404195147295262e-01 4.361620869428240455e-01
5.869999999999987494e+01 6.824660369445078034e-01 5.071091411239687929e-03 2.976730658397690465e-01 4.361727173596672835e-01
5.877499999999987779e+01 6.825171736294496361e-01 5.065153001095200509e-03 2.977043676393698046e-01 4.361858999917248569e-01
5.884999999999988063e+01 6.825585179935110824e-01 5.059177289102378093e-03 2.977325834636743718e-01 4.362008173876527062e-01
5.892499999999987637e+01 6.825898743223889342e-01 5.053151461825189719e-03 2.977569498880486831e-01 4.362164765242581010e-01
5.899999999999987921e+01 6.826133842164830989e-01 5.047079043443663052e-03 2.977776635631754765e-01 4.362317974543825638e-01
5.907499999999987494e+01 6.826329091474274691e-01 5.040976349875487920e-03 2.977956778688938266e-01 4.362457096315865424e-01
5.914999999999987779e+01 6.826530848930426609e-01 5.034866534138445100e-03 2.978123554942884166e-01 4.362572470333878627e-01
5.922499999999987352e+01 6.826782632259110750e-01 5.028772732597523373e-03 2.978290650880877077e-01 4.362656336540343127e-01
5.929999999999987637e+01 6.827115493861386497e-01 5.022711777335197095e-03 2.978468083959765478e-01 4.362703526310431901e-01
5.937499999999987921e+01 6.827541313001506129e-01 5.016689819540950251e-03 2.978659580352432945e-01 4.362711910186834463e-01
5.944999999999987494e+01 6.828050292485425832e-01 5.010700767973820698e-03 2.978861606560430086e-01 4.362682579884920031e-01
5.952499999999987779e+01 6.828612844207427868e-01 5.004727645076791943e-03 2.979064130731954307e-01 4.362619757040455681e-01
5.959999999999987352e+01 6.829185825955312872e-01 4.998746786304001169e-03 2.979253084637178972e-01 4.362530410746907616e-01
5.967499999999987637e+01 6.829721305200576742e-01 4.992733593387325454e-03 2.979413771853880455e-01 4.362423646167184477e-01
5.974999999999987210e+01 6.830176345759501055e-01 4.986668776140406809e-03 2.979534593743886628e-01 4.362309906674259885e-01
5.982499999999987494e+01 6.830521587978271025e-01 4.980543538710215795e-03 2.979610172033380078e-01 4.362200065771695834e-01
5.989999999999987779e+01 6.830746978651334178e-01 4.974362614136862426e-03 2.979643205867974487e-01 4.362104488982662676e-01
5.997499999999987352e+01 6.830863429834197476e-01 4.968144374530581754e-03 2.979644588624710266e-01 4.362032148982715185e-01
6.004999999999987637e+01 6.830900136051643035e-01 4.961917937442172216e-03 2.979631721434018443e-01 4.361989872620635200e-01
6.012499999999987210e+01 6.830898049786218174e-01 4.955717731738719205e-03 2.979625286207898682e-01 4.361981784080571911e-01
6.019999999999987494e+01 6.830901054739212386e-01 4.949576717523117113e-03 2.979645183948910203e-01 4.362008994233141923e-01
6.027499999999987779e+01 6.830946399786462786e-01 4.943519427026980134e-03 2.979706334640506160e-01 4.362069558522158053e-01
6.034999999999986642e+01 6.831056553418937138e-01 4.937556392152705337e-03 2.979815282664151077e-01 4.362158707605423569e-01
6.042499999999986926e+01 6.831234046296845719e-01 4.931681047701017007e-03 2.979968273073333451e-01 4.362269324806327120e-01
6.049999999999987210e+01 6.831460477886850402e-01 4.925869888035822215e-03 2.980151282261666035e-01 4.362392627328065542e-01
6.057499999999987494e+01 6.831699631623211477e-01 4.920085741176854523e-03 2.980341937717873035e-01 4.362518990036076683e-01
6.064999999999987779e+01 6.831904478125945257e-01 4.914283886194985643e-03 2.980513176977253043e-01 4.362638831558773855e-01
6.072499999999986642e+01 6.832026265333868142e-01 4.908419613860042462e-03 2.980637810516504338e-01 4.362743488912577128e-01
6.079999999999986926e+01 6.832024130863081357e-01 4.902456003540753109e-03 2.980693250152771645e-01 4.362825998649135784e-01
6.087499999999987210e+01 6.831873220860760210e-01 4.896370392415068905e-03 2.980665476382666768e-01 4.362881716366404095e-01
6.094999999999986784e+01 6.831569719414577468e-01 4.890158343673645450e-03 2.980551510469080512e-01 4.362908720668805529e-01
6.102499999999987068e+01 6.831131805620397346e-01 4.883834391359777143e-03 2.980359937327297093e-01 4.362907966254097603e-01
6.109999999999986642e+01 6.830596366085900373e-01 4.877429453482507588e-03 2.980109396077805783e-01 4.362883174994984792e-01
6.117499999999986926e+01 6.830012128705417185e-01 4.870985429825475110e-03 2.979825336695728355e-01 4.362840476039585025e-01
6.124999999999987210e+01 6.829430622054580846e-01 4.864548049517034359e-03 2.979535680329177261e-01 4.362787829935970696e-01
6.132499999999986784e+01 6.828896762824151478e-01 4.858159325097985773e-03 2.979266206116333304e-01 4.362734288699703367e-01
6.139999999999987068e+01 6.828440953464888219e-01 4.851851031391729401e-03 2.979036533274515008e-01 4.362689160785511167e-01
6.147499999999986642e+01 6.828074277771166711e-01 4.845640408424087969e-03 2.978857441078701651e-01 4.362661154370257033e-01
6.154999999999986926e+01 6.827787635063820026e-01 4.839528754402821521e-03 2.978729948334930544e-01 4.362657580381947842e-01
6.162499999999986500e+01 6.827555162767992014e-01 4.833503204800306333e-03 2.978646349958182782e-01 4.362683682442187183e-01
6.169999999999986784e+01 6.827340874760949863e-01 4.827540969579529467e-03 2.978592778230563232e-01 4.362742146421471068e-01
6.177499999999987068e+01 6.827107558368717966e-01 4.821615408164575504e-03 2.978552918393659876e-01 4.362832858466581532e-01
6.184999999999986642e+01 6.826825651930626959e-01 4.815702294897031104e-03 2.978511869393807299e-01 4.362952887996317530e-01
6.192499999999986926e+01 6.826480758374646740e-01 4.809785389457754690e-03 2.978459602421708041e-01 4.363096751965159781e-01
6.199999999999986500e+01 6.826077727406770768e-01 4.803859768030698668e-03 2.978393056179027276e-01 4.363256873300386252e-01
6.207499999999986784e+01 6.825640976337702392e-01 4.797932718828792908e-03 2.978316735212966915e-01 4.363424249147928036e-01
6.214999999999986358e+01 6.825210530541702125e-01 4.792021744246007312e-03 2.978241514048887151e-01 4.363589226620546158e-01
6.222499999999986642e+01 6.824834808655882989e-01 4.786150357833558223e-03 2.978182060161924660e-01 4.363742337594340714e-01
6.229999999999986926e+01 6.824561481062114687e-01 4.780342534648930088e-03 2.978153399086277409e-01 4.363875111024398956e-01
6.237499999999986500e+01 6.824428222740470673e-01 4.774617022688686964e-03 2.978167367902062601e-01 4.363980791794637160e-01
6.244999999999986784e+01 6.824455254485627398e-01 4.768982771740403089e-03 2.978229740951875426e-01 4.364054902395796409e-01
6.252499999999986358e+01 6.824641137663189916e-01 4.763436441962309864e-03 2.978338635336927886e-01 4.364095598961755806e-01
6.259999999999986642e+01 6.824962617896539463e-01 4.757962498152073540e-03 2.978484523843191178e-01 4.364103791620712602e-01
6.267499999999986926e+01 6.825378753957213052e-01 4.752536022302912035e-03 2.978651951978343870e-01 4.364083019204441083e-01
6.274999999999985789e+01 6.825838368281154089e-01 4.747127566695139023e-03 2.978822548101193179e-01 4.364039092902377570e-01
6.282499999999986073e+01 6.826289426992164788e-01 4.741709097468765899e-03 2.978978740484745646e-01 4.363979541660539807e-01
6.289999999999986358e+01 6.826688671674659981e-01 4.736259908683384222e-03 2.979107482561842435e-01 4.363912909816400898e-01
6.297499999999986642e+01 6.827009420990470812e-01 4.730771134555631328e-03 2.979203121986402358e-01 4.363847972476030401e-01
6.304999999999986926e+01 6.827246192476567055e-01 4.725248013210140048e-03 2.979268872328987294e-01 4.363792938376907515e-01
6.312499999999985789e+01 6.827415172501173357e-01 4.719709327693546660e-03 2.979316513106544662e-01 4.363754712187942197e-01
6.319999999999986073e+01 6.827550492839976615e-01 4.714184091276741977e-03 2.979364345686894566e-01 4.363738281849898204e-01
6.327499999999986358e+01 6.827697044638235679e-01 4.708706063228784190e-03 2.979433761508006873e-01 4.363746285210098330e-01
6.334999999999985931e+01 6.827901288332883789e-01 4.703307158674541709e-03 2.979545085020315343e-01 4.363778794095319880e-01
6.342499999999986215e+01 6.828201672602494110e-01 4.698010888055190876e-03 2.979713405748998234e-01 4.363833332141921484e-01
6.349999999999985789e+01 6.828620811284433767e-01 4.692827301292230857e-03 2.979945336320559690e-01 4.363905126194940753e-01
6.357499999999986073e+01 6.829160611222611088e-01 4.687750213351350552e-03 2.980237198138114829e-01 4.363987564211890824e-01
6.364999999999986358e+01 6.829801480990927987e-01 4.682757424848544431e-03 2.980575100916091902e-01 4.364072819995997721e-01
6.372499999999985931e+01 6.830505623751899069e-01 4.677813852509911906e-03 2.980936877511934924e-01 4.364152585053504563e-01
6.379999999999986215e+01 6.831223731830831092e-01 4.672877014330841829e-03 2.981295535143070330e-01 4.364218845960788906e-01
6.387499999999985789e+01 6.831903870404607559e-01 4.667903942715805748e-03 2.981623643409714308e-01 4.364264632478110362e-01
6.394999999999986073e+01 6.832500561995956678e-01 4.662858080248533273e-03 2.981897742318930788e-01 4.364284664541379088e-01
6.402499999999986358e+01 6.832982639056637275e-01 4.657715141782526463e-03 2.982102119526256478e-01 4.364275861731101713e-01
6.409999999999985221e+01 6.833338125919010686e-01 4.652466688548342541e-03 2.982231147359480916e-01 4.364237642577364351e-01
6.417499999999986926e+01 6.833575392361487255e-01 4.647120906964090012e-03 2.982289842044197892e-01 4.364172004859676046e-01
6.424999999999985789e+01 6.833720460905163829e-01 4.641700526048562689e-03 2.982292587986195009e-01 4.364083378955149750e-01
6.432499999999986073e+01 6.833810983246269011e-01 4.636238254522662486e-03 2.982260257221696076e-01 4.363978261226404975e-01
6.439999999999986358e+01 6.833888271202138709e-01 4.630770741255422693e-03 2.982216357368485671e-01 4.363864668281866033e-01
6.447499999999985221e+01 6.833988878030152758e-01 4.625332132208071975e-03 2.982182892241147520e-01 4.363751456822300145e-01
6.454999999999985505e+01 6.834137468805209226e-01 4.619948469782238741e-03 2.982176737244428555e-01 4.363647571996811525e-01
6.462499999999985789e+01 6.834342315063935969e-01 4.614633899177888327e-03 2.982207157343703674e-01 4.363561290704539020e-01
6.469999999999986073e+01 6.834594277195461531e-01 4.609389318537734578e-03 2.982274889093907699e-01 4.363499526291804709e-01
6.477499999999986358e+01 6.834869319673608778e-01 4.604203547909273796e-03 2.982372848158225676e-01 4.363467256899427049e-01
6.484999999999985221e+01 6.835134015547206232e-01 4.599056681543268674e-03 2.982488257980803192e-01 4.363467126170212373e-01
6.492499999999985505e+01 6.835352835223913459e-01 4.593924832166831201e-03 2.982605697284308466e-01 4.363499250418144682e-01
6.499999999999985789e+01 6.835495659230050869e-01 4.588785227031839248e-03 2.982710397570689231e-01 4.363561248909726409e-01
6.507499999999986073e+01 6.835544023571762384e-01 4.583620647518582211e-03 2.982791136372711094e-01 4.363648491015232334e-01
6.514999999999984936e+01 6.835494802074517651e-01 4.578422327282004843e-03 2.982842146224219393e-01 4.363754538031322516e-01
6.522499999999985221e+01 6.835360635238810767e-01 4.573190815629884359e-03 2.982863709494585347e-01 4.363871737969201581e-01
6.529999999999985505e+01 6.835167078431957366e-01 4.567934747031783711e-03 2.982861389811748420e-01 4.363991919413389153e-01
6.537499999999985789e+01 6.834947108319932019e-01 4.562667893147040118e-03 2.982844135144870901e-01 4.364107121639556608e-01
6.544999999999986073e+01 6.834734174964964826e-01 4.557405233840097943e-03 2.982821725548338021e-01 4.364210295806607576e-01
6.552499999999984936e+01 6.834555295080476656e-01 4.552158986105651721e-03 2.982802175645721254e-01 4.364295915189605468e-01
6.559999999999985221e+01 6.834425587964894078e-01 4.546935467117267822e-03 2.982789666428921072e-01 4.364360439714897177e-01
6.567499999999985505e+01 6.834345471396064964e-01 4.541733554163871096e-03 2.982783511697115753e-01 4.364402595948689845e-01
6.574999999999985789e+01 6.834301039376661224e-01 4.536545050533756333e-03 2.982778370725938100e-01 4.364423448045814391e-01
6.582499999999984652e+01 6.834267583987507777e-01 4.531356912978970475e-03 2.982765687968400581e-01 4.364426255356074758e-01
6.589999999999984936e+01 6.834215506839846910e-01 4.526154841537065841e-03 2.982736040572919745e-01 4.364416131723861669e-01
6.597499999999985221e+01 6.834117404996746803e-01 4.520927447758528277e-03 2.982681883658682143e-01 4.364399536768130972e-01
6.604999999999985505e+01 6.833954827342971772e-01 4.515670055945473355e-03 2.982600071951978515e-01 4.364383650910972912e-01
6.612499999999985789e+01 6.833723284415731403e-01 4.510387257477576836e-03 2.982493574007041293e-01 4.364375684933865518e-01
6.619999999999984652e+01 6.833434339926870438e-01 4.505093523097523575e-03 2.982371912290553428e-01 4.364382189004057944e-01
6.627499999999984936e+01 6.833114416387875423e-01 4.499811718046855744e-03 2.982250216135546861e-01 4.364408429900147324e-01
6.634999999999985221e+01 6.832800415755340140e-01 4.494569643810424585e-03 2.982146958668210335e-01 4.364457875561327249e-01
6.642499999999985505e+01 6.832532876297452429e-01 4.489395171852096113e-03 2.982080742902748494e-01 4.364531860867879587e-01
6.649999999999985789e+01 6.832348148915814434e-01 4.484310947356161432e-03 2.982066779991840999e-01 4.364629428998063609e-01
6.657499999999984652e+01 6.832271040274555673e-01 4.479329663867560526e-03 2.982113723719821419e-01 4.364747396789435130e-01
6.664999999999984936e+01 6.832309499398376840e-01 4.474450888476666846e-03 2.982221517169691971e-01 4.364880597742671342e-01
6.672499999999985221e+01 6.832452327288784932e-01 4.469660094447188217e-03 2.982380698019879706e-01 4.365022330427779096e-01
6.679999999999985505e+01 6.832670541363052852e-01 4.464930206411829236e-03 2.982573377883095400e-01 4.365164923184047252e-01
6.687499999999985789e+01 6.832922170312388799e-01 4.460225470630688020e-03 2.982775783484266086e-01 4.365300392917981775e-01
6.694999999999984652e+01 6.833159598382717581e-01 4.455506989112421011e-03 2.982961929210758978e-01 4.365421129511991571e-01
6.702499999999983515e+01 6.833338128684031121e-01 4.450738977629742008e-03 2.983107799756327116e-01 4.365520545857747292e-01
6.709999999999985221e+01 6.833424120922160228e-01 4.445894613277807592e-03 2.983195285509402384e-01 4.365593636103513031e-01
6.717499999999985505e+01 6.833401188243317659e-01 4.440960438327406362e-03 2.983215174446428586e-01 4.365637392370537162e-01
6.724999999999985789e+01 6.833273287656662642e-01 4.435938538084643196e-03 2.983168666861916174e-01 4.365651044940038195e-01
6.732499999999984652e+01 6.833064079216145670e-01 4.430846081586682292e-03 2.983067124428226968e-01 4.365636103869860452e-01
6.739999999999983515e+01 6.832812731384282356e-01 4.425712359980812569e-03 2.982930130627060583e-01 4.365596201584671099e-01
6.747499999999985221e+01 6.832566926201297797e-01 4.420573844108289900e-03 2.982782201312061954e-01 4.365536749993313981e-01
6.754999999999984084e+01 6.832374409375179258e-01 4.415468180506279712e-03 2.982648755931984752e-01 4.365464445038731434e-01
6.762499999999985789e+01 6.832274701267162520e-01 4.410428224370194390e-03 2.982552086730337892e-01 4.365386664235225145e-01
6.769999999999984652e+01 6.832292425145963799e-01 4.405477102264053653e-03 2.982507998232757362e-01 4.365310810257129193e-01
6.777499999999983515e+01 6.832433525882397607e-01 4.400625177274570914e-03 2.982523713897833328e-01 4.365243661134112774e-01
6.784999999999985221e+01 6.832685029734577586e-01 4.395869376672234367e-03 2.982597372072104402e-01 4.365190783846166211e-01
6.792499999999984084e+01 6.833018216836909131e-01 4.391194833472653915e-03 2.982719090636293258e-01 4.365156064250962364e-01
6.799999999999985789e+01 6.833394607885373562e-01 4.386578479908222888e-03 2.982873366337585042e-01 4.365141393847661311e-01
6.807499999999984652e+01 6.833773459364009817e-01 4.381993768049531786e-03 2.983042257599711755e-01 4.365146540689294197e-01
6.814999999999983515e+01 6.834119335517814253e-01 4.377415601115573936e-03 2.983208732160256282e-01 4.365169213033974205e-01
6.822499999999983800e+01 6.834408255452814052e-01 4.372824516901025436e-03 2.983359526655717797e-01 4.365205318654256095e-01
6.829999999999984084e+01 6.834631324858650991e-01 4.368209378354425548e-03 2.983487005416065596e-01 4.365249365484638044e-01
6.837499999999985789e+01 6.834795177446012504e-01 4.363568165659008173e-03 2.983589733269340627e-01 4.365295017347149420e-01
6.844999999999984652e+01 6.834919261123503231e-01 4.358906802530555097e-03 2.983671706332158280e-01 4.365335700895626170e-01
6.852499999999983515e+01 6.835030638858478058e-01 4.354236436099395355e-03 2.983740517837103479e-01 4.365365241925849848e-01
6.859999999999983800e+01 6.835157460540319807e-01 4.349569847857756404e-03 2.983804915630413612e-01 4.365378461075780092e-01
6.867499999999984084e+01 6.835322423725123109e-01 4.344917791246473079e-03 2.983872293138508658e-01 4.365371679880982181e-01
6.874999999999984368e+01 6.835537599126062513e-01 4.340286083652235803e-03 2.983946682510905113e-01 4.365343090048116603e-01
6.882499999999984652e+01 6.835801606562663668e-01 4.335674035812500833e-03 2.984027655147947211e-01 4.365292948647240268e-01
6.889999999999983515e+01 6.836099754172551002e-01 4.331074593198439883e-03 2.984110394713718195e-01 4.365223595358312947e-01
6.897499999999983800e+01 6.836407069789419699e-01 4.326476111817244806e-03 2.984186898125937848e-01 4.365139272225723732e-01
6.904999999999984084e+01 6.836693390589677621e-01 4.321865260823256477e-03 2.984247962598451931e-01 4.365045778864532489e-01
6.912499999999984368e+01 6.836929689594113402e-01 4.317230545066528397e-03 2.984285614277231158e-01 4.364949984522070725e-01
6.919999999999984652e+01 6.837094081882063579e-01 4.312565507766501563e-03 2.984295331374412497e-01 4.364859245220329420e-01
6.927499999999983515e+01 6.837176382149341425e-01 4.307870954820619373e-03 2.984277603951976943e-01 4.364780776671782214e-01
6.934999999999983800e+01 6.837180230110109225e-01 4.303155644607013081e-03 2.984238439534956377e-01 4.364721038642119799e-01
6.942499999999984084e+01 6.837122339183794306e-01 4.298435230688056087e-03 2.984188658905175817e-01 4.364685186050691335e-01
6.949999999999984368e+01 6.837029028645587037e-01 4.293729618820610675e-03 2.984142085080317974e-01 4.364676634511051034e-01
6.957499999999984652e+01 6.836930749624883230e-01 4.289059233560520330e-03 2.984112961749725290e-01 4.364696778468104554e-01
6.964999999999983515e+01 6.836855704176958426e-01 4.284440914813563914e-03 2.984113097167639950e-01 4.364744886080459407e-01
6.972499999999983800e+01 6.836823893129455598e-01 4.279884290582406520e-03 2.984149321608575711e-01 4.364818179107177731e-01
6.979999999999984084e+01 6.836842802913238870e-01 4.275389369956966203e-03 2.984221780229955323e-01 4.364912089185891686e-01
6.987499999999984368e+01 6.836905616668551566e-01 4.270945877660403504e-03 2.984323432015200117e-01 4.365020667740889815e-01
6.994999999999983231e+01 6.836992315757892680e-01 4.266534508466688670e-03 2.984440888672441616e-01 4.365137111232237910e-01
7.002499999999983515e+01 6.837073549223752211e-01 4.262129964717315499e-03 2.984556507793293401e-01 4.365254353790219977e-01
7.009999999999983800e+01 6.837116377306341475e-01 4.257705158123303163e-03 2.984651315844428776e-01 4.365365676312078502e-01
7.017499999999984084e+01 6.837090861071557502e-01 4.253235873631226564e-03 2.984708274320706511e-01 4.365465276050056742e-01
7.024999999999984368e+01 6.836976120782127797e-01 4.248704985865330193e-03 2.984715252570387944e-01 4.365548745296694566e-01
7.032499999999983231e+01 6.836764717367879163e-01 4.244105487170708908e-03 2.984667183852793837e-01 4.365613425705069384e-01
7.039999999999983515e+01 6.836464340464916134e-01 4.239441658341243542e-03 2.984566927472228626e-01 4.365658590225692803e-01
7.047499999999983800e+01 6.836096632047244936e-01 4.234728293046690316e-03 2.984424764524647999e-01 4.365685456425277833e-01
7.054999999999984084e+01 6.835693312335180405e-01 4.229988088842280385e-03 2.984256596678221962e-01 4.365697026361694544e-01
7.062499999999982947e+01 6.835290302553270747e-01 4.225247652731984466e-03 2.984081154741956565e-01 4.365697757748892571e-01
7.069999999999983231e+01 6.834921086775139765e-01 4.220532949145967480e-03 2.983916795046192005e-01 4.365693117978728388e-01
7.077499999999983515e+01 6.834610663692256560e-01 4.215865042191190709e-03 2.983778483610808330e-01 4.365689035458362177e-01
7.084999999999983800e+01 6.834371182063282424e-01 4.211256880222735005e-03 2.983675499637801209e-01 4.365691327196887794e-01
7.092499999999984084e+01 6.834200207689520301e-01 4.206711728206967947e-03 2.983610293230785082e-01 4.365705133826438544e-01
7.099999999999982947e+01 6.834081886903969894e-01 4.202223450491348808e-03 2.983578649848850350e-01 4.365734416449164046e-01
7.107499999999983231e+01 6.833990844240045437e-01 4.197778588430647190e-03 2.983571131727075221e-01 4.365781575844143170e-01
7.114999999999983515e+01 6.833897984132925041e-01 4.193359718433399379e-03 2.983575439665356877e-01 4.365847202566792151e-01
7.122499999999983800e+01 6.833776977725358748e-01 4.188949373386386017e-03 2.983579191194446478e-01 4.365929998768468545e-01
7.129999999999984084e+01 6.833610269758110256e-01 4.184533811793953069e-03 2.983572607809081845e-01 4.366026873105087747e-01
7.137499999999982947e+01 6.833393225828540141e-01 4.180105780493031248e-03 2.983550500826893659e-01 4.366133196535227912e-01
7.144999999999983231e+01 6.833135735981816783e-01 4.175665841113404900e-03 2.983513243475520715e-01 4.366243198953277949e-01
7.152499999999983515e+01 6.832860835432392754e-01 4.171221965954061660e-03 2.983466511148635814e-01 4.366350468719648603e-01
7.159999999999983800e+01 6.832600699601996119e-01 4.166787590872431633e-03 2.983419915064654537e-01 4.366448510943191641e-01
7.167499999999984084e+01 6.832390736372891960e-01 4.162378526846448844e-03 2.983384809117185510e-01 4.366531312729010628e-01
7.174999999999982947e+01 6.832262827700150698e-01 4.158009336958948428e-03 2.983371699268038135e-01 4.366593871612355349e-01
7.182499999999981810e+01 6.832239420284680342e-01 4.153690156367691177e-03 2.983387954811086429e-01 4.366632624075660329e-01
7.189999999999983515e+01 6.832329173796152233e-01 4.149424365202357586e-03 2.983436118580488072e-01 4.366645755334476742e-01
7.197499999999983800e+01 6.832525259704143039e-01 4.145207738151005308e-03 2.983513269534179280e-01 4.366633354624976926e-01
7.204999999999984084e+01 6.832806523402065180e-01 4.141029178621094542e-03 2.983611523196492143e-01 4.366597404708815189e-01
7.212499999999982947e+01 6.833141640069807510e-01 4.136873091747825595e-03 2.983719717423112261e-01 4.366541591830124247e-01
7.219999999999981810e+01 6.833494755323484826e-01 4.132722522412227324e-03 2.983825661181620514e-01 4.366470990348146897e-01
7.227499999999983515e+01 6.833832173208078675e-01 4.128562778221572804e-03 2.983918747959635187e-01 4.366391612100216646e-01
7.234999999999982379e+01 6.834128457111376953e-01 4.124384606345001154e-03 2.983992262690601249e-01 4.366309883428594052e-01
7.242499999999984084e+01 6.834370784726496728e-01 4.120186267887827880e-03 2.984044904517753061e-01 4.366232091455323205e-01
7.249999999999982947e+01 6.834560811549184045e-01 4.115974115038472346e-03 2.984081233402885447e-01 4.366163848246580326e-01
7.257499999999981810e+01 6.834713626359746330e-01 4.111761477349209874e-03 2.984110892186181418e-01 4.366109621151100240e-01
7.264999999999983515e+01 6.834854091395905495e-01 4.107566084932765677e-03 2.984146760703647594e-01 4.366072370820991977e-01
7.272499999999982379e+01 6.835011291124750699e-01 4.103406503587869736e-03 2.984202379734270938e-01 4.366053328411105827e-01
7.279999999999984084e+01 6.835212188010431067e-01 4.099298264197706598e-03 2.984289136335923631e-01 4.366051929698147038e-01
7.287499999999982947e+01 6.835475779814794706e-01 4.095250473340056319e-03 2.984413782446558860e-01 4.366065916376373757e-01
7.294999999999981810e+01 6.835808863095786947e-01 4.091263538048914815e-03 2.984576751006675632e-01 4.366091578597806055e-01
7.302499999999983515e+01 6.836204257757098057e-01 4.087328511018850814e-03 2.984771645171508947e-01 4.366124142333318581e-01
7.309999999999982379e+01 6.836641789983720630e-01 4.083428165001692055e-03 2.984985988616229990e-01 4.366158240131136070e-01
7.317499999999982663e+01 6.837091872907631318e-01 4.079539656672643427e-03 2.985203143770199796e-01 4.366188431077310250e-01
7.324999999999982947e+01 6.837520862446061498e-01 4.075638245080920319e-03 2.985405014521766986e-01 4.366209733879722332e-01
7.332499999999981810e+01 6.837897154234864328e-01 4.071701375317306366e-03 2.985575033451407512e-01 4.366218102011629743e-01
7.339999999999982094e+01 6.838196921525239169e-01 4.067712460512083565e-03 2.985700946015862334e-01 4.366210830544363097e-01
7.347499999999982379e+01 6.838408226815482216e-01 4.063663533894863560e-03 2.985776781529243529e-01 4.366186812043632015e-01
7.354999999999982663e+01 6.838532813649347286e-01 4.059556400486925495e-03 2.985803732558126589e-01 4.366146677835078260e-01
7.362499999999982947e+01 6.838585218783312936e-01 4.055402014796678258e-03 2.985789733394047518e-01 4.366092748530908119e-01
7.369999999999981810e+01 6.838589519773133896e-01 4.051218342417794299e-03 2.985747918361907338e-01 4.366028856870118879e-01
7.377499999999982094e+01 6.838574291081749301e-01 4.047027032271698251e-03 2.985694193058437973e-01 4.365960017356410594e-01
7.384999999999982379e+01 6.838566828693035671e-01 4.042849581584496976e-03 2.985644416000143853e-01 4.365891992855980286e-01
7.392499999999982663e+01 6.838587856664768427e-01 4.038703746116955803e-03 2.985611744316952754e-01 4.365830792693885520e-01
7.399999999999982947e+01 6.838647680440376186e-01 4.034600803858515508e-03 2.985604594855294502e-01 4.365782146365866923e-01
7.407499999999981810e+01 6.838744571863356603e-01 4.030544172168576758e-03 2.985625595533866194e-01 4.365751000289766481e-01
7.414999999999982094e+01 6.838865624365247919e-01 4.026529550430243097e-03 2.985671661644018204e-01 4.365741082858510813e-01
7.422499999999982379e+01 6.838989884122519403e-01 4.022546497880029846e-03 2.985735138051445192e-01 4.365754575808283855e-01
7.429999999999982663e+01 6.839093045961182060e-01 4.018581045307473287e-03 2.985805716663445519e-01 4.365791920942951876e-01
7.437499999999981526e+01 6.839152742926266626e-01 4.014618778954448866e-03 2.985872716847364217e-01 4.365851778841540742e-01
7.444999999999981810e+01 6.839153327066990196e-01 4.010647750223818829e-03 2.985927250041625625e-01 4.365931142710844370e-01
7.452499999999982094e+01 6.839089171398563538e-01 4.006660634573257218e-03 2.985963837915712737e-01 4.366025596512431717e-01
7.459999999999982379e+01 6.838965815927234848e-01 4.002655727268570815e-03 2.985981172542346851e-01 4.366129694036939846e-01
7.467499999999982663e+01 6.838798769029615920e-01 3.998636641843774167e-03 2.985981912296831187e-01 4.366237424354750818e-01
7.474999999999981526e+01 6.838610238325714130e-01 3.994610842548870083e-03 2.985971604805273127e-01 4.366342722781527685e-01
7.482499999999981810e+01 6.838424471270935223e-01 3.990587372889189445e-03 2.985957001764328878e-01 4.366439980888437988e-01
7.489999999999982094e+01 6.838262710281926005e-01 3.986574331051880027e-03 2.985944173957850722e-01 4.366524511361961070e-01
7.497499999999982379e+01 6.838138831286034724e-01 3.982576678745754738e-03 2.985936864889622289e-01 4.366592926175005829e-01
7.504999999999982663e+01 6.838056570519253086e-01 3.978594878045206215e-03 2.985935455972920094e-01 4.366643395209848233e-01
7.512499999999981526e+01 6.838008899352172598e-01 3.974624658143233874e-03 2.985936774430096863e-01 4.366675765386883734e-01
7.519999999999981810e+01 6.837979797067732513e-01 3.970658038699543743e-03 2.985934845102049540e-01 4.366691528369943676e-01
7.527499999999982094e+01 6.837947960507964051e-01 3.966685335228902105e-03 2.985922386093549097e-01 4.366693638703469382e-01
7.534999999999982379e+01 6.837891737043898521e-01 3.962697749754766352e-03 2.985892754440209185e-01 4.366686208651566203e-01
7.542499999999982663e+01 6.837794262109199162e-01 3.958689968198174890e-03 2.985841908513466869e-01 4.366674097024452195e-01
7.549999999999981526e+01 6.837647773659180084e-01 3.954662215085837443e-03 2.985769972389800131e-01 4.366662441858948918e-01
7.557499999999981810e+01 6.837456074045826782e-01 3.950621196446024025e-03 2.985681969214075693e-01 4.366656161123098068e-01
7.564999999999982094e+01 6.837234760661419219e-01 3.946579786578802498e-03 2.985587608546856897e-01 4.366659494748776904e-01
7.572499999999982379e+01 6.837008904546569843e-01 3.942555290881473787e-03 2.985499994019988890e-01 4.366675597035787337e-01
7.579999999999981242e+01 6.836808731579373521e-01 3.938566667798642888e-03 2.985433534191364036e-01 4.366706238835641463e-01
7.587499999999981526e+01 6.836664077457186295e-01 3.934631176085686029e-03 2.985401404855007046e-01 4.366751636516548740e-01
7.594999999999981810e+01 6.836598653028771455e-01 3.930761061327878170e-03 2.985413026078516108e-01 4.366810423712541578e-01
7.602499999999982094e+01 6.836625317963423987e-01 3.926960971339193279e-03 2.985472078460614798e-01 4.366879768321080268e-01
7.609999999999982379e+01 6.836743169907335549e-01 3.923226548324100678e-03 2.985575403274633999e-01 4.366955623572298384e-01
7.617499999999981242e+01 6.836937272267735732e-01 3.919544639467143800e-03 2.985713129114089259e-01 4.367033088375493755e-01
7.624999999999981526e+01 6.837180868864644046e-01 3.915895001492819723e-03 2.985869938638268106e-01 4.367106846968771827e-01
7.632499999999981810e+01 6.837439869947760096e-01 3.912253328436661633e-03 2.986027352929274681e-01 4.367171645711436234e-01
7.639999999999982094e+01 6.837678743844541884e-01 3.908595060535582574e-03 2.986166626249178169e-01 4.367222763920290407e-01
7.647499999999982379e+01 6.837866728688830609e-01 3.904899317103299218e-03 2.986271752754741104e-01 4.367256443044719161e-01
7.654999999999981242e+01 6.837983094211500523e-01 3.901152179137934266e-03 2.986331993130081353e-01 4.367270219866550285e-01
7.662499999999981526e+01 6.838020653012850669e-01 3.897348860068744220e-03 2.986343564027668096e-01 4.367263153427120570e-01
7.669999999999981810e+01 6.837986824663514485e-01 3.893494348824474462e-03 2.986310165548364814e-01 4.367235916245445493e-01
7.677499999999980673e+01 6.837901962752873652e-01 3.889602364706390772e-03 2.986242215503324138e-01 4.367190743257002850e-01
7.684999999999982379e+01 6.837795386135759879e-01 3.885692881668519061e-03 2.986154979562249956e-01 4.367131232994987955e-01
7.692499999999981242e+01 6.837699941549419957e-01 3.881788743551222495e-03 2.986065990976770612e-01 4.367062047914505585e-01
7.699999999999980105e+01 6.837646003408025530e-01 3.877911885964335260e-03 2.985992152192530336e-01 4.366988508478282238e-01
7.707499999999981810e+01 6.837656135523131340e-01 3.874079911849579675e-03 2.985947092058056640e-01 4.366916137454475155e-01
7.714999999999980673e+01 6.837741367178384877e-01 3.870303588585596779e-03 2.985939218593780531e-01 4.366850189634969293e-01
7.722499999999982379e+01 6.837899764349777421e-01 3.866585680750816469e-03 2.985970791959811077e-01 4.366795207393260325e-01
7.729999999999981242e+01 6.838117402072404483e-01 3.862921207430764035e-03 2.986038093343973410e-01 4.366754645714338023e-01
7.737499999999980105e+01 6.838371643471565786e-01 3.859299083447471652e-03 2.986132665817473608e-01 4.366730592462410021e-01
7.744999999999981810e+01 6.838635830128056980e-01 3.855704663838276612e-03 2.986243262142738164e-01 4.366723621963679580e-01
7.752499999999980673e+01 6.838884564980862724e-01 3.852122714333846339e-03 2.986358134287306898e-01 4.366732770398301655e-01
7.759999999999982379e+01 6.839098455050751646e-01 3.848540195382004533e-03 2.986467191616428707e-01 4.366755664134194248e-01
7.767499999999981242e+01 6.839267377146005522e-01 3.844948298550576130e-03 2.986563590899152798e-01 4.366788759975972489e-01
7.774999999999980105e+01 6.839391793318960744e-01 3.841343476399426953e-03 2.986644552900546978e-01 4.366827699237879057e-01
7.782499999999981810e+01 6.839481766725347134e-01 3.837727231525795042e-03 2.986711217934943097e-01 4.366867724489805758e-01
7.789999999999980673e+01 6.839554035422628075e-01 3.834104850875112627e-03 2.986767678831705464e-01 4.366904133461017024e-01
7.797499999999980957e+01 6.839627847044463804e-01 3.830483438748489775e-03 2.986819461364127459e-01 4.366932716455896313e-01
7.804999999999981242e+01 6.839720289681444632e-01 3.826869646964201066e-03 2.986871759455551611e-01 4.366950157247824205e-01
7.812499999999980105e+01 6.839842281077357367e-01 3.823267705438448093e-03 2.986927894873779854e-01 4.366954342115770271e-01
7.819999999999980389e+01 6.839995956475423133e-01 3.819678148093082030e-03 2.986988311808782548e-01 4.366944557885302780e-01
7.827499999999980673e+01 6.840173976959985636e-01 3.816097507184216565e-03 2.987050323748438041e-01 4.366921563413199148e-01
7.834999999999980957e+01 6.840360912085396983e-01 3.812519047213010735e-03 2.987108673491386535e-01 4.366887525209129928e-01
7.842499999999981242e+01 6.840536371914254232e-01 3.808934356959409011e-03 2.987156769445409310e-01 4.366845824707579204e-01
7.849999999999980105e+01 6.840679244692398076e-01 3.805335450192071090e-03 2.987188328400768311e-01 4.366800754060340406e-01
7.857499999999980389e+01 6.840772094913915025e-01 3.801716872040913561e-03 2.987199032206140359e-01 4.366757130276435195e-01
7.864999999999980673e+01 6.840804872376293755e-01 3.798077366800771144e-03 2.987187848988799299e-01 4.366719859312604979e-01
7.872499999999980957e+01 6.840777100518574683e-01 3.794420685538936119e-03 2.987157684690520121e-01 4.366693492270161125e-01
7.879999999999981242e+01 6.840698083380234440e-01 3.790755317547550574e-03 2.987115190227462858e-01 4.366681812028491150e-01
7.887499999999980105e+01 6.840585098582205870e-01 3.787093167426828534e-03 2.987069735807903470e-01 4.366687487634661191e-01
7.894999999999980389e+01 6.840459911556496797e-01 3.783447396901714731e-03 2.987031719853896483e-01 4.366711827091490639e-01
7.902499999999980673e+01 6.840344327559382265e-01 3.779829851828926581e-03 2.987010540407801784e-01 4.366754650600402909e-01
7.909999999999980957e+01 6.840255683125445740e-01 3.776248583997996941e-03 2.987012629942408237e-01 4.366814295131120072e-01
7.917499999999979821e+01 6.840203210302713277e-01 3.772705980684309263e-03 2.987039960206794298e-01 4.366887749340129243e-01
7.924999999999980105e+01 6.840186024467574954e-01 3.769197901463724153e-03 2.987089336909993786e-01 4.366970907260526169e-01
7.932499999999980389e+01 6.840193149331899036e-01 3.765714022895026020e-03 2.987152648661471899e-01 4.367058916974055904e-01
7.939999999999980673e+01 6.840205617299036644e-01 3.762239377923208474e-03 2.987218066071020139e-01 4.367146593541394450e-01
7.947499999999980957e+01 6.840200257727591104e-01 3.758756837524707822e-03 2.987271996622754555e-01 4.367228858903565714e-01
7.954999999999979821e+01 6.840154381648541060e-01 3.755250061180060057e-03 2.987301423668730083e-01 4.367301170399552346e-01
7.962499999999980105e+01 6.840050466669589380e-01 3.751706387003304020e-03 2.987296210651373407e-01 4.367359897719999551e-01
7.969999999999980389e+01 6.839879953456340367e-01 3.748119155440243853e-03 2.987250966885867109e-01 4.367402625796588667e-01
7.977499999999980673e+01 6.839645214884221280e-01 3.744488908803725660e-03 2.987166026998164803e-01 4.367428328734929144e-01
7.984999999999980957e+01 6.839359569166557629e-01 3.740823428686341524e-03 2.987047507806036561e-01 4.367437444395159130e-01
7.992499999999979821e+01 6.839045046815926954e-01 3.737136419554404950e-03 2.986906283328850664e-01 4.367431802075163461e-01
7.999999999999980105e+01 6.838728515109955275e-01 3.733445202859809412e-03 2.986756162287840244e-01 4.367414433382896255e-01
8.007499999999980389e+01 6.838436794643799610e-01 3.729767788985188532e-03 2.986611557029882347e-01 4.367389283131407618e-01
8.014999999999980673e+01 6.838191858484576890e-01 3.726119935264859441e-03 2.986485128114777510e-01 4.367360831517554942e-01
8.022499999999980957e+01 6.838006943349089761e-01 3.722512686340621792e-03 2.986385802616756679e-01 4.367333679766779442e-01
8.029999999999979821e+01 6.837884259113822250e-01 3.718950796216990290e-03 2.986317489362235733e-01 4.367312133693905807e-01
8.037499999999980105e+01 6.837815034255703139e-01 3.715432445626376794e-03 2.986278828172193034e-01 4.367299807338602124e-01
8.044999999999980389e+01 6.837781563978928556e-01 3.711950110354802872e-03 2.986263863780431738e-01 4.367299299983362637e-01
8.052499999999980673e+01 6.837761051223062436e-01 3.708492475503131092e-03 2.986263565898888972e-01 4.367311965902551663e-01
8.059999999999979536e+01 6.837730405622890473e-01 3.705046955409981631e-03 2.986267846060437492e-01 4.367337799110551644e-01
8.067499999999979821e+01 6.837671072431343866e-01 3.701602320730119997e-03 2.986267672249016680e-01 4.367375442040907774e-01
8.074999999999980105e+01 6.837572979870281120e-01 3.698150939376608493e-03 2.986256883546604124e-01 4.367422318325672737e-01
8.082499999999980389e+01 6.837436743393898730e-01 3.694690155280020653e-03 2.986233318005069304e-01 4.367474874104345650e-01
8.089999999999980673e+01 6.837273788406370567e-01 3.691222611361985421e-03 2.986199092591839133e-01 4.367528908459670789e-01
8.097499999999979536e+01 6.837104349136704506e-01 3.687755474094138973e-03 2.986159995147721347e-01 4.367579961719865178e-01
8.104999999999979821e+01 6.836953697688908926e-01 3.684298726967506071e-03 2.986124118207156286e-01 4.367623725777979304e-01
8.112499999999980105e+01 6.836847431504183836e-01 3.680862953450102313e-03 2.986100070986388300e-01 4.367656439467177965e-01
8.119999999999980389e+01 6.836806594278649341e-01 3.677457004890011000e-03 2.986095087970681572e-01 4.367675239591509717e-01
8.127499999999980673e+01 6.836843867144962728e-01 3.674086176281889712e-03 2.986113539773098680e-01 4.367678416824936072e-01
8.134999999999979536e+01 6.836961136293840946e-01 3.670751059461077864e-03 2.986155986871579238e-01 4.367665586132475353e-01
8.142499999999979821e+01 6.837149305570415780e-01 3.667447496185528757e-03 2.986219123769059403e-01 4.367637724886457296e-01
8.149999999999980105e+01 6.837390132721505864e-01 3.664167518237905138e-03 2.986296527363885289e-01 4.367597093915190909e-01
8.157499999999978968e+01 6.837659766161761077e-01 3.660901097216345910e-03 2.986380070054226454e-01 4.367547044141091295e-01
8.164999999999980673e+01 6.837933280403597491e-01 3.657638337541173346e-03 2.986461702602360990e-01 4.367491726134669072e-01
8.172499999999979536e+01 6.838189284923491540e-01 3.654371636790333579e-03 2.986535220166892657e-01 4.367435728565544073e-01
8.179999999999978400e+01 6.838413755511109082e-01 3.651097391381692963e-03 2.986597666150216934e-01 4.367383684181589953e-01
8.187499999999980105e+01 6.838602215893248015e-01 3.647816799228988452e-03 2.986650004368727185e-01 4.367339859931618218e-01
8.194999999999978968e+01 6.838760060916792005e-01 3.644535709732710498e-03 2.986697014125948568e-01 4.367307797790404011e-01
8.202499999999980673e+01 6.838900832279217745e-01 3.641263435029647340e-03 2.986746332583061214e-01 4.367290016088244409e-01
8.209999999999979536e+01 6.839042807425610437e-01 3.638010735698193453e-03 2.986806814008209354e-01 4.367287788819265160e-01
8.217499999999978400e+01 6.839204745647819994e-01 3.634787485818384220e-03 2.986886616471249312e-01 4.367301064311573944e-01
8.224999999999980105e+01 6.839401570607536174e-01 3.631600389771550991e-03 2.986991320587093490e-01 4.367328471285774061e-01
8.232499999999978968e+01 6.839640771468840086e-01 3.628451213338672234e-03 2.987122461381054306e-01 4.367367470294142295e-01
8.239999999999980673e+01 6.839920453261849609e-01 3.625335965090957600e-03 2.987276835234942141e-01 4.367414585662845461e-01
8.247499999999979536e+01 6.840229210590083042e-01 3.622245126769999077e-03 2.987446668303549435e-01 4.367465732987962923e-01
8.254999999999978400e+01 6.840547970290558055e-01 3.619164957202596501e-03 2.987620672170735459e-01 4.367516586604440754e-01
8.262499999999980105e+01 6.840853341658558184e-01 3.616079613937642819e-03 2.987785781015970255e-01 4.367562980514919646e-01
8.269999999999978968e+01 6.841121917008466946e-01 3.612973743093675361e-03 2.987929285538462043e-01 4.367601282049720646e-01
8.277499999999979252e+01 6.841334486221715139e-01 3.609834962449884679e-03 2.988040890167884545e-01 4.367628707799228183e-01
8.284999999999979536e+01 6.841479543878896674e-01 3.606655907957330692e-03 2.988114419742641248e-01 4.367643578524065262e-01
8.292499999999978400e+01 6.841555222621055199e-01 3.603435344558778963e-03 2.988148759475359739e-01 4.367645458148586846e-01
8.299999999999978684e+01 6.841569391242562359e-01 3.600178215579464321e-03 2.988147918930947888e-01 4.367635184342173460e-01
8.307499999999978968e+01 6.841537884420845206e-01 3.596894613847490853e-03 2.988120200453795450e-01 4.367614783305037718e-01
8.314999999999979252e+01 6.841481249253111852e-01 3.593597890313354314e-03 2.988076645795546549e-01 4.367587276690638731e-01
8.322499999999979536e+01 6.841420657150334428e-01 3.590302260680264344e-03 2.988029056451142473e-01 4.367556398287237851e-01
8.329999999999978400e+01 6.841373832274272315e-01 3.587020382578575816e-03 2.987987978687945967e-01 4.367526248298365110e-01
8.337499999999978684e+01 6.841351764716521178e-01 3.583761328964040014e-03 2.987961008023760634e-01 4.367500913246155636e-01
8.344999999999978968e+01 6.841356895491175205e-01 3.580529345589624456e-03 2.987951738894534248e-01 4.367484089104832767e-01
8.352499999999979252e+01 6.841383055083813947e-01 3.577323561028260615e-03 2.987959504348847162e-01 4.367478739738892557e-01
8.359999999999979536e+01 6.841417204853306178e-01 3.574138693698589598e-03 2.987979947932013491e-01 4.367486821023484067e-01
8.367499999999978400e+01 6.841442524405692005e-01 3.570966532416958682e-03 2.988006245999882404e-01 4.367509096715603834e-01
8.374999999999978684e+01 6.841442239331489983e-01 3.567797882049770185e-03 2.988030726216674982e-01 4.367545060949969971e-01
8.382499999999978968e+01 6.841403373105214847e-01 3.564624552345724891e-03 2.988046531003796247e-01 4.367592974784009208e-01
8.389999999999979252e+01 6.841319652774614513e-01 3.561440986103826551e-03 2.988048987341103135e-01 4.367650013443310497e-01
8.397499999999978115e+01 6.841192966580472712e-01 3.558245204175496199e-03 2.988036410206365012e-01 4.367712509796249920e-01
8.404999999999978400e+01 6.841033095217396998e-01 3.555038908912116526e-03 2.988010202940626359e-01 4.367776272021780537e-01
8.412499999999978684e+01 6.840855776613525840e-01 3.551826766254402492e-03 2.987974267111508375e-01 4.367836955905924912e-01
8.419999999999978968e+01 6.840679502575929272e-01 3.548615028119926282e-03 2.987933853676970619e-01 4.367890430405098057e-01
8.427499999999979252e+01 6.840521718959897690e-01 3.545409858153311666e-03 2.987894157958695951e-01 4.367933150006876319e-01
8.434999999999978115e+01 6.840395261557578044e-01 3.542215729575279564e-03 2.987858967896740436e-01 4.367962454871937017e-01
8.442499999999978400e+01 6.840305723592519094e-01 3.539034256394325839e-03 2.987829670960902018e-01 4.367976800592032749e-01
8.449999999999978684e+01 6.840250359509383316e-01 3.535863743561184613e-03 2.987804863309193593e-01 4.367975887250263867e-01
8.457499999999978968e+01 6.840218703594953542e-01 3.532699532413205792e-03 2.987780629538461241e-01 4.367960673491623202e-01
8.464999999999979252e+01 6.840194925866852627e-01 3.529535165022410978e-03 2.987751517191463702e-01 4.367933296598017767e-01
8.472499999999978115e+01 6.840161324613682758e-01 3.526364027481325956e-03 2.987711922283545762e-01 4.367896867479635348e-01
8.479999999999978400e+01 6.840102294659966553e-01 3.523181169071154441e-03 2.987657631372331313e-01 4.367855190856985703e-01
8.487499999999978684e+01 6.840008110138908748e-01 3.519984975381232686e-03 2.987587247854813777e-01 4.367812434938971311e-01
8.494999999999978968e+01 6.839877462420990151e-01 3.516778157098591866e-03 2.987503044455246393e-01 4.367772757434477127e-01
8.502499999999979252e+01 6.839718463227298928e-01 3.513567954589875020e-03 2.987411153390033824e-01 4.367739943466084629e-01
8.509999999999978115e+01 6.839547703480669538e-01 3.510365371314786744e-03 2.987320930988875967e-01 4.367717077941598580e-01
8.517499999999978400e+01 6.839387603384031733e-01 3.507183587752714642e-03 2.987243620868367255e-01 4.367706283220915142e-01
8.524999999999978684e+01 6.839262492048340247e-01 3.504035803704788881e-03 2.987190522658325076e-01 4.367708544790287473e-01
8.532499999999978968e+01 6.839194139550701657e-01 3.500932894395004675e-03 2.987170992142530457e-01 4.367723639935700564e-01
8.539999999999977831e+01 6.839197654230761980e-01 3.497881352463182766e-03 2.987190675003550400e-01 4.367750174840552280e-01
8.547499999999978115e+01 6.839278485352975334e-01 3.494881892190961764e-03 2.987250297350216854e-01 4.367785730245848930e-01
8.554999999999978400e+01 6.839431136572456937e-01 3.491928998377209943e-03 2.987345258111695490e-01 4.367827087456848112e-01
8.562499999999978684e+01 6.839639898443120591e-01 3.489011574907117334e-03 2.987466161014211696e-01 4.367870539053139711e-01
8.569999999999978968e+01 6.839881397619911318e-01 3.486114540750827155e-03 2.987600161423451528e-01 4.367912230851039856e-01
8.577499999999977831e+01 6.840128571937895696e-01 3.483221155690848121e-03 2.987732946293817360e-01 4.367948518615863418e-01
8.584999999999978115e+01 6.840355268945649270e-01 3.480315633413767068e-03 2.987850971285711532e-01 4.367976302123046661e-01
8.592499999999978400e+01 6.840540725739223671e-01 3.477385645241551967e-03 2.987943615673795961e-01 4.367993314374871705e-01
8.599999999999978684e+01 6.840672836058682149e-01 3.474424121303814478e-03 2.988004744321273165e-01 4.367998318192980456e-01
8.607499999999978968e+01 6.840750021620848331e-01 3.471430275603580064e-03 2.988033609725774253e-01 4.367991229443857204e-01
8.614999999999977831e+01 6.840780990368316994e-01 3.468409458680732273e-03 2.988034748653443096e-01 4.367973120116747654e-01
8.622499999999978115e+01 6.840782679379904252e-01 3.465372011460694790e-03 2.988017016881976406e-01 4.367946120973442148e-01
8.629999999999978400e+01 6.840776763299161178e-01 3.462331328264141913e-03 2.987991936291947148e-01 4.367913235120542415e-01
8.637499999999977263e+01 6.840785406448464112e-01 3.459301471523124928e-03 2.987971646028091399e-01 4.367878055656417846e-01
8.644999999999978968e+01 6.840827074907163130e-01 3.456294806838228987e-03 2.987966860511641620e-01 4.367844454761621864e-01
8.652499999999977831e+01 6.840913193339568377e-01 3.453320042174485432e-03 2.987985166491465838e-01 4.367816228688035096e-01
8.659999999999976694e+01 6.841046328568478607e-01 3.450381058330474759e-03 2.988029996514183217e-01 4.367796756522540069e-01
8.667499999999978400e+01 6.841220073288161174e-01 3.447476634232710287e-03 2.988100372721194109e-01 4.367788699545510633e-01
8.674999999999977263e+01 6.841420712580371655e-01 3.444601118710429333e-03 2.988191470481289524e-01 4.367793761004117870e-01
8.682499999999978968e+01 6.841630177705090299e-01 3.441745811241364843e-03 2.988295800610307751e-01 4.367812528581720422e-01
8.689999999999977831e+01 6.841829812480929585e-01 3.438900835205882696e-03 2.988404825793904429e-01 4.367844432994267834e-01
8.697499999999976694e+01 6.842003964092363555e-01 3.436056974674453826e-03 2.988510553723098262e-01 4.367887784641971693e-01
8.704999999999978400e+01 6.842142890435284341e-01 3.433207251593796763e-03 2.988606912512392633e-01 4.367939928133045546e-01
8.712499999999977263e+01 6.842244316392268599e-01 3.430347882647595461e-03 2.988690592756709785e-01 4.367997479418516127e-01
8.719999999999978968e+01 6.842313339916087367e-01 3.427478445626953602e-03 2.988761204586696252e-01 4.368056614933319981e-01
8.727499999999977831e+01 6.842360861247717141e-01 3.424601348015129075e-03 2.988820826480196313e-01 4.368113414490651936e-01
8.734999999999976694e+01 6.842400774981622913e-01 3.421720677624689923e-03 2.988873011905158750e-01 4.368164201713522488e-01
8.742499999999978400e+01 6.842446617764431638e-01 3.418840768293047484e-03 2.988921541680189531e-01 4.368205860635170912e-01
8.749999999999977263e+01 6.842508440715733276e-01 3.415964842393143155e-03 2.988969237093992426e-01 4.368236097902925552e-01
8.757499999999977547e+01 6.842590353236552847e-01 3.413093946855616772e-03 2.989017023958798758e-01 4.368253643220056937e-01
8.764999999999977831e+01 6.842689495213563067e-01 3.410226522843445764e-03 2.989063547272272636e-01 4.368258342517385984e-01
8.772499999999976694e+01 6.842796508636084241e-01 3.407358651300075158e-03 2.989105376852982943e-01 4.368251157374801741e-01
8.779999999999976978e+01 6.842897418142666055e-01 3.404484920249768471e-03 2.989137759979288989e-01 4.368234064205240852e-01
8.787499999999977263e+01 6.842976542248572214e-01 3.401599729586595074e-03 2.989155762374212655e-01 4.368209862943632227e-01
8.794999999999977547e+01 6.843019825050287164e-01 3.398698740578894560e-03 2.989155542339130278e-01 4.368181912021807944e-01
8.802499999999977831e+01 6.843017852150713454e-01 3.395780125614334625e-03 2.989135455572010658e-01 4.368153817737807088e-01
8.809999999999976694e+01 6.842967972470783700e-01 3.392845349658096983e-03 2.989096753048775534e-01 4.368129099937180237e-01
8.817499999999976978e+01 6.842875009987620105e-01 3.389899258350362408e-03 2.989043671050424233e-01 4.368110869609223013e-01
8.824999999999977263e+01 6.842750461570861198e-01 3.386949446396956068e-03 2.988982886445306075e-01 4.368101545177694445e-01
8.832499999999977547e+01 6.842610267779598576e-01 3.384004972691239104e-03 2.988922392129529371e-01 4.368102632125245299e-01
8.839999999999977831e+01 6.842471650933572569e-01 3.381074686671152636e-03 2.988870023017291544e-01 4.368114587087103540e-01
8.847499999999976694e+01 6.842349637908693438e-01 3.378165480545972186e-03 2.988831908913041069e-01 4.368136776223777717e-01
8.854999999999976978e+01 6.842253981926226247e-01 3.375280828314281781e-03 2.988811173472288862e-01 4.368167538602361066e-01
8.862499999999977263e+01 6.842187110072797118e-01 3.372419901498906972e-03 2.988807137703398675e-01 4.368204332359451048e-01
8.869999999999977547e+01 6.842143565044291886e-01 3.369577492246880746e-03 2.988815235622975797e-01 4.368243968005117162e-01
8.877499999999976410e+01 6.842111033274359544e-01 3.366744762601813802e-03 2.988827662999752333e-01 4.368282900503325239e-01
8.884999999999976694e+01 6.842072827944091218e-01 3.363910730046892634e-03 2.988834683646656165e-01 4.368317553475592474e-01
8.892499999999976978e+01 6.842011299759253040e-01 3.361064199689110278e-03 2.988826339573533719e-01 4.368344641112621995e-01
8.899999999999977263e+01 6.841911539120726360e-01 3.358195814722716825e-03 2.988794275103210385e-01 4.368361470349131359e-01
8.907499999999977547e+01 6.841764631687901055e-01 3.355299836150053231e-03 2.988733329050652365e-01 4.368366189050433834e-01
8.914999999999976410e+01 6.841569811939575141e-01 3.352375318123948945e-03 2.988642596107492500e-01 4.368357962074520540e-01
8.922499999999976694e+01 6.841335062084121788e-01 3.349426436228600083e-03 2.988525737724960774e-01 4.368337043288369470e-01
8.929999999999976978e+01 6.841076020274649006e-01 3.346461932649180335e-03 2.988390505855710311e-01 4.368304776908085163e-01
8.937499999999977263e+01 6.840813423117264591e-01 3.343493753613665728e-03 2.988247542292206127e-01 4.368263476086010622e-01
8.944999999999977547e+01 6.840569512731934365e-01 3.340535135063329823e-03 2.988108678314140843e-01 4.368216232219490625e-01
8.952499999999976410e+01 6.840364148763731222e-01 3.337598495939480669e-03 2.987985053489812248e-01 4.368166648013666054e-01
8.959999999999976694e+01 6.840211305897418992e-01 3.334693502457590410e-03 2.987885378201993181e-01 4.368118534036997680e-01
8.967499999999976978e+01 6.840116683950777654e-01 3.331825665639400868e-03 2.987814665662125169e-01 4.368075580746373365e-01
8.974999999999977263e+01 6.840076922399952464e-01 3.328995738298026839e-03 2.987773675122471495e-01 4.368041045471404704e-01
8.982499999999977547e+01 6.840080463544736533e-01 3.326199947093338386e-03 2.987759102476583717e-01 4.368017479326897767e-01
8.989999999999976410e+01 6.840109984189108872e-01 3.323431033333532937e-03 2.987764498966838378e-01 4.368006517253444909e-01
8.997499999999976694e+01 6.840145884063780768e-01 3.320679863569007094e-03 2.987781707246206508e-01 4.368008749940788249e-01
9.004999999999976978e+01 6.840170149438763447e-01 3.317937284822922595e-03 2.987802524983034225e-01 4.368023689042564994e-01
9.012499999999977263e+01 6.840169866581303770e-01 3.315195872467072060e-03 2.987820280060941025e-01 4.368049826742452790e-01
9.019999999999976126e+01 6.840139682836809953e-01 3.312451227497455446e-03 2.987831007202697009e-01 4.368084784437551438e-01
9.027499999999976410e+01 6.840082779619831577e-01 3.309702609960434028e-03 2.987834031141773927e-01 4.368125543807872546e-01
9.034999999999976694e+01 6.840010148098298881e-01 3.306952776229970647e-03 2.987831833323770780e-01 4.368168714127516061e-01
9.042499999999976978e+01 6.839938388527403434e-01 3.304207145384143937e-03 2.987829311213604511e-01 4.368210854391724740e-01
9.049999999999977263e+01 6.839886414211600041e-01 3.301472427646519499e-03 2.987832547020092822e-01 4.368248777950628492e-01
9.057499999999976126e+01 6.839871774166230711e-01 3.298755060695531503e-03 2.987847396224969643e-01 4.368279837510818386e-01
9.064999999999976410e+01 6.839907205482078645e-01 3.296059729497119450e-03 2.987878144789131163e-01 4.368302164091339979e-01
9.072499999999976694e+01 6.839998349983832382e-01 3.293388386873371838e-03 2.987926613990858904e-01 4.368314816915009335e-01
9.079999999999976978e+01 6.840142644882996059e-01 3.290739795625149955e-03 2.987991734427628554e-01 4.368317869310661683e-01
9.087499999999977263e+01 6.840329976424489589e-01 3.288109838546687813e-03 2.988069815779295091e-01 4.368312385627323158e-01
9.094999999999976126e+01 6.840544719367761539e-01 3.285492430720933412e-03 2.988155365740681191e-01 4.368300315734010564e-01
9.102499999999976410e+01 6.840768826195215979e-01 3.282880864945391958e-03 2.988242307316535396e-01 4.368284301427816652e-01
9.109999999999976694e+01 6.840985253734667149e-01 3.280269277484114399e-03 2.988325311788020411e-01 4.368267436560571149e-01
9.117499999999975557e+01 6.841181089500620871e-01 3.277653912077582027e-03 2.988400954336727366e-01 4.368252959891855136e-01
9.124999999999977263e+01 6.841349845769048033e-01 3.275033993495290920e-03 2.988468519064445550e-01 4.368243967106328896e-01
9.132499999999976126e+01 6.841492236392702209e-01 3.272411858179793097e-03 2.988530129482688258e-01 4.368243105773724766e-01
9.139999999999974989e+01 6.841615588241022339e-01 3.269792482376568474e-03 2.988590328892175574e-01 4.368252337984018796e-01
9.147499999999976694e+01 6.841731799274924919e-01 3.267182344694126526e-03 2.988655049808944808e-01 4.368272737796703997e-01
9.154999999999975557e+01 6.841854413429147019e-01 3.264587952552225683e-03 2.988730270561554825e-01 4.368304395216733305e-01
9.162499999999977263e+01 6.841995364102188004e-01 3.262014268629888879e-03 2.988820573632128275e-01 4.368346388121711055e-01
9.169999999999976126e+01 6.842162055134026755e-01 3.259463381046754250e-03 2.988927920419865991e-01 4.368396855168198423e-01
9.177499999999974989e+01 6.842355350821351934e-01 3.256933675289832783e-03 2.989050880497235996e-01 4.368453152814450458e-01
9.184999999999976694e+01 6.842568981139250939e-01 3.254419729403825682e-03 2.989184521457406429e-01 4.368512074480721541e-01
9.192499999999975557e+01 6.842790337557443925e-01 3.251912915201445910e-03 2.989320947298921283e-01 4.368570129778328037e-01
9.199999999999977263e+01 6.843002634658644778e-01 3.249402657917115512e-03 2.989450445283738933e-01 4.368623840859976459e-01
