# tau eta power W_out Q_hot
2.450000000000000000e+01 6.200487147616994266e-01 1.005871232143880356e-02 2.464384518752507081e-01 3.974501454614953744e-01
2.457499999999999929e+01 6.202058932540917002e-01 1.003052765478567275e-02 2.465002171163579447e-01 3.974490081398975860e-01
2.464999999999999858e+01 6.206033678000617559e-01 1.000619190830765587e-02 2.466526305397837016e-01 3.974400451839751880e-01
2.472500000000000142e+01 6.213206778663422636e-01 9.987677230394308159e-03 2.469453195214992292e-01 3.974522791829918633e-01
2.479999999999999716e+01 6.223713153141889887e-01 9.975803346512285980e-03 2.473999229935046618e-01 3.975117697521307614e-01
2.487500000000000000e+01 6.237055450403282686e-01 9.970264362944023309e-03 2.480103260282325861e-01 3.976400851337572595e-01
2.494999999999999929e+01 6.252222292124648417e-01 9.969804136481975540e-03 2.487466132052252865e-01 3.978531177922906004e-01
2.502499999999999858e+01 6.267875679177421500e-01 9.972504750871899470e-03 2.495619313905692582e-01 3.981603084752329824e-01
2.509999999999999787e+01 6.282577286528582272e-01 9.976139878013594309e-03 2.504011109381412137e-01 3.985643144813575955e-01
2.517499999999999716e+01 6.295016745938205593e-01 9.978536180378444476e-03 2.512096483410273251e-01 3.990611279995684990e-01
2.524999999999999645e+01 6.304208560551690654e-01 9.977892370292484533e-03 2.519417823498851794e-01 3.996406209121948216e-01
2.532499999999999574e+01 6.309628311839651227e-01 9.973011357578389149e-03 2.525665126306726460e-01 4.002874656764586758e-01
2.539999999999999858e+01 6.311271626026017101e-01 9.963419631897825132e-03 2.530708586502047330e-01 4.009823592548407700e-01
2.547499999999999432e+01 6.309631190612368101e-01 9.949364790074433432e-03 2.534600680271461570e-01 4.017034599490547087e-01
2.554999999999999716e+01 6.305600018387201855e-01 9.931700980470253501e-03 2.537549600510149439e-01 4.024279359792288790e-01
2.562499999999999645e+01 6.300320229250557791e-01 9.911688897878554588e-03 2.539870280081378828e-01 4.031335214184032512e-01
2.569999999999999574e+01 6.295003307497740730e-01 9.890747828571183967e-03 2.541922191942793674e-01 4.037999771843179264e-01
2.577499999999999503e+01 6.290749693858846969e-01 9.870201292219289019e-03 2.544044383069521409e-01 4.044103655170173672e-01
2.584999999999999432e+01 6.288395737640973815e-01 9.851059232917557321e-03 2.546498811709188015e-01 4.049520605814290741e-01
2.592499999999999716e+01 6.288407551554519026e-01 9.833867235252341521e-03 2.549430080739168991e-01 4.054174383320527375e-01
2.599999999999999289e+01 6.290836973764895035e-01 9.818646671222725289e-03 2.552848134517907708e-01 4.058042109760948701e-01
2.607499999999999574e+01 6.295341368525905201e-01 9.804928306339796493e-03 2.556635055878101470e-01 4.061153964835355623e-01
2.614999999999999503e+01 6.301262977583275138e-01 9.791871987319749129e-03 2.560574524684113840e-01 4.063589368977854610e-01
2.622499999999999432e+01 6.307753133777089793e-01 9.778448539108216750e-03 2.564398129381129099e-01 4.065470025529620557e-01
2.629999999999999361e+01 6.313921120389819341e-01 9.763651669979781650e-03 2.567840389204681939e-01 4.066950378762641538e-01
2.637499999999999289e+01 6.318984770976899812e-01 9.746704482136688344e-03 2.570693307163550712e-01 4.068206207697708798e-01
2.644999999999999218e+01 6.322399259635922419e-01 9.727225577789905264e-03 2.572851165325429346e-01 4.069422160272725408e-01
2.652499999999999147e+01 6.323945130564515571e-01 9.705328414269154616e-03 2.574338361884892512e-01 4.070779092378195019e-01
2.659999999999999432e+01 6.323762129286150113e-01 9.681637146742140890e-03 2.575315481033408904e-01 4.072442050131509506e-01
2.667499999999999005e+01 6.322324533561652915e-01 9.657216630164658019e-03 2.576062536096421773e-01 4.074549673022255791e-01
2.674999999999999289e+01 6.320362069607873279e-01 9.633426578365442833e-03 2.576941609712755099e-01 4.077205674820830739e-01
2.682499999999999218e+01 6.318740830052927970e-01 9.611724416834404108e-03 2.578345074815827642e-01 4.080472904590123351e-01
2.689999999999999147e+01 6.318321191549546301e-01 9.593443656047747486e-03 2.580636343476843120e-01 4.084370302238388151e-01
2.697499999999999076e+01 6.319817733504584645e-01 9.579585263873211312e-03 2.584093124929798257e-01 4.088872866111628035e-01
2.704999999999999005e+01 6.323681877213146452e-01 9.570651836047600405e-03 2.588861321650874903e-01 4.093914545226599588e-01
2.712499999999999289e+01 6.330025590826831028e-01 9.566550241981634436e-03 2.594926753137517528e-01 4.099393779541682381e-01
2.719999999999998863e+01 6.338597775865169037e-01 9.566578198851679107e-03 2.602109270087655801e-01 4.105181243705731675e-01
2.727499999999999147e+01 6.348816579996349185e-01 9.569497832747764568e-03 2.610080533881952158e-01 4.111129217539079006e-01
2.734999999999999076e+01 6.359851522684232261e-01 9.573685442505948731e-03 2.618402968525376240e-01 4.117081914862464886e-01
2.742499999999999005e+01 6.370742539904614699e-01 9.577336588584823771e-03 2.626584559419387066e-01 4.122886057578326047e-01
2.749999999999998934e+01 6.380538336325775051e-01 9.578698456301762074e-03 2.634142075482983625e-01 4.128400985362390418e-01
2.757499999999998863e+01 6.388433149739042305e-01 9.576296370368303501e-03 2.640663724129058698e-01 4.133507641442449310e-01
2.764999999999998792e+01 6.393882331978966160e-01 9.569123304656411769e-03 2.645862593737496882e-01 4.138115868201437397e-01
2.772499999999998721e+01 6.396680399592408195e-01 9.556766425564340237e-03 2.649613491487712302e-01 4.142169572293378232e-01
2.779999999999999005e+01 6.396991874051536353e-01 9.539455393152845852e-03 2.651968599296490314e-01 4.145649473237278393e-01
2.787499999999998579e+01 6.395329687752083769e-01 9.518024785294402351e-03 2.653149408900813411e-01 4.148573315902620573e-01
2.794999999999998863e+01 6.392486355330643244e-01 9.493799623708226373e-03 2.653516994826448094e-01 4.150993599874799322e-01
2.802499999999998792e+01 6.389427007952787063e-01 9.468419591086877848e-03 2.653524590402096539e-01 4.152993041628474380e-01
2.809999999999998721e+01 6.387160151734971869e-01 9.443627966100605342e-03 2.653659458474268984e-01 4.154678128359509115e-01
2.817499999999998650e+01 6.386603706918990708e-01 9.421053656100413995e-03 2.654381867606290246e-01 4.156171244398081388e-01
2.824999999999998579e+01 6.388465508106512258e-01 9.402016464189397876e-03 2.656069651133503573e-01 4.157601927666570996e-01
2.832499999999998863e+01 6.393154320196192675e-01 9.387380216926788021e-03 2.658975446444511448e-01 4.159097861981396749e-01
2.839999999999998437e+01 6.400733295075730078e-01 9.377471419579733874e-03 2.663201883160642991e-01 4.160776211702996163e-01
2.847499999999998721e+01 6.410921802845562789e-01 9.372071688251718685e-03 2.668697413229675908e-01 4.162735867477190821e-01
2.854999999999998650e+01 6.423143964923218041e-01 9.370480841302897615e-03 2.675272280191975938e-01 4.165051094606683213e-01
2.862499999999998579e+01 6.436616379220313489e-01 9.371639199416349070e-03 2.682631720832928668e-01 4.167766980013625777e-01
2.869999999999998508e+01 6.450460377540441215e-01 9.374287594016313813e-03 2.690420539482680784e-01 4.170896931404045604e-01
2.877499999999998437e+01 6.463823847145282464e-01 9.377143607518366453e-03 2.698273073063408578e-01 4.174422349481395900e-01
2.884999999999998366e+01 6.475992847070949354e-01 9.379065835712496399e-03 2.705860493603053918e-01 4.178294444576011735e-01
2.892499999999998295e+01 6.486478852575796594e-01 9.379186105250195138e-03 2.712929580943617136e-01 4.182438026243323614e-01
2.899999999999998579e+01 6.495069033540110670e-01 9.376991564272523991e-03 2.719327553639030448e-01 4.186756968396488365e-01
2.907499999999998508e+01 6.501835481847223486e-01 9.372350449446228277e-03 2.725010893176489368e-01 4.191140949020586426e-01
2.914999999999998437e+01 6.507101662681719079e-01 9.365478300291531222e-03 2.730036924534979814e-01 4.195472986370819557e-01
2.922499999999998010e+01 6.511376112772297997e-01 9.356858067976989504e-03 2.734541770366273328e-01 4.199637254869015290e-01
2.929999999999998295e+01 6.515261499924172028e-01 9.347124700930705896e-03 2.738707537372695455e-01 4.203526654155892439e-01
2.937499999999998579e+01 6.519355966747151232e-01 9.336937581959964608e-03 2.742725414700738495e-01 4.207049636022909267e-01
2.944999999999998153e+01 6.524160127505440609e-01 9.326859240487709451e-03 2.746760046323628579e-01 4.210135852955945168e-01
2.952499999999998082e+01 6.530003537077007092e-01 9.317259589057162034e-03 2.750920893669125400e-01 4.212740281149229826e-01
2.959999999999998010e+01 6.537000316526587751e-01 9.308259081942403534e-03 2.755244688254949725e-01 4.214845578772954959e-01
2.967499999999998295e+01 6.545039619912327300e-01 9.299718467845011216e-03 2.759691455333005417e-01 4.216462566455743133e-01
2.974999999999998224e+01 6.553810140043356824e-01 9.291273492600071043e-03 2.764153864048519704e-01 4.217628837246471529e-01
2.982499999999998153e+01 6.562854641862996274e-01 9.282408384595021433e-03 2.768478300705463635e-01 4.218405635629888240e-01
2.989999999999998082e+01 6.571644739630999599e-01 9.272553914376781975e-03 2.772493620398656100e-01 4.218873250525609908e-01
2.997499999999998010e+01 6.579664457617036000e-01 9.261193840858140958e-03 2.776042853797225929e-01 4.219125263422062733e-01
3.004999999999997939e+01 6.586489593922878472e-01 9.247961945963723007e-03 2.779012564762096682e-01 4.219262059301199796e-01
3.012499999999997868e+01 6.591851172325469133e-01 9.232714259187693381e-03 2.781355170580290803e-01 4.219384051413718195e-01
3.019999999999998153e+01 6.595673265699436572e-01 9.215564386062500418e-03 2.783100444590873579e-01 4.219585071116678798e-01
3.027499999999998082e+01 6.598080436998079445e-01 9.196877150134620885e-03 2.784354557203254643e-01 4.219946367416595456e-01
3.034999999999998010e+01 6.599374771160456676e-01 9.177222313503515319e-03 2.785286972148315332e-01 4.220531593871794662e-01
3.042499999999997584e+01 6.599984806834288120e-01 9.157293117150291581e-03 2.786106430892973940e-01 4.221383097742830159e-01
3.049999999999997868e+01 6.600396867650619726e-01 9.137805245048065753e-03 2.787030599739658276e-01 4.222519729683600898e-01
3.057499999999998153e+01 6.601078402440492265e-01 9.119389882652409809e-03 2.788253456620972681e-01 4.223936282274914911e-01
3.064999999999997726e+01 6.602405527072088276e-01 9.102497523866173723e-03 2.789915491064980380e-01 4.225604561285105087e-01
3.072499999999997655e+01 6.604605691408829138e-01 9.087326905782025510e-03 2.792081191801525364e-01 4.227475980032270875e-01
3.079999999999997584e+01 6.607723957352351629e-01 9.073789758621974774e-03 2.794727245655566072e-01 4.229485468359948097e-01
3.087499999999997868e+01 6.611617331859769298e-01 9.061516334295544733e-03 2.797743168213747689e-01 4.231556407132195385e-01
3.094999999999997797e+01 6.615977401008263925e-01 9.049900863980666135e-03 2.800944317402014327e-01 4.233606234772137045e-01
3.102499999999997726e+01 6.620377146138120006e-01 9.038180140779426136e-03 2.804095388676814959e-01 4.235552336036527143e-01
3.109999999999997655e+01 6.624334591375204973e-01 9.025534070400484041e-03 2.806941095894548432e-01 4.237317812341707679e-01
3.117499999999997584e+01 6.627382890031138230e-01 9.011192991840675029e-03 2.809239415206328250e-01 4.238836750223027305e-01
3.124999999999997513e+01 6.629137159193586593e-01 8.994537702350821964e-03 2.810793031984629708e-01 4.240058644866768200e-01
3.132499999999997442e+01 6.629347829397511660e-01 8.975177638036124783e-03 2.811474395114813563e-01 4.240951700629541632e-01
3.139999999999997726e+01 6.627933344345608990e-01 8.952997185677857503e-03 2.811241116302845011e-01 4.241504810396377612e-01
3.147499999999997655e+01 6.624988216714551292e-01 8.928164812224559030e-03 2.810139874647678004e-01 4.241728109882247910e-01
3.154999999999997584e+01 6.620765617458265195e-01 8.901104390487531159e-03 2.808298435198813836e-01 4.241652095029047609e-01
3.162499999999997158e+01 6.615638390625223630e-01 8.872434824196756206e-03 2.805907513152221533e-01 4.241325398208537489e-01
3.169999999999997442e+01 6.610044449000240796e-01 8.842886999618443031e-03 2.803195178879044347e-01 4.240811390160958982e-01
3.177499999999997726e+01 6.604425410738965496e-01 8.813211044736856195e-03 2.800397809465133836e-01 4.240183869609027711e-01
3.184999999999997300e+01 6.599167411062429878e-01 8.784086756386699779e-03 2.797731631909161631e-01 4.239522136109503681e-01
3.192499999999997229e+01 6.594553347553659961e-01 8.756050251374632512e-03 2.795369042751348898e-01 4.238905799114248696e-01
3.199999999999997158e+01 6.590732915209845943e-01 8.729445662999723438e-03 2.793422612159909280e-01 4.238409670210354641e-01
3.207499999999997442e+01 6.587714650587674914e-01 8.704407602537515484e-03 2.791938738513906060e-01 4.238099077750496768e-01
3.214999999999997726e+01 6.585380367438820048e-01 8.680874856259297723e-03 2.790901266287362237e-01 4.238025915840601399e-01
3.222499999999997300e+01 6.583519210630373042e-01 8.658631532025408070e-03 2.790244011195185392e-01 4.238225669167628995e-01
3.229999999999996874e+01 6.581874631018749255e-01 8.637366771273777971e-03 2.789869467121427471e-01 4.238715599311876359e-01
3.237499999999997158e+01 6.580197437955049855e-01 8.616744027404336578e-03 2.789670878872151372e-01 4.239494187182180629e-01
3.244999999999997442e+01 6.578295232308533080e-01 8.596467242299310821e-03 2.789553620126123956e-01 4.240541844983720665e-01
3.252499999999997016e+01 6.576070873165509312e-01 8.576334362999026364e-03 2.789452751565431043e-01 4.241822823029700595e-01
3.259999999999997300e+01 6.573543584762342462e-01 8.556269833443970116e-03 2.789343965702731909e-01 4.243288159172640128e-01
3.267499999999996874e+01 6.570850088984978576e-01 8.536332525048460212e-03 2.789246652559581596e-01 4.244879452105178030e-01
3.274999999999997158e+01 6.568224904408604958e-01 8.516697717590421268e-03 2.789218502510860676e-01 4.246533185303584812e-01
3.282499999999996732e+01 6.565964250004762137e-01 8.497618528500072016e-03 2.789343281980145584e-01 4.248185301919855106e-01
3.289999999999997016e+01 6.564378799989205593e-01 8.479373130608296866e-03 2.789713759970127160e-01 4.249775713696952728e-01
3.297499999999997300e+01 6.563742885506624880e-01 8.462207119717899892e-03 2.790412797726975480e-01 4.251252443005461013e-01
3.304999999999996874e+01 6.564248795567286798e-01 8.446281730898319226e-03 2.791496112061891965e-01 4.252575121690903570e-01
3.312499999999997158e+01 6.565972810415172667e-01 8.431636003276503366e-03 2.792979426085339112e-01 4.253717623769350253e-01
3.319999999999996732e+01 6.568858588218150496e-01 8.418169695639505720e-03 2.794832338952313311e-01 4.254669668129408833e-01
3.327499999999997016e+01 6.572720624596490868e-01 8.405650041256372204e-03 2.796980051228055153e-01 4.255437300592349592e-01
3.334999999999996589e+01 6.577267576455898546e-01 8.393741721775668449e-03 2.799312864212182284e-01 4.256042241967851747e-01
3.342499999999996874e+01 6.582142067013362352e-01 8.382055478262061265e-03 2.801702043609091142e-01 4.256520164841047782e-01
3.349999999999997158e+01 6.586970964007026197e-01 8.370207606329867558e-03 2.804019548120503247e-01 4.256918033254460942e-01
3.357499999999996732e+01 6.591419131974664003e-01 8.357881572157581027e-03 2.806158737851904839e-01 4.257290701238161112e-01
3.364999999999996305e+01 6.595238151261476611e-01 8.344881349119336045e-03 2.808052573978654376e-01 4.257697007410650714e-01
3.372499999999996589e+01 6.598303170429725695e-01 8.331168515122899104e-03 2.809686581725194809e-01 4.258195643869163716e-01
3.379999999999996874e+01 6.600632427568507987e-01 8.316877072457108319e-03 2.811104450490500284e-01 4.258841075211991511e-01
3.387499999999997158e+01 6.602385597106108506e-01 8.302302127605095880e-03 2.812404845726224067e-01 4.259679784469009300e-01
3.394999999999996732e+01 6.603842237149754046e-01 8.287864983872962957e-03 2.813730162024867809e-01 4.260747093860445256e-01
3.402499999999996305e+01 6.605362015646348839e-01 8.274057517435441308e-03 2.815248070307405648e-01 4.262064764412352158e-01
3.409999999999996589e+01 6.607334057839514552e-01 8.261375555897614020e-03 2.817129064561083585e-01 4.263639525261473939e-01
3.417499999999996874e+01 6.610121035773734999e-01 8.250248475814190088e-03 2.819522416609496762e-01 4.265462616116019179e-01
3.424999999999996447e+01 6.614007459996539273e-01 8.240976749122816414e-03 2.822534536574562436e-01 4.267510361374825534e-01
3.432499999999996021e+01 6.619158601038646061e-01 8.233685093645696368e-03 2.826212408393882214e-01 4.269745716548334347e-01
3.439999999999996305e+01 6.625596304009656601e-01 8.228298538295606215e-03 2.830534697173685554e-01 4.272120677592010640e-01
3.447499999999996589e+01 6.633194660281518384e-01 8.224544470827077278e-03 2.835411706317632063e-01 4.274579371679851914e-01
3.454999999999996874e+01 6.641696008241813054e-01 8.221980628848470085e-03 2.840694307267143115e-01 4.277061617608015620e-01
3.462499999999996447e+01 6.650744463974576082e-01 8.220044927492510881e-03 2.846190556144279071e-01 4.279506710205727149e-01
3.469999999999996021e+01 6.659931966875685116e-01 8.218120308279007122e-03 2.851687746972811910e-01 4.281857173851280063e-01
3.477499999999996305e+01 6.668850247915683038e-01 8.215605896500112817e-03 2.856976950507911228e-01 4.284062236066623064e-01
3.484999999999996589e+01 6.677141155141156359e-01 8.211984643762553979e-03 2.861876648351246999e-01 4.286080796940627824e-01
3.492499999999996163e+01 6.684538510727373595e-01 8.206878662416875608e-03 2.866252372849090735e-01 4.287883700945573917e-01
3.499999999999996447e+01 6.690895934142626622e-01 8.200085208932773179e-03 2.870029823126467594e-01 4.289455181153156160e-01
3.507499999999996021e+01 6.696197300457429336e-01 8.191589191411973933e-03 2.873199908887746901e-01 4.290793386108072704e-01
3.514999999999996305e+01 6.700548904561038910e-01 8.181551264376123872e-03 2.875815269428204646e-01 4.291909976913455549e-01
3.522499999999995879e+01 6.704155131944938839e-01 8.170274089197621450e-03 2.877979047919858591e-01 4.292828837158679245e-01
3.529999999999996163e+01 6.707281827067259616e-01 8.158152385825441152e-03 2.879827792196377745e-01 4.293583997879472647e-01
3.537499999999996447e+01 6.710212798052272998e-01 8.145613980129490922e-03 2.881510945470804330e-01 4.294216937959405289e-01
3.544999999999996021e+01 6.713206078253491915e-01 8.133060401740638268e-03 2.883169912417052894e-01 4.294773434345603436e-01
3.552499999999996305e+01 6.716456488441930883e-01 8.120815478970668660e-03 2.884919698904326868e-01 4.295300213540971246e-01
3.559999999999995879e+01 6.720068989774964363e-01 8.109087624189669635e-03 2.886835194211518907e-01 4.295841603120492125e-01
3.567499999999996163e+01 6.724047279803453403e-01 8.097951412071159247e-03 2.888944166256383062e-01 4.296436425921187352e-01
3.574999999999995737e+01 6.728297815552661820e-01 8.087348740318212395e-03 2.891227174663757449e-01 4.297115338712563237e-01
3.582499999999996021e+01 6.732648572549743138e-01 8.077108759028948579e-03 2.893624212922117911e-01 4.297898786400289328e-01
3.589999999999996305e+01 6.736878844918620102e-01 8.066982120572364912e-03 2.896046581285476318e-01 4.298795700430114719e-01
3.597499999999995879e+01 6.740755405952663093e-01 8.056683929544363604e-03 2.898392043653581496e-01 4.299803017765714830e-01
3.604999999999995453e+01 6.744068962439370152e-01 8.045938114058107452e-03 2.900560690117944818e-01 4.300906035024876783e-01
3.612499999999995737e+01 6.746665578467219149e-01 8.034516855764027576e-03 2.902469214144751675e-01 4.302079568621757777e-01
3.619999999999996021e+01 6.748468298474861182e-01 8.022269317856395993e-03 2.904061493064011845e-01 4.303289820180860037e-01
3.627499999999996305e+01 6.749486065840747395e-01 8.009136121359261215e-03 2.905314128023068765e-01 4.304496816027086892e-01
3.634999999999995879e+01 6.749809061286587974e-01 7.995148358180962853e-03 2.906236428198776256e-01 4.305657244243314419e-01
3.642499999999995453e+01 6.749591646670713985e-01 7.980412327368933273e-03 2.906865190244130037e-01 4.306727491696423771e-01
3.649999999999995737e+01 6.749026066747385588e-01 7.965083468417647958e-03 2.907255465972438113e-01 4.307666672524138041e-01
3.657499999999996021e+01 6.748311201021295336e-01 7.949334286395118299e-03 2.907469015249011246e-01 4.308439443055015472e-01
3.664999999999995595e+01 6.747621737248383766e-01 7.933322328467067377e-03 2.907562633383177220e-01 4.309018416567099719e-01
3.672499999999995168e+01 6.747082136520625717e-01 7.917163086259320498e-03 2.907578143428731776e-01 4.309386019907160414e-01
3.679999999999995453e+01 6.746749654799246709e-01 7.900912590558781951e-03 2.907535833325628483e-01 4.309535675830769574e-01
3.687499999999995737e+01 6.746608807462504132e-01 7.884562263597070728e-03 2.907432334701416377e-01 4.309472236607925222e-01
3.694999999999996021e+01 6.746577717595911849e-01 7.868046376837483161e-03 2.907243136241446368e-01 4.309211659504040837e-01
3.702499999999995595e+01 6.746525206353654047e-01 7.851260637551997837e-03 2.906929251053623764e-01 4.308779945439134007e-01
3.709999999999995168e+01 6.746295710316572158e-01 7.834088488617579893e-03 2.906446829277118393e-01 4.308211430507739026e-01
3.717499999999995453e+01 6.745737605031575379e-01 7.816430067395603934e-03 2.905757877554312474e-01 4.307546554118764082e-01
3.724999999999995737e+01 6.744730872781726783e-01 7.798229329583248985e-03 2.904840425269756832e-01 4.306829256882883650e-01
3.732499999999995310e+01 6.743209123382778447e-01 7.779493926682381176e-03 2.903696108134194986e-01 4.306104193128649782e-01
3.739999999999995595e+01 6.741172824108229156e-01 7.760304676160448799e-03 2.902353948884004442e-01 4.305413945930022246e-01
3.747499999999995168e+01 6.738691378908747698e-01 7.740812435723543744e-03 2.900869460287394119e-01 4.304796431792007882e-01
3.754999999999995453e+01 6.735894137401104986e-01 7.721223005182332143e-03 2.899319238445962066e-01 4.304282667311336574e-01
3.762499999999995026e+01 6.732951164133169630e-01 7.701771460564835019e-03 2.897791512037515282e-01 4.303895040074288136e-01
3.769999999999995310e+01 6.730047712861052522e-01 7.682690781900630879e-03 2.896374424776534395e-01 4.303646197398559581e-01
3.777499999999995595e+01 6.727355478488017404e-01 7.664178428603595113e-03 2.895143401405004813e-01 4.303538605418978369e-01
3.784999999999995168e+01 6.725006250425654697e-01 7.646367315192485227e-03 2.894150028800351881e-01 4.303564816192057552e-01
3.792499999999995453e+01 6.723071370977611316e-01 7.629304863363665229e-03 2.893413869430666585e-01 4.303708394233409784e-01
3.799999999999995026e+01 6.721550894033827550e-01 7.612944294821699133e-03 2.892918832032241871e-01 4.303945440032374004e-01
3.807499999999995310e+01 6.720373780666686336e-01 7.597149308351961242e-03 2.892614599155005628e-01 4.304246599313479305e-01
3.814999999999994884e+01 6.719409658999825341e-01 7.581712283580384001e-03 2.892423236185912572e-01 4.304579394578013640e-01
3.822499999999995168e+01 6.718489990884384255e-01 7.566383197904884630e-03 2.892249977399138361e-01 4.304910748283214961e-01
3.829999999999995453e+01 6.717435644753145807e-01 7.550905402431720009e-03 2.891996769131345291e-01 4.305209490752957002e-01
3.837499999999995026e+01 6.716086846543626310e-01 7.535053387757501345e-03 2.891576737551937448e-01 4.305448698954900122e-01
3.844999999999994600e+01 6.714330606302268967e-01 7.518666732870122466e-03 2.890927358788558665e-01 4.305607704325802310e-01
3.852499999999994884e+01 6.712121530606264264e-01 7.501675462256626389e-03 2.890020471834361393e-01 4.305673636355216161e-01
3.859999999999995168e+01 6.709493250668506770e-01 7.484113638571147052e-03 2.888867864488459114e-01 4.305642403322522127e-01
3.867499999999995453e+01 6.706557734870637333e-01 7.466118183472193054e-03 2.887521207457867112e-01 4.305519048086692835e-01
3.874999999999995026e+01 6.703493312774734258e-01 7.447914019050182362e-03 2.886066682381941417e-01 4.305317463182983806e-01
3.882499999999994600e+01 6.700522477275757671e-01 7.429786966211440573e-03 2.884614789631587684e-01 4.305059492620925132e-01
3.889999999999994884e+01 6.697883066718341993e-01 7.412048692048988502e-03 2.883286941207052756e-01 4.304773482138039564e-01
3.897499999999995168e+01 6.695796501497057740e-01 7.394998101087449892e-03 2.882200509898830143e-01 4.304492391987155830e-01
3.904999999999994742e+01 6.694438085543086281e-01 7.378884969550463836e-03 2.881454580609452698e-01 4.304251594815809989e-01
3.912499999999994316e+01 6.693913209502222461e-01 7.363880277707895473e-03 2.881118158653209749e-01 4.304086516334527657e-01
3.919999999999994600e+01 6.694243492232082593e-01 7.350057825444758670e-03 2.881222667574341312e-01 4.304030277532743254e-01
3.927499999999994884e+01 6.695364407502264470e-01 7.337388906344396479e-03 2.881759492966757819e-01 4.304111498005544489e-01
3.934999999999995168e+01 6.697134623060734260e-01 7.325750325507078553e-03 2.882682753087031369e-01 4.304352406417035204e-01
3.942499999999994742e+01 6.699355929725123726e-01 7.314944548631609200e-03 2.883916888298008185e-01 4.304767381446377161e-01
3.949999999999994316e+01 6.701801174574192332e-01 7.304729170671369655e-03 2.885368022415186751e-01 4.305362017246822104e-01
3.957499999999994600e+01 6.704245006670163098e-01 7.294850058719713412e-03 2.886936910738322482e-01 4.306132767919522153e-01
3.964999999999994884e+01 6.706494292885516462e-01 7.285074791829857649e-03 2.888532154960534726e-01 4.307067193100858615e-01
3.972499999999994458e+01 6.708412890610296886e-01 7.275220629339462265e-03 2.890081395005097420e-01 4.308144776017465150e-01
3.979999999999994742e+01 6.709937960133853796e-01 7.265173957402276152e-03 2.891539235046102219e-01 4.309338256517084575e-01
3.987499999999994316e+01 6.711085298854049253e-01 7.254898437075348212e-03 2.892890751783790959e-01 4.310615381803843404e-01
3.994999999999994600e+01 6.711943432832793155e-01 7.244431482233696512e-03 2.894150377152358011e-01 4.311940954381485724e-01
4.002499999999994174e+01 6.712657335338505504e-01 7.233869871502192871e-03 2.895356416068748384e-01 4.313279036047713566e-01
4.009999999999994458e+01 6.713404790512856879e-01 7.223347585053082991e-03 2.896562381606282433e-01 4.314595159969499827e-01
4.017499999999994742e+01 6.714368620027200141e-01 7.213009142227242397e-03 2.897826422889790976e-01 4.315858402897831958e-01
4.024999999999994316e+01 6.715709063197700113e-01 7.202982862962563522e-03 2.899200602342427713e-01 4.317043181977818778e-01
4.032499999999994600e+01 6.717540403816925076e-01 7.193358259420578292e-03 2.900721718111344272e-01 4.318130660536326770e-01
4.039999999999994174e+01 6.719915016383304351e-01 7.184170784297519430e-03 2.902404996856193797e-01 4.319109675911175783e-01
4.047499999999994458e+01 6.722816881221757024e-01 7.175395972450142323e-03 2.904241519849191100e-01 4.319977133337290498e-01
4.054999999999994031e+01 6.726165229777570920e-01 7.166953563691617034e-03 2.906199670076946573e-01 4.320737851057893653e-01
4.062499999999994316e+01 6.729827772990606416e-01 7.158720936565784489e-03 2.908230380479845945e-01 4.321403873293304665e-01
4.069999999999994600e+01 6.733640643482001753e-01 7.150552778097996748e-03 2.910274980685880752e-01 4.321993309077096779e-01
4.077499999999994174e+01 6.737432599384377552e-01 7.142304432246948664e-03 2.912274632248689210e-01 4.322528781237520157e-01
4.084999999999993747e+01 6.741049362642198561e-01 7.133854676834906067e-03 2.914179635487055275e-01 4.323035596856723561e-01
4.092499999999994031e+01 6.744374269060167126e-01 7.125124109107840858e-03 2.915957041652379456e-01 4.323539776001665835e-01
4.099999999999994316e+01 6.747342789064937341e-01 7.116086803517070354e-03 2.917595589441994708e-01 4.324066051854350556e-01
4.107499999999994600e+01 6.749948429543921602e-01 7.106772996707071827e-03 2.919107008397425762e-01 4.324636015914958831e-01
4.114999999999993463e+01 6.752239358963560978e-01 7.097262375660903441e-03 2.920523467584457133e-01 4.325266496525301818e-01
4.122499999999993747e+01 6.754306996977414990e-01 7.087669609432266371e-03 2.921891796488447213e-01 4.325968301109215375e-01
4.129999999999994031e+01 6.756267696551363500e-01 7.078123518641697698e-03 2.923265013199016771e-01 4.326745393305173604e-01
4.137499999999994316e+01 6.758241296369724704e-01 7.068743991711141754e-03 2.924692826570480797e-01 4.327594559462558665e-01
4.144999999999994600e+01 6.760329491527633516e-01 7.059619764708324058e-03 2.926212392471596591e-01 4.328505579704162720e-01
4.152499999999993463e+01 6.762597505507715878e-01 7.050790644835366883e-03 2.927840815267881425e-01 4.329461886328939135e-01
4.159999999999993747e+01 6.765061727992058849e-01 7.042236811170127925e-03 2.929570513446768665e-01 4.330441659275585109e-01
4.167499999999994031e+01 6.767685369092112380e-01 7.033877114990969015e-03 2.931368287672482253e-01 4.331419278236521286e-01
4.174999999999993605e+01 6.770382419884941605e-01 7.025576424790271057e-03 2.933178157349933812e-01 4.332367029571397854e-01
4.182499999999993889e+01 6.773029248482026476e-01 7.017161041781208759e-03 2.934927605724986233e-01 4.333256949071588870e-01
4.189999999999993463e+01 6.775482124462711697e-01 7.008440135419740855e-03 2.936536416740866962e-01 4.334062673028941104e-01
4.197499999999993747e+01 6.777597649271310809e-01 6.999229812471491168e-03 2.937926713784904109e-01 4.334761173231894693e-01
4.204999999999994031e+01 6.779253203447955789e-01 6.989376613260451371e-03 2.939032865876015643e-01 4.335334258323927936e-01
4.212499999999993605e+01 6.780364096747677483e-01 6.978776855022719196e-03 2.939809750178316028e-01 4.335769743675635945e-01
4.219999999999993889e+01 6.780895157451418687e-01 6.967389398461935369e-03 2.940238326150932391e-01 4.336062212848035280e-01
4.227499999999993463e+01 6.780864933685815110e-01 6.955239947480185668e-03 2.940327687797243961e-01 4.336213324631133514e-01
4.234999999999993747e+01 6.780342105546406373e-01 6.942416536707345966e-03 2.940113403295556704e-01 4.336231649566039681e-01
4.242499999999993321e+01 6.779434792626515272e-01 6.929057042089322230e-03 2.939652450106390313e-01 4.336132052341045706e-01
4.249999999999993605e+01 6.778274513219098019e-01 6.915330692635512227e-03 2.939015544370088273e-01 4.335934666910249424e-01
4.257499999999993889e+01 6.776997335069183670e-01 6.901416381463848851e-03 2.938278024408229605e-01 4.335663538191776301e-01
4.264999999999993463e+01 6.775725124368314756e-01 6.887480941058545837e-03 2.937510621361465457e-01 4.335345025725674817e-01
4.272499999999993747e+01 6.774549725885277152e-01 6.873660447745718292e-03 2.936771426299353838e-01 4.335006081774070430e-01
4.279999999999993321e+01 6.773522431889926754e-01 6.860047082964080244e-03 2.936100151508621581e-01 4.334672514975934643e-01
4.287499999999993605e+01 6.772650175549786988e-01 6.846683129894881419e-03 2.935515391942425945e-01 4.334367368537720422e-01
4.294999999999993179e+01 6.771898890270822147e-01 6.833562601558171822e-03 2.935015137369230143e-01 4.334109508908886021e-01
4.302499999999993463e+01 6.771203281269010388e-01 6.820639793668599460e-03 2.934580271225910586e-01 4.333912525331735099e-01
4.309999999999993747e+01 6.770481370086327555e-01 6.807843128754105522e-03 2.934180388493015101e-01 4.333784007525601778e-01
4.317499999999993321e+01 6.769651183139269168e-01 6.795091660839923213e-03 2.933780824567632228e-01 4.333725246988515134e-01
4.324999999999993605e+01 6.768647137765610999e-01 6.782311784879193825e-03 2.933349846960247032e-01 4.333731375349212378e-01
4.332499999999993179e+01 6.767433209887561141e-01 6.769451218208880766e-03 2.932864740288992911e-01 4.333791925724408411e-01
4.339999999999993463e+01 6.766010899241849952e-01 6.756488241932326333e-03 2.932315896998625160e-01 4.333891772665041664e-01
4.347499999999993747e+01 6.764420796783097156e-01 6.743434962100208069e-03 2.931708349773061162e-01 4.334012383096082499e-01
4.354999999999992610e+01 6.762737351544231279e-01 6.730334114552223752e-03 2.931060506887488426e-01 4.334133287341401797e-01
4.362499999999992895e+01 6.761057873263106588e-01 6.717250353896188526e-03 2.930400466887207456e-01 4.334233668484930302e-01
4.369999999999993179e+01 6.759487744896227612e-01 6.704257871128446213e-03 2.929760689683126307e-01 4.334293958732673979e-01
4.377499999999993463e+01 6.758123448243702480e-01 6.691425813235966392e-03 2.929171649744040096e-01 4.334297341823892813e-01
4.384999999999993747e+01 6.757037528392804138e-01 6.678805416477367682e-03 2.928656175125321504e-01 4.334231033673002775e-01
4.392499999999992610e+01 6.756266479936872127e-01 6.666419737564419946e-03 2.928224869725166712e-01 4.334087292768427080e-01
4.399999999999992895e+01 6.755804500896394060e-01 6.654258724325568843e-03 2.927873838703245468e-01 4.333864069504617111e-01
4.407499999999993179e+01 6.755603924812969563e-01 6.642280303046951655e-03 2.927585043567939582e-01 4.333565253603867129e-01
4.414999999999992752e+01 6.755582365586623173e-01 6.630417437567874724e-03 2.927329298686212056e-01 4.333200515174262524e-01
4.422499999999993037e+01 6.755635603347929230e-01 6.618590142627463375e-03 2.927071490576991231e-01 4.332784748079671067e-01
4.429999999999992610e+01 6.755654335067877714e-01 6.606720609164045549e-03 2.926777229859667262e-01 4.332337157434299479e-01
4.437499999999992895e+01 6.755542277864949874e-01 6.594749038373040433e-03 2.926419885778032137e-01 4.331880055531101004e-01
4.444999999999993179e+01 6.755232813378386769e-01 6.582647556719539023e-03 2.925986838961830427e-01 4.331437449745723089e-01
4.452499999999992752e+01 6.754701662505538939e-01 6.570429942712445459e-03 2.925483931992711728e-01 4.331033520298444017e-01
4.459999999999993037e+01 6.753973433673973181e-01 6.558155281431683054e-03 2.924937255518526014e-01 4.330691087612765222e-01
4.467499999999992610e+01 6.753121091560015943e-01 6.545924873878903108e-03 2.924391937405395048e-01 4.330430178514452222e-01
4.474999999999992895e+01 6.752258111426038267e-01 6.533872400453825079e-03 2.923907899203082028e-01 4.330266780316502917e-01
4.482499999999992468e+01 6.751524304644626051e-01 6.522148504694491242e-03 2.923553067229300861e-01 4.330211868182240464e-01
4.489999999999992752e+01 6.751067506157284459e-01 6.510902064909611375e-03 2.923395027144410907e-01 4.330270767516603558e-01
4.497499999999993037e+01 6.751023374840955382e-01 6.500260405864682033e-03 2.923492117537636048e-01 4.330442890232933939e-01
4.504999999999992610e+01 6.751496448961418206e-01 6.490311488054947495e-03 2.923885325368749122e-01 4.330721859179130773e-01
4.512499999999992895e+01 6.752545142687703672e-01 6.481090595243180381e-03 2.924592131103480597e-01 4.331096007955617111e-01
4.519999999999992468e+01 6.754172698511199391e-01 6.472573335345667596e-03 2.925603147576236740e-01 4.331549218783106170e-01
4.527499999999992752e+01 6.756325612340603470e-01 6.464676245834326783e-03 2.926882170301486896e-01 4.332062038211214605e-01
4.534999999999992326e+01 6.758899597149559124e-01 6.457264876048822780e-03 2.928369621288136049e-01 4.332612992983534972e-01
4.542499999999992610e+01 6.761752224329965477e-01 6.450168323336480034e-03 2.929988960875591353e-01 4.333180015577884348e-01
4.549999999999992895e+01 6.764720722566123223e-01 6.443198575003030240e-03 2.931655351626374362e-01 4.333741882125006217e-01
4.557499999999992468e+01 6.767642015285180168e-01 6.436171695508779989e-03 2.933285250228121477e-01 4.334279566801992334e-01
4.564999999999992752e+01 6.770372440920054968e-01 6.428928280523958649e-03 2.934805760059182589e-01 4.334777422762224330e-01
4.572499999999992326e+01 6.772804462569167461e-01 6.421350511517323438e-03 2.936162521391291191e-01 4.335224112283760922e-01
4.579999999999992610e+01 6.774878043720919951e-01 6.413373550280862534e-03 2.937325086028630405e-01 4.335613227386427848e-01
4.587499999999992895e+01 6.776585306036239098e-01 6.404989959473814456e-03 2.938289143908607848e-01 4.335943563333185535e-01
4.594999999999991758e+01 6.777967982706456507e-01 6.396246737866045570e-03 2.939075376049442578e-01 4.336219031350254105e-01
4.602499999999992042e+01 6.779108153758174327e-01 6.387235523402730666e-03 2.939725149646101876e-01 4.336448221461681740e-01
4.609999999999992326e+01 6.780114139976037846e-01 6.378077860287926192e-03 2.940293893592729191e-01 4.336643650667392214e-01
4.617499999999992610e+01 6.781103039140405908e-01 6.368907064712178365e-03 2.940842837130843712e-01 4.336820750483145748e-01
4.624999999999992895e+01 6.782183122853255863e-01 6.359849860396791024e-03 2.941430560433511143e-01 4.336996667816387374e-01
4.632499999999991758e+01 6.783438464771214260e-01 6.351010133133144081e-03 2.942105444173923612e-01 4.337188963168625566e-01
4.639999999999992042e+01 6.784917505485769107e-01 6.342456503991128133e-03 2.942899817851878375e-01 4.337414294974807349e-01
4.647499999999992326e+01 6.786627662825804874e-01 6.334215777304616317e-03 2.943826782502315664e-01 4.337687182438663136e-01
4.654999999999991900e+01 6.788536089247768635e-01 6.326272405186799015e-03 2.944879804614449759e-01 4.338018927643013112e-01
4.662499999999992184e+01 6.790576387987717899e-01 6.318573843415873671e-03 2.946035054492646132e-01 4.338416779618405883e-01
4.669999999999991758e+01 6.792660029495131147e-01 6.311040602255233931e-03 2.947255961253189005e-01 4.338883365950298998e-01
4.677499999999992042e+01 6.794690508405747398e-01 6.303579247862133722e-03 2.948499193187508194e-01 4.339416474583948080e-01
4.684999999999992326e+01 6.796578017225181068e-01 6.296096223369074263e-03 2.949721080648406435e-01 4.340009153389635110e-01
4.692499999999991900e+01 6.798252393459578435e-01 6.288510434221069451e-03 2.950883521258231834e-01 4.340650141346914515e-01
4.699999999999992184e+01 6.799672389456352661e-01 6.280762759809553446e-03 2.951958497110485080e-01 4.341324593355151418e-01
4.707499999999991758e+01 6.800830012813295911e-01 6.272821293506742821e-03 2.952930623918293973e-01 4.342015045744036517e-01
4.714999999999992042e+01 6.801749442265162537e-01 6.264681799241859569e-03 2.953797468342531651e-01 4.342702555298536549e-01
4.722499999999991616e+01 6.802480746125272315e-01 6.256363521643686608e-03 2.954567673096225588e-01 4.343367932028565637e-01
4.729999999999991900e+01 6.803090055029338279e-01 6.247901788703670231e-03 2.955257546056830886e-01 4.343992982824165239e-01
4.737499999999992184e+01 6.803647037285350807e-01 6.239338087519487840e-03 2.955886418962352380e-01 4.344561678116900527e-01
4.744999999999991758e+01 6.804212618671358070e-01 6.230710224538668456e-03 2.956472001543593020e-01 4.345061166123430074e-01
4.752499999999992042e+01 6.804828337958751527e-01 6.222043746674781918e-03 2.957026290607185359e-01 4.345482565830905974e-01
4.759999999999991616e+01 6.805509241933160869e-01 6.213346279248399377e-03 2.957552828922233035e-01 4.345821486361123309e-01
4.767499999999991900e+01 6.806241333210175659e-01 6.204605634527887888e-03 2.958045736261165626e-01 4.346078241198653158e-01
4.774999999999991473e+01 6.806983901903634893e-01 6.195791937757262439e-03 2.958490650279087530e-01 4.346257744860714256e-01
4.782499999999991758e+01 6.807676397392634637e-01 6.186863428898763638e-03 2.958867434870828816e-01 4.346369101804083979e-01
4.789999999999992042e+01 6.808248367006107804e-01 6.177774605926169942e-03 2.959154036238630381e-01 4.346424919776983864e-01
4.797499999999991616e+01 6.808631350014096029e-01 6.168485738498029683e-03 2.959331033044424464e-01 4.346440394424200271e-01
4.804999999999991900e+01 6.808770268576467277e-01 6.158971603542203258e-03 2.959385855502023599e-01 4.346432231911317445e-01
4.812499999999991473e+01 6.808632809919141771e-01 6.149228192760122606e-03 2.959316067765803693e-01 4.346417482603159854e-01
4.819999999999991758e+01 6.808215174504149703e-01 6.139276064540699109e-03 2.959131063108612070e-01 4.346412366915428649e-01
4.827499999999992042e+01 6.807543283473336260e-01 6.129159675444899140e-03 2.958851833321020086e-01 4.346431172173698121e-01
4.834999999999990905e+01 6.806669267427500891e-01 6.118942685345825708e-03 2.958508788364700992e-01 4.346485295711794983e-01
4.842499999999991189e+01 6.805663740122162020e-01 6.108699823302245376e-03 2.958137889434107048e-01 4.346582497155535574e-01
4.849999999999991473e+01 6.804605156161097623e-01 6.098506585122400250e-03 2.957775693784359117e-01 4.346726409402753566e-01
4.857499999999991758e+01 6.803567861932002803e-01 6.088428265472610804e-03 2.957454029953315855e-01 4.346916338559884130e-01
4.864999999999992042e+01 6.802610767437705652e-01 6.078510065285694028e-03 2.957195146761485427e-01 4.347147364239616341e-01
4.872499999999990905e+01 6.801768457517664013e-01 6.068769867554707660e-03 2.957008117966025695e-01 4.347410730657537137e-01
4.879999999999991189e+01 6.801046112291529999e-01 6.059194829923501835e-03 2.956887077002663400e-01 4.347694499025203663e-01
4.887499999999991473e+01 6.800419118596149337e-01 6.049742474380543841e-03 2.956811634353485596e-01 4.347984415060402452e-01
4.894999999999991047e+01 6.799837431128652465e-01 6.040346197016092933e-03 2.956749463439372061e-01 4.348264930428791253e-01
4.902499999999991331e+01 6.799234043375474990e-01 6.030924490118404202e-03 2.956660731280542631e-01 4.348520307462030998e-01
4.909999999999990905e+01 6.798536284949756592e-01 6.021392599408358429e-03 2.956503766309498404e-01 4.348735731328597365e-01
4.917499999999991189e+01 6.797678221540881527e-01 6.011674962293222374e-03 2.956241162707686776e-01 4.348898353764049096e-01
4.924999999999991473e+01 6.796612182526973189e-01 6.001716575026653719e-03 2.955845413200621774e-01 4.348998197660354781e-01
4.932499999999991047e+01 6.795317785644332531e-01 5.991491780655248608e-03 2.955303320808195799e-01 4.349028866687466577e-01
4.939999999999991331e+01 6.793806809215869880e-01 5.981008970501666341e-03 2.954618431427817882e-01 4.348988003927116708e-01
4.947499999999990905e+01 6.792123276190308312e-01 5.970310641522442313e-03 2.953811189893222888e-01 4.348877471420117269e-01
4.954999999999991189e+01 6.790338799716045814e-01 5.959468919066184152e-03 2.952916849397289045e-01 4.348703262819186843e-01
4.962499999999990763e+01 6.788543455317281872e-01 5.948576787625922506e-03 2.951981230859358485e-01 4.348475118837387132e-01
4.969999999999991047e+01 6.786833894054706828e-01 5.937736662867666888e-03 2.951055121445225193e-01 4.348205905010230632e-01
4.977499999999991331e+01 6.785300265038911594e-01 5.927047749410900915e-03 2.950188017269270713e-01 4.347910780706404354e-01
4.984999999999990905e+01 6.784013902074673696e-01 5.916593992181204756e-03 2.949422105102325053e-01 4.347606222033740808e-01
4.992499999999991189e+01 6.783017621345237558e-01 5.906434312703634157e-03 2.948787330617284042e-01 4.347308963694639372e-01
4.999999999999990763e+01 6.782320106353669775e-01 5.896596485285820685e-03 2.948298242642904965e-01 4.347034932605057245e-01
5.007499999999991047e+01 6.781895244683587842e-01 5.887075455590308828e-03 2.947953034386842086e-01 4.346798244484503249e-01
5.014999999999990621e+01 6.781686433501112887e-01 5.877836154094339717e-03 2.947734831278305823e-01 4.346610330900404495e-01
5.022499999999990905e+01 6.781615491243007110e-01 5.868820514876948655e-03 2.947615103596942232e-01 4.346479253215035921e-01
5.029999999999991189e+01 6.781594375215309611e-01 5.859957161082535171e-03 2.947558452024510167e-01 4.346409249714124901e-01
5.037499999999990763e+01 6.781538684718758647e-01 5.851172885192845209e-03 2.947528340915890332e-01 4.346400541159972652e-01
5.044999999999991047e+01 6.781380311773660408e-01 5.842403655119166733e-03 2.947492644007614349e-01 4.346449407785392127e-01
5.052499999999990621e+01 6.781077825131760495e-01 5.833603927631382871e-03 2.947428384435750726e-01 4.346548528778285125e-01
5.059999999999990905e+01 6.780622718495630252e-01 5.824752648744867603e-03 2.947324840264897716e-01 4.346687557509172906e-01
5.067499999999991189e+01 6.780041180673462842e-01 5.815855630235400309e-03 2.947184840621783763e-01 4.346853893782750555e-01
5.074999999999990052e+01 6.779390305579063858e-01 5.806943333128367947e-03 2.947023741562641019e-01 4.347033595539414597e-01
5.082499999999990337e+01 6.778750455286336463e-01 5.798065486309698056e-03 2.946866783416898228e-01 4.347212370266286263e-01
5.089999999999990621e+01 6.778213624758846478e-01 5.789282344321822552e-03 2.946744713259802362e-01 4.347376574996396625e-01
5.097499999999990905e+01 6.777870706099103915e-01 5.780655001049473871e-03 2.946688886784963879e-01 4.347514159769040321e-01
5.104999999999991189e+01 6.777798757100585991e-01 5.772235624419001440e-03 2.946726286265894945e-01 4.347615489732316596e-01
5.112499999999990052e+01 6.778050449823947998e-01 5.764059394991252576e-03 2.946875365689272108e-01 4.347673991960053774e-01
5.119999999999990337e+01 6.778646999185552469e-01 5.756139183965606164e-03 2.947143262190384805e-01 4.347686584866391479e-01
5.127499999999990621e+01 6.779575706895375475e-01 5.748463874470603231e-03 2.947524851634796272e-01 4.347653863702599653e-01
5.134999999999990195e+01 6.780792356102879337e-01 5.741000476146188025e-03 2.948003744501062062e-01 4.347580031480814400e-01
5.142499999999990479e+01 6.782227707340612310e-01 5.733699371095921440e-03 2.948554901586072363e-01 4.347472583963468695e-01
5.149999999999990052e+01 6.783797714111298172e-01 5.726502362668708067e-03 2.949148716774379064e-01 4.347341770878154765e-01
5.157499999999990337e+01 6.785415193048663918e-01 5.719351638126075540e-03 2.949755607363517829e-01 4.347199874202837822e-01
5.164999999999990621e+01 6.787001709378094327e-01 5.712198654054537021e-03 2.950350604819163003e-01 4.347060353237348629e-01
5.172499999999990195e+01 6.788497632641931068e-01 5.705011303689365605e-03 2.950917096833318709e-01 4.346936916710520959e-01
5.179999999999990479e+01 6.789869051985896187e-01 5.697778368602146766e-03 2.951449194935906739e-01 4.346842586121257845e-01
5.187499999999990052e+01 6.791110663935846503e-01 5.690510624159661641e-03 2.951952386282818974e-01 4.346788813145314734e-01
5.194999999999990337e+01 6.792244144068112499e-01 5.683238306918896726e-03 2.952442300444361178e-01 4.346784711828747816e-01
5.202499999999989910e+01 6.793312508061364330e-01 5.676005473185931002e-03 2.952941847424974675e-01 4.346836457061016290e-01
5.209999999999990195e+01 6.794371271908851151e-01 5.668862004125807541e-03 2.953477104149540011e-01 4.346946885815046735e-01
5.217499999999990479e+01 6.795478057788523207e-01 5.661854699199444022e-03 2.954072689307304378e-01 4.347115337855507189e-01
5.224999999999990052e+01 6.796681871212946202e-01 5.655018465114791670e-03 2.954747148022472958e-01 4.347337721568486635e-01
5.232499999999990337e+01 6.798014337595020828e-01 5.648369517406045398e-03 2.955509349982707867e-01 4.347606820476783707e-01
5.239999999999989910e+01 6.799483484181032544e-01 5.641901023228849781e-03 2.956356136171911508e-01 4.347912812862713139e-01
5.247499999999990195e+01 6.801071391804751620e-01 5.635582201615928037e-03 2.957271760297952579e-01 4.348243960299323363e-01
5.254999999999989768e+01 6.802736120200116865e-01 5.629361121306021912e-03 2.958229269246308579e-01 4.348587416851451004e-01
5.262499999999990052e+01 6.804417133700397802e-01 5.623170462160224405e-03 2.959193455711812692e-01 4.348930110495056733e-01
5.269999999999990337e+01 6.806043764811042784e-01 5.616935745916046795e-03 2.960125138097751130e-01 4.349259629217111511e-01
5.277499999999989910e+01 6.807545099530154520e-01 5.610584607636434282e-03 2.960986026680122452e-01 4.349565053758490119e-01
5.284999999999990195e+01 6.808859881423151572e-01 5.604055869680833572e-03 2.961743527126314834e-01 4.349837680177473520e-01
5.292499999999989768e+01 6.809944948121240405e-01 5.597307133013596815e-03 2.962374800147440368e-01 4.350071583125960650e-01
5.299999999999990052e+01 6.810780871025733374e-01 5.590319758812990585e-03 2.962869472170879259e-01 4.350263983349471619e-01
5.307499999999990337e+01 6.811374082960872656e-01 5.583100645042140056e-03 2.963230667356110404e-01 4.350415395285421871e-01
5.314999999999989200e+01 6.811755122126682549e-01 5.575680511807097096e-03 2.963474192025465914e-01 4.350529546194618069e-01
5.322499999999989484e+01 6.811973437001574982e-01 5.568109102504725100e-03 2.963626069808134034e-01 4.350613074487608145e-01
5.329999999999989768e+01 6.812089525010636137e-01 5.560447990854235079e-03 2.963718779125301683e-01 4.350675028923191023e-01
5.337499999999990052e+01 6.812165670377478000e-01 5.552762096385000824e-03 2.963786768945488870e-01 4.350726204198815950e-01
5.344999999999990337e+01 6.812256742340093707e-01 5.545111172587246715e-03 2.963861921747877881e-01 4.350778360020757241e-01
5.352499999999989200e+01 6.812402382628300890e-01 5.537542416843501888e-03 2.963969578615478495e-01 4.350843376741269086e-01
5.359999999999989484e+01 6.812621826420799387e-01 5.530085275274897183e-03 2.964125707547339283e-01 4.350932406157975718e-01
5.367499999999989768e+01 6.812912041734598967e-01 5.522749048264925451e-03 2.964335551656193113e-01 4.351055075270661154e-01
5.374999999999989342e+01 6.813249403197166876e-01 5.515523510773299998e-03 2.964593887040642972e-01 4.351218796789511067e-01
5.382499999999989626e+01 6.813594594527606629e-01 5.508382328721311491e-03 2.964886788434240028e-01 4.351428232632908455e-01
5.389999999999989200e+01 6.813899843905009135e-01 5.501288566897772660e-03 2.965194537557893639e-01 4.351684946191631820e-01
5.397499999999989484e+01 6.814117364154346213e-01 5.494201388800649434e-03 2.965495199605144849e-01 4.351987265739107880e-01
5.404999999999989768e+01 6.814207597140097272e-01 5.487082821626137683e-03 2.965768265088921662e-01 4.352330366825991614e-01
5.412499999999989342e+01 6.814145967441426199e-01 5.479903538734621528e-03 2.965997790340108020e-01 4.352706567355468792e-01
5.419999999999989626e+01 6.813927065266325300e-01 5.472646774911636008e-03 2.966174552002101006e-01 4.353105813418575165e-01
5.427499999999989200e+01 6.813565682565136949e-01 5.465309887613903177e-03 2.966296941502439832e-01 4.353516322727666865e-01
5.434999999999989484e+01 6.813094533457312307e-01 5.457903392280102559e-03 2.966370493704230116e-01 4.353925340588136739e-01
5.442499999999989058e+01 6.812559002390692342e-01 5.450447702545536260e-03 2.966406162110402089e-01 4.354319956817134796e-01
5.449999999999989342e+01 6.812009910689894587e-01 5.442968316867462242e-03 2.966417732692760989e-01 4.354687928503517824e-01
5.457499999999989626e+01 6.811495411048961168e-01 5.435490281066012765e-03 2.966418820891770780e-01 4.355018453187133876e-01
5.464999999999989200e+01 6.811053336857213480e-01 5.428032926915321577e-03 2.966419994559217344e-01 4.355302840614658777e-01
5.472499999999989484e+01 6.810705272112438369e-01 5.420605836744328554e-03 2.966426544158328182e-01 4.355535037325507508e-01
5.479999999999989058e+01 6.810453153216311506e-01 5.413206638282003040e-03 2.966437237778531966e-01 4.355711978398382200e-01
5.487499999999989342e+01 6.810279513878757518e-01 5.405821439366621101e-03 2.966444514852427661e-01 4.355833719903965395e-01
5.494999999999988916e+01 6.810150383129537355e-01 5.398427142199103100e-03 2.966435714638401278e-01 4.355903390895760063e-01
5.502499999999989200e+01 6.810021583370360343e-01 5.390996142691750238e-03 2.966395627516129618e-01 4.355926910363807081e-01
5.509999999999989484e+01 6.809846530079749494e-01 5.383501983196569904e-03 2.966309592741304124e-01 4.355912544634931716e-01
5.517499999999989058e+01 6.809584648058472078e-01 5.375925239889492967e-03 2.966166751109021726e-01 4.355870298131511165e-01
5.524999999999989342e+01 6.809209443886355961e-01 5.368258974516259240e-03 2.965963083420227742e-01 4.355811211069760547e-01
5.532499999999988916e+01 6.808714177177276339e-01 5.360512156222907443e-03 2.965703350430317631e-01 4.355746581889599067e-01
5.539999999999989200e+01 6.808114815944974474e-01 5.352710920924049799e-03 2.965401850191917710e-01 4.355687191477419784e-01
5.547499999999989484e+01 6.807449424487550527e-01 5.344897072990568813e-03 2.965081651241512350e-01 4.355642570880674525e-01
5.554999999999988347e+01 6.806774201878127428e-01 5.337124092131109547e-03 2.964772433178824995e-01 4.355620364725458216e-01
5.562499999999988631e+01 6.806156300330500342e-01 5.329450820745545644e-03 2.964507019039703817e-01 4.355625830831640344e-01
5.569999999999988916e+01 6.805664901671022449e-01 5.321934051774335206e-03 2.964317266838298881e-01 4.355661510913442225e-01
5.577499999999989200e+01 6.805361484958269980e-01 5.314620777758041065e-03 2.964229738794541547e-01 4.355727091567889175e-01
5.584999999999989484e+01 6.805290877541082528e-01 5.307541353784453811e-03 2.964261846088611652e-01 4.355819463751814946e-01
5.592499999999988347e+01 6.805474360729563132e-01 5.300704546874307824e-03 2.964419017839450277e-01 4.355932974996408191e-01
5.599999999999988631e+01 6.805905937333155409e-01 5.294095291465147554e-03 2.964693363220476385e-01 4.356059855247088608e-01
5.607499999999988916e+01 6.806552336450805152e-01 5.287675536709640634e-03 2.965064057209925164e-01 4.356190785944977217e-01
5.614999999999988489e+01 6.807356551174064130e-01 5.281387952709040365e-03 2.965499335446120099e-01 4.356315572943891823e-01
5.622499999999988773e+01 6.808245070215153127e-01 5.275162537869650635e-03 2.965960136917205059e-01 4.356423874770235516e-01
5.629999999999988347e+01 6.809137095604718137e-01 5.268924723254389889e-03 2.966404619192215542e-01 4.356505938332513317e-01
5.637499999999988631e+01 6.809954921451687460e-01 5.262604260940830295e-03 2.966793152105386966e-01 4.356553290477511164e-01
5.644999999999988916e+01 6.810633835599412267e-01 5.256143568228057068e-03 2.967093044264732526e-01 4.356559339243342155e-01
5.652499999999988489e+01 6.811130271113932100e-01 5.249504500341118686e-03 2.967282418817811518e-01 4.356519844293809118e-01
5.659999999999988773e+01 6.811426891942206074e-01 5.242672512708304068e-03 2.967352642192894185e-01 4.356433225031334233e-01
5.667499999999988347e+01 6.811534370954557271e-01 5.235658028197258569e-03 2.967309187480789978e-01 4.356300689216012767e-01
5.674999999999988631e+01 6.811488980659329284e-01 5.228494344634518169e-03 2.967170540580083005e-01 4.356126170071071280e-01
5.682499999999988205e+01 6.811347063758428355e-01 5.221232946339726330e-03 2.966965621757543525e-01 4.355916082362133457e-01
5.689999999999988489e+01 6.811176818876132355e-01 5.213936597504941969e-03 2.966729923980305772e-01 4.355678912575677852e-01
5.697499999999988773e+01 6.811048727822089921e-01 5.206671290940898499e-03 2.966500968013571216e-01 4.355424673289841064e-01
5.704999999999988347e+01 6.811025977829069378e-01 5.199498143813704315e-03 2.966313691045712186e-01 4.355164259689386919e-01
5.712499999999988631e+01 6.811156239195926831e-01 5.192466332205151157e-03 2.966196392272186788e-01 4.354908752794008908e-01
5.719999999999988205e+01 6.811465883478733385e-01 5.185607936769602057e-03 2.966167739832206163e-01 4.354668716798054118e-01
5.727499999999988489e+01 6.811957438557688649e-01 5.178935342745172483e-03 2.966235217557291470e-01 4.354453538960071923e-01
5.734999999999988063e+01 6.812610467087693022e-01 5.172441361614953104e-03 2.966395120886169412e-01 4.354270855815225438e-01
5.742499999999988347e+01 6.813385705792078806e-01 5.166101969014126952e-03 2.966634055706356410e-01 4.354126103831773564e-01
5.749999999999988631e+01 6.814231614596298892e-01 5.159881025536700201e-03 2.966931589683596826e-01 4.354022225086003894e-01
5.757499999999988205e+01 6.815092454931118704e-01 5.153736316806024030e-03 2.967263684401062473e-01 4.353959544971504059e-01
5.764999999999988489e+01 6.815916445492663511e-01 5.147625812932958220e-03 2.967606281155844572e-01 4.353935827834728989e-01
5.772499999999988063e+01 6.816663063821616353e-01 5.141513453948305494e-03 2.967938641291653079e-01 4.353946518265700560e-01
5.779999999999988347e+01 6.817307910112199165e-01 5.135373207821966601e-03 2.968245714121090506e-01 4.353985111510445538e-01
5.787499999999988631e+01 6.817845255144070471e-01 5.129191547737495076e-03 2.968519608253069597e-01 4.354043685596000746e-01
5.794999999999987494e+01 6.818287193311971528e-01 5.122967448280238423e-03 2.968759636278391900e-01 4.354113506967608460e-01
5.802499999999987779e+01 6.818660241885090567e-01 5.116710520472069965e-03 2.968971279503912486e-01 4.354185681912066119e-01
5.809999999999988063e+01 6.818999621344330464e-01 5.110437444469357812e-03 2.969164155236690972e-01 4.354251825946480747e-01
5.817499999999988347e+01 6.819342465279244481e-01 5.104167567823435572e-03 2.969349482581277178e-01 4.354304682159243489e-01
5.824999999999988631e+01 6.819720888115258228e-01 5.097918333194198688e-03 2.969537429085614688e-01 4.354338656675281194e-01
5.832499999999987494e+01 6.820156163055069998e-01 5.091701428811395806e-03 2.969734858354240448e-01 4.354350233857336994e-01
5.839999999999987779e+01 6.820654680117421709e-01 5.085520124830012270e-03 2.969943752900721101e-01 4.354338244916969858e-01
5.847499999999988063e+01 6.821206677326768775e-01 5.079368498685355934e-03 2.970160729606255989e-01 4.354303967183504320e-01
5.854999999999987637e+01 6.821787521496058826e-01 5.073232365800338373e-03 2.970377550176092063e-01 4.354251053431623664e-01
5.862499999999987921e+01 6.822361521372178883e-01 5.067091889765377825e-03 2.970582620374946359e-01 4.354185293566023573e-01
5.869999999999987494e+01 6.822887559152525094e-01 5.060925347368710157e-03 2.970763178905426738e-01 4.354114226784102093e-01
5.877499999999987779e+01 6.823325652437388644e-01 5.054713410203859336e-03 2.970907806847312704e-01 4.354046630891876823e-01
5.884999999999988063e+01 6.823643330095374715e-01 5.048443153101388019e-03 2.971008795600160735e-01 4.353991924660919333e-01
5.892499999999987637e+01 6.823820862187224279e-01 5.042111129343685230e-03 2.971063982965760353e-01 4.353959523511658491e-01
5.899999999999987921e+01 6.823854478094986131e-01 5.035724934318090880e-03 2.971077711247667175e-01 4.353958192961204787e-01
5.907499999999987494e+01 6.823757052606279627e-01 5.029302939683754671e-03 2.971060711618171979e-01 4.353995443731981663e-01
5.914999999999987779e+01 6.823556163882197323e-01 5.022872191645355242e-03 2.971028901358221397e-01 4.354077009117607311e-01
5.922499999999987352e+01 6.823289830390438793e-01 5.016464756768108241e-03 2.971001252195906162e-01 4.354206440071300421e-01
5.929999999999987637e+01 6.823000556212154288e-01 5.010113020796072396e-03 2.970997021332064669e-01 4.354384844109464026e-01
5.937499999999987921e+01 6.822728699950372233e-01 5.003844713803741288e-03 2.971032798820965048e-01 4.354610786213111151e-01
5.944999999999987494e+01 6.822506110752178943e-01 4.997678358898684399e-03 2.971119784365261474e-01 4.354880356476069636e-01
5.952499999999987779e+01 6.822351117366047824e-01 4.991619928578516253e-03 2.971261762486355762e-01 4.355187400019791544e-01
5.959999999999987352e+01 6.822265603959135616e-01 4.985661214345335490e-03 2.971454083749813790e-01 4.355523892276200737e-01
5.967499999999987637e+01 6.822234653038650176e-01 4.979780216424946164e-03 2.971683844151580267e-01 4.355880434027552539e-01
5.974999999999987210e+01 6.822228838546027241e-01 4.973943559474840355e-03 2.971931276786210496e-01 4.356246832405576419e-01
5.982499999999987494e+01 6.822208797726221352e-01 4.968110602621868613e-03 2.972172168018526461e-01 4.356612727844277888e-01
5.989999999999987779e+01 6.822131372969969521e-01 4.962238668003944586e-03 2.972380962134356652e-01 4.356968225371993242e-01
5.997499999999987352e+01 6.821956431067852655e-01 4.956288681991485520e-03 2.972534137024387402e-01 4.357304487444654817e-01
6.004999999999987637e+01 6.821653261379617694e-01 4.950230384003432259e-03 2.972613345594055101e-01 4.357614249354079261e-01
6.012499999999987210e+01 6.821205579630802429e-01 4.944046361707258447e-03 2.972607874976482822e-01 4.357892223411590771e-01
6.019999999999987494e+01 6.820614391017612022e-01 4.937734350757172486e-03 2.972516079155811397e-01 4.358135365445168219e-01
6.027499999999987779e+01 6.819898248466357282e-01 4.931307458854909155e-03 2.972345570824790340e-01 4.358342987731824714e-01
6.034999999999986642e+01 6.819090862026238042e-01 4.924792292171993949e-03 2.972112148325791736e-01 4.358516712068934984e-01
6.042499999999986926e+01 6.818236429918638208e-01 4.918225274275575369e-03 2.971837621981010535e-01 4.358660267251062703e-01
6.049999999999987210e+01 6.817383431417631812e-01 4.911647727550116395e-03 2.971546875167814239e-01 4.358779149011279830e-01
6.057499999999987494e+01 6.816577682810787131e-01 4.905100329546348455e-03 2.971264524622694303e-01 4.358880163744434655e-01
6.064999999999987779e+01 6.815855991373087619e-01 4.898617945196518352e-03 2.971011783761682290e-01 4.358970887181490284e-01
6.072499999999986642e+01 6.815241093859988331e-01 4.892225376476111616e-03 2.970803859865112084e-01 4.359059083825485570e-01
6.079999999999986926e+01 6.814738825510116005e-01 4.885934727467640577e-03 2.970648314300319282e-01 4.359152111860944423e-01
6.087499999999987210e+01 6.814337828464130942e-01 4.879744665670515333e-03 2.970544565226920231e-01 4.359256379715540364e-01
6.094999999999986784e+01 6.814012032057974455e-01 4.873641734898088301e-03 2.970484637420378604e-01 4.359376859690149431e-01
6.102499999999987068e+01 6.813725350748542908e-01 4.867603369130505536e-03 2.970454956011884251e-01 4.359516715309864621e-01
6.109999999999986642e+01 6.813437946837891390e-01 4.861602143824335712e-03 2.970438909876662592e-01 4.359677057388098853e-01
6.117499999999986926e+01 6.813113154521198700e-01 4.855610630124866135e-03 2.970419802978880863e-01 4.359856846069998237e-01
6.124999999999987210e+01 6.812723899805572803e-01 4.849606024438317051e-03 2.970383689968463248e-01 4.360052944539898889e-01
6.132499999999986784e+01 6.812257739150008318e-01 4.843573927331380410e-03 2.970321710935962534e-01 4.360260319960502784e-01
6.139999999999987068e+01 6.811719668695774832e-01 4.837510659929954160e-03 2.970231545196985179e-01 4.360472376523517601e-01
6.147499999999986642e+01 6.811132299549224056e-01 4.831423816639099714e-03 2.970117791278880093e-01 4.360681397240586676e-01
6.154999999999986926e+01 6.810533281525620319e-01 4.825330950222883955e-03 2.969991199862178632e-01 4.360879063492182350e-01
6.162499999999986500e+01 6.809970467676550454e-01 4.819256712469107209e-03 2.969866949059081218e-01 4.361057016554655830e-01
6.169999999999986784e+01 6.809495387896926655e-01 4.813228821207272447e-03 2.969762182684880791e-01 4.361207422158303038e-01
6.177499999999987068e+01 6.809156113612570005e-01 4.807273585518156457e-03 2.969693257453834834e-01 4.361323500157314181e-01
6.184999999999986642e+01 6.808990452638858937e-01 4.801411615486716501e-03 2.969673084178527933e-01 4.361399982618004989e-01
6.192499999999986926e+01 6.809020582423089829e-01 4.795654464133910014e-03 2.969709026914917338e-01 4.361433470447966809e-01
6.199999999999986500e+01 6.809249858131363187e-01 4.790002686415433843e-03 2.969801665577562755e-01 4.361422663953403722e-01
6.207499999999986784e+01 6.809662205449051875e-01 4.784445577688076212e-03 2.969944592349866852e-01 4.361368453744055573e-01
6.214999999999986358e+01 6.810224365689013792e-01 4.778962757765794871e-03 2.970125353951434954e-01 4.361273864801570310e-01
6.222499999999986642e+01 6.810890396916451373e-01 4.773527173892039288e-03 2.970327283954314890e-01 4.361143860572319619e-01
6.229999999999986926e+01 6.811608077617373747e-01 4.768109274878585581e-03 2.970532078249352725e-01 4.360985019103466032e-01
6.237499999999986500e+01 6.812325967001615634e-01 4.762681500888545430e-03 2.970722586179224134e-01 4.360805106169576284e-01
6.244999999999986784e+01 6.813000257826897776e-01 4.757222512120581372e-03 2.970885458819296776e-01 4.360612573596030495e-01
6.252499999999986358e+01 6.813600495009781710e-01 4.751720549588831985e-03 2.971013273630410678e-01 4.360416017649337284e-01
6.259999999999986642e+01 6.814113136684415428e-01 4.746175263616541837e-03 2.971105715023948379e-01 4.360223635015278432e-01
6.267499999999986926e+01 6.814542653986775944e-01 4.740597852236599907e-03 2.971169703889282587e-01 4.360042712699188083e-01
6.274999999999985789e+01 6.814909936111092081e-01 4.735009400797870679e-03 2.971218399000656873e-01 4.359879186747072088e-01
6.282499999999986073e+01 6.815248335044589156e-01 4.729437702453084813e-03 2.971269236566144167e-01 4.359737298621422230e-01
6.289999999999986358e+01 6.815597918018920787e-01 4.723912991792333406e-03 2.971341271837371067e-01 4.359619372471793541e-01
6.297499999999986642e+01 6.815998861414251930e-01 4.718463261833867085e-03 2.971452239139871221e-01 4.359525726979544547e-01
6.304999999999986926e+01 6.816484932286287490e-01 4.713109826896313623e-03 2.971615745858119384e-01 4.359454726853511097e-01
6.312499999999985789e+01 6.817078054041320057e-01 4.707863811537483546e-03 2.971839031033030043e-01 4.359402969240253611e-01
6.319999999999986073e+01 6.817784728494784563e-01 4.702724075374280742e-03 2.972121615636539316e-01 4.359365591604295043e-01
6.327499999999986358e+01 6.818594821004065887e-01 4.697676884007095412e-03 2.972455048355483465e-01 4.359336676229982332e-01
6.334999999999985931e+01 6.819482807887239373e-01 4.692697360399054364e-03 2.972823777812794166e-01 4.359309732952918459e-01
6.342499999999986215e+01 6.820411431252452195e-01 4.687752606771874823e-03 2.973207090845054745e-01 4.359278206034963299e-01
6.349999999999985789e+01 6.821336916213087687e-01 4.682805890643316864e-03 2.973581740558499664e-01 4.359235993007224419e-01
6.357499999999986073e+01 6.822215128884361324e-01 4.677821406518518042e-03 2.973924959194141904e-01 4.359177925367575535e-01
6.364999999999986358e+01 6.823007622300912844e-01 4.672768855902163267e-03 2.974217376781720379e-01 4.359100181949862041e-01
6.372499999999985931e+01 6.823686913677140531e-01 4.667627367657177853e-03 2.974445540039529767e-01 4.359000607248939563e-01
6.379999999999986215e+01 6.824239862446259686e-01 4.662387969856966047e-03 2.974603524768737461e-01 4.358878915053906455e-01
6.387499999999985789e+01 6.824668926195710528e-01 4.657054449793762013e-03 2.974693529805758629e-01 4.358736756280935376e-01
6.394999999999986073e+01 6.824991157033861722e-01 4.651642527275483795e-03 2.974725396192665627e-01 4.358577656363558095e-01
6.402499999999986358e+01 6.825234956961451216e-01 4.646177365333601511e-03 2.974715058154832059e-01 4.358406819564136225e-01
6.409999999999985221e+01 6.825435338700152066e-01 4.640689959258333282e-03 2.974682263884584899e-01 4.358230817920382694e-01
6.417499999999986926e+01 6.825628298541657202e-01 4.635212846448697258e-03 2.974647844208444525e-01 4.358057184045604493e-01
6.424999999999985789e+01 6.825845225912453573e-01 4.629775801060528710e-03 2.974630952181382959e-01 4.357893936547243552e-01
6.432499999999986073e+01 6.826108199119867992e-01 4.624402123159374739e-03 2.974646665722261440e-01 4.357749070115531920e-01
6.439999999999986358e+01 6.826426847017221800e-01 4.619106013594097629e-03 2.974704272754592482e-01 4.357630044851907858e-01
6.447499999999985221e+01 6.826797235504925565e-01 4.613891371432594923e-03 2.974806461731158702e-01 4.357543309269145126e-01
6.454999999999985505e+01 6.827202891961352549e-01 4.608752111783348017e-03 2.974949488156144461e-01 4.357493889128416509e-01
6.462499999999985789e+01 6.827617777887567962e-01 4.603673891482858854e-03 2.975124252370791034e-01 4.357485068959557339e-01
6.469999999999986073e+01 6.828010676394922207e-01 4.598636894886884777e-03 2.975318070991808117e-01 4.357518187951526789e-01
6.477499999999986358e+01 6.828350319765965626e-01 4.593619231110489427e-03 2.975516856951813116e-01 4.357592562787252488e-01
6.484999999999985221e+01 6.828610392039852206e-01 4.588600362494754670e-03 2.975707335077841797e-01 4.357705542179767244e-01
6.492499999999985505e+01 6.828773669256100742e-01 4.583564065377973042e-03 2.975878969446642541e-01 4.357852688608470082e-01
6.499999999999985789e+01 6.828834627400423019e-01 4.578500464762385799e-03 2.976025302095544056e-01 4.358028074298889720e-01
6.507499999999986073e+01 6.828800141179128813e-01 4.573406876115970049e-03 2.976144524632461374e-01 4.358224670664574973e-01
6.514999999999984936e+01 6.828688211265845354e-01 4.568287394131303851e-03 2.976239237276537830e-01 4.358434805042632476e-01
6.522499999999985221e+01 6.828524923290862914e-01 4.563151339769758001e-03 2.976315461364817949e-01 4.358650652666060110e-01
6.529999999999985505e+01 6.828340180290516370e-01 4.558010901545215578e-03 2.976381118709019447e-01 4.358864731578717677e-01
6.537499999999985789e+01 6.828162874238091762e-01 4.552878385053919091e-03 2.976444244228992897e-01 4.359070366436029187e-01
6.544999999999986073e+01 6.828016330942637824e-01 4.547763598098890532e-03 2.976511274955717656e-01 4.359262091197718680e-01
6.552499999999984936e+01 6.827914695819424784e-01 4.542671785975819880e-03 2.976585687760648913e-01 4.359435963052004648e-01
6.559999999999985221e+01 6.827860905963859528e-01 4.537602522807031129e-03 2.976667254961405940e-01 4.359589768973483048e-01
6.567499999999985505e+01 6.827846533651870109e-01 4.532549726036584452e-03 2.976752032574520035e-01 4.359723110212329056e-01
6.574999999999985789e+01 6.827853543882415055e-01 4.527502810821004177e-03 2.976833098114803899e-01 4.359837361745949602e-01
6.582499999999984652e+01 6.827857666140428883e-01 4.522448780286587172e-03 2.976901909623639320e-01 4.359935510059317343e-01
6.589999999999984936e+01 6.827832883793631957e-01 4.517374928320778103e-03 2.976950077763386160e-01 4.360021881656473974e-01
6.597499999999985221e+01 6.827756243418934279e-01 4.512271643271633000e-03 2.976971216648452989e-01 4.360101782364982359e-01
6.604999999999985505e+01 6.827612298408869407e-01 4.507134882819295411e-03 2.976962590102137929e-01 4.360181070615125054e-01
6.612499999999985789e+01 6.827396433884763693e-01 4.501967866588285454e-03 2.976926251781497612e-01 4.360265703931941461e-01
6.619999999999984652e+01 6.827116358707133736e-01 4.496781533572418929e-03 2.976869375224934222e-01 4.360361269408143947e-01
6.627499999999984936e+01 6.826791764376739513e-01 4.491593834984108219e-03 2.976803814135711157e-01 4.360472557064265509e-01
6.634999999999985221e+01 6.826451931403053619e-01 4.486427737119144665e-03 2.976744803578545984e-01 4.360603185213859367e-01
6.642499999999985505e+01 6.826131765863890921e-01 4.481308290612758503e-03 2.976709032039518421e-01 4.360755306432027023e-01
6.649999999999985789e+01 6.825866632153420044e-01 4.476259054291345518e-03 2.976712271103738594e-01 4.360929434340042876e-01
6.657499999999984652e+01 6.825687060696413733e-01 4.471298552135430544e-03 2.976767011084155978e-01 4.361124359516771465e-01
6.664999999999984936e+01 6.825613892350188561e-01 4.466437185551540463e-03 2.976880384170095262e-01 4.361337208813460542e-01
6.672499999999985221e+01 6.825654666388650815e-01 4.461675083560887392e-03 2.977052699505995381e-01 4.361563608199809927e-01
6.679999999999985505e+01 6.825801999807731280e-01 4.457001374983577541e-03 2.977276918489023538e-01 4.361797952200909823e-01
6.687499999999985789e+01 6.826033994257678650e-01 4.452394874789856148e-03 2.977539072515710261e-01 4.362033759311087500e-01
6.694999999999984652e+01 6.826316886791561345e-01 4.447826287878762705e-03 2.977819699734824965e-01 4.362264086357746651e-01
6.702499999999983515e+01 6.826609395467612140e-01 4.443261535563812481e-03 2.978096044211637761e-01 4.362481975589351246e-01
6.709999999999985221e+01 6.826868364113386489e-01 4.438665906325298290e-03 2.978344823144268849e-01 4.362680901832607927e-01
6.717499999999985505e+01 6.827054735778721462e-01 4.434008364984431266e-03 2.978545119178285239e-01 4.362855190787540138e-01
6.724999999999985789e+01 6.827139071088462741e-01 4.429265480361072906e-03 2.978681035542815048e-01 4.363000379114759797e-01
6.732499999999984652e+01 6.827105841940933617e-01 4.424424451036743262e-03 2.978743761660480605e-01 4.363113492925765335e-01
6.739999999999983515e+01 6.826955796585398861e-01 4.419484759686489496e-03 2.978732728028686827e-01 4.363193225183240598e-01
6.747499999999985221e+01 6.826706121009985528e-01 4.414458277204553159e-03 2.978655722543765982e-01 4.363240001465135687e-01
6.754999999999984084e+01 6.826388323290353277e-01 4.409367776443277702e-03 2.978527932987427018e-01 4.363255929676971290e-01
6.762499999999985789e+01 6.826044142886491528e-01 4.404244067302923518e-03 2.978370050513595713e-01 4.363244637990502106e-01
6.769999999999984652e+01 6.825720084833184487e-01 4.399122163024337187e-03 2.978205704367469231e-01 4.363211012688714141e-01
6.777499999999983515e+01 6.825461334232525434e-01 4.394036990993467444e-03 2.978058570645815140e-01 4.363160854358097973e-01
6.784999999999985221e+01 6.825305889231841894e-01 4.389019215362744211e-03 2.977949537623615361e-01 4.363100476305202813e-01
6.792499999999984084e+01 6.825279759473540375e-01 4.384091743047825208e-03 2.977894316465228286e-01 4.363036273102048335e-01
6.799999999999985789e+01 6.825393970564412882e-01 4.379267411375067746e-03 2.977901839735039857e-01 4.362974287752048874e-01
6.807499999999984652e+01 6.825643436782220519e-01 4.374547920254576866e-03 2.977973496713296475e-01 4.362919810117107389e-01
6.814999999999983515e+01 6.826008359364280631e-01 4.369924441417111921e-03 2.978103506825754421e-01 4.362877028622788034e-01
6.822499999999983800e+01 6.826457396789876730e-01 4.365379437896135979e-03 2.978280121504631728e-01 4.362848763848083400e-01
6.829999999999984084e+01 6.826952343276846413e-01 4.360889530384090551e-03 2.978487549252326616e-01 4.362836298667777668e-01
6.837499999999985789e+01 6.827453675456333082e-01 4.356429005620257068e-03 2.978708332592844288e-01 4.362839316363070763e-01
6.844999999999984652e+01 6.827925828649001883e-01 4.351973242034008586e-03 2.978925684172272215e-01 4.362855952056663433e-01
6.852499999999983515e+01 6.828341918691267498e-01 4.347501865708026242e-03 2.979125653476417668e-01 4.362882950137040305e-01
6.859999999999983800e+01 6.828686791583847837e-01 4.343000920078916340e-03 2.979298631174129852e-01 4.362915919421031519e-01
6.867499999999984084e+01 6.828958272050108524e-01 4.338463955378146254e-03 2.979440121355935167e-01 4.362949666203602694e-01
6.874999999999984368e+01 6.829166428595263572e-01 4.333891907875440062e-03 2.979550686664358405e-01 4.362978582844761477e-01
6.882499999999984652e+01 6.829330981632507624e-01 4.329291829680049358e-03 2.979635101777287076e-01 4.362997063388813213e-01
6.889999999999983515e+01 6.829477414214879527e-01 4.324674808041131108e-03 2.979700942740332037e-01 4.362999922275722087e-01
6.897499999999983800e+01 6.829632247806751710e-01 4.320053337845145870e-03 2.979756789778682524e-01 4.362982781006390365e-01
6.904999999999984084e+01 6.829818487130508986e-01 4.315438761029768283e-03 2.979810464491048361e-01 4.362942397526278215e-01
6.912499999999984368e+01 6.830051676095469926e-01 4.310839035474537707e-03 2.979867483271767536e-01 4.362876921855539658e-01
6.919999999999984652e+01 6.830337286756998916e-01 4.306257270405444530e-03 2.979930031120561207e-01 4.362786061675459903e-01
6.927499999999983515e+01 6.830669927395082164e-01 4.301691294314930782e-03 2.979996644136660988e-01 4.362671122762187270e-01
6.934999999999983800e+01 6.831034061319127826e-01 4.297134096192340748e-03 2.980062495709381309e-01 4.362534967559373311e-01
6.942499999999984084e+01 6.831406679692879624e-01 4.292575366860723954e-03 2.980120448443051018e-01 4.362381846335970925e-01
6.949999999999984368e+01 6.831760873889245467e-01 4.288003514151923594e-03 2.980162442335579920e-01 4.362217146278726254e-01
6.957499999999984652e+01 6.832070171922340895e-01 4.283408064276707922e-03 2.980181160720513089e-01 4.362047060008429344e-01
6.964999999999983515e+01 6.832312700583316190e-01 4.278781885726846632e-03 2.980171583408741665e-01 4.361878201438740277e-01
6.972499999999983800e+01 6.832474601756768351e-01 4.274122903900778869e-03 2.980132194744811169e-01 4.361717193911791024e-01
6.979999999999984084e+01 6.832552130074039942e-01 4.269434979322569990e-03 2.980065615567146775e-01 4.361570257839882392e-01
6.987499999999984368e+01 6.832552177184775255e-01 4.264727825807047151e-03 2.979978568282667384e-01 4.361442826932807049e-01
6.994999999999983231e+01 6.832491002345693065e-01 4.260015862349459011e-03 2.979881095713439176e-01 4.361339216825024789e-01
7.002499999999983515e+01 6.832391658128780243e-01 4.255316335902625466e-03 2.979785264215806251e-01 4.361262370945365729e-01
7.009999999999983800e+01 6.832280053369621520e-01 4.250646696059861944e-03 2.979703333937956389e-01 4.361213695373029053e-01
7.017499999999984084e+01 6.832180894141548499e-01 4.246022015186388943e-03 2.979645949157041507e-01 4.361193000191235236e-01
7.024999999999984368e+01 6.832113502497648705e-01 4.241452448157947107e-03 2.979620344830951062e-01 4.361198542356881092e-01
7.032499999999983231e+01 6.832088690324925606e-01 4.236941465487214890e-03 2.979629085603876515e-01 4.361227174675580964e-01
7.039999999999983515e+01 6.832106845384050553e-01 4.232484933484294970e-03 2.979669393172936775e-01 4.361274582797368127e-01
7.047499999999983800e+01 6.832157682967241463e-01 4.228071305162076077e-03 2.979733252312966041e-01 4.361335599354686510e-01
7.054999999999984084e+01 6.832221680765845351e-01 4.223682899549714535e-03 2.979808285632317144e-01 4.361404569206397408e-01
7.062499999999982947e+01 6.832272907171271781e-01 4.219298061656297054e-03 2.979879256044752900e-01 4.361475743916815584e-01
7.069999999999983231e+01 6.832282926595905082e-01 4.214893973301672703e-03 2.979930039124275565e-01 4.361543676015458004e-01
7.077499999999983515e+01 6.832225076839357758e-01 4.210449651581167282e-03 2.979945740906564389e-01 4.361603587985293795e-01
7.084999999999983800e+01 6.832078506701986242e-01 4.205948732808016677e-03 2.979914677194472894e-01 4.361651691020967947e-01
7.092499999999984084e+01 6.831831369058732895e-01 4.201381649664834642e-03 2.979829935024776999e-01 4.361685431113514477e-01
7.099999999999982947e+01 6.831482668689701221e-01 4.196746884517680784e-03 2.979690288007545984e-01 4.361703648410279466e-01
7.107499999999983231e+01 6.831042476776423289e-01 4.192051116846780105e-03 2.979500331298842175e-01 4.361706637644671702e-01
7.114999999999983515e+01 6.830530526343655540e-01 4.187308280020794575e-03 2.979269841234788441e-01 4.361696108002865446e-01
7.122499999999983800e+01 6.829973379054627980e-01 4.182537654730858999e-03 2.979012444582047614e-01 4.361675045056161437e-01
7.129999999999984084e+01 6.829400623902931455e-01 4.177761298369537732e-03 2.978743805737473771e-01 4.361647485303260519e-01
7.137499999999982947e+01 6.828840705706450409e-01 4.173001196798159333e-03 2.978479604214678833e-01 4.361618219803755636e-01
7.144999999999983231e+01 6.828316997844877667e-01 4.168276534080625484e-03 2.978233583600600198e-01 4.361592445899299397e-01
7.152499999999983515e+01 6.827844767977921947e-01 4.163601502244094685e-03 2.978015974480081596e-01 4.361575395572483416e-01
7.159999999999983800e+01 6.827429467546347608e-01 4.158983926805955543e-03 2.977832491593057629e-01 4.361571958740769750e-01
7.167499999999984084e+01 6.827066583492382712e-01 4.154424882693213972e-03 2.977684034670354807e-01 4.361586339102499488e-01
7.174999999999982947e+01 6.826743157825657660e-01 4.149919363158368138e-03 2.977567143066122135e-01 4.361621748802525511e-01
7.182499999999981810e+01 6.826440598057943454e-01 4.145457803090225359e-03 2.977475067069547121e-01 4.361680182079969992e-01
7.189999999999983515e+01 6.826138426368937306e-01 4.141028237085329390e-03 2.977399302464345254e-01 4.361762268053108738e-01
7.197499999999983800e+01 6.825818250825156364e-01 4.136618663019073563e-03 2.977331282707971205e-01 4.361867212547080319e-01
7.204999999999984084e+01 6.825467581133843886e-01 4.132219408082345169e-03 2.977264083523323279e-01 4.361992857094109111e-01
7.212499999999982947e+01 6.825082524584350496e-01 4.127824867908014977e-03 2.977193685978648530e-01 4.362135806057466647e-01
7.219999999999981810e+01 6.824669183618699009e-01 4.123434544469468249e-03 2.977119741106948325e-01 4.362291652543319742e-01
7.227499999999983515e+01 6.824243463507804197e-01 4.119053182312457789e-03 2.977045687516322037e-01 4.362455272054520661e-01
7.234999999999982379e+01 6.823829207441288736e-01 4.114689934408130231e-03 2.976978167544275244e-01 4.362621157484309342e-01
7.242499999999984084e+01 6.823455014959839415e-01 4.110356766537746377e-03 2.976925888164956291e-01 4.362783782758590245e-01
7.249999999999982947e+01 6.823150190992419706e-01 4.106066345912154185e-03 2.976898100786304902e-01 4.362937964807306335e-01
7.257499999999981810e+01 6.822940429569107623e-01 4.101829758692115621e-03 2.976902947370795305e-01 4.363079200383400136e-01
7.264999999999983515e+01 6.822843903530200205e-01 4.097654439252278701e-03 2.976945950116773876e-01 4.363203954551085895e-01
7.272499999999982379e+01 6.822868371007709820e-01 4.093542658284065640e-03 2.977028898237079613e-01 4.363309881350363462e-01
7.279999999999984084e+01 6.823009682425223987e-01 4.089490782913563285e-03 2.977149289961067424e-01 4.363395962385394622e-01
7.287499999999982947e+01 6.823252102858634593e-01 4.085489542721092333e-03 2.977300504257989200e-01 4.363462553304507940e-01
7.294999999999981810e+01 6.823570227109506670e-01 4.081525159796145844e-03 2.977472604071280671e-01 4.363511336399846230e-01
7.302499999999983515e+01 6.823932380098189920e-01 4.077581275230305821e-03 2.977653726236924037e-01 4.363545182424680702e-01
7.309999999999982379e+01 6.824304945983276083e-01 4.073641343139385203e-03 2.977831821834883153e-01 4.363567931687472035e-01
7.317499999999982663e+01 6.824657026672238391e-01 4.069691145349076805e-03 2.977996495609179783e-01 4.363584109751631468e-01
7.324999999999982947e+01 6.824964730045235406e-01 4.065721027122938883e-03 2.978140652367545771e-01 4.363598597450637495e-01
7.332499999999981810e+01 6.825214476369590999e-01 4.061727512959620312e-03 2.978261698877634478e-01 4.363616277831324219e-01
7.339999999999982094e+01 6.825404846220708421e-01 4.057714046620372085e-03 2.978362110219345826e-01 4.363641684739760773e-01
7.347499999999982379e+01 6.825546679676047779e-01 4.053690711417781874e-03 2.978449250214207922e-01 4.363678676585609484e-01
7.354999999999982663e+01 6.825661357666311657e-01 4.049672917726279339e-03 2.978534430987671566e-01 4.363730157286956901e-01
7.362499999999982947e+01 6.825777675226585295e-01 4.045679326696422461e-03 2.978631404280234207e-01 4.363797864514180613e-01
7.369999999999981810e+01 6.825927528078356010e-01 4.041729158190025296e-03 2.978754389586041329e-01 4.363882237736889658e-01
7.377499999999982094e+01 6.826141243393339941e-01 4.037839387884461194e-03 2.978916008411753857e-01 4.363982376272815267e-01
7.384999999999982379e+01 6.826443117002607419e-01 4.034022167862231015e-03 2.979125370966250186e-01 4.364096089142160961e-01
7.392499999999982663e+01 6.826847818488733788e-01 4.030282856219776985e-03 2.979386601460463080e-01 4.364220033426807754e-01
7.399999999999982947e+01 6.827358198150197399e-01 4.026618956433915611e-03 2.979698027761090717e-01 4.364349930502268160e-01
7.407499999999981810e+01 6.827964743585568375e-01 4.023020095036252720e-03 2.980052135398096880e-01 4.364480847968149613e-01
7.414999999999982094e+01 6.828646823206998562e-01 4.019469089512669319e-03 2.980436329873636936e-01 4.364607523330527039e-01
7.422499999999982379e+01 6.829375425397954391e-01 4.015943912060556537e-03 2.980834368726941186e-01 4.364724712074596336e-01
7.429999999999982663e+01 6.830117057181767093e-01 4.012420321132351662e-03 2.981228298601330540e-01 4.364827533177653152e-01
7.437499999999981526e+01 6.830838122606845975e-01 4.008874737879059881e-03 2.981600586297543654e-01 4.364911790882373133e-01
7.444999999999981810e+01 6.831509278959216891e-01 4.005287048186950694e-03 2.981936207375177617e-01 4.364974247432299448e-01
7.452499999999982094e+01 6.832109044781053964e-01 4.001642899535594149e-03 2.982224370878894248e-01 4.365012840591253607e-01
7.459999999999982379e+01 6.832626105637540359e-01 3.997935131467914883e-03 2.982459608075057611e-01 4.365026802233852865e-01
7.467499999999982663e+01 6.833060240467371260e-01 3.994164332528770713e-03 2.982642215315852718e-01 4.365016713377964375e-01
7.474999999999981526e+01 6.833421501980183610e-01 3.990338280047374571e-03 2.982777864335405260e-01 4.364984456865507734e-01
7.482499999999981810e+01 6.833727980684310976e-01 3.986470475394523864e-03 2.982876533213945081e-01 4.364933081394392622e-01
7.489999999999982094e+01 6.834002514927899341e-01 3.982578010955138345e-03 2.982950930205391371e-01 4.364866597121617176e-01
7.497499999999982379e+01 6.834268842142893208e-01 3.978679060245985007e-03 2.983014625419420085e-01 4.364789700728384236e-01
7.504999999999982663e+01 6.834547717275822887e-01 3.974790333320304264e-03 2.983080145156881136e-01 4.364707466474321285e-01
7.512499999999981526e+01 6.834853709526452770e-01 3.970924913100136108e-03 2.983157340966470228e-01 4.364625005519182643e-01
7.519999999999981810e+01 6.835193048100761670e-01 3.967090718618933830e-03 2.983252220401431121e-01 4.364547130428690358e-01
7.527499999999982094e+01 6.835562866369663260e-01 3.963289809158346277e-03 2.983366403843937809e-01 4.364478042505942623e-01
7.534999999999982379e+01 6.835951836364654310e-01 3.959518538381960953e-03 2.983497218670800866e-01 4.364421063939822876e-01
7.542499999999982663e+01 6.836342177616252513e-01 3.955768558008198807e-03 2.983638434877676771e-01 4.364378431271025982e-01
7.549999999999981526e+01 6.836712586876908526e-01 3.952028416518614529e-03 2.983781454471546857e-01 4.364351165206103444e-01
7.557499999999981810e+01 6.837041665790106748e-01 3.948285511322420331e-03 2.983916775181911785e-01 4.364339024160506231e-01
7.564999999999982094e+01 6.837311260882057429e-01 3.944528057660767750e-03 2.984035475620363531e-01 4.364340545226843560e-01
7.572499999999982379e+01 6.837509226675838603e-01 3.940746787143992527e-03 2.984130504564781461e-01 4.364353166680204898e-01
7.579999999999981242e+01 6.837631194005947544e-01 3.936936133146118517e-03 2.984197588924750733e-01 4.364373427365867419e-01
7.587499999999981526e+01 6.837681027628490504e-01 3.933094707484446721e-03 2.984235609303816927e-01 4.364397223628370681e-01
7.594999999999981810e+01 6.837670000704912932e-01 3.929225077032827765e-03 2.984246446006425524e-01 4.364420110503682837e-01
7.602499999999982094e+01 6.837614794087069070e-01 3.925332885499928717e-03 2.984234326201313792e-01 4.364437623456026705e-01
7.609999999999982379e+01 6.837534699516031322e-01 3.921425523892814631e-03 2.984204823682424790e-01 4.364445600391103075e-01
7.617499999999981242e+01 6.837448423362184613e-01 3.917510558563119284e-03 2.984163667985448853e-01 4.364440480149235912e-01
7.624999999999981526e+01 6.837371098023006244e-01 3.913594249703764884e-03 2.984115615399113297e-01 4.364419559239597901e-01
7.632499999999981810e+01 6.837311919058430831e-01 3.909680382336451140e-03 2.984063551818288973e-01 4.364381188315342719e-01
7.639999999999982094e+01 6.837272786731904972e-01 3.905769612439862187e-03 2.984007983904047867e-01 4.364324895292572837e-01
7.647499999999982379e+01 6.837248216875181361e-01 3.901859469649349502e-03 2.983947029414333318e-01 4.364251428008097955e-01
7.654999999999981242e+01 6.837226463133634358e-01 3.897944976177718061e-03 2.983876879264035775e-01 4.364162713277258687e-01
7.662499999999981526e+01 6.837191730607060647e-01 3.894019812020654576e-03 2.983792680960819510e-01 4.364061735469124126e-01
7.669999999999981810e+01 6.837127021996333154e-01 3.890077770399761811e-03 2.983689649896610341e-01 4.363952344745849476e-01
7.677499999999980673e+01 6.837017304827848196e-01 3.886114333991185811e-03 2.983564279921725459e-01 4.363839005957949047e-01
7.684999999999982379e+01 6.836852318829496067e-01 3.882128002115231048e-03 2.983415369625548319e-01 4.363726508189845199e-01
7.692499999999981242e+01 6.836628676892780865e-01 3.878121190545188567e-03 2.983244725826879051e-01 4.363619653514297925e-01
7.699999999999980105e+01 6.836350844194490906e-01 3.874100490741958034e-03 2.983057377871299876e-01 4.363522946462800589e-01
7.707499999999981810e+01 6.836030869063036697e-01 3.870076241117438587e-03 2.982861262841258743e-01 4.363440306187641449e-01
7.714999999999980673e+01 6.835686828433898965e-01 3.866061410346283925e-03 2.982666378082150516e-01 4.363374819448098130e-01
7.722499999999982379e+01 6.835340266949126997e-01 3.862069969819378109e-03 2.982483534193007824e-01 4.363328550905050673e-01
7.729999999999981242e+01 6.835012989932155447e-01 3.858114980630834943e-03 2.982322880027628020e-01 4.363302431788400604e-01
7.737499999999980105e+01 6.834723739233447004e-01 3.854206677857924951e-03 2.982192416992561768e-01 4.363296207385598535e-01
7.744999999999981810e+01 6.834485167440690345e-01 3.850350830373767790e-03 2.982096718124476187e-01 4.363308493712310110e-01
7.752499999999980673e+01 6.834301821731024740e-01 3.846547722402057518e-03 2.982036121792187577e-01 4.363336884405967231e-01
7.759999999999982379e+01 6.834169233748522698e-01 3.842791835033863151e-03 2.982006463986270894e-01 4.363378140038608466e-01
7.767499999999981242e+01 6.834074376549434948e-01 3.839072343842155500e-03 2.981999443079387246e-01 4.363428430500951860e-01
7.774999999999980105e+01 6.833997591834870544e-01 3.835374476835142887e-03 2.982003655739315917e-01 4.363483620922191664e-01
7.782499999999981810e+01 6.833915382196712462e-01 3.831681352050714078e-03 2.982006012233461290e-01 4.363539560355102487e-01
7.789999999999980673e+01 6.833804125995207590e-01 3.827976337269803960e-03 2.981993566733169843e-01 4.363592388300859826e-01
7.797499999999980957e+01 6.833643775751706562e-01 3.824245357623833313e-03 2.981955317607176692e-01 4.363638807437192346e-01
7.804999999999981242e+01 6.833421179660973399e-01 3.820478945118080134e-03 2.981883816664654407e-01 4.363676317127864746e-01
7.812499999999980105e+01 6.833132503497053589e-01 3.816673725023382070e-03 2.981776347674509609e-01 4.363703391012100363e-01
7.819999999999980389e+01 6.832784338335817775e-01 3.812833099470703223e-03 2.981635483786082563e-01 4.363719585085404917e-01
7.827499999999980673e+01 6.832393336733143530e-01 3.808967039675099486e-03 2.981468950305676824e-01 4.363725569305767493e-01
7.834999999999980957e+01 6.831984413802224543e-01 3.805091011672500668e-03 2.981288807645396943e-01 4.363723081133628612e-01
7.842499999999981242e+01 6.831587634452559454e-01 3.801224110670129493e-03 2.981110008793041999e-01 4.363714802923595037e-01
7.849999999999980105e+01 6.831234549391579369e-01 3.797386844454516980e-03 2.980948672896788221e-01 4.363704175788086226e-01
7.857499999999980389e+01 6.830953958013101790e-01 3.793598561725198496e-03 2.980820069875567135e-01 4.363695156192486935e-01
7.864999999999980673e+01 6.830768262947501945e-01 3.789875194273833840e-03 2.980736840296362988e-01 4.363691938526053637e-01
7.872499999999980957e+01 6.830690536927536138e-01 3.786227391037531431e-03 2.980707513594289537e-01 4.363698658986562839e-01
7.879999999999981242e+01 6.830722927340912021e-01 3.782659405831590837e-03 2.980735611795286566e-01 4.363719101918891452e-01
7.887499999999980105e+01 6.830856487542135147e-01 3.779168800397514176e-03 2.980819391313531685e-01 4.363756429006875881e-01
7.894999999999980389e+01 6.831072582976628338e-01 3.775747054225466436e-03 2.980952299310998255e-01 4.363812948993807117e-01
7.902499999999980673e+01 6.831345593480483425e-01 3.772380934867582743e-03 2.981124033779100069e-01 4.363889943767660373e-01
7.909999999999980957e+01 6.831646368621240306e-01 3.769054335513435591e-03 2.981321979391120536e-01 4.363987563941793546e-01
7.917499999999979821e+01 6.831946315305976736e-01 3.765750513548635041e-03 2.981532969102124175e-01 4.364104797519318124e-01
7.924999999999980105e+01 6.832221100971858085e-01 3.762454173132001069e-03 2.981744932207103238e-01 4.364239517633528020e-01
7.932499999999980389e+01 6.832453729998640979e-01 3.759153254197797681e-03 2.981948318892395644e-01 4.364388602881894563e-01
7.939999999999980673e+01 6.832636482359373264e-01 3.755840143552667456e-03 2.982137073980810626e-01 4.364548123817426628e-01
7.947499999999980957e+01 6.832771389941713069e-01 3.752512121246382240e-03 2.982309008360555236e-01 4.364713581301299383e-01
7.954999999999979821e+01 6.832869457224813869e-01 3.749171148795891768e-03 2.982465648867124175e-01 4.364880183264118196e-01
7.962499999999980105e+01 6.832948395709861344e-01 3.745822857135202005e-03 2.982611449993897157e-01 4.365043136966409998e-01
7.969999999999980389e+01 6.833029614359060755e-01 3.742475132371459595e-03 2.982752680500045939e-01 4.365197941235366419e-01
7.977499999999980673e+01 6.833134658221033941e-01 3.739136387621543479e-03 2.982896053225079225e-01 4.365340656116468709e-01
7.984999999999980957e+01 6.833281946088588521e-01 3.735813975638229215e-03 2.983047459547119029e-01 4.365468135344002798e-01
7.992499999999979821e+01 6.833483742664573368e-01 3.732512686770271624e-03 2.983210764901131906e-01 4.365578198826433054e-01
7.999999999999980105e+01 6.833744519886912894e-01 3.729233966608591112e-03 2.983387173286865535e-01 4.365669750463887500e-01
8.007499999999980389e+01 6.834060316369222621e-01 3.725975605465981465e-03 2.983574966076877333e-01 4.365742805825836292e-01
8.014999999999980673e+01 6.834419457591670577e-01 3.722732122842073183e-03 2.983769796457914625e-01 4.365798463165067034e-01
8.022499999999980957e+01 6.834804492022558131e-01 3.719495735790537185e-03 2.983965454037951215e-01 4.365838785177796888e-01
8.029999999999979821e+01 6.835194852575344759e-01 3.716257678279964900e-03 2.984154915658804308e-01 4.365866635878629110e-01
8.037499999999980105e+01 6.835570010768792226e-01 3.713009721494125483e-03 2.984331563650896024e-01 4.365885447664736851e-01
8.044999999999980389e+01 6.835912501698129251e-01 3.709745596665861653e-03 2.984490332517678590e-01 4.365898966343253473e-01
8.052499999999980673e+01 6.836210350477250897e-01 3.706462061412792164e-03 2.984628574952643554e-01 4.365910968120341740e-01
8.059999999999979536e+01 6.836458620420142740e-01 3.703159489676560289e-03 2.984746548679300115e-01 4.365924983095807455e-01
8.067499999999979821e+01 6.836659832599866204e-01 3.699841868506259686e-03 2.984847427417417487e-01 4.365944043587627887e-01
8.074999999999980105e+01 6.836823114025607495e-01 3.696516130648516696e-03 2.984936775498669981e-01 4.365970459839938478e-01
8.082499999999980389e+01 6.836962341350456551e-01 3.693190998225004667e-03 2.985021624315352673e-01 4.366005654677546088e-01
8.089999999999980673e+01 6.837093543403337526e-01 3.689875485464665875e-03 2.985109267740907457e-01 4.366050060293592550e-01
8.097499999999979536e+01 6.837231953720965816e-01 3.686577279755954856e-03 2.985205952282377062e-01 4.366103084535204459e-01
8.104999999999979821e+01 6.837389267447684382e-01 3.683301303967462682e-03 2.985315706865621088e-01 4.366163151012175669e-01
8.112499999999980105e+01 6.837571399454801524e-01 3.680048612609575914e-03 2.985439436979511196e-01 4.366227805997838773e-01
8.119999999999980389e+01 6.837777235646975704e-01 3.676815880555691241e-03 2.985574495011213969e-01 4.366293887795432704e-01
8.127499999999980673e+01 6.837998463702579244e-01 3.673595516417722806e-03 2.985714755968497114e-01 4.366357746082058511e-01
8.134999999999979536e+01 6.838220580875720156e-01 3.670376434594092418e-03 2.985851229542286767e-01 4.366415493955755345e-01
8.142499999999979821e+01 6.838424874764865713e-01 3.667145360055286494e-03 2.985973109425009708e-01 4.366463277887044359e-01
8.149999999999980105e+01 6.838591083511452728e-01 3.663888488532766885e-03 2.986069118154197621e-01 4.366497545603973407e-01
8.157499999999978968e+01 6.838700339595230604e-01 3.660593271796111405e-03 2.986128961467670040e-01 4.366515292647569213e-01
8.164999999999980673e+01 6.838737948228733599e-01 3.657250079398979489e-03 2.986144689829259846e-01 4.366514278563174978e-01
8.172499999999979536e+01 6.838695470184140701e-01 3.653853423788187144e-03 2.986111710590888535e-01 4.366493176381318619e-01
8.179999999999978400e+01 6.838572017917897705e-01 3.650402724049882624e-03 2.986029428272796160e-01 4.366451680919690159e-01
8.187499999999980105e+01 6.838374331433797471e-01 3.646902344344716412e-03 2.985901294432229403e-01 4.366390533356744874e-01
8.194999999999978968e+01 6.838115787716648741e-01 3.643361010574839957e-03 2.985734348166073637e-01 4.366311482366775909e-01
8.202499999999980673e+01 6.837814433111795154e-01 3.639790652714216396e-03 2.985538282888828832e-01 4.366217176692452906e-01
8.209999999999979536e+01 6.837490385189172182e-01 3.636204869308008476e-03 2.985324197701867410e-01 4.366110999100545897e-01
8.217499999999978400e+01 6.837162984717456427e-01 3.632617227635773823e-03 2.985103206809689436e-01 4.365996852030649134e-01
8.224999999999980105e+01 6.836848158329111858e-01 3.629039658465821501e-03 2.984885119088130923e-01 4.365878910813225655e-01
8.232499999999978968e+01 6.836556378290675751e-01 3.625481163235623212e-03 2.984677367633719047e-01 4.365761360663230617e-01
8.239999999999980673e+01 6.836291539148531271e-01 3.621947016068566543e-03 2.984484341240492000e-01 4.365648135615078362e-01
8.247499999999979536e+01 6.836050904008839080e-01 3.618438553030273782e-03 2.984307196611710733e-01 4.365542677368939861e-01
8.254999999999978400e+01 6.835826140418841401e-01 3.614953568363823630e-03 2.984144170684328579e-01 4.365447729923519482e-01
8.262499999999980105e+01 6.835605236817171582e-01 3.611487214923692589e-03 2.983991311330693730e-01 4.365365184137103283e-01
8.269999999999978968e+01 6.835374995824096134e-01 3.608033253599529904e-03 2.983843500726803821e-01 4.365295982370696048e-01
8.277499999999979252e+01 6.835123713027081438e-01 3.604585448066491889e-03 2.983695604637031096e-01 4.365240089144835078e-01
8.284999999999979536e+01 6.834843587738838044e-01 3.601138864934910842e-03 2.983543549598566269e-01 4.365196527614478850e-01
8.292499999999978400e+01 6.834532542523060750e-01 3.597690918064631871e-03 2.983385193805088154e-01 4.365163491786858696e-01
8.299999999999978684e+01 6.834194924934025028e-01 3.594241845321549059e-03 2.983220731616877952e-01 4.365138490172164598e-01
8.307499999999978968e+01 6.833841376543644541e-01 3.590794809398846141e-03 2.983052787908083703e-01 4.365118567350803613e-01
8.314999999999979252e+01 6.833487454804991756e-01 3.587355349424726537e-03 2.982885973046652817e-01 4.365100532890018870e-01
8.322499999999979536e+01 6.833151447337684203e-01 3.583930436239318035e-03 2.982726105560165042e-01 4.365081219913964361e-01
8.329999999999978400e+01 6.832851754803859201e-01 3.580527290996456113e-03 2.982579233400040053e-01 4.365057724694711427e-01
8.337499999999978684e+01 6.832604011195793081e-01 3.577152072326032425e-03 2.982450540301821995e-01 4.365027645996792938e-01
8.344999999999978968e+01 6.832418673122070407e-01 3.573808775899497362e-03 2.982343423488122980e-01 4.364989275643060829e-01
8.352499999999979252e+01 6.832299289122437669e-01 3.570498454587625430e-03 2.982258834194306818e-01 4.364941739221376293e-01
8.359999999999979536e+01 6.832241778820546951e-01 3.567218929993922621e-03 2.982195025474911887e-01 4.364885087526468310e-01
8.367499999999978400e+01 6.832234951377433863e-01 3.563965091184736079e-03 2.982147790048820246e-01 4.364820313223559678e-01
8.374999999999978684e+01 6.832261969398401025e-01 3.560729635773398662e-03 2.982111069960213801e-01 4.364749307501739062e-01
8.382499999999978968e+01 6.832302924104779462e-01 3.557504331049612164e-03 2.982078005502329932e-01 4.364674749682684318e-01
8.389999999999979252e+01 6.832337786131761348e-01 3.554281420311293429e-03 2.982042111641167725e-01 4.364599943659254189e-01
8.397499999999978115e+01 6.832349540224200712e-01 3.551055079891434190e-03 2.981998503338824102e-01 4.364528608764608464e-01
8.404999999999978400e+01 6.832326930821245314e-01 3.547822641404691033e-03 2.981944930100635105e-01 4.364464640368439508e-01
8.412499999999978684e+01 6.832266430724704964e-01 3.544585392940290385e-03 2.981882461811011797e-01 4.364411856659285438e-01
8.419999999999978968e+01 6.832173104770877803e-01 3.541348805601693579e-03 2.981815694316618526e-01 4.364373748426293442e-01
8.427499999999979252e+01 6.832060262962111885e-01 3.538122148461550660e-03 2.981752440615964561e-01 4.364353249020075376e-01
8.434999999999978115e+01 6.831947862124189141e-01 3.534917486935303978e-03 2.981702900229921127e-01 4.364352539574050671e-01
8.442499999999978400e+01 6.831859930818557913e-01 3.531748221515740565e-03 2.981678436014656430e-01 4.364372903144996263e-01
8.449999999999978684e+01 6.831821351628175609e-01 3.528627349641503142e-03 2.981690110447062780e-01 4.364414637008123266e-01
8.457499999999978968e+01 6.831854453009458261e-01 3.525565690376870290e-03 2.981747182636230731e-01 4.364477029107023398e-01
8.464999999999979252e+01 6.831975885378891444e-01 3.522570317500396241e-03 2.981855773764078288e-01 4.364558399782332843e-01
8.472499999999978115e+01 6.832194256657763143e-01 3.519643442527905196e-03 2.982017906681759811e-01 4.364656206570641794e-01
8.479999999999978400e+01 6.832508848207792251e-01 3.516781902678206562e-03 2.982231053471111615e-01 4.364767202977525296e-01
8.487499999999978684e+01 6.832909533949214076e-01 3.513977307072096209e-03 2.982488239377434347e-01 4.364887643483326696e-01
8.494999999999978968e+01 6.833378056687648971e-01 3.511216902062393695e-03 2.982778758301996014e-01 4.365013516825442252e-01
8.502499999999979252e+01 6.833890300316491917e-01 3.508484956412552969e-03 2.983089334189765740e-01 4.365140795502105986e-01
8.509999999999978115e+01 6.834419350913002456e-01 3.505764541895051156e-03 2.983405625152680818e-01 4.365265682378900447e-01
8.517499999999978400e+01 6.834938865064055236e-01 3.503039447609297610e-03 2.983713849501211657e-01 4.365384838702941472e-01
8.524999999999978684e+01 6.835426269234794461e-01 3.500295971357297170e-03 2.984002315582088283e-01 4.365495578545883770e-01
8.532499999999978968e+01 6.835865352818206730e-01 3.497524353410605153e-03 2.984262654547591431e-01 4.365596015312496192e-01
8.539999999999977831e+01 6.836247974863274290e-01 3.494719709663528327e-03 2.984490632052645420e-01 4.365685158037783675e-01
8.547499999999978115e+01 6.836574398715027368e-01 3.491882198277189344e-03 2.984686308977420044e-01 4.365762931708032646e-01
8.554999999999978400e+01 6.836852710053418214e-01 3.489016680991216708e-03 2.984853770587978516e-01 4.365830151933545178e-01
8.562499999999978684e+01 6.837097015220316987e-01 3.486131709835861049e-03 2.985000276546948550e-01 4.365888431745122422e-01
8.569999999999978968e+01 6.837324811596476870e-01 3.483238044169408194e-03 2.985135003853175428e-01 4.365940022024730194e-01
8.577499999999977831e+01 6.837554174134305995e-01 3.480347073850245318e-03 2.985267702595040262e-01 4.365987642025521698e-01
8.584999999999978115e+01 6.837800842442515181e-01 3.477469140117968403e-03 2.985407256791268171e-01 4.366034234663169200e-01
8.592499999999978400e+01 6.838075825322280643e-01 3.474612156114647871e-03 2.985560495141503790e-01 4.366082756914725360e-01
8.599999999999978684e+01 6.838383926663899048e-01 3.471780666391544208e-03 2.985731373096720542e-01 4.366135924973296722e-01
8.607499999999978968e+01 6.838723111781420672e-01 3.468975384037201355e-03 2.985920561810013751e-01 4.366196017888214209e-01
8.614999999999977831e+01 6.839085085553576748e-01 3.466193349320535830e-03 2.986125570439633892e-01 4.366264687578349513e-01
8.622499999999978115e+01 6.839456716108369694e-01 3.463428557363614196e-03 2.986341273586768930e-01 4.366342821577191002e-01
8.629999999999978400e+01 6.839822236478703132e-01 3.460673024048801626e-03 2.986560819754108254e-01 4.366430466315244230e-01
8.637499999999977263e+01 6.840165677098474228e-01 3.457918002893899893e-03 2.986776674999598313e-01 4.366526800658661056e-01
8.644999999999978968e+01 6.840473326363523121e-01 3.455155257919286307e-03 2.986981720471215684e-01 4.366630170107147491e-01
8.652499999999977831e+01 6.840735690795285429e-01 3.452378133258498290e-03 2.987170179801907910e-01 4.366738191363490063e-01
8.659999999999976694e+01 6.840948742482885203e-01 3.449582287943417456e-03 2.987338261358991609e-01 4.366847894660227380e-01
8.667499999999978400e+01 6.841114230296720944e-01 3.446765992676010908e-03 2.987484424151924944e-01 4.366955913294767733e-01
8.674999999999977263e+01 6.841239083047794267e-01 3.443929989721370485e-03 2.987609266083280923e-01 4.367058700647384883e-01
8.682499999999978968e+01 6.841333948243890628e-01 3.441076928382634601e-03 2.987715043068215337e-01 4.367152759492372027e-01
8.689999999999977831e+01 6.841411206460163985e-01 3.438210537547886116e-03 2.987804957129105432e-01 4.367234868601086450e-01
8.697499999999976694e+01 6.841482689448931120e-01 3.435334642173949390e-03 2.987882305030784558e-01 4.367302294923226524e-01
8.704999999999978400e+01 6.841557598304043308e-01 3.432452253969783037e-03 2.987949687080688754e-01 4.367352966262204594e-01
8.712499999999977263e+01 6.841640889562251582e-01 3.429564869281384685e-03 2.988008392361398702e-01 4.367385603240249159e-01
8.719999999999978968e+01 6.841732320491428210e-01 3.426672063321018098e-03 2.988058039215920614e-01 4.367399803506627487e-01
8.727499999999977831e+01 6.841826469867036131e-01 3.423771522107696853e-03 2.988096595919484955e-01 4.367396058756742305e-01
8.734999999999976694e+01 6.841913604569246354e-01 3.420859455741847525e-03 2.988120734590495875e-01 4.367375718680420738e-01
8.742499999999978400e+01 6.841981270353424405e-01 3.417931326548812650e-03 2.988126462235292102e-01 4.367340897559837676e-01
8.749999999999977263e+01 6.842016382066373748e-01 3.414982775096350818e-03 2.988109928209299326e-01 4.367294319904643229e-01
8.757499999999977547e+01 6.842007430043097749e-01 3.412010585892848169e-03 2.988068270595654052e-01 4.367239148959579653e-01
8.764999999999977831e+01 6.841946490772025102e-01 3.409013512982339133e-03 2.988000344129012609e-01 4.367178767268984352e-01
8.772499999999976694e+01 6.841830670854255336e-01 3.405992816610464626e-03 2.987907198371522188e-01 4.367116554199168554e-01
8.779999999999976978e+01 6.841662778581184545e-01 3.402952413860290543e-03 2.987792219369327373e-01 4.367055664776468005e-01
8.787499999999977263e+01 6.841451071426570829e-01 3.399898582914464683e-03 2.987660879736078190e-01 4.366998826044509174e-01
8.794999999999977547e+01 6.841208142843481221e-01 3.396839266526354394e-03 2.987520134909921188e-01 4.366948165486144173e-01
8.802499999999977831e+01 6.840949095057063944e-01 3.393783058552057343e-03 2.987377537290440976e-01 4.366905082584190412e-01
8.809999999999976694e+01 6.840689275895373012e-01 3.390738019999196221e-03 2.987240195619284000e-01 4.366870172199549538e-01
8.817499999999976978e+01 6.840441950398750137e-01 3.387710513057982757e-03 2.987113744888868494e-01 4.366843204794305100e-01
8.824999999999977263e+01 6.840216257011794143e-01 3.384704226675507022e-03 2.987001480041127088e-01 4.366823164368817678e-01
8.832499999999977547e+01 6.840015797278892196e-01 3.381719562435671431e-03 2.986903803521299139e-01 4.366808340866047411e-01
8.839999999999977831e+01 6.839838057326409482e-01 3.378753475620993943e-03 2.986818072448951256e-01 4.366796475904363151e-01
8.847499999999976694e+01 6.839674830664589367e-01 3.375799830692649290e-03 2.986738900205313518e-01 4.366784933714606964e-01
8.854999999999976978e+01 6.839513519740358927e-01 3.372850223612010572e-03 2.986658873008427584e-01 4.366770917826633402e-01
8.862499999999977263e+01 6.839339189199367119e-01 3.369895162366478691e-03 2.986569587647284196e-01 4.366751677360368733e-01
8.869999999999977547e+01 6.839137034428768303e-01 3.366925458354463104e-03 2.986462881560401073e-01 4.366724729342760236e-01
8.877499999999976410e+01 6.838894924680817278e-01 3.363933625638056060e-03 2.986332076160176374e-01 4.366688052747869087e-01
8.884999999999976694e+01 6.838605590700291836e-01 3.360915073439860005e-03 2.986173042751307793e-01 4.366640250188073002e-01
8.892499999999976978e+01 6.838268143710822811e-01 3.357868934877499163e-03 2.985984950339808375e-01 4.366580671578415007e-01
8.899999999999977263e+01 6.837888687091906448e-01 3.354798403822558707e-03 2.985770579402069469e-01 4.366509482727323199e-01
8.907499999999977547e+01 6.837479921072273648e-01 3.351710535484948850e-03 2.985536159483210827e-01 4.366427680880136664e-01
8.914999999999976410e+01 6.837059698552812037e-01 3.348615489529665600e-03 2.985290708915688818e-01 4.366337052092114646e-01
8.922499999999976694e+01 6.836648841995666137e-01 3.345525374405133433e-03 2.985045015312972616e-01 4.366240075073999360e-01
8.929999999999976978e+01 6.836268464392217803e-01 3.342452817479134829e-03 2.984810366008859850e-01 4.366139775750053076e-01
8.937499999999977263e+01 6.835937195016158485e-01 3.339409468777265050e-03 2.984597212719672932e-01 4.366039545968383173e-01
8.944999999999977547e+01 6.835668700774703010e-01 3.336404636930913239e-03 2.984413947734694261e-01 4.365942936053152090e-01
8.952499999999976410e+01 6.835469913180097778e-01 3.333444267747049002e-03 2.984265980700537835e-01 4.365853435981483233e-01
8.959999999999976694e+01 6.835340154830317205e-01 3.330530369067066787e-03 2.984155210684084070e-01 4.365774260078741920e-01
8.967499999999976978e+01 6.835271359308454642e-01 3.327660984270042286e-03 2.984079987644152610e-01 4.365708149363159984e-01
8.974999999999977263e+01 6.835249309127258144e-01 3.324830684547966028e-03 2.984035539381791891e-01 4.365657204920300183e-01
8.982499999999977547e+01 6.835255760919161094e-01 3.322031521636921621e-03 2.984014814310357311e-01 4.365622763337660972e-01
8.989999999999976410e+01 6.835271091470453975e-01 3.319254266681892929e-03 2.984009585747013915e-01 4.365605322473130601e-01
8.997499999999976694e+01 6.835277152791242594e-01 3.316489785887003633e-03 2.984011684851823887e-01 4.365604522171098179e-01
9.004999999999976978e+01 6.835259860494348194e-01 3.313730322654206712e-03 2.984014155550105407e-01 4.365619181205924182e-01
9.012499999999977263e+01 6.835211164788700389e-01 3.310970514292514277e-03 2.984012176006121120e-01 4.365647386840267874e-01
9.019999999999976126e+01 6.835130201745933665e-01 3.308208043912797425e-03 2.984003655609335226e-01 4.365686632929267619e-01
9.027499999999976410e+01 6.835023273579220460e-01 3.305443749609863254e-03 2.983989344960296108e-01 4.365733993174398808e-01
9.034999999999976694e+01 6.834902916085078273e-01 3.302681312858529901e-03 2.983972566167674145e-01 4.365786321770968592e-01
9.042499999999976978e+01 6.834786025007644206e-01 3.299926502351837113e-03 2.983958539751641048e-01 4.365840464988519631e-01
9.049999999999977263e+01 6.834691370005596678e-01 3.297186124106779668e-03 2.983953442316628069e-01 4.365893470203885407e-01
9.057499999999976126e+01 6.834636910204113791e-01 3.294466868606850743e-03 2.983963366240647286e-01 4.365942778592363238e-01
9.064999999999976410e+01 6.834637273735937324e-01 3.291774219276911648e-03 2.983993329774512482e-01 4.365986387077726016e-01
9.072499999999976694e+01 6.834701637965329146e-01 3.289111533470859879e-03 2.984046438741430052e-01 4.366022976285723889e-01
9.079999999999976978e+01 6.834832738788051421e-01 3.286479622625165537e-03 2.984123497343642573e-01 4.366051974335198871e-01
9.087499999999977263e+01 6.835026431251185475e-01 3.283876575515251584e-03 2.984222837999477296e-01 4.366073588764748381e-01
9.094999999999976126e+01 6.835272535448932985e-01 3.281298146904005654e-03 2.984340664609185234e-01 4.366088768416864774e-01
9.102499999999976410e+01 6.835556405716395334e-01 3.278738457894257025e-03 2.984471681298239698e-01 4.366099120771507192e-01
9.109999999999976694e+01 6.835861130671342378e-01 3.276190959836396133e-03 2.984609964410949168e-01 4.366106782098767014e-01
9.117499999999975557e+01 6.836169955999551462e-01 3.273649473797015513e-03 2.984749907734420837e-01 4.366114252491555270e-01
9.124999999999977263e+01 6.836468622356425273e-01 3.271109164022374151e-03 2.984887112170409029e-01 4.366124203963016592e-01
9.132499999999976126e+01 6.836747208664171183e-01 3.268567269004617193e-03 2.985019058418458826e-01 4.366139287167969396e-01
9.139999999999974989e+01 6.837001200458641126e-01 3.266023443349421254e-03 2.985145427221362890e-01 4.366161917627150446e-01
9.147499999999976694e+01 6.837231840026722907e-01 3.263479794181093404e-03 2.985268141727147606e-01 4.366194114189171360e-01
9.154999999999975557e+01 6.837445309420784323e-01 3.260940349165711901e-03 2.985390889661201363e-01 4.366237321924700820e-01
9.162499999999977263e+01 6.837651387749208443e-01 3.258410342032145440e-03 2.985518475886945744e-01 4.366292322589009900e-01
9.169999999999976126e+01 6.837861400411736623e-01 3.255895167341117929e-03 2.985655868451797534e-01 4.366359148888303565e-01
9.177499999999974989e+01 6.838086085932377767e-01 3.253399355827682558e-03 2.985807258810847520e-01 4.366437072141262088e-01
9.184999999999976694e+01 6.838333423507521047e-01 3.250925580006595698e-03 2.985975145236050565e-01 4.366524649078141751e-01
9.192499999999975557e+01 6.838607095992312868e-01 3.248473987561534271e-03 2.986159713065932308e-01 4.366619797203932229e-01
9.199999999999977263e+01 6.838905571206158607e-01 3.246041871475187877e-03 2.986358521757165319e-01 4.366719924209261361e-01
