# tau eta power W_out Q_hot
2.450000000000000000e+01 2.916157378827255453e-01 3.426466721392872929e-03 8.394843467412538285e-02 2.878734710397748975e-01
2.457499999999999929e+01 2.954236499296040153e-01 3.465447646819318564e-03 8.516337592058476069e-02 2.882754171539014809e-01
2.464999999999999858e+01 2.990410084769544730e-01 3.501550018780818455e-03 8.631320796294716935e-02 2.886333496618035954e-01
2.472500000000000142e+01 3.024094469136157093e-01 3.534248304517805320e-03 8.738428932920272452e-02 2.889601836881912633e-01
2.479999999999999716e+01 3.054916136060153997e-01 3.563292297903921605e-03 8.836964898801724644e-02 2.892702943459040110e-01
2.487500000000000000e+01 3.082769136911420738e-01 3.588764083910721617e-03 8.927050658727919696e-02 2.895789552269812384e-01
2.494999999999999929e+01 3.107854156206196761e-01 3.611111749941068629e-03 9.009723816102965799e-02 2.899017573946027215e-01
2.502499999999999858e+01 3.130693521657834100e-01 3.631154481631457959e-03 9.086964090282723117e-02 2.902540292564566582e-01
2.509999999999999787e+01 3.152120465250376480e-01 3.650058512581725624e-03 9.161646866580130943e-02 2.906502770937852143e-01
2.517499999999999716e+01 3.173241510607560656e-01 3.669283943759083649e-03 9.237422328413491535e-02 2.911036647394941168e-01
2.524999999999999645e+01 3.195374223652104884e-01 3.690505990178904756e-03 9.318527625201733500e-02 2.916255490898734815e-01
2.532499999999999574e+01 3.219963475588742963e-01 3.715514720393365243e-03 9.409541029396195633e-02 2.922250858039854293e-01
2.539999999999999858e+01 3.248483034102197520e-01 3.746100972001784220e-03 9.515096468884531866e-02 2.929089168389107933e-01
2.547499999999999432e+01 3.282329068496138147e-01 3.783935285155794800e-03 9.639575138934386445e-02 2.936809484294315986e-01
2.554999999999999716e+01 3.322714615124682247e-01 3.830449140746187368e-03 9.786797554606507799e-02 2.945422249042374263e-01
2.562499999999999645e+01 3.370573191746503161e-01 3.886726662790370400e-03 9.959737073400320995e-02 2.954909004138718265e-01
2.569999999999999574e+01 3.426478664092917903e-01 3.953413850558292440e-03 1.016027359593481005e-01 2.965223073590773639e-01
2.577499999999999503e+01 3.490589593055199447e-01 4.030654117896872654e-03 1.038901098887918817e-01 2.976291171425290427e-01
2.584999999999999432e+01 3.562620526508109564e-01 4.118052856571456644e-03 1.064516663423721310e-01 2.988015859401965679e-01
2.592499999999999716e+01 3.641842865740092527e-01 4.214674554108133360e-03 1.092654378152533301e-01 3.000278755658187801e-01
2.599999999999999289e+01 3.727116109705549407e-01 4.319074426871030714e-03 1.122959350986467708e-01 3.012944372895278722e-01
2.607499999999999574e+01 3.816945697763814982e-01 4.429361565827476602e-03 1.154956028289514380e-01 3.025864446974327326e-01
2.614999999999999503e+01 3.909563586318777206e-01 4.543290544012985009e-03 1.188070477259395297e-01 3.038882604229685147e-01
2.622499999999999432e+01 4.003025279955917948e-01 4.658375405924843407e-03 1.221658950203790006e-01 3.051839208512925339e-01
2.629999999999999361e+01 4.095316774872968524e-01 4.772019174921417368e-03 1.255041043004332391e-01 3.064576226934880299e-01
2.637499999999999289e+01 4.184465281271898540e-01 4.881651863519571692e-03 1.287535679003286582e-01 3.076941956636167208e-01
2.644999999999999218e+01 4.268643406623335856e-01 4.984864420121823923e-03 1.318496639122221925e-01 3.088795463861911950e-01
2.652499999999999147e+01 4.346265798662625190e-01 5.079536301794537224e-03 1.347347004051000496e-01 3.100010598674356466e-01
2.659999999999999432e+01 4.416068335957780699e-01 5.163943565828896590e-03 1.373608988510486295e-01 3.110479467280640731e-01
2.667499999999999005e+01 4.477167671724276432e-01 5.236843182210644716e-03 1.396927918854689032e-01 3.120115263221077684e-01
2.674999999999999289e+01 4.529098986993193576e-01 5.297529427122317155e-03 1.417089121755219505e-01 3.128854383233530267e-01
2.682499999999999218e+01 4.571828737344044713e-01 5.345857285234561530e-03 1.434026216764170414e-01 3.136657777774179423e-01
2.689999999999999147e+01 4.605744969284785162e-01 5.382235069701042651e-03 1.447821233749579939e-01 3.143511513131845292e-01
2.697499999999999076e+01 4.631623277668556193e-01 5.407583803439034581e-03 1.458695730977679350e-01 3.149426547730692083e-01
2.704999999999999005e+01 4.650573279024704521e-01 5.423269469648667705e-03 1.466994391539964138e-01 3.154437751054242067e-01
2.712499999999999289e+01 4.663969342673841001e-01 5.431013422086162189e-03 1.473162390740870853e-01 3.158602217347146746e-01
2.719999999999998863e+01 4.673366971492714517e-01 5.432783859838410598e-03 1.477717209876047155e-01 3.161996947575574923e-01
2.727499999999999147e+01 4.680412917503625758e-01 5.430679233670980890e-03 1.481217760983759568e-01 3.164715992138982248e-01
2.734999999999999076e+01 4.686752724186730168e-01 5.426809248710634873e-03 1.484232329522358063e-01 3.166867161270834341e-01
2.742499999999999005e+01 4.693941339748137764e-01 5.423181149286006308e-03 1.487307430191686652e-01 3.168568421588947581e-01
2.749999999999998934e+01 4.703362108683011300e-01 5.421598176421568889e-03 1.490939498515930772e-01 3.169944103949522973e-01
2.757499999999998863e+01 4.716158788579086769e-01 5.423575851694029462e-03 1.495551041104627998e-01 3.171121050305468758e-01
2.764999999999998792e+01 4.733184334226925860e-01 5.430280235003060417e-03 1.501472484978345623e-01 3.172224825728411357e-01
2.772499999999998721e+01 4.754969647635919894e-01 5.442491293439357704e-03 1.508930711106061251e-01 3.173376115778726025e-01
2.779999999999999005e+01 4.781712659085956552e-01 5.460591015877999319e-03 1.518044302414083280e-01 3.174687419850659720e-01
2.787499999999998579e+01 4.813290030738547332e-01 5.484578029543100974e-03 1.528826125735138763e-01 3.176260138017398815e-01
2.794999999999998863e+01 4.849286404768165526e-01 5.514102114401639096e-03 1.541191540975257457e-01 3.178182133065697301e-01
2.802499999999998792e+01 4.889042796809533464e-01 5.548519858831393176e-03 1.554972690437497196e-01 3.180525831052723462e-01
2.809999999999998721e+01 4.931716468387534746e-01 5.586962402702036652e-03 1.569936435159271504e-01 3.183346904110598841e-01
2.817499999999998650e+01 4.976349208148735936e-01 5.628411783964394101e-03 1.585805020131967336e-01 3.186683558169959296e-01
2.824999999999998579e+01 5.021939061735438692e-01 5.671780514488875512e-03 1.602277995343106554e-01 3.190556427798240113e-01
2.832499999999998863e+01 5.067508531269647731e-01 5.715986925312370286e-03 1.619053296594727964e-01 3.194969059458256933e-01
2.839999999999998437e+01 5.112166648521642154e-01 5.760023869539335900e-03 1.635846778949170410e-01 3.199908945500107293e-01
2.847499999999998721e+01 5.155158878682549739e-01 5.803014445693218011e-03 1.652408363411143055e-01 3.205349053826701544e-01
2.854999999999998650e+01 5.195903135529346129e-01 5.844253175018502937e-03 1.668534281467781710e-01 3.211249782657458196e-01
2.862499999999998579e+01 5.234009599751595632e-01 5.883230222805957421e-03 1.684074651278204549e-01 3.217561258118690204e-01
2.869999999999998508e+01 5.269284426926609255e-01 5.919638756602900627e-03 1.698936323145031624e-01 3.224225882480901140e-01
2.877499999999998437e+01 5.301717999392892011e-01 5.953365996689808336e-03 1.713081065547491511e-01 3.231181035550474423e-01
2.884999999999998366e+01 5.331460115292594448e-01 5.984470339927865784e-03 1.726519693069188399e-01 3.238361829092358812e-01
2.892499999999998295e+01 5.358785229617669676e-01 6.013147680359672183e-03 1.739302966544034046e-01 3.245703815355420185e-01
2.899999999999998579e+01 5.384050561189390738e-01 6.039689707618761325e-03 1.751510015209439830e-01 3.253145555197969330e-01
2.907499999999998508e+01 5.407652390706939594e-01 6.064439828180268749e-03 1.763235880043412251e-01 3.260630958960188397e-01
2.914999999999998437e+01 5.429982211088444366e-01 6.087748318724681661e-03 1.774578634908243746e-01 3.268111323245989075e-01
2.922499999999998010e+01 5.451388770036686982e-01 6.109933321965290050e-03 1.785628013344354725e-01 3.275547000351504145e-01
2.929999999999998295e+01 5.472146414630565392e-01 6.131248055005903211e-03 1.796455680116728626e-01 3.282908650458707944e-01
2.937499999999998579e+01 5.492433411718048442e-01 6.151858321040109059e-03 1.807108381805531128e-01 3.290178043761230464e-01
2.944999999999998153e+01 5.512320829349089957e-01 6.171830982597069359e-03 1.817604224374835820e-01 3.297348395792600306e-01
2.952499999999998082e+01 5.531772449347310827e-01 6.191133937795342823e-03 1.827932295134073737e-01 3.304424236303772355e-01
2.959999999999998010e+01 5.550655132408902626e-01 6.209646965159310202e-03 1.838055501687154702e-01 3.311420828426545615e-01
2.967499999999998295e+01 5.568758471566992441e-01 6.227182146568713272e-03 1.847916301994264598e-01 3.318363170946215801e-01
2.974999999999998224e+01 5.585820570821053987e-01 6.243510346815427797e-03 1.857444328177588755e-01 3.325284628511733787e-01
2.982499999999998153e+01 5.601560308886456285e-01 6.258394201783198246e-03 1.866566070681837664e-01 3.332225251097752361e-01
2.989999999999998082e+01 5.615708758633842779e-01 6.271619499717905923e-03 1.875214230415652716e-01 3.339229847937918993e-01
2.997499999999998010e+01 5.628041503975834692e-01 6.283027048399512753e-03 1.883337357757752795e-01 3.346345893908744262e-01
3.004999999999997939e+01 5.638405549876149836e-01 6.292538175103236028e-03 1.890907721618521053e-01 3.353621347191061419e-01
3.012499999999997868e+01 5.646740938904831753e-01 6.300174228829173891e-03 1.897927486434787259e-01 3.361102460639684431e-01
3.019999999999998153e+01 5.653093577415837512e-01 6.306066443571368800e-03 1.904432065958552300e-01 3.368831666906729749e-01
3.027499999999998082e+01 5.657619035763317150e-01 6.310456160622543789e-03 1.910490602628474033e-01 3.376845613944229885e-01
3.034999999999998010e+01 5.660576728040682681e-01 6.313684970608121616e-03 1.916203388579563738e-01 3.385173420735216321e-01
3.042499999999997584e+01 5.662315044918723173e-01 6.316175577042005586e-03 1.921696419315028770e-01 3.393835214166562864e-01
3.049999999999997868e+01 5.663248545776616849e-01 6.318404697912714287e-03 1.927113432863376552e-01 3.402840997152644098e-01
3.057499999999998153e+01 5.663829227905354813e-01 6.320870255328587400e-03 1.932606080566714457e-01 3.412189885678186818e-01
3.064999999999997726e+01 5.664514131857185664e-01 6.324055299931003946e-03 1.938322949428851194e-01 3.421869739061532689e-01
3.072499999999997655e+01 5.665732028127662412e-01 6.328391608477979859e-03 1.944398321704857713e-01 3.431857193477992896e-01
3.079999999999997584e+01 5.667851638417479299e-01 6.334225546587436521e-03 1.950941468348929009e-01 3.442118094844224263e-01
3.087499999999997868e+01 5.671154407873844061e-01 6.341789426000882593e-03 1.958027485277771262e-01 3.452608312972824667e-01
3.094999999999997797e+01 5.675813062083662208e-01 6.351179629047479236e-03 1.965690095190193443e-01 3.463274906500468653e-01
3.102499999999997726e+01 5.681878730161714630e-01 6.362344547952724673e-03 1.973917396002331515e-01 3.474057595639938878e-01
3.109999999999997655e+01 5.689276072090265757e-01 6.375081698548410412e-03 1.982650408248554097e-01 3.484890490680863095e-01
3.117499999999997584e+01 5.697808299450993763e-01 6.389046142342306132e-03 1.991785134875212471e-01 3.495704014940497206e-01
3.124999999999997513e+01 5.707169808566102676e-01 6.403767699651848923e-03 2.001177406141201320e-01 3.506426956383109639e-01
3.132499999999997442e+01 5.716966933827152264e-01 6.418677542474315705e-03 2.010650740180077722e-01 3.516988577077657663e-01
3.139999999999997726e+01 5.726744224555685436e-01 6.433141243143080182e-03 2.020006350346925661e-01 3.527320709881450744e-01
3.147499999999997655e+01 5.736014109899542079e-01 6.446495811656689778e-03 2.029034556718941618e-01 3.537359772558992255e-01
3.154999999999997584e+01 5.744289237132885750e-01 6.458089789165850046e-03 2.037527328481824052e-01 3.547048632771847565e-01
3.162499999999997158e+01 5.751112520999073219e-01 6.467320639697515805e-03 2.045290152304337639e-01 3.556338264703319263e-01
3.169999999999997442e+01 5.756086222263606667e-01 6.473670697769652767e-03 2.052153611192978344e-01 3.565189144067337779e-01
3.177499999999997726e+01 5.758895289084463576e-01 6.476736085163047919e-03 2.057982891060556874e-01 3.573572339405619580e-01
3.184999999999997300e+01 5.759325136593794747e-01 6.476248582814983328e-03 2.062685173626570556e-01 3.581470267272482966e-01
3.192499999999997229e+01 5.757272445024707030e-01 6.472088703379188200e-03 2.066214318553803997e-01 3.588877091163846789e-01
3.199999999999997158e+01 5.752748461296111060e-01 6.464289299985259522e-03 2.068572575995281104e-01 3.595798755868470087e-01
3.207499999999997442e+01 5.745874835014183057e-01 6.453029748044666024e-03 2.069809291685325014e-01 3.602252661461282646e-01
3.214999999999997726e+01 5.736872934185820450e-01 6.438621851055921323e-03 2.070016925114477324e-01 3.608266992945443619e-01
3.222499999999997300e+01 5.726046855633846189e-01 6.421487875472323137e-03 2.069324467870954365e-01 3.613879732463156635e-01
3.229999999999996874e+01 5.713762415169630904e-01 6.402133499394643650e-03 2.067889120304468031e-01 3.619137391527463832e-01
3.237499999999997158e+01 5.700423048245149005e-01 6.381116962977183282e-03 2.065886616763861205e-01 3.624093508989364443e-01
3.244999999999997442e+01 5.686444683666703748e-01 6.359016976119460755e-03 2.063501008750763255e-01 3.628806967344290202e-01
3.252499999999997016e+01 5.672231338125496292e-01 6.336401555981884849e-03 2.060914606083106282e-01 3.633340185247411203e-01
3.259999999999997300e+01 5.658153106882474193e-01 6.313799837043237821e-03 2.058298746876093821e-01 3.637757246922881382e-01
3.267499999999996874e+01 5.644527870815836401e-01 6.291678441537480390e-03 2.055805930772369727e-01 3.642122030084390394e-01
3.274999999999997158e+01 5.631608052554706312e-01 6.270423953716731252e-03 2.053563844842227759e-01 3.646496392643403528e-01
3.282499999999996732e+01 5.619572893171272954e-01 6.250332031007803033e-03 2.051671489178309438e-01 3.650938475540437822e-01
3.289999999999997016e+01 5.608526574601848669e-01 6.231603488264372132e-03 2.050197547638976658e-01 3.655501173736563914e-01
3.297499999999997300e+01 5.598502010345079993e-01 6.214347113627452339e-03 2.049180960718650635e-01 3.660230820551841346e-01
3.304999999999996874e+01 5.589469594414864240e-01 6.198588381707489069e-03 2.048633460154323238e-01 3.665166122741535526e-01
3.312499999999997158e+01 5.581349911065732750e-01 6.184282921537257241e-03 2.048543717759214733e-01 3.670337374293121124e-01
3.319999999999996732e+01 5.574029099999311399e-01 6.171333272046220821e-03 2.048882646319343248e-01 3.675765966703683496e-01
3.327499999999997016e+01 5.567375444603722690e-01 6.159607334922131798e-03 2.049609340695337512e-01 3.681464203535900759e-01
3.334999999999996589e+01 5.561255691445236016e-01 6.148956880292166111e-03 2.050677119577435370e-01 3.687435416307056624e-01
3.342499999999996874e+01 5.555549731690485604e-01 6.139234599343873500e-03 2.052039164830687934e-01 3.693674368758242954e-01
3.349999999999997158e+01 5.550162480642579776e-01 6.130308418183718668e-03 2.053653320091544110e-01 3.700167927072612328e-01
3.357499999999996732e+01 5.545032089380715901e-01 6.122072100797200551e-03 2.055485707842658050e-01 3.706895965091195899e-01
3.364999999999996305e+01 5.540133997642883168e-01 6.114451562655161092e-03 2.057512950833459975e-01 3.713832466342608107e-01
3.372499999999996589e+01 5.535480833582625548e-01 6.107406842961412598e-03 2.059722957788734377e-01 3.720946778991299775e-01
3.379999999999996874e+01 5.531118249282559463e-01 6.100929756189667902e-03 2.062114257592105870e-01 3.728204975295154044e-01
3.387499999999997158e+01 5.527117597996898946e-01 6.095038134297981261e-03 2.064694167993439411e-01 3.735571265467034774e-01
3.394999999999996732e+01 5.523566102464237959e-01 6.089767281717927902e-03 2.067475992143233965e-01 3.743009414191435513e-01
3.402499999999996305e+01 5.520555953531461890e-01 6.085160142186205566e-03 2.070475738378854125e-01 3.750484110308464070e-01
3.409999999999996589e+01 5.518173064105960091e-01 6.081256897751493966e-03 2.073708602133257362e-01 3.757962242290119881e-01
3.417499999999996874e+01 5.516487066362301128e-01 6.078085686374769953e-03 2.077185783318575840e-01 3.765414036741900894e-01
3.424999999999996447e+01 5.515543294203610891e-01 6.075655207505953510e-03 2.080911908570787228e-01 3.772814023158256869e-01
3.432499999999996021e+01 5.515357677080447996e-01 6.073950203547655129e-03 2.084883407367730257e-01 3.780141795756322143e-01
3.439999999999996305e+01 5.515914956375503886e-01 6.072930245178664518e-03 2.089088004341458360e-01 3.787382548251240211e-01
3.447499999999996589e+01 5.517170393411735541e-01 6.072532000640461919e-03 2.093505407220797032e-01 3.794527371713464214e-01
3.454999999999996874e+01 5.519055378575230542e-01 6.072675430229189548e-03 2.098109361144182561e-01 3.801573307796413115e-01
3.462499999999996447e+01 5.521485288749939935e-01 6.073272090958146616e-03 2.102870461494256160e-01 3.808523162741857537e-01
3.469999999999996021e+01 5.524370146728392328e-01 6.074236172376313962e-03 2.107759951814578425e-01 3.815385095191028419e-01
3.477499999999996305e+01 5.527626324044443429e-01 6.075496347796057253e-03 2.112753854946076704e-01 3.822171997690720913e-01
3.484999999999996589e+01 5.531188405494928961e-01 6.077007507257132721e-03 2.117837116279108756e-01 3.828900700932831858e-01
3.492499999999996163e+01 5.535020169032610626e-01 6.078761263746838839e-03 2.123007371363581086e-01 3.835591030438163518e-01
3.499999999999996447e+01 5.539123431939938502e-01 6.080793933898966108e-03 2.128277876864635987e-01 3.842264760868959739e-01
3.507499999999996021e+01 5.543543835313669010e-01 6.083191035478834226e-03 2.133679255694198584e-01 3.848944500271042068e-01
3.514999999999996305e+01 5.548372868289354054e-01 6.086087633822826262e-03 2.139259803288721118e-01 3.855652556293115429e-01
3.522499999999995879e+01 5.553746197436985055e-01 6.089664684052698874e-03 2.145084384957560708e-01 3.862409819785250775e-01
3.529999999999996163e+01 5.559836988487024678e-01 6.094140021817038254e-03 2.151231427701412180e-01 3.869234713456622399e-01
3.537499999999996447e+01 5.566845975076863962e-01 6.099755994666829044e-03 2.157788683113388561e-01 3.876142240640302328e-01
3.544999999999996021e+01 5.574987884785875814e-01 6.106763365610785865e-03 2.164847613109021074e-01 3.883143170619048901e-01
3.552499999999996305e+01 5.584475496867741251e-01 6.115402924188570108e-03 2.172496888817987415e-01 3.890243389977290356e-01
3.559999999999995879e+01 5.595502752288284976e-01 6.125886376591839835e-03 2.180815550066692587e-01 3.897443440939862835e-01
3.567499999999996163e+01 5.608227470729387765e-01 6.138377129793321473e-03 2.189866041053765144e-01 3.904738266204738073e-01
3.574999999999995737e+01 5.622755859174214388e-01 6.152973346064316909e-03 2.199687971217990645e-01 3.912117165160088339e-01
3.582499999999996021e+01 5.639129567278374777e-01 6.169694079987928480e-03 2.210292904155672922e-01 3.919563964235053266e-01
3.589999999999996305e+01 5.657316421655598226e-01 6.188469717607636769e-03 2.221660628621139333e-01 3.927057394415595093e-01
3.597499999999995879e+01 5.677206003926801303e-01 6.209137971189741464e-03 2.233737385135506903e-01 3.934571660056863651e-01
3.604999999999995453e+01 5.698610065465754548e-01 6.231445408707451949e-03 2.246436069839033989e-01 3.942077180280679771e-01
3.612499999999995737e+01 5.721268456803551006e-01 6.255055242050510528e-03 2.259638706190744140e-01 3.949541475376240340e-01
3.619999999999996021e+01 5.744860051036799753e-01 6.279560780519288093e-03 2.273201002547979854e-01 3.956930164273932959e-01
3.627499999999996305e+01 5.769017529843372127e-01 6.304503290572111007e-03 2.286958568655030888e-01 3.964208042053083414e-01
3.634999999999995879e+01 5.793346630530976649e-01 6.329394866279623895e-03 2.300735033892640224e-01 3.971340195264254636e-01
3.642499999999995453e+01 5.817447032729126111e-01 6.353743170455469422e-03 2.314350949838401839e-01 3.978293118644306015e-01
3.649999999999995737e+01 5.840933985244206594e-01 6.377076986559148362e-03 2.327633100094086416e-01 3.985035793888995759e-01
3.657499999999996021e+01 5.863460026950114701e-01 6.398971784090163283e-03 2.340423930030974820e-01 3.991540693163638798e-01
3.664999999999995595e+01 5.884734455586105861e-01 6.419072636993068161e-03 2.352590121457956984e-01 3.997784673571382896e-01
3.672499999999995168e+01 5.904539713279611801e-01 6.437113490991890757e-03 2.364029929566768828e-01 4.003749732176319354e-01
3.679999999999995453e+01 5.922743508573743432e-01 6.452931407914550520e-03 2.374678758112551691e-01 4.009423596809442714e-01
3.687499999999995737e+01 5.939305996666200960e-01 6.466474984902656660e-03 2.384512650682851786e-01 4.014800133250089331e-01
3.694999999999996021e+01 5.954281060691853922e-01 6.477805874575561819e-03 2.393549270655667138e-01 4.019879556000586218e-01
3.702499999999995595e+01 5.967813026000354792e-01 6.487094861380213358e-03 2.401846872426021129e-01 4.024668437100392127e-01
3.709999999999995168e+01 5.980126726052961139e-01 6.494610267088364065e-03 2.409500409089779804e-01 4.029179513190873085e-01
3.717499999999995453e+01 5.991513650871221897e-01 6.500701733983375169e-03 2.416635869608316778e-01 4.033431300380856954e-01
3.724999999999995737e+01 6.002314276145020999e-01 6.505779579600144517e-03 2.423402893401050973e-01 4.037447527585107387e-01
3.732499999999995310e+01 6.012897280148898904e-01 6.510290610602641539e-03 2.429965970407432785e-01 4.041256414656827500e-01
3.739999999999995595e+01 6.023637753631664316e-01 6.514692777753277458e-03 2.436495098879722931e-01 4.044889813320455274e-01
3.747499999999995168e+01 6.034895248984082361e-01 6.519429696926521897e-03 2.443156278923210856e-01 4.048382247122671029e-01
3.754999999999995453e+01 6.046993296049589794e-01 6.524906868989385246e-03 2.450102529305511201e-01 4.051769878604176145e-01
3.762499999999995026e+01 6.060201525265624944e-01 6.531470887247784081e-03 2.457465921326975611e-01 4.055089440642425380e-01
3.769999999999995310e+01 6.074721519725732044e-01 6.539392867225164718e-03 2.465351110943884150e-01 4.058377166654369428e-01
3.777499999999995595e+01 6.090677243742663727e-01 6.548857013930035886e-03 2.473830737012068237e-01 4.061667755508782673e-01
3.784999999999995168e+01 6.108110499966608042e-01 6.559954790901267874e-03 2.482942888356126643e-01 4.064993402410942425e-01
3.792499999999995453e+01 6.126981485328808485e-01 6.572684742775529096e-03 2.492690688697616341e-01 4.068382929940981274e-01
3.799999999999995026e+01 6.147174497805176774e-01 6.586957989420628816e-03 2.503044035979835602e-01 4.071861042619722149e-01
3.807499999999995310e+01 6.168507911215944661e-01 6.602608420092889556e-03 2.513943155950364439e-01 4.075447729230216032e-01
3.814999999999994884e+01 6.190747720741553994e-01 6.619406824240660521e-03 2.525303703447808745e-01 4.079157829331344631e-01
3.822499999999995168e+01 6.213623990102314920e-01 6.637078238477939034e-03 2.537023156658189116e-01 4.083000774909159025e-01
3.829999999999995453e+01 6.236848271981655367e-01 6.655320455881421314e-03 2.548987734602581323e-01 4.086980512342466842e-01
3.837499999999995026e+01 6.260131141489437834e-01 6.673822798830685021e-03 2.561079499051271968e-01 4.091095603537034942e-01
3.844999999999994600e+01 6.283199232238710907e-01 6.692284523365447067e-03 2.573183399234011404e-01 4.095339498437619019e-01
3.852499999999994884e+01 6.305809243048805524e-01 6.710430175131043215e-03 2.585193224969231096e-01 4.099700966722095163e-01
3.859999999999995168e+01 6.327759732062179232e-01 6.728022781238563593e-03 2.597016793558082348e-01 4.104164670474506060e-01
3.867499999999995453e+01 6.348898745269110355e-01 6.744872794970596143e-03 2.608579553454875022e-01 4.108711854002493613e-01
3.874999999999995026e+01 6.369127670616163694e-01 6.760843200247527648e-03 2.619826740095912987e-01 4.113321125877925644e-01
3.882499999999994600e+01 6.388401217255571529e-01 6.775850643367275182e-03 2.630724012287340985e-01 4.117969305342860098e-01
3.889999999999994884e+01 6.406723543117547326e-01 6.789862571896113606e-03 2.641256540467584735e-01 4.122632298228268155e-01
3.897499999999995168e+01 6.424141295892913384e-01 6.802891158048652437e-03 2.651426828849459127e-01 4.127285977574265408e-01
3.904999999999994742e+01 6.440734305865863929e-01 6.814984731946134404e-03 2.661251537824962377e-01 4.131907033335068258e-01
3.912499999999994316e+01 6.456604495015285661e-01 6.826217278859320059e-03 2.670757510353705122e-01 4.136473764833542566e-01
3.919999999999994600e+01 6.471864265519365889e-01 6.836677290682729828e-03 2.679977497947626519e-01 4.140966787925300929e-01
3.927499999999994884e+01 6.486625384978988995e-01 6.846457014694140239e-03 2.688945992521120099e-01 4.145369638191045425e-01
3.934999999999995168e+01 6.500988710159772976e-01 6.855642417289421232e-03 2.697695291203383583e-01 4.149669244906415422e-01
3.942499999999994742e+01 6.515035896434584473e-01 6.864305056659978158e-03 2.706252268588192900e-01 4.153856266654210039e-01
3.949999999999994316e+01 6.528823552253039120e-01 6.872496330586162251e-03 2.714636050581530347e-01 4.157925281415720820e-01
3.957499999999994600e+01 6.542379885984587196e-01 6.880244119625291213e-03 2.722856610341705119e-01 4.161874818939732545e-01
3.964999999999994884e+01 6.555704450019823604e-01 6.887552473911739623e-03 2.730914555906001073e-01 4.165707250420270236e-01
3.972499999999994458e+01 6.568770077685679443e-01 6.894403367013263000e-03 2.738801737546014969e-01 4.169428530996710514e-01
3.979999999999994742e+01 6.581527554095965016e-01 6.900761099756081048e-03 2.746502917702916546e-01 4.173047814703215175e-01
3.987499999999994316e+01 6.593911735022204290e-01 6.906578005947985183e-03 2.753997979871755097e-01 4.176576955442794503e-01
3.994999999999994600e+01 6.605848925848080144e-01 6.911801283168742330e-03 2.761264612625908832e-01 4.180029915339623092e-01
4.002499999999994174e+01 6.617264788656159746e-01 6.916380208365971796e-03 2.768281178398476206e-01 4.183422103863946306e-01
4.009999999999994458e+01 6.628091782478255922e-01 6.920272734104904351e-03 2.775029366376062789e-01 4.186769672852167501e-01
4.017499999999994742e+01 6.638275823787458396e-01 6.923451187251458867e-03 2.781496514478269955e-01 4.190088794610060674e-01
4.024999999999994316e+01 6.647781466667541661e-01 6.925906392523936000e-03 2.787677322990880224e-01 4.193394949831754648e-01
4.032499999999994600e+01 6.656595329087621193e-01 6.927649994969701380e-03 2.793574860471528254e-01 4.196702251471288170e-01
4.039999999999994174e+01 6.664726990689615604e-01 6.928714235839090324e-03 2.799200551278988591e-01 4.200022829426278692e-01
4.047499999999994458e+01 6.672208161024273387e-01 6.929150069531497987e-03 2.804573490642869871e-01 4.203366296372159638e-01
4.054999999999994031e+01 6.679089587608079137e-01 6.929023124325534543e-03 2.809718876914000241e-01 4.206739316877794455e-01
4.062499999999994316e+01 6.685436296258621125e-01 6.928408159202950785e-03 2.814665814676194922e-01 4.210145291865797779e-01
4.069999999999994600e+01 6.691321519026828257e-01 6.927382411737890468e-03 2.819444641577317778e-01 4.213584168030490851e-01
4.077499999999994174e+01 6.696819908749460648e-01 6.926018480124554628e-03 2.824084035270783000e-01 4.217052382700465785e-01
4.084999999999993747e+01 6.702000687569487081e-01 6.924377402184544138e-03 2.828608168792382527e-01 4.220542940317409952e-01
4.092499999999994031e+01 6.706921143705955046e-01 6.922502351510271927e-03 2.833034087355574826e-01 4.224045618926365320e-01
4.099999999999994316e+01 6.711621242324695702e-01 6.920413719749001977e-03 2.837369625097087011e-01 4.227547298414460197e-01
4.107499999999994600e+01 6.716119686859904903e-01 6.918105898696976126e-03 2.841611997889779140e-01 4.231032397247768140e-01
4.114999999999993463e+01 6.720411784013748946e-01 6.915546087719738437e-03 2.845747215096667837e-01 4.234483401546940140e-01
4.122499999999993747e+01 6.724469265951737995e-01 6.912675240008904314e-03 2.849750367693666409e-01 4.237881466903145045e-01
4.129999999999994031e+01 6.728242084351249153e-01 6.909411114590100281e-03 2.853586790325707279e-01 4.241207070956418690e-01
4.137499999999994316e+01 6.731662033616595542e-01 6.905653236976371998e-03 2.857214026798969853e-01 4.244440693146217525e-01
4.144999999999994600e+01 6.734647855819048123e-01 6.901289360259149457e-03 2.860584439827413838e-01 4.247563497111042086e-01
4.152499999999993463e+01 6.737111416918822870e-01 6.896202957299982922e-03 2.863648278018813276e-01 4.250557992595119794e-01
4.159999999999993747e+01 6.738964523171562249e-01 6.890281249136177670e-03 2.866356999640645720e-01 4.253408650223388654e-01
4.167499999999994031e+01 6.740125689287981281e-01 6.883423030796442278e-03 2.868666548084413126e-01 4.256102453168726374e-01
4.174999999999993605e+01 6.740526470698555705e-01 6.875545853364859947e-03 2.870540393779824617e-01 4.258629361160769511e-01
4.182499999999993889e+01 6.740116809260006114e-01 6.866591977392143796e-03 2.871952094544260037e-01 4.260982674066697840e-01
4.189999999999993463e+01 6.738868927146783872e-01 6.856532605861043878e-03 2.872887161855772753e-01 4.263159282238991876e-01
4.197499999999993747e+01 6.736779691264878078e-01 6.845370312957630224e-03 2.873344188863961035e-01 4.265159795249992003e-01
4.204999999999994031e+01 6.733870992231412167e-01 6.833139211905237508e-03 2.873335038606148473e-01 4.266988544807282513e-01
4.212499999999993605e+01 6.730188497220989108e-01 6.819903249713519383e-03 2.872884243941815630e-01 4.268653463611129517e-01
4.219999999999993889e+01 6.725798591047598141e-01 6.805752469369284741e-03 2.872027542073833928e-01 4.270165844538755806e-01
4.227499999999993463e+01 6.720783935786720509e-01 6.790797711802501815e-03 2.870809732664503233e-01 4.271539987140581252e-01
4.234999999999993747e+01 6.715238093180500023e-01 6.775164258238285109e-03 2.869282063363909341e-01 4.272792749191931527e-01
4.242499999999993321e+01 6.709259478769520335e-01 6.758984720973857871e-03 2.867499267873154789e-01 4.273943014049376155e-01
4.249999999999993605e+01 6.702945266094901822e-01 6.742391855971625533e-03 2.865516538787936662e-01 4.275011095916900761e-01
4.257499999999993889e+01 6.696385679306381400e-01 6.725511776276988860e-03 2.863386638749924051e-01 4.276018102718535108e-01
4.264999999999993463e+01 6.689659108985491764e-01 6.708458037363617017e-03 2.861157352935578269e-01 4.276985278805158774e-01
4.272499999999993747e+01 6.682828435135539369e-01 6.691327006513464633e-03 2.858869463532873745e-01 4.277933350049993866e-01
4.279999999999993321e+01 6.675938784269400683e-01 6.674194763227531135e-03 2.856555358661378996e-01 4.278881893573255324e-01
4.287499999999993605e+01 6.669016879660637498e-01 6.657115703343536965e-03 2.854238357808537296e-01 4.279848753289974272e-01
4.294999999999993179e+01 6.662071972657781505e-01 6.640122842733393524e-03 2.851932760953987955e-01 4.280849520477683634e-01
4.302499999999993463e+01 6.655098189723238633e-01 6.623229661189495958e-03 2.849644561726776271e-01 4.281897096765874267e-01
4.309999999999993747e+01 6.648078098646632572e-01 6.606433291722251487e-03 2.847372748732286407e-01 4.283001352393759897e-01
4.317499999999993321e+01 6.640987085836176362e-01 6.589718654135419927e-03 2.845111028922963081e-01 4.284168892589754196e-01
4.324999999999993605e+01 6.633798150715713993e-01 6.573063133457807822e-03 2.842849805220497572e-01 4.285402933029828776e-01
4.332499999999993179e+01 6.626486707244295671e-01 6.556441411736737244e-03 2.840578241634936774e-01 4.286703297132584689e-01
4.339999999999993463e+01 6.619034867639081998e-01 6.539829911769476367e-03 2.838286181707948552e-01 4.288066520973511375e-01
4.347499999999993747e+01 6.611434955765127519e-01 6.523210617922833333e-03 2.835965816141947649e-01 4.289486072413076223e-01
4.354999999999992610e+01 6.603691794446338026e-01 6.506573804524829439e-03 2.833612891870558315e-01 4.290952667193839165e-01
4.362499999999992895e+01 6.595823769895113875e-01 6.489919672303653964e-03 2.831227457042464479e-01 4.292454674069447473e-01
4.369999999999993179e+01 6.587862318426048747e-01 6.473258526122879601e-03 2.828813975915693835e-01 4.293978591513043508e-01
4.377499999999993463e+01 6.579850174981535238e-01 6.456609813571202033e-03 2.826380945890789587e-01 4.295509579591181293e-01
4.384999999999993747e+01 6.571838445184261523e-01 6.440000064693474947e-03 2.823940028368084887e-01 4.297032028286427718e-01
4.392499999999992610e+01 6.563882681896722193e-01 6.423459883913082771e-03 2.821504754008816729e-01 4.298530139471513078e-01
4.399999999999992895e+01 6.556038436884227272e-01 6.407020434348926000e-03 2.819088991113523068e-01 4.299988504114539145e-01
4.407499999999993179e+01 6.548356765202859586e-01 6.390709858386383301e-03 2.816705370083794069e-01 4.301392656324729558e-01
4.414999999999992752e+01 6.540880022381866388e-01 6.374549933940559625e-03 2.814363795834752269e-01 4.302729581041756513e-01
4.422499999999993037e+01 6.533638264586814071e-01 6.358553248536031460e-03 2.812070174165055558e-01 4.303988161399826540e-01
4.429999999999992610e+01 6.526646778051686804e-01 6.342721378183873923e-03 2.809825570535451345e-01 4.305159549900188232e-01
4.437499999999992895e+01 6.519904946519006206e-01 6.327044250864818919e-03 2.807625886321258868e-01 4.306237451851591125e-01
4.444999999999993179e+01 6.513396516978213757e-01 6.311500731045333046e-03 2.805462074949646167e-01 4.307218311731458305e-01
4.452499999999992752e+01 6.507091325595321107e-01 6.296060472470359735e-03 2.803320925367422944e-01 4.308101400606902387e-01
4.459999999999993037e+01 6.500948571327058723e-01 6.280687096617275020e-03 2.801186445091300437e-01 4.308888794238662223e-01
4.467499999999992610e+01 6.494921058288352089e-01 6.265342145043852930e-03 2.799041603298336733e-01 4.309585256200151315e-01
4.474999999999992895e+01 6.488960243390642368e-01 6.249989629635938938e-03 2.796870359262078054e-01 4.310198019953723758e-01
4.482499999999992468e+01 6.483021934600506908e-01 6.234601054026165691e-03 2.794659922467224167e-01 4.310736490882218774e-01
4.489999999999992752e+01 6.477071730534011973e-01 6.219160023740762447e-03 2.792402850659597702e-01 4.311211866769574796e-01
4.497499999999993037e+01 6.471089940061535151e-01 6.203666232753536104e-03 2.790098888180898573e-01 4.311636701118647941e-01
4.504999999999992610e+01 6.465075724149345060e-01 6.188138604224303549e-03 2.787756441203044222e-01 4.312024421910152783e-01
4.512499999999992895e+01 6.459049724204960485e-01 6.172616917641751341e-03 2.785393384085835811e-01 4.312388823463791931e-01
4.519999999999992468e+01 6.453055085394395762e-01 6.157161880154367328e-03 2.783037169829769564e-01 4.312743550150055505e-01
4.527499999999992752e+01 6.447156918169717477e-01 6.141853729580685865e-03 2.780724276067650935e-01 4.313101590921212258e-01
4.534999999999992326e+01 6.441439528902039857e-01 6.126788774265687354e-03 2.778498709129484379e-01 4.313474801187937024e-01
4.542499999999992610e+01 6.436002357230742321e-01 6.112074809915978360e-03 2.776409982404328680e-01 4.313873470361734297e-01
4.549999999999992895e+01 6.430954254886106503e-01 6.097825098302308428e-03 2.774510419727546084e-01 4.314305948638229582e-01
4.557499999999992468e+01 6.426406628568661628e-01 6.084151437183234375e-03 2.772852017496254540e-01 4.314778347777605827e-01
4.564999999999992752e+01 6.422466357008230764e-01 6.071157195029845341e-03 2.771483259531120069e-01 4.315294320704167186e-01
4.572499999999992326e+01 6.419228106596421846e-01 6.058929973711739067e-03 2.770445730479688118e-01 4.315854935319665686e-01
4.579999999999992610e+01 6.416767495209212413e-01 6.047535257948167750e-03 2.769771148140256489e-01 4.316458637792596198e-01
4.587499999999992895e+01 6.415135167161151175e-01 6.037011103886047447e-03 2.769478843907720034e-01 4.317101310794796420e-01
4.594999999999991758e+01 6.414352240166543151e-01 6.027364279779844590e-03 2.769573886558833742e-01 4.317776422092660105e-01
4.602499999999992042e+01 6.414407683659415493e-01 6.018568359475701124e-03 2.770046087448686523e-01 4.318475257669274203e-01
4.609999999999992326e+01 6.415257722929321726e-01 6.010563825478371439e-03 2.770869923545524749e-01 4.319187230221354090e-01
4.617499999999992610e+01 6.416827406475865692e-01 6.003260277960073207e-03 2.772005433348059267e-01 4.319900252499467297e-01
4.624999999999992895e+01 6.419014188352420991e-01 5.996540572448545020e-03 2.773400014757447796e-01 4.320601159894462140e-01
4.632499999999991758e+01 6.421693767158872523e-01 5.990267076241850147e-03 2.774991223069032120e-01 4.321276167450697203e-01
4.639999999999992042e+01 6.424726719850878398e-01 5.984288647023014093e-03 2.776709932218673904e-01 4.321911348601490399e-01
4.647499999999992326e+01 6.427966772320823363e-01 5.978449080265017986e-03 2.778484210053162595e-01 4.322493112468265286e-01
4.654999999999991900e+01 6.431269699582486954e-01 5.972596058835409789e-03 2.780243465387878254e-01 4.323008667430584540e-01
4.662499999999992184e+01 6.434501693534877553e-01 5.966589496792836476e-03 2.781922352879655502e-01 4.323446453786493615e-01
4.669999999999991758e+01 6.437547372449524685e-01 5.960309419968278476e-03 2.783464499125181124e-01 4.323796530084494938e-01
4.677499999999992042e+01 6.440316756917696672e-01 5.953662743630699743e-03 2.784825748333255024e-01 4.324050902220000214e-01
4.684999999999992326e+01 6.442750186995044315e-01 5.946587983926365437e-03 2.785976470469497812e-01 4.324203778835171152e-01
4.692499999999991900e+01 6.444821919270100619e-01 5.939058601871944308e-03 2.786903248928405130e-01 4.324251754102822476e-01
4.699999999999992184e+01 6.446540742188807682e-01 5.931083440754375893e-03 2.787609217154551899e-01 4.324193902803240563e-01
4.707499999999991758e+01 6.447949381288579085e-01 5.922705919260300156e-03 2.788113811491781391e-01 4.324031791537724101e-01
4.714999999999992042e+01 6.449120970914785644e-01 5.914000411786681129e-03 2.788451194157415269e-01 4.323769404750184009e-01
4.722499999999991616e+01 6.450153777874499950e-01 5.905066936635219518e-03 2.788667860825977396e-01 4.323412986511646627e-01
4.729999999999991900e+01 6.451164779374687352e-01 5.896024744980602091e-03 2.788819704375820052e-01 4.322970811863436902e-01
4.737499999999992184e+01 6.452281519391052100e-01 5.887004299378919593e-03 2.788968286830758592e-01 4.322452884997450284e-01
4.744999999999991758e+01 6.453634502800347228e-01 5.878139759384753971e-03 2.789177315828060832e-01 4.321870590312771876e-01
4.752499999999992042e+01 6.455348229517740011e-01 5.869560243591208197e-03 2.789508505766716828e-01 4.321236293669493689e-01
4.759999999999991616e+01 6.457533971167278564e-01 5.861382738835805087e-03 2.790018183685838427e-01 4.320562920989958755e-01
4.767499999999991900e+01 6.460282964342887180e-01 5.853705448289866879e-03 2.790754072472189096e-01 4.319863522814055279e-01
4.774999999999991473e+01 6.463661390723425271e-01 5.846602834202865862e-03 2.791752853331863626e-01 4.319150841253157624e-01
4.782499999999991758e+01 6.467706963481431037e-01 5.840122191591727401e-03 2.793038438128738754e-01 4.318436895640220263e-01
4.789999999999992042e+01 6.472427616537491657e-01 5.834282197196470621e-03 2.794621172457104619e-01 4.317732600541809296e-01
4.797499999999991616e+01 6.477802099818791293e-01 5.829073246823021810e-03 2.796497890163339717e-01 4.317047429160529859e-01
4.804999999999991900e+01 6.483782398423649784e-01 5.824459499885785256e-03 2.798652789695115217e-01 4.316389134798122584e-01
4.812499999999991473e+01 6.490298236503323492e-01 5.820382849410491409e-03 2.801059246278794213e-01 4.315763535371645587e-01
4.819999999999991758e+01 6.497261811842237611e-01 5.816767153319682936e-03 2.803681767900082500e-01 4.315174375134384621e-01
4.827499999999992042e+01 6.504575017762138645e-01 5.813524736256715786e-03 2.806479066427924884e-01 4.314623259420071744e-01
4.834999999999990905e+01 6.512135113400374653e-01 5.810561544151040744e-03 2.809406506597023068e-01 4.314109670138683850e-01
4.842499999999991189e+01 6.519842263490255307e-01 5.807784010426045307e-03 2.812419407048807329e-01 4.313631056379637063e-01
4.849999999999991473e+01 6.527604597607052916e-01 5.805103747527310711e-03 2.815475317550740764e-01 4.313182999140086626e-01
4.857499999999991758e+01 6.535344108224312443e-01 5.802443025792533918e-03 2.818536699778718679e-01 4.312759440213362883e-01
4.864999999999992042e+01 6.542999666811414317e-01 5.799737727247064774e-03 2.821572404305692228e-01 4.312352969568043481e-01
4.872499999999990905e+01 6.550529634232440390e-01 5.796939977513408844e-03 2.824559004043403210e-01 4.311955157461663246e-01
4.879999999999991189e+01 6.557912360847167887e-01 5.794018939229888913e-03 2.827481242344180856e-01 4.311556920499802770e-01
4.887499999999991473e+01 6.565145274306859458e-01 5.790960383995573564e-03 2.830331887677831615e-01 4.311148907480428782e-01
4.894999999999991047e+01 6.572242530283520789e-01 5.787765015028608837e-03 2.833110974856498654e-01 4.310721891047256671e-01
4.902499999999991331e+01 6.579231587761134037e-01 5.784445851884124044e-03 2.835824578886186886e-01 4.310267150591666763e-01
4.909999999999990905e+01 6.586148835227672027e-01 5.781024780087888441e-03 2.838483167023148068e-01 4.309776833224308046e-01
4.917499999999991189e+01 6.593034931700628709e-01 5.777528838402770477e-03 2.841099806284557161e-01 4.309244279328753313e-01
4.924999999999991473e+01 6.599929932197544646e-01 5.773986292640104906e-03 2.843688249125246870e-01 4.308664301498726368e-01
4.932499999999991047e+01 6.606868873602903536e-01 5.770423076223617047e-03 2.846261182347293861e-01 4.308033407048914021e-01
4.939999999999991331e+01 6.613877968179504574e-01 5.766859711791986511e-03 2.848828697625236384e-01 4.307349956154978288e-01
4.947499999999990905e+01 6.620971836864151250e-01 5.763309078219091240e-03 2.851397166448890186e-01 4.306614250453267845e-01
4.954999999999991189e+01 6.628151714623720103e-01 5.759774951337194408e-03 2.853968488387574887e-01 4.305828549595284160e-01
4.962499999999990763e+01 6.635405235344182806e-01 5.756251834115546154e-03 2.856539972679834616e-01 4.304997014295637303e-01
4.969999999999991047e+01 6.642706756809959590e-01 5.752725166198952370e-03 2.859104407600874254e-01 4.304125580539562845e-01
4.977499999999991331e+01 6.650019665025083127e-01 5.749173153200815532e-03 2.861650937005700834e-01 4.303221766480155308e-01
4.984999999999990905e+01 6.657299029369329046e-01 5.745568802189046469e-03 2.864166047891234523e-01 4.302294421890445753e-01
4.992499999999991189e+01 6.664494913451404212e-01 5.741882432813541319e-03 2.866634804582155471e-01 4.301353428594012485e-01
4.999999999999990763e+01 6.671556304506086610e-01 5.738084637614384101e-03 2.869042318807186742e-01 4.300409361559888177e-01
5.007499999999991047e+01 6.678434863551951928e-01 5.734149017878160774e-03 2.871375120702484018e-01 4.299473124119581602e-01
5.014999999999990621e+01 6.685088415534216066e-01 5.730054644217864000e-03 2.873622404075253378e-01 4.298555569433882839e-01
5.022499999999990905e+01 6.691483835671919733e-01 5.725787970230981905e-03 2.875777008048505667e-01 4.297667122377105686e-01
5.029999999999991189e+01 6.697599147447130807e-01 5.721344065569745549e-03 2.877836064981577069e-01 4.296817414160264414e-01
5.037499999999990763e+01 6.703424565673636870e-01 5.716726968444605858e-03 2.879801210353964969e-01 4.296014943019754173e-01
5.044999999999991047e+01 6.708962622191372294e-01 5.711949302713160113e-03 2.881678423218784202e-01 4.295266772968741598e-01
5.052499999999990621e+01 6.714227010526993000e-01 5.707030873338506637e-03 2.883477348754275305e-01 4.294578280170413542e-01
5.059999999999990905e+01 6.719240810979937306e-01 5.701996827480528517e-03 2.885210394705142178e-01 4.293952956694763179e-01
5.067499999999991189e+01 6.724033689035084915e-01 5.696875049314134923e-03 2.886891431239932970e-01 4.293392277239183596e-01
5.074999999999990052e+01 6.728638684220439314e-01 5.691693325852037466e-03 2.888534362869903394e-01 4.292895633768988306e-01
5.082499999999990337e+01 6.733088770583617322e-01 5.686476441493536378e-03 2.890151651389084586e-01 4.292460340068513514e-01
5.089999999999990621e+01 6.737413442919868434e-01 5.681243414593052481e-03 2.891752898027858398e-01 4.292081705430603744e-01
5.097499999999990905e+01 6.741635624502654300e-01 5.676005120291450004e-03 2.893343610068561667e-01 4.291753175672424758e-01
5.104999999999991189e+01 6.745769209457119775e-01 5.670762547807081146e-03 2.894924280655509774e-01 4.291466533715708187e-01
5.112499999999990052e+01 6.749817333372366557e-01 5.665505760011998147e-03 2.896489819806128407e-01 4.291212156935474420e-01
5.119999999999990337e+01 6.753771599564372119e-01 5.660213720996712730e-03 2.898029425150311367e-01 4.290979317892891776e-01
5.127499999999990621e+01 6.757612269920457715e-01 5.654854980177384527e-03 2.899526891085948410e-01 4.290756520601733404e-01
5.134999999999990195e+01 6.761309388514556984e-01 5.649389161839352136e-03 2.900961334604501562e-01 4.290531859897385170e-01
5.142499999999990479e+01 6.764824780696429007e-01 5.643769188411021029e-03 2.902308305140361977e-01 4.290293391518669175e-01
5.149999999999990052e+01 6.768114676776154637e-01 5.637944005355697424e-03 2.903541162758178640e-01 4.290029500713510302e-01
5.157499999999990337e+01 6.771132822309801069e-01 5.631861672373976967e-03 2.904632657526873274e-01 4.289729257645888416e-01
5.164999999999990621e+01 6.773833788655972965e-01 5.625472558761173900e-03 2.905556576600141216e-01 4.289382744327190911e-01
5.172499999999990195e+01 6.776176214882568827e-01 5.618732411815077245e-03 2.906289340011343203e-01 4.288981348549107953e-01
5.179999999999990479e+01 6.778125703397964719e-01 5.611605047725290278e-03 2.906811414721695019e-01 4.288518009137056719e-01
5.187499999999990052e+01 6.779657223552625345e-01 5.604064543520386431e-03 2.907108481951194978e-01 4.287987410118403453e-01
5.194999999999990337e+01 6.780756737827720038e-01 5.596096681459370760e-03 2.907172226018137629e-01 4.287386111051489923e-01
5.202499999999989910e+01 6.781422050172967175e-01 5.587699660520680477e-03 2.907000748385878408e-01 4.286712619975823757e-01
5.209999999999990195e+01 6.781662705592199636e-01 5.578883926361896672e-03 2.906598525634542796e-01 4.285967397402032919e-01
5.217499999999990479e+01 6.781499128586412350e-01 5.569671292878464533e-03 2.905975997059333515e-01 4.285152798751560854e-01
5.224999999999990052e+01 6.780960923740567692e-01 5.560093300754923029e-03 2.905148749644441697e-01 4.284272955287700135e-01
5.232499999999990337e+01 6.780084601244796838e-01 5.550189044968816508e-03 2.904136417779927815e-01 4.283333599180664808e-01
5.239999999999989910e+01 6.778910893076063315e-01 5.540002626221902926e-03 2.902961376140271721e-01 4.282341842117054487e-01
5.247499999999990195e+01 6.777481872225398218e-01 5.529580406999224339e-03 2.901647318572837531e-01 4.281305908709241992e-01
5.254999999999989768e+01 6.775838155308755439e-01 5.518968329943039000e-03 2.900217857385061215e-01 4.280234844618874268e-01
5.262499999999990052e+01 6.774016353136520507e-01 5.508209437423816808e-03 2.898695216444278078e-01 4.279138202998458151e-01
5.269999999999990337e+01 6.772047007110032490e-01 5.497341799750893321e-03 2.897099128468715312e-01 4.278025721657019442e-01
5.277499999999989910e+01 6.769953153960004411e-01 5.486396981422188464e-03 2.895446006945554540e-01 4.276907005260290884e-01
5.284999999999990195e+01 6.767749601173899121e-01 5.475399113120229047e-03 2.893748431284035583e-01 4.275791218372058111e-01
5.292499999999989768e+01 6.765442981220280982e-01 5.464364639639359908e-03 2.892014985529125504e-01 4.274686806993817090e-01
5.299999999999990052e+01 6.763032452097893499e-01 5.453302632195336161e-03 2.890250395063522770e-01 4.273601251413434721e-01
5.307499999999990337e+01 6.760511121884535957e-01 5.442215735180146174e-03 2.888456001446857435e-01 4.272540861735438789e-01
5.314999999999989200e+01 6.757867797393681819e-01 5.431101427573007193e-03 2.886630408755047617e-01 4.271510623318702793e-01
5.322499999999989484e+01 6.755089224352979205e-01 5.419953729645239984e-03 2.884770372603673305e-01 4.270514092106584281e-01
5.329999999999989768e+01 6.752162196257135429e-01 5.408764865305273548e-03 2.882871673207705321e-01 4.269553351081734061e-01
5.337499999999990052e+01 6.749075658368012265e-01 5.397526968698872565e-03 2.880930019543017639e-01 4.268629017324799824e-01
5.344999999999990337e+01 6.745822485300714266e-01 5.386233589997769210e-03 2.878941853853802524e-01 4.267740309098076446e-01
5.352499999999989200e+01 6.742400677617618188e-01 5.374880786438046912e-03 2.876904940940958610e-01 4.266885162270560583e-01
5.359999999999989484e+01 6.738814082856752208e-01 5.363467883763535678e-03 2.874818785697249579e-01 4.266060393342298029e-01
5.367499999999989768e+01 6.735072379706972256e-01 5.351997696249483245e-03 2.872684763461904600e-01 4.265261902926852366e-01
5.374999999999989342e+01 6.731190410762731835e-01 5.340476266553523428e-03 2.870505993272512990e-01 4.264484909954058267e-01
5.382499999999989626e+01 6.727187003145942423e-01 5.328912230757923071e-03 2.868287008205446798e-01 4.263724208742976640e-01
5.389999999999989200e+01 6.723083280641055648e-01 5.317315801244472222e-03 2.866033216870764733e-01 4.262974437819970763e-01
5.397499999999989484e+01 6.718900676521968318e-01 5.305697524096361639e-03 2.863750238631005418e-01 4.262230350625487163e-01
5.404999999999989768e+01 6.714658863202699335e-01 5.294066970853846150e-03 2.861443197746498246e-01 4.261487077813618241e-01
5.412499999999989342e+01 6.710373882509691468e-01 5.282431576946033241e-03 2.859116091022034789e-01 4.260740371671690729e-01
5.419999999999989626e+01 6.706056473750143798e-01 5.270795610297918966e-03 2.856771220781466614e-01 4.259986822305882326e-01
5.427499999999989200e+01 6.701711058226768047e-01 5.259159620323920932e-03 2.854408883930802387e-01 4.259224038653289246e-01
5.434999999999989484e+01 6.697335206788797013e-01 5.247520219147432281e-03 2.852027239106623702e-01 4.258450788330929160e-01
5.442499999999989058e+01 6.692919932105005909e-01 5.235870446256635051e-03 2.849622490375167683e-01 4.257667085939464413e-01
5.449999999999989342e+01 6.688450718667807715e-01 5.224200650805896178e-03 2.847189354689207974e-01 4.256874236574035297e-01
5.457499999999989626e+01 6.683909369444590576e-01 5.212499932921250446e-03 2.844721838391767177e-01 4.256074822612613273e-01
5.464999999999989200e+01 6.679276040904259526e-01 5.200757656055291986e-03 2.842214059034211537e-01 4.255272639771636722e-01
5.472499999999989484e+01 6.674532283976338798e-01 5.188965667546495755e-03 2.839661461564814138e-01 4.254472584366753019e-01
5.479999999999989058e+01 6.669663724639673941e-01 5.177120162011122732e-03 2.837061848782089779e-01 4.253680494117206834e-01
5.487499999999989342e+01 6.664663021521103348e-01 5.165223694619065428e-03 2.834416502422206774e-01 4.252902949885823958e-01
5.494999999999988916e+01 6.659532390383283706e-01 5.153286801268227961e-03 2.831731097296885657e-01 4.252147044717516366e-01
5.502499999999989200e+01 6.654285670019376431e-01 5.141329221343165189e-03 2.829016404044071287e-01 4.251420128820278532e-01
5.509999999999989484e+01 6.648949538980000185e-01 5.129380437819408556e-03 2.826288621238488563e-01 4.250729539559812697e-01
5.517499999999989058e+01 6.643563779122839685e-01 5.117479474524826849e-03 2.823569300069067589e-01 4.250082326208762806e-01
5.524999999999989342e+01 6.638180693195248061e-01 5.105674054060283309e-03 2.820884914868301285e-01 4.249484979762557790e-01
5.532499999999988916e+01 6.632863276189566726e-01 5.094018827129885921e-03 2.818265916109603531e-01 4.248943176963290158e-01
5.539999999999989200e+01 6.627682536698470406e-01 5.082572998395875133e-03 2.815745441111309200e-01 4.248461548241191377e-01
5.547499999999989484e+01 6.622713990476744028e-01 5.071397381180900270e-03 2.813357697210099317e-01 4.248043477727740935e-01
5.554999999999988347e+01 6.618033379754095780e-01 5.060550936453820335e-03 2.811136045200091083e-01 4.247690943656956541e-01
5.562499999999988631e+01 6.613712377694908051e-01 5.050087382337758654e-03 2.809111106425372650e-01 4.247404401647775218e-01
5.569999999999988916e+01 6.609813798682691033e-01 5.040051517847856863e-03 2.807308695441250723e-01 4.247182720942511147e-01
5.577499999999989200e+01 6.606387403378376488e-01 5.030476086916766190e-03 2.805748037477820978e-01 4.247023170398721570e-01
5.584999999999989484e+01 6.603466273094726890e-01 5.021379161017545077e-03 2.804440261428293724e-01 4.246921458287372109e-01
5.592499999999988347e+01 6.601063922072948342e-01 5.012762159863348721e-03 2.803387237903571805e-01 4.246871823994119444e-01
5.599999999999988631e+01 6.599172495834413343e-01 5.004608764064323763e-03 2.802580907876015548e-01 4.246867178642602658e-01
5.607499999999988916e+01 6.597762399000399736e-01 4.996884966227034194e-03 2.802003244811803739e-01 4.246899290032517538e-01
5.614999999999988489e+01 6.596783209504795131e-01 4.989540135705105781e-03 2.801626786198411212e-01 4.246959005961820077e-01
5.622499999999988773e+01 6.596166000649442696e-01 4.982509172163435834e-03 2.801415782048886083e-01 4.247036508440001912e-01
5.629999999999988347e+01 6.595826335587724465e-01 4.975715175556927848e-03 2.801327643838544823e-01 4.247121590700478899e-01
5.637499999999988631e+01 6.595669172621329013e-01 4.969073551863244405e-03 2.801315214862898362e-01 4.247203947843803951e-01
5.644999999999988916e+01 6.595593857781144598e-01 4.962496157240604486e-03 2.801329080762315904e-01 4.247273469480615793e-01
5.652499999999988489e+01 6.595499691777592099e-01 4.955895841373909871e-03 2.801320124336597051e-01 4.247320529525484001e-01
5.659999999999988773e+01 6.595291723427780806e-01 4.949191107943599725e-03 2.801242167096071878e-01 4.247336258296969258e-01
5.667499999999988347e+01 6.594886165460936978e-01 4.942310431373687744e-03 2.801054436981031959e-01 4.247312791615497907e-01
5.674999999999988631e+01 6.594215155979196163e-01 4.935196013197513595e-03 2.800723737489583254e-01 4.247243487270919715e-01
5.682499999999988205e+01 6.593230685549582581e-01 4.927806840207103398e-03 2.800226236947680469e-01 4.247123103223053864e-01
5.689999999999988489e+01 6.591907266090972772e-01 4.920120724808739986e-03 2.799548692416167217e-01 4.246947930862369214e-01
5.697499999999988773e+01 6.590243428431741268e-01 4.912135396693746194e-03 2.798689142266256313e-01 4.246715880314987368e-01
5.704999999999988347e+01 6.588261235641957869e-01 4.903868044725367102e-03 2.797656719515816404e-01 4.246426514450764023e-01
5.712499999999988631e+01 6.586005582903476929e-01 4.895354642440284329e-03 2.796471339494006614e-01 4.246081033932507798e-01
5.719999999999988205e+01 6.583540731703281246e-01 4.886647159340585037e-03 2.795162175142809069e-01 4.245682208181082995e-01
5.727499999999988489e+01 6.580946905104955169e-01 4.877810789200138185e-03 2.793766129514373420e-01 4.245234264611982278e-01
5.734999999999988063e+01 6.578315330030217734e-01 4.868919996715333730e-03 2.792325618116238140e-01 4.244742731272220237e-01
5.742499999999988347e+01 6.575743188455627219e-01 4.860054488620852049e-03 2.790886290090518473e-01 4.244214243327198988e-01
5.749999999999988631e+01 6.573328097219580668e-01 4.851294840287487947e-03 2.789494533165299828e-01 4.243656321286038424e-01
5.757499999999988205e+01 6.571162820841410790e-01 4.842718308020213698e-03 2.788195065842632436e-01 4.243077126318436365e-01
5.764999999999988489e+01 6.569330383809596219e-01 4.834394959500421494e-03 2.787028694151987285e-01 4.242485202176377035e-01
5.772499999999988063e+01 6.567900153069385905e-01 4.826384549089496497e-03 2.786030480961906308e-01 4.241889212734007431e-01
5.779999999999988347e+01 6.566924638541211667e-01 4.818733953766778620e-03 2.785228225277192049e-01 4.241297682831194349e-01
5.787499999999988631e+01 6.566437587466780190e-01 4.811475599518763580e-03 2.784641503221478853e-01 4.240718755229570536e-01
5.794999999999987494e+01 6.566453271488286170e-01 4.804626793854186589e-03 2.784281227038495343e-01 4.240159964478721344e-01
5.802499999999987779e+01 6.566967064786735087e-01 4.798190042155692919e-03 2.784149771960835462e-01 4.239628042129143792e-01
5.809999999999988063e+01 6.567956955618082793e-01 4.792154077377134939e-03 2.784241518956109829e-01 4.239128754603868066e-01
5.817499999999988347e+01 6.569386139678580205e-01 4.786495710873952571e-03 2.784543879800915889e-01 4.238666780420301539e-01
5.824999999999988631e+01 6.571206356250608449e-01 4.781182252528918056e-03 2.785038662098089368e-01 4.238245629661177571e-01
5.832499999999987494e+01 6.573361712744162366e-01 4.776174311952142287e-03 2.785703667446081111e-01 4.237867607445477969e-01
5.839999999999987779e+01 6.575792376712529252e-01 4.771428527641895755e-03 2.786514260142861632e-01 4.237533821796147793e-01
5.847499999999988063e+01 6.578438768325818309e-01 4.766900682230261997e-03 2.787445173934139930e-01 4.237244233928670889e-01
5.854999999999987637e+01 6.581244994648837165e-01 4.762548287894602383e-03 2.788472022562283881e-01 4.236997748647209350e-01
5.862499999999987921e+01 6.584161500360685704e-01 4.758332624860766961e-03 2.789572501324618647e-01 4.236792340485274755e-01
5.869999999999987494e+01 6.587147486859669110e-01 4.754220630657255559e-03 2.790727510195802896e-01 4.236625209565852979e-01
5.877499999999987779e+01 6.590172233266100577e-01 4.750186010881047791e-03 2.791921827895330610e-01 4.236492961143216718e-01
5.884999999999988063e+01 6.593215245565298144e-01 4.746209518017734108e-03 2.793144301353430725e-01 4.236391801757335429e-01
5.892499999999987637e+01 6.596266315583348971e-01 4.742279173740687921e-03 2.794388003126694331e-01 4.236317743152808180e-01
5.899999999999987921e+01 6.599323875847691312e-01 4.738389269343256868e-03 2.795649668912515429e-01 4.236266807792352651e-01
5.907499999999987494e+01 6.602393610672135926e-01 4.734539549715962269e-03 2.796929238994698697e-01 4.236235226075784066e-01
5.914999999999987779e+01 6.605486115892891252e-01 4.730733707303454508e-03 2.798228987869987305e-01 4.236219619230459643e-01
5.922499999999987352e+01 6.608614657731808339e-01 4.726977936038627079e-03 2.799552682618871025e-01 4.236217161403879050e-01
5.929999999999987637e+01 6.611792685919943846e-01 4.723279287140358731e-03 2.800904617274226904e-01 4.236225711128022153e-01
5.937499999999987921e+01 6.615031862442072308e-01 4.719644374933623480e-03 2.802288847616832834e-01 4.236243915206647781e-01
5.944999999999987494e+01 6.618340223974753522e-01 4.716078141051006228e-03 2.803708454854817456e-01 4.236271270398673794e-01
5.952499999999987779e+01 6.621721085958522934e-01 4.712583120647898145e-03 2.805165102565655433e-01 4.236308153350127892e-01
5.959999999999987352e+01 6.625172209126911627e-01 4.709158849152644648e-03 2.806658674094970607e-01 4.236355804047607920e-01
5.967499999999987637e+01 6.628685956954013525e-01 4.705801941861631997e-03 2.808187308805922822e-01 4.236416277738898062e-01
5.974999999999987210e+01 6.632249804701725315e-01 4.702506376183785905e-03 2.809747559769806280e-01 4.236492355547168964e-01
5.982499999999987494e+01 6.635847376396118991e-01 4.699264110878207529e-03 2.811334754332881491e-01 4.236587424136474267e-01
5.989999999999987779e+01 6.639459908810362299e-01 4.696065970605972466e-03 2.812943516392971688e-01 4.236705326980408359e-01
5.997499999999987352e+01 6.643067930499959584e-01 4.692902649813502150e-03 2.814568364225642494e-01 4.236850192820197369e-01
6.004999999999987637e+01 6.646652962191287317e-01 4.689765705889278706e-03 2.816204306386506095e-01 4.237026248257818040e-01
6.012499999999987210e+01 6.650199127322337089e-01 4.686648470978166045e-03 2.817847393175616499e-01 4.237237621349552175e-01
6.019999999999987494e+01 6.653694563590122346e-01 4.683546816080598300e-03 2.819495183280513739e-01 4.237488144870905638e-01
6.027499999999987779e+01 6.657132318370069246e-01 4.680459550889821269e-03 2.821146994298834310e-01 4.237781163691159980e-01
6.034999999999986642e+01 6.660510831903125872e-01 4.677388548620278752e-03 2.822803989092331767e-01 4.238119358009908577e-01
6.042499999999986926e+01 6.663833864563558640e-01 4.674338499769721371e-03 2.824469038485848404e-01 4.238504584433895328e-01
6.049999999999987210e+01 6.667110082727915055e-01 4.671316461980068793e-03 2.826146459497935748e-01 4.238937747284936552e-01
6.057499999999987494e+01 6.670351807908079245e-01 4.668330856741727090e-03 2.827841416471295055e-01 4.239418696205392023e-01
6.064999999999987779e+01 6.673573764925487817e-01 4.665390518219961896e-03 2.829559349300401205e-01 4.239946165234294018e-01
6.072499999999986642e+01 6.676791278588757317e-01 4.662503399865528843e-03 2.831305189568336100e-01 4.240517744875164086e-01
6.079999999999986926e+01 6.680018642200606926e-01 4.659675458328687778e-03 2.833082678663836340e-01 4.241129898599400594e-01
6.087499999999987210e+01 6.683267286205367697e-01 4.656909445714686388e-03 2.834893625078809265e-01 4.241778016166113940e-01
6.094999999999986784e+01 6.686544314261019251e-01 4.654204008469216974e-03 2.836737343161981340e-01 4.242456506437571884e-01
6.102499999999987068e+01 6.689851333088653318e-01 4.651553036066981110e-03 2.838610240259868966e-01 4.243158926745991266e-01
6.109999999999986642e+01 6.693183721593595203e-01 4.648945350715292558e-03 2.840505609287037325e-01 4.243878141463499065e-01
6.117499999999986926e+01 6.696530456954333799e-01 4.646364816642616427e-03 2.842413676581114768e-01 4.244606509075566914e-01
6.124999999999987210e+01 6.699874434624289998e-01 4.643790813376715010e-03 2.844321873193231820e-01 4.245336089425880699e-01
6.132499999999986784e+01 6.703193363577711894e-01 4.641199118753695611e-03 2.846215359575697823e-01 4.246058863587041654e-01
6.139999999999987068e+01 6.706461080245488260e-01 4.638563084298783293e-03 2.848077733759446506e-01 4.246766960519203216e-01
6.147499999999986642e+01 6.709649240161833506e-01 4.635855063818512464e-03 2.849891900482424134e-01 4.247452882371069993e-01
6.154999999999986926e+01 6.712729218284114729e-01 4.633047968605488731e-03 2.851641024676672131e-01 4.248109721019849294e-01
6.162499999999986500e+01 6.715674085642374669e-01 4.630116848938955684e-03 2.853309508158625718e-01 4.248731358567258698e-01
6.169999999999986784e+01 6.718460502431143899e-01 4.627040384408738147e-03 2.854883917180185415e-01 4.249312645578725012e-01
6.177499999999987068e+01 6.721070353189457780e-01 4.623802155849648932e-03 2.856353781776114209e-01 4.249849550258973929e-01
6.184999999999986642e+01 6.723492027977792107e-01 4.620391629808500225e-03 2.857712223036551480e-01 4.250339274806961276e-01
6.192499999999986926e+01 6.725721219603613132e-01 4.616804763067591279e-03 2.858956349529599983e-01 4.250780334451768061e-01
6.199999999999986500e+01 6.727761169756290016e-01 4.613044180794549642e-03 2.860087392092615088e-01 4.251172596538857484e-01
6.207499999999986784e+01 6.729622387648658277e-01 4.609118947442787141e-03 2.861110586625104091e-01 4.251517279596992438e-01
6.214999999999986358e+01 6.731321790210268441e-01 4.605043897172845201e-03 2.862034782092917062e-01 4.251816910989654197e-01
6.222499999999986642e+01 6.732881396009412489e-01 4.600838620587156640e-03 2.862871831660351862e-01 4.252075245759088795e-01
6.229999999999986926e+01 6.734326620571925437e-01 4.596526147769009786e-03 2.863635790060087283e-01 4.252297150708866935e-01
6.237499999999986500e+01 6.735684392715576285e-01 4.592131479205772450e-03 2.864342010154594664e-01 4.252488452772946737e-01
6.244999999999986784e+01 6.736981113262895393e-01 4.587679995338009818e-03 2.865006157088580974e-01 4.252655765129470522e-01
6.252499999999986358e+01 6.738240728798506884e-01 4.583195929159300692e-03 2.865643254706846665e-01 4.252806288827586378e-01
6.259999999999986642e+01 6.739483010057961687e-01 4.578700974530840358e-03 2.866266810056299352e-01 4.252947601141958689e-01
6.267499999999986926e+01 6.740722183391716360e-01 4.574213137167679709e-03 2.866888083719837388e-01 4.253087437401715798e-01
6.274999999999985789e+01 6.741966013130009650e-01 4.569745896978953843e-03 2.867515550354287068e-01 4.253233470429526597e-01
6.282499999999986073e+01 6.743215396055225463e-01 4.565307732491020315e-03 2.868154582937477715e-01 4.253393098810613893e-01
6.289999999999986358e+01 6.744464548132177439e-01 4.560902063301376652e-03 2.868807397816559579e-01 4.253573248614749835e-01
6.297499999999986642e+01 6.745701579121953229e-01 4.556527475200045432e-03 2.869473177507222417e-01 4.253780194469741760e-01
6.304999999999986926e+01 6.746909731930110787e-01 4.552178418937275969e-03 2.870148493139946799e-01 4.254019406183568441e-01
6.312499999999985789e+01 6.748068769757261665e-01 4.547846035661514894e-03 2.870827810011324921e-01 4.254295425792753438e-01
6.319999999999986073e+01 6.749156746849815924e-01 4.543519269655040688e-03 2.871504178421979692e-01 4.254611777630236125e-01
6.327499999999986358e+01 6.750151809756015364e-01 4.539186031964225279e-03 2.872169961725357101e-01 4.254970914245514990e-01
6.334999999999985931e+01 6.751033953944401977e-01 4.534834365263392189e-03 2.872817570394352593e-01 4.255374198963792765e-01
6.342499999999986215e+01 6.751786573434734873e-01 4.530453501144836824e-03 2.873440133101106131e-01 4.255821924832177139e-01
6.349999999999985789e+01 6.752397691671210289e-01 4.526034734406356869e-03 2.874032056348030384e-01 4.256313368350659321e-01
6.357499999999986073e+01 6.752860822896996629e-01 4.521572079330807292e-03 2.874589449434554744e-01 4.256846875457071522e-01
6.364999999999986358e+01 6.753175268636986139e-01 4.517062574554277926e-03 2.875110328703791573e-01 4.257419975542977020e-01
6.372499999999985931e+01 6.753345968361501583e-01 4.512506314071845250e-03 2.875594648642276763e-01 4.258029519165822396e-01
6.379999999999986215e+01 6.753382981303294175e-01 4.507906251812269713e-03 2.876044188656221579e-01 4.258671833980887667e-01
6.387499999999985789e+01 6.753300358237199763e-01 4.503267613323556906e-03 2.876462188010415755e-01 4.259342892252541146e-01
6.394999999999986073e+01 6.753115011201463735e-01 4.498597316500419635e-03 2.876852983902011829e-01 4.260038484655074287e-01
6.402499999999986358e+01 6.752845020405808807e-01 4.493903019549113677e-03 2.877221408266313896e-01 4.260754392514414235e-01
6.409999999999985221e+01 6.752508307731200921e-01 4.489192411418413582e-03 2.877572335719196239e-01 4.261486553707094505e-01
6.417499999999986926e+01 6.752121055002673344e-01 4.484472322017350049e-03 2.877910112654628039e-01 4.262231214771206034e-01
6.424999999999985789e+01 6.751696678205589830e-01 4.479748187057599855e-03 2.878238210184501655e-01 4.262985064888098474e-01
6.432499999999986073e+01 6.751244882664622082e-01 4.475023546530639169e-03 2.878558896305827286e-01 4.263745348205619234e-01
6.439999999999986358e+01 6.750771190414185385e-01 4.470299825219589337e-03 2.878873087441409240e-01 4.264509944477587466e-01
6.447499999999985221e+01 6.750277031596645383e-01 4.465576463549276835e-03 2.879180424873389876e-01 4.265277426980469411e-01
6.454999999999985505e+01 6.749760203439846284e-01 4.460851252593338659e-03 2.879479483548993413e-01 4.266047084282399982e-01
6.462499999999985789e+01 6.749215755479260892e-01 4.456120917603922579e-03 2.879768143001528724e-01 4.266818912499022454e-01
6.469999999999986073e+01 6.748637222231450572e-01 4.451381894953134952e-03 2.880044086034672102e-01 4.267593576592311755e-01
6.477499999999986358e+01 6.748018062598208910e-01 4.446631210783461366e-03 2.880305366784980947e-01 4.268372342909776407e-01
6.484999999999985221e+01 6.747353209189653755e-01 4.441867400118446572e-03 2.880551008976806049e-01 4.269156985962434536e-01
6.492499999999985505e+01 6.746640525960402313e-01 4.437091337698406343e-03 2.880781551000684004e-01 4.269949673345901364e-01
6.499999999999985789e+01 6.745882086667929212e-01 4.432306928682240056e-03 2.880999503643449922e-01 4.270752833550482408e-01
6.507499999999986073e+01 6.745085088663074213e-01 4.427521543913640924e-03 2.881209644701795414e-01 4.271569011849000175e-01
6.514999999999984936e+01 6.744262348312417554e-01 4.422746172589119180e-03 2.881419131441804726e-01 4.272400720240083216e-01
6.522499999999985221e+01 6.743432272222944501e-01 4.417995231036798282e-03 2.881637389443745256e-01 4.273250287266287528e-01
6.529999999999985505e+01 6.742618234506065900e-01 4.413285990246596825e-03 2.881875751631021165e-01 4.274119713441160706e-01
6.537499999999985789e+01 6.741847489831093165e-01 4.408637715243358436e-03 2.882146906340339321e-01 4.275010537820023160e-01
6.544999999999986073e+01 6.741149530346988161e-01 4.404070465796439127e-03 2.882464119863763496e-01 4.275923723227949003e-01
6.552499999999984936e+01 6.740554174985279312e-01 4.399603747294507719e-03 2.882840355414719724e-01 4.276859558689053431e-01
6.559999999999985221e+01 6.740089352156610758e-01 4.395255000405545211e-03 2.883287280266031427e-01 4.277817592052355899e-01
6.567499999999985505e+01 6.739778862811518501e-01 4.391038111314590243e-03 2.883814279605850794e-01 4.278796587107694949e-01
6.574999999999985789e+01 6.739640084639063611e-01 4.386961923957869401e-03 2.884427465002292745e-01 4.279794512434659248e-01
6.582499999999984652e+01 6.739682325301309396e-01 4.383029212166967246e-03 2.885128978908899633e-01 4.280808559889971998e-01
6.589999999999984936e+01 6.739905267930156318e-01 4.379235748510566448e-03 2.885916358268456605e-01 4.281835194331640171e-01
6.597499999999985221e+01 6.740298190825685376e-01 4.375569909119042360e-03 2.886782247541281876e-01 4.282870231869744249e-01
6.604999999999985505e+01 6.740839797175504078e-01 4.372012702683594244e-03 2.887714390122507746e-01 4.283908944598410207e-01
6.612499999999985789e+01 6.741498779612702386e-01 4.368538298282338868e-03 2.888695949739190638e-01 4.284946188042098036e-01
6.619999999999984652e+01 6.742235158435716524e-01 4.365115071531737272e-03 2.889706177354003369e-01 4.285976548501834738e-01
6.627499999999984936e+01 6.743002162985366477e-01 4.361707007382390963e-03 2.890721319142672829e-01 4.286994500774189421e-01
6.634999999999985221e+01 6.743748791264643216e-01 4.358275547032271907e-03 2.891715825455906108e-01 4.287994578329522577e-01
6.642499999999985505e+01 6.744422763521574771e-01 4.354781678868333353e-03 2.892663730188284044e-01 4.288971542284948368e-01
6.649999999999985789e+01 6.744973595249214027e-01 4.351188093930929632e-03 2.893540082464062246e-01 4.289920548394898780e-01
6.657499999999984652e+01 6.745355561800849831e-01 4.347461250655066528e-03 2.894322327623604085e-01 4.290837304432457144e-01
6.664999999999984936e+01 6.745531142533095492e-01 4.343573721287082891e-03 2.894991885237834239e-01 4.291718211756266887e-01
6.672499999999985221e+01 6.745473059472570920e-01 4.339505601830626579e-03 2.895535112821479018e-01 4.292560488037708288e-01
6.679999999999985505e+01 6.745166512512795753e-01 4.335246014469683329e-03 2.895944337665742330e-01 4.293362265102790287e-01
6.687499999999985789e+01 6.744610346025898817e-01 4.330793886031488946e-03 2.896218411283552063e-01 4.294122658976259332e-01
6.694999999999984652e+01 6.743817540947056877e-01 4.326158257414735447e-03 2.896362953339158830e-01 4.294841809928939824e-01
6.702499999999983515e+01 6.742814765138712696e-01 4.321357953672748040e-03 2.896390168449152203e-01 4.295520890509836875e-01
6.709999999999985221e+01 6.741641141905595491e-01 4.316420721401756540e-03 2.896318304060572224e-01 4.296162081451130876e-01
6.717499999999985505e+01 6.740346225133275748e-01 4.311381830667835278e-03 2.896170744751112025e-01 4.296768516062164922e-01
6.724999999999985789e+01 6.738987382102032964e-01 4.306282276023256153e-03 2.895974830625633878e-01 4.297344194940929119e-01
6.732499999999984652e+01 6.737626469687710840e-01 4.301166509379015894e-03 2.895760352439415986e-01 4.297893873261327546e-01
6.739999999999983515e+01 6.736326827839477227e-01 4.296080367042625324e-03 2.895558167386722559e-01 4.298422926007892109e-01
6.747499999999985221e+01 6.735149349334869084e-01 4.291068400933679798e-03 2.895398403529994003e-01 4.298937192559700859e-01
6.754999999999984084e+01 6.734149457883634726e-01 4.286171793144232661e-03 2.895309046268922382e-01 4.299442809187132841e-01
6.762499999999985789e+01 6.733374136914775931e-01 4.281426307464742537e-03 2.895314540423026273e-01 4.299946032331504742e-01
6.769999999999984652e+01 6.732859398371937587e-01 4.276860532236433261e-03 2.895434580324058871e-01 4.300453060142915840e-01
6.777499999999983515e+01 6.732628744482953564e-01 4.272494767228824687e-03 2.895683328489329078e-01 4.300969856480196252e-01
6.784999999999985221e+01 6.732692132027205956e-01 4.268340247171073347e-03 2.896068857705567101e-01 4.301501986002089772e-01
6.792499999999984084e+01 6.733045951280631769e-01 4.264399023002548098e-03 2.896593036374474073e-01 4.302054459948456699e-01
6.799999999999985789e+01 6.733673831704743984e-01 4.260664389776310998e-03 2.897251785047885164e-01 4.302631605657080693e-01
6.807499999999984652e+01 6.734547959111193416e-01 4.257121654339026534e-03 2.898035566191285994e-01 4.303236956343184927e-01
6.814999999999983515e+01 6.735631249321806235e-01 4.253749465506685527e-03 2.898930260742799137e-01 4.303873168583397524e-01
6.822499999999983800e+01 6.736879883304632832e-01 4.250521391923891938e-03 2.899918219640068573e-01 4.304541968792792717e-01
6.829999999999984084e+01 6.738246294669050229e-01 4.247407804534490162e-03 2.900979530497049819e-01 4.305244129755473326e-01
6.837499999999985789e+01 6.739682026889426414e-01 4.244377696176390539e-03 2.902093249760601124e-01 4.305979478233645796e-01
6.844999999999984652e+01 6.741140605532982555e-01 4.241400529264333953e-03 2.903238662281429905e-01 4.306746932260268057e-01
6.852499999999983515e+01 6.742580063667166224e-01 4.238447883120457192e-03 2.904396411908286568e-01 4.307544566743548020e-01
6.859999999999983800e+01 6.743965105084641642e-01 4.235494890198478538e-03 2.905549494676149536e-01 4.308369704471777251e-01
6.867499999999984084e+01 6.745268668313961768e-01 4.232521310736301647e-03 2.906684010148148367e-01 4.309219029039356164e-01
6.874999999999984368e+01 6.746472819291843281e-01 4.229512199027267265e-03 2.907789636831239477e-01 4.310088715567464979e-01
6.882499999999984652e+01 6.747569017335603991e-01 4.226458187201040904e-03 2.908859847341109806e-01 4.310974574499015777e-01
6.889999999999983515e+01 6.748557749696721952e-01 4.223355380077180483e-03 2.909891856873170202e-01 4.311872202625723904e-01
6.897499999999983800e+01 6.749447538713870820e-01 4.220204861532670694e-03 2.910886303242152806e-01 4.312777137011174489e-01
6.904999999999984084e+01 6.750253525720809611e-01 4.217011935800006606e-03 2.911846741669897876e-01 4.313685005422019936e-01
6.912499999999984368e+01 6.750995742599269489e-01 4.213785170272589704e-03 2.912778998950921183e-01 4.314591669153449160e-01
6.919999999999984652e+01 6.751696962722658624e-01 4.210535166913552917e-03 2.913690335504172113e-01 4.315493351658381549e-01
6.927499999999983515e+01 6.752381015351143212e-01 4.207273613167118731e-03 2.914588795521514397e-01 4.316386751422005563e-01
6.934999999999983800e+01 6.753070589014462666e-01 4.204011997247169077e-03 2.915482320090905244e-01 4.317269132109557983e-01
6.942499999999984084e+01 6.753785798640988824e-01 4.200760782959949043e-03 2.916378173569937893e-01 4.318138390111184166e-01
6.949999999999984368e+01 6.754542813516610789e-01 4.197528600963374400e-03 2.917282377669538906e-01 4.318993095775074398e-01
6.957499999999984652e+01 6.755352931521542148e-01 4.194321695177553530e-03 2.918199319419776394e-01 4.319832507644416619e-01
6.964999999999983515e+01 6.756222352002289044e-01 4.191143780473582936e-03 2.919131643099843743e-01 4.320656560740224195e-01
6.972499999999983800e+01 6.757152065205875857e-01 4.187995947500956946e-03 2.920080174395035533e-01 4.321465827935406789e-01
6.979999999999984084e+01 6.758138402479213491e-01 4.184876954982374997e-03 2.921044114577691087e-01 4.322261458134847301e-01
6.987499999999984368e+01 6.759173852045046171e-01 4.181783664083089415e-03 2.922021335278052190e-01 4.323045092846620197e-01
6.994999999999983231e+01 6.760248121439664803e-01 4.178711606029121735e-03 2.923008768417363346e-01 4.323818765094199490e-01
7.002499999999983515e+01 6.761349377410683648e-01 4.175655643063147342e-03 2.924002864054962014e-01 4.324584784545971727e-01
7.009999999999983800e+01 6.762465500001061391e-01 4.172610625859313367e-03 2.925000048727371960e-01 4.325345613559008484e-01
7.017499999999984084e+01 6.763585208966601536e-01 4.169571964175763923e-03 2.925997125860335668e-01 4.326103738563522039e-01
7.024999999999984368e+01 6.764699143035957096e-01 4.166536166598690770e-03 2.926991657035573624e-01 4.326861542761762935e-01
7.032499999999983231e+01 6.765800482154703532e-01 4.163501100349691238e-03 2.927982148820913455e-01 4.327621183249020786e-01
7.039999999999983515e+01 6.766885468513775814e-01 4.160466198087089083e-03 2.928968203453303776e-01 4.328384479213889802e-01
7.047499999999983800e+01 6.767953348133844971e-01 4.157432320537938174e-03 2.929950427899105092e-01 4.329152813541470857e-01
7.054999999999984084e+01 6.769006392315223275e-01 4.154401687592682718e-03 2.930930390596631074e-01 4.329927053879109033e-01
7.062499999999982947e+01 6.770049025562525635e-01 4.151377279813971838e-03 2.931910203868610676e-01 4.330707492365606925e-01
7.069999999999983231e+01 6.771087420075497798e-01 4.148362553962724707e-03 2.932892325651639265e-01 4.331493811401622152e-01
7.077499999999983515e+01 6.772128370861315583e-01 4.145360740790836503e-03 2.933879064294707684e-01 4.332285071438422008e-01
7.084999999999983800e+01 6.773178447354243348e-01 4.142374340988460441e-03 2.934872220590317715e-01 4.333079725275428284e-01
7.092499999999984084e+01 6.774243082374193925e-01 4.139404608288398991e-03 2.935872718428540473e-01 4.333875656259436049e-01
7.099999999999982947e+01 6.775325785163829329e-01 4.136451133089661010e-03 2.936880304493652005e-01 4.334670239657910651e-01
7.107499999999983231e+01 6.776427578682940878e-01 4.133511584858388585e-03 2.937893358938092891e-01 4.335460424870501983e-01
7.114999999999983515e+01 6.777546670970564513e-01 4.130581615503401208e-03 2.938908819430663399e-01 4.336242835506439741e-01
7.122499999999983800e+01 6.778678422215693722e-01 4.127654956872487194e-03 2.939922243032422333e-01 4.337013883705480577e-01
7.129999999999984084e+01 6.779815602083854031e-01 4.124723703555726977e-03 2.940928000635226747e-01 4.337769894112309954e-01
7.137499999999982947e+01 6.780948885235250634e-01 4.121778745347698912e-03 2.941919579491912851e-01 4.338507234433827131e-01
7.144999999999983231e+01 6.782067600074614955e-01 4.118810350683903450e-03 2.942889995563642280e-01 4.339222445277993723e-01
7.152499999999983515e+01 6.783160600099357174e-01 4.115808818694238584e-03 2.943832257571047384e-01 4.339912366998839865e-01
7.159999999999983800e+01 6.784217173444255788e-01 4.112765143280384082e-03 2.944739842588748324e-01 4.340574258317475564e-01
7.167499999999984084e+01 6.785228015802802215e-01 4.109671698463404806e-03 2.945607189873639120e-01 4.341205900543529395e-01
7.174999999999982947e+01 6.786186004676278971e-01 4.106522785521281305e-03 2.946430098611512172e-01 4.341805686701134537e-01
7.182499999999981810e+01 6.787086855379718120e-01 4.103315085551290618e-03 2.947206060197207211e-01 4.342372689486260207e-01
7.189999999999983515e+01 6.787929507821166553e-01 4.100047925955286297e-03 2.947934458761843901e-01 4.342906707214894135e-01
7.197499999999983800e+01 6.788716242201739970e-01 4.096723358482975974e-03 2.948616637268115515e-01 4.343408285263385404e-01
7.204999999999984084e+01 6.789452496769111667e-01 4.093346033178082988e-03 2.949255816904802208e-01 4.343878712323653302e-01
7.212499999999982947e+01 6.790146407523121042e-01 4.089922881572985794e-03 2.949856878334509158e-01 4.344319991489763444e-01
7.219999999999981810e+01 6.790808107565107221e-01 4.086462633732362501e-03 2.950426021554758416e-01 4.344734786818552630e-01
7.227499999999983515e+01 6.791448819501236800e-01 4.082975192708609459e-03 2.950970320530140745e-01 4.345126347792840904e-01
7.234999999999982379e+01 6.792079869741209919e-01 4.079470946200932681e-03 2.951497229576367509e-01 4.345498413122790282e-01
7.242499999999984084e+01 6.792711653233444169e-01 4.075960037109907161e-03 2.952014056876843817e-01 4.345855098194306154e-01
7.249999999999982947e+01 6.793352682516134999e-01 4.072451676596908210e-03 2.952527465532751583e-01 4.346200769366193040e-01
7.257499999999981810e+01 6.794008775506624742e-01 4.068953536184954228e-03 2.953043028886223054e-01 4.346539909592649353e-01
7.264999999999983515e+01 6.794682481528174778e-01 4.065471282149764679e-03 2.953564886481797602e-01 4.346876979919624961e-01
7.272499999999982379e+01 6.795372787432495398e-01 4.062008280495842463e-03 2.954095521990593998e-01 4.347216281428974982e-01
7.279999999999984084e+01 6.796075118198251497e-01 4.058565484654870145e-03 2.954635672828739290e-01 4.347561822730500736e-01
7.287499999999982947e+01 6.796781681419937771e-01 4.055141537730264784e-03 2.955184395620923388e-01 4.347917196898321013e-01
7.294999999999981810e+01 6.797482089982043174e-01 4.051733052889449835e-03 2.955739262082845986e-01 4.348285472408878749e-01
7.302499999999983515e+01 6.798164241061471769e-01 4.048335061011323725e-03 2.956296678303512726e-01 4.348669101648409141e-01
7.309999999999982379e+01 6.798815368193489306e-01 4.044941577720465899e-03 2.956852293313653179e-01 4.349069849942575061e-01
7.317499999999982663e+01 6.799423191606842609e-01 4.041546246863631127e-03 2.957401466142455249e-01 4.349488747505890762e-01
7.324999999999982947e+01 6.799977060393087580e-01 4.038142998133896489e-03 2.957939746133072534e-01 4.349926065724231128e-01
7.332499999999981810e+01 6.800468994696672320e-01 4.034726665104610040e-03 2.958463327187947911e-01 4.350381318545967213e-01
7.339999999999982094e+01 6.800894536462517292e-01 4.031293509566236458e-03 2.958969436021610111e-01 4.350853288721511225e-01
7.347499999999982379e+01 6.801253333145985680e-01 4.027841607095956726e-03 2.959456620813747385e-01 4.351340077851242327e-01
7.354999999999982663e+01 6.801549396639409162e-01 4.024371058850805850e-03 2.959924913784760525e-01 4.351839178360206728e-01
7.362499999999982947e+01 6.801791002709460798e-01 4.020884007705200804e-03 2.960375850672947173e-01 4.352347564771831268e-01
7.369999999999981810e+01 6.801990266857135259e-01 4.017384478200227392e-03 2.960812360433560109e-01 4.352861801141044151e-01
7.377499999999982094e+01 6.802162342569072484e-01 4.013878005619633468e-03 2.961238498645877293e-01 4.353378160521030882e-01
7.384999999999982379e+01 6.802324409944950911e-01 4.010371151109805646e-03 2.961659095094584249e-01 4.353892752842924430e-01
7.392499999999982663e+01 6.802494403141657875e-01 4.006870868261990133e-03 2.962079289362669066e-01 4.354401655949419192e-01
7.399999999999982947e+01 6.802689710039124815e-01 4.003383856046673767e-03 2.962504053474531718e-01 4.354901046129727726e-01
7.407499999999981810e+01 6.802925841023278464e-01 3.999915891741578737e-03 2.962937696807567134e-01 4.355387323113740772e-01
7.414999999999982094e+01 6.803215221447466154e-01 3.996471230893893119e-03 2.963383417707814438e-01 4.355857225221398954e-01
7.422499999999982379e+01 6.803566223359643894e-01 3.993052139005148944e-03 2.963842950176565072e-01 4.356307931567395819e-01
7.429999999999982663e+01 6.803982450383352365e-01 3.989658558226863265e-03 2.964316308762552366e-01 4.356737146780171321e-01
7.437499999999981526e+01 6.804462448597408120e-01 3.986288008101055574e-03 2.964801706025153027e-01 4.357143166593978600e-01
7.444999999999981810e+01 6.804999735115717652e-01 3.982935652692356707e-03 2.965295593429452259e-01 4.357524921165963905e-01
7.452499999999982094e+01 6.805583284479952422e-01 3.979594615223119337e-03 2.965792886995022304e-01 4.357881996328626384e-01
7.459999999999982379e+01 6.806198379333089354e-01 3.976256481417662740e-03 2.966287335137569592e-01 4.358214629982947175e-01
7.467499999999982663e+01 6.806827683074984092e-01 3.972911910590576010e-03 2.966771969233505946e-01 4.358523687341629427e-01
7.474999999999981526e+01 6.807452682396529786e-01 3.969551441133123068e-03 2.967239702247002064e-01 4.358810616370527580e-01
7.482499999999981810e+01 6.808055158722075006e-01 3.966166275930832139e-03 2.967683915965237951e-01 4.359077367584511808e-01
7.489999999999982094e+01 6.808618760349074428e-01 3.962749147410776947e-03 2.968099111410664737e-01 4.359326341923852599e-01
7.497499999999982379e+01 6.809130173596918967e-01 3.959294851360420885e-03 2.968481314807468463e-01 4.359560236222316254e-01
7.504999999999982663e+01 6.809580536991250987e-01 3.955801010511733086e-03 2.968828658389048858e-01 4.359781989891550191e-01
7.512499999999981526e+01 6.809966148211773485e-01 3.952268341549053030e-03 2.969141591588718709e-01 4.359994641630318135e-01
7.519999999999981810e+01 6.810288957031146451e-01 3.948700817992833491e-03 2.969423015130603360e-01 4.360201210060083987e-01
7.527499999999982094e+01 6.810556638527017759e-01 3.945105603271080626e-03 2.969678242862299200e-01 4.360404590225357979e-01
7.534999999999982379e+01 6.810782109786763794e-01 3.941492649020912099e-03 2.969914711037250354e-01 4.360607435627145700e-01
7.542499999999982663e+01 6.810982728529599850e-01 3.937874130324908913e-03 2.970141562797555812e-01 4.360812060727057293e-01
7.549999999999981526e+01 6.811179085988903203e-01 3.934263660196003244e-03 2.970369063447975133e-01 4.361020354843176960e-01
7.557499999999981810e+01 6.811393493037560809e-01 3.930675346768080190e-03 2.970607893319969772e-01 4.361233712831966702e-01
7.564999999999982094e+01 6.811648350356606096e-01 3.927122805325868396e-03 2.970868402229012162e-01 4.361452983804544603e-01
7.572499999999982379e+01 6.811964437138181561e-01 3.923618148956485412e-03 2.971159843297291880e-01 4.361678441976019616e-01
7.579999999999981242e+01 6.812359240042662467e-01 3.920171025982533905e-03 2.971489637694753050e-01 4.361909777494564766e-01
7.587499999999981526e+01 6.812845564200602499e-01 3.916787844863688257e-03 2.971862777290316115e-01 4.362146109558884266e-01
7.594999999999981810e+01 6.813430385086473029e-01 3.913471160051964701e-03 2.972281346059459928e-01 4.362386020066068570e-01
7.602499999999982094e+01 6.814114133516006033e-01 3.910219328116395533e-03 2.972744244200482555e-01 4.362627607862770152e-01
7.609999999999982379e+01 6.814890434269884611e-01 3.907026440504781165e-03 2.973247121224131817e-01 4.362868559518773282e-01
7.617499999999981242e+01 6.815746298903516687e-01 3.903882530489697321e-03 2.973782517600519482e-01 4.363106235452054449e-01
7.624999999999981526e+01 6.816662874078773804e-01 3.900774107196806201e-03 2.974340256737557642e-01 4.363337767586928928e-01
7.632499999999981810e+01 6.817616532246754124e-01 3.897684889777122859e-03 2.974907992122381994e-01 4.363560165127088886e-01
7.639999999999982094e+01 6.818580357071725162e-01 3.894596766905354494e-03 2.975471929915683988e-01 4.363770424483954802e-01
7.647499999999982379e+01 6.819525872705545222e-01 3.891490890558196684e-03 2.976017658554374057e-01 4.363965639408423081e-01
7.654999999999981242e+01 6.820424930373722994e-01 3.888348850195706610e-03 2.976531044824806127e-01 4.364143107226763352e-01
7.662499999999981526e+01 6.821251448292814379e-01 3.885153750737696966e-03 2.976999061502753063e-01 4.364300427962994888e-01
7.669999999999981810e+01 6.821983335767441980e-01 3.881891378493832357e-03 2.977410687304762327e-01 4.364435591178144058e-01
7.677499999999980673e+01 6.822603694006654784e-01 3.878550938114924858e-03 2.977757482737726225e-01 4.364547050202476353e-01
7.684999999999982379e+01 6.823102142376902268e-01 3.875125839950270892e-03 2.978034208001776317e-01 4.364633777802929826e-01
7.692499999999981242e+01 6.823475301615092858e-01 3.871613988850915958e-03 2.978239060923559833e-01 4.364695304486001515e-01
7.699999999999980105e+01 6.823727037435655118e-01 3.868017916459406697e-03 2.978373795673735502e-01 4.364731735800796431e-01
7.707499999999981810e+01 6.823868120738831866e-01 3.864344563942734116e-03 2.978443572658855398e-01 4.364743749380042281e-01
7.714999999999980673e+01 6.823915419989021736e-01 3.860604782678690641e-03 2.978456589836602220e-01 4.364732571438281195e-01
7.722499999999982379e+01 6.823890718978817826e-01 3.856812608497735100e-03 2.978423536912369052e-01 4.364699933761665429e-01
7.729999999999981242e+01 6.823819111263111914e-01 3.852984284870950016e-03 2.978356852205237271e-01 4.364648012561301860e-01
7.737499999999980105e+01 6.823727370919673296e-01 3.849137265065090841e-03 2.978269958844106391e-01 4.364579352241482746e-01
7.744999999999981810e+01 6.823642039248323243e-01 3.845289048137163091e-03 2.978176367782225942e-01 4.364496775552275665e-01
7.752499999999980673e+01 6.823587654622479404e-01 3.841456094389208726e-03 2.978088837175226766e-01 4.364403284477177403e-01
7.759999999999982379e+01 6.823585164437586670e-01 3.837652844822172712e-03 2.978018607581999211e-01 4.364301955374588760e-01
7.767499999999981242e+01 6.823650584099948402e-01 3.833890883023769944e-03 2.977974743388706047e-01 4.364195831374777512e-01
7.774999999999980105e+01 6.823794034744660175e-01 3.830178316511270806e-03 2.977963641087505442e-01 4.364087816725754632e-01
7.782499999999981810e+01 6.824019219331256547e-01 3.826519412313040928e-03 2.977988732632617097e-01 4.363980576427003988e-01
7.789999999999980673e+01 6.824323366943924052e-01 3.822914504884612156e-03 2.978050399305105511e-01 4.363876444850735559e-01
7.797499999999980957e+01 6.824697618619287587e-01 3.819360162409097832e-03 2.978146086638486789e-01 4.363777346725874473e-01
7.804999999999981242e+01 6.825127842959645141e-01 3.815849605240559557e-03 2.978270616890249523e-01 4.363684732971615521e-01
7.812499999999980105e+01 6.825595858857581577e-01 3.812373364057634276e-03 2.978416690670019351e-01 4.363599533665512009e-01
7.819999999999980389e+01 6.826080752162824172e-01 3.808920003529172541e-03 2.978575442759805458e-01 4.363522130639975738e-01
7.827499999999980673e+01 6.826560515029448384e-01 3.805477038157892029e-03 2.978737151618082724e-01 4.363452349188224888e-01
7.834999999999980957e+01 6.827013641332169147e-01 3.802031835946724590e-03 2.978891943464251346e-01 4.363389470074318099e-01
7.842499999999981242e+01 6.827420634926276710e-01 3.798572485663497325e-03 2.979030471881590758e-01 4.363332261443063631e-01
7.849999999999980105e+01 6.827765322043568563e-01 3.795088565865852286e-03 2.979144524204686562e-01 4.363279028625167699e-01
7.857499999999980389e+01 6.828035821314503151e-01 3.791571734862578431e-03 2.979227490668263645e-01 4.363227681624429199e-01
7.864999999999980673e+01 6.828225268170007300e-01 3.788016192220095262e-03 2.979274735181097755e-01 4.363175815345582409e-01
7.872499999999980957e+01 6.828332040588742657e-01 3.784418872382878940e-03 2.979283757283414102e-01 4.363120802524035335e-01
7.879999999999981242e+01 6.828359611820233877e-01 3.780779436078876739e-03 2.979254195630147706e-01 4.363059892851731125e-01
7.887499999999980105e+01 6.828316056089854813e-01 3.777100076407876802e-03 2.979187685266705410e-01 4.362990319713903054e-01
7.894999999999980389e+01 6.828213150488811056e-01 3.773385100582994384e-03 2.979087536910266509e-01 4.362909404339556652e-01
7.902499999999980673e+01 6.828065242211520669e-01 3.769640382714995862e-03 2.978958312440518341e-01 4.362814657986004985e-01
7.909999999999980957e+01 6.827887987348215670e-01 3.765872741759846223e-03 2.978805338732031238e-01 4.362703876003282688e-01
7.917499999999979821e+01 6.827697042480872502e-01 3.762089291057100441e-03 2.978634196194451800e-01 4.362575225089589948e-01
7.924999999999980105e+01 6.827506643417522447e-01 3.758296718876980025e-03 2.978450149709999106e-01 4.362427318297166234e-01
7.932499999999980389e+01 6.827328639207378425e-01 3.754500799468926415e-03 2.978257759178718489e-01 4.362259262100616208e-01
7.939999999999980673e+01 6.827171416532398229e-01 3.750705849477274992e-03 2.978060444484948999e-01 4.362070706579008750e-01
7.947499999999980957e+01 6.827039253418875075e-01 3.746914392242122957e-03 2.977860213234420073e-01 4.361861859433654454e-01
7.954999999999979821e+01 6.826932121941667875e-01 3.743127058744486878e-03 2.977657575231231757e-01 4.361633486381211178e-01
7.962499999999980105e+01 6.826845722217151913e-01 3.739342599104012160e-03 2.977451544536562356e-01 4.361386891821508183e-01
7.969999999999980389e+01 6.826771816140992932e-01 3.735558042218191984e-03 2.977239759647891670e-01 4.361123880848931655e-01
7.977499999999980673e+01 6.826698996867641700e-01 3.731769076299143017e-03 2.977018780617634031e-01 4.360846702020416132e-01
7.984999999999980957e+01 6.826613595759467579e-01 3.727970489866331248e-03 2.976784436158258496e-01 4.360557975637243122e-01
7.992499999999979821e+01 6.826500759873596058e-01 3.724156691601170598e-03 2.976532235762228140e-01 4.360260608565937335e-01
7.999999999999980105e+01 6.826345646400798772e-01 3.720322281741071310e-03 2.976257825392849554e-01 4.359957698541219173e-01
8.007499999999980389e+01 6.826134555620628763e-01 3.716462580821248973e-03 2.975957411592607960e-01 4.359652431905564063e-01
8.014999999999980673e+01 6.825855965567055872e-01 3.712574098745333260e-03 2.975628140144377376e-01 4.359347977975064348e-01
8.022499999999980957e+01 6.825501370552473634e-01 3.708654894579783111e-03 2.975268389176624062e-01 4.359047383702742140e-01
8.029999999999979821e+01 6.825065865730229886e-01 3.704704799615405209e-03 2.974877954091162957e-01 4.358753472297623999e-01
8.037499999999980105e+01 6.824548477255917289e-01 3.700725507546534943e-03 2.974458126690520121e-01 4.358468749402920062e-01
8.044999999999980389e+01 6.823952135373897443e-01 3.696720479813286452e-03 2.974011626009781528e-01 4.358195319971759352e-01
8.052499999999980673e+01 6.823283376444491122e-01 3.692694716301881796e-03 2.973542420302083267e-01 4.357934818547065658e-01
8.059999999999979536e+01 6.822551770865834531e-01 3.688654392782624979e-03 2.973055440582788034e-01 4.357688355372471012e-01
8.067499999999979821e+01 6.821769116686576817e-01 3.684606389189902954e-03 2.972556204478946640e-01 4.357456480325380133e-01
8.074999999999980105e+01 6.820948566893351162e-01 3.680557801078802350e-03 2.972050424371125432e-01 4.357239165819962734e-01
8.082499999999980389e+01 6.820103536737635030e-01 3.676515351248849442e-03 2.971543532646875319e-01 4.357035808386421349e-01
8.089999999999980673e+01 6.819246790105242262e-01 3.672484918214738783e-03 2.971040298835716520e-01 4.356845250338657882e-01
8.097499999999979536e+01 6.818389480795076230e-01 3.668471057922796305e-03 2.970544439152976723e-01 4.356665818988370020e-01
8.104999999999979821e+01 6.817540424946232358e-01 3.664476667033448286e-03 2.970058338630602313e-01 4.356495383236435037e-01
8.112499999999980105e+01 6.816705561643275901e-01 3.660502761442355722e-03 2.969582865220103951e-01 4.356331424859486434e-01
8.119999999999980389e+01 6.815887669899157730e-01 3.656548403926336305e-03 2.969117303988177969e-01 4.356171122215848346e-01
8.127499999999980673e+01 6.815086324972381426e-01 3.652610767956706184e-03 2.968659401656805752e-01 4.356011442993477645e-01
8.134999999999979536e+01 6.814298149694753004e-01 3.648685364792462332e-03 2.968205544258660789e-01 4.355849243830961504e-01
8.142499999999979821e+01 6.813517251788874241e-01 3.644766370328700236e-03 2.967751017040136663e-01 4.355681371850874672e-01
8.149999999999980105e+01 6.812735864400520924e-01 3.640847058420114673e-03 2.967290352612386162e-01 4.355504765886721308e-01
8.157499999999978968e+01 6.811945118682056766e-01 3.636920298521822796e-03 2.966817733519169220e-01 4.355316553244890643e-01
8.164999999999980673e+01 6.811135856301099301e-01 3.632979065650361172e-03 2.966327407103512837e-01 4.355114139089315550e-01
8.172499999999979536e+01 6.810299440212584932e-01 3.629016937703452746e-03 2.965814092338139307e-01 4.354895285258647553e-01
8.179999999999978400e+01 6.809428487542883435e-01 3.625028537570562908e-03 2.965273343732712785e-01 4.354658176023672445e-01
8.187499999999980105e+01 6.808517464517772622e-01 3.621009886629287470e-03 2.964701844677721798e-01 4.354401468642928874e-01
8.194999999999978968e+01 6.807563102750434636e-01 3.616958647398018853e-03 2.964097611542668709e-01 4.354124327316327703e-01
8.202499999999980673e+01 6.806564613884896753e-01 3.612874242751753454e-03 2.963460097617118816e-01 4.353826439217040045e-01
8.209999999999979536e+01 6.805523690536041670e-01 3.608757846059228516e-03 2.962790191614619317e-01 4.353508012520419523e-01
8.217499999999978400e+01 6.804444277614613013e-01 3.604612235409276801e-03 2.962090104447565597e-01 4.353169757289812036e-01
8.224999999999980105e+01 6.803332205235379515e-01 3.600441560706694848e-03 2.961363183681249289e-01 4.352812848683746960e-01
8.232499999999978968e+01 6.802194660899060219e-01 3.596251015026836508e-03 2.960613648120835606e-01 4.352438875557738118e-01
8.239999999999980673e+01 6.801039562445113651e-01 3.592046444682147656e-03 2.959846270418082792e-01 4.352049775981536861e-01
8.247499999999979536e+01 6.799874949164032012e-01 3.587833961886693901e-03 2.959066060066043446e-01 4.351647761448653173e-01
8.254999999999978400e+01 6.798708355011968685e-01 3.583619544492520643e-03 2.958277933978568086e-01 4.351235233965791149e-01
8.262499999999980105e+01 6.797546342032811939e-01 3.579408717694327214e-03 2.957486452994930737e-01 4.350814697219838045e-01
8.269999999999978968e+01 6.796394051191888552e-01 3.575206247306684289e-03 2.956695566522620222e-01 4.350388668244011825e-01
8.277499999999979252e+01 6.795255049890548404e-01 3.571015990402167262e-03 2.955908486055386364e-01 4.349959588496972174e-01
8.284999999999979536e+01 6.794131263721265857e-01 3.566840796516640346e-03 2.955127599914029179e-01 4.349529741489647772e-01
8.292499999999978400e+01 6.793023127471318201e-01 3.562682530366130095e-03 2.954354488306105697e-01 4.349101177586973677e-01
8.299999999999978684e+01 6.791929885772257647e-01 3.558542181639838195e-03 2.953590010761057982e-01 4.348675649535548859e-01
8.307499999999978968e+01 6.790850014503270193e-01 3.554420047663335060e-03 2.952834454596308111e-01 4.348254560607165420e-01
8.314999999999979252e+01 6.789781733773986305e-01 3.550315974766542291e-03 2.952087733018372573e-01 4.347838927331032499e-01
8.322499999999979536e+01 6.788723526728687174e-01 3.546229614074051292e-03 2.951349596313121992e-01 4.347429357953692119e-01
8.329999999999978400e+01 6.787674642511927203e-01 3.542160680796680242e-03 2.950619847103627125e-01 4.347026047217380507e-01
8.337499999999978684e+01 6.786635511111169805e-01 3.538109179323508952e-03 2.949898528260967989e-01 4.346628787462292198e-01
8.344999999999978968e+01 6.785608007929381236e-01 3.534075561779766173e-03 2.949186056305207471e-01 4.346236995798917757e-01
8.352499999999979252e+01 6.784595572564211530e-01 3.530060821234946595e-03 2.948483300936481921e-01 4.345849755377702017e-01
8.359999999999979536e+01 6.783603135189636424e-01 3.526066495463545634e-03 2.947791590207516910e-01 4.345465870366119199e-01
8.367499999999978400e+01 6.782636840981742798e-01 3.522094574029281493e-03 2.947112634818993548e-01 4.345083931093114415e-01
8.374999999999978684e+01 6.781703629015147783e-01 3.518147337398160306e-03 2.946448395070951909e-01 4.344702387855366998e-01
8.382499999999978968e+01 6.780810633184566338e-01 3.514227108931861337e-03 2.945800874062125541e-01 4.344319629935821103e-01
8.389999999999979252e+01 6.779964550378383414e-01 3.510335993505806114e-03 2.945171898551364187e-01 4.343934067305701419e-01
8.397499999999978115e+01 6.779170933180318492e-01 3.506475577801312221e-03 2.944562866458644290e-01 4.343544211352787232e-01
8.404999999999978400e+01 6.778433528834074684e-01 3.502646653282903786e-03 2.943974512084273076e-01 4.343148751936867780e-01
8.412499999999978684e+01 6.777753748191931438e-01 3.498849002562711384e-03 2.943406723405873615e-01 4.342746627805815773e-01
8.419999999999978968e+01 6.777130255964330940e-01 3.495081241906696640e-03 2.942858405685431222e-01 4.342337087435375054e-01
8.427499999999979252e+01 6.776558784220455545e-01 3.491340770374380502e-03 2.942327434233001915e-01 4.341919738207470902e-01
8.434999999999978115e+01 6.776032238409519515e-01 3.487623859044759397e-03 2.941810725104246904e-01 4.341494582078247455e-01
8.442499999999978400e+01 6.775540965566145823e-01 3.483925810806267741e-03 2.941304365773184104e-01 4.341062035815492215e-01
8.449999999999978684e+01 6.775073362055711312e-01 3.480241281080296862e-03 2.940803882512843526e-01 4.340622935513921421e-01
8.457499999999978968e+01 6.774616681155748443e-01 3.476564686225674938e-03 2.940304583375357161e-01 4.340178524866357135e-01
8.464999999999979252e+01 6.774157940323558558e-01 3.472890647716157797e-03 2.939801933291720237e-01 4.339730427293970738e-01
8.472499999999978115e+01 6.773685110492054795e-01 3.469214566322151045e-03 2.939292041316434734e-01 4.339280603350808008e-01
8.479999999999978400e+01 6.773188123032004571e-01 3.465533088234514121e-03 2.938772058822860522e-01 4.338831293980544013e-01
8.487499999999978684e+01 6.772659950776038773e-01 3.461844597097033221e-03 2.938240601786099582e-01 4.338384952354538138e-01
8.494999999999978968e+01 6.772097552880418370e-01 3.458149626100717917e-03 2.937698107372552769e-01 4.337944166387626144e-01
8.502499999999979252e+01 6.771502465597368792e-01 3.454451081020525668e-03 2.937147031637694639e-01 4.337511573775356122e-01
8.509999999999978115e+01 6.770881380771940350e-01 3.450754454681351918e-03 2.936592040933823089e-01 4.337089775746485465e-01
8.517499999999978400e+01 6.770246060076823280e-01 3.447067698203650551e-03 2.936039911944952063e-01 4.336681245986554467e-01
8.524999999999978684e+01 6.769613016923841098e-01 3.443400978880911765e-03 2.935499334495970114e-01 4.336288244479122866e-01
8.532499999999978968e+01 6.769003062014407046e-01 3.439766376185912633e-03 2.934980660480622783e-01 4.335912738687982548e-01
8.539999999999977831e+01 6.768440037210901039e-01 3.436177170910055534e-03 2.934495303957179724e-01 4.335556328820502348e-01
8.547499999999978115e+01 6.767949850505263765e-01 3.432647302746930865e-03 2.934055282022931532e-01 4.335220187548949333e-01
8.554999999999978400e+01 6.767558777009287097e-01 3.429190467869424556e-03 2.933672445262285322e-01 4.334905010693872462e-01
8.562499999999978684e+01 6.767291967955050280e-01 3.425819339720030405e-03 2.933357809635268598e-01 4.334610984017694957e-01
8.569999999999978968e+01 6.767171864893801736e-01 3.422544758412195045e-03 2.933120857959243821e-01 4.334337765493227468e-01
8.577499999999977831e+01 6.767216669224196401e-01 3.419374966254936504e-03 2.932968877305164312e-01 4.334084485049307656e-01
8.584999999999978115e+01 6.767439045703981249e-01 3.416314978214506949e-03 2.932906408797146813e-01 4.333849760581112154e-01
8.592499999999978400e+01 6.767845236339325998e-01 3.413366175587562862e-03 2.932934886373605998e-01 4.333631730562454987e-01
8.599999999999978684e+01 6.768434151873088389e-01 3.410525903143382751e-03 2.933052276703301819e-01 4.333428103000178111e-01
8.607499999999978968e+01 6.769197463292684347e-01 3.407787581478082060e-03 2.933253160757252065e-01 4.333236216942110142e-01
8.614999999999977831e+01 6.770119609738184385e-01 3.405140786599403311e-03 2.933528787655378389e-01 4.333053116869267085e-01
8.622499999999978115e+01 6.771178557716984736e-01 3.402571713600902395e-03 2.933867460052370646e-01 4.332875636116104712e-01
8.629999999999978400e+01 6.772346749821673839e-01 3.400063738462833461e-03 2.934255006293418067e-01 4.332700487273014600e-01
8.637499999999977263e+01 6.773592615260856098e-01 3.397598261434553197e-03 2.934675498314087694e-01 4.332524355985455378e-01
8.644999999999978968e+01 6.774882101744497120e-01 3.395155557684399056e-03 2.935111979618155731e-01 4.332343995864340602e-01
8.652499999999977831e+01 6.776180611569200263e-01 3.392715823670610590e-03 2.935547366430988347e-01 4.332156320359923929e-01
8.659999999999976694e+01 6.777454581161694858e-01 3.390260036486360783e-03 2.935965191597180723e-01 4.331958490371674575e-01
8.667499999999978400e+01 6.778673414461163782e-01 3.387770978234361154e-03 2.936350495384625336e-01 4.331747992343772946e-01
8.674999999999977263e+01 6.779811032883009680e-01 3.385234055777099939e-03 2.936690543386626384e-01 4.331522706375260379e-01
8.682499999999978968e+01 6.780847070411862854e-01 3.382637929134106863e-03 2.936975381970681198e-01 4.331280961616336689e-01
8.689999999999977831e+01 6.781767816692598760e-01 3.379974999235358084e-03 2.937198274335518500e-01 4.331021576860708544e-01
8.697499999999976694e+01 6.782566735380487488e-01 3.377241669245363998e-03 2.937355941826147454e-01 4.330743885649903646e-01
8.704999999999978400e+01 6.783244521778436509e-01 3.374438362275429711e-03 2.937448594360754228e-01 4.330447745072016907e-01
8.712499999999977263e+01 6.783808758562256402e-01 3.371569326252017631e-03 2.937479775497062739e-01 4.330133528291892353e-01
8.719999999999978968e+01 6.784273055094722782e-01 3.368642170490277962e-03 2.937455972667515347e-01 4.329802100847932600e-01
8.727499999999977831e+01 6.784656174737979661e-01 3.365667387826158912e-03 2.937386212725272561e-01 4.329454783077070212e-01
8.734999999999976694e+01 6.784980432584484245e-01 3.362657506222630020e-03 2.937281331685459573e-01 4.329093297866169476e-01
8.742499999999978400e+01 6.785270329539869749e-01 3.359626354138156839e-03 2.937153340105276289e-01 4.328719708216037798e-01
8.749999999999977263e+01 6.785550945105734977e-01 3.356588203157432476e-03 2.937014677762745940e-01 4.328336345158750320e-01
8.757499999999977547e+01 6.785846385904579225e-01 3.353556938190841146e-03 2.936877488620621701e-01 4.327945729394999663e-01
8.764999999999977831e+01 6.786178420820804247e-01 3.350545321780582127e-03 2.936752974540672856e-01 4.327550489286230428e-01
8.772499999999976694e+01 6.786565326402389520e-01 3.347564365897606840e-03 2.936650839983667716e-01 4.327153278196482211e-01
8.779999999999976978e+01 6.787020978643120150e-01 3.344622830168584270e-03 2.936578844888009243e-01 4.326756693590032565e-01
8.787499999999977263e+01 6.787554346942226147e-01 3.341726925046967570e-03 2.936542535385014974e-01 4.326363201361207445e-01
8.794999999999977547e+01 6.788169315304557472e-01 3.338880183018114785e-03 2.936545120964424438e-01 4.325975067156487830e-01
8.802499999999977831e+01 6.788864801538961880e-01 3.336083484742418184e-03 2.936587487444506372e-01 4.325594297854943315e-01
8.809999999999976694e+01 6.789635264183007113e-01 3.333335283607060349e-03 2.936668384857812342e-01 4.325222593840141738e-01
8.817499999999976978e+01 6.790471413666023803e-01 3.330631939410987931e-03 2.936784712575630785e-01 4.324861314731794359e-01
8.824999999999977263e+01 6.791361111647954418e-01 3.327968152679314229e-03 2.936931894739487348e-01 4.324511458685824095e-01
8.832499999999977547e+01 6.792290433730174826e-01 3.325337487316829509e-03 2.937104335672582334e-01 4.324173655895320878e-01
8.839999999999977831e+01 6.793244678859329255e-01 3.322732875376632842e-03 2.937295861832935895e-01 4.323848176665623377e-01
8.847499999999976694e+01 6.794209390444955199e-01 3.320147134768846545e-03 2.937500177486729314e-01 4.323534952599321635e-01
8.854999999999976978e+01 6.795171228289319520e-01 3.317573420994047659e-03 2.937711264290221447e-01 4.323233610449855879e-01
8.862499999999977263e+01 6.796118637862438305e-01 3.315005586040462027e-03 2.937923700628352064e-01 4.322943516996059499e-01
8.869999999999977547e+01 6.797042338209773327e-01 3.312438453703731717e-03 2.938132908435202584e-01 4.322663832647329341e-01
8.877499999999976410e+01 6.797935551292582090e-01 3.309867972874511177e-03 2.938335292919339592e-01 4.322393571914100452e-01
8.884999999999976694e+01 6.798793930946613884e-01 3.307291227487614213e-03 2.938528255622737673e-01 4.322131668452552367e-01
8.892499999999976978e+01 6.799615382226220639e-01 3.304706394093929502e-03 2.938710160948019290e-01 4.321877041206813042e-01
8.899999999999977263e+01 6.800399576438741489e-01 3.302112551721237115e-03 2.938880171031893473e-01 4.321628660195490079e-01
8.907499999999977547e+01 6.801147457144655073e-01 3.299509485270178590e-03 2.939038074004404200e-01 4.321385608125468680e-01
8.914999999999976410e+01 6.801860571716193959e-01 3.296897401352528924e-03 2.939184033305771715e-01 4.321147136604976402e-01
8.922499999999976694e+01 6.802540421319812625e-01 3.294276648165176107e-03 2.939318339325370788e-01 4.320912713893277357e-01
8.929999999999976978e+01 6.803187954023839357e-01 3.291647498289700276e-03 2.939441215972694588e-01 4.320682062347140362e-01
8.937499999999977263e+01 6.803803035533451116e-01 3.289009913435386647e-03 2.939552610132869503e-01 4.320455184814729899e-01
8.944999999999977547e+01 6.804384172122941443e-01 3.286363422349634043e-03 2.939652081291740382e-01 4.320232378023682873e-01
8.952499999999976410e+01 6.804928370936403903e-01 3.283707055766900071e-03 2.939738741675309575e-01 4.320014232965073697e-01
8.959999999999976694e+01 6.805431212485492098e-01 3.281039373784232216e-03 2.939811278910664516e-01 4.319801621853409657e-01
8.967499999999976978e+01 6.805887101254162186e-01 3.278358569321142627e-03 2.939868047038727283e-01 4.319595672542055342e-01
8.974999999999977263e+01 6.806289649622324633e-01 3.275662625791332747e-03 2.939907206647713878e-01 4.319397730613546704e-01
8.982499999999977547e+01 6.806632242542339783e-01 3.272949553073025136e-03 2.939926936047837502e-01 4.319209311284529784e-01
8.989999999999976410e+01 6.806908636992229367e-01 3.270217632019132518e-03 2.939925651185192335e-01 4.319032042252087811e-01
8.997499999999976694e+01 6.807113537461657593e-01 3.267465640998414283e-03 2.939902210488315459e-01 4.318867599767686194e-01
9.004999999999976978e+01 6.807243204950693682e-01 3.264693094155965512e-03 2.939856131287439389e-01 4.318717640570524097e-01
9.012499999999977263e+01 6.807295921086286006e-01 3.261900407462807287e-03 2.939787742225847822e-01 4.318583731786300728e-01
9.019999999999976126e+01 6.807272324335418290e-01 3.259089003453681521e-03 2.939698281115212808e-01 4.318467281830406512e-01
9.027499999999976410e+01 6.807175472888419288e-01 3.256261286790191299e-03 2.939589876649837397e-01 4.318369474031659161e-01
9.034999999999976694e+01 6.807010953966055045e-01 3.253420647636646058e-03 2.939465555139701980e-01 4.318291207430838829e-01
9.042499999999976978e+01 6.806786474138112331e-01 3.250571222325643848e-03 2.939329027787955795e-01 4.318233044265045728e-01
9.049999999999977263e+01 6.806511475000062150e-01 3.247717675852831391e-03 2.939184496646805034e-01 4.318195168615033275e-01
9.057499999999976126e+01 6.806196544064798681e-01 3.244864896755546204e-03 2.939036380236328405e-01 4.318177356778292730e-01
9.064999999999976410e+01 6.805852677524482086e-01 3.242017632784204625e-03 2.938888984118873671e-01 4.318178960623412221e-01
9.072499999999976694e+01 6.805490519430487106e-01 3.239180127790049733e-03 2.938746170937515112e-01 4.318198905056210291e-01
9.079999999999976978e+01 6.805119587122784308e-01 3.236355764601885933e-03 2.938611034258504784e-01 4.318235699809287453e-01
9.087499999999977263e+01 6.804747561720971838e-01 3.233546750884217121e-03 2.938485609866025028e-01 4.318287465057498720e-01
9.094999999999976126e+01 6.804379701083885790e-01 3.230753875189849248e-03 2.938370649485160246e-01 4.318351971182766702e-01
9.102499999999976410e+01 6.804018418625692455e-01 3.227976351251547402e-03 2.938265473726713317e-01 4.318426689856312839e-01
9.109999999999976694e+01 6.803663032498380447e-01 3.225211752673819935e-03 2.938167906685842379e-01 4.318508857142671631e-01
9.117499999999975557e+01 6.803309824505467951e-01 3.222456099874805753e-03 2.938074349060846302e-01 4.318595543713040774e-01
9.124999999999977263e+01 6.802952177198879902e-01 3.219703989867611030e-03 2.937979890754187640e-01 4.318683733513914991e-01
9.132499999999976126e+01 6.802581076288173323e-01 3.216948899934140085e-03 2.937878582864845711e-01 4.318770404818016995e-01
9.139999999999974989e+01 6.802185674812221139e-01 3.214183520843629308e-03 2.937763738051069051e-01 4.318852613696358977e-01
9.147499999999976694e+01 6.801754074695194330e-01 3.211400189679662273e-03 2.937628323509463568e-01 4.318927575518241579e-01
9.154999999999975557e+01 6.801274084309777423e-01 3.208591306907494865e-03 2.937465341473803893e-01 4.318992743213215801e-01
9.162499999999977263e+01 6.800734126685665792e-01 3.205749817031364364e-03 2.937268269854980129e-01 4.319045878193236154e-01
9.169999999999976126e+01 6.800123975923396680e-01 3.202869600077723304e-03 2.937031423271264652e-01 4.319085113256985187e-01
9.177499999999974989e+01 6.799435499461680132e-01 3.199945855346446929e-03 2.936750308744193738e-01 4.319109003941136171e-01
9.184999999999976694e+01 6.798663182146993389e-01 3.196975371783807203e-03 2.936421878983419553e-01 4.319116567936974738e-01
9.192499999999975557e+01 6.797804489536124484e-01 3.193956711065923989e-03 2.936044706647342739e-01 4.319107310554168855e-01
9.199999999999977263e+01 6.796860022453010686e-01 3.190890280874584487e-03 2.935619058404610460e-01 4.319081235610227054e-01
