Incremental trajectory contributions
n_trajectories = 50
measurements = 200
Gamma = 20
tau_comp = 5.05
tau_exp = 2.525

================================================================================
TRAJECTORY 1
================================================================================

COMP trajectory 1
outcomes: (0, 0, 0, 0, 0, 0, 0, 0, 0, 0, 0, 0, 0, 0, 0, 0, 0, 0, 0, 0, 0, 0, 0, 0, 0, 0, 0, 0, 0, 0, 0, 0, 0, 0, 0, 0, 0, 0, 0, 0, 0, 0, 0, 0, 0, 0, 0, 0, 0, 0, 0, 0, 0, 0, 0, 0, 0, 0, 0, 0, 0, 0, 0, 0, 0, 0, 0, 0, 0, 0, 0, 0, 0, 0, 0, 0, 0, 0, 0, 0, 0, 0, 0, 0, 0, 0, 0, 0, 0, 0, 0, 0, 0, 0, 0, 0, 0, 0, 0, 0, 0, 0, 0, 0, 0, 0, 0, 0, 0, 0, 0, 0, 0, 0, 0, 0, 0, 0, 0, 0, 0, 0, 0, 0, 0, 0, 0, 0, 0, 0, 0, 0, 0, 0, 0, 0, 0, 0, 0, 0, 0, 0, 0, 0, 0, 0, 0, 0, 0, 0, 0, 0, 0, 0, 0, 0, 0, 0, 0, 0, 0, 0, 0, 0, 0, 0, 0, 0, 0, 0, 0, 0, 0, 0, 0, 0, 0, 0, 0, 0, 0, 0, 0, 0, 0, 0, 0, 0, 0, 0, 0, 0, 0, 0, 0, 0, 0, 0, 0, 0, 0)
p_seq: 0.9711646393507506
DeltaW_total: -0.8254703559926213
DeltaQ_total: -4.164499868344711e-06
dW per increment:
[ 1.573221825758e-03,  3.134225698634e-03,  1.495191472248e-03,
 -1.818410173470e-03, -3.643019679057e-03, -2.283259703793e-03,
  8.314121654003e-04,  2.560741646251e-03,  1.138127896114e-03,
 -2.107932878062e-03, -4.075018812387e-03, -2.935493525278e-03,
  8.680979657250e-05,  1.941298909479e-03,  7.505793541434e-04,
 -2.367704122973e-03, -4.427071274868e-03, -3.511588823436e-03,
 -6.325205688213e-04,  1.298855175149e-03,  3.396538452147e-04,
 -2.603516238699e-03, -4.703663861903e-03, -4.002026710845e-03,
 -1.303484448567e-03,  6.567724896147e-04, -8.510182655641e-05,
 -2.821587458538e-03, -4.914835379770e-03, -4.405884661647e-03,
 -1.910183305348e-03,  3.565060464972e-05, -5.132371009751e-04,
 -3.027298470332e-03, -5.073339001779e-03, -4.728865907634e-03,
 -2.444275699512e-03, -5.486423046008e-04, -9.348428529350e-04,
 -3.224521673861e-03, -5.192133571619e-03, -4.980712787173e-03,
 -2.903939336665e-03, -1.085625631404e-03, -1.341595073573e-03,
 -3.415530324414e-03, -5.282703324543e-03, -5.172819604123e-03,
 -3.292147499682e-03, -1.569847932078e-03, -1.727294307221e-03,
 -3.601287952193e-03, -5.354258896261e-03, -5.316473076707e-03,
 -3.614869638918e-03, -1.999957734029e-03, -2.087961498690e-03,
 -3.781885391360e-03, -5.413607311841e-03, -5.421796081443e-03,
 -3.879557404957e-03, -2.377593005731e-03, -2.421629721690e-03,
 -3.956956462901e-03, -5.465411011832e-03, -5.497269492576e-03,
 -4.094047385047e-03, -2.706343493434e-03, -2.727977972208e-03,
 -4.125989748825e-03, -5.512605403135e-03, -5.549645193128e-03,
 -4.265865411639e-03, -2.990908361619e-03, -3.007920527587e-03,
 -4.288519595002e-03, -5.556829053388e-03, -5.584081868419e-03,
 -4.401851463516e-03, -3.236478843183e-03, -3.263222340834e-03,
 -4.444214393502e-03, -5.598794481354e-03, -5.604382314079e-03,
 -4.508010920821e-03, -3.448324470437e-03, -3.496174112369e-03,
 -4.592891503647e-03, -5.638576436994e-03, -5.613257632877e-03,
 -4.589510306330e-03, -3.631540842013e-03, -3.709335560494e-03,
 -4.734486591206e-03, -5.675821051454e-03, -5.612579000513e-03,
 -4.650756018300e-03, -3.790914109564e-03, -3.905341228638e-03,
 -4.868998771144e-03, -5.709890569744e-03, -5.603600587765e-03,
 -4.695514006782e-03, -3.930862912689e-03, -4.086756904949e-03,
 -4.996426192346e-03, -5.739961228311e-03, -5.587150343032e-03,
 -4.727043558887e-03, -4.055426609789e-03, -4.255973341516e-03,
 -5.116701422967e-03, -5.765090719279e-03, -5.563791824187e-03,
 -4.748228901320e-03, -4.168276489178e-03, -4.415125183618e-03,
 -5.229632570476e-03, -5.784269144659e-03, -5.533962658291e-03,
 -4.761698933649e-03, -4.272733115865e-03, -4.566025450544e-03,
 -5.334854257718e-03, -5.796464622374e-03, -5.498095219046e-03,
 -4.769929084116e-03, -4.371777939717e-03, -4.710108795635e-03,
 -5.431791959246e-03, -5.800672190635e-03, -5.456723787063e-03,
 -4.775320974506e-03, -4.468051045418e-03, -4.848379782789e-03,
 -5.519643341266e-03, -5.795972387943e-03, -5.410580380357e-03,
 -4.780256060492e-03, -4.563829901620e-03, -4.981365435036e-03,
 -5.597380761653e-03, -5.781603688753e-03, -5.360678932234e-03,
 -4.787119299504e-03, -4.660986609068e-03, -5.109074308084e-03,
 -5.663779606643e-03, -5.757050613887e-03, -5.308384749725e-03,
 -4.798288702908e-03, -4.760923850927e-03, -5.230967275576e-03,
 -5.717477317724e-03, -5.722146574740e-03, -5.255463397646e-03,
 -4.816086816568e-03, -4.864492816061e-03, -5.345947962631e-03,
 -5.757067431755e-03, -5.677187184443e-03, -5.204100564750e-03,
 -4.842691174211e-03, -4.971899973988e-03, -5.452383086560e-03,
 -5.781231350383e-03, -5.623045821803e-03, -5.156882441717e-03,
 -4.880002986489e-03, -5.082613741926e-03, -5.548164465772e-03,
 -5.788907525879e-03, -5.561278786864e-03, -5.116725168225e-03,
 -4.929477097964e-03, -5.195286585103e-03, -5.630824596562e-03,
 -5.779493037682e-03, -5.494202800431e-03, -5.086742614139e-03,
 -4.991921764532e-03, -5.307712445877e-03, -5.697715810978e-03,
 -5.753066063175e-03, -5.424923524483e-03, -5.070044845191e-03,
 -5.067284018143e-03, -5.416842794922e-03, -5.746258424669e-03,
 -5.710609744664e-03, -5.357291195278e-03, -5.069465751415e-03,
 -5.154444859926e-03, -5.518885912881e-03, -5.774255378167e-03,
 -5.654209111349e-03, -5.295759633523e-03, -5.087227936578e-03,
 -5.251057296700e-03, -5.609511857628e-03]
dQ per increment:
[-2.303445896935e-07, -3.737145369089e-07, -2.283549950933e-07,
  6.305170112452e-08,  2.150937552111e-07,  7.990028732391e-08,
 -2.084242085049e-07, -3.664773042503e-07, -2.399387621110e-07,
  4.614098047476e-08,  2.117009113476e-07,  9.689510160199e-08,
 -1.826187498049e-07, -3.513829642211e-07, -2.450291769021e-07,
  3.033546556530e-08,  2.049763585094e-07,  1.110117306756e-07,
 -1.550299757133e-07, -3.301427211931e-07, -2.439696191038e-07,
  1.639555426841e-08,  1.954990783409e-07,  1.214994547454e-07,
 -1.276947290724e-07, -3.048688196460e-07, -2.376692300205e-07,
  4.792022993260e-09,  1.840388794716e-07,  1.280942077677e-07,
 -1.022653350084e-07, -2.776644927207e-07, -2.273371804587e-07,
 -4.279821998535e-09,  1.714289219086e-07,  1.309683700288e-07,
 -7.985172656823e-08, -2.503246558142e-07, -2.142349204326e-07,
 -1.084738411247e-08,  1.584479067014e-07,  1.306002499210e-07,
 -6.101955821701e-08, -2.241889704440e-07, -1.995010053563e-07,
 -1.509354093793e-08,  1.457387308226e-07,  1.276224479096e-07,
 -4.588924855950e-08, -2.001249774365e-07, -1.840592551367e-07,
 -1.729187853322e-08,  1.337709228935e-07,  1.226934771294e-07,
 -3.427311845569e-08, -1.785916474636e-07, -1.685938165394e-07,
 -1.775376124932e-08,  1.228404726272e-07,  1.164114519568e-07,
 -2.580565765589e-08, -1.597360211165e-07, -1.535663948131e-07,
 -1.679050413463e-08,  1.130923751921e-07,  1.092694205751e-07,
 -2.004501912893e-08, -1.434900750025e-07, -1.392533613949e-07,
 -1.469007675226e-08,  1.045533624044e-07,  1.016422897255e-07,
 -1.654100056014e-08, -1.296522185693e-07, -1.257883024876e-07,
 -1.170519751091e-08,  9.716509228631e-08,  9.379361490171e-08,
 -1.487427096812e-08, -1.179478545097e-07, -1.132015734467e-07,
 -8.050420379803e-09,  9.081268954100e-08,  8.589211769735e-08,
 -1.467435067383e-08, -1.080710673802e-07, -1.014535110436e-07,
 -3.904481047506e-09,  8.534696245392e-08,  7.803175067342e-08,
 -1.562353778208e-08, -9.971068657940e-08, -9.046070717413e-08,
  5.839268157545e-10,  8.060031384417e-08,  7.025135185992e-08,
 -1.745300054696e-08, -9.256527907370e-08, -8.011598286953e-08,
  5.288956048295e-09,  7.639736736547e-08,  6.255220588594e-08,
 -1.993441190199e-08, -8.635090077182e-08, -7.030356236320e-08,
  1.009977830708e-08,  7.256191040736e-08,  5.491314227597e-08,
 -2.287032066462e-08, -8.080429543707e-08, -6.091042770683e-08,
  1.491329992831e-08,  6.892140295544e-08,  4.730323838794e-08,
 -2.608426303207e-08, -7.568391480108e-08, -5.183528438337e-08,
  1.962741622615e-08,  6.531012132754e-08,  3.969257071895e-08,
 -2.941203097436e-08, -7.077007619684e-08, -4.299583785967e-08,
  2.413564253317e-08,  6.157211036167e-08,  3.206142777266e-08,
 -3.269431946441e-08, -6.586573788464e-08, -3.433505970686e-08,
  2.832297230429e-08,  5.756455508273e-08,  2.440847425957e-08,
 -3.577138624894e-08, -6.079799217806e-08, -2.582672045150e-08,
  3.206356326019e-08,  5.316200673948e-08,  1.675781689152e-08,
 -3.847984314433e-08, -5.542129094191e-08, -1.748021510872e-08,
  3.522051618497e-08,  4.826194963982e-08,  9.164972301478e-09,
 -4.065215378820e-08, -4.962225960171e-08, -9.344628259557e-09,
  3.764813782167e-08,  4.279176034263e-08,  1.721530753888e-09,
 -4.211903883306e-08, -4.332600521666e-08, -1.511265309076e-09,
  3.919698187815e-08,  3.671681065437e-08, -5.442147849553e-09,
 -4.271509123407e-08, -3.650385619995e-08,  5.885719669453e-09,
  3.972202878167e-08,  3.004932807617e-08, -1.215687048771e-08,
 -4.228784965515e-08, -2.918145639713e-08,  1.267170678804e-08,
  3.909421967489e-08,  2.285718243237e-08, -1.821821416469e-08,
 -4.071024553055e-08, -2.144663815637e-08,  1.863781259534e-08,
  3.721494434665e-08,  1.527154354364e-08, -2.339443457618e-08,
 -3.789598118555e-08, -1.345526241120e-08,  2.355192775961e-08,
  3.403317385721e-08,  7.491500678483e-09, -2.743986154442e-08,
 -3.381709327410e-08, -5.433546619582e-09,  2.717534480431e-08,
  2.956380423108e-08, -2.156552861635e-10, -3.011402925635e-08,
 -2.852204394194e-08,  2.325176557370e-09,  2.928503450416e-08,
  2.390557781243e-08, -7.521049739598e-09, -3.120651519140e-08,
 -2.215213877783e-08,  9.471303023117e-09,  2.970128797335e-08,
  1.725574105653e-08, -1.404927362381e-08, -3.056650947370e-08,
 -1.495334088931e-08,  1.561900356273e-08]

EXP trajectory 1
outcomes: (0, 0, 0, 0, 0, 0, 0, 0, 0, 0, 0, 0, 0, 0, 0, 0, 0, 0, 0, 0, 0, 0, 0, 0, 0, 0, 0, 0, 0, 0, 0, 0, 0, 0, 0, 0, 0, 0, 0, 0, 0, 0, 0, 0, 0, 0, 0, 0, 0, 0, 0, 0, 0, 0, 0, 0, 0, 0, 0, 0, 0, 0, 0, 0, 0, 0, 0, 0, 0, 0, 0, 0, 0, 0, 0, 0, 0, 0, 0, 0, 0, 0, 0, 0, 0, 0, 0, 0, 0, 0, 0, 0, 0, 0, 0, 0, 0, 0, 0, 0, 0, 0, 0, 0, 0, 0, 0, 0, 0, 0, 0, 0, 0, 0, 0, 0, 0, 0, 0, 0, 0, 0, 0, 0, 0, 0, 0, 0, 0, 0, 0, 0, 0, 0, 0, 0, 0, 0, 0, 0, 0, 0, 0, 0, 0, 0, 0, 0, 0, 0, 0, 0, 0, 0, 0, 0, 0, 0, 0, 0, 0, 0, 0, 0, 0, 0, 0, 0, 0, 0, 0, 0, 0, 0, 0, 0, 0, 0, 0, 0, 0, 0, 0, 0, 0, 0, 0, 0, 0, 0, 0, 0, 0, 0, 0, 0, 0, 0, 0, 0, 0)
p_seq: 0.9922287100657725
DeltaW_total: 0.5301603849893777
DeltaQ_total: -7.719151607382571e-07
dW per increment:
[ 3.471592021139e-03,  3.489908428906e-03,  3.499542792703e-03,
  3.497028079165e-03,  3.482376576295e-03,  3.459130024005e-03,
  3.433383333258e-03,  3.412051153308e-03,  3.400870158988e-03,
  3.402713397428e-03,  3.416710422060e-03,  3.438440127699e-03,
  3.461156066964e-03,  3.477704457890e-03,  3.482589830842e-03,
  3.473592845747e-03,  3.452465789282e-03,  3.424490918368e-03,
  3.397012033791e-03,  3.377347524109e-03,  3.370677421085e-03,
  3.378513174559e-03,  3.398199992864e-03,  3.423611057194e-03,
  3.446852446881e-03,  3.460504343055e-03,  3.459762855192e-03,
  3.443865714532e-03,  3.416381169661e-03,  3.384258974910e-03,
  3.355895587678e-03,  3.338751958154e-03,  3.337198766859e-03,
  3.351209489162e-03,  3.376289061208e-03,  3.404679028904e-03,
  3.427516203855e-03,  3.437344543505e-03,  3.430269528167e-03,
  3.407134656928e-03,  3.373368109511e-03,  3.337520432696e-03,
  3.308886893812e-03,  3.294874975238e-03,  3.298860968572e-03,
  3.319153244814e-03,  3.349376115514e-03,  3.380190563458e-03,
  3.401887676162e-03,  3.407135342613e-03,  3.393102892362e-03,
  3.362350867906e-03,  3.322211620397e-03,  3.282808163888e-03,
  3.254246028792e-03,  3.243755899954e-03,  3.253592696122e-03,
  3.280298007542e-03,  3.315559617075e-03,  3.348456266833e-03,
  3.368481985007e-03,  3.368513748836e-03,  3.346886605744e-03,
  3.307975511301e-03,  3.261091189071e-03,  3.217966880079e-03,
  3.189513415307e-03,  3.182738183902e-03,  3.198694951738e-03,
  3.232059665013e-03,  3.272483945990e-03,  3.307383733533e-03,
  3.325412546804e-03,  3.319662631013e-03,  3.289694066233e-03,
  3.241800872546e-03,  3.187402894879e-03,  3.139972437395e-03,
  3.111321225571e-03,  3.108268423539e-03,  3.130625578207e-03,
  3.171087622738e-03,  3.217101601967e-03,  3.254236837567e-03,
  3.270153219708e-03,  3.258079009022e-03,  3.218822165143e-03,
  3.160724633602e-03,  3.097526103314e-03,  3.044681909479e-03,
  3.015119583406e-03,  3.015595627069e-03,  3.044674015911e-03,
  3.092922697300e-03,  3.145325235042e-03,  3.185293245780e-03,
  3.199209648496e-03,  3.180261868129e-03,  3.130491228227e-03,
  3.060451242069e-03,  2.986511653903e-03,  2.926493760558e-03,
  2.894797634664e-03,  2.898349028616e-03,  2.934500145301e-03,
  2.991509053373e-03,  3.051529780597e-03,  3.095354689673e-03,
  3.107651809330e-03,  3.081273406748e-03,  3.019431538554e-03,
  2.935090631766e-03,  2.847672669210e-03,  2.777908084836e-03,
  2.742193359676e-03,  2.747985388865e-03,  2.791518166976e-03,
  2.858525885362e-03,  2.927853454429e-03,  2.977044695097e-03,
  2.988435731169e-03,  2.954105340171e-03,  2.878302659440e-03,
  2.776623704852e-03,  2.672074159671e-03,  2.589006798452e-03,
  2.546526078143e-03,  2.553139435749e-03,  2.604143225854e-03,
  2.682527892720e-03,  2.763252167938e-03,  2.819817430039e-03,
  2.831420422943e-03,  2.788759249169e-03,  2.696880788532e-03,
  2.574216128261e-03,  2.447960511557e-03,  2.346948888391e-03,
  2.293887735815e-03,  2.299028805124e-03,  2.357037084202e-03,
  2.447988826900e-03,  2.542343890347e-03,  2.608657615212e-03,
  2.622023091986e-03,  2.570982335142e-03,  2.460996823311e-03,
  2.313445207076e-03,  2.160295862955e-03,  2.035773856782e-03,
  1.967189110980e-03,  1.967377690381e-03,  2.030839102211e-03,
  2.134711463212e-03,  2.244452053180e-03,  2.322818203632e-03,
  2.339816139038e-03,  2.280962674844e-03,  2.151589596803e-03,
  1.975927794776e-03,  1.791082260642e-03,  1.637388648561e-03,
  1.547655126121e-03,  1.538156981326e-03,  1.603851242365e-03,
  1.719203159876e-03,  1.844539149339e-03,  1.936350438971e-03,
  1.958870131821e-03,  1.893840379415e-03,  1.745802062390e-03,
  1.541383878163e-03,  1.322648938199e-03,  1.136157894393e-03,
  1.020596391918e-03,  9.962611938334e-04,  1.059267056423e-03,
  1.182123606188e-03,  1.320649646217e-03,  1.425486451986e-03,
  1.455202128376e-03,  1.387497275168e-03,  1.225472717563e-03,
  9.971977101273e-04,  7.485906989935e-04,  5.314232441034e-04,
  3.895953828525e-04,  3.473390862094e-04,  4.025362268560e-04,
  5.270024193518e-04,  6.737378879755e-04,  7.892749176577e-04,
  8.278638852808e-04,  7.637162381879e-04,  5.980127755283e-04,
  3.587656806161e-04,  9.352727539280e-05, -1.431430554426e-04,
 -3.041275490840e-04, -3.622613342138e-04]
dQ per increment:
[-4.162499281889e-10, -8.896106024146e-10, -1.150365450901e-09,
 -1.119499371026e-09, -8.017114363872e-10, -2.854011209221e-10,
  2.817411198005e-10,  7.346852466672e-10,  9.387861848575e-10,
  8.293747238465e-10,  4.317194960898e-10, -1.448441436236e-10,
 -7.371924537827e-10, -1.174808945655e-09, -1.329034235095e-09,
 -1.151043532190e-09, -6.872767344384e-10, -6.770972259436e-11,
  5.302931824127e-10,  9.324338183080e-10,  1.017739948740e-09,
  7.544377596605e-10,  2.106795235230e-10, -4.633608275718e-10,
 -1.077278702008e-09, -1.454444851882e-09, -1.483146725226e-09,
 -1.149750651023e-09, -5.444651461455e-10,  1.627159518236e-10,
  7.692836975076e-10,  1.097732246682e-09,  1.046806066742e-09,
  6.219700737515e-10, -6.424148084154e-11, -8.223532087497e-10,
 -1.438696809472e-09, -1.736003174763e-09, -1.624659441484e-09,
 -1.129985244047e-09, -3.872032243446e-10,  3.949908562121e-10,
  9.924150062932e-10,  1.228965977379e-09,  1.027606012869e-09,
  4.342072565215e-10, -3.930365965413e-10, -1.226302503987e-09,
 -1.831469573221e-09, -2.034275635963e-09, -1.771094322090e-09,
 -1.109046903792e-09, -2.297496703519e-10,  6.197848268679e-10,
  1.195609350781e-09,  1.325903041874e-09,  9.609855062317e-10,
  1.898597915169e-10, -7.819716846703e-10, -1.687972207755e-09,
 -2.274458441357e-09, -2.372298596822e-09, -1.946316578391e-09,
 -1.108130204134e-09, -8.788011963100e-11,  8.278031121906e-10,
  1.375126465605e-09,  1.387593028218e-09,  8.449351906071e-10,
 -1.179749739739e-10, -1.245528577086e-09, -2.230182377639e-09,
 -2.797417589890e-09, -2.783264836811e-09, -2.182712286630e-09,
 -1.154690626643e-09,  1.848150256965e-11,  1.007075776070e-09,
  1.524811284832e-09,  1.409685400963e-09,  6.720105674186e-10,
 -5.043356700145e-10, -1.809080356005e-09, -2.888766425070e-09,
 -3.444073949535e-09, -3.314266422069e-09, -2.525231771627e-09,
 -1.286807543984e-09,  6.091396397706e-11,  1.138674581274e-09,
  1.632213696449e-09,  1.380856694505e-09,  4.259249140447e-10,
 -9.957806811111e-10, -2.512438025530e-09, -3.716654182117e-09,
 -4.277095541237e-09, -4.031890774589e-09, -3.037739189859e-09,
 -1.559839068023e-09, -4.252590684109e-12,  1.190366060279e-09,
  1.672683262624e-09,  1.277688897608e-09,  7.696324361237e-11,
 -1.634709982288e-09, -3.414479586117e-09, -4.789137933664e-09,
 -5.384251458313e-09, -5.029593117207e-09, -3.811371310355e-09,
 -2.055589063115e-09, -2.452423984375e-10,  1.107648860436e-09,
  1.601447945608e-09,  1.057747350862e-09, -4.235767115746e-10,
 -2.484049972011e-09, -4.597305546666e-09, -6.208251334891e-09,
 -6.883759853696e-09, -6.434333082561e-09, -4.972713608454e-09,
 -2.891642708429e-09, -7.648842309852e-10,  8.039711157557e-10,
  1.344938719585e-09,  6.533288375360e-10, -1.146929996289e-09,
 -3.627707477732e-09, -6.164185111890e-09, -8.099032094175e-09,
 -8.920022792343e-09, -8.403247392201e-09, -6.682242508838e-09,
 -4.222090052846e-09, -1.702953441999e-09,  1.580449441566e-10,
  7.999735234594e-10, -2.541834012151e-11, -2.177528917650e-09,
 -5.153715727075e-09, -8.214815033292e-09, -1.057815380239e-08,
 -1.162794102119e-08, -1.108636406982e-08, -9.098355708268e-09,
 -6.204550423894e-09, -3.206554669358e-09, -9.581034671690e-10,
 -1.362147177279e-10, -1.053687524819e-09, -3.564473850305e-09,
 -7.090295248710e-09, -1.076435048064e-08, -1.365679795547e-08,
 -1.502321314291e-08, -1.450997250271e-08, -1.225986503723e-08,
 -8.886758989389e-09, -5.322999759505e-09, -2.577055568562e-09,
 -1.464373694244e-09, -2.383343793589e-09, -5.197650157821e-09,
 -9.259487325161e-09, -1.357071213205e-08, -1.704212612827e-08,
 -1.878325633751e-08, -1.834574921275e-08, -1.585348721256e-08,
 -1.198212082093e-08, -7.790004033709e-09, -4.442781968163e-09,
 -2.903410314037e-09, -3.669984503199e-09, -6.633082979418e-09,
 -1.109317028102e-08, -1.593638639276e-08, -1.992480923194e-08,
 -2.202492055533e-08, -2.168710557866e-08, -1.900009278898e-08,
 -1.467697692927e-08, -9.873976274577e-09, -5.887856854034e-09,
 -3.811810043823e-09, -4.241221069929e-09, -7.109023713453e-09,
 -1.169617381929e-08, -1.681661000697e-08, -2.112857068806e-08,
 -2.349046674755e-08, -2.326613114049e-08, -2.049746850095e-08,
 -1.589733521884e-08, -1.066352138058e-08, -6.162604999763e-09,
 -3.567670676247e-09, -3.546470450644e-09]

================================================================================
TRAJECTORY 2
================================================================================

COMP trajectory 2
outcomes: (0, 0, 0, 0, 0, 0, 0, 0, 0, 0, 0, 0, 0, 0, 0, 0, 0, 0, 0, 0, 0, 0, 0, 0, 0, 0, 0, 0, 0, 0, 0, 0, 0, 0, 0, 0, 0, 0, 0, 0, 0, 0, 0, 0, 0, 0, 0, 0, 0, 0, 0, 0, 0, 0, 0, 0, 0, 0, 0, 0, 0, 0, 0, 0, 0, 0, 0, 0, 0, 0, 0, 0, 0, 0, 0, 0, 0, 0, 0, 0, 0, 0, 0, 0, 0, 0, 0, 0, 0, 0, 0, 0, 0, 0, 0, 0, 0, 0, 0, 0, 0, 0, 0, 0, 0, 0, 0, 0, 0, 0, 0, 0, 0, 0, 0, 0, 0, 0, 0, 0, 0, 0, 0, 0, 0, 0, 0, 0, 0, 0, 0, 0, 0, 0, 0, 0, 0, 0, 0, 0, 0, 0, 0, 0, 0, 0, 0, 0, 0, 0, 0, 0, 0, 0, 0, 0, 0, 0, 0, 0, 0, 0, 0, 0, 0, 0, 0, 0, 0, 0, 0, 0, 0, 0, 0, 0, 0, 0, 0, 0, 0, 0, 0, 0, 0, 0, 0, 0, 0, 0, 0, 0, 0, 0, 0, 0, 0, 0, 0, 0, 0)
p_seq: 0.9711646393507506
DeltaW_total: -0.8254703559926213
DeltaQ_total: -4.164499868344711e-06
dW per increment:
[ 1.573221825758e-03,  3.134225698634e-03,  1.495191472248e-03,
 -1.818410173470e-03, -3.643019679057e-03, -2.283259703793e-03,
  8.314121654003e-04,  2.560741646251e-03,  1.138127896114e-03,
 -2.107932878062e-03, -4.075018812387e-03, -2.935493525278e-03,
  8.680979657250e-05,  1.941298909479e-03,  7.505793541434e-04,
 -2.367704122973e-03, -4.427071274868e-03, -3.511588823436e-03,
 -6.325205688213e-04,  1.298855175149e-03,  3.396538452147e-04,
 -2.603516238699e-03, -4.703663861903e-03, -4.002026710845e-03,
 -1.303484448567e-03,  6.567724896147e-04, -8.510182655641e-05,
 -2.821587458538e-03, -4.914835379770e-03, -4.405884661647e-03,
 -1.910183305348e-03,  3.565060464972e-05, -5.132371009751e-04,
 -3.027298470332e-03, -5.073339001779e-03, -4.728865907634e-03,
 -2.444275699512e-03, -5.486423046008e-04, -9.348428529350e-04,
 -3.224521673861e-03, -5.192133571619e-03, -4.980712787173e-03,
 -2.903939336665e-03, -1.085625631404e-03, -1.341595073573e-03,
 -3.415530324414e-03, -5.282703324543e-03, -5.172819604123e-03,
 -3.292147499682e-03, -1.569847932078e-03, -1.727294307221e-03,
 -3.601287952193e-03, -5.354258896261e-03, -5.316473076707e-03,
 -3.614869638918e-03, -1.999957734029e-03, -2.087961498690e-03,
 -3.781885391360e-03, -5.413607311841e-03, -5.421796081443e-03,
 -3.879557404957e-03, -2.377593005731e-03, -2.421629721690e-03,
 -3.956956462901e-03, -5.465411011832e-03, -5.497269492576e-03,
 -4.094047385047e-03, -2.706343493434e-03, -2.727977972208e-03,
 -4.125989748825e-03, -5.512605403135e-03, -5.549645193128e-03,
 -4.265865411639e-03, -2.990908361619e-03, -3.007920527587e-03,
 -4.288519595002e-03, -5.556829053388e-03, -5.584081868419e-03,
 -4.401851463516e-03, -3.236478843183e-03, -3.263222340834e-03,
 -4.444214393502e-03, -5.598794481354e-03, -5.604382314079e-03,
 -4.508010920821e-03, -3.448324470437e-03, -3.496174112369e-03,
 -4.592891503647e-03, -5.638576436994e-03, -5.613257632877e-03,
 -4.589510306330e-03, -3.631540842013e-03, -3.709335560494e-03,
 -4.734486591206e-03, -5.675821051454e-03, -5.612579000513e-03,
 -4.650756018300e-03, -3.790914109564e-03, -3.905341228638e-03,
 -4.868998771144e-03, -5.709890569744e-03, -5.603600587765e-03,
 -4.695514006782e-03, -3.930862912689e-03, -4.086756904949e-03,
 -4.996426192346e-03, -5.739961228311e-03, -5.587150343032e-03,
 -4.727043558887e-03, -4.055426609789e-03, -4.255973341516e-03,
 -5.116701422967e-03, -5.765090719279e-03, -5.563791824187e-03,
 -4.748228901320e-03, -4.168276489178e-03, -4.415125183618e-03,
 -5.229632570476e-03, -5.784269144659e-03, -5.533962658291e-03,
 -4.761698933649e-03, -4.272733115865e-03, -4.566025450544e-03,
 -5.334854257718e-03, -5.796464622374e-03, -5.498095219046e-03,
 -4.769929084116e-03, -4.371777939717e-03, -4.710108795635e-03,
 -5.431791959246e-03, -5.800672190635e-03, -5.456723787063e-03,
 -4.775320974506e-03, -4.468051045418e-03, -4.848379782789e-03,
 -5.519643341266e-03, -5.795972387943e-03, -5.410580380357e-03,
 -4.780256060492e-03, -4.563829901620e-03, -4.981365435036e-03,
 -5.597380761653e-03, -5.781603688753e-03, -5.360678932234e-03,
 -4.787119299504e-03, -4.660986609068e-03, -5.109074308084e-03,
 -5.663779606643e-03, -5.757050613887e-03, -5.308384749725e-03,
 -4.798288702908e-03, -4.760923850927e-03, -5.230967275576e-03,
 -5.717477317724e-03, -5.722146574740e-03, -5.255463397646e-03,
 -4.816086816568e-03, -4.864492816061e-03, -5.345947962631e-03,
 -5.757067431755e-03, -5.677187184443e-03, -5.204100564750e-03,
 -4.842691174211e-03, -4.971899973988e-03, -5.452383086560e-03,
 -5.781231350383e-03, -5.623045821803e-03, -5.156882441717e-03,
 -4.880002986489e-03, -5.082613741926e-03, -5.548164465772e-03,
 -5.788907525879e-03, -5.561278786864e-03, -5.116725168225e-03,
 -4.929477097964e-03, -5.195286585103e-03, -5.630824596562e-03,
 -5.779493037682e-03, -5.494202800431e-03, -5.086742614139e-03,
 -4.991921764532e-03, -5.307712445877e-03, -5.697715810978e-03,
 -5.753066063175e-03, -5.424923524483e-03, -5.070044845191e-03,
 -5.067284018143e-03, -5.416842794922e-03, -5.746258424669e-03,
 -5.710609744664e-03, -5.357291195278e-03, -5.069465751415e-03,
 -5.154444859926e-03, -5.518885912881e-03, -5.774255378167e-03,
 -5.654209111349e-03, -5.295759633523e-03, -5.087227936578e-03,
 -5.251057296700e-03, -5.609511857628e-03]
dQ per increment:
[-2.303445896935e-07, -3.737145369089e-07, -2.283549950933e-07,
  6.305170112452e-08,  2.150937552111e-07,  7.990028732391e-08,
 -2.084242085049e-07, -3.664773042503e-07, -2.399387621110e-07,
  4.614098047476e-08,  2.117009113476e-07,  9.689510160199e-08,
 -1.826187498049e-07, -3.513829642211e-07, -2.450291769021e-07,
  3.033546556530e-08,  2.049763585094e-07,  1.110117306756e-07,
 -1.550299757133e-07, -3.301427211931e-07, -2.439696191038e-07,
  1.639555426841e-08,  1.954990783409e-07,  1.214994547454e-07,
 -1.276947290724e-07, -3.048688196460e-07, -2.376692300205e-07,
  4.792022993260e-09,  1.840388794716e-07,  1.280942077677e-07,
 -1.022653350084e-07, -2.776644927207e-07, -2.273371804587e-07,
 -4.279821998535e-09,  1.714289219086e-07,  1.309683700288e-07,
 -7.985172656823e-08, -2.503246558142e-07, -2.142349204326e-07,
 -1.084738411247e-08,  1.584479067014e-07,  1.306002499210e-07,
 -6.101955821701e-08, -2.241889704440e-07, -1.995010053563e-07,
 -1.509354093793e-08,  1.457387308226e-07,  1.276224479096e-07,
 -4.588924855950e-08, -2.001249774365e-07, -1.840592551367e-07,
 -1.729187853322e-08,  1.337709228935e-07,  1.226934771294e-07,
 -3.427311845569e-08, -1.785916474636e-07, -1.685938165394e-07,
 -1.775376124932e-08,  1.228404726272e-07,  1.164114519568e-07,
 -2.580565765589e-08, -1.597360211165e-07, -1.535663948131e-07,
 -1.679050413463e-08,  1.130923751921e-07,  1.092694205751e-07,
 -2.004501912893e-08, -1.434900750025e-07, -1.392533613949e-07,
 -1.469007675226e-08,  1.045533624044e-07,  1.016422897255e-07,
 -1.654100056014e-08, -1.296522185693e-07, -1.257883024876e-07,
 -1.170519751091e-08,  9.716509228631e-08,  9.379361490171e-08,
 -1.487427096812e-08, -1.179478545097e-07, -1.132015734467e-07,
 -8.050420379803e-09,  9.081268954100e-08,  8.589211769735e-08,
 -1.467435067383e-08, -1.080710673802e-07, -1.014535110436e-07,
 -3.904481047506e-09,  8.534696245392e-08,  7.803175067342e-08,
 -1.562353778208e-08, -9.971068657940e-08, -9.046070717413e-08,
  5.839268157545e-10,  8.060031384417e-08,  7.025135185992e-08,
 -1.745300054696e-08, -9.256527907370e-08, -8.011598286953e-08,
  5.288956048295e-09,  7.639736736547e-08,  6.255220588594e-08,
 -1.993441190199e-08, -8.635090077182e-08, -7.030356236320e-08,
  1.009977830708e-08,  7.256191040736e-08,  5.491314227597e-08,
 -2.287032066462e-08, -8.080429543707e-08, -6.091042770683e-08,
  1.491329992831e-08,  6.892140295544e-08,  4.730323838794e-08,
 -2.608426303207e-08, -7.568391480108e-08, -5.183528438337e-08,
  1.962741622615e-08,  6.531012132754e-08,  3.969257071895e-08,
 -2.941203097436e-08, -7.077007619684e-08, -4.299583785967e-08,
  2.413564253317e-08,  6.157211036167e-08,  3.206142777266e-08,
 -3.269431946441e-08, -6.586573788464e-08, -3.433505970686e-08,
  2.832297230429e-08,  5.756455508273e-08,  2.440847425957e-08,
 -3.577138624894e-08, -6.079799217806e-08, -2.582672045150e-08,
  3.206356326019e-08,  5.316200673948e-08,  1.675781689152e-08,
 -3.847984314433e-08, -5.542129094191e-08, -1.748021510872e-08,
  3.522051618497e-08,  4.826194963982e-08,  9.164972301478e-09,
 -4.065215378820e-08, -4.962225960171e-08, -9.344628259557e-09,
  3.764813782167e-08,  4.279176034263e-08,  1.721530753888e-09,
 -4.211903883306e-08, -4.332600521666e-08, -1.511265309076e-09,
  3.919698187815e-08,  3.671681065437e-08, -5.442147849553e-09,
 -4.271509123407e-08, -3.650385619995e-08,  5.885719669453e-09,
  3.972202878167e-08,  3.004932807617e-08, -1.215687048771e-08,
 -4.228784965515e-08, -2.918145639713e-08,  1.267170678804e-08,
  3.909421967489e-08,  2.285718243237e-08, -1.821821416469e-08,
 -4.071024553055e-08, -2.144663815637e-08,  1.863781259534e-08,
  3.721494434665e-08,  1.527154354364e-08, -2.339443457618e-08,
 -3.789598118555e-08, -1.345526241120e-08,  2.355192775961e-08,
  3.403317385721e-08,  7.491500678483e-09, -2.743986154442e-08,
 -3.381709327410e-08, -5.433546619582e-09,  2.717534480431e-08,
  2.956380423108e-08, -2.156552861635e-10, -3.011402925635e-08,
 -2.852204394194e-08,  2.325176557370e-09,  2.928503450416e-08,
  2.390557781243e-08, -7.521049739598e-09, -3.120651519140e-08,
 -2.215213877783e-08,  9.471303023117e-09,  2.970128797335e-08,
  1.725574105653e-08, -1.404927362381e-08, -3.056650947370e-08,
 -1.495334088931e-08,  1.561900356273e-08]

EXP trajectory 2
outcomes: (0, 0, 0, 0, 0, 0, 0, 0, 0, 0, 0, 0, 0, 0, 0, 0, 0, 0, 0, 0, 0, 0, 0, 0, 0, 0, 0, 0, 0, 0, 0, 0, 0, 0, 0, 0, 0, 0, 0, 0, 0, 0, 0, 0, 0, 0, 0, 0, 0, 0, 0, 0, 0, 0, 0, 0, 0, 0, 0, 0, 0, 0, 0, 0, 0, 0, 0, 0, 0, 0, 0, 0, 0, 0, 0, 0, 0, 0, 0, 0, 0, 0, 0, 0, 0, 0, 0, 0, 0, 0, 0, 0, 0, 0, 0, 0, 0, 0, 0, 0, 0, 0, 0, 0, 0, 0, 0, 0, 0, 0, 0, 0, 0, 0, 0, 0, 0, 0, 0, 0, 0, 0, 0, 0, 0, 0, 0, 0, 0, 0, 0, 0, 0, 0, 0, 0, 0, 0, 0, 0, 0, 0, 0, 0, 0, 0, 0, 0, 0, 0, 0, 0, 0, 0, 0, 0, 0, 0, 0, 0, 0, 0, 0, 0, 0, 0, 0, 0, 0, 0, 0, 0, 0, 0, 0, 0, 0, 0, 0, 0, 0, 0, 0, 0, 0, 0, 0, 0, 0, 0, 0, 0, 0, 0, 0, 0, 0, 0, 0, 0, 0)
p_seq: 0.9922287100657725
DeltaW_total: 0.5301603849893777
DeltaQ_total: -7.719151607382571e-07
dW per increment:
[ 3.471592021139e-03,  3.489908428906e-03,  3.499542792703e-03,
  3.497028079165e-03,  3.482376576295e-03,  3.459130024005e-03,
  3.433383333258e-03,  3.412051153308e-03,  3.400870158988e-03,
  3.402713397428e-03,  3.416710422060e-03,  3.438440127699e-03,
  3.461156066964e-03,  3.477704457890e-03,  3.482589830842e-03,
  3.473592845747e-03,  3.452465789282e-03,  3.424490918368e-03,
  3.397012033791e-03,  3.377347524109e-03,  3.370677421085e-03,
  3.378513174559e-03,  3.398199992864e-03,  3.423611057194e-03,
  3.446852446881e-03,  3.460504343055e-03,  3.459762855192e-03,
  3.443865714532e-03,  3.416381169661e-03,  3.384258974910e-03,
  3.355895587678e-03,  3.338751958154e-03,  3.337198766859e-03,
  3.351209489162e-03,  3.376289061208e-03,  3.404679028904e-03,
  3.427516203855e-03,  3.437344543505e-03,  3.430269528167e-03,
  3.407134656928e-03,  3.373368109511e-03,  3.337520432696e-03,
  3.308886893812e-03,  3.294874975238e-03,  3.298860968572e-03,
  3.319153244814e-03,  3.349376115514e-03,  3.380190563458e-03,
  3.401887676162e-03,  3.407135342613e-03,  3.393102892362e-03,
  3.362350867906e-03,  3.322211620397e-03,  3.282808163888e-03,
  3.254246028792e-03,  3.243755899954e-03,  3.253592696122e-03,
  3.280298007542e-03,  3.315559617075e-03,  3.348456266833e-03,
  3.368481985007e-03,  3.368513748836e-03,  3.346886605744e-03,
  3.307975511301e-03,  3.261091189071e-03,  3.217966880079e-03,
  3.189513415307e-03,  3.182738183902e-03,  3.198694951738e-03,
  3.232059665013e-03,  3.272483945990e-03,  3.307383733533e-03,
  3.325412546804e-03,  3.319662631013e-03,  3.289694066233e-03,
  3.241800872546e-03,  3.187402894879e-03,  3.139972437395e-03,
  3.111321225571e-03,  3.108268423539e-03,  3.130625578207e-03,
  3.171087622738e-03,  3.217101601967e-03,  3.254236837567e-03,
  3.270153219708e-03,  3.258079009022e-03,  3.218822165143e-03,
  3.160724633602e-03,  3.097526103314e-03,  3.044681909479e-03,
  3.015119583406e-03,  3.015595627069e-03,  3.044674015911e-03,
  3.092922697300e-03,  3.145325235042e-03,  3.185293245780e-03,
  3.199209648496e-03,  3.180261868129e-03,  3.130491228227e-03,
  3.060451242069e-03,  2.986511653903e-03,  2.926493760558e-03,
  2.894797634664e-03,  2.898349028616e-03,  2.934500145301e-03,
  2.991509053373e-03,  3.051529780597e-03,  3.095354689673e-03,
  3.107651809330e-03,  3.081273406748e-03,  3.019431538554e-03,
  2.935090631766e-03,  2.847672669210e-03,  2.777908084836e-03,
  2.742193359676e-03,  2.747985388865e-03,  2.791518166976e-03,
  2.858525885362e-03,  2.927853454429e-03,  2.977044695097e-03,
  2.988435731169e-03,  2.954105340171e-03,  2.878302659440e-03,
  2.776623704852e-03,  2.672074159671e-03,  2.589006798452e-03,
  2.546526078143e-03,  2.553139435749e-03,  2.604143225854e-03,
  2.682527892720e-03,  2.763252167938e-03,  2.819817430039e-03,
  2.831420422943e-03,  2.788759249169e-03,  2.696880788532e-03,
  2.574216128261e-03,  2.447960511557e-03,  2.346948888391e-03,
  2.293887735815e-03,  2.299028805124e-03,  2.357037084202e-03,
  2.447988826900e-03,  2.542343890347e-03,  2.608657615212e-03,
  2.622023091986e-03,  2.570982335142e-03,  2.460996823311e-03,
  2.313445207076e-03,  2.160295862955e-03,  2.035773856782e-03,
  1.967189110980e-03,  1.967377690381e-03,  2.030839102211e-03,
  2.134711463212e-03,  2.244452053180e-03,  2.322818203632e-03,
  2.339816139038e-03,  2.280962674844e-03,  2.151589596803e-03,
  1.975927794776e-03,  1.791082260642e-03,  1.637388648561e-03,
  1.547655126121e-03,  1.538156981326e-03,  1.603851242365e-03,
  1.719203159876e-03,  1.844539149339e-03,  1.936350438971e-03,
  1.958870131821e-03,  1.893840379415e-03,  1.745802062390e-03,
  1.541383878163e-03,  1.322648938199e-03,  1.136157894393e-03,
  1.020596391918e-03,  9.962611938334e-04,  1.059267056423e-03,
  1.182123606188e-03,  1.320649646217e-03,  1.425486451986e-03,
  1.455202128376e-03,  1.387497275168e-03,  1.225472717563e-03,
  9.971977101273e-04,  7.485906989935e-04,  5.314232441034e-04,
  3.895953828525e-04,  3.473390862094e-04,  4.025362268560e-04,
  5.270024193518e-04,  6.737378879755e-04,  7.892749176577e-04,
  8.278638852808e-04,  7.637162381879e-04,  5.980127755283e-04,
  3.587656806161e-04,  9.352727539280e-05, -1.431430554426e-04,
 -3.041275490840e-04, -3.622613342138e-04]
dQ per increment:
[-4.162499281889e-10, -8.896106024146e-10, -1.150365450901e-09,
 -1.119499371026e-09, -8.017114363872e-10, -2.854011209221e-10,
  2.817411198005e-10,  7.346852466672e-10,  9.387861848575e-10,
  8.293747238465e-10,  4.317194960898e-10, -1.448441436236e-10,
 -7.371924537827e-10, -1.174808945655e-09, -1.329034235095e-09,
 -1.151043532190e-09, -6.872767344384e-10, -6.770972259436e-11,
  5.302931824127e-10,  9.324338183080e-10,  1.017739948740e-09,
  7.544377596605e-10,  2.106795235230e-10, -4.633608275718e-10,
 -1.077278702008e-09, -1.454444851882e-09, -1.483146725226e-09,
 -1.149750651023e-09, -5.444651461455e-10,  1.627159518236e-10,
  7.692836975076e-10,  1.097732246682e-09,  1.046806066742e-09,
  6.219700737515e-10, -6.424148084154e-11, -8.223532087497e-10,
 -1.438696809472e-09, -1.736003174763e-09, -1.624659441484e-09,
 -1.129985244047e-09, -3.872032243446e-10,  3.949908562121e-10,
  9.924150062932e-10,  1.228965977379e-09,  1.027606012869e-09,
  4.342072565215e-10, -3.930365965413e-10, -1.226302503987e-09,
 -1.831469573221e-09, -2.034275635963e-09, -1.771094322090e-09,
 -1.109046903792e-09, -2.297496703519e-10,  6.197848268679e-10,
  1.195609350781e-09,  1.325903041874e-09,  9.609855062317e-10,
  1.898597915169e-10, -7.819716846703e-10, -1.687972207755e-09,
 -2.274458441357e-09, -2.372298596822e-09, -1.946316578391e-09,
 -1.108130204134e-09, -8.788011963100e-11,  8.278031121906e-10,
  1.375126465605e-09,  1.387593028218e-09,  8.449351906071e-10,
 -1.179749739739e-10, -1.245528577086e-09, -2.230182377639e-09,
 -2.797417589890e-09, -2.783264836811e-09, -2.182712286630e-09,
 -1.154690626643e-09,  1.848150256965e-11,  1.007075776070e-09,
  1.524811284832e-09,  1.409685400963e-09,  6.720105674186e-10,
 -5.043356700145e-10, -1.809080356005e-09, -2.888766425070e-09,
 -3.444073949535e-09, -3.314266422069e-09, -2.525231771627e-09,
 -1.286807543984e-09,  6.091396397706e-11,  1.138674581274e-09,
  1.632213696449e-09,  1.380856694505e-09,  4.259249140447e-10,
 -9.957806811111e-10, -2.512438025530e-09, -3.716654182117e-09,
 -4.277095541237e-09, -4.031890774589e-09, -3.037739189859e-09,
 -1.559839068023e-09, -4.252590684109e-12,  1.190366060279e-09,
  1.672683262624e-09,  1.277688897608e-09,  7.696324361237e-11,
 -1.634709982288e-09, -3.414479586117e-09, -4.789137933664e-09,
 -5.384251458313e-09, -5.029593117207e-09, -3.811371310355e-09,
 -2.055589063115e-09, -2.452423984375e-10,  1.107648860436e-09,
  1.601447945608e-09,  1.057747350862e-09, -4.235767115746e-10,
 -2.484049972011e-09, -4.597305546666e-09, -6.208251334891e-09,
 -6.883759853696e-09, -6.434333082561e-09, -4.972713608454e-09,
 -2.891642708429e-09, -7.648842309852e-10,  8.039711157557e-10,
  1.344938719585e-09,  6.533288375360e-10, -1.146929996289e-09,
 -3.627707477732e-09, -6.164185111890e-09, -8.099032094175e-09,
 -8.920022792343e-09, -8.403247392201e-09, -6.682242508838e-09,
 -4.222090052846e-09, -1.702953441999e-09,  1.580449441566e-10,
  7.999735234594e-10, -2.541834012151e-11, -2.177528917650e-09,
 -5.153715727075e-09, -8.214815033292e-09, -1.057815380239e-08,
 -1.162794102119e-08, -1.108636406982e-08, -9.098355708268e-09,
 -6.204550423894e-09, -3.206554669358e-09, -9.581034671690e-10,
 -1.362147177279e-10, -1.053687524819e-09, -3.564473850305e-09,
 -7.090295248710e-09, -1.076435048064e-08, -1.365679795547e-08,
 -1.502321314291e-08, -1.450997250271e-08, -1.225986503723e-08,
 -8.886758989389e-09, -5.322999759505e-09, -2.577055568562e-09,
 -1.464373694244e-09, -2.383343793589e-09, -5.197650157821e-09,
 -9.259487325161e-09, -1.357071213205e-08, -1.704212612827e-08,
 -1.878325633751e-08, -1.834574921275e-08, -1.585348721256e-08,
 -1.198212082093e-08, -7.790004033709e-09, -4.442781968163e-09,
 -2.903410314037e-09, -3.669984503199e-09, -6.633082979418e-09,
 -1.109317028102e-08, -1.593638639276e-08, -1.992480923194e-08,
 -2.202492055533e-08, -2.168710557866e-08, -1.900009278898e-08,
 -1.467697692927e-08, -9.873976274577e-09, -5.887856854034e-09,
 -3.811810043823e-09, -4.241221069929e-09, -7.109023713453e-09,
 -1.169617381929e-08, -1.681661000697e-08, -2.112857068806e-08,
 -2.349046674755e-08, -2.326613114049e-08, -2.049746850095e-08,
 -1.589733521884e-08, -1.066352138058e-08, -6.162604999763e-09,
 -3.567670676247e-09, -3.546470450644e-09]

================================================================================
TRAJECTORY 3
================================================================================

COMP trajectory 3
outcomes: (0, 0, 0, 0, 0, 0, 0, 0, 0, 0, 0, 0, 0, 0, 0, 0, 0, 0, 0, 0, 0, 0, 0, 0, 0, 0, 0, 0, 0, 0, 0, 0, 0, 0, 0, 0, 0, 0, 0, 0, 0, 0, 0, 0, 0, 0, 0, 0, 0, 0, 0, 0, 0, 0, 0, 0, 0, 0, 0, 0, 0, 0, 0, 0, 0, 0, 0, 0, 0, 0, 0, 0, 0, 0, 0, 0, 0, 0, 0, 0, 0, 0, 0, 0, 0, 0, 0, 0, 0, 0, 0, 0, 0, 0, 0, 0, 0, 0, 0, 0, 0, 0, 0, 0, 0, 0, 0, 0, 0, 0, 0, 0, 0, 0, 0, 0, 0, 0, 0, 0, 0, 0, 0, 0, 0, 0, 0, 0, 0, 0, 0, 0, 0, 0, 0, 0, 0, 0, 0, 0, 0, 0, 0, 0, 0, 0, 0, 0, 0, 0, 0, 0, 0, 0, 0, 0, 0, 0, 0, 0, 0, 0, 0, 0, 0, 0, 0, 0, 0, 0, 0, 0, 0, 0, 0, 0, 0, 0, 0, 0, 0, 0, 0, 0, 0, 0, 0, 0, 0, 0, 0, 0, 0, 0, 0, 0, 0, 0, 0, 0, 0)
p_seq: 0.9711646393507506
DeltaW_total: -0.8254703559926213
DeltaQ_total: -4.164499868344711e-06
dW per increment:
[ 1.573221825758e-03,  3.134225698634e-03,  1.495191472248e-03,
 -1.818410173470e-03, -3.643019679057e-03, -2.283259703793e-03,
  8.314121654003e-04,  2.560741646251e-03,  1.138127896114e-03,
 -2.107932878062e-03, -4.075018812387e-03, -2.935493525278e-03,
  8.680979657250e-05,  1.941298909479e-03,  7.505793541434e-04,
 -2.367704122973e-03, -4.427071274868e-03, -3.511588823436e-03,
 -6.325205688213e-04,  1.298855175149e-03,  3.396538452147e-04,
 -2.603516238699e-03, -4.703663861903e-03, -4.002026710845e-03,
 -1.303484448567e-03,  6.567724896147e-04, -8.510182655641e-05,
 -2.821587458538e-03, -4.914835379770e-03, -4.405884661647e-03,
 -1.910183305348e-03,  3.565060464972e-05, -5.132371009751e-04,
 -3.027298470332e-03, -5.073339001779e-03, -4.728865907634e-03,
 -2.444275699512e-03, -5.486423046008e-04, -9.348428529350e-04,
 -3.224521673861e-03, -5.192133571619e-03, -4.980712787173e-03,
 -2.903939336665e-03, -1.085625631404e-03, -1.341595073573e-03,
 -3.415530324414e-03, -5.282703324543e-03, -5.172819604123e-03,
 -3.292147499682e-03, -1.569847932078e-03, -1.727294307221e-03,
 -3.601287952193e-03, -5.354258896261e-03, -5.316473076707e-03,
 -3.614869638918e-03, -1.999957734029e-03, -2.087961498690e-03,
 -3.781885391360e-03, -5.413607311841e-03, -5.421796081443e-03,
 -3.879557404957e-03, -2.377593005731e-03, -2.421629721690e-03,
 -3.956956462901e-03, -5.465411011832e-03, -5.497269492576e-03,
 -4.094047385047e-03, -2.706343493434e-03, -2.727977972208e-03,
 -4.125989748825e-03, -5.512605403135e-03, -5.549645193128e-03,
 -4.265865411639e-03, -2.990908361619e-03, -3.007920527587e-03,
 -4.288519595002e-03, -5.556829053388e-03, -5.584081868419e-03,
 -4.401851463516e-03, -3.236478843183e-03, -3.263222340834e-03,
 -4.444214393502e-03, -5.598794481354e-03, -5.604382314079e-03,
 -4.508010920821e-03, -3.448324470437e-03, -3.496174112369e-03,
 -4.592891503647e-03, -5.638576436994e-03, -5.613257632877e-03,
 -4.589510306330e-03, -3.631540842013e-03, -3.709335560494e-03,
 -4.734486591206e-03, -5.675821051454e-03, -5.612579000513e-03,
 -4.650756018300e-03, -3.790914109564e-03, -3.905341228638e-03,
 -4.868998771144e-03, -5.709890569744e-03, -5.603600587765e-03,
 -4.695514006782e-03, -3.930862912689e-03, -4.086756904949e-03,
 -4.996426192346e-03, -5.739961228311e-03, -5.587150343032e-03,
 -4.727043558887e-03, -4.055426609789e-03, -4.255973341516e-03,
 -5.116701422967e-03, -5.765090719279e-03, -5.563791824187e-03,
 -4.748228901320e-03, -4.168276489178e-03, -4.415125183618e-03,
 -5.229632570476e-03, -5.784269144659e-03, -5.533962658291e-03,
 -4.761698933649e-03, -4.272733115865e-03, -4.566025450544e-03,
 -5.334854257718e-03, -5.796464622374e-03, -5.498095219046e-03,
 -4.769929084116e-03, -4.371777939717e-03, -4.710108795635e-03,
 -5.431791959246e-03, -5.800672190635e-03, -5.456723787063e-03,
 -4.775320974506e-03, -4.468051045418e-03, -4.848379782789e-03,
 -5.519643341266e-03, -5.795972387943e-03, -5.410580380357e-03,
 -4.780256060492e-03, -4.563829901620e-03, -4.981365435036e-03,
 -5.597380761653e-03, -5.781603688753e-03, -5.360678932234e-03,
 -4.787119299504e-03, -4.660986609068e-03, -5.109074308084e-03,
 -5.663779606643e-03, -5.757050613887e-03, -5.308384749725e-03,
 -4.798288702908e-03, -4.760923850927e-03, -5.230967275576e-03,
 -5.717477317724e-03, -5.722146574740e-03, -5.255463397646e-03,
 -4.816086816568e-03, -4.864492816061e-03, -5.345947962631e-03,
 -5.757067431755e-03, -5.677187184443e-03, -5.204100564750e-03,
 -4.842691174211e-03, -4.971899973988e-03, -5.452383086560e-03,
 -5.781231350383e-03, -5.623045821803e-03, -5.156882441717e-03,
 -4.880002986489e-03, -5.082613741926e-03, -5.548164465772e-03,
 -5.788907525879e-03, -5.561278786864e-03, -5.116725168225e-03,
 -4.929477097964e-03, -5.195286585103e-03, -5.630824596562e-03,
 -5.779493037682e-03, -5.494202800431e-03, -5.086742614139e-03,
 -4.991921764532e-03, -5.307712445877e-03, -5.697715810978e-03,
 -5.753066063175e-03, -5.424923524483e-03, -5.070044845191e-03,
 -5.067284018143e-03, -5.416842794922e-03, -5.746258424669e-03,
 -5.710609744664e-03, -5.357291195278e-03, -5.069465751415e-03,
 -5.154444859926e-03, -5.518885912881e-03, -5.774255378167e-03,
 -5.654209111349e-03, -5.295759633523e-03, -5.087227936578e-03,
 -5.251057296700e-03, -5.609511857628e-03]
dQ per increment:
[-2.303445896935e-07, -3.737145369089e-07, -2.283549950933e-07,
  6.305170112452e-08,  2.150937552111e-07,  7.990028732391e-08,
 -2.084242085049e-07, -3.664773042503e-07, -2.399387621110e-07,
  4.614098047476e-08,  2.117009113476e-07,  9.689510160199e-08,
 -1.826187498049e-07, -3.513829642211e-07, -2.450291769021e-07,
  3.033546556530e-08,  2.049763585094e-07,  1.110117306756e-07,
 -1.550299757133e-07, -3.301427211931e-07, -2.439696191038e-07,
  1.639555426841e-08,  1.954990783409e-07,  1.214994547454e-07,
 -1.276947290724e-07, -3.048688196460e-07, -2.376692300205e-07,
  4.792022993260e-09,  1.840388794716e-07,  1.280942077677e-07,
 -1.022653350084e-07, -2.776644927207e-07, -2.273371804587e-07,
 -4.279821998535e-09,  1.714289219086e-07,  1.309683700288e-07,
 -7.985172656823e-08, -2.503246558142e-07, -2.142349204326e-07,
 -1.084738411247e-08,  1.584479067014e-07,  1.306002499210e-07,
 -6.101955821701e-08, -2.241889704440e-07, -1.995010053563e-07,
 -1.509354093793e-08,  1.457387308226e-07,  1.276224479096e-07,
 -4.588924855950e-08, -2.001249774365e-07, -1.840592551367e-07,
 -1.729187853322e-08,  1.337709228935e-07,  1.226934771294e-07,
 -3.427311845569e-08, -1.785916474636e-07, -1.685938165394e-07,
 -1.775376124932e-08,  1.228404726272e-07,  1.164114519568e-07,
 -2.580565765589e-08, -1.597360211165e-07, -1.535663948131e-07,
 -1.679050413463e-08,  1.130923751921e-07,  1.092694205751e-07,
 -2.004501912893e-08, -1.434900750025e-07, -1.392533613949e-07,
 -1.469007675226e-08,  1.045533624044e-07,  1.016422897255e-07,
 -1.654100056014e-08, -1.296522185693e-07, -1.257883024876e-07,
 -1.170519751091e-08,  9.716509228631e-08,  9.379361490171e-08,
 -1.487427096812e-08, -1.179478545097e-07, -1.132015734467e-07,
 -8.050420379803e-09,  9.081268954100e-08,  8.589211769735e-08,
 -1.467435067383e-08, -1.080710673802e-07, -1.014535110436e-07,
 -3.904481047506e-09,  8.534696245392e-08,  7.803175067342e-08,
 -1.562353778208e-08, -9.971068657940e-08, -9.046070717413e-08,
  5.839268157545e-10,  8.060031384417e-08,  7.025135185992e-08,
 -1.745300054696e-08, -9.256527907370e-08, -8.011598286953e-08,
  5.288956048295e-09,  7.639736736547e-08,  6.255220588594e-08,
 -1.993441190199e-08, -8.635090077182e-08, -7.030356236320e-08,
  1.009977830708e-08,  7.256191040736e-08,  5.491314227597e-08,
 -2.287032066462e-08, -8.080429543707e-08, -6.091042770683e-08,
  1.491329992831e-08,  6.892140295544e-08,  4.730323838794e-08,
 -2.608426303207e-08, -7.568391480108e-08, -5.183528438337e-08,
  1.962741622615e-08,  6.531012132754e-08,  3.969257071895e-08,
 -2.941203097436e-08, -7.077007619684e-08, -4.299583785967e-08,
  2.413564253317e-08,  6.157211036167e-08,  3.206142777266e-08,
 -3.269431946441e-08, -6.586573788464e-08, -3.433505970686e-08,
  2.832297230429e-08,  5.756455508273e-08,  2.440847425957e-08,
 -3.577138624894e-08, -6.079799217806e-08, -2.582672045150e-08,
  3.206356326019e-08,  5.316200673948e-08,  1.675781689152e-08,
 -3.847984314433e-08, -5.542129094191e-08, -1.748021510872e-08,
  3.522051618497e-08,  4.826194963982e-08,  9.164972301478e-09,
 -4.065215378820e-08, -4.962225960171e-08, -9.344628259557e-09,
  3.764813782167e-08,  4.279176034263e-08,  1.721530753888e-09,
 -4.211903883306e-08, -4.332600521666e-08, -1.511265309076e-09,
  3.919698187815e-08,  3.671681065437e-08, -5.442147849553e-09,
 -4.271509123407e-08, -3.650385619995e-08,  5.885719669453e-09,
  3.972202878167e-08,  3.004932807617e-08, -1.215687048771e-08,
 -4.228784965515e-08, -2.918145639713e-08,  1.267170678804e-08,
  3.909421967489e-08,  2.285718243237e-08, -1.821821416469e-08,
 -4.071024553055e-08, -2.144663815637e-08,  1.863781259534e-08,
  3.721494434665e-08,  1.527154354364e-08, -2.339443457618e-08,
 -3.789598118555e-08, -1.345526241120e-08,  2.355192775961e-08,
  3.403317385721e-08,  7.491500678483e-09, -2.743986154442e-08,
 -3.381709327410e-08, -5.433546619582e-09,  2.717534480431e-08,
  2.956380423108e-08, -2.156552861635e-10, -3.011402925635e-08,
 -2.852204394194e-08,  2.325176557370e-09,  2.928503450416e-08,
  2.390557781243e-08, -7.521049739598e-09, -3.120651519140e-08,
 -2.215213877783e-08,  9.471303023117e-09,  2.970128797335e-08,
  1.725574105653e-08, -1.404927362381e-08, -3.056650947370e-08,
 -1.495334088931e-08,  1.561900356273e-08]

EXP trajectory 3
outcomes: (0, 0, 0, 0, 0, 0, 0, 0, 0, 0, 0, 0, 0, 0, 0, 0, 0, 0, 0, 0, 0, 0, 0, 0, 0, 0, 0, 0, 0, 0, 0, 0, 0, 0, 0, 0, 0, 0, 0, 0, 0, 0, 0, 0, 0, 0, 0, 0, 0, 0, 0, 0, 0, 0, 0, 0, 0, 0, 0, 0, 0, 0, 0, 0, 0, 0, 0, 0, 0, 0, 0, 0, 0, 0, 0, 0, 0, 0, 0, 0, 0, 0, 0, 0, 0, 0, 0, 0, 0, 0, 0, 0, 0, 0, 0, 0, 0, 0, 0, 0, 0, 0, 0, 0, 0, 0, 0, 0, 0, 0, 0, 0, 0, 0, 0, 0, 0, 0, 0, 0, 0, 0, 0, 0, 0, 0, 0, 0, 0, 0, 0, 0, 0, 0, 0, 0, 0, 0, 0, 0, 0, 0, 0, 0, 0, 0, 0, 0, 0, 0, 0, 0, 0, 0, 0, 0, 0, 0, 0, 0, 0, 0, 0, 0, 0, 0, 0, 0, 0, 0, 0, 0, 0, 0, 0, 0, 0, 0, 0, 0, 0, 0, 0, 0, 0, 0, 0, 0, 0, 0, 0, 0, 0, 0, 0, 0, 0, 0, 0, 0, 0)
p_seq: 0.9922287100657725
DeltaW_total: 0.5301603849893777
DeltaQ_total: -7.719151607382571e-07
dW per increment:
[ 3.471592021139e-03,  3.489908428906e-03,  3.499542792703e-03,
  3.497028079165e-03,  3.482376576295e-03,  3.459130024005e-03,
  3.433383333258e-03,  3.412051153308e-03,  3.400870158988e-03,
  3.402713397428e-03,  3.416710422060e-03,  3.438440127699e-03,
  3.461156066964e-03,  3.477704457890e-03,  3.482589830842e-03,
  3.473592845747e-03,  3.452465789282e-03,  3.424490918368e-03,
  3.397012033791e-03,  3.377347524109e-03,  3.370677421085e-03,
  3.378513174559e-03,  3.398199992864e-03,  3.423611057194e-03,
  3.446852446881e-03,  3.460504343055e-03,  3.459762855192e-03,
  3.443865714532e-03,  3.416381169661e-03,  3.384258974910e-03,
  3.355895587678e-03,  3.338751958154e-03,  3.337198766859e-03,
  3.351209489162e-03,  3.376289061208e-03,  3.404679028904e-03,
  3.427516203855e-03,  3.437344543505e-03,  3.430269528167e-03,
  3.407134656928e-03,  3.373368109511e-03,  3.337520432696e-03,
  3.308886893812e-03,  3.294874975238e-03,  3.298860968572e-03,
  3.319153244814e-03,  3.349376115514e-03,  3.380190563458e-03,
  3.401887676162e-03,  3.407135342613e-03,  3.393102892362e-03,
  3.362350867906e-03,  3.322211620397e-03,  3.282808163888e-03,
  3.254246028792e-03,  3.243755899954e-03,  3.253592696122e-03,
  3.280298007542e-03,  3.315559617075e-03,  3.348456266833e-03,
  3.368481985007e-03,  3.368513748836e-03,  3.346886605744e-03,
  3.307975511301e-03,  3.261091189071e-03,  3.217966880079e-03,
  3.189513415307e-03,  3.182738183902e-03,  3.198694951738e-03,
  3.232059665013e-03,  3.272483945990e-03,  3.307383733533e-03,
  3.325412546804e-03,  3.319662631013e-03,  3.289694066233e-03,
  3.241800872546e-03,  3.187402894879e-03,  3.139972437395e-03,
  3.111321225571e-03,  3.108268423539e-03,  3.130625578207e-03,
  3.171087622738e-03,  3.217101601967e-03,  3.254236837567e-03,
  3.270153219708e-03,  3.258079009022e-03,  3.218822165143e-03,
  3.160724633602e-03,  3.097526103314e-03,  3.044681909479e-03,
  3.015119583406e-03,  3.015595627069e-03,  3.044674015911e-03,
  3.092922697300e-03,  3.145325235042e-03,  3.185293245780e-03,
  3.199209648496e-03,  3.180261868129e-03,  3.130491228227e-03,
  3.060451242069e-03,  2.986511653903e-03,  2.926493760558e-03,
  2.894797634664e-03,  2.898349028616e-03,  2.934500145301e-03,
  2.991509053373e-03,  3.051529780597e-03,  3.095354689673e-03,
  3.107651809330e-03,  3.081273406748e-03,  3.019431538554e-03,
  2.935090631766e-03,  2.847672669210e-03,  2.777908084836e-03,
  2.742193359676e-03,  2.747985388865e-03,  2.791518166976e-03,
  2.858525885362e-03,  2.927853454429e-03,  2.977044695097e-03,
  2.988435731169e-03,  2.954105340171e-03,  2.878302659440e-03,
  2.776623704852e-03,  2.672074159671e-03,  2.589006798452e-03,
  2.546526078143e-03,  2.553139435749e-03,  2.604143225854e-03,
  2.682527892720e-03,  2.763252167938e-03,  2.819817430039e-03,
  2.831420422943e-03,  2.788759249169e-03,  2.696880788532e-03,
  2.574216128261e-03,  2.447960511557e-03,  2.346948888391e-03,
  2.293887735815e-03,  2.299028805124e-03,  2.357037084202e-03,
  2.447988826900e-03,  2.542343890347e-03,  2.608657615212e-03,
  2.622023091986e-03,  2.570982335142e-03,  2.460996823311e-03,
  2.313445207076e-03,  2.160295862955e-03,  2.035773856782e-03,
  1.967189110980e-03,  1.967377690381e-03,  2.030839102211e-03,
  2.134711463212e-03,  2.244452053180e-03,  2.322818203632e-03,
  2.339816139038e-03,  2.280962674844e-03,  2.151589596803e-03,
  1.975927794776e-03,  1.791082260642e-03,  1.637388648561e-03,
  1.547655126121e-03,  1.538156981326e-03,  1.603851242365e-03,
  1.719203159876e-03,  1.844539149339e-03,  1.936350438971e-03,
  1.958870131821e-03,  1.893840379415e-03,  1.745802062390e-03,
  1.541383878163e-03,  1.322648938199e-03,  1.136157894393e-03,
  1.020596391918e-03,  9.962611938334e-04,  1.059267056423e-03,
  1.182123606188e-03,  1.320649646217e-03,  1.425486451986e-03,
  1.455202128376e-03,  1.387497275168e-03,  1.225472717563e-03,
  9.971977101273e-04,  7.485906989935e-04,  5.314232441034e-04,
  3.895953828525e-04,  3.473390862094e-04,  4.025362268560e-04,
  5.270024193518e-04,  6.737378879755e-04,  7.892749176577e-04,
  8.278638852808e-04,  7.637162381879e-04,  5.980127755283e-04,
  3.587656806161e-04,  9.352727539280e-05, -1.431430554426e-04,
 -3.041275490840e-04, -3.622613342138e-04]
dQ per increment:
[-4.162499281889e-10, -8.896106024146e-10, -1.150365450901e-09,
 -1.119499371026e-09, -8.017114363872e-10, -2.854011209221e-10,
  2.817411198005e-10,  7.346852466672e-10,  9.387861848575e-10,
  8.293747238465e-10,  4.317194960898e-10, -1.448441436236e-10,
 -7.371924537827e-10, -1.174808945655e-09, -1.329034235095e-09,
 -1.151043532190e-09, -6.872767344384e-10, -6.770972259436e-11,
  5.302931824127e-10,  9.324338183080e-10,  1.017739948740e-09,
  7.544377596605e-10,  2.106795235230e-10, -4.633608275718e-10,
 -1.077278702008e-09, -1.454444851882e-09, -1.483146725226e-09,
 -1.149750651023e-09, -5.444651461455e-10,  1.627159518236e-10,
  7.692836975076e-10,  1.097732246682e-09,  1.046806066742e-09,
  6.219700737515e-10, -6.424148084154e-11, -8.223532087497e-10,
 -1.438696809472e-09, -1.736003174763e-09, -1.624659441484e-09,
 -1.129985244047e-09, -3.872032243446e-10,  3.949908562121e-10,
  9.924150062932e-10,  1.228965977379e-09,  1.027606012869e-09,
  4.342072565215e-10, -3.930365965413e-10, -1.226302503987e-09,
 -1.831469573221e-09, -2.034275635963e-09, -1.771094322090e-09,
 -1.109046903792e-09, -2.297496703519e-10,  6.197848268679e-10,
  1.195609350781e-09,  1.325903041874e-09,  9.609855062317e-10,
  1.898597915169e-10, -7.819716846703e-10, -1.687972207755e-09,
 -2.274458441357e-09, -2.372298596822e-09, -1.946316578391e-09,
 -1.108130204134e-09, -8.788011963100e-11,  8.278031121906e-10,
  1.375126465605e-09,  1.387593028218e-09,  8.449351906071e-10,
 -1.179749739739e-10, -1.245528577086e-09, -2.230182377639e-09,
 -2.797417589890e-09, -2.783264836811e-09, -2.182712286630e-09,
 -1.154690626643e-09,  1.848150256965e-11,  1.007075776070e-09,
  1.524811284832e-09,  1.409685400963e-09,  6.720105674186e-10,
 -5.043356700145e-10, -1.809080356005e-09, -2.888766425070e-09,
 -3.444073949535e-09, -3.314266422069e-09, -2.525231771627e-09,
 -1.286807543984e-09,  6.091396397706e-11,  1.138674581274e-09,
  1.632213696449e-09,  1.380856694505e-09,  4.259249140447e-10,
 -9.957806811111e-10, -2.512438025530e-09, -3.716654182117e-09,
 -4.277095541237e-09, -4.031890774589e-09, -3.037739189859e-09,
 -1.559839068023e-09, -4.252590684109e-12,  1.190366060279e-09,
  1.672683262624e-09,  1.277688897608e-09,  7.696324361237e-11,
 -1.634709982288e-09, -3.414479586117e-09, -4.789137933664e-09,
 -5.384251458313e-09, -5.029593117207e-09, -3.811371310355e-09,
 -2.055589063115e-09, -2.452423984375e-10,  1.107648860436e-09,
  1.601447945608e-09,  1.057747350862e-09, -4.235767115746e-10,
 -2.484049972011e-09, -4.597305546666e-09, -6.208251334891e-09,
 -6.883759853696e-09, -6.434333082561e-09, -4.972713608454e-09,
 -2.891642708429e-09, -7.648842309852e-10,  8.039711157557e-10,
  1.344938719585e-09,  6.533288375360e-10, -1.146929996289e-09,
 -3.627707477732e-09, -6.164185111890e-09, -8.099032094175e-09,
 -8.920022792343e-09, -8.403247392201e-09, -6.682242508838e-09,
 -4.222090052846e-09, -1.702953441999e-09,  1.580449441566e-10,
  7.999735234594e-10, -2.541834012151e-11, -2.177528917650e-09,
 -5.153715727075e-09, -8.214815033292e-09, -1.057815380239e-08,
 -1.162794102119e-08, -1.108636406982e-08, -9.098355708268e-09,
 -6.204550423894e-09, -3.206554669358e-09, -9.581034671690e-10,
 -1.362147177279e-10, -1.053687524819e-09, -3.564473850305e-09,
 -7.090295248710e-09, -1.076435048064e-08, -1.365679795547e-08,
 -1.502321314291e-08, -1.450997250271e-08, -1.225986503723e-08,
 -8.886758989389e-09, -5.322999759505e-09, -2.577055568562e-09,
 -1.464373694244e-09, -2.383343793589e-09, -5.197650157821e-09,
 -9.259487325161e-09, -1.357071213205e-08, -1.704212612827e-08,
 -1.878325633751e-08, -1.834574921275e-08, -1.585348721256e-08,
 -1.198212082093e-08, -7.790004033709e-09, -4.442781968163e-09,
 -2.903410314037e-09, -3.669984503199e-09, -6.633082979418e-09,
 -1.109317028102e-08, -1.593638639276e-08, -1.992480923194e-08,
 -2.202492055533e-08, -2.168710557866e-08, -1.900009278898e-08,
 -1.467697692927e-08, -9.873976274577e-09, -5.887856854034e-09,
 -3.811810043823e-09, -4.241221069929e-09, -7.109023713453e-09,
 -1.169617381929e-08, -1.681661000697e-08, -2.112857068806e-08,
 -2.349046674755e-08, -2.326613114049e-08, -2.049746850095e-08,
 -1.589733521884e-08, -1.066352138058e-08, -6.162604999763e-09,
 -3.567670676247e-09, -3.546470450644e-09]

================================================================================
TRAJECTORY 4
================================================================================

COMP trajectory 4
outcomes: (0, 0, 0, 0, 0, 0, 0, 0, 0, 0, 0, 0, 0, 0, 0, 0, 0, 0, 0, 0, 0, 0, 0, 0, 0, 0, 0, 0, 0, 0, 0, 0, 0, 0, 0, 0, 0, 0, 0, 0, 0, 0, 0, 0, 0, 0, 0, 0, 0, 0, 0, 0, 0, 0, 0, 0, 0, 0, 0, 0, 0, 0, 0, 0, 0, 0, 0, 0, 0, 0, 0, 0, 0, 0, 0, 0, 0, 0, 0, 0, 0, 0, 0, 0, 0, 0, 0, 0, 0, 0, 0, 0, 0, 0, 0, 0, 0, 0, 0, 0, 0, 0, 0, 0, 0, 0, 0, 0, 0, 0, 0, 0, 0, 0, 0, 0, 0, 0, 0, 0, 0, 0, 0, 0, 0, 0, 0, 0, 0, 0, 0, 0, 0, 0, 0, 0, 0, 0, 0, 0, 0, 0, 0, 0, 0, 0, 0, 0, 0, 0, 0, 0, 0, 0, 0, 0, 0, 0, 0, 0, 0, 0, 0, 0, 0, 0, 0, 0, 0, 0, 0, 0, 0, 0, 0, 0, 0, 0, 0, 0, 0, 0, 0, 0, 0, 0, 0, 0, 0, 0, 0, 0, 0, 0, 0, 0, 0, 0, 0, 0, 0)
p_seq: 0.9711646393507506
DeltaW_total: -0.8254703559926213
DeltaQ_total: -4.164499868344711e-06
dW per increment:
[ 1.573221825758e-03,  3.134225698634e-03,  1.495191472248e-03,
 -1.818410173470e-03, -3.643019679057e-03, -2.283259703793e-03,
  8.314121654003e-04,  2.560741646251e-03,  1.138127896114e-03,
 -2.107932878062e-03, -4.075018812387e-03, -2.935493525278e-03,
  8.680979657250e-05,  1.941298909479e-03,  7.505793541434e-04,
 -2.367704122973e-03, -4.427071274868e-03, -3.511588823436e-03,
 -6.325205688213e-04,  1.298855175149e-03,  3.396538452147e-04,
 -2.603516238699e-03, -4.703663861903e-03, -4.002026710845e-03,
 -1.303484448567e-03,  6.567724896147e-04, -8.510182655641e-05,
 -2.821587458538e-03, -4.914835379770e-03, -4.405884661647e-03,
 -1.910183305348e-03,  3.565060464972e-05, -5.132371009751e-04,
 -3.027298470332e-03, -5.073339001779e-03, -4.728865907634e-03,
 -2.444275699512e-03, -5.486423046008e-04, -9.348428529350e-04,
 -3.224521673861e-03, -5.192133571619e-03, -4.980712787173e-03,
 -2.903939336665e-03, -1.085625631404e-03, -1.341595073573e-03,
 -3.415530324414e-03, -5.282703324543e-03, -5.172819604123e-03,
 -3.292147499682e-03, -1.569847932078e-03, -1.727294307221e-03,
 -3.601287952193e-03, -5.354258896261e-03, -5.316473076707e-03,
 -3.614869638918e-03, -1.999957734029e-03, -2.087961498690e-03,
 -3.781885391360e-03, -5.413607311841e-03, -5.421796081443e-03,
 -3.879557404957e-03, -2.377593005731e-03, -2.421629721690e-03,
 -3.956956462901e-03, -5.465411011832e-03, -5.497269492576e-03,
 -4.094047385047e-03, -2.706343493434e-03, -2.727977972208e-03,
 -4.125989748825e-03, -5.512605403135e-03, -5.549645193128e-03,
 -4.265865411639e-03, -2.990908361619e-03, -3.007920527587e-03,
 -4.288519595002e-03, -5.556829053388e-03, -5.584081868419e-03,
 -4.401851463516e-03, -3.236478843183e-03, -3.263222340834e-03,
 -4.444214393502e-03, -5.598794481354e-03, -5.604382314079e-03,
 -4.508010920821e-03, -3.448324470437e-03, -3.496174112369e-03,
 -4.592891503647e-03, -5.638576436994e-03, -5.613257632877e-03,
 -4.589510306330e-03, -3.631540842013e-03, -3.709335560494e-03,
 -4.734486591206e-03, -5.675821051454e-03, -5.612579000513e-03,
 -4.650756018300e-03, -3.790914109564e-03, -3.905341228638e-03,
 -4.868998771144e-03, -5.709890569744e-03, -5.603600587765e-03,
 -4.695514006782e-03, -3.930862912689e-03, -4.086756904949e-03,
 -4.996426192346e-03, -5.739961228311e-03, -5.587150343032e-03,
 -4.727043558887e-03, -4.055426609789e-03, -4.255973341516e-03,
 -5.116701422967e-03, -5.765090719279e-03, -5.563791824187e-03,
 -4.748228901320e-03, -4.168276489178e-03, -4.415125183618e-03,
 -5.229632570476e-03, -5.784269144659e-03, -5.533962658291e-03,
 -4.761698933649e-03, -4.272733115865e-03, -4.566025450544e-03,
 -5.334854257718e-03, -5.796464622374e-03, -5.498095219046e-03,
 -4.769929084116e-03, -4.371777939717e-03, -4.710108795635e-03,
 -5.431791959246e-03, -5.800672190635e-03, -5.456723787063e-03,
 -4.775320974506e-03, -4.468051045418e-03, -4.848379782789e-03,
 -5.519643341266e-03, -5.795972387943e-03, -5.410580380357e-03,
 -4.780256060492e-03, -4.563829901620e-03, -4.981365435036e-03,
 -5.597380761653e-03, -5.781603688753e-03, -5.360678932234e-03,
 -4.787119299504e-03, -4.660986609068e-03, -5.109074308084e-03,
 -5.663779606643e-03, -5.757050613887e-03, -5.308384749725e-03,
 -4.798288702908e-03, -4.760923850927e-03, -5.230967275576e-03,
 -5.717477317724e-03, -5.722146574740e-03, -5.255463397646e-03,
 -4.816086816568e-03, -4.864492816061e-03, -5.345947962631e-03,
 -5.757067431755e-03, -5.677187184443e-03, -5.204100564750e-03,
 -4.842691174211e-03, -4.971899973988e-03, -5.452383086560e-03,
 -5.781231350383e-03, -5.623045821803e-03, -5.156882441717e-03,
 -4.880002986489e-03, -5.082613741926e-03, -5.548164465772e-03,
 -5.788907525879e-03, -5.561278786864e-03, -5.116725168225e-03,
 -4.929477097964e-03, -5.195286585103e-03, -5.630824596562e-03,
 -5.779493037682e-03, -5.494202800431e-03, -5.086742614139e-03,
 -4.991921764532e-03, -5.307712445877e-03, -5.697715810978e-03,
 -5.753066063175e-03, -5.424923524483e-03, -5.070044845191e-03,
 -5.067284018143e-03, -5.416842794922e-03, -5.746258424669e-03,
 -5.710609744664e-03, -5.357291195278e-03, -5.069465751415e-03,
 -5.154444859926e-03, -5.518885912881e-03, -5.774255378167e-03,
 -5.654209111349e-03, -5.295759633523e-03, -5.087227936578e-03,
 -5.251057296700e-03, -5.609511857628e-03]
dQ per increment:
[-2.303445896935e-07, -3.737145369089e-07, -2.283549950933e-07,
  6.305170112452e-08,  2.150937552111e-07,  7.990028732391e-08,
 -2.084242085049e-07, -3.664773042503e-07, -2.399387621110e-07,
  4.614098047476e-08,  2.117009113476e-07,  9.689510160199e-08,
 -1.826187498049e-07, -3.513829642211e-07, -2.450291769021e-07,
  3.033546556530e-08,  2.049763585094e-07,  1.110117306756e-07,
 -1.550299757133e-07, -3.301427211931e-07, -2.439696191038e-07,
  1.639555426841e-08,  1.954990783409e-07,  1.214994547454e-07,
 -1.276947290724e-07, -3.048688196460e-07, -2.376692300205e-07,
  4.792022993260e-09,  1.840388794716e-07,  1.280942077677e-07,
 -1.022653350084e-07, -2.776644927207e-07, -2.273371804587e-07,
 -4.279821998535e-09,  1.714289219086e-07,  1.309683700288e-07,
 -7.985172656823e-08, -2.503246558142e-07, -2.142349204326e-07,
 -1.084738411247e-08,  1.584479067014e-07,  1.306002499210e-07,
 -6.101955821701e-08, -2.241889704440e-07, -1.995010053563e-07,
 -1.509354093793e-08,  1.457387308226e-07,  1.276224479096e-07,
 -4.588924855950e-08, -2.001249774365e-07, -1.840592551367e-07,
 -1.729187853322e-08,  1.337709228935e-07,  1.226934771294e-07,
 -3.427311845569e-08, -1.785916474636e-07, -1.685938165394e-07,
 -1.775376124932e-08,  1.228404726272e-07,  1.164114519568e-07,
 -2.580565765589e-08, -1.597360211165e-07, -1.535663948131e-07,
 -1.679050413463e-08,  1.130923751921e-07,  1.092694205751e-07,
 -2.004501912893e-08, -1.434900750025e-07, -1.392533613949e-07,
 -1.469007675226e-08,  1.045533624044e-07,  1.016422897255e-07,
 -1.654100056014e-08, -1.296522185693e-07, -1.257883024876e-07,
 -1.170519751091e-08,  9.716509228631e-08,  9.379361490171e-08,
 -1.487427096812e-08, -1.179478545097e-07, -1.132015734467e-07,
 -8.050420379803e-09,  9.081268954100e-08,  8.589211769735e-08,
 -1.467435067383e-08, -1.080710673802e-07, -1.014535110436e-07,
 -3.904481047506e-09,  8.534696245392e-08,  7.803175067342e-08,
 -1.562353778208e-08, -9.971068657940e-08, -9.046070717413e-08,
  5.839268157545e-10,  8.060031384417e-08,  7.025135185992e-08,
 -1.745300054696e-08, -9.256527907370e-08, -8.011598286953e-08,
  5.288956048295e-09,  7.639736736547e-08,  6.255220588594e-08,
 -1.993441190199e-08, -8.635090077182e-08, -7.030356236320e-08,
  1.009977830708e-08,  7.256191040736e-08,  5.491314227597e-08,
 -2.287032066462e-08, -8.080429543707e-08, -6.091042770683e-08,
  1.491329992831e-08,  6.892140295544e-08,  4.730323838794e-08,
 -2.608426303207e-08, -7.568391480108e-08, -5.183528438337e-08,
  1.962741622615e-08,  6.531012132754e-08,  3.969257071895e-08,
 -2.941203097436e-08, -7.077007619684e-08, -4.299583785967e-08,
  2.413564253317e-08,  6.157211036167e-08,  3.206142777266e-08,
 -3.269431946441e-08, -6.586573788464e-08, -3.433505970686e-08,
  2.832297230429e-08,  5.756455508273e-08,  2.440847425957e-08,
 -3.577138624894e-08, -6.079799217806e-08, -2.582672045150e-08,
  3.206356326019e-08,  5.316200673948e-08,  1.675781689152e-08,
 -3.847984314433e-08, -5.542129094191e-08, -1.748021510872e-08,
  3.522051618497e-08,  4.826194963982e-08,  9.164972301478e-09,
 -4.065215378820e-08, -4.962225960171e-08, -9.344628259557e-09,
  3.764813782167e-08,  4.279176034263e-08,  1.721530753888e-09,
 -4.211903883306e-08, -4.332600521666e-08, -1.511265309076e-09,
  3.919698187815e-08,  3.671681065437e-08, -5.442147849553e-09,
 -4.271509123407e-08, -3.650385619995e-08,  5.885719669453e-09,
  3.972202878167e-08,  3.004932807617e-08, -1.215687048771e-08,
 -4.228784965515e-08, -2.918145639713e-08,  1.267170678804e-08,
  3.909421967489e-08,  2.285718243237e-08, -1.821821416469e-08,
 -4.071024553055e-08, -2.144663815637e-08,  1.863781259534e-08,
  3.721494434665e-08,  1.527154354364e-08, -2.339443457618e-08,
 -3.789598118555e-08, -1.345526241120e-08,  2.355192775961e-08,
  3.403317385721e-08,  7.491500678483e-09, -2.743986154442e-08,
 -3.381709327410e-08, -5.433546619582e-09,  2.717534480431e-08,
  2.956380423108e-08, -2.156552861635e-10, -3.011402925635e-08,
 -2.852204394194e-08,  2.325176557370e-09,  2.928503450416e-08,
  2.390557781243e-08, -7.521049739598e-09, -3.120651519140e-08,
 -2.215213877783e-08,  9.471303023117e-09,  2.970128797335e-08,
  1.725574105653e-08, -1.404927362381e-08, -3.056650947370e-08,
 -1.495334088931e-08,  1.561900356273e-08]

EXP trajectory 4
outcomes: (0, 0, 0, 0, 0, 0, 0, 0, 0, 0, 0, 0, 0, 0, 0, 0, 0, 0, 0, 0, 0, 0, 0, 0, 0, 0, 0, 0, 0, 0, 0, 0, 0, 0, 0, 0, 0, 0, 0, 0, 0, 0, 0, 0, 0, 0, 0, 0, 0, 0, 0, 0, 0, 0, 0, 0, 0, 0, 0, 0, 0, 0, 0, 0, 0, 0, 0, 0, 0, 0, 0, 0, 0, 0, 0, 0, 0, 0, 0, 0, 0, 0, 0, 0, 0, 0, 0, 0, 0, 0, 0, 0, 0, 0, 0, 0, 0, 0, 0, 0, 0, 0, 0, 0, 0, 0, 0, 0, 0, 0, 0, 0, 0, 0, 0, 0, 0, 0, 0, 0, 0, 0, 0, 0, 0, 0, 0, 0, 0, 0, 0, 0, 0, 0, 0, 0, 0, 0, 0, 0, 0, 0, 0, 0, 0, 0, 0, 0, 0, 0, 0, 0, 0, 0, 0, 0, 0, 0, 0, 0, 0, 0, 0, 0, 0, 0, 0, 0, 0, 0, 0, 0, 0, 0, 0, 0, 0, 0, 0, 0, 0, 0, 0, 0, 0, 0, 0, 0, 0, 0, 0, 0, 0, 0, 0, 0, 0, 0, 0, 0, 0)
p_seq: 0.9922287100657725
DeltaW_total: 0.5301603849893777
DeltaQ_total: -7.719151607382571e-07
dW per increment:
[ 3.471592021139e-03,  3.489908428906e-03,  3.499542792703e-03,
  3.497028079165e-03,  3.482376576295e-03,  3.459130024005e-03,
  3.433383333258e-03,  3.412051153308e-03,  3.400870158988e-03,
  3.402713397428e-03,  3.416710422060e-03,  3.438440127699e-03,
  3.461156066964e-03,  3.477704457890e-03,  3.482589830842e-03,
  3.473592845747e-03,  3.452465789282e-03,  3.424490918368e-03,
  3.397012033791e-03,  3.377347524109e-03,  3.370677421085e-03,
  3.378513174559e-03,  3.398199992864e-03,  3.423611057194e-03,
  3.446852446881e-03,  3.460504343055e-03,  3.459762855192e-03,
  3.443865714532e-03,  3.416381169661e-03,  3.384258974910e-03,
  3.355895587678e-03,  3.338751958154e-03,  3.337198766859e-03,
  3.351209489162e-03,  3.376289061208e-03,  3.404679028904e-03,
  3.427516203855e-03,  3.437344543505e-03,  3.430269528167e-03,
  3.407134656928e-03,  3.373368109511e-03,  3.337520432696e-03,
  3.308886893812e-03,  3.294874975238e-03,  3.298860968572e-03,
  3.319153244814e-03,  3.349376115514e-03,  3.380190563458e-03,
  3.401887676162e-03,  3.407135342613e-03,  3.393102892362e-03,
  3.362350867906e-03,  3.322211620397e-03,  3.282808163888e-03,
  3.254246028792e-03,  3.243755899954e-03,  3.253592696122e-03,
  3.280298007542e-03,  3.315559617075e-03,  3.348456266833e-03,
  3.368481985007e-03,  3.368513748836e-03,  3.346886605744e-03,
  3.307975511301e-03,  3.261091189071e-03,  3.217966880079e-03,
  3.189513415307e-03,  3.182738183902e-03,  3.198694951738e-03,
  3.232059665013e-03,  3.272483945990e-03,  3.307383733533e-03,
  3.325412546804e-03,  3.319662631013e-03,  3.289694066233e-03,
  3.241800872546e-03,  3.187402894879e-03,  3.139972437395e-03,
  3.111321225571e-03,  3.108268423539e-03,  3.130625578207e-03,
  3.171087622738e-03,  3.217101601967e-03,  3.254236837567e-03,
  3.270153219708e-03,  3.258079009022e-03,  3.218822165143e-03,
  3.160724633602e-03,  3.097526103314e-03,  3.044681909479e-03,
  3.015119583406e-03,  3.015595627069e-03,  3.044674015911e-03,
  3.092922697300e-03,  3.145325235042e-03,  3.185293245780e-03,
  3.199209648496e-03,  3.180261868129e-03,  3.130491228227e-03,
  3.060451242069e-03,  2.986511653903e-03,  2.926493760558e-03,
  2.894797634664e-03,  2.898349028616e-03,  2.934500145301e-03,
  2.991509053373e-03,  3.051529780597e-03,  3.095354689673e-03,
  3.107651809330e-03,  3.081273406748e-03,  3.019431538554e-03,
  2.935090631766e-03,  2.847672669210e-03,  2.777908084836e-03,
  2.742193359676e-03,  2.747985388865e-03,  2.791518166976e-03,
  2.858525885362e-03,  2.927853454429e-03,  2.977044695097e-03,
  2.988435731169e-03,  2.954105340171e-03,  2.878302659440e-03,
  2.776623704852e-03,  2.672074159671e-03,  2.589006798452e-03,
  2.546526078143e-03,  2.553139435749e-03,  2.604143225854e-03,
  2.682527892720e-03,  2.763252167938e-03,  2.819817430039e-03,
  2.831420422943e-03,  2.788759249169e-03,  2.696880788532e-03,
  2.574216128261e-03,  2.447960511557e-03,  2.346948888391e-03,
  2.293887735815e-03,  2.299028805124e-03,  2.357037084202e-03,
  2.447988826900e-03,  2.542343890347e-03,  2.608657615212e-03,
  2.622023091986e-03,  2.570982335142e-03,  2.460996823311e-03,
  2.313445207076e-03,  2.160295862955e-03,  2.035773856782e-03,
  1.967189110980e-03,  1.967377690381e-03,  2.030839102211e-03,
  2.134711463212e-03,  2.244452053180e-03,  2.322818203632e-03,
  2.339816139038e-03,  2.280962674844e-03,  2.151589596803e-03,
  1.975927794776e-03,  1.791082260642e-03,  1.637388648561e-03,
  1.547655126121e-03,  1.538156981326e-03,  1.603851242365e-03,
  1.719203159876e-03,  1.844539149339e-03,  1.936350438971e-03,
  1.958870131821e-03,  1.893840379415e-03,  1.745802062390e-03,
  1.541383878163e-03,  1.322648938199e-03,  1.136157894393e-03,
  1.020596391918e-03,  9.962611938334e-04,  1.059267056423e-03,
  1.182123606188e-03,  1.320649646217e-03,  1.425486451986e-03,
  1.455202128376e-03,  1.387497275168e-03,  1.225472717563e-03,
  9.971977101273e-04,  7.485906989935e-04,  5.314232441034e-04,
  3.895953828525e-04,  3.473390862094e-04,  4.025362268560e-04,
  5.270024193518e-04,  6.737378879755e-04,  7.892749176577e-04,
  8.278638852808e-04,  7.637162381879e-04,  5.980127755283e-04,
  3.587656806161e-04,  9.352727539280e-05, -1.431430554426e-04,
 -3.041275490840e-04, -3.622613342138e-04]
dQ per increment:
[-4.162499281889e-10, -8.896106024146e-10, -1.150365450901e-09,
 -1.119499371026e-09, -8.017114363872e-10, -2.854011209221e-10,
  2.817411198005e-10,  7.346852466672e-10,  9.387861848575e-10,
  8.293747238465e-10,  4.317194960898e-10, -1.448441436236e-10,
 -7.371924537827e-10, -1.174808945655e-09, -1.329034235095e-09,
 -1.151043532190e-09, -6.872767344384e-10, -6.770972259436e-11,
  5.302931824127e-10,  9.324338183080e-10,  1.017739948740e-09,
  7.544377596605e-10,  2.106795235230e-10, -4.633608275718e-10,
 -1.077278702008e-09, -1.454444851882e-09, -1.483146725226e-09,
 -1.149750651023e-09, -5.444651461455e-10,  1.627159518236e-10,
  7.692836975076e-10,  1.097732246682e-09,  1.046806066742e-09,
  6.219700737515e-10, -6.424148084154e-11, -8.223532087497e-10,
 -1.438696809472e-09, -1.736003174763e-09, -1.624659441484e-09,
 -1.129985244047e-09, -3.872032243446e-10,  3.949908562121e-10,
  9.924150062932e-10,  1.228965977379e-09,  1.027606012869e-09,
  4.342072565215e-10, -3.930365965413e-10, -1.226302503987e-09,
 -1.831469573221e-09, -2.034275635963e-09, -1.771094322090e-09,
 -1.109046903792e-09, -2.297496703519e-10,  6.197848268679e-10,
  1.195609350781e-09,  1.325903041874e-09,  9.609855062317e-10,
  1.898597915169e-10, -7.819716846703e-10, -1.687972207755e-09,
 -2.274458441357e-09, -2.372298596822e-09, -1.946316578391e-09,
 -1.108130204134e-09, -8.788011963100e-11,  8.278031121906e-10,
  1.375126465605e-09,  1.387593028218e-09,  8.449351906071e-10,
 -1.179749739739e-10, -1.245528577086e-09, -2.230182377639e-09,
 -2.797417589890e-09, -2.783264836811e-09, -2.182712286630e-09,
 -1.154690626643e-09,  1.848150256965e-11,  1.007075776070e-09,
  1.524811284832e-09,  1.409685400963e-09,  6.720105674186e-10,
 -5.043356700145e-10, -1.809080356005e-09, -2.888766425070e-09,
 -3.444073949535e-09, -3.314266422069e-09, -2.525231771627e-09,
 -1.286807543984e-09,  6.091396397706e-11,  1.138674581274e-09,
  1.632213696449e-09,  1.380856694505e-09,  4.259249140447e-10,
 -9.957806811111e-10, -2.512438025530e-09, -3.716654182117e-09,
 -4.277095541237e-09, -4.031890774589e-09, -3.037739189859e-09,
 -1.559839068023e-09, -4.252590684109e-12,  1.190366060279e-09,
  1.672683262624e-09,  1.277688897608e-09,  7.696324361237e-11,
 -1.634709982288e-09, -3.414479586117e-09, -4.789137933664e-09,
 -5.384251458313e-09, -5.029593117207e-09, -3.811371310355e-09,
 -2.055589063115e-09, -2.452423984375e-10,  1.107648860436e-09,
  1.601447945608e-09,  1.057747350862e-09, -4.235767115746e-10,
 -2.484049972011e-09, -4.597305546666e-09, -6.208251334891e-09,
 -6.883759853696e-09, -6.434333082561e-09, -4.972713608454e-09,
 -2.891642708429e-09, -7.648842309852e-10,  8.039711157557e-10,
  1.344938719585e-09,  6.533288375360e-10, -1.146929996289e-09,
 -3.627707477732e-09, -6.164185111890e-09, -8.099032094175e-09,
 -8.920022792343e-09, -8.403247392201e-09, -6.682242508838e-09,
 -4.222090052846e-09, -1.702953441999e-09,  1.580449441566e-10,
  7.999735234594e-10, -2.541834012151e-11, -2.177528917650e-09,
 -5.153715727075e-09, -8.214815033292e-09, -1.057815380239e-08,
 -1.162794102119e-08, -1.108636406982e-08, -9.098355708268e-09,
 -6.204550423894e-09, -3.206554669358e-09, -9.581034671690e-10,
 -1.362147177279e-10, -1.053687524819e-09, -3.564473850305e-09,
 -7.090295248710e-09, -1.076435048064e-08, -1.365679795547e-08,
 -1.502321314291e-08, -1.450997250271e-08, -1.225986503723e-08,
 -8.886758989389e-09, -5.322999759505e-09, -2.577055568562e-09,
 -1.464373694244e-09, -2.383343793589e-09, -5.197650157821e-09,
 -9.259487325161e-09, -1.357071213205e-08, -1.704212612827e-08,
 -1.878325633751e-08, -1.834574921275e-08, -1.585348721256e-08,
 -1.198212082093e-08, -7.790004033709e-09, -4.442781968163e-09,
 -2.903410314037e-09, -3.669984503199e-09, -6.633082979418e-09,
 -1.109317028102e-08, -1.593638639276e-08, -1.992480923194e-08,
 -2.202492055533e-08, -2.168710557866e-08, -1.900009278898e-08,
 -1.467697692927e-08, -9.873976274577e-09, -5.887856854034e-09,
 -3.811810043823e-09, -4.241221069929e-09, -7.109023713453e-09,
 -1.169617381929e-08, -1.681661000697e-08, -2.112857068806e-08,
 -2.349046674755e-08, -2.326613114049e-08, -2.049746850095e-08,
 -1.589733521884e-08, -1.066352138058e-08, -6.162604999763e-09,
 -3.567670676247e-09, -3.546470450644e-09]

================================================================================
TRAJECTORY 5
================================================================================

COMP trajectory 5
outcomes: (0, 0, 0, 0, 0, 0, 0, 0, 0, 0, 0, 0, 0, 0, 0, 0, 0, 0, 0, 0, 0, 0, 0, 0, 0, 0, 0, 0, 0, 0, 0, 0, 0, 0, 0, 0, 0, 0, 0, 0, 0, 0, 0, 0, 0, 0, 0, 0, 0, 0, 0, 0, 0, 0, 0, 0, 0, 0, 0, 0, 0, 0, 0, 0, 0, 0, 0, 0, 0, 0, 0, 0, 0, 0, 0, 0, 0, 0, 0, 0, 0, 0, 0, 0, 0, 0, 0, 0, 0, 0, 0, 0, 0, 0, 0, 0, 0, 0, 0, 0, 0, 0, 0, 0, 0, 0, 0, 0, 0, 0, 0, 0, 0, 0, 0, 0, 0, 0, 0, 0, 0, 0, 0, 0, 0, 0, 0, 0, 0, 0, 0, 0, 0, 0, 0, 0, 0, 0, 0, 0, 0, 0, 0, 0, 0, 0, 0, 0, 0, 0, 0, 0, 0, 0, 0, 0, 0, 0, 0, 0, 0, 0, 0, 0, 0, 0, 0, 0, 0, 0, 0, 0, 0, 0, 0, 0, 0, 0, 0, 0, 0, 0, 0, 0, 0, 0, 0, 0, 0, 0, 0, 0, 0, 0, 0, 0, 0, 0, 0, 0, 0)
p_seq: 0.9711646393507506
DeltaW_total: -0.8254703559926213
DeltaQ_total: -4.164499868344711e-06
dW per increment:
[ 1.573221825758e-03,  3.134225698634e-03,  1.495191472248e-03,
 -1.818410173470e-03, -3.643019679057e-03, -2.283259703793e-03,
  8.314121654003e-04,  2.560741646251e-03,  1.138127896114e-03,
 -2.107932878062e-03, -4.075018812387e-03, -2.935493525278e-03,
  8.680979657250e-05,  1.941298909479e-03,  7.505793541434e-04,
 -2.367704122973e-03, -4.427071274868e-03, -3.511588823436e-03,
 -6.325205688213e-04,  1.298855175149e-03,  3.396538452147e-04,
 -2.603516238699e-03, -4.703663861903e-03, -4.002026710845e-03,
 -1.303484448567e-03,  6.567724896147e-04, -8.510182655641e-05,
 -2.821587458538e-03, -4.914835379770e-03, -4.405884661647e-03,
 -1.910183305348e-03,  3.565060464972e-05, -5.132371009751e-04,
 -3.027298470332e-03, -5.073339001779e-03, -4.728865907634e-03,
 -2.444275699512e-03, -5.486423046008e-04, -9.348428529350e-04,
 -3.224521673861e-03, -5.192133571619e-03, -4.980712787173e-03,
 -2.903939336665e-03, -1.085625631404e-03, -1.341595073573e-03,
 -3.415530324414e-03, -5.282703324543e-03, -5.172819604123e-03,
 -3.292147499682e-03, -1.569847932078e-03, -1.727294307221e-03,
 -3.601287952193e-03, -5.354258896261e-03, -5.316473076707e-03,
 -3.614869638918e-03, -1.999957734029e-03, -2.087961498690e-03,
 -3.781885391360e-03, -5.413607311841e-03, -5.421796081443e-03,
 -3.879557404957e-03, -2.377593005731e-03, -2.421629721690e-03,
 -3.956956462901e-03, -5.465411011832e-03, -5.497269492576e-03,
 -4.094047385047e-03, -2.706343493434e-03, -2.727977972208e-03,
 -4.125989748825e-03, -5.512605403135e-03, -5.549645193128e-03,
 -4.265865411639e-03, -2.990908361619e-03, -3.007920527587e-03,
 -4.288519595002e-03, -5.556829053388e-03, -5.584081868419e-03,
 -4.401851463516e-03, -3.236478843183e-03, -3.263222340834e-03,
 -4.444214393502e-03, -5.598794481354e-03, -5.604382314079e-03,
 -4.508010920821e-03, -3.448324470437e-03, -3.496174112369e-03,
 -4.592891503647e-03, -5.638576436994e-03, -5.613257632877e-03,
 -4.589510306330e-03, -3.631540842013e-03, -3.709335560494e-03,
 -4.734486591206e-03, -5.675821051454e-03, -5.612579000513e-03,
 -4.650756018300e-03, -3.790914109564e-03, -3.905341228638e-03,
 -4.868998771144e-03, -5.709890569744e-03, -5.603600587765e-03,
 -4.695514006782e-03, -3.930862912689e-03, -4.086756904949e-03,
 -4.996426192346e-03, -5.739961228311e-03, -5.587150343032e-03,
 -4.727043558887e-03, -4.055426609789e-03, -4.255973341516e-03,
 -5.116701422967e-03, -5.765090719279e-03, -5.563791824187e-03,
 -4.748228901320e-03, -4.168276489178e-03, -4.415125183618e-03,
 -5.229632570476e-03, -5.784269144659e-03, -5.533962658291e-03,
 -4.761698933649e-03, -4.272733115865e-03, -4.566025450544e-03,
 -5.334854257718e-03, -5.796464622374e-03, -5.498095219046e-03,
 -4.769929084116e-03, -4.371777939717e-03, -4.710108795635e-03,
 -5.431791959246e-03, -5.800672190635e-03, -5.456723787063e-03,
 -4.775320974506e-03, -4.468051045418e-03, -4.848379782789e-03,
 -5.519643341266e-03, -5.795972387943e-03, -5.410580380357e-03,
 -4.780256060492e-03, -4.563829901620e-03, -4.981365435036e-03,
 -5.597380761653e-03, -5.781603688753e-03, -5.360678932234e-03,
 -4.787119299504e-03, -4.660986609068e-03, -5.109074308084e-03,
 -5.663779606643e-03, -5.757050613887e-03, -5.308384749725e-03,
 -4.798288702908e-03, -4.760923850927e-03, -5.230967275576e-03,
 -5.717477317724e-03, -5.722146574740e-03, -5.255463397646e-03,
 -4.816086816568e-03, -4.864492816061e-03, -5.345947962631e-03,
 -5.757067431755e-03, -5.677187184443e-03, -5.204100564750e-03,
 -4.842691174211e-03, -4.971899973988e-03, -5.452383086560e-03,
 -5.781231350383e-03, -5.623045821803e-03, -5.156882441717e-03,
 -4.880002986489e-03, -5.082613741926e-03, -5.548164465772e-03,
 -5.788907525879e-03, -5.561278786864e-03, -5.116725168225e-03,
 -4.929477097964e-03, -5.195286585103e-03, -5.630824596562e-03,
 -5.779493037682e-03, -5.494202800431e-03, -5.086742614139e-03,
 -4.991921764532e-03, -5.307712445877e-03, -5.697715810978e-03,
 -5.753066063175e-03, -5.424923524483e-03, -5.070044845191e-03,
 -5.067284018143e-03, -5.416842794922e-03, -5.746258424669e-03,
 -5.710609744664e-03, -5.357291195278e-03, -5.069465751415e-03,
 -5.154444859926e-03, -5.518885912881e-03, -5.774255378167e-03,
 -5.654209111349e-03, -5.295759633523e-03, -5.087227936578e-03,
 -5.251057296700e-03, -5.609511857628e-03]
dQ per increment:
[-2.303445896935e-07, -3.737145369089e-07, -2.283549950933e-07,
  6.305170112452e-08,  2.150937552111e-07,  7.990028732391e-08,
 -2.084242085049e-07, -3.664773042503e-07, -2.399387621110e-07,
  4.614098047476e-08,  2.117009113476e-07,  9.689510160199e-08,
 -1.826187498049e-07, -3.513829642211e-07, -2.450291769021e-07,
  3.033546556530e-08,  2.049763585094e-07,  1.110117306756e-07,
 -1.550299757133e-07, -3.301427211931e-07, -2.439696191038e-07,
  1.639555426841e-08,  1.954990783409e-07,  1.214994547454e-07,
 -1.276947290724e-07, -3.048688196460e-07, -2.376692300205e-07,
  4.792022993260e-09,  1.840388794716e-07,  1.280942077677e-07,
 -1.022653350084e-07, -2.776644927207e-07, -2.273371804587e-07,
 -4.279821998535e-09,  1.714289219086e-07,  1.309683700288e-07,
 -7.985172656823e-08, -2.503246558142e-07, -2.142349204326e-07,
 -1.084738411247e-08,  1.584479067014e-07,  1.306002499210e-07,
 -6.101955821701e-08, -2.241889704440e-07, -1.995010053563e-07,
 -1.509354093793e-08,  1.457387308226e-07,  1.276224479096e-07,
 -4.588924855950e-08, -2.001249774365e-07, -1.840592551367e-07,
 -1.729187853322e-08,  1.337709228935e-07,  1.226934771294e-07,
 -3.427311845569e-08, -1.785916474636e-07, -1.685938165394e-07,
 -1.775376124932e-08,  1.228404726272e-07,  1.164114519568e-07,
 -2.580565765589e-08, -1.597360211165e-07, -1.535663948131e-07,
 -1.679050413463e-08,  1.130923751921e-07,  1.092694205751e-07,
 -2.004501912893e-08, -1.434900750025e-07, -1.392533613949e-07,
 -1.469007675226e-08,  1.045533624044e-07,  1.016422897255e-07,
 -1.654100056014e-08, -1.296522185693e-07, -1.257883024876e-07,
 -1.170519751091e-08,  9.716509228631e-08,  9.379361490171e-08,
 -1.487427096812e-08, -1.179478545097e-07, -1.132015734467e-07,
 -8.050420379803e-09,  9.081268954100e-08,  8.589211769735e-08,
 -1.467435067383e-08, -1.080710673802e-07, -1.014535110436e-07,
 -3.904481047506e-09,  8.534696245392e-08,  7.803175067342e-08,
 -1.562353778208e-08, -9.971068657940e-08, -9.046070717413e-08,
  5.839268157545e-10,  8.060031384417e-08,  7.025135185992e-08,
 -1.745300054696e-08, -9.256527907370e-08, -8.011598286953e-08,
  5.288956048295e-09,  7.639736736547e-08,  6.255220588594e-08,
 -1.993441190199e-08, -8.635090077182e-08, -7.030356236320e-08,
  1.009977830708e-08,  7.256191040736e-08,  5.491314227597e-08,
 -2.287032066462e-08, -8.080429543707e-08, -6.091042770683e-08,
  1.491329992831e-08,  6.892140295544e-08,  4.730323838794e-08,
 -2.608426303207e-08, -7.568391480108e-08, -5.183528438337e-08,
  1.962741622615e-08,  6.531012132754e-08,  3.969257071895e-08,
 -2.941203097436e-08, -7.077007619684e-08, -4.299583785967e-08,
  2.413564253317e-08,  6.157211036167e-08,  3.206142777266e-08,
 -3.269431946441e-08, -6.586573788464e-08, -3.433505970686e-08,
  2.832297230429e-08,  5.756455508273e-08,  2.440847425957e-08,
 -3.577138624894e-08, -6.079799217806e-08, -2.582672045150e-08,
  3.206356326019e-08,  5.316200673948e-08,  1.675781689152e-08,
 -3.847984314433e-08, -5.542129094191e-08, -1.748021510872e-08,
  3.522051618497e-08,  4.826194963982e-08,  9.164972301478e-09,
 -4.065215378820e-08, -4.962225960171e-08, -9.344628259557e-09,
  3.764813782167e-08,  4.279176034263e-08,  1.721530753888e-09,
 -4.211903883306e-08, -4.332600521666e-08, -1.511265309076e-09,
  3.919698187815e-08,  3.671681065437e-08, -5.442147849553e-09,
 -4.271509123407e-08, -3.650385619995e-08,  5.885719669453e-09,
  3.972202878167e-08,  3.004932807617e-08, -1.215687048771e-08,
 -4.228784965515e-08, -2.918145639713e-08,  1.267170678804e-08,
  3.909421967489e-08,  2.285718243237e-08, -1.821821416469e-08,
 -4.071024553055e-08, -2.144663815637e-08,  1.863781259534e-08,
  3.721494434665e-08,  1.527154354364e-08, -2.339443457618e-08,
 -3.789598118555e-08, -1.345526241120e-08,  2.355192775961e-08,
  3.403317385721e-08,  7.491500678483e-09, -2.743986154442e-08,
 -3.381709327410e-08, -5.433546619582e-09,  2.717534480431e-08,
  2.956380423108e-08, -2.156552861635e-10, -3.011402925635e-08,
 -2.852204394194e-08,  2.325176557370e-09,  2.928503450416e-08,
  2.390557781243e-08, -7.521049739598e-09, -3.120651519140e-08,
 -2.215213877783e-08,  9.471303023117e-09,  2.970128797335e-08,
  1.725574105653e-08, -1.404927362381e-08, -3.056650947370e-08,
 -1.495334088931e-08,  1.561900356273e-08]

EXP trajectory 5
outcomes: (0, 0, 0, 0, 0, 0, 0, 0, 0, 0, 0, 0, 0, 0, 0, 0, 0, 0, 0, 0, 0, 0, 0, 0, 0, 0, 0, 0, 0, 0, 0, 0, 0, 0, 0, 0, 0, 0, 0, 0, 0, 0, 0, 0, 0, 0, 0, 0, 0, 0, 0, 0, 0, 0, 0, 0, 0, 0, 0, 0, 0, 0, 0, 0, 0, 0, 0, 0, 0, 0, 0, 0, 0, 0, 0, 0, 0, 0, 0, 0, 0, 0, 0, 0, 0, 0, 0, 0, 0, 0, 0, 0, 0, 0, 0, 0, 0, 0, 0, 0, 0, 0, 0, 0, 0, 0, 0, 0, 0, 0, 0, 0, 0, 0, 0, 0, 0, 0, 0, 0, 0, 0, 0, 0, 0, 0, 0, 0, 0, 0, 0, 0, 0, 0, 0, 0, 0, 0, 0, 0, 0, 0, 0, 0, 0, 0, 0, 0, 0, 0, 0, 0, 0, 0, 0, 0, 0, 0, 0, 0, 0, 0, 0, 0, 0, 0, 0, 0, 0, 0, 0, 0, 0, 0, 0, 0, 0, 0, 0, 0, 0, 0, 0, 0, 0, 0, 0, 0, 0, 0, 0, 0, 0, 0, 0, 0, 0, 0, 0, 0, 0)
p_seq: 0.9922287100657725
DeltaW_total: 0.5301603849893777
DeltaQ_total: -7.719151607382571e-07
dW per increment:
[ 3.471592021139e-03,  3.489908428906e-03,  3.499542792703e-03,
  3.497028079165e-03,  3.482376576295e-03,  3.459130024005e-03,
  3.433383333258e-03,  3.412051153308e-03,  3.400870158988e-03,
  3.402713397428e-03,  3.416710422060e-03,  3.438440127699e-03,
  3.461156066964e-03,  3.477704457890e-03,  3.482589830842e-03,
  3.473592845747e-03,  3.452465789282e-03,  3.424490918368e-03,
  3.397012033791e-03,  3.377347524109e-03,  3.370677421085e-03,
  3.378513174559e-03,  3.398199992864e-03,  3.423611057194e-03,
  3.446852446881e-03,  3.460504343055e-03,  3.459762855192e-03,
  3.443865714532e-03,  3.416381169661e-03,  3.384258974910e-03,
  3.355895587678e-03,  3.338751958154e-03,  3.337198766859e-03,
  3.351209489162e-03,  3.376289061208e-03,  3.404679028904e-03,
  3.427516203855e-03,  3.437344543505e-03,  3.430269528167e-03,
  3.407134656928e-03,  3.373368109511e-03,  3.337520432696e-03,
  3.308886893812e-03,  3.294874975238e-03,  3.298860968572e-03,
  3.319153244814e-03,  3.349376115514e-03,  3.380190563458e-03,
  3.401887676162e-03,  3.407135342613e-03,  3.393102892362e-03,
  3.362350867906e-03,  3.322211620397e-03,  3.282808163888e-03,
  3.254246028792e-03,  3.243755899954e-03,  3.253592696122e-03,
  3.280298007542e-03,  3.315559617075e-03,  3.348456266833e-03,
  3.368481985007e-03,  3.368513748836e-03,  3.346886605744e-03,
  3.307975511301e-03,  3.261091189071e-03,  3.217966880079e-03,
  3.189513415307e-03,  3.182738183902e-03,  3.198694951738e-03,
  3.232059665013e-03,  3.272483945990e-03,  3.307383733533e-03,
  3.325412546804e-03,  3.319662631013e-03,  3.289694066233e-03,
  3.241800872546e-03,  3.187402894879e-03,  3.139972437395e-03,
  3.111321225571e-03,  3.108268423539e-03,  3.130625578207e-03,
  3.171087622738e-03,  3.217101601967e-03,  3.254236837567e-03,
  3.270153219708e-03,  3.258079009022e-03,  3.218822165143e-03,
  3.160724633602e-03,  3.097526103314e-03,  3.044681909479e-03,
  3.015119583406e-03,  3.015595627069e-03,  3.044674015911e-03,
  3.092922697300e-03,  3.145325235042e-03,  3.185293245780e-03,
  3.199209648496e-03,  3.180261868129e-03,  3.130491228227e-03,
  3.060451242069e-03,  2.986511653903e-03,  2.926493760558e-03,
  2.894797634664e-03,  2.898349028616e-03,  2.934500145301e-03,
  2.991509053373e-03,  3.051529780597e-03,  3.095354689673e-03,
  3.107651809330e-03,  3.081273406748e-03,  3.019431538554e-03,
  2.935090631766e-03,  2.847672669210e-03,  2.777908084836e-03,
  2.742193359676e-03,  2.747985388865e-03,  2.791518166976e-03,
  2.858525885362e-03,  2.927853454429e-03,  2.977044695097e-03,
  2.988435731169e-03,  2.954105340171e-03,  2.878302659440e-03,
  2.776623704852e-03,  2.672074159671e-03,  2.589006798452e-03,
  2.546526078143e-03,  2.553139435749e-03,  2.604143225854e-03,
  2.682527892720e-03,  2.763252167938e-03,  2.819817430039e-03,
  2.831420422943e-03,  2.788759249169e-03,  2.696880788532e-03,
  2.574216128261e-03,  2.447960511557e-03,  2.346948888391e-03,
  2.293887735815e-03,  2.299028805124e-03,  2.357037084202e-03,
  2.447988826900e-03,  2.542343890347e-03,  2.608657615212e-03,
  2.622023091986e-03,  2.570982335142e-03,  2.460996823311e-03,
  2.313445207076e-03,  2.160295862955e-03,  2.035773856782e-03,
  1.967189110980e-03,  1.967377690381e-03,  2.030839102211e-03,
  2.134711463212e-03,  2.244452053180e-03,  2.322818203632e-03,
  2.339816139038e-03,  2.280962674844e-03,  2.151589596803e-03,
  1.975927794776e-03,  1.791082260642e-03,  1.637388648561e-03,
  1.547655126121e-03,  1.538156981326e-03,  1.603851242365e-03,
  1.719203159876e-03,  1.844539149339e-03,  1.936350438971e-03,
  1.958870131821e-03,  1.893840379415e-03,  1.745802062390e-03,
  1.541383878163e-03,  1.322648938199e-03,  1.136157894393e-03,
  1.020596391918e-03,  9.962611938334e-04,  1.059267056423e-03,
  1.182123606188e-03,  1.320649646217e-03,  1.425486451986e-03,
  1.455202128376e-03,  1.387497275168e-03,  1.225472717563e-03,
  9.971977101273e-04,  7.485906989935e-04,  5.314232441034e-04,
  3.895953828525e-04,  3.473390862094e-04,  4.025362268560e-04,
  5.270024193518e-04,  6.737378879755e-04,  7.892749176577e-04,
  8.278638852808e-04,  7.637162381879e-04,  5.980127755283e-04,
  3.587656806161e-04,  9.352727539280e-05, -1.431430554426e-04,
 -3.041275490840e-04, -3.622613342138e-04]
dQ per increment:
[-4.162499281889e-10, -8.896106024146e-10, -1.150365450901e-09,
 -1.119499371026e-09, -8.017114363872e-10, -2.854011209221e-10,
  2.817411198005e-10,  7.346852466672e-10,  9.387861848575e-10,
  8.293747238465e-10,  4.317194960898e-10, -1.448441436236e-10,
 -7.371924537827e-10, -1.174808945655e-09, -1.329034235095e-09,
 -1.151043532190e-09, -6.872767344384e-10, -6.770972259436e-11,
  5.302931824127e-10,  9.324338183080e-10,  1.017739948740e-09,
  7.544377596605e-10,  2.106795235230e-10, -4.633608275718e-10,
 -1.077278702008e-09, -1.454444851882e-09, -1.483146725226e-09,
 -1.149750651023e-09, -5.444651461455e-10,  1.627159518236e-10,
  7.692836975076e-10,  1.097732246682e-09,  1.046806066742e-09,
  6.219700737515e-10, -6.424148084154e-11, -8.223532087497e-10,
 -1.438696809472e-09, -1.736003174763e-09, -1.624659441484e-09,
 -1.129985244047e-09, -3.872032243446e-10,  3.949908562121e-10,
  9.924150062932e-10,  1.228965977379e-09,  1.027606012869e-09,
  4.342072565215e-10, -3.930365965413e-10, -1.226302503987e-09,
 -1.831469573221e-09, -2.034275635963e-09, -1.771094322090e-09,
 -1.109046903792e-09, -2.297496703519e-10,  6.197848268679e-10,
  1.195609350781e-09,  1.325903041874e-09,  9.609855062317e-10,
  1.898597915169e-10, -7.819716846703e-10, -1.687972207755e-09,
 -2.274458441357e-09, -2.372298596822e-09, -1.946316578391e-09,
 -1.108130204134e-09, -8.788011963100e-11,  8.278031121906e-10,
  1.375126465605e-09,  1.387593028218e-09,  8.449351906071e-10,
 -1.179749739739e-10, -1.245528577086e-09, -2.230182377639e-09,
 -2.797417589890e-09, -2.783264836811e-09, -2.182712286630e-09,
 -1.154690626643e-09,  1.848150256965e-11,  1.007075776070e-09,
  1.524811284832e-09,  1.409685400963e-09,  6.720105674186e-10,
 -5.043356700145e-10, -1.809080356005e-09, -2.888766425070e-09,
 -3.444073949535e-09, -3.314266422069e-09, -2.525231771627e-09,
 -1.286807543984e-09,  6.091396397706e-11,  1.138674581274e-09,
  1.632213696449e-09,  1.380856694505e-09,  4.259249140447e-10,
 -9.957806811111e-10, -2.512438025530e-09, -3.716654182117e-09,
 -4.277095541237e-09, -4.031890774589e-09, -3.037739189859e-09,
 -1.559839068023e-09, -4.252590684109e-12,  1.190366060279e-09,
  1.672683262624e-09,  1.277688897608e-09,  7.696324361237e-11,
 -1.634709982288e-09, -3.414479586117e-09, -4.789137933664e-09,
 -5.384251458313e-09, -5.029593117207e-09, -3.811371310355e-09,
 -2.055589063115e-09, -2.452423984375e-10,  1.107648860436e-09,
  1.601447945608e-09,  1.057747350862e-09, -4.235767115746e-10,
 -2.484049972011e-09, -4.597305546666e-09, -6.208251334891e-09,
 -6.883759853696e-09, -6.434333082561e-09, -4.972713608454e-09,
 -2.891642708429e-09, -7.648842309852e-10,  8.039711157557e-10,
  1.344938719585e-09,  6.533288375360e-10, -1.146929996289e-09,
 -3.627707477732e-09, -6.164185111890e-09, -8.099032094175e-09,
 -8.920022792343e-09, -8.403247392201e-09, -6.682242508838e-09,
 -4.222090052846e-09, -1.702953441999e-09,  1.580449441566e-10,
  7.999735234594e-10, -2.541834012151e-11, -2.177528917650e-09,
 -5.153715727075e-09, -8.214815033292e-09, -1.057815380239e-08,
 -1.162794102119e-08, -1.108636406982e-08, -9.098355708268e-09,
 -6.204550423894e-09, -3.206554669358e-09, -9.581034671690e-10,
 -1.362147177279e-10, -1.053687524819e-09, -3.564473850305e-09,
 -7.090295248710e-09, -1.076435048064e-08, -1.365679795547e-08,
 -1.502321314291e-08, -1.450997250271e-08, -1.225986503723e-08,
 -8.886758989389e-09, -5.322999759505e-09, -2.577055568562e-09,
 -1.464373694244e-09, -2.383343793589e-09, -5.197650157821e-09,
 -9.259487325161e-09, -1.357071213205e-08, -1.704212612827e-08,
 -1.878325633751e-08, -1.834574921275e-08, -1.585348721256e-08,
 -1.198212082093e-08, -7.790004033709e-09, -4.442781968163e-09,
 -2.903410314037e-09, -3.669984503199e-09, -6.633082979418e-09,
 -1.109317028102e-08, -1.593638639276e-08, -1.992480923194e-08,
 -2.202492055533e-08, -2.168710557866e-08, -1.900009278898e-08,
 -1.467697692927e-08, -9.873976274577e-09, -5.887856854034e-09,
 -3.811810043823e-09, -4.241221069929e-09, -7.109023713453e-09,
 -1.169617381929e-08, -1.681661000697e-08, -2.112857068806e-08,
 -2.349046674755e-08, -2.326613114049e-08, -2.049746850095e-08,
 -1.589733521884e-08, -1.066352138058e-08, -6.162604999763e-09,
 -3.567670676247e-09, -3.546470450644e-09]

================================================================================
TRAJECTORY 6
================================================================================

COMP trajectory 6
outcomes: (0, 0, 0, 0, 0, 0, 0, 0, 0, 0, 0, 0, 0, 0, 0, 0, 0, 0, 0, 0, 0, 0, 0, 0, 0, 0, 0, 0, 0, 0, 0, 0, 0, 0, 0, 0, 0, 0, 0, 0, 0, 0, 0, 0, 0, 0, 0, 0, 0, 0, 0, 0, 0, 0, 0, 0, 0, 0, 0, 0, 0, 0, 0, 0, 0, 0, 0, 0, 0, 0, 0, 0, 0, 0, 0, 0, 0, 0, 0, 0, 0, 0, 0, 0, 0, 0, 0, 0, 0, 0, 0, 0, 0, 0, 0, 0, 0, 0, 0, 0, 0, 0, 0, 0, 0, 0, 0, 0, 0, 0, 0, 0, 0, 0, 0, 0, 0, 0, 0, 0, 0, 0, 0, 0, 0, 0, 0, 0, 0, 0, 0, 0, 0, 0, 0, 0, 0, 0, 0, 0, 0, 0, 0, 0, 0, 0, 0, 0, 0, 0, 0, 0, 0, 0, 0, 0, 0, 0, 0, 0, 0, 0, 0, 0, 0, 0, 0, 0, 0, 0, 0, 0, 0, 0, 0, 0, 0, 0, 0, 0, 0, 0, 0, 0, 0, 0, 0, 0, 0, 0, 0, 0, 0, 0, 0, 0, 0, 0, 0, 0, 0)
p_seq: 0.9711646393507506
DeltaW_total: -0.8254703559926213
DeltaQ_total: -4.164499868344711e-06
dW per increment:
[ 1.573221825758e-03,  3.134225698634e-03,  1.495191472248e-03,
 -1.818410173470e-03, -3.643019679057e-03, -2.283259703793e-03,
  8.314121654003e-04,  2.560741646251e-03,  1.138127896114e-03,
 -2.107932878062e-03, -4.075018812387e-03, -2.935493525278e-03,
  8.680979657250e-05,  1.941298909479e-03,  7.505793541434e-04,
 -2.367704122973e-03, -4.427071274868e-03, -3.511588823436e-03,
 -6.325205688213e-04,  1.298855175149e-03,  3.396538452147e-04,
 -2.603516238699e-03, -4.703663861903e-03, -4.002026710845e-03,
 -1.303484448567e-03,  6.567724896147e-04, -8.510182655641e-05,
 -2.821587458538e-03, -4.914835379770e-03, -4.405884661647e-03,
 -1.910183305348e-03,  3.565060464972e-05, -5.132371009751e-04,
 -3.027298470332e-03, -5.073339001779e-03, -4.728865907634e-03,
 -2.444275699512e-03, -5.486423046008e-04, -9.348428529350e-04,
 -3.224521673861e-03, -5.192133571619e-03, -4.980712787173e-03,
 -2.903939336665e-03, -1.085625631404e-03, -1.341595073573e-03,
 -3.415530324414e-03, -5.282703324543e-03, -5.172819604123e-03,
 -3.292147499682e-03, -1.569847932078e-03, -1.727294307221e-03,
 -3.601287952193e-03, -5.354258896261e-03, -5.316473076707e-03,
 -3.614869638918e-03, -1.999957734029e-03, -2.087961498690e-03,
 -3.781885391360e-03, -5.413607311841e-03, -5.421796081443e-03,
 -3.879557404957e-03, -2.377593005731e-03, -2.421629721690e-03,
 -3.956956462901e-03, -5.465411011832e-03, -5.497269492576e-03,
 -4.094047385047e-03, -2.706343493434e-03, -2.727977972208e-03,
 -4.125989748825e-03, -5.512605403135e-03, -5.549645193128e-03,
 -4.265865411639e-03, -2.990908361619e-03, -3.007920527587e-03,
 -4.288519595002e-03, -5.556829053388e-03, -5.584081868419e-03,
 -4.401851463516e-03, -3.236478843183e-03, -3.263222340834e-03,
 -4.444214393502e-03, -5.598794481354e-03, -5.604382314079e-03,
 -4.508010920821e-03, -3.448324470437e-03, -3.496174112369e-03,
 -4.592891503647e-03, -5.638576436994e-03, -5.613257632877e-03,
 -4.589510306330e-03, -3.631540842013e-03, -3.709335560494e-03,
 -4.734486591206e-03, -5.675821051454e-03, -5.612579000513e-03,
 -4.650756018300e-03, -3.790914109564e-03, -3.905341228638e-03,
 -4.868998771144e-03, -5.709890569744e-03, -5.603600587765e-03,
 -4.695514006782e-03, -3.930862912689e-03, -4.086756904949e-03,
 -4.996426192346e-03, -5.739961228311e-03, -5.587150343032e-03,
 -4.727043558887e-03, -4.055426609789e-03, -4.255973341516e-03,
 -5.116701422967e-03, -5.765090719279e-03, -5.563791824187e-03,
 -4.748228901320e-03, -4.168276489178e-03, -4.415125183618e-03,
 -5.229632570476e-03, -5.784269144659e-03, -5.533962658291e-03,
 -4.761698933649e-03, -4.272733115865e-03, -4.566025450544e-03,
 -5.334854257718e-03, -5.796464622374e-03, -5.498095219046e-03,
 -4.769929084116e-03, -4.371777939717e-03, -4.710108795635e-03,
 -5.431791959246e-03, -5.800672190635e-03, -5.456723787063e-03,
 -4.775320974506e-03, -4.468051045418e-03, -4.848379782789e-03,
 -5.519643341266e-03, -5.795972387943e-03, -5.410580380357e-03,
 -4.780256060492e-03, -4.563829901620e-03, -4.981365435036e-03,
 -5.597380761653e-03, -5.781603688753e-03, -5.360678932234e-03,
 -4.787119299504e-03, -4.660986609068e-03, -5.109074308084e-03,
 -5.663779606643e-03, -5.757050613887e-03, -5.308384749725e-03,
 -4.798288702908e-03, -4.760923850927e-03, -5.230967275576e-03,
 -5.717477317724e-03, -5.722146574740e-03, -5.255463397646e-03,
 -4.816086816568e-03, -4.864492816061e-03, -5.345947962631e-03,
 -5.757067431755e-03, -5.677187184443e-03, -5.204100564750e-03,
 -4.842691174211e-03, -4.971899973988e-03, -5.452383086560e-03,
 -5.781231350383e-03, -5.623045821803e-03, -5.156882441717e-03,
 -4.880002986489e-03, -5.082613741926e-03, -5.548164465772e-03,
 -5.788907525879e-03, -5.561278786864e-03, -5.116725168225e-03,
 -4.929477097964e-03, -5.195286585103e-03, -5.630824596562e-03,
 -5.779493037682e-03, -5.494202800431e-03, -5.086742614139e-03,
 -4.991921764532e-03, -5.307712445877e-03, -5.697715810978e-03,
 -5.753066063175e-03, -5.424923524483e-03, -5.070044845191e-03,
 -5.067284018143e-03, -5.416842794922e-03, -5.746258424669e-03,
 -5.710609744664e-03, -5.357291195278e-03, -5.069465751415e-03,
 -5.154444859926e-03, -5.518885912881e-03, -5.774255378167e-03,
 -5.654209111349e-03, -5.295759633523e-03, -5.087227936578e-03,
 -5.251057296700e-03, -5.609511857628e-03]
dQ per increment:
[-2.303445896935e-07, -3.737145369089e-07, -2.283549950933e-07,
  6.305170112452e-08,  2.150937552111e-07,  7.990028732391e-08,
 -2.084242085049e-07, -3.664773042503e-07, -2.399387621110e-07,
  4.614098047476e-08,  2.117009113476e-07,  9.689510160199e-08,
 -1.826187498049e-07, -3.513829642211e-07, -2.450291769021e-07,
  3.033546556530e-08,  2.049763585094e-07,  1.110117306756e-07,
 -1.550299757133e-07, -3.301427211931e-07, -2.439696191038e-07,
  1.639555426841e-08,  1.954990783409e-07,  1.214994547454e-07,
 -1.276947290724e-07, -3.048688196460e-07, -2.376692300205e-07,
  4.792022993260e-09,  1.840388794716e-07,  1.280942077677e-07,
 -1.022653350084e-07, -2.776644927207e-07, -2.273371804587e-07,
 -4.279821998535e-09,  1.714289219086e-07,  1.309683700288e-07,
 -7.985172656823e-08, -2.503246558142e-07, -2.142349204326e-07,
 -1.084738411247e-08,  1.584479067014e-07,  1.306002499210e-07,
 -6.101955821701e-08, -2.241889704440e-07, -1.995010053563e-07,
 -1.509354093793e-08,  1.457387308226e-07,  1.276224479096e-07,
 -4.588924855950e-08, -2.001249774365e-07, -1.840592551367e-07,
 -1.729187853322e-08,  1.337709228935e-07,  1.226934771294e-07,
 -3.427311845569e-08, -1.785916474636e-07, -1.685938165394e-07,
 -1.775376124932e-08,  1.228404726272e-07,  1.164114519568e-07,
 -2.580565765589e-08, -1.597360211165e-07, -1.535663948131e-07,
 -1.679050413463e-08,  1.130923751921e-07,  1.092694205751e-07,
 -2.004501912893e-08, -1.434900750025e-07, -1.392533613949e-07,
 -1.469007675226e-08,  1.045533624044e-07,  1.016422897255e-07,
 -1.654100056014e-08, -1.296522185693e-07, -1.257883024876e-07,
 -1.170519751091e-08,  9.716509228631e-08,  9.379361490171e-08,
 -1.487427096812e-08, -1.179478545097e-07, -1.132015734467e-07,
 -8.050420379803e-09,  9.081268954100e-08,  8.589211769735e-08,
 -1.467435067383e-08, -1.080710673802e-07, -1.014535110436e-07,
 -3.904481047506e-09,  8.534696245392e-08,  7.803175067342e-08,
 -1.562353778208e-08, -9.971068657940e-08, -9.046070717413e-08,
  5.839268157545e-10,  8.060031384417e-08,  7.025135185992e-08,
 -1.745300054696e-08, -9.256527907370e-08, -8.011598286953e-08,
  5.288956048295e-09,  7.639736736547e-08,  6.255220588594e-08,
 -1.993441190199e-08, -8.635090077182e-08, -7.030356236320e-08,
  1.009977830708e-08,  7.256191040736e-08,  5.491314227597e-08,
 -2.287032066462e-08, -8.080429543707e-08, -6.091042770683e-08,
  1.491329992831e-08,  6.892140295544e-08,  4.730323838794e-08,
 -2.608426303207e-08, -7.568391480108e-08, -5.183528438337e-08,
  1.962741622615e-08,  6.531012132754e-08,  3.969257071895e-08,
 -2.941203097436e-08, -7.077007619684e-08, -4.299583785967e-08,
  2.413564253317e-08,  6.157211036167e-08,  3.206142777266e-08,
 -3.269431946441e-08, -6.586573788464e-08, -3.433505970686e-08,
  2.832297230429e-08,  5.756455508273e-08,  2.440847425957e-08,
 -3.577138624894e-08, -6.079799217806e-08, -2.582672045150e-08,
  3.206356326019e-08,  5.316200673948e-08,  1.675781689152e-08,
 -3.847984314433e-08, -5.542129094191e-08, -1.748021510872e-08,
  3.522051618497e-08,  4.826194963982e-08,  9.164972301478e-09,
 -4.065215378820e-08, -4.962225960171e-08, -9.344628259557e-09,
  3.764813782167e-08,  4.279176034263e-08,  1.721530753888e-09,
 -4.211903883306e-08, -4.332600521666e-08, -1.511265309076e-09,
  3.919698187815e-08,  3.671681065437e-08, -5.442147849553e-09,
 -4.271509123407e-08, -3.650385619995e-08,  5.885719669453e-09,
  3.972202878167e-08,  3.004932807617e-08, -1.215687048771e-08,
 -4.228784965515e-08, -2.918145639713e-08,  1.267170678804e-08,
  3.909421967489e-08,  2.285718243237e-08, -1.821821416469e-08,
 -4.071024553055e-08, -2.144663815637e-08,  1.863781259534e-08,
  3.721494434665e-08,  1.527154354364e-08, -2.339443457618e-08,
 -3.789598118555e-08, -1.345526241120e-08,  2.355192775961e-08,
  3.403317385721e-08,  7.491500678483e-09, -2.743986154442e-08,
 -3.381709327410e-08, -5.433546619582e-09,  2.717534480431e-08,
  2.956380423108e-08, -2.156552861635e-10, -3.011402925635e-08,
 -2.852204394194e-08,  2.325176557370e-09,  2.928503450416e-08,
  2.390557781243e-08, -7.521049739598e-09, -3.120651519140e-08,
 -2.215213877783e-08,  9.471303023117e-09,  2.970128797335e-08,
  1.725574105653e-08, -1.404927362381e-08, -3.056650947370e-08,
 -1.495334088931e-08,  1.561900356273e-08]

EXP trajectory 6
outcomes: (0, 0, 0, 0, 0, 0, 0, 0, 0, 0, 0, 0, 0, 0, 0, 0, 0, 0, 0, 0, 0, 0, 0, 0, 0, 0, 0, 0, 0, 0, 0, 0, 0, 0, 0, 0, 0, 0, 0, 0, 0, 0, 0, 0, 0, 0, 0, 0, 0, 0, 0, 0, 0, 0, 0, 0, 0, 0, 0, 0, 0, 0, 0, 0, 0, 0, 0, 0, 0, 0, 0, 0, 0, 0, 0, 0, 0, 0, 0, 0, 0, 0, 0, 0, 0, 0, 0, 0, 0, 0, 0, 0, 0, 0, 0, 0, 0, 0, 0, 0, 0, 0, 0, 0, 0, 0, 0, 0, 0, 0, 0, 0, 0, 0, 0, 0, 0, 0, 0, 0, 0, 0, 0, 0, 0, 0, 0, 0, 0, 0, 0, 0, 0, 0, 0, 0, 0, 0, 0, 0, 0, 0, 0, 0, 0, 0, 0, 0, 0, 0, 0, 0, 0, 0, 0, 0, 0, 0, 0, 0, 0, 0, 0, 0, 0, 0, 0, 0, 0, 0, 0, 0, 0, 0, 0, 0, 0, 0, 0, 0, 0, 0, 0, 0, 0, 0, 0, 0, 0, 0, 0, 0, 0, 0, 0, 0, 0, 0, 0, 0, 0)
p_seq: 0.9922287100657725
DeltaW_total: 0.5301603849893777
DeltaQ_total: -7.719151607382571e-07
dW per increment:
[ 3.471592021139e-03,  3.489908428906e-03,  3.499542792703e-03,
  3.497028079165e-03,  3.482376576295e-03,  3.459130024005e-03,
  3.433383333258e-03,  3.412051153308e-03,  3.400870158988e-03,
  3.402713397428e-03,  3.416710422060e-03,  3.438440127699e-03,
  3.461156066964e-03,  3.477704457890e-03,  3.482589830842e-03,
  3.473592845747e-03,  3.452465789282e-03,  3.424490918368e-03,
  3.397012033791e-03,  3.377347524109e-03,  3.370677421085e-03,
  3.378513174559e-03,  3.398199992864e-03,  3.423611057194e-03,
  3.446852446881e-03,  3.460504343055e-03,  3.459762855192e-03,
  3.443865714532e-03,  3.416381169661e-03,  3.384258974910e-03,
  3.355895587678e-03,  3.338751958154e-03,  3.337198766859e-03,
  3.351209489162e-03,  3.376289061208e-03,  3.404679028904e-03,
  3.427516203855e-03,  3.437344543505e-03,  3.430269528167e-03,
  3.407134656928e-03,  3.373368109511e-03,  3.337520432696e-03,
  3.308886893812e-03,  3.294874975238e-03,  3.298860968572e-03,
  3.319153244814e-03,  3.349376115514e-03,  3.380190563458e-03,
  3.401887676162e-03,  3.407135342613e-03,  3.393102892362e-03,
  3.362350867906e-03,  3.322211620397e-03,  3.282808163888e-03,
  3.254246028792e-03,  3.243755899954e-03,  3.253592696122e-03,
  3.280298007542e-03,  3.315559617075e-03,  3.348456266833e-03,
  3.368481985007e-03,  3.368513748836e-03,  3.346886605744e-03,
  3.307975511301e-03,  3.261091189071e-03,  3.217966880079e-03,
  3.189513415307e-03,  3.182738183902e-03,  3.198694951738e-03,
  3.232059665013e-03,  3.272483945990e-03,  3.307383733533e-03,
  3.325412546804e-03,  3.319662631013e-03,  3.289694066233e-03,
  3.241800872546e-03,  3.187402894879e-03,  3.139972437395e-03,
  3.111321225571e-03,  3.108268423539e-03,  3.130625578207e-03,
  3.171087622738e-03,  3.217101601967e-03,  3.254236837567e-03,
  3.270153219708e-03,  3.258079009022e-03,  3.218822165143e-03,
  3.160724633602e-03,  3.097526103314e-03,  3.044681909479e-03,
  3.015119583406e-03,  3.015595627069e-03,  3.044674015911e-03,
  3.092922697300e-03,  3.145325235042e-03,  3.185293245780e-03,
  3.199209648496e-03,  3.180261868129e-03,  3.130491228227e-03,
  3.060451242069e-03,  2.986511653903e-03,  2.926493760558e-03,
  2.894797634664e-03,  2.898349028616e-03,  2.934500145301e-03,
  2.991509053373e-03,  3.051529780597e-03,  3.095354689673e-03,
  3.107651809330e-03,  3.081273406748e-03,  3.019431538554e-03,
  2.935090631766e-03,  2.847672669210e-03,  2.777908084836e-03,
  2.742193359676e-03,  2.747985388865e-03,  2.791518166976e-03,
  2.858525885362e-03,  2.927853454429e-03,  2.977044695097e-03,
  2.988435731169e-03,  2.954105340171e-03,  2.878302659440e-03,
  2.776623704852e-03,  2.672074159671e-03,  2.589006798452e-03,
  2.546526078143e-03,  2.553139435749e-03,  2.604143225854e-03,
  2.682527892720e-03,  2.763252167938e-03,  2.819817430039e-03,
  2.831420422943e-03,  2.788759249169e-03,  2.696880788532e-03,
  2.574216128261e-03,  2.447960511557e-03,  2.346948888391e-03,
  2.293887735815e-03,  2.299028805124e-03,  2.357037084202e-03,
  2.447988826900e-03,  2.542343890347e-03,  2.608657615212e-03,
  2.622023091986e-03,  2.570982335142e-03,  2.460996823311e-03,
  2.313445207076e-03,  2.160295862955e-03,  2.035773856782e-03,
  1.967189110980e-03,  1.967377690381e-03,  2.030839102211e-03,
  2.134711463212e-03,  2.244452053180e-03,  2.322818203632e-03,
  2.339816139038e-03,  2.280962674844e-03,  2.151589596803e-03,
  1.975927794776e-03,  1.791082260642e-03,  1.637388648561e-03,
  1.547655126121e-03,  1.538156981326e-03,  1.603851242365e-03,
  1.719203159876e-03,  1.844539149339e-03,  1.936350438971e-03,
  1.958870131821e-03,  1.893840379415e-03,  1.745802062390e-03,
  1.541383878163e-03,  1.322648938199e-03,  1.136157894393e-03,
  1.020596391918e-03,  9.962611938334e-04,  1.059267056423e-03,
  1.182123606188e-03,  1.320649646217e-03,  1.425486451986e-03,
  1.455202128376e-03,  1.387497275168e-03,  1.225472717563e-03,
  9.971977101273e-04,  7.485906989935e-04,  5.314232441034e-04,
  3.895953828525e-04,  3.473390862094e-04,  4.025362268560e-04,
  5.270024193518e-04,  6.737378879755e-04,  7.892749176577e-04,
  8.278638852808e-04,  7.637162381879e-04,  5.980127755283e-04,
  3.587656806161e-04,  9.352727539280e-05, -1.431430554426e-04,
 -3.041275490840e-04, -3.622613342138e-04]
dQ per increment:
[-4.162499281889e-10, -8.896106024146e-10, -1.150365450901e-09,
 -1.119499371026e-09, -8.017114363872e-10, -2.854011209221e-10,
  2.817411198005e-10,  7.346852466672e-10,  9.387861848575e-10,
  8.293747238465e-10,  4.317194960898e-10, -1.448441436236e-10,
 -7.371924537827e-10, -1.174808945655e-09, -1.329034235095e-09,
 -1.151043532190e-09, -6.872767344384e-10, -6.770972259436e-11,
  5.302931824127e-10,  9.324338183080e-10,  1.017739948740e-09,
  7.544377596605e-10,  2.106795235230e-10, -4.633608275718e-10,
 -1.077278702008e-09, -1.454444851882e-09, -1.483146725226e-09,
 -1.149750651023e-09, -5.444651461455e-10,  1.627159518236e-10,
  7.692836975076e-10,  1.097732246682e-09,  1.046806066742e-09,
  6.219700737515e-10, -6.424148084154e-11, -8.223532087497e-10,
 -1.438696809472e-09, -1.736003174763e-09, -1.624659441484e-09,
 -1.129985244047e-09, -3.872032243446e-10,  3.949908562121e-10,
  9.924150062932e-10,  1.228965977379e-09,  1.027606012869e-09,
  4.342072565215e-10, -3.930365965413e-10, -1.226302503987e-09,
 -1.831469573221e-09, -2.034275635963e-09, -1.771094322090e-09,
 -1.109046903792e-09, -2.297496703519e-10,  6.197848268679e-10,
  1.195609350781e-09,  1.325903041874e-09,  9.609855062317e-10,
  1.898597915169e-10, -7.819716846703e-10, -1.687972207755e-09,
 -2.274458441357e-09, -2.372298596822e-09, -1.946316578391e-09,
 -1.108130204134e-09, -8.788011963100e-11,  8.278031121906e-10,
  1.375126465605e-09,  1.387593028218e-09,  8.449351906071e-10,
 -1.179749739739e-10, -1.245528577086e-09, -2.230182377639e-09,
 -2.797417589890e-09, -2.783264836811e-09, -2.182712286630e-09,
 -1.154690626643e-09,  1.848150256965e-11,  1.007075776070e-09,
  1.524811284832e-09,  1.409685400963e-09,  6.720105674186e-10,
 -5.043356700145e-10, -1.809080356005e-09, -2.888766425070e-09,
 -3.444073949535e-09, -3.314266422069e-09, -2.525231771627e-09,
 -1.286807543984e-09,  6.091396397706e-11,  1.138674581274e-09,
  1.632213696449e-09,  1.380856694505e-09,  4.259249140447e-10,
 -9.957806811111e-10, -2.512438025530e-09, -3.716654182117e-09,
 -4.277095541237e-09, -4.031890774589e-09, -3.037739189859e-09,
 -1.559839068023e-09, -4.252590684109e-12,  1.190366060279e-09,
  1.672683262624e-09,  1.277688897608e-09,  7.696324361237e-11,
 -1.634709982288e-09, -3.414479586117e-09, -4.789137933664e-09,
 -5.384251458313e-09, -5.029593117207e-09, -3.811371310355e-09,
 -2.055589063115e-09, -2.452423984375e-10,  1.107648860436e-09,
  1.601447945608e-09,  1.057747350862e-09, -4.235767115746e-10,
 -2.484049972011e-09, -4.597305546666e-09, -6.208251334891e-09,
 -6.883759853696e-09, -6.434333082561e-09, -4.972713608454e-09,
 -2.891642708429e-09, -7.648842309852e-10,  8.039711157557e-10,
  1.344938719585e-09,  6.533288375360e-10, -1.146929996289e-09,
 -3.627707477732e-09, -6.164185111890e-09, -8.099032094175e-09,
 -8.920022792343e-09, -8.403247392201e-09, -6.682242508838e-09,
 -4.222090052846e-09, -1.702953441999e-09,  1.580449441566e-10,
  7.999735234594e-10, -2.541834012151e-11, -2.177528917650e-09,
 -5.153715727075e-09, -8.214815033292e-09, -1.057815380239e-08,
 -1.162794102119e-08, -1.108636406982e-08, -9.098355708268e-09,
 -6.204550423894e-09, -3.206554669358e-09, -9.581034671690e-10,
 -1.362147177279e-10, -1.053687524819e-09, -3.564473850305e-09,
 -7.090295248710e-09, -1.076435048064e-08, -1.365679795547e-08,
 -1.502321314291e-08, -1.450997250271e-08, -1.225986503723e-08,
 -8.886758989389e-09, -5.322999759505e-09, -2.577055568562e-09,
 -1.464373694244e-09, -2.383343793589e-09, -5.197650157821e-09,
 -9.259487325161e-09, -1.357071213205e-08, -1.704212612827e-08,
 -1.878325633751e-08, -1.834574921275e-08, -1.585348721256e-08,
 -1.198212082093e-08, -7.790004033709e-09, -4.442781968163e-09,
 -2.903410314037e-09, -3.669984503199e-09, -6.633082979418e-09,
 -1.109317028102e-08, -1.593638639276e-08, -1.992480923194e-08,
 -2.202492055533e-08, -2.168710557866e-08, -1.900009278898e-08,
 -1.467697692927e-08, -9.873976274577e-09, -5.887856854034e-09,
 -3.811810043823e-09, -4.241221069929e-09, -7.109023713453e-09,
 -1.169617381929e-08, -1.681661000697e-08, -2.112857068806e-08,
 -2.349046674755e-08, -2.326613114049e-08, -2.049746850095e-08,
 -1.589733521884e-08, -1.066352138058e-08, -6.162604999763e-09,
 -3.567670676247e-09, -3.546470450644e-09]

================================================================================
TRAJECTORY 7
================================================================================

COMP trajectory 7
outcomes: (0, 0, 0, 0, 0, 0, 0, 0, 0, 0, 0, 0, 0, 0, 0, 0, 0, 0, 0, 0, 0, 0, 0, 0, 0, 0, 0, 0, 0, 0, 0, 0, 0, 0, 0, 0, 0, 0, 0, 0, 0, 0, 0, 0, 0, 0, 0, 0, 0, 0, 0, 0, 0, 0, 0, 0, 0, 0, 0, 0, 0, 0, 0, 0, 0, 0, 0, 0, 0, 0, 0, 0, 0, 0, 0, 0, 0, 0, 0, 0, 0, 0, 0, 0, 0, 0, 0, 0, 0, 0, 0, 0, 0, 0, 0, 0, 0, 0, 0, 0, 0, 0, 0, 0, 0, 0, 0, 0, 0, 0, 0, 0, 0, 0, 0, 0, 0, 0, 0, 0, 0, 0, 0, 0, 0, 0, 0, 0, 0, 0, 0, 0, 0, 0, 0, 0, 0, 0, 0, 0, 0, 0, 0, 0, 0, 0, 0, 0, 0, 0, 0, 0, 0, 0, 0, 0, 0, 0, 0, 0, 0, 0, 0, 0, 0, 0, 0, 0, 0, 0, 0, 0, 0, 0, 0, 0, 0, 0, 0, 0, 0, 0, 0, 0, 0, 0, 0, 0, 0, 0, 0, 0, 0, 0, 0, 0, 0, 0, 0, 0, 0)
p_seq: 0.9711646393507506
DeltaW_total: -0.8254703559926213
DeltaQ_total: -4.164499868344711e-06
dW per increment:
[ 1.573221825758e-03,  3.134225698634e-03,  1.495191472248e-03,
 -1.818410173470e-03, -3.643019679057e-03, -2.283259703793e-03,
  8.314121654003e-04,  2.560741646251e-03,  1.138127896114e-03,
 -2.107932878062e-03, -4.075018812387e-03, -2.935493525278e-03,
  8.680979657250e-05,  1.941298909479e-03,  7.505793541434e-04,
 -2.367704122973e-03, -4.427071274868e-03, -3.511588823436e-03,
 -6.325205688213e-04,  1.298855175149e-03,  3.396538452147e-04,
 -2.603516238699e-03, -4.703663861903e-03, -4.002026710845e-03,
 -1.303484448567e-03,  6.567724896147e-04, -8.510182655641e-05,
 -2.821587458538e-03, -4.914835379770e-03, -4.405884661647e-03,
 -1.910183305348e-03,  3.565060464972e-05, -5.132371009751e-04,
 -3.027298470332e-03, -5.073339001779e-03, -4.728865907634e-03,
 -2.444275699512e-03, -5.486423046008e-04, -9.348428529350e-04,
 -3.224521673861e-03, -5.192133571619e-03, -4.980712787173e-03,
 -2.903939336665e-03, -1.085625631404e-03, -1.341595073573e-03,
 -3.415530324414e-03, -5.282703324543e-03, -5.172819604123e-03,
 -3.292147499682e-03, -1.569847932078e-03, -1.727294307221e-03,
 -3.601287952193e-03, -5.354258896261e-03, -5.316473076707e-03,
 -3.614869638918e-03, -1.999957734029e-03, -2.087961498690e-03,
 -3.781885391360e-03, -5.413607311841e-03, -5.421796081443e-03,
 -3.879557404957e-03, -2.377593005731e-03, -2.421629721690e-03,
 -3.956956462901e-03, -5.465411011832e-03, -5.497269492576e-03,
 -4.094047385047e-03, -2.706343493434e-03, -2.727977972208e-03,
 -4.125989748825e-03, -5.512605403135e-03, -5.549645193128e-03,
 -4.265865411639e-03, -2.990908361619e-03, -3.007920527587e-03,
 -4.288519595002e-03, -5.556829053388e-03, -5.584081868419e-03,
 -4.401851463516e-03, -3.236478843183e-03, -3.263222340834e-03,
 -4.444214393502e-03, -5.598794481354e-03, -5.604382314079e-03,
 -4.508010920821e-03, -3.448324470437e-03, -3.496174112369e-03,
 -4.592891503647e-03, -5.638576436994e-03, -5.613257632877e-03,
 -4.589510306330e-03, -3.631540842013e-03, -3.709335560494e-03,
 -4.734486591206e-03, -5.675821051454e-03, -5.612579000513e-03,
 -4.650756018300e-03, -3.790914109564e-03, -3.905341228638e-03,
 -4.868998771144e-03, -5.709890569744e-03, -5.603600587765e-03,
 -4.695514006782e-03, -3.930862912689e-03, -4.086756904949e-03,
 -4.996426192346e-03, -5.739961228311e-03, -5.587150343032e-03,
 -4.727043558887e-03, -4.055426609789e-03, -4.255973341516e-03,
 -5.116701422967e-03, -5.765090719279e-03, -5.563791824187e-03,
 -4.748228901320e-03, -4.168276489178e-03, -4.415125183618e-03,
 -5.229632570476e-03, -5.784269144659e-03, -5.533962658291e-03,
 -4.761698933649e-03, -4.272733115865e-03, -4.566025450544e-03,
 -5.334854257718e-03, -5.796464622374e-03, -5.498095219046e-03,
 -4.769929084116e-03, -4.371777939717e-03, -4.710108795635e-03,
 -5.431791959246e-03, -5.800672190635e-03, -5.456723787063e-03,
 -4.775320974506e-03, -4.468051045418e-03, -4.848379782789e-03,
 -5.519643341266e-03, -5.795972387943e-03, -5.410580380357e-03,
 -4.780256060492e-03, -4.563829901620e-03, -4.981365435036e-03,
 -5.597380761653e-03, -5.781603688753e-03, -5.360678932234e-03,
 -4.787119299504e-03, -4.660986609068e-03, -5.109074308084e-03,
 -5.663779606643e-03, -5.757050613887e-03, -5.308384749725e-03,
 -4.798288702908e-03, -4.760923850927e-03, -5.230967275576e-03,
 -5.717477317724e-03, -5.722146574740e-03, -5.255463397646e-03,
 -4.816086816568e-03, -4.864492816061e-03, -5.345947962631e-03,
 -5.757067431755e-03, -5.677187184443e-03, -5.204100564750e-03,
 -4.842691174211e-03, -4.971899973988e-03, -5.452383086560e-03,
 -5.781231350383e-03, -5.623045821803e-03, -5.156882441717e-03,
 -4.880002986489e-03, -5.082613741926e-03, -5.548164465772e-03,
 -5.788907525879e-03, -5.561278786864e-03, -5.116725168225e-03,
 -4.929477097964e-03, -5.195286585103e-03, -5.630824596562e-03,
 -5.779493037682e-03, -5.494202800431e-03, -5.086742614139e-03,
 -4.991921764532e-03, -5.307712445877e-03, -5.697715810978e-03,
 -5.753066063175e-03, -5.424923524483e-03, -5.070044845191e-03,
 -5.067284018143e-03, -5.416842794922e-03, -5.746258424669e-03,
 -5.710609744664e-03, -5.357291195278e-03, -5.069465751415e-03,
 -5.154444859926e-03, -5.518885912881e-03, -5.774255378167e-03,
 -5.654209111349e-03, -5.295759633523e-03, -5.087227936578e-03,
 -5.251057296700e-03, -5.609511857628e-03]
dQ per increment:
[-2.303445896935e-07, -3.737145369089e-07, -2.283549950933e-07,
  6.305170112452e-08,  2.150937552111e-07,  7.990028732391e-08,
 -2.084242085049e-07, -3.664773042503e-07, -2.399387621110e-07,
  4.614098047476e-08,  2.117009113476e-07,  9.689510160199e-08,
 -1.826187498049e-07, -3.513829642211e-07, -2.450291769021e-07,
  3.033546556530e-08,  2.049763585094e-07,  1.110117306756e-07,
 -1.550299757133e-07, -3.301427211931e-07, -2.439696191038e-07,
  1.639555426841e-08,  1.954990783409e-07,  1.214994547454e-07,
 -1.276947290724e-07, -3.048688196460e-07, -2.376692300205e-07,
  4.792022993260e-09,  1.840388794716e-07,  1.280942077677e-07,
 -1.022653350084e-07, -2.776644927207e-07, -2.273371804587e-07,
 -4.279821998535e-09,  1.714289219086e-07,  1.309683700288e-07,
 -7.985172656823e-08, -2.503246558142e-07, -2.142349204326e-07,
 -1.084738411247e-08,  1.584479067014e-07,  1.306002499210e-07,
 -6.101955821701e-08, -2.241889704440e-07, -1.995010053563e-07,
 -1.509354093793e-08,  1.457387308226e-07,  1.276224479096e-07,
 -4.588924855950e-08, -2.001249774365e-07, -1.840592551367e-07,
 -1.729187853322e-08,  1.337709228935e-07,  1.226934771294e-07,
 -3.427311845569e-08, -1.785916474636e-07, -1.685938165394e-07,
 -1.775376124932e-08,  1.228404726272e-07,  1.164114519568e-07,
 -2.580565765589e-08, -1.597360211165e-07, -1.535663948131e-07,
 -1.679050413463e-08,  1.130923751921e-07,  1.092694205751e-07,
 -2.004501912893e-08, -1.434900750025e-07, -1.392533613949e-07,
 -1.469007675226e-08,  1.045533624044e-07,  1.016422897255e-07,
 -1.654100056014e-08, -1.296522185693e-07, -1.257883024876e-07,
 -1.170519751091e-08,  9.716509228631e-08,  9.379361490171e-08,
 -1.487427096812e-08, -1.179478545097e-07, -1.132015734467e-07,
 -8.050420379803e-09,  9.081268954100e-08,  8.589211769735e-08,
 -1.467435067383e-08, -1.080710673802e-07, -1.014535110436e-07,
 -3.904481047506e-09,  8.534696245392e-08,  7.803175067342e-08,
 -1.562353778208e-08, -9.971068657940e-08, -9.046070717413e-08,
  5.839268157545e-10,  8.060031384417e-08,  7.025135185992e-08,
 -1.745300054696e-08, -9.256527907370e-08, -8.011598286953e-08,
  5.288956048295e-09,  7.639736736547e-08,  6.255220588594e-08,
 -1.993441190199e-08, -8.635090077182e-08, -7.030356236320e-08,
  1.009977830708e-08,  7.256191040736e-08,  5.491314227597e-08,
 -2.287032066462e-08, -8.080429543707e-08, -6.091042770683e-08,
  1.491329992831e-08,  6.892140295544e-08,  4.730323838794e-08,
 -2.608426303207e-08, -7.568391480108e-08, -5.183528438337e-08,
  1.962741622615e-08,  6.531012132754e-08,  3.969257071895e-08,
 -2.941203097436e-08, -7.077007619684e-08, -4.299583785967e-08,
  2.413564253317e-08,  6.157211036167e-08,  3.206142777266e-08,
 -3.269431946441e-08, -6.586573788464e-08, -3.433505970686e-08,
  2.832297230429e-08,  5.756455508273e-08,  2.440847425957e-08,
 -3.577138624894e-08, -6.079799217806e-08, -2.582672045150e-08,
  3.206356326019e-08,  5.316200673948e-08,  1.675781689152e-08,
 -3.847984314433e-08, -5.542129094191e-08, -1.748021510872e-08,
  3.522051618497e-08,  4.826194963982e-08,  9.164972301478e-09,
 -4.065215378820e-08, -4.962225960171e-08, -9.344628259557e-09,
  3.764813782167e-08,  4.279176034263e-08,  1.721530753888e-09,
 -4.211903883306e-08, -4.332600521666e-08, -1.511265309076e-09,
  3.919698187815e-08,  3.671681065437e-08, -5.442147849553e-09,
 -4.271509123407e-08, -3.650385619995e-08,  5.885719669453e-09,
  3.972202878167e-08,  3.004932807617e-08, -1.215687048771e-08,
 -4.228784965515e-08, -2.918145639713e-08,  1.267170678804e-08,
  3.909421967489e-08,  2.285718243237e-08, -1.821821416469e-08,
 -4.071024553055e-08, -2.144663815637e-08,  1.863781259534e-08,
  3.721494434665e-08,  1.527154354364e-08, -2.339443457618e-08,
 -3.789598118555e-08, -1.345526241120e-08,  2.355192775961e-08,
  3.403317385721e-08,  7.491500678483e-09, -2.743986154442e-08,
 -3.381709327410e-08, -5.433546619582e-09,  2.717534480431e-08,
  2.956380423108e-08, -2.156552861635e-10, -3.011402925635e-08,
 -2.852204394194e-08,  2.325176557370e-09,  2.928503450416e-08,
  2.390557781243e-08, -7.521049739598e-09, -3.120651519140e-08,
 -2.215213877783e-08,  9.471303023117e-09,  2.970128797335e-08,
  1.725574105653e-08, -1.404927362381e-08, -3.056650947370e-08,
 -1.495334088931e-08,  1.561900356273e-08]

EXP trajectory 7
outcomes: (0, 0, 0, 0, 0, 0, 0, 0, 0, 0, 0, 0, 0, 0, 0, 0, 0, 0, 0, 0, 0, 0, 0, 0, 0, 0, 0, 0, 0, 0, 0, 0, 0, 0, 0, 0, 0, 0, 0, 0, 0, 0, 0, 0, 0, 0, 0, 0, 0, 0, 0, 0, 0, 0, 0, 0, 0, 0, 0, 0, 0, 0, 0, 0, 0, 0, 0, 0, 0, 0, 0, 0, 0, 0, 0, 0, 0, 0, 0, 0, 0, 0, 0, 0, 0, 0, 0, 0, 0, 0, 0, 0, 0, 0, 0, 0, 0, 0, 0, 0, 0, 0, 0, 0, 0, 0, 0, 0, 0, 0, 0, 0, 0, 0, 0, 0, 0, 0, 0, 0, 0, 0, 0, 0, 0, 0, 0, 0, 0, 0, 0, 0, 0, 0, 0, 0, 0, 0, 0, 0, 0, 0, 0, 0, 0, 0, 0, 0, 0, 0, 0, 0, 0, 0, 0, 0, 0, 0, 0, 0, 0, 0, 0, 0, 0, 0, 0, 0, 0, 0, 0, 0, 0, 0, 0, 0, 0, 0, 0, 0, 0, 0, 0, 0, 0, 0, 0, 0, 0, 0, 0, 0, 0, 0, 0, 0, 0, 0, 0, 0, 0)
p_seq: 0.9922287100657725
DeltaW_total: 0.5301603849893777
DeltaQ_total: -7.719151607382571e-07
dW per increment:
[ 3.471592021139e-03,  3.489908428906e-03,  3.499542792703e-03,
  3.497028079165e-03,  3.482376576295e-03,  3.459130024005e-03,
  3.433383333258e-03,  3.412051153308e-03,  3.400870158988e-03,
  3.402713397428e-03,  3.416710422060e-03,  3.438440127699e-03,
  3.461156066964e-03,  3.477704457890e-03,  3.482589830842e-03,
  3.473592845747e-03,  3.452465789282e-03,  3.424490918368e-03,
  3.397012033791e-03,  3.377347524109e-03,  3.370677421085e-03,
  3.378513174559e-03,  3.398199992864e-03,  3.423611057194e-03,
  3.446852446881e-03,  3.460504343055e-03,  3.459762855192e-03,
  3.443865714532e-03,  3.416381169661e-03,  3.384258974910e-03,
  3.355895587678e-03,  3.338751958154e-03,  3.337198766859e-03,
  3.351209489162e-03,  3.376289061208e-03,  3.404679028904e-03,
  3.427516203855e-03,  3.437344543505e-03,  3.430269528167e-03,
  3.407134656928e-03,  3.373368109511e-03,  3.337520432696e-03,
  3.308886893812e-03,  3.294874975238e-03,  3.298860968572e-03,
  3.319153244814e-03,  3.349376115514e-03,  3.380190563458e-03,
  3.401887676162e-03,  3.407135342613e-03,  3.393102892362e-03,
  3.362350867906e-03,  3.322211620397e-03,  3.282808163888e-03,
  3.254246028792e-03,  3.243755899954e-03,  3.253592696122e-03,
  3.280298007542e-03,  3.315559617075e-03,  3.348456266833e-03,
  3.368481985007e-03,  3.368513748836e-03,  3.346886605744e-03,
  3.307975511301e-03,  3.261091189071e-03,  3.217966880079e-03,
  3.189513415307e-03,  3.182738183902e-03,  3.198694951738e-03,
  3.232059665013e-03,  3.272483945990e-03,  3.307383733533e-03,
  3.325412546804e-03,  3.319662631013e-03,  3.289694066233e-03,
  3.241800872546e-03,  3.187402894879e-03,  3.139972437395e-03,
  3.111321225571e-03,  3.108268423539e-03,  3.130625578207e-03,
  3.171087622738e-03,  3.217101601967e-03,  3.254236837567e-03,
  3.270153219708e-03,  3.258079009022e-03,  3.218822165143e-03,
  3.160724633602e-03,  3.097526103314e-03,  3.044681909479e-03,
  3.015119583406e-03,  3.015595627069e-03,  3.044674015911e-03,
  3.092922697300e-03,  3.145325235042e-03,  3.185293245780e-03,
  3.199209648496e-03,  3.180261868129e-03,  3.130491228227e-03,
  3.060451242069e-03,  2.986511653903e-03,  2.926493760558e-03,
  2.894797634664e-03,  2.898349028616e-03,  2.934500145301e-03,
  2.991509053373e-03,  3.051529780597e-03,  3.095354689673e-03,
  3.107651809330e-03,  3.081273406748e-03,  3.019431538554e-03,
  2.935090631766e-03,  2.847672669210e-03,  2.777908084836e-03,
  2.742193359676e-03,  2.747985388865e-03,  2.791518166976e-03,
  2.858525885362e-03,  2.927853454429e-03,  2.977044695097e-03,
  2.988435731169e-03,  2.954105340171e-03,  2.878302659440e-03,
  2.776623704852e-03,  2.672074159671e-03,  2.589006798452e-03,
  2.546526078143e-03,  2.553139435749e-03,  2.604143225854e-03,
  2.682527892720e-03,  2.763252167938e-03,  2.819817430039e-03,
  2.831420422943e-03,  2.788759249169e-03,  2.696880788532e-03,
  2.574216128261e-03,  2.447960511557e-03,  2.346948888391e-03,
  2.293887735815e-03,  2.299028805124e-03,  2.357037084202e-03,
  2.447988826900e-03,  2.542343890347e-03,  2.608657615212e-03,
  2.622023091986e-03,  2.570982335142e-03,  2.460996823311e-03,
  2.313445207076e-03,  2.160295862955e-03,  2.035773856782e-03,
  1.967189110980e-03,  1.967377690381e-03,  2.030839102211e-03,
  2.134711463212e-03,  2.244452053180e-03,  2.322818203632e-03,
  2.339816139038e-03,  2.280962674844e-03,  2.151589596803e-03,
  1.975927794776e-03,  1.791082260642e-03,  1.637388648561e-03,
  1.547655126121e-03,  1.538156981326e-03,  1.603851242365e-03,
  1.719203159876e-03,  1.844539149339e-03,  1.936350438971e-03,
  1.958870131821e-03,  1.893840379415e-03,  1.745802062390e-03,
  1.541383878163e-03,  1.322648938199e-03,  1.136157894393e-03,
  1.020596391918e-03,  9.962611938334e-04,  1.059267056423e-03,
  1.182123606188e-03,  1.320649646217e-03,  1.425486451986e-03,
  1.455202128376e-03,  1.387497275168e-03,  1.225472717563e-03,
  9.971977101273e-04,  7.485906989935e-04,  5.314232441034e-04,
  3.895953828525e-04,  3.473390862094e-04,  4.025362268560e-04,
  5.270024193518e-04,  6.737378879755e-04,  7.892749176577e-04,
  8.278638852808e-04,  7.637162381879e-04,  5.980127755283e-04,
  3.587656806161e-04,  9.352727539280e-05, -1.431430554426e-04,
 -3.041275490840e-04, -3.622613342138e-04]
dQ per increment:
[-4.162499281889e-10, -8.896106024146e-10, -1.150365450901e-09,
 -1.119499371026e-09, -8.017114363872e-10, -2.854011209221e-10,
  2.817411198005e-10,  7.346852466672e-10,  9.387861848575e-10,
  8.293747238465e-10,  4.317194960898e-10, -1.448441436236e-10,
 -7.371924537827e-10, -1.174808945655e-09, -1.329034235095e-09,
 -1.151043532190e-09, -6.872767344384e-10, -6.770972259436e-11,
  5.302931824127e-10,  9.324338183080e-10,  1.017739948740e-09,
  7.544377596605e-10,  2.106795235230e-10, -4.633608275718e-10,
 -1.077278702008e-09, -1.454444851882e-09, -1.483146725226e-09,
 -1.149750651023e-09, -5.444651461455e-10,  1.627159518236e-10,
  7.692836975076e-10,  1.097732246682e-09,  1.046806066742e-09,
  6.219700737515e-10, -6.424148084154e-11, -8.223532087497e-10,
 -1.438696809472e-09, -1.736003174763e-09, -1.624659441484e-09,
 -1.129985244047e-09, -3.872032243446e-10,  3.949908562121e-10,
  9.924150062932e-10,  1.228965977379e-09,  1.027606012869e-09,
  4.342072565215e-10, -3.930365965413e-10, -1.226302503987e-09,
 -1.831469573221e-09, -2.034275635963e-09, -1.771094322090e-09,
 -1.109046903792e-09, -2.297496703519e-10,  6.197848268679e-10,
  1.195609350781e-09,  1.325903041874e-09,  9.609855062317e-10,
  1.898597915169e-10, -7.819716846703e-10, -1.687972207755e-09,
 -2.274458441357e-09, -2.372298596822e-09, -1.946316578391e-09,
 -1.108130204134e-09, -8.788011963100e-11,  8.278031121906e-10,
  1.375126465605e-09,  1.387593028218e-09,  8.449351906071e-10,
 -1.179749739739e-10, -1.245528577086e-09, -2.230182377639e-09,
 -2.797417589890e-09, -2.783264836811e-09, -2.182712286630e-09,
 -1.154690626643e-09,  1.848150256965e-11,  1.007075776070e-09,
  1.524811284832e-09,  1.409685400963e-09,  6.720105674186e-10,
 -5.043356700145e-10, -1.809080356005e-09, -2.888766425070e-09,
 -3.444073949535e-09, -3.314266422069e-09, -2.525231771627e-09,
 -1.286807543984e-09,  6.091396397706e-11,  1.138674581274e-09,
  1.632213696449e-09,  1.380856694505e-09,  4.259249140447e-10,
 -9.957806811111e-10, -2.512438025530e-09, -3.716654182117e-09,
 -4.277095541237e-09, -4.031890774589e-09, -3.037739189859e-09,
 -1.559839068023e-09, -4.252590684109e-12,  1.190366060279e-09,
  1.672683262624e-09,  1.277688897608e-09,  7.696324361237e-11,
 -1.634709982288e-09, -3.414479586117e-09, -4.789137933664e-09,
 -5.384251458313e-09, -5.029593117207e-09, -3.811371310355e-09,
 -2.055589063115e-09, -2.452423984375e-10,  1.107648860436e-09,
  1.601447945608e-09,  1.057747350862e-09, -4.235767115746e-10,
 -2.484049972011e-09, -4.597305546666e-09, -6.208251334891e-09,
 -6.883759853696e-09, -6.434333082561e-09, -4.972713608454e-09,
 -2.891642708429e-09, -7.648842309852e-10,  8.039711157557e-10,
  1.344938719585e-09,  6.533288375360e-10, -1.146929996289e-09,
 -3.627707477732e-09, -6.164185111890e-09, -8.099032094175e-09,
 -8.920022792343e-09, -8.403247392201e-09, -6.682242508838e-09,
 -4.222090052846e-09, -1.702953441999e-09,  1.580449441566e-10,
  7.999735234594e-10, -2.541834012151e-11, -2.177528917650e-09,
 -5.153715727075e-09, -8.214815033292e-09, -1.057815380239e-08,
 -1.162794102119e-08, -1.108636406982e-08, -9.098355708268e-09,
 -6.204550423894e-09, -3.206554669358e-09, -9.581034671690e-10,
 -1.362147177279e-10, -1.053687524819e-09, -3.564473850305e-09,
 -7.090295248710e-09, -1.076435048064e-08, -1.365679795547e-08,
 -1.502321314291e-08, -1.450997250271e-08, -1.225986503723e-08,
 -8.886758989389e-09, -5.322999759505e-09, -2.577055568562e-09,
 -1.464373694244e-09, -2.383343793589e-09, -5.197650157821e-09,
 -9.259487325161e-09, -1.357071213205e-08, -1.704212612827e-08,
 -1.878325633751e-08, -1.834574921275e-08, -1.585348721256e-08,
 -1.198212082093e-08, -7.790004033709e-09, -4.442781968163e-09,
 -2.903410314037e-09, -3.669984503199e-09, -6.633082979418e-09,
 -1.109317028102e-08, -1.593638639276e-08, -1.992480923194e-08,
 -2.202492055533e-08, -2.168710557866e-08, -1.900009278898e-08,
 -1.467697692927e-08, -9.873976274577e-09, -5.887856854034e-09,
 -3.811810043823e-09, -4.241221069929e-09, -7.109023713453e-09,
 -1.169617381929e-08, -1.681661000697e-08, -2.112857068806e-08,
 -2.349046674755e-08, -2.326613114049e-08, -2.049746850095e-08,
 -1.589733521884e-08, -1.066352138058e-08, -6.162604999763e-09,
 -3.567670676247e-09, -3.546470450644e-09]

================================================================================
TRAJECTORY 8
================================================================================

COMP trajectory 8
outcomes: (0, 0, 0, 0, 0, 0, 0, 0, 0, 0, 0, 0, 0, 0, 0, 0, 0, 0, 0, 0, 0, 0, 0, 0, 0, 0, 0, 0, 0, 0, 0, 0, 0, 0, 0, 0, 0, 0, 0, 0, 0, 0, 0, 0, 0, 0, 0, 0, 0, 0, 0, 0, 0, 0, 0, 0, 0, 0, 0, 0, 0, 0, 0, 0, 0, 0, 0, 0, 0, 0, 0, 0, 0, 0, 0, 0, 0, 0, 0, 0, 0, 0, 0, 0, 0, 0, 0, 0, 0, 0, 0, 0, 0, 0, 0, 0, 0, 0, 0, 0, 0, 0, 0, 0, 0, 0, 0, 0, 0, 0, 0, 0, 0, 0, 0, 0, 0, 0, 0, 0, 0, 0, 0, 0, 0, 0, 0, 0, 0, 0, 0, 0, 0, 0, 0, 0, 0, 0, 0, 0, 0, 0, 0, 0, 0, 0, 0, 0, 0, 0, 0, 0, 0, 0, 0, 0, 0, 0, 0, 0, 0, 0, 0, 0, 0, 0, 0, 0, 0, 0, 0, 0, 0, 0, 0, 0, 0, 0, 0, 0, 0, 0, 0, 0, 0, 0, 0, 0, 0, 0, 0, 0, 0, 0, 0, 0, 0, 0, 0, 0, 0)
p_seq: 0.9711646393507506
DeltaW_total: -0.8254703559926213
DeltaQ_total: -4.164499868344711e-06
dW per increment:
[ 1.573221825758e-03,  3.134225698634e-03,  1.495191472248e-03,
 -1.818410173470e-03, -3.643019679057e-03, -2.283259703793e-03,
  8.314121654003e-04,  2.560741646251e-03,  1.138127896114e-03,
 -2.107932878062e-03, -4.075018812387e-03, -2.935493525278e-03,
  8.680979657250e-05,  1.941298909479e-03,  7.505793541434e-04,
 -2.367704122973e-03, -4.427071274868e-03, -3.511588823436e-03,
 -6.325205688213e-04,  1.298855175149e-03,  3.396538452147e-04,
 -2.603516238699e-03, -4.703663861903e-03, -4.002026710845e-03,
 -1.303484448567e-03,  6.567724896147e-04, -8.510182655641e-05,
 -2.821587458538e-03, -4.914835379770e-03, -4.405884661647e-03,
 -1.910183305348e-03,  3.565060464972e-05, -5.132371009751e-04,
 -3.027298470332e-03, -5.073339001779e-03, -4.728865907634e-03,
 -2.444275699512e-03, -5.486423046008e-04, -9.348428529350e-04,
 -3.224521673861e-03, -5.192133571619e-03, -4.980712787173e-03,
 -2.903939336665e-03, -1.085625631404e-03, -1.341595073573e-03,
 -3.415530324414e-03, -5.282703324543e-03, -5.172819604123e-03,
 -3.292147499682e-03, -1.569847932078e-03, -1.727294307221e-03,
 -3.601287952193e-03, -5.354258896261e-03, -5.316473076707e-03,
 -3.614869638918e-03, -1.999957734029e-03, -2.087961498690e-03,
 -3.781885391360e-03, -5.413607311841e-03, -5.421796081443e-03,
 -3.879557404957e-03, -2.377593005731e-03, -2.421629721690e-03,
 -3.956956462901e-03, -5.465411011832e-03, -5.497269492576e-03,
 -4.094047385047e-03, -2.706343493434e-03, -2.727977972208e-03,
 -4.125989748825e-03, -5.512605403135e-03, -5.549645193128e-03,
 -4.265865411639e-03, -2.990908361619e-03, -3.007920527587e-03,
 -4.288519595002e-03, -5.556829053388e-03, -5.584081868419e-03,
 -4.401851463516e-03, -3.236478843183e-03, -3.263222340834e-03,
 -4.444214393502e-03, -5.598794481354e-03, -5.604382314079e-03,
 -4.508010920821e-03, -3.448324470437e-03, -3.496174112369e-03,
 -4.592891503647e-03, -5.638576436994e-03, -5.613257632877e-03,
 -4.589510306330e-03, -3.631540842013e-03, -3.709335560494e-03,
 -4.734486591206e-03, -5.675821051454e-03, -5.612579000513e-03,
 -4.650756018300e-03, -3.790914109564e-03, -3.905341228638e-03,
 -4.868998771144e-03, -5.709890569744e-03, -5.603600587765e-03,
 -4.695514006782e-03, -3.930862912689e-03, -4.086756904949e-03,
 -4.996426192346e-03, -5.739961228311e-03, -5.587150343032e-03,
 -4.727043558887e-03, -4.055426609789e-03, -4.255973341516e-03,
 -5.116701422967e-03, -5.765090719279e-03, -5.563791824187e-03,
 -4.748228901320e-03, -4.168276489178e-03, -4.415125183618e-03,
 -5.229632570476e-03, -5.784269144659e-03, -5.533962658291e-03,
 -4.761698933649e-03, -4.272733115865e-03, -4.566025450544e-03,
 -5.334854257718e-03, -5.796464622374e-03, -5.498095219046e-03,
 -4.769929084116e-03, -4.371777939717e-03, -4.710108795635e-03,
 -5.431791959246e-03, -5.800672190635e-03, -5.456723787063e-03,
 -4.775320974506e-03, -4.468051045418e-03, -4.848379782789e-03,
 -5.519643341266e-03, -5.795972387943e-03, -5.410580380357e-03,
 -4.780256060492e-03, -4.563829901620e-03, -4.981365435036e-03,
 -5.597380761653e-03, -5.781603688753e-03, -5.360678932234e-03,
 -4.787119299504e-03, -4.660986609068e-03, -5.109074308084e-03,
 -5.663779606643e-03, -5.757050613887e-03, -5.308384749725e-03,
 -4.798288702908e-03, -4.760923850927e-03, -5.230967275576e-03,
 -5.717477317724e-03, -5.722146574740e-03, -5.255463397646e-03,
 -4.816086816568e-03, -4.864492816061e-03, -5.345947962631e-03,
 -5.757067431755e-03, -5.677187184443e-03, -5.204100564750e-03,
 -4.842691174211e-03, -4.971899973988e-03, -5.452383086560e-03,
 -5.781231350383e-03, -5.623045821803e-03, -5.156882441717e-03,
 -4.880002986489e-03, -5.082613741926e-03, -5.548164465772e-03,
 -5.788907525879e-03, -5.561278786864e-03, -5.116725168225e-03,
 -4.929477097964e-03, -5.195286585103e-03, -5.630824596562e-03,
 -5.779493037682e-03, -5.494202800431e-03, -5.086742614139e-03,
 -4.991921764532e-03, -5.307712445877e-03, -5.697715810978e-03,
 -5.753066063175e-03, -5.424923524483e-03, -5.070044845191e-03,
 -5.067284018143e-03, -5.416842794922e-03, -5.746258424669e-03,
 -5.710609744664e-03, -5.357291195278e-03, -5.069465751415e-03,
 -5.154444859926e-03, -5.518885912881e-03, -5.774255378167e-03,
 -5.654209111349e-03, -5.295759633523e-03, -5.087227936578e-03,
 -5.251057296700e-03, -5.609511857628e-03]
dQ per increment:
[-2.303445896935e-07, -3.737145369089e-07, -2.283549950933e-07,
  6.305170112452e-08,  2.150937552111e-07,  7.990028732391e-08,
 -2.084242085049e-07, -3.664773042503e-07, -2.399387621110e-07,
  4.614098047476e-08,  2.117009113476e-07,  9.689510160199e-08,
 -1.826187498049e-07, -3.513829642211e-07, -2.450291769021e-07,
  3.033546556530e-08,  2.049763585094e-07,  1.110117306756e-07,
 -1.550299757133e-07, -3.301427211931e-07, -2.439696191038e-07,
  1.639555426841e-08,  1.954990783409e-07,  1.214994547454e-07,
 -1.276947290724e-07, -3.048688196460e-07, -2.376692300205e-07,
  4.792022993260e-09,  1.840388794716e-07,  1.280942077677e-07,
 -1.022653350084e-07, -2.776644927207e-07, -2.273371804587e-07,
 -4.279821998535e-09,  1.714289219086e-07,  1.309683700288e-07,
 -7.985172656823e-08, -2.503246558142e-07, -2.142349204326e-07,
 -1.084738411247e-08,  1.584479067014e-07,  1.306002499210e-07,
 -6.101955821701e-08, -2.241889704440e-07, -1.995010053563e-07,
 -1.509354093793e-08,  1.457387308226e-07,  1.276224479096e-07,
 -4.588924855950e-08, -2.001249774365e-07, -1.840592551367e-07,
 -1.729187853322e-08,  1.337709228935e-07,  1.226934771294e-07,
 -3.427311845569e-08, -1.785916474636e-07, -1.685938165394e-07,
 -1.775376124932e-08,  1.228404726272e-07,  1.164114519568e-07,
 -2.580565765589e-08, -1.597360211165e-07, -1.535663948131e-07,
 -1.679050413463e-08,  1.130923751921e-07,  1.092694205751e-07,
 -2.004501912893e-08, -1.434900750025e-07, -1.392533613949e-07,
 -1.469007675226e-08,  1.045533624044e-07,  1.016422897255e-07,
 -1.654100056014e-08, -1.296522185693e-07, -1.257883024876e-07,
 -1.170519751091e-08,  9.716509228631e-08,  9.379361490171e-08,
 -1.487427096812e-08, -1.179478545097e-07, -1.132015734467e-07,
 -8.050420379803e-09,  9.081268954100e-08,  8.589211769735e-08,
 -1.467435067383e-08, -1.080710673802e-07, -1.014535110436e-07,
 -3.904481047506e-09,  8.534696245392e-08,  7.803175067342e-08,
 -1.562353778208e-08, -9.971068657940e-08, -9.046070717413e-08,
  5.839268157545e-10,  8.060031384417e-08,  7.025135185992e-08,
 -1.745300054696e-08, -9.256527907370e-08, -8.011598286953e-08,
  5.288956048295e-09,  7.639736736547e-08,  6.255220588594e-08,
 -1.993441190199e-08, -8.635090077182e-08, -7.030356236320e-08,
  1.009977830708e-08,  7.256191040736e-08,  5.491314227597e-08,
 -2.287032066462e-08, -8.080429543707e-08, -6.091042770683e-08,
  1.491329992831e-08,  6.892140295544e-08,  4.730323838794e-08,
 -2.608426303207e-08, -7.568391480108e-08, -5.183528438337e-08,
  1.962741622615e-08,  6.531012132754e-08,  3.969257071895e-08,
 -2.941203097436e-08, -7.077007619684e-08, -4.299583785967e-08,
  2.413564253317e-08,  6.157211036167e-08,  3.206142777266e-08,
 -3.269431946441e-08, -6.586573788464e-08, -3.433505970686e-08,
  2.832297230429e-08,  5.756455508273e-08,  2.440847425957e-08,
 -3.577138624894e-08, -6.079799217806e-08, -2.582672045150e-08,
  3.206356326019e-08,  5.316200673948e-08,  1.675781689152e-08,
 -3.847984314433e-08, -5.542129094191e-08, -1.748021510872e-08,
  3.522051618497e-08,  4.826194963982e-08,  9.164972301478e-09,
 -4.065215378820e-08, -4.962225960171e-08, -9.344628259557e-09,
  3.764813782167e-08,  4.279176034263e-08,  1.721530753888e-09,
 -4.211903883306e-08, -4.332600521666e-08, -1.511265309076e-09,
  3.919698187815e-08,  3.671681065437e-08, -5.442147849553e-09,
 -4.271509123407e-08, -3.650385619995e-08,  5.885719669453e-09,
  3.972202878167e-08,  3.004932807617e-08, -1.215687048771e-08,
 -4.228784965515e-08, -2.918145639713e-08,  1.267170678804e-08,
  3.909421967489e-08,  2.285718243237e-08, -1.821821416469e-08,
 -4.071024553055e-08, -2.144663815637e-08,  1.863781259534e-08,
  3.721494434665e-08,  1.527154354364e-08, -2.339443457618e-08,
 -3.789598118555e-08, -1.345526241120e-08,  2.355192775961e-08,
  3.403317385721e-08,  7.491500678483e-09, -2.743986154442e-08,
 -3.381709327410e-08, -5.433546619582e-09,  2.717534480431e-08,
  2.956380423108e-08, -2.156552861635e-10, -3.011402925635e-08,
 -2.852204394194e-08,  2.325176557370e-09,  2.928503450416e-08,
  2.390557781243e-08, -7.521049739598e-09, -3.120651519140e-08,
 -2.215213877783e-08,  9.471303023117e-09,  2.970128797335e-08,
  1.725574105653e-08, -1.404927362381e-08, -3.056650947370e-08,
 -1.495334088931e-08,  1.561900356273e-08]

EXP trajectory 8
outcomes: (0, 0, 0, 0, 0, 0, 0, 0, 0, 0, 0, 0, 0, 0, 0, 0, 0, 0, 0, 0, 0, 0, 0, 0, 0, 0, 0, 0, 0, 0, 0, 0, 0, 0, 0, 0, 0, 0, 0, 0, 0, 0, 0, 0, 0, 0, 0, 0, 0, 0, 0, 0, 0, 0, 0, 0, 0, 0, 0, 0, 0, 0, 0, 0, 0, 0, 0, 0, 0, 0, 0, 0, 0, 0, 0, 0, 0, 0, 0, 0, 0, 0, 0, 0, 0, 0, 0, 0, 0, 0, 0, 0, 0, 0, 0, 0, 0, 0, 0, 0, 0, 0, 0, 0, 0, 0, 0, 0, 0, 0, 0, 0, 0, 0, 0, 0, 0, 0, 0, 0, 0, 0, 0, 0, 0, 0, 0, 0, 0, 0, 0, 0, 0, 0, 0, 0, 0, 0, 0, 0, 0, 0, 0, 0, 0, 0, 0, 0, 0, 0, 0, 0, 0, 0, 0, 0, 0, 0, 0, 0, 0, 0, 0, 0, 0, 0, 0, 0, 0, 0, 0, 0, 0, 0, 0, 0, 0, 0, 0, 0, 0, 0, 0, 0, 0, 0, 0, 0, 0, 0, 0, 0, 0, 0, 0, 0, 0, 0, 0, 0, 0)
p_seq: 0.9922287100657725
DeltaW_total: 0.5301603849893777
DeltaQ_total: -7.719151607382571e-07
dW per increment:
[ 3.471592021139e-03,  3.489908428906e-03,  3.499542792703e-03,
  3.497028079165e-03,  3.482376576295e-03,  3.459130024005e-03,
  3.433383333258e-03,  3.412051153308e-03,  3.400870158988e-03,
  3.402713397428e-03,  3.416710422060e-03,  3.438440127699e-03,
  3.461156066964e-03,  3.477704457890e-03,  3.482589830842e-03,
  3.473592845747e-03,  3.452465789282e-03,  3.424490918368e-03,
  3.397012033791e-03,  3.377347524109e-03,  3.370677421085e-03,
  3.378513174559e-03,  3.398199992864e-03,  3.423611057194e-03,
  3.446852446881e-03,  3.460504343055e-03,  3.459762855192e-03,
  3.443865714532e-03,  3.416381169661e-03,  3.384258974910e-03,
  3.355895587678e-03,  3.338751958154e-03,  3.337198766859e-03,
  3.351209489162e-03,  3.376289061208e-03,  3.404679028904e-03,
  3.427516203855e-03,  3.437344543505e-03,  3.430269528167e-03,
  3.407134656928e-03,  3.373368109511e-03,  3.337520432696e-03,
  3.308886893812e-03,  3.294874975238e-03,  3.298860968572e-03,
  3.319153244814e-03,  3.349376115514e-03,  3.380190563458e-03,
  3.401887676162e-03,  3.407135342613e-03,  3.393102892362e-03,
  3.362350867906e-03,  3.322211620397e-03,  3.282808163888e-03,
  3.254246028792e-03,  3.243755899954e-03,  3.253592696122e-03,
  3.280298007542e-03,  3.315559617075e-03,  3.348456266833e-03,
  3.368481985007e-03,  3.368513748836e-03,  3.346886605744e-03,
  3.307975511301e-03,  3.261091189071e-03,  3.217966880079e-03,
  3.189513415307e-03,  3.182738183902e-03,  3.198694951738e-03,
  3.232059665013e-03,  3.272483945990e-03,  3.307383733533e-03,
  3.325412546804e-03,  3.319662631013e-03,  3.289694066233e-03,
  3.241800872546e-03,  3.187402894879e-03,  3.139972437395e-03,
  3.111321225571e-03,  3.108268423539e-03,  3.130625578207e-03,
  3.171087622738e-03,  3.217101601967e-03,  3.254236837567e-03,
  3.270153219708e-03,  3.258079009022e-03,  3.218822165143e-03,
  3.160724633602e-03,  3.097526103314e-03,  3.044681909479e-03,
  3.015119583406e-03,  3.015595627069e-03,  3.044674015911e-03,
  3.092922697300e-03,  3.145325235042e-03,  3.185293245780e-03,
  3.199209648496e-03,  3.180261868129e-03,  3.130491228227e-03,
  3.060451242069e-03,  2.986511653903e-03,  2.926493760558e-03,
  2.894797634664e-03,  2.898349028616e-03,  2.934500145301e-03,
  2.991509053373e-03,  3.051529780597e-03,  3.095354689673e-03,
  3.107651809330e-03,  3.081273406748e-03,  3.019431538554e-03,
  2.935090631766e-03,  2.847672669210e-03,  2.777908084836e-03,
  2.742193359676e-03,  2.747985388865e-03,  2.791518166976e-03,
  2.858525885362e-03,  2.927853454429e-03,  2.977044695097e-03,
  2.988435731169e-03,  2.954105340171e-03,  2.878302659440e-03,
  2.776623704852e-03,  2.672074159671e-03,  2.589006798452e-03,
  2.546526078143e-03,  2.553139435749e-03,  2.604143225854e-03,
  2.682527892720e-03,  2.763252167938e-03,  2.819817430039e-03,
  2.831420422943e-03,  2.788759249169e-03,  2.696880788532e-03,
  2.574216128261e-03,  2.447960511557e-03,  2.346948888391e-03,
  2.293887735815e-03,  2.299028805124e-03,  2.357037084202e-03,
  2.447988826900e-03,  2.542343890347e-03,  2.608657615212e-03,
  2.622023091986e-03,  2.570982335142e-03,  2.460996823311e-03,
  2.313445207076e-03,  2.160295862955e-03,  2.035773856782e-03,
  1.967189110980e-03,  1.967377690381e-03,  2.030839102211e-03,
  2.134711463212e-03,  2.244452053180e-03,  2.322818203632e-03,
  2.339816139038e-03,  2.280962674844e-03,  2.151589596803e-03,
  1.975927794776e-03,  1.791082260642e-03,  1.637388648561e-03,
  1.547655126121e-03,  1.538156981326e-03,  1.603851242365e-03,
  1.719203159876e-03,  1.844539149339e-03,  1.936350438971e-03,
  1.958870131821e-03,  1.893840379415e-03,  1.745802062390e-03,
  1.541383878163e-03,  1.322648938199e-03,  1.136157894393e-03,
  1.020596391918e-03,  9.962611938334e-04,  1.059267056423e-03,
  1.182123606188e-03,  1.320649646217e-03,  1.425486451986e-03,
  1.455202128376e-03,  1.387497275168e-03,  1.225472717563e-03,
  9.971977101273e-04,  7.485906989935e-04,  5.314232441034e-04,
  3.895953828525e-04,  3.473390862094e-04,  4.025362268560e-04,
  5.270024193518e-04,  6.737378879755e-04,  7.892749176577e-04,
  8.278638852808e-04,  7.637162381879e-04,  5.980127755283e-04,
  3.587656806161e-04,  9.352727539280e-05, -1.431430554426e-04,
 -3.041275490840e-04, -3.622613342138e-04]
dQ per increment:
[-4.162499281889e-10, -8.896106024146e-10, -1.150365450901e-09,
 -1.119499371026e-09, -8.017114363872e-10, -2.854011209221e-10,
  2.817411198005e-10,  7.346852466672e-10,  9.387861848575e-10,
  8.293747238465e-10,  4.317194960898e-10, -1.448441436236e-10,
 -7.371924537827e-10, -1.174808945655e-09, -1.329034235095e-09,
 -1.151043532190e-09, -6.872767344384e-10, -6.770972259436e-11,
  5.302931824127e-10,  9.324338183080e-10,  1.017739948740e-09,
  7.544377596605e-10,  2.106795235230e-10, -4.633608275718e-10,
 -1.077278702008e-09, -1.454444851882e-09, -1.483146725226e-09,
 -1.149750651023e-09, -5.444651461455e-10,  1.627159518236e-10,
  7.692836975076e-10,  1.097732246682e-09,  1.046806066742e-09,
  6.219700737515e-10, -6.424148084154e-11, -8.223532087497e-10,
 -1.438696809472e-09, -1.736003174763e-09, -1.624659441484e-09,
 -1.129985244047e-09, -3.872032243446e-10,  3.949908562121e-10,
  9.924150062932e-10,  1.228965977379e-09,  1.027606012869e-09,
  4.342072565215e-10, -3.930365965413e-10, -1.226302503987e-09,
 -1.831469573221e-09, -2.034275635963e-09, -1.771094322090e-09,
 -1.109046903792e-09, -2.297496703519e-10,  6.197848268679e-10,
  1.195609350781e-09,  1.325903041874e-09,  9.609855062317e-10,
  1.898597915169e-10, -7.819716846703e-10, -1.687972207755e-09,
 -2.274458441357e-09, -2.372298596822e-09, -1.946316578391e-09,
 -1.108130204134e-09, -8.788011963100e-11,  8.278031121906e-10,
  1.375126465605e-09,  1.387593028218e-09,  8.449351906071e-10,
 -1.179749739739e-10, -1.245528577086e-09, -2.230182377639e-09,
 -2.797417589890e-09, -2.783264836811e-09, -2.182712286630e-09,
 -1.154690626643e-09,  1.848150256965e-11,  1.007075776070e-09,
  1.524811284832e-09,  1.409685400963e-09,  6.720105674186e-10,
 -5.043356700145e-10, -1.809080356005e-09, -2.888766425070e-09,
 -3.444073949535e-09, -3.314266422069e-09, -2.525231771627e-09,
 -1.286807543984e-09,  6.091396397706e-11,  1.138674581274e-09,
  1.632213696449e-09,  1.380856694505e-09,  4.259249140447e-10,
 -9.957806811111e-10, -2.512438025530e-09, -3.716654182117e-09,
 -4.277095541237e-09, -4.031890774589e-09, -3.037739189859e-09,
 -1.559839068023e-09, -4.252590684109e-12,  1.190366060279e-09,
  1.672683262624e-09,  1.277688897608e-09,  7.696324361237e-11,
 -1.634709982288e-09, -3.414479586117e-09, -4.789137933664e-09,
 -5.384251458313e-09, -5.029593117207e-09, -3.811371310355e-09,
 -2.055589063115e-09, -2.452423984375e-10,  1.107648860436e-09,
  1.601447945608e-09,  1.057747350862e-09, -4.235767115746e-10,
 -2.484049972011e-09, -4.597305546666e-09, -6.208251334891e-09,
 -6.883759853696e-09, -6.434333082561e-09, -4.972713608454e-09,
 -2.891642708429e-09, -7.648842309852e-10,  8.039711157557e-10,
  1.344938719585e-09,  6.533288375360e-10, -1.146929996289e-09,
 -3.627707477732e-09, -6.164185111890e-09, -8.099032094175e-09,
 -8.920022792343e-09, -8.403247392201e-09, -6.682242508838e-09,
 -4.222090052846e-09, -1.702953441999e-09,  1.580449441566e-10,
  7.999735234594e-10, -2.541834012151e-11, -2.177528917650e-09,
 -5.153715727075e-09, -8.214815033292e-09, -1.057815380239e-08,
 -1.162794102119e-08, -1.108636406982e-08, -9.098355708268e-09,
 -6.204550423894e-09, -3.206554669358e-09, -9.581034671690e-10,
 -1.362147177279e-10, -1.053687524819e-09, -3.564473850305e-09,
 -7.090295248710e-09, -1.076435048064e-08, -1.365679795547e-08,
 -1.502321314291e-08, -1.450997250271e-08, -1.225986503723e-08,
 -8.886758989389e-09, -5.322999759505e-09, -2.577055568562e-09,
 -1.464373694244e-09, -2.383343793589e-09, -5.197650157821e-09,
 -9.259487325161e-09, -1.357071213205e-08, -1.704212612827e-08,
 -1.878325633751e-08, -1.834574921275e-08, -1.585348721256e-08,
 -1.198212082093e-08, -7.790004033709e-09, -4.442781968163e-09,
 -2.903410314037e-09, -3.669984503199e-09, -6.633082979418e-09,
 -1.109317028102e-08, -1.593638639276e-08, -1.992480923194e-08,
 -2.202492055533e-08, -2.168710557866e-08, -1.900009278898e-08,
 -1.467697692927e-08, -9.873976274577e-09, -5.887856854034e-09,
 -3.811810043823e-09, -4.241221069929e-09, -7.109023713453e-09,
 -1.169617381929e-08, -1.681661000697e-08, -2.112857068806e-08,
 -2.349046674755e-08, -2.326613114049e-08, -2.049746850095e-08,
 -1.589733521884e-08, -1.066352138058e-08, -6.162604999763e-09,
 -3.567670676247e-09, -3.546470450644e-09]

================================================================================
TRAJECTORY 9
================================================================================

COMP trajectory 9
outcomes: (0, 0, 0, 0, 0, 0, 0, 0, 0, 0, 0, 0, 0, 0, 0, 0, 0, 0, 0, 0, 0, 0, 0, 0, 0, 0, 0, 0, 0, 0, 0, 0, 0, 0, 0, 0, 0, 0, 0, 0, 0, 0, 0, 0, 0, 0, 0, 0, 0, 0, 0, 0, 0, 0, 0, 0, 0, 0, 0, 0, 0, 0, 0, 0, 0, 0, 0, 0, 0, 0, 0, 0, 0, 0, 0, 0, 0, 0, 0, 0, 0, 0, 0, 0, 0, 0, 0, 0, 0, 0, 0, 0, 0, 0, 0, 0, 0, 0, 0, 0, 0, 0, 0, 0, 0, 0, 0, 0, 0, 0, 0, 0, 0, 0, 0, 0, 0, 0, 0, 0, 0, 0, 0, 0, 0, 0, 0, 0, 0, 0, 0, 0, 0, 0, 0, 0, 0, 0, 0, 0, 0, 0, 0, 0, 0, 0, 0, 0, 0, 0, 0, 0, 0, 0, 0, 0, 0, 0, 0, 0, 0, 0, 0, 0, 0, 0, 0, 0, 0, 0, 0, 0, 0, 0, 0, 0, 0, 0, 0, 0, 0, 0, 0, 0, 0, 0, 0, 0, 0, 0, 0, 0, 0, 0, 0, 0, 0, 0, 0, 0, 0)
p_seq: 0.9711646393507506
DeltaW_total: -0.8254703559926213
DeltaQ_total: -4.164499868344711e-06
dW per increment:
[ 1.573221825758e-03,  3.134225698634e-03,  1.495191472248e-03,
 -1.818410173470e-03, -3.643019679057e-03, -2.283259703793e-03,
  8.314121654003e-04,  2.560741646251e-03,  1.138127896114e-03,
 -2.107932878062e-03, -4.075018812387e-03, -2.935493525278e-03,
  8.680979657250e-05,  1.941298909479e-03,  7.505793541434e-04,
 -2.367704122973e-03, -4.427071274868e-03, -3.511588823436e-03,
 -6.325205688213e-04,  1.298855175149e-03,  3.396538452147e-04,
 -2.603516238699e-03, -4.703663861903e-03, -4.002026710845e-03,
 -1.303484448567e-03,  6.567724896147e-04, -8.510182655641e-05,
 -2.821587458538e-03, -4.914835379770e-03, -4.405884661647e-03,
 -1.910183305348e-03,  3.565060464972e-05, -5.132371009751e-04,
 -3.027298470332e-03, -5.073339001779e-03, -4.728865907634e-03,
 -2.444275699512e-03, -5.486423046008e-04, -9.348428529350e-04,
 -3.224521673861e-03, -5.192133571619e-03, -4.980712787173e-03,
 -2.903939336665e-03, -1.085625631404e-03, -1.341595073573e-03,
 -3.415530324414e-03, -5.282703324543e-03, -5.172819604123e-03,
 -3.292147499682e-03, -1.569847932078e-03, -1.727294307221e-03,
 -3.601287952193e-03, -5.354258896261e-03, -5.316473076707e-03,
 -3.614869638918e-03, -1.999957734029e-03, -2.087961498690e-03,
 -3.781885391360e-03, -5.413607311841e-03, -5.421796081443e-03,
 -3.879557404957e-03, -2.377593005731e-03, -2.421629721690e-03,
 -3.956956462901e-03, -5.465411011832e-03, -5.497269492576e-03,
 -4.094047385047e-03, -2.706343493434e-03, -2.727977972208e-03,
 -4.125989748825e-03, -5.512605403135e-03, -5.549645193128e-03,
 -4.265865411639e-03, -2.990908361619e-03, -3.007920527587e-03,
 -4.288519595002e-03, -5.556829053388e-03, -5.584081868419e-03,
 -4.401851463516e-03, -3.236478843183e-03, -3.263222340834e-03,
 -4.444214393502e-03, -5.598794481354e-03, -5.604382314079e-03,
 -4.508010920821e-03, -3.448324470437e-03, -3.496174112369e-03,
 -4.592891503647e-03, -5.638576436994e-03, -5.613257632877e-03,
 -4.589510306330e-03, -3.631540842013e-03, -3.709335560494e-03,
 -4.734486591206e-03, -5.675821051454e-03, -5.612579000513e-03,
 -4.650756018300e-03, -3.790914109564e-03, -3.905341228638e-03,
 -4.868998771144e-03, -5.709890569744e-03, -5.603600587765e-03,
 -4.695514006782e-03, -3.930862912689e-03, -4.086756904949e-03,
 -4.996426192346e-03, -5.739961228311e-03, -5.587150343032e-03,
 -4.727043558887e-03, -4.055426609789e-03, -4.255973341516e-03,
 -5.116701422967e-03, -5.765090719279e-03, -5.563791824187e-03,
 -4.748228901320e-03, -4.168276489178e-03, -4.415125183618e-03,
 -5.229632570476e-03, -5.784269144659e-03, -5.533962658291e-03,
 -4.761698933649e-03, -4.272733115865e-03, -4.566025450544e-03,
 -5.334854257718e-03, -5.796464622374e-03, -5.498095219046e-03,
 -4.769929084116e-03, -4.371777939717e-03, -4.710108795635e-03,
 -5.431791959246e-03, -5.800672190635e-03, -5.456723787063e-03,
 -4.775320974506e-03, -4.468051045418e-03, -4.848379782789e-03,
 -5.519643341266e-03, -5.795972387943e-03, -5.410580380357e-03,
 -4.780256060492e-03, -4.563829901620e-03, -4.981365435036e-03,
 -5.597380761653e-03, -5.781603688753e-03, -5.360678932234e-03,
 -4.787119299504e-03, -4.660986609068e-03, -5.109074308084e-03,
 -5.663779606643e-03, -5.757050613887e-03, -5.308384749725e-03,
 -4.798288702908e-03, -4.760923850927e-03, -5.230967275576e-03,
 -5.717477317724e-03, -5.722146574740e-03, -5.255463397646e-03,
 -4.816086816568e-03, -4.864492816061e-03, -5.345947962631e-03,
 -5.757067431755e-03, -5.677187184443e-03, -5.204100564750e-03,
 -4.842691174211e-03, -4.971899973988e-03, -5.452383086560e-03,
 -5.781231350383e-03, -5.623045821803e-03, -5.156882441717e-03,
 -4.880002986489e-03, -5.082613741926e-03, -5.548164465772e-03,
 -5.788907525879e-03, -5.561278786864e-03, -5.116725168225e-03,
 -4.929477097964e-03, -5.195286585103e-03, -5.630824596562e-03,
 -5.779493037682e-03, -5.494202800431e-03, -5.086742614139e-03,
 -4.991921764532e-03, -5.307712445877e-03, -5.697715810978e-03,
 -5.753066063175e-03, -5.424923524483e-03, -5.070044845191e-03,
 -5.067284018143e-03, -5.416842794922e-03, -5.746258424669e-03,
 -5.710609744664e-03, -5.357291195278e-03, -5.069465751415e-03,
 -5.154444859926e-03, -5.518885912881e-03, -5.774255378167e-03,
 -5.654209111349e-03, -5.295759633523e-03, -5.087227936578e-03,
 -5.251057296700e-03, -5.609511857628e-03]
dQ per increment:
[-2.303445896935e-07, -3.737145369089e-07, -2.283549950933e-07,
  6.305170112452e-08,  2.150937552111e-07,  7.990028732391e-08,
 -2.084242085049e-07, -3.664773042503e-07, -2.399387621110e-07,
  4.614098047476e-08,  2.117009113476e-07,  9.689510160199e-08,
 -1.826187498049e-07, -3.513829642211e-07, -2.450291769021e-07,
  3.033546556530e-08,  2.049763585094e-07,  1.110117306756e-07,
 -1.550299757133e-07, -3.301427211931e-07, -2.439696191038e-07,
  1.639555426841e-08,  1.954990783409e-07,  1.214994547454e-07,
 -1.276947290724e-07, -3.048688196460e-07, -2.376692300205e-07,
  4.792022993260e-09,  1.840388794716e-07,  1.280942077677e-07,
 -1.022653350084e-07, -2.776644927207e-07, -2.273371804587e-07,
 -4.279821998535e-09,  1.714289219086e-07,  1.309683700288e-07,
 -7.985172656823e-08, -2.503246558142e-07, -2.142349204326e-07,
 -1.084738411247e-08,  1.584479067014e-07,  1.306002499210e-07,
 -6.101955821701e-08, -2.241889704440e-07, -1.995010053563e-07,
 -1.509354093793e-08,  1.457387308226e-07,  1.276224479096e-07,
 -4.588924855950e-08, -2.001249774365e-07, -1.840592551367e-07,
 -1.729187853322e-08,  1.337709228935e-07,  1.226934771294e-07,
 -3.427311845569e-08, -1.785916474636e-07, -1.685938165394e-07,
 -1.775376124932e-08,  1.228404726272e-07,  1.164114519568e-07,
 -2.580565765589e-08, -1.597360211165e-07, -1.535663948131e-07,
 -1.679050413463e-08,  1.130923751921e-07,  1.092694205751e-07,
 -2.004501912893e-08, -1.434900750025e-07, -1.392533613949e-07,
 -1.469007675226e-08,  1.045533624044e-07,  1.016422897255e-07,
 -1.654100056014e-08, -1.296522185693e-07, -1.257883024876e-07,
 -1.170519751091e-08,  9.716509228631e-08,  9.379361490171e-08,
 -1.487427096812e-08, -1.179478545097e-07, -1.132015734467e-07,
 -8.050420379803e-09,  9.081268954100e-08,  8.589211769735e-08,
 -1.467435067383e-08, -1.080710673802e-07, -1.014535110436e-07,
 -3.904481047506e-09,  8.534696245392e-08,  7.803175067342e-08,
 -1.562353778208e-08, -9.971068657940e-08, -9.046070717413e-08,
  5.839268157545e-10,  8.060031384417e-08,  7.025135185992e-08,
 -1.745300054696e-08, -9.256527907370e-08, -8.011598286953e-08,
  5.288956048295e-09,  7.639736736547e-08,  6.255220588594e-08,
 -1.993441190199e-08, -8.635090077182e-08, -7.030356236320e-08,
  1.009977830708e-08,  7.256191040736e-08,  5.491314227597e-08,
 -2.287032066462e-08, -8.080429543707e-08, -6.091042770683e-08,
  1.491329992831e-08,  6.892140295544e-08,  4.730323838794e-08,
 -2.608426303207e-08, -7.568391480108e-08, -5.183528438337e-08,
  1.962741622615e-08,  6.531012132754e-08,  3.969257071895e-08,
 -2.941203097436e-08, -7.077007619684e-08, -4.299583785967e-08,
  2.413564253317e-08,  6.157211036167e-08,  3.206142777266e-08,
 -3.269431946441e-08, -6.586573788464e-08, -3.433505970686e-08,
  2.832297230429e-08,  5.756455508273e-08,  2.440847425957e-08,
 -3.577138624894e-08, -6.079799217806e-08, -2.582672045150e-08,
  3.206356326019e-08,  5.316200673948e-08,  1.675781689152e-08,
 -3.847984314433e-08, -5.542129094191e-08, -1.748021510872e-08,
  3.522051618497e-08,  4.826194963982e-08,  9.164972301478e-09,
 -4.065215378820e-08, -4.962225960171e-08, -9.344628259557e-09,
  3.764813782167e-08,  4.279176034263e-08,  1.721530753888e-09,
 -4.211903883306e-08, -4.332600521666e-08, -1.511265309076e-09,
  3.919698187815e-08,  3.671681065437e-08, -5.442147849553e-09,
 -4.271509123407e-08, -3.650385619995e-08,  5.885719669453e-09,
  3.972202878167e-08,  3.004932807617e-08, -1.215687048771e-08,
 -4.228784965515e-08, -2.918145639713e-08,  1.267170678804e-08,
  3.909421967489e-08,  2.285718243237e-08, -1.821821416469e-08,
 -4.071024553055e-08, -2.144663815637e-08,  1.863781259534e-08,
  3.721494434665e-08,  1.527154354364e-08, -2.339443457618e-08,
 -3.789598118555e-08, -1.345526241120e-08,  2.355192775961e-08,
  3.403317385721e-08,  7.491500678483e-09, -2.743986154442e-08,
 -3.381709327410e-08, -5.433546619582e-09,  2.717534480431e-08,
  2.956380423108e-08, -2.156552861635e-10, -3.011402925635e-08,
 -2.852204394194e-08,  2.325176557370e-09,  2.928503450416e-08,
  2.390557781243e-08, -7.521049739598e-09, -3.120651519140e-08,
 -2.215213877783e-08,  9.471303023117e-09,  2.970128797335e-08,
  1.725574105653e-08, -1.404927362381e-08, -3.056650947370e-08,
 -1.495334088931e-08,  1.561900356273e-08]

EXP trajectory 9
outcomes: (0, 0, 0, 0, 0, 0, 0, 0, 0, 0, 0, 0, 0, 0, 0, 0, 0, 0, 0, 0, 0, 0, 0, 0, 0, 0, 0, 0, 0, 0, 0, 0, 0, 0, 0, 0, 0, 0, 0, 0, 0, 0, 0, 0, 0, 0, 0, 0, 0, 0, 0, 0, 0, 0, 0, 0, 0, 0, 0, 0, 0, 0, 0, 0, 0, 0, 0, 0, 0, 0, 0, 0, 0, 0, 0, 0, 0, 0, 0, 0, 0, 0, 0, 0, 0, 0, 0, 0, 0, 0, 0, 0, 0, 0, 0, 0, 0, 0, 0, 0, 0, 0, 0, 0, 0, 0, 0, 0, 0, 0, 0, 0, 0, 0, 0, 0, 0, 0, 0, 0, 0, 0, 0, 0, 0, 0, 0, 0, 0, 0, 0, 0, 0, 0, 0, 0, 0, 0, 0, 0, 0, 0, 0, 0, 0, 0, 0, 0, 0, 0, 0, 0, 0, 0, 0, 0, 0, 0, 0, 0, 0, 0, 0, 0, 0, 0, 0, 0, 0, 0, 0, 0, 0, 0, 0, 0, 0, 0, 0, 0, 0, 0, 0, 0, 0, 0, 0, 0, 0, 0, 0, 0, 0, 0, 0, 0, 0, 0, 0, 0, 0)
p_seq: 0.9922287100657725
DeltaW_total: 0.5301603849893777
DeltaQ_total: -7.719151607382571e-07
dW per increment:
[ 3.471592021139e-03,  3.489908428906e-03,  3.499542792703e-03,
  3.497028079165e-03,  3.482376576295e-03,  3.459130024005e-03,
  3.433383333258e-03,  3.412051153308e-03,  3.400870158988e-03,
  3.402713397428e-03,  3.416710422060e-03,  3.438440127699e-03,
  3.461156066964e-03,  3.477704457890e-03,  3.482589830842e-03,
  3.473592845747e-03,  3.452465789282e-03,  3.424490918368e-03,
  3.397012033791e-03,  3.377347524109e-03,  3.370677421085e-03,
  3.378513174559e-03,  3.398199992864e-03,  3.423611057194e-03,
  3.446852446881e-03,  3.460504343055e-03,  3.459762855192e-03,
  3.443865714532e-03,  3.416381169661e-03,  3.384258974910e-03,
  3.355895587678e-03,  3.338751958154e-03,  3.337198766859e-03,
  3.351209489162e-03,  3.376289061208e-03,  3.404679028904e-03,
  3.427516203855e-03,  3.437344543505e-03,  3.430269528167e-03,
  3.407134656928e-03,  3.373368109511e-03,  3.337520432696e-03,
  3.308886893812e-03,  3.294874975238e-03,  3.298860968572e-03,
  3.319153244814e-03,  3.349376115514e-03,  3.380190563458e-03,
  3.401887676162e-03,  3.407135342613e-03,  3.393102892362e-03,
  3.362350867906e-03,  3.322211620397e-03,  3.282808163888e-03,
  3.254246028792e-03,  3.243755899954e-03,  3.253592696122e-03,
  3.280298007542e-03,  3.315559617075e-03,  3.348456266833e-03,
  3.368481985007e-03,  3.368513748836e-03,  3.346886605744e-03,
  3.307975511301e-03,  3.261091189071e-03,  3.217966880079e-03,
  3.189513415307e-03,  3.182738183902e-03,  3.198694951738e-03,
  3.232059665013e-03,  3.272483945990e-03,  3.307383733533e-03,
  3.325412546804e-03,  3.319662631013e-03,  3.289694066233e-03,
  3.241800872546e-03,  3.187402894879e-03,  3.139972437395e-03,
  3.111321225571e-03,  3.108268423539e-03,  3.130625578207e-03,
  3.171087622738e-03,  3.217101601967e-03,  3.254236837567e-03,
  3.270153219708e-03,  3.258079009022e-03,  3.218822165143e-03,
  3.160724633602e-03,  3.097526103314e-03,  3.044681909479e-03,
  3.015119583406e-03,  3.015595627069e-03,  3.044674015911e-03,
  3.092922697300e-03,  3.145325235042e-03,  3.185293245780e-03,
  3.199209648496e-03,  3.180261868129e-03,  3.130491228227e-03,
  3.060451242069e-03,  2.986511653903e-03,  2.926493760558e-03,
  2.894797634664e-03,  2.898349028616e-03,  2.934500145301e-03,
  2.991509053373e-03,  3.051529780597e-03,  3.095354689673e-03,
  3.107651809330e-03,  3.081273406748e-03,  3.019431538554e-03,
  2.935090631766e-03,  2.847672669210e-03,  2.777908084836e-03,
  2.742193359676e-03,  2.747985388865e-03,  2.791518166976e-03,
  2.858525885362e-03,  2.927853454429e-03,  2.977044695097e-03,
  2.988435731169e-03,  2.954105340171e-03,  2.878302659440e-03,
  2.776623704852e-03,  2.672074159671e-03,  2.589006798452e-03,
  2.546526078143e-03,  2.553139435749e-03,  2.604143225854e-03,
  2.682527892720e-03,  2.763252167938e-03,  2.819817430039e-03,
  2.831420422943e-03,  2.788759249169e-03,  2.696880788532e-03,
  2.574216128261e-03,  2.447960511557e-03,  2.346948888391e-03,
  2.293887735815e-03,  2.299028805124e-03,  2.357037084202e-03,
  2.447988826900e-03,  2.542343890347e-03,  2.608657615212e-03,
  2.622023091986e-03,  2.570982335142e-03,  2.460996823311e-03,
  2.313445207076e-03,  2.160295862955e-03,  2.035773856782e-03,
  1.967189110980e-03,  1.967377690381e-03,  2.030839102211e-03,
  2.134711463212e-03,  2.244452053180e-03,  2.322818203632e-03,
  2.339816139038e-03,  2.280962674844e-03,  2.151589596803e-03,
  1.975927794776e-03,  1.791082260642e-03,  1.637388648561e-03,
  1.547655126121e-03,  1.538156981326e-03,  1.603851242365e-03,
  1.719203159876e-03,  1.844539149339e-03,  1.936350438971e-03,
  1.958870131821e-03,  1.893840379415e-03,  1.745802062390e-03,
  1.541383878163e-03,  1.322648938199e-03,  1.136157894393e-03,
  1.020596391918e-03,  9.962611938334e-04,  1.059267056423e-03,
  1.182123606188e-03,  1.320649646217e-03,  1.425486451986e-03,
  1.455202128376e-03,  1.387497275168e-03,  1.225472717563e-03,
  9.971977101273e-04,  7.485906989935e-04,  5.314232441034e-04,
  3.895953828525e-04,  3.473390862094e-04,  4.025362268560e-04,
  5.270024193518e-04,  6.737378879755e-04,  7.892749176577e-04,
  8.278638852808e-04,  7.637162381879e-04,  5.980127755283e-04,
  3.587656806161e-04,  9.352727539280e-05, -1.431430554426e-04,
 -3.041275490840e-04, -3.622613342138e-04]
dQ per increment:
[-4.162499281889e-10, -8.896106024146e-10, -1.150365450901e-09,
 -1.119499371026e-09, -8.017114363872e-10, -2.854011209221e-10,
  2.817411198005e-10,  7.346852466672e-10,  9.387861848575e-10,
  8.293747238465e-10,  4.317194960898e-10, -1.448441436236e-10,
 -7.371924537827e-10, -1.174808945655e-09, -1.329034235095e-09,
 -1.151043532190e-09, -6.872767344384e-10, -6.770972259436e-11,
  5.302931824127e-10,  9.324338183080e-10,  1.017739948740e-09,
  7.544377596605e-10,  2.106795235230e-10, -4.633608275718e-10,
 -1.077278702008e-09, -1.454444851882e-09, -1.483146725226e-09,
 -1.149750651023e-09, -5.444651461455e-10,  1.627159518236e-10,
  7.692836975076e-10,  1.097732246682e-09,  1.046806066742e-09,
  6.219700737515e-10, -6.424148084154e-11, -8.223532087497e-10,
 -1.438696809472e-09, -1.736003174763e-09, -1.624659441484e-09,
 -1.129985244047e-09, -3.872032243446e-10,  3.949908562121e-10,
  9.924150062932e-10,  1.228965977379e-09,  1.027606012869e-09,
  4.342072565215e-10, -3.930365965413e-10, -1.226302503987e-09,
 -1.831469573221e-09, -2.034275635963e-09, -1.771094322090e-09,
 -1.109046903792e-09, -2.297496703519e-10,  6.197848268679e-10,
  1.195609350781e-09,  1.325903041874e-09,  9.609855062317e-10,
  1.898597915169e-10, -7.819716846703e-10, -1.687972207755e-09,
 -2.274458441357e-09, -2.372298596822e-09, -1.946316578391e-09,
 -1.108130204134e-09, -8.788011963100e-11,  8.278031121906e-10,
  1.375126465605e-09,  1.387593028218e-09,  8.449351906071e-10,
 -1.179749739739e-10, -1.245528577086e-09, -2.230182377639e-09,
 -2.797417589890e-09, -2.783264836811e-09, -2.182712286630e-09,
 -1.154690626643e-09,  1.848150256965e-11,  1.007075776070e-09,
  1.524811284832e-09,  1.409685400963e-09,  6.720105674186e-10,
 -5.043356700145e-10, -1.809080356005e-09, -2.888766425070e-09,
 -3.444073949535e-09, -3.314266422069e-09, -2.525231771627e-09,
 -1.286807543984e-09,  6.091396397706e-11,  1.138674581274e-09,
  1.632213696449e-09,  1.380856694505e-09,  4.259249140447e-10,
 -9.957806811111e-10, -2.512438025530e-09, -3.716654182117e-09,
 -4.277095541237e-09, -4.031890774589e-09, -3.037739189859e-09,
 -1.559839068023e-09, -4.252590684109e-12,  1.190366060279e-09,
  1.672683262624e-09,  1.277688897608e-09,  7.696324361237e-11,
 -1.634709982288e-09, -3.414479586117e-09, -4.789137933664e-09,
 -5.384251458313e-09, -5.029593117207e-09, -3.811371310355e-09,
 -2.055589063115e-09, -2.452423984375e-10,  1.107648860436e-09,
  1.601447945608e-09,  1.057747350862e-09, -4.235767115746e-10,
 -2.484049972011e-09, -4.597305546666e-09, -6.208251334891e-09,
 -6.883759853696e-09, -6.434333082561e-09, -4.972713608454e-09,
 -2.891642708429e-09, -7.648842309852e-10,  8.039711157557e-10,
  1.344938719585e-09,  6.533288375360e-10, -1.146929996289e-09,
 -3.627707477732e-09, -6.164185111890e-09, -8.099032094175e-09,
 -8.920022792343e-09, -8.403247392201e-09, -6.682242508838e-09,
 -4.222090052846e-09, -1.702953441999e-09,  1.580449441566e-10,
  7.999735234594e-10, -2.541834012151e-11, -2.177528917650e-09,
 -5.153715727075e-09, -8.214815033292e-09, -1.057815380239e-08,
 -1.162794102119e-08, -1.108636406982e-08, -9.098355708268e-09,
 -6.204550423894e-09, -3.206554669358e-09, -9.581034671690e-10,
 -1.362147177279e-10, -1.053687524819e-09, -3.564473850305e-09,
 -7.090295248710e-09, -1.076435048064e-08, -1.365679795547e-08,
 -1.502321314291e-08, -1.450997250271e-08, -1.225986503723e-08,
 -8.886758989389e-09, -5.322999759505e-09, -2.577055568562e-09,
 -1.464373694244e-09, -2.383343793589e-09, -5.197650157821e-09,
 -9.259487325161e-09, -1.357071213205e-08, -1.704212612827e-08,
 -1.878325633751e-08, -1.834574921275e-08, -1.585348721256e-08,
 -1.198212082093e-08, -7.790004033709e-09, -4.442781968163e-09,
 -2.903410314037e-09, -3.669984503199e-09, -6.633082979418e-09,
 -1.109317028102e-08, -1.593638639276e-08, -1.992480923194e-08,
 -2.202492055533e-08, -2.168710557866e-08, -1.900009278898e-08,
 -1.467697692927e-08, -9.873976274577e-09, -5.887856854034e-09,
 -3.811810043823e-09, -4.241221069929e-09, -7.109023713453e-09,
 -1.169617381929e-08, -1.681661000697e-08, -2.112857068806e-08,
 -2.349046674755e-08, -2.326613114049e-08, -2.049746850095e-08,
 -1.589733521884e-08, -1.066352138058e-08, -6.162604999763e-09,
 -3.567670676247e-09, -3.546470450644e-09]

================================================================================
TRAJECTORY 10
================================================================================

COMP trajectory 10
outcomes: (0, 0, 0, 0, 0, 0, 0, 0, 0, 0, 0, 0, 0, 0, 0, 0, 0, 0, 0, 0, 0, 0, 0, 0, 0, 0, 0, 0, 0, 0, 0, 0, 0, 0, 0, 0, 0, 0, 0, 0, 0, 0, 0, 0, 0, 0, 0, 0, 0, 0, 0, 0, 0, 0, 0, 0, 0, 0, 0, 0, 0, 0, 0, 0, 0, 0, 0, 0, 0, 0, 0, 0, 0, 0, 0, 0, 0, 0, 0, 0, 0, 0, 0, 0, 0, 0, 0, 0, 0, 0, 0, 0, 0, 0, 0, 0, 0, 0, 0, 0, 0, 0, 0, 0, 0, 0, 0, 0, 0, 0, 0, 0, 0, 0, 0, 0, 0, 0, 0, 0, 0, 0, 0, 0, 0, 0, 0, 0, 0, 0, 0, 0, 0, 0, 0, 0, 0, 0, 0, 0, 0, 0, 0, 0, 0, 0, 0, 0, 0, 0, 0, 0, 0, 0, 0, 0, 0, 0, 0, 0, 0, 0, 0, 0, 0, 0, 0, 0, 0, 0, 0, 0, 0, 0, 0, 0, 0, 0, 0, 0, 0, 0, 0, 0, 0, 0, 0, 0, 0, 0, 0, 0, 0, 0, 0, 0, 0, 0, 0, 0, 0)
p_seq: 0.9711646393507506
DeltaW_total: -0.8254703559926213
DeltaQ_total: -4.164499868344711e-06
dW per increment:
[ 1.573221825758e-03,  3.134225698634e-03,  1.495191472248e-03,
 -1.818410173470e-03, -3.643019679057e-03, -2.283259703793e-03,
  8.314121654003e-04,  2.560741646251e-03,  1.138127896114e-03,
 -2.107932878062e-03, -4.075018812387e-03, -2.935493525278e-03,
  8.680979657250e-05,  1.941298909479e-03,  7.505793541434e-04,
 -2.367704122973e-03, -4.427071274868e-03, -3.511588823436e-03,
 -6.325205688213e-04,  1.298855175149e-03,  3.396538452147e-04,
 -2.603516238699e-03, -4.703663861903e-03, -4.002026710845e-03,
 -1.303484448567e-03,  6.567724896147e-04, -8.510182655641e-05,
 -2.821587458538e-03, -4.914835379770e-03, -4.405884661647e-03,
 -1.910183305348e-03,  3.565060464972e-05, -5.132371009751e-04,
 -3.027298470332e-03, -5.073339001779e-03, -4.728865907634e-03,
 -2.444275699512e-03, -5.486423046008e-04, -9.348428529350e-04,
 -3.224521673861e-03, -5.192133571619e-03, -4.980712787173e-03,
 -2.903939336665e-03, -1.085625631404e-03, -1.341595073573e-03,
 -3.415530324414e-03, -5.282703324543e-03, -5.172819604123e-03,
 -3.292147499682e-03, -1.569847932078e-03, -1.727294307221e-03,
 -3.601287952193e-03, -5.354258896261e-03, -5.316473076707e-03,
 -3.614869638918e-03, -1.999957734029e-03, -2.087961498690e-03,
 -3.781885391360e-03, -5.413607311841e-03, -5.421796081443e-03,
 -3.879557404957e-03, -2.377593005731e-03, -2.421629721690e-03,
 -3.956956462901e-03, -5.465411011832e-03, -5.497269492576e-03,
 -4.094047385047e-03, -2.706343493434e-03, -2.727977972208e-03,
 -4.125989748825e-03, -5.512605403135e-03, -5.549645193128e-03,
 -4.265865411639e-03, -2.990908361619e-03, -3.007920527587e-03,
 -4.288519595002e-03, -5.556829053388e-03, -5.584081868419e-03,
 -4.401851463516e-03, -3.236478843183e-03, -3.263222340834e-03,
 -4.444214393502e-03, -5.598794481354e-03, -5.604382314079e-03,
 -4.508010920821e-03, -3.448324470437e-03, -3.496174112369e-03,
 -4.592891503647e-03, -5.638576436994e-03, -5.613257632877e-03,
 -4.589510306330e-03, -3.631540842013e-03, -3.709335560494e-03,
 -4.734486591206e-03, -5.675821051454e-03, -5.612579000513e-03,
 -4.650756018300e-03, -3.790914109564e-03, -3.905341228638e-03,
 -4.868998771144e-03, -5.709890569744e-03, -5.603600587765e-03,
 -4.695514006782e-03, -3.930862912689e-03, -4.086756904949e-03,
 -4.996426192346e-03, -5.739961228311e-03, -5.587150343032e-03,
 -4.727043558887e-03, -4.055426609789e-03, -4.255973341516e-03,
 -5.116701422967e-03, -5.765090719279e-03, -5.563791824187e-03,
 -4.748228901320e-03, -4.168276489178e-03, -4.415125183618e-03,
 -5.229632570476e-03, -5.784269144659e-03, -5.533962658291e-03,
 -4.761698933649e-03, -4.272733115865e-03, -4.566025450544e-03,
 -5.334854257718e-03, -5.796464622374e-03, -5.498095219046e-03,
 -4.769929084116e-03, -4.371777939717e-03, -4.710108795635e-03,
 -5.431791959246e-03, -5.800672190635e-03, -5.456723787063e-03,
 -4.775320974506e-03, -4.468051045418e-03, -4.848379782789e-03,
 -5.519643341266e-03, -5.795972387943e-03, -5.410580380357e-03,
 -4.780256060492e-03, -4.563829901620e-03, -4.981365435036e-03,
 -5.597380761653e-03, -5.781603688753e-03, -5.360678932234e-03,
 -4.787119299504e-03, -4.660986609068e-03, -5.109074308084e-03,
 -5.663779606643e-03, -5.757050613887e-03, -5.308384749725e-03,
 -4.798288702908e-03, -4.760923850927e-03, -5.230967275576e-03,
 -5.717477317724e-03, -5.722146574740e-03, -5.255463397646e-03,
 -4.816086816568e-03, -4.864492816061e-03, -5.345947962631e-03,
 -5.757067431755e-03, -5.677187184443e-03, -5.204100564750e-03,
 -4.842691174211e-03, -4.971899973988e-03, -5.452383086560e-03,
 -5.781231350383e-03, -5.623045821803e-03, -5.156882441717e-03,
 -4.880002986489e-03, -5.082613741926e-03, -5.548164465772e-03,
 -5.788907525879e-03, -5.561278786864e-03, -5.116725168225e-03,
 -4.929477097964e-03, -5.195286585103e-03, -5.630824596562e-03,
 -5.779493037682e-03, -5.494202800431e-03, -5.086742614139e-03,
 -4.991921764532e-03, -5.307712445877e-03, -5.697715810978e-03,
 -5.753066063175e-03, -5.424923524483e-03, -5.070044845191e-03,
 -5.067284018143e-03, -5.416842794922e-03, -5.746258424669e-03,
 -5.710609744664e-03, -5.357291195278e-03, -5.069465751415e-03,
 -5.154444859926e-03, -5.518885912881e-03, -5.774255378167e-03,
 -5.654209111349e-03, -5.295759633523e-03, -5.087227936578e-03,
 -5.251057296700e-03, -5.609511857628e-03]
dQ per increment:
[-2.303445896935e-07, -3.737145369089e-07, -2.283549950933e-07,
  6.305170112452e-08,  2.150937552111e-07,  7.990028732391e-08,
 -2.084242085049e-07, -3.664773042503e-07, -2.399387621110e-07,
  4.614098047476e-08,  2.117009113476e-07,  9.689510160199e-08,
 -1.826187498049e-07, -3.513829642211e-07, -2.450291769021e-07,
  3.033546556530e-08,  2.049763585094e-07,  1.110117306756e-07,
 -1.550299757133e-07, -3.301427211931e-07, -2.439696191038e-07,
  1.639555426841e-08,  1.954990783409e-07,  1.214994547454e-07,
 -1.276947290724e-07, -3.048688196460e-07, -2.376692300205e-07,
  4.792022993260e-09,  1.840388794716e-07,  1.280942077677e-07,
 -1.022653350084e-07, -2.776644927207e-07, -2.273371804587e-07,
 -4.279821998535e-09,  1.714289219086e-07,  1.309683700288e-07,
 -7.985172656823e-08, -2.503246558142e-07, -2.142349204326e-07,
 -1.084738411247e-08,  1.584479067014e-07,  1.306002499210e-07,
 -6.101955821701e-08, -2.241889704440e-07, -1.995010053563e-07,
 -1.509354093793e-08,  1.457387308226e-07,  1.276224479096e-07,
 -4.588924855950e-08, -2.001249774365e-07, -1.840592551367e-07,
 -1.729187853322e-08,  1.337709228935e-07,  1.226934771294e-07,
 -3.427311845569e-08, -1.785916474636e-07, -1.685938165394e-07,
 -1.775376124932e-08,  1.228404726272e-07,  1.164114519568e-07,
 -2.580565765589e-08, -1.597360211165e-07, -1.535663948131e-07,
 -1.679050413463e-08,  1.130923751921e-07,  1.092694205751e-07,
 -2.004501912893e-08, -1.434900750025e-07, -1.392533613949e-07,
 -1.469007675226e-08,  1.045533624044e-07,  1.016422897255e-07,
 -1.654100056014e-08, -1.296522185693e-07, -1.257883024876e-07,
 -1.170519751091e-08,  9.716509228631e-08,  9.379361490171e-08,
 -1.487427096812e-08, -1.179478545097e-07, -1.132015734467e-07,
 -8.050420379803e-09,  9.081268954100e-08,  8.589211769735e-08,
 -1.467435067383e-08, -1.080710673802e-07, -1.014535110436e-07,
 -3.904481047506e-09,  8.534696245392e-08,  7.803175067342e-08,
 -1.562353778208e-08, -9.971068657940e-08, -9.046070717413e-08,
  5.839268157545e-10,  8.060031384417e-08,  7.025135185992e-08,
 -1.745300054696e-08, -9.256527907370e-08, -8.011598286953e-08,
  5.288956048295e-09,  7.639736736547e-08,  6.255220588594e-08,
 -1.993441190199e-08, -8.635090077182e-08, -7.030356236320e-08,
  1.009977830708e-08,  7.256191040736e-08,  5.491314227597e-08,
 -2.287032066462e-08, -8.080429543707e-08, -6.091042770683e-08,
  1.491329992831e-08,  6.892140295544e-08,  4.730323838794e-08,
 -2.608426303207e-08, -7.568391480108e-08, -5.183528438337e-08,
  1.962741622615e-08,  6.531012132754e-08,  3.969257071895e-08,
 -2.941203097436e-08, -7.077007619684e-08, -4.299583785967e-08,
  2.413564253317e-08,  6.157211036167e-08,  3.206142777266e-08,
 -3.269431946441e-08, -6.586573788464e-08, -3.433505970686e-08,
  2.832297230429e-08,  5.756455508273e-08,  2.440847425957e-08,
 -3.577138624894e-08, -6.079799217806e-08, -2.582672045150e-08,
  3.206356326019e-08,  5.316200673948e-08,  1.675781689152e-08,
 -3.847984314433e-08, -5.542129094191e-08, -1.748021510872e-08,
  3.522051618497e-08,  4.826194963982e-08,  9.164972301478e-09,
 -4.065215378820e-08, -4.962225960171e-08, -9.344628259557e-09,
  3.764813782167e-08,  4.279176034263e-08,  1.721530753888e-09,
 -4.211903883306e-08, -4.332600521666e-08, -1.511265309076e-09,
  3.919698187815e-08,  3.671681065437e-08, -5.442147849553e-09,
 -4.271509123407e-08, -3.650385619995e-08,  5.885719669453e-09,
  3.972202878167e-08,  3.004932807617e-08, -1.215687048771e-08,
 -4.228784965515e-08, -2.918145639713e-08,  1.267170678804e-08,
  3.909421967489e-08,  2.285718243237e-08, -1.821821416469e-08,
 -4.071024553055e-08, -2.144663815637e-08,  1.863781259534e-08,
  3.721494434665e-08,  1.527154354364e-08, -2.339443457618e-08,
 -3.789598118555e-08, -1.345526241120e-08,  2.355192775961e-08,
  3.403317385721e-08,  7.491500678483e-09, -2.743986154442e-08,
 -3.381709327410e-08, -5.433546619582e-09,  2.717534480431e-08,
  2.956380423108e-08, -2.156552861635e-10, -3.011402925635e-08,
 -2.852204394194e-08,  2.325176557370e-09,  2.928503450416e-08,
  2.390557781243e-08, -7.521049739598e-09, -3.120651519140e-08,
 -2.215213877783e-08,  9.471303023117e-09,  2.970128797335e-08,
  1.725574105653e-08, -1.404927362381e-08, -3.056650947370e-08,
 -1.495334088931e-08,  1.561900356273e-08]

EXP trajectory 10
outcomes: (0, 0, 0, 0, 0, 0, 0, 0, 0, 0, 0, 0, 0, 0, 0, 0, 0, 0, 0, 0, 0, 0, 0, 0, 0, 0, 0, 0, 0, 0, 0, 0, 0, 0, 0, 0, 0, 0, 0, 0, 0, 0, 0, 0, 0, 0, 0, 0, 0, 0, 0, 0, 0, 0, 0, 0, 0, 0, 0, 0, 0, 0, 0, 0, 0, 0, 0, 0, 0, 0, 0, 0, 0, 0, 0, 0, 0, 0, 0, 0, 0, 0, 0, 0, 0, 0, 0, 0, 0, 0, 0, 0, 0, 0, 0, 0, 0, 0, 0, 0, 0, 0, 0, 0, 0, 0, 0, 0, 0, 0, 0, 0, 0, 0, 0, 0, 0, 0, 0, 0, 0, 0, 0, 0, 0, 0, 0, 0, 0, 0, 0, 0, 0, 0, 0, 0, 0, 0, 0, 0, 0, 0, 0, 0, 0, 0, 0, 0, 0, 0, 0, 0, 0, 0, 0, 0, 0, 0, 0, 0, 0, 0, 0, 0, 0, 0, 0, 0, 0, 0, 0, 0, 0, 0, 0, 0, 0, 0, 0, 0, 0, 0, 0, 0, 0, 0, 0, 0, 0, 0, 0, 0, 0, 0, 0, 0, 0, 0, 0, 0, 0)
p_seq: 0.9922287100657725
DeltaW_total: 0.5301603849893777
DeltaQ_total: -7.719151607382571e-07
dW per increment:
[ 3.471592021139e-03,  3.489908428906e-03,  3.499542792703e-03,
  3.497028079165e-03,  3.482376576295e-03,  3.459130024005e-03,
  3.433383333258e-03,  3.412051153308e-03,  3.400870158988e-03,
  3.402713397428e-03,  3.416710422060e-03,  3.438440127699e-03,
  3.461156066964e-03,  3.477704457890e-03,  3.482589830842e-03,
  3.473592845747e-03,  3.452465789282e-03,  3.424490918368e-03,
  3.397012033791e-03,  3.377347524109e-03,  3.370677421085e-03,
  3.378513174559e-03,  3.398199992864e-03,  3.423611057194e-03,
  3.446852446881e-03,  3.460504343055e-03,  3.459762855192e-03,
  3.443865714532e-03,  3.416381169661e-03,  3.384258974910e-03,
  3.355895587678e-03,  3.338751958154e-03,  3.337198766859e-03,
  3.351209489162e-03,  3.376289061208e-03,  3.404679028904e-03,
  3.427516203855e-03,  3.437344543505e-03,  3.430269528167e-03,
  3.407134656928e-03,  3.373368109511e-03,  3.337520432696e-03,
  3.308886893812e-03,  3.294874975238e-03,  3.298860968572e-03,
  3.319153244814e-03,  3.349376115514e-03,  3.380190563458e-03,
  3.401887676162e-03,  3.407135342613e-03,  3.393102892362e-03,
  3.362350867906e-03,  3.322211620397e-03,  3.282808163888e-03,
  3.254246028792e-03,  3.243755899954e-03,  3.253592696122e-03,
  3.280298007542e-03,  3.315559617075e-03,  3.348456266833e-03,
  3.368481985007e-03,  3.368513748836e-03,  3.346886605744e-03,
  3.307975511301e-03,  3.261091189071e-03,  3.217966880079e-03,
  3.189513415307e-03,  3.182738183902e-03,  3.198694951738e-03,
  3.232059665013e-03,  3.272483945990e-03,  3.307383733533e-03,
  3.325412546804e-03,  3.319662631013e-03,  3.289694066233e-03,
  3.241800872546e-03,  3.187402894879e-03,  3.139972437395e-03,
  3.111321225571e-03,  3.108268423539e-03,  3.130625578207e-03,
  3.171087622738e-03,  3.217101601967e-03,  3.254236837567e-03,
  3.270153219708e-03,  3.258079009022e-03,  3.218822165143e-03,
  3.160724633602e-03,  3.097526103314e-03,  3.044681909479e-03,
  3.015119583406e-03,  3.015595627069e-03,  3.044674015911e-03,
  3.092922697300e-03,  3.145325235042e-03,  3.185293245780e-03,
  3.199209648496e-03,  3.180261868129e-03,  3.130491228227e-03,
  3.060451242069e-03,  2.986511653903e-03,  2.926493760558e-03,
  2.894797634664e-03,  2.898349028616e-03,  2.934500145301e-03,
  2.991509053373e-03,  3.051529780597e-03,  3.095354689673e-03,
  3.107651809330e-03,  3.081273406748e-03,  3.019431538554e-03,
  2.935090631766e-03,  2.847672669210e-03,  2.777908084836e-03,
  2.742193359676e-03,  2.747985388865e-03,  2.791518166976e-03,
  2.858525885362e-03,  2.927853454429e-03,  2.977044695097e-03,
  2.988435731169e-03,  2.954105340171e-03,  2.878302659440e-03,
  2.776623704852e-03,  2.672074159671e-03,  2.589006798452e-03,
  2.546526078143e-03,  2.553139435749e-03,  2.604143225854e-03,
  2.682527892720e-03,  2.763252167938e-03,  2.819817430039e-03,
  2.831420422943e-03,  2.788759249169e-03,  2.696880788532e-03,
  2.574216128261e-03,  2.447960511557e-03,  2.346948888391e-03,
  2.293887735815e-03,  2.299028805124e-03,  2.357037084202e-03,
  2.447988826900e-03,  2.542343890347e-03,  2.608657615212e-03,
  2.622023091986e-03,  2.570982335142e-03,  2.460996823311e-03,
  2.313445207076e-03,  2.160295862955e-03,  2.035773856782e-03,
  1.967189110980e-03,  1.967377690381e-03,  2.030839102211e-03,
  2.134711463212e-03,  2.244452053180e-03,  2.322818203632e-03,
  2.339816139038e-03,  2.280962674844e-03,  2.151589596803e-03,
  1.975927794776e-03,  1.791082260642e-03,  1.637388648561e-03,
  1.547655126121e-03,  1.538156981326e-03,  1.603851242365e-03,
  1.719203159876e-03,  1.844539149339e-03,  1.936350438971e-03,
  1.958870131821e-03,  1.893840379415e-03,  1.745802062390e-03,
  1.541383878163e-03,  1.322648938199e-03,  1.136157894393e-03,
  1.020596391918e-03,  9.962611938334e-04,  1.059267056423e-03,
  1.182123606188e-03,  1.320649646217e-03,  1.425486451986e-03,
  1.455202128376e-03,  1.387497275168e-03,  1.225472717563e-03,
  9.971977101273e-04,  7.485906989935e-04,  5.314232441034e-04,
  3.895953828525e-04,  3.473390862094e-04,  4.025362268560e-04,
  5.270024193518e-04,  6.737378879755e-04,  7.892749176577e-04,
  8.278638852808e-04,  7.637162381879e-04,  5.980127755283e-04,
  3.587656806161e-04,  9.352727539280e-05, -1.431430554426e-04,
 -3.041275490840e-04, -3.622613342138e-04]
dQ per increment:
[-4.162499281889e-10, -8.896106024146e-10, -1.150365450901e-09,
 -1.119499371026e-09, -8.017114363872e-10, -2.854011209221e-10,
  2.817411198005e-10,  7.346852466672e-10,  9.387861848575e-10,
  8.293747238465e-10,  4.317194960898e-10, -1.448441436236e-10,
 -7.371924537827e-10, -1.174808945655e-09, -1.329034235095e-09,
 -1.151043532190e-09, -6.872767344384e-10, -6.770972259436e-11,
  5.302931824127e-10,  9.324338183080e-10,  1.017739948740e-09,
  7.544377596605e-10,  2.106795235230e-10, -4.633608275718e-10,
 -1.077278702008e-09, -1.454444851882e-09, -1.483146725226e-09,
 -1.149750651023e-09, -5.444651461455e-10,  1.627159518236e-10,
  7.692836975076e-10,  1.097732246682e-09,  1.046806066742e-09,
  6.219700737515e-10, -6.424148084154e-11, -8.223532087497e-10,
 -1.438696809472e-09, -1.736003174763e-09, -1.624659441484e-09,
 -1.129985244047e-09, -3.872032243446e-10,  3.949908562121e-10,
  9.924150062932e-10,  1.228965977379e-09,  1.027606012869e-09,
  4.342072565215e-10, -3.930365965413e-10, -1.226302503987e-09,
 -1.831469573221e-09, -2.034275635963e-09, -1.771094322090e-09,
 -1.109046903792e-09, -2.297496703519e-10,  6.197848268679e-10,
  1.195609350781e-09,  1.325903041874e-09,  9.609855062317e-10,
  1.898597915169e-10, -7.819716846703e-10, -1.687972207755e-09,
 -2.274458441357e-09, -2.372298596822e-09, -1.946316578391e-09,
 -1.108130204134e-09, -8.788011963100e-11,  8.278031121906e-10,
  1.375126465605e-09,  1.387593028218e-09,  8.449351906071e-10,
 -1.179749739739e-10, -1.245528577086e-09, -2.230182377639e-09,
 -2.797417589890e-09, -2.783264836811e-09, -2.182712286630e-09,
 -1.154690626643e-09,  1.848150256965e-11,  1.007075776070e-09,
  1.524811284832e-09,  1.409685400963e-09,  6.720105674186e-10,
 -5.043356700145e-10, -1.809080356005e-09, -2.888766425070e-09,
 -3.444073949535e-09, -3.314266422069e-09, -2.525231771627e-09,
 -1.286807543984e-09,  6.091396397706e-11,  1.138674581274e-09,
  1.632213696449e-09,  1.380856694505e-09,  4.259249140447e-10,
 -9.957806811111e-10, -2.512438025530e-09, -3.716654182117e-09,
 -4.277095541237e-09, -4.031890774589e-09, -3.037739189859e-09,
 -1.559839068023e-09, -4.252590684109e-12,  1.190366060279e-09,
  1.672683262624e-09,  1.277688897608e-09,  7.696324361237e-11,
 -1.634709982288e-09, -3.414479586117e-09, -4.789137933664e-09,
 -5.384251458313e-09, -5.029593117207e-09, -3.811371310355e-09,
 -2.055589063115e-09, -2.452423984375e-10,  1.107648860436e-09,
  1.601447945608e-09,  1.057747350862e-09, -4.235767115746e-10,
 -2.484049972011e-09, -4.597305546666e-09, -6.208251334891e-09,
 -6.883759853696e-09, -6.434333082561e-09, -4.972713608454e-09,
 -2.891642708429e-09, -7.648842309852e-10,  8.039711157557e-10,
  1.344938719585e-09,  6.533288375360e-10, -1.146929996289e-09,
 -3.627707477732e-09, -6.164185111890e-09, -8.099032094175e-09,
 -8.920022792343e-09, -8.403247392201e-09, -6.682242508838e-09,
 -4.222090052846e-09, -1.702953441999e-09,  1.580449441566e-10,
  7.999735234594e-10, -2.541834012151e-11, -2.177528917650e-09,
 -5.153715727075e-09, -8.214815033292e-09, -1.057815380239e-08,
 -1.162794102119e-08, -1.108636406982e-08, -9.098355708268e-09,
 -6.204550423894e-09, -3.206554669358e-09, -9.581034671690e-10,
 -1.362147177279e-10, -1.053687524819e-09, -3.564473850305e-09,
 -7.090295248710e-09, -1.076435048064e-08, -1.365679795547e-08,
 -1.502321314291e-08, -1.450997250271e-08, -1.225986503723e-08,
 -8.886758989389e-09, -5.322999759505e-09, -2.577055568562e-09,
 -1.464373694244e-09, -2.383343793589e-09, -5.197650157821e-09,
 -9.259487325161e-09, -1.357071213205e-08, -1.704212612827e-08,
 -1.878325633751e-08, -1.834574921275e-08, -1.585348721256e-08,
 -1.198212082093e-08, -7.790004033709e-09, -4.442781968163e-09,
 -2.903410314037e-09, -3.669984503199e-09, -6.633082979418e-09,
 -1.109317028102e-08, -1.593638639276e-08, -1.992480923194e-08,
 -2.202492055533e-08, -2.168710557866e-08, -1.900009278898e-08,
 -1.467697692927e-08, -9.873976274577e-09, -5.887856854034e-09,
 -3.811810043823e-09, -4.241221069929e-09, -7.109023713453e-09,
 -1.169617381929e-08, -1.681661000697e-08, -2.112857068806e-08,
 -2.349046674755e-08, -2.326613114049e-08, -2.049746850095e-08,
 -1.589733521884e-08, -1.066352138058e-08, -6.162604999763e-09,
 -3.567670676247e-09, -3.546470450644e-09]

================================================================================
TRAJECTORY 11
================================================================================

COMP trajectory 11
outcomes: (0, 0, 0, 0, 0, 0, 0, 0, 0, 0, 0, 0, 0, 0, 0, 0, 0, 0, 0, 0, 0, 0, 0, 0, 0, 0, 0, 0, 0, 0, 0, 0, 0, 0, 0, 0, 0, 0, 0, 0, 0, 0, 0, 0, 0, 0, 0, 0, 0, 0, 0, 0, 0, 0, 0, 0, 0, 0, 0, 0, 0, 0, 0, 0, 0, 0, 0, 0, 0, 0, 0, 0, 0, 0, 0, 0, 0, 0, 0, 0, 0, 0, 0, 0, 0, 0, 0, 0, 0, 0, 0, 0, 0, 0, 0, 0, 0, 0, 0, 0, 0, 0, 0, 0, 0, 0, 0, 0, 0, 0, 0, 0, 0, 0, 0, 0, 0, 0, 0, 0, 0, 0, 0, 0, 0, 0, 0, 0, 0, 0, 0, 0, 0, 0, 0, 0, 0, 0, 0, 0, 0, 0, 0, 0, 0, 0, 0, 0, 0, 0, 0, 0, 0, 0, 0, 0, 0, 0, 0, 0, 0, 0, 0, 0, 0, 0, 0, 0, 0, 0, 0, 0, 0, 0, 0, 0, 0, 0, 0, 0, 0, 0, 0, 0, 0, 0, 0, 0, 0, 0, 0, 0, 0, 0, 0, 0, 0, 0, 0, 0, 0)
p_seq: 0.9711646393507506
DeltaW_total: -0.8254703559926213
DeltaQ_total: -4.164499868344711e-06
dW per increment:
[ 1.573221825758e-03,  3.134225698634e-03,  1.495191472248e-03,
 -1.818410173470e-03, -3.643019679057e-03, -2.283259703793e-03,
  8.314121654003e-04,  2.560741646251e-03,  1.138127896114e-03,
 -2.107932878062e-03, -4.075018812387e-03, -2.935493525278e-03,
  8.680979657250e-05,  1.941298909479e-03,  7.505793541434e-04,
 -2.367704122973e-03, -4.427071274868e-03, -3.511588823436e-03,
 -6.325205688213e-04,  1.298855175149e-03,  3.396538452147e-04,
 -2.603516238699e-03, -4.703663861903e-03, -4.002026710845e-03,
 -1.303484448567e-03,  6.567724896147e-04, -8.510182655641e-05,
 -2.821587458538e-03, -4.914835379770e-03, -4.405884661647e-03,
 -1.910183305348e-03,  3.565060464972e-05, -5.132371009751e-04,
 -3.027298470332e-03, -5.073339001779e-03, -4.728865907634e-03,
 -2.444275699512e-03, -5.486423046008e-04, -9.348428529350e-04,
 -3.224521673861e-03, -5.192133571619e-03, -4.980712787173e-03,
 -2.903939336665e-03, -1.085625631404e-03, -1.341595073573e-03,
 -3.415530324414e-03, -5.282703324543e-03, -5.172819604123e-03,
 -3.292147499682e-03, -1.569847932078e-03, -1.727294307221e-03,
 -3.601287952193e-03, -5.354258896261e-03, -5.316473076707e-03,
 -3.614869638918e-03, -1.999957734029e-03, -2.087961498690e-03,
 -3.781885391360e-03, -5.413607311841e-03, -5.421796081443e-03,
 -3.879557404957e-03, -2.377593005731e-03, -2.421629721690e-03,
 -3.956956462901e-03, -5.465411011832e-03, -5.497269492576e-03,
 -4.094047385047e-03, -2.706343493434e-03, -2.727977972208e-03,
 -4.125989748825e-03, -5.512605403135e-03, -5.549645193128e-03,
 -4.265865411639e-03, -2.990908361619e-03, -3.007920527587e-03,
 -4.288519595002e-03, -5.556829053388e-03, -5.584081868419e-03,
 -4.401851463516e-03, -3.236478843183e-03, -3.263222340834e-03,
 -4.444214393502e-03, -5.598794481354e-03, -5.604382314079e-03,
 -4.508010920821e-03, -3.448324470437e-03, -3.496174112369e-03,
 -4.592891503647e-03, -5.638576436994e-03, -5.613257632877e-03,
 -4.589510306330e-03, -3.631540842013e-03, -3.709335560494e-03,
 -4.734486591206e-03, -5.675821051454e-03, -5.612579000513e-03,
 -4.650756018300e-03, -3.790914109564e-03, -3.905341228638e-03,
 -4.868998771144e-03, -5.709890569744e-03, -5.603600587765e-03,
 -4.695514006782e-03, -3.930862912689e-03, -4.086756904949e-03,
 -4.996426192346e-03, -5.739961228311e-03, -5.587150343032e-03,
 -4.727043558887e-03, -4.055426609789e-03, -4.255973341516e-03,
 -5.116701422967e-03, -5.765090719279e-03, -5.563791824187e-03,
 -4.748228901320e-03, -4.168276489178e-03, -4.415125183618e-03,
 -5.229632570476e-03, -5.784269144659e-03, -5.533962658291e-03,
 -4.761698933649e-03, -4.272733115865e-03, -4.566025450544e-03,
 -5.334854257718e-03, -5.796464622374e-03, -5.498095219046e-03,
 -4.769929084116e-03, -4.371777939717e-03, -4.710108795635e-03,
 -5.431791959246e-03, -5.800672190635e-03, -5.456723787063e-03,
 -4.775320974506e-03, -4.468051045418e-03, -4.848379782789e-03,
 -5.519643341266e-03, -5.795972387943e-03, -5.410580380357e-03,
 -4.780256060492e-03, -4.563829901620e-03, -4.981365435036e-03,
 -5.597380761653e-03, -5.781603688753e-03, -5.360678932234e-03,
 -4.787119299504e-03, -4.660986609068e-03, -5.109074308084e-03,
 -5.663779606643e-03, -5.757050613887e-03, -5.308384749725e-03,
 -4.798288702908e-03, -4.760923850927e-03, -5.230967275576e-03,
 -5.717477317724e-03, -5.722146574740e-03, -5.255463397646e-03,
 -4.816086816568e-03, -4.864492816061e-03, -5.345947962631e-03,
 -5.757067431755e-03, -5.677187184443e-03, -5.204100564750e-03,
 -4.842691174211e-03, -4.971899973988e-03, -5.452383086560e-03,
 -5.781231350383e-03, -5.623045821803e-03, -5.156882441717e-03,
 -4.880002986489e-03, -5.082613741926e-03, -5.548164465772e-03,
 -5.788907525879e-03, -5.561278786864e-03, -5.116725168225e-03,
 -4.929477097964e-03, -5.195286585103e-03, -5.630824596562e-03,
 -5.779493037682e-03, -5.494202800431e-03, -5.086742614139e-03,
 -4.991921764532e-03, -5.307712445877e-03, -5.697715810978e-03,
 -5.753066063175e-03, -5.424923524483e-03, -5.070044845191e-03,
 -5.067284018143e-03, -5.416842794922e-03, -5.746258424669e-03,
 -5.710609744664e-03, -5.357291195278e-03, -5.069465751415e-03,
 -5.154444859926e-03, -5.518885912881e-03, -5.774255378167e-03,
 -5.654209111349e-03, -5.295759633523e-03, -5.087227936578e-03,
 -5.251057296700e-03, -5.609511857628e-03]
dQ per increment:
[-2.303445896935e-07, -3.737145369089e-07, -2.283549950933e-07,
  6.305170112452e-08,  2.150937552111e-07,  7.990028732391e-08,
 -2.084242085049e-07, -3.664773042503e-07, -2.399387621110e-07,
  4.614098047476e-08,  2.117009113476e-07,  9.689510160199e-08,
 -1.826187498049e-07, -3.513829642211e-07, -2.450291769021e-07,
  3.033546556530e-08,  2.049763585094e-07,  1.110117306756e-07,
 -1.550299757133e-07, -3.301427211931e-07, -2.439696191038e-07,
  1.639555426841e-08,  1.954990783409e-07,  1.214994547454e-07,
 -1.276947290724e-07, -3.048688196460e-07, -2.376692300205e-07,
  4.792022993260e-09,  1.840388794716e-07,  1.280942077677e-07,
 -1.022653350084e-07, -2.776644927207e-07, -2.273371804587e-07,
 -4.279821998535e-09,  1.714289219086e-07,  1.309683700288e-07,
 -7.985172656823e-08, -2.503246558142e-07, -2.142349204326e-07,
 -1.084738411247e-08,  1.584479067014e-07,  1.306002499210e-07,
 -6.101955821701e-08, -2.241889704440e-07, -1.995010053563e-07,
 -1.509354093793e-08,  1.457387308226e-07,  1.276224479096e-07,
 -4.588924855950e-08, -2.001249774365e-07, -1.840592551367e-07,
 -1.729187853322e-08,  1.337709228935e-07,  1.226934771294e-07,
 -3.427311845569e-08, -1.785916474636e-07, -1.685938165394e-07,
 -1.775376124932e-08,  1.228404726272e-07,  1.164114519568e-07,
 -2.580565765589e-08, -1.597360211165e-07, -1.535663948131e-07,
 -1.679050413463e-08,  1.130923751921e-07,  1.092694205751e-07,
 -2.004501912893e-08, -1.434900750025e-07, -1.392533613949e-07,
 -1.469007675226e-08,  1.045533624044e-07,  1.016422897255e-07,
 -1.654100056014e-08, -1.296522185693e-07, -1.257883024876e-07,
 -1.170519751091e-08,  9.716509228631e-08,  9.379361490171e-08,
 -1.487427096812e-08, -1.179478545097e-07, -1.132015734467e-07,
 -8.050420379803e-09,  9.081268954100e-08,  8.589211769735e-08,
 -1.467435067383e-08, -1.080710673802e-07, -1.014535110436e-07,
 -3.904481047506e-09,  8.534696245392e-08,  7.803175067342e-08,
 -1.562353778208e-08, -9.971068657940e-08, -9.046070717413e-08,
  5.839268157545e-10,  8.060031384417e-08,  7.025135185992e-08,
 -1.745300054696e-08, -9.256527907370e-08, -8.011598286953e-08,
  5.288956048295e-09,  7.639736736547e-08,  6.255220588594e-08,
 -1.993441190199e-08, -8.635090077182e-08, -7.030356236320e-08,
  1.009977830708e-08,  7.256191040736e-08,  5.491314227597e-08,
 -2.287032066462e-08, -8.080429543707e-08, -6.091042770683e-08,
  1.491329992831e-08,  6.892140295544e-08,  4.730323838794e-08,
 -2.608426303207e-08, -7.568391480108e-08, -5.183528438337e-08,
  1.962741622615e-08,  6.531012132754e-08,  3.969257071895e-08,
 -2.941203097436e-08, -7.077007619684e-08, -4.299583785967e-08,
  2.413564253317e-08,  6.157211036167e-08,  3.206142777266e-08,
 -3.269431946441e-08, -6.586573788464e-08, -3.433505970686e-08,
  2.832297230429e-08,  5.756455508273e-08,  2.440847425957e-08,
 -3.577138624894e-08, -6.079799217806e-08, -2.582672045150e-08,
  3.206356326019e-08,  5.316200673948e-08,  1.675781689152e-08,
 -3.847984314433e-08, -5.542129094191e-08, -1.748021510872e-08,
  3.522051618497e-08,  4.826194963982e-08,  9.164972301478e-09,
 -4.065215378820e-08, -4.962225960171e-08, -9.344628259557e-09,
  3.764813782167e-08,  4.279176034263e-08,  1.721530753888e-09,
 -4.211903883306e-08, -4.332600521666e-08, -1.511265309076e-09,
  3.919698187815e-08,  3.671681065437e-08, -5.442147849553e-09,
 -4.271509123407e-08, -3.650385619995e-08,  5.885719669453e-09,
  3.972202878167e-08,  3.004932807617e-08, -1.215687048771e-08,
 -4.228784965515e-08, -2.918145639713e-08,  1.267170678804e-08,
  3.909421967489e-08,  2.285718243237e-08, -1.821821416469e-08,
 -4.071024553055e-08, -2.144663815637e-08,  1.863781259534e-08,
  3.721494434665e-08,  1.527154354364e-08, -2.339443457618e-08,
 -3.789598118555e-08, -1.345526241120e-08,  2.355192775961e-08,
  3.403317385721e-08,  7.491500678483e-09, -2.743986154442e-08,
 -3.381709327410e-08, -5.433546619582e-09,  2.717534480431e-08,
  2.956380423108e-08, -2.156552861635e-10, -3.011402925635e-08,
 -2.852204394194e-08,  2.325176557370e-09,  2.928503450416e-08,
  2.390557781243e-08, -7.521049739598e-09, -3.120651519140e-08,
 -2.215213877783e-08,  9.471303023117e-09,  2.970128797335e-08,
  1.725574105653e-08, -1.404927362381e-08, -3.056650947370e-08,
 -1.495334088931e-08,  1.561900356273e-08]

EXP trajectory 11
outcomes: (0, 0, 0, 0, 0, 0, 0, 0, 0, 0, 0, 0, 0, 0, 0, 0, 0, 0, 0, 0, 0, 0, 0, 0, 0, 0, 0, 0, 0, 0, 0, 0, 0, 0, 0, 0, 0, 0, 0, 0, 0, 0, 0, 0, 0, 0, 0, 0, 0, 0, 0, 0, 0, 0, 0, 0, 0, 0, 0, 0, 0, 0, 0, 0, 0, 0, 0, 0, 0, 0, 0, 0, 0, 0, 0, 0, 0, 0, 0, 0, 0, 0, 0, 0, 0, 0, 0, 0, 0, 0, 0, 0, 0, 0, 0, 0, 0, 0, 0, 0, 0, 0, 0, 0, 0, 0, 0, 0, 0, 0, 0, 0, 0, 0, 0, 0, 0, 0, 0, 0, 0, 0, 0, 0, 0, 0, 0, 0, 0, 0, 0, 0, 0, 0, 0, 0, 0, 0, 0, 0, 0, 0, 0, 0, 0, 0, 0, 0, 0, 0, 0, 0, 0, 0, 0, 0, 0, 0, 0, 0, 0, 0, 0, 0, 0, 0, 0, 0, 0, 0, 0, 0, 0, 0, 0, 0, 0, 0, 0, 0, 0, 0, 0, 0, 0, 0, 0, 0, 0, 0, 0, 0, 0, 0, 0, 0, 0, 0, 0, 0, 0)
p_seq: 0.9922287100657725
DeltaW_total: 0.5301603849893777
DeltaQ_total: -7.719151607382571e-07
dW per increment:
[ 3.471592021139e-03,  3.489908428906e-03,  3.499542792703e-03,
  3.497028079165e-03,  3.482376576295e-03,  3.459130024005e-03,
  3.433383333258e-03,  3.412051153308e-03,  3.400870158988e-03,
  3.402713397428e-03,  3.416710422060e-03,  3.438440127699e-03,
  3.461156066964e-03,  3.477704457890e-03,  3.482589830842e-03,
  3.473592845747e-03,  3.452465789282e-03,  3.424490918368e-03,
  3.397012033791e-03,  3.377347524109e-03,  3.370677421085e-03,
  3.378513174559e-03,  3.398199992864e-03,  3.423611057194e-03,
  3.446852446881e-03,  3.460504343055e-03,  3.459762855192e-03,
  3.443865714532e-03,  3.416381169661e-03,  3.384258974910e-03,
  3.355895587678e-03,  3.338751958154e-03,  3.337198766859e-03,
  3.351209489162e-03,  3.376289061208e-03,  3.404679028904e-03,
  3.427516203855e-03,  3.437344543505e-03,  3.430269528167e-03,
  3.407134656928e-03,  3.373368109511e-03,  3.337520432696e-03,
  3.308886893812e-03,  3.294874975238e-03,  3.298860968572e-03,
  3.319153244814e-03,  3.349376115514e-03,  3.380190563458e-03,
  3.401887676162e-03,  3.407135342613e-03,  3.393102892362e-03,
  3.362350867906e-03,  3.322211620397e-03,  3.282808163888e-03,
  3.254246028792e-03,  3.243755899954e-03,  3.253592696122e-03,
  3.280298007542e-03,  3.315559617075e-03,  3.348456266833e-03,
  3.368481985007e-03,  3.368513748836e-03,  3.346886605744e-03,
  3.307975511301e-03,  3.261091189071e-03,  3.217966880079e-03,
  3.189513415307e-03,  3.182738183902e-03,  3.198694951738e-03,
  3.232059665013e-03,  3.272483945990e-03,  3.307383733533e-03,
  3.325412546804e-03,  3.319662631013e-03,  3.289694066233e-03,
  3.241800872546e-03,  3.187402894879e-03,  3.139972437395e-03,
  3.111321225571e-03,  3.108268423539e-03,  3.130625578207e-03,
  3.171087622738e-03,  3.217101601967e-03,  3.254236837567e-03,
  3.270153219708e-03,  3.258079009022e-03,  3.218822165143e-03,
  3.160724633602e-03,  3.097526103314e-03,  3.044681909479e-03,
  3.015119583406e-03,  3.015595627069e-03,  3.044674015911e-03,
  3.092922697300e-03,  3.145325235042e-03,  3.185293245780e-03,
  3.199209648496e-03,  3.180261868129e-03,  3.130491228227e-03,
  3.060451242069e-03,  2.986511653903e-03,  2.926493760558e-03,
  2.894797634664e-03,  2.898349028616e-03,  2.934500145301e-03,
  2.991509053373e-03,  3.051529780597e-03,  3.095354689673e-03,
  3.107651809330e-03,  3.081273406748e-03,  3.019431538554e-03,
  2.935090631766e-03,  2.847672669210e-03,  2.777908084836e-03,
  2.742193359676e-03,  2.747985388865e-03,  2.791518166976e-03,
  2.858525885362e-03,  2.927853454429e-03,  2.977044695097e-03,
  2.988435731169e-03,  2.954105340171e-03,  2.878302659440e-03,
  2.776623704852e-03,  2.672074159671e-03,  2.589006798452e-03,
  2.546526078143e-03,  2.553139435749e-03,  2.604143225854e-03,
  2.682527892720e-03,  2.763252167938e-03,  2.819817430039e-03,
  2.831420422943e-03,  2.788759249169e-03,  2.696880788532e-03,
  2.574216128261e-03,  2.447960511557e-03,  2.346948888391e-03,
  2.293887735815e-03,  2.299028805124e-03,  2.357037084202e-03,
  2.447988826900e-03,  2.542343890347e-03,  2.608657615212e-03,
  2.622023091986e-03,  2.570982335142e-03,  2.460996823311e-03,
  2.313445207076e-03,  2.160295862955e-03,  2.035773856782e-03,
  1.967189110980e-03,  1.967377690381e-03,  2.030839102211e-03,
  2.134711463212e-03,  2.244452053180e-03,  2.322818203632e-03,
  2.339816139038e-03,  2.280962674844e-03,  2.151589596803e-03,
  1.975927794776e-03,  1.791082260642e-03,  1.637388648561e-03,
  1.547655126121e-03,  1.538156981326e-03,  1.603851242365e-03,
  1.719203159876e-03,  1.844539149339e-03,  1.936350438971e-03,
  1.958870131821e-03,  1.893840379415e-03,  1.745802062390e-03,
  1.541383878163e-03,  1.322648938199e-03,  1.136157894393e-03,
  1.020596391918e-03,  9.962611938334e-04,  1.059267056423e-03,
  1.182123606188e-03,  1.320649646217e-03,  1.425486451986e-03,
  1.455202128376e-03,  1.387497275168e-03,  1.225472717563e-03,
  9.971977101273e-04,  7.485906989935e-04,  5.314232441034e-04,
  3.895953828525e-04,  3.473390862094e-04,  4.025362268560e-04,
  5.270024193518e-04,  6.737378879755e-04,  7.892749176577e-04,
  8.278638852808e-04,  7.637162381879e-04,  5.980127755283e-04,
  3.587656806161e-04,  9.352727539280e-05, -1.431430554426e-04,
 -3.041275490840e-04, -3.622613342138e-04]
dQ per increment:
[-4.162499281889e-10, -8.896106024146e-10, -1.150365450901e-09,
 -1.119499371026e-09, -8.017114363872e-10, -2.854011209221e-10,
  2.817411198005e-10,  7.346852466672e-10,  9.387861848575e-10,
  8.293747238465e-10,  4.317194960898e-10, -1.448441436236e-10,
 -7.371924537827e-10, -1.174808945655e-09, -1.329034235095e-09,
 -1.151043532190e-09, -6.872767344384e-10, -6.770972259436e-11,
  5.302931824127e-10,  9.324338183080e-10,  1.017739948740e-09,
  7.544377596605e-10,  2.106795235230e-10, -4.633608275718e-10,
 -1.077278702008e-09, -1.454444851882e-09, -1.483146725226e-09,
 -1.149750651023e-09, -5.444651461455e-10,  1.627159518236e-10,
  7.692836975076e-10,  1.097732246682e-09,  1.046806066742e-09,
  6.219700737515e-10, -6.424148084154e-11, -8.223532087497e-10,
 -1.438696809472e-09, -1.736003174763e-09, -1.624659441484e-09,
 -1.129985244047e-09, -3.872032243446e-10,  3.949908562121e-10,
  9.924150062932e-10,  1.228965977379e-09,  1.027606012869e-09,
  4.342072565215e-10, -3.930365965413e-10, -1.226302503987e-09,
 -1.831469573221e-09, -2.034275635963e-09, -1.771094322090e-09,
 -1.109046903792e-09, -2.297496703519e-10,  6.197848268679e-10,
  1.195609350781e-09,  1.325903041874e-09,  9.609855062317e-10,
  1.898597915169e-10, -7.819716846703e-10, -1.687972207755e-09,
 -2.274458441357e-09, -2.372298596822e-09, -1.946316578391e-09,
 -1.108130204134e-09, -8.788011963100e-11,  8.278031121906e-10,
  1.375126465605e-09,  1.387593028218e-09,  8.449351906071e-10,
 -1.179749739739e-10, -1.245528577086e-09, -2.230182377639e-09,
 -2.797417589890e-09, -2.783264836811e-09, -2.182712286630e-09,
 -1.154690626643e-09,  1.848150256965e-11,  1.007075776070e-09,
  1.524811284832e-09,  1.409685400963e-09,  6.720105674186e-10,
 -5.043356700145e-10, -1.809080356005e-09, -2.888766425070e-09,
 -3.444073949535e-09, -3.314266422069e-09, -2.525231771627e-09,
 -1.286807543984e-09,  6.091396397706e-11,  1.138674581274e-09,
  1.632213696449e-09,  1.380856694505e-09,  4.259249140447e-10,
 -9.957806811111e-10, -2.512438025530e-09, -3.716654182117e-09,
 -4.277095541237e-09, -4.031890774589e-09, -3.037739189859e-09,
 -1.559839068023e-09, -4.252590684109e-12,  1.190366060279e-09,
  1.672683262624e-09,  1.277688897608e-09,  7.696324361237e-11,
 -1.634709982288e-09, -3.414479586117e-09, -4.789137933664e-09,
 -5.384251458313e-09, -5.029593117207e-09, -3.811371310355e-09,
 -2.055589063115e-09, -2.452423984375e-10,  1.107648860436e-09,
  1.601447945608e-09,  1.057747350862e-09, -4.235767115746e-10,
 -2.484049972011e-09, -4.597305546666e-09, -6.208251334891e-09,
 -6.883759853696e-09, -6.434333082561e-09, -4.972713608454e-09,
 -2.891642708429e-09, -7.648842309852e-10,  8.039711157557e-10,
  1.344938719585e-09,  6.533288375360e-10, -1.146929996289e-09,
 -3.627707477732e-09, -6.164185111890e-09, -8.099032094175e-09,
 -8.920022792343e-09, -8.403247392201e-09, -6.682242508838e-09,
 -4.222090052846e-09, -1.702953441999e-09,  1.580449441566e-10,
  7.999735234594e-10, -2.541834012151e-11, -2.177528917650e-09,
 -5.153715727075e-09, -8.214815033292e-09, -1.057815380239e-08,
 -1.162794102119e-08, -1.108636406982e-08, -9.098355708268e-09,
 -6.204550423894e-09, -3.206554669358e-09, -9.581034671690e-10,
 -1.362147177279e-10, -1.053687524819e-09, -3.564473850305e-09,
 -7.090295248710e-09, -1.076435048064e-08, -1.365679795547e-08,
 -1.502321314291e-08, -1.450997250271e-08, -1.225986503723e-08,
 -8.886758989389e-09, -5.322999759505e-09, -2.577055568562e-09,
 -1.464373694244e-09, -2.383343793589e-09, -5.197650157821e-09,
 -9.259487325161e-09, -1.357071213205e-08, -1.704212612827e-08,
 -1.878325633751e-08, -1.834574921275e-08, -1.585348721256e-08,
 -1.198212082093e-08, -7.790004033709e-09, -4.442781968163e-09,
 -2.903410314037e-09, -3.669984503199e-09, -6.633082979418e-09,
 -1.109317028102e-08, -1.593638639276e-08, -1.992480923194e-08,
 -2.202492055533e-08, -2.168710557866e-08, -1.900009278898e-08,
 -1.467697692927e-08, -9.873976274577e-09, -5.887856854034e-09,
 -3.811810043823e-09, -4.241221069929e-09, -7.109023713453e-09,
 -1.169617381929e-08, -1.681661000697e-08, -2.112857068806e-08,
 -2.349046674755e-08, -2.326613114049e-08, -2.049746850095e-08,
 -1.589733521884e-08, -1.066352138058e-08, -6.162604999763e-09,
 -3.567670676247e-09, -3.546470450644e-09]

================================================================================
TRAJECTORY 12
================================================================================

COMP trajectory 12
outcomes: (0, 0, 0, 0, 0, 0, 0, 0, 0, 0, 0, 0, 0, 0, 0, 0, 0, 0, 0, 0, 0, 0, 0, 0, 0, 0, 0, 0, 0, 0, 0, 0, 0, 0, 0, 0, 0, 0, 0, 0, 0, 0, 0, 0, 0, 0, 0, 0, 0, 0, 0, 0, 0, 0, 0, 0, 0, 0, 0, 0, 0, 0, 0, 0, 0, 0, 0, 0, 0, 0, 0, 0, 0, 0, 0, 0, 0, 0, 0, 0, 0, 0, 0, 0, 0, 0, 0, 0, 0, 0, 0, 0, 0, 0, 0, 0, 0, 0, 0, 0, 0, 0, 0, 0, 0, 0, 0, 0, 0, 0, 0, 0, 0, 0, 0, 0, 0, 0, 0, 0, 0, 0, 0, 0, 0, 0, 0, 0, 0, 0, 0, 0, 0, 0, 0, 0, 0, 0, 0, 0, 0, 0, 0, 0, 0, 0, 0, 0, 0, 0, 0, 0, 0, 0, 0, 0, 0, 0, 0, 0, 0, 0, 0, 0, 0, 0, 0, 0, 0, 0, 0, 0, 0, 0, 0, 0, 0, 0, 0, 0, 0, 0, 0, 0, 0, 0, 0, 0, 0, 0, 0, 0, 0, 0, 0, 0, 0, 0, 0, 0, 0)
p_seq: 0.9711646393507506
DeltaW_total: -0.8254703559926213
DeltaQ_total: -4.164499868344711e-06
dW per increment:
[ 1.573221825758e-03,  3.134225698634e-03,  1.495191472248e-03,
 -1.818410173470e-03, -3.643019679057e-03, -2.283259703793e-03,
  8.314121654003e-04,  2.560741646251e-03,  1.138127896114e-03,
 -2.107932878062e-03, -4.075018812387e-03, -2.935493525278e-03,
  8.680979657250e-05,  1.941298909479e-03,  7.505793541434e-04,
 -2.367704122973e-03, -4.427071274868e-03, -3.511588823436e-03,
 -6.325205688213e-04,  1.298855175149e-03,  3.396538452147e-04,
 -2.603516238699e-03, -4.703663861903e-03, -4.002026710845e-03,
 -1.303484448567e-03,  6.567724896147e-04, -8.510182655641e-05,
 -2.821587458538e-03, -4.914835379770e-03, -4.405884661647e-03,
 -1.910183305348e-03,  3.565060464972e-05, -5.132371009751e-04,
 -3.027298470332e-03, -5.073339001779e-03, -4.728865907634e-03,
 -2.444275699512e-03, -5.486423046008e-04, -9.348428529350e-04,
 -3.224521673861e-03, -5.192133571619e-03, -4.980712787173e-03,
 -2.903939336665e-03, -1.085625631404e-03, -1.341595073573e-03,
 -3.415530324414e-03, -5.282703324543e-03, -5.172819604123e-03,
 -3.292147499682e-03, -1.569847932078e-03, -1.727294307221e-03,
 -3.601287952193e-03, -5.354258896261e-03, -5.316473076707e-03,
 -3.614869638918e-03, -1.999957734029e-03, -2.087961498690e-03,
 -3.781885391360e-03, -5.413607311841e-03, -5.421796081443e-03,
 -3.879557404957e-03, -2.377593005731e-03, -2.421629721690e-03,
 -3.956956462901e-03, -5.465411011832e-03, -5.497269492576e-03,
 -4.094047385047e-03, -2.706343493434e-03, -2.727977972208e-03,
 -4.125989748825e-03, -5.512605403135e-03, -5.549645193128e-03,
 -4.265865411639e-03, -2.990908361619e-03, -3.007920527587e-03,
 -4.288519595002e-03, -5.556829053388e-03, -5.584081868419e-03,
 -4.401851463516e-03, -3.236478843183e-03, -3.263222340834e-03,
 -4.444214393502e-03, -5.598794481354e-03, -5.604382314079e-03,
 -4.508010920821e-03, -3.448324470437e-03, -3.496174112369e-03,
 -4.592891503647e-03, -5.638576436994e-03, -5.613257632877e-03,
 -4.589510306330e-03, -3.631540842013e-03, -3.709335560494e-03,
 -4.734486591206e-03, -5.675821051454e-03, -5.612579000513e-03,
 -4.650756018300e-03, -3.790914109564e-03, -3.905341228638e-03,
 -4.868998771144e-03, -5.709890569744e-03, -5.603600587765e-03,
 -4.695514006782e-03, -3.930862912689e-03, -4.086756904949e-03,
 -4.996426192346e-03, -5.739961228311e-03, -5.587150343032e-03,
 -4.727043558887e-03, -4.055426609789e-03, -4.255973341516e-03,
 -5.116701422967e-03, -5.765090719279e-03, -5.563791824187e-03,
 -4.748228901320e-03, -4.168276489178e-03, -4.415125183618e-03,
 -5.229632570476e-03, -5.784269144659e-03, -5.533962658291e-03,
 -4.761698933649e-03, -4.272733115865e-03, -4.566025450544e-03,
 -5.334854257718e-03, -5.796464622374e-03, -5.498095219046e-03,
 -4.769929084116e-03, -4.371777939717e-03, -4.710108795635e-03,
 -5.431791959246e-03, -5.800672190635e-03, -5.456723787063e-03,
 -4.775320974506e-03, -4.468051045418e-03, -4.848379782789e-03,
 -5.519643341266e-03, -5.795972387943e-03, -5.410580380357e-03,
 -4.780256060492e-03, -4.563829901620e-03, -4.981365435036e-03,
 -5.597380761653e-03, -5.781603688753e-03, -5.360678932234e-03,
 -4.787119299504e-03, -4.660986609068e-03, -5.109074308084e-03,
 -5.663779606643e-03, -5.757050613887e-03, -5.308384749725e-03,
 -4.798288702908e-03, -4.760923850927e-03, -5.230967275576e-03,
 -5.717477317724e-03, -5.722146574740e-03, -5.255463397646e-03,
 -4.816086816568e-03, -4.864492816061e-03, -5.345947962631e-03,
 -5.757067431755e-03, -5.677187184443e-03, -5.204100564750e-03,
 -4.842691174211e-03, -4.971899973988e-03, -5.452383086560e-03,
 -5.781231350383e-03, -5.623045821803e-03, -5.156882441717e-03,
 -4.880002986489e-03, -5.082613741926e-03, -5.548164465772e-03,
 -5.788907525879e-03, -5.561278786864e-03, -5.116725168225e-03,
 -4.929477097964e-03, -5.195286585103e-03, -5.630824596562e-03,
 -5.779493037682e-03, -5.494202800431e-03, -5.086742614139e-03,
 -4.991921764532e-03, -5.307712445877e-03, -5.697715810978e-03,
 -5.753066063175e-03, -5.424923524483e-03, -5.070044845191e-03,
 -5.067284018143e-03, -5.416842794922e-03, -5.746258424669e-03,
 -5.710609744664e-03, -5.357291195278e-03, -5.069465751415e-03,
 -5.154444859926e-03, -5.518885912881e-03, -5.774255378167e-03,
 -5.654209111349e-03, -5.295759633523e-03, -5.087227936578e-03,
 -5.251057296700e-03, -5.609511857628e-03]
dQ per increment:
[-2.303445896935e-07, -3.737145369089e-07, -2.283549950933e-07,
  6.305170112452e-08,  2.150937552111e-07,  7.990028732391e-08,
 -2.084242085049e-07, -3.664773042503e-07, -2.399387621110e-07,
  4.614098047476e-08,  2.117009113476e-07,  9.689510160199e-08,
 -1.826187498049e-07, -3.513829642211e-07, -2.450291769021e-07,
  3.033546556530e-08,  2.049763585094e-07,  1.110117306756e-07,
 -1.550299757133e-07, -3.301427211931e-07, -2.439696191038e-07,
  1.639555426841e-08,  1.954990783409e-07,  1.214994547454e-07,
 -1.276947290724e-07, -3.048688196460e-07, -2.376692300205e-07,
  4.792022993260e-09,  1.840388794716e-07,  1.280942077677e-07,
 -1.022653350084e-07, -2.776644927207e-07, -2.273371804587e-07,
 -4.279821998535e-09,  1.714289219086e-07,  1.309683700288e-07,
 -7.985172656823e-08, -2.503246558142e-07, -2.142349204326e-07,
 -1.084738411247e-08,  1.584479067014e-07,  1.306002499210e-07,
 -6.101955821701e-08, -2.241889704440e-07, -1.995010053563e-07,
 -1.509354093793e-08,  1.457387308226e-07,  1.276224479096e-07,
 -4.588924855950e-08, -2.001249774365e-07, -1.840592551367e-07,
 -1.729187853322e-08,  1.337709228935e-07,  1.226934771294e-07,
 -3.427311845569e-08, -1.785916474636e-07, -1.685938165394e-07,
 -1.775376124932e-08,  1.228404726272e-07,  1.164114519568e-07,
 -2.580565765589e-08, -1.597360211165e-07, -1.535663948131e-07,
 -1.679050413463e-08,  1.130923751921e-07,  1.092694205751e-07,
 -2.004501912893e-08, -1.434900750025e-07, -1.392533613949e-07,
 -1.469007675226e-08,  1.045533624044e-07,  1.016422897255e-07,
 -1.654100056014e-08, -1.296522185693e-07, -1.257883024876e-07,
 -1.170519751091e-08,  9.716509228631e-08,  9.379361490171e-08,
 -1.487427096812e-08, -1.179478545097e-07, -1.132015734467e-07,
 -8.050420379803e-09,  9.081268954100e-08,  8.589211769735e-08,
 -1.467435067383e-08, -1.080710673802e-07, -1.014535110436e-07,
 -3.904481047506e-09,  8.534696245392e-08,  7.803175067342e-08,
 -1.562353778208e-08, -9.971068657940e-08, -9.046070717413e-08,
  5.839268157545e-10,  8.060031384417e-08,  7.025135185992e-08,
 -1.745300054696e-08, -9.256527907370e-08, -8.011598286953e-08,
  5.288956048295e-09,  7.639736736547e-08,  6.255220588594e-08,
 -1.993441190199e-08, -8.635090077182e-08, -7.030356236320e-08,
  1.009977830708e-08,  7.256191040736e-08,  5.491314227597e-08,
 -2.287032066462e-08, -8.080429543707e-08, -6.091042770683e-08,
  1.491329992831e-08,  6.892140295544e-08,  4.730323838794e-08,
 -2.608426303207e-08, -7.568391480108e-08, -5.183528438337e-08,
  1.962741622615e-08,  6.531012132754e-08,  3.969257071895e-08,
 -2.941203097436e-08, -7.077007619684e-08, -4.299583785967e-08,
  2.413564253317e-08,  6.157211036167e-08,  3.206142777266e-08,
 -3.269431946441e-08, -6.586573788464e-08, -3.433505970686e-08,
  2.832297230429e-08,  5.756455508273e-08,  2.440847425957e-08,
 -3.577138624894e-08, -6.079799217806e-08, -2.582672045150e-08,
  3.206356326019e-08,  5.316200673948e-08,  1.675781689152e-08,
 -3.847984314433e-08, -5.542129094191e-08, -1.748021510872e-08,
  3.522051618497e-08,  4.826194963982e-08,  9.164972301478e-09,
 -4.065215378820e-08, -4.962225960171e-08, -9.344628259557e-09,
  3.764813782167e-08,  4.279176034263e-08,  1.721530753888e-09,
 -4.211903883306e-08, -4.332600521666e-08, -1.511265309076e-09,
  3.919698187815e-08,  3.671681065437e-08, -5.442147849553e-09,
 -4.271509123407e-08, -3.650385619995e-08,  5.885719669453e-09,
  3.972202878167e-08,  3.004932807617e-08, -1.215687048771e-08,
 -4.228784965515e-08, -2.918145639713e-08,  1.267170678804e-08,
  3.909421967489e-08,  2.285718243237e-08, -1.821821416469e-08,
 -4.071024553055e-08, -2.144663815637e-08,  1.863781259534e-08,
  3.721494434665e-08,  1.527154354364e-08, -2.339443457618e-08,
 -3.789598118555e-08, -1.345526241120e-08,  2.355192775961e-08,
  3.403317385721e-08,  7.491500678483e-09, -2.743986154442e-08,
 -3.381709327410e-08, -5.433546619582e-09,  2.717534480431e-08,
  2.956380423108e-08, -2.156552861635e-10, -3.011402925635e-08,
 -2.852204394194e-08,  2.325176557370e-09,  2.928503450416e-08,
  2.390557781243e-08, -7.521049739598e-09, -3.120651519140e-08,
 -2.215213877783e-08,  9.471303023117e-09,  2.970128797335e-08,
  1.725574105653e-08, -1.404927362381e-08, -3.056650947370e-08,
 -1.495334088931e-08,  1.561900356273e-08]

EXP trajectory 12
outcomes: (0, 0, 0, 0, 0, 0, 0, 0, 0, 0, 0, 0, 0, 0, 0, 0, 0, 0, 0, 0, 0, 0, 0, 0, 0, 0, 0, 0, 0, 0, 0, 0, 0, 0, 0, 0, 0, 0, 0, 0, 0, 0, 0, 0, 0, 0, 0, 0, 0, 0, 0, 0, 0, 0, 0, 0, 0, 0, 0, 0, 0, 0, 0, 0, 0, 0, 0, 0, 0, 0, 0, 0, 0, 0, 0, 0, 0, 0, 0, 0, 0, 0, 0, 0, 0, 0, 0, 0, 0, 0, 0, 0, 0, 0, 0, 0, 0, 0, 0, 0, 0, 0, 0, 0, 0, 0, 0, 0, 0, 0, 0, 0, 0, 0, 0, 0, 0, 0, 0, 0, 0, 0, 0, 0, 0, 0, 0, 0, 0, 0, 0, 0, 0, 0, 0, 0, 0, 0, 0, 0, 0, 0, 0, 0, 0, 0, 0, 0, 0, 0, 0, 0, 0, 0, 0, 0, 0, 0, 0, 0, 0, 0, 0, 0, 0, 0, 0, 0, 0, 0, 0, 0, 0, 0, 0, 0, 0, 0, 0, 0, 0, 0, 0, 0, 0, 0, 0, 0, 0, 0, 0, 0, 0, 0, 0, 0, 0, 0, 0, 0, 0)
p_seq: 0.9922287100657725
DeltaW_total: 0.5301603849893777
DeltaQ_total: -7.719151607382571e-07
dW per increment:
[ 3.471592021139e-03,  3.489908428906e-03,  3.499542792703e-03,
  3.497028079165e-03,  3.482376576295e-03,  3.459130024005e-03,
  3.433383333258e-03,  3.412051153308e-03,  3.400870158988e-03,
  3.402713397428e-03,  3.416710422060e-03,  3.438440127699e-03,
  3.461156066964e-03,  3.477704457890e-03,  3.482589830842e-03,
  3.473592845747e-03,  3.452465789282e-03,  3.424490918368e-03,
  3.397012033791e-03,  3.377347524109e-03,  3.370677421085e-03,
  3.378513174559e-03,  3.398199992864e-03,  3.423611057194e-03,
  3.446852446881e-03,  3.460504343055e-03,  3.459762855192e-03,
  3.443865714532e-03,  3.416381169661e-03,  3.384258974910e-03,
  3.355895587678e-03,  3.338751958154e-03,  3.337198766859e-03,
  3.351209489162e-03,  3.376289061208e-03,  3.404679028904e-03,
  3.427516203855e-03,  3.437344543505e-03,  3.430269528167e-03,
  3.407134656928e-03,  3.373368109511e-03,  3.337520432696e-03,
  3.308886893812e-03,  3.294874975238e-03,  3.298860968572e-03,
  3.319153244814e-03,  3.349376115514e-03,  3.380190563458e-03,
  3.401887676162e-03,  3.407135342613e-03,  3.393102892362e-03,
  3.362350867906e-03,  3.322211620397e-03,  3.282808163888e-03,
  3.254246028792e-03,  3.243755899954e-03,  3.253592696122e-03,
  3.280298007542e-03,  3.315559617075e-03,  3.348456266833e-03,
  3.368481985007e-03,  3.368513748836e-03,  3.346886605744e-03,
  3.307975511301e-03,  3.261091189071e-03,  3.217966880079e-03,
  3.189513415307e-03,  3.182738183902e-03,  3.198694951738e-03,
  3.232059665013e-03,  3.272483945990e-03,  3.307383733533e-03,
  3.325412546804e-03,  3.319662631013e-03,  3.289694066233e-03,
  3.241800872546e-03,  3.187402894879e-03,  3.139972437395e-03,
  3.111321225571e-03,  3.108268423539e-03,  3.130625578207e-03,
  3.171087622738e-03,  3.217101601967e-03,  3.254236837567e-03,
  3.270153219708e-03,  3.258079009022e-03,  3.218822165143e-03,
  3.160724633602e-03,  3.097526103314e-03,  3.044681909479e-03,
  3.015119583406e-03,  3.015595627069e-03,  3.044674015911e-03,
  3.092922697300e-03,  3.145325235042e-03,  3.185293245780e-03,
  3.199209648496e-03,  3.180261868129e-03,  3.130491228227e-03,
  3.060451242069e-03,  2.986511653903e-03,  2.926493760558e-03,
  2.894797634664e-03,  2.898349028616e-03,  2.934500145301e-03,
  2.991509053373e-03,  3.051529780597e-03,  3.095354689673e-03,
  3.107651809330e-03,  3.081273406748e-03,  3.019431538554e-03,
  2.935090631766e-03,  2.847672669210e-03,  2.777908084836e-03,
  2.742193359676e-03,  2.747985388865e-03,  2.791518166976e-03,
  2.858525885362e-03,  2.927853454429e-03,  2.977044695097e-03,
  2.988435731169e-03,  2.954105340171e-03,  2.878302659440e-03,
  2.776623704852e-03,  2.672074159671e-03,  2.589006798452e-03,
  2.546526078143e-03,  2.553139435749e-03,  2.604143225854e-03,
  2.682527892720e-03,  2.763252167938e-03,  2.819817430039e-03,
  2.831420422943e-03,  2.788759249169e-03,  2.696880788532e-03,
  2.574216128261e-03,  2.447960511557e-03,  2.346948888391e-03,
  2.293887735815e-03,  2.299028805124e-03,  2.357037084202e-03,
  2.447988826900e-03,  2.542343890347e-03,  2.608657615212e-03,
  2.622023091986e-03,  2.570982335142e-03,  2.460996823311e-03,
  2.313445207076e-03,  2.160295862955e-03,  2.035773856782e-03,
  1.967189110980e-03,  1.967377690381e-03,  2.030839102211e-03,
  2.134711463212e-03,  2.244452053180e-03,  2.322818203632e-03,
  2.339816139038e-03,  2.280962674844e-03,  2.151589596803e-03,
  1.975927794776e-03,  1.791082260642e-03,  1.637388648561e-03,
  1.547655126121e-03,  1.538156981326e-03,  1.603851242365e-03,
  1.719203159876e-03,  1.844539149339e-03,  1.936350438971e-03,
  1.958870131821e-03,  1.893840379415e-03,  1.745802062390e-03,
  1.541383878163e-03,  1.322648938199e-03,  1.136157894393e-03,
  1.020596391918e-03,  9.962611938334e-04,  1.059267056423e-03,
  1.182123606188e-03,  1.320649646217e-03,  1.425486451986e-03,
  1.455202128376e-03,  1.387497275168e-03,  1.225472717563e-03,
  9.971977101273e-04,  7.485906989935e-04,  5.314232441034e-04,
  3.895953828525e-04,  3.473390862094e-04,  4.025362268560e-04,
  5.270024193518e-04,  6.737378879755e-04,  7.892749176577e-04,
  8.278638852808e-04,  7.637162381879e-04,  5.980127755283e-04,
  3.587656806161e-04,  9.352727539280e-05, -1.431430554426e-04,
 -3.041275490840e-04, -3.622613342138e-04]
dQ per increment:
[-4.162499281889e-10, -8.896106024146e-10, -1.150365450901e-09,
 -1.119499371026e-09, -8.017114363872e-10, -2.854011209221e-10,
  2.817411198005e-10,  7.346852466672e-10,  9.387861848575e-10,
  8.293747238465e-10,  4.317194960898e-10, -1.448441436236e-10,
 -7.371924537827e-10, -1.174808945655e-09, -1.329034235095e-09,
 -1.151043532190e-09, -6.872767344384e-10, -6.770972259436e-11,
  5.302931824127e-10,  9.324338183080e-10,  1.017739948740e-09,
  7.544377596605e-10,  2.106795235230e-10, -4.633608275718e-10,
 -1.077278702008e-09, -1.454444851882e-09, -1.483146725226e-09,
 -1.149750651023e-09, -5.444651461455e-10,  1.627159518236e-10,
  7.692836975076e-10,  1.097732246682e-09,  1.046806066742e-09,
  6.219700737515e-10, -6.424148084154e-11, -8.223532087497e-10,
 -1.438696809472e-09, -1.736003174763e-09, -1.624659441484e-09,
 -1.129985244047e-09, -3.872032243446e-10,  3.949908562121e-10,
  9.924150062932e-10,  1.228965977379e-09,  1.027606012869e-09,
  4.342072565215e-10, -3.930365965413e-10, -1.226302503987e-09,
 -1.831469573221e-09, -2.034275635963e-09, -1.771094322090e-09,
 -1.109046903792e-09, -2.297496703519e-10,  6.197848268679e-10,
  1.195609350781e-09,  1.325903041874e-09,  9.609855062317e-10,
  1.898597915169e-10, -7.819716846703e-10, -1.687972207755e-09,
 -2.274458441357e-09, -2.372298596822e-09, -1.946316578391e-09,
 -1.108130204134e-09, -8.788011963100e-11,  8.278031121906e-10,
  1.375126465605e-09,  1.387593028218e-09,  8.449351906071e-10,
 -1.179749739739e-10, -1.245528577086e-09, -2.230182377639e-09,
 -2.797417589890e-09, -2.783264836811e-09, -2.182712286630e-09,
 -1.154690626643e-09,  1.848150256965e-11,  1.007075776070e-09,
  1.524811284832e-09,  1.409685400963e-09,  6.720105674186e-10,
 -5.043356700145e-10, -1.809080356005e-09, -2.888766425070e-09,
 -3.444073949535e-09, -3.314266422069e-09, -2.525231771627e-09,
 -1.286807543984e-09,  6.091396397706e-11,  1.138674581274e-09,
  1.632213696449e-09,  1.380856694505e-09,  4.259249140447e-10,
 -9.957806811111e-10, -2.512438025530e-09, -3.716654182117e-09,
 -4.277095541237e-09, -4.031890774589e-09, -3.037739189859e-09,
 -1.559839068023e-09, -4.252590684109e-12,  1.190366060279e-09,
  1.672683262624e-09,  1.277688897608e-09,  7.696324361237e-11,
 -1.634709982288e-09, -3.414479586117e-09, -4.789137933664e-09,
 -5.384251458313e-09, -5.029593117207e-09, -3.811371310355e-09,
 -2.055589063115e-09, -2.452423984375e-10,  1.107648860436e-09,
  1.601447945608e-09,  1.057747350862e-09, -4.235767115746e-10,
 -2.484049972011e-09, -4.597305546666e-09, -6.208251334891e-09,
 -6.883759853696e-09, -6.434333082561e-09, -4.972713608454e-09,
 -2.891642708429e-09, -7.648842309852e-10,  8.039711157557e-10,
  1.344938719585e-09,  6.533288375360e-10, -1.146929996289e-09,
 -3.627707477732e-09, -6.164185111890e-09, -8.099032094175e-09,
 -8.920022792343e-09, -8.403247392201e-09, -6.682242508838e-09,
 -4.222090052846e-09, -1.702953441999e-09,  1.580449441566e-10,
  7.999735234594e-10, -2.541834012151e-11, -2.177528917650e-09,
 -5.153715727075e-09, -8.214815033292e-09, -1.057815380239e-08,
 -1.162794102119e-08, -1.108636406982e-08, -9.098355708268e-09,
 -6.204550423894e-09, -3.206554669358e-09, -9.581034671690e-10,
 -1.362147177279e-10, -1.053687524819e-09, -3.564473850305e-09,
 -7.090295248710e-09, -1.076435048064e-08, -1.365679795547e-08,
 -1.502321314291e-08, -1.450997250271e-08, -1.225986503723e-08,
 -8.886758989389e-09, -5.322999759505e-09, -2.577055568562e-09,
 -1.464373694244e-09, -2.383343793589e-09, -5.197650157821e-09,
 -9.259487325161e-09, -1.357071213205e-08, -1.704212612827e-08,
 -1.878325633751e-08, -1.834574921275e-08, -1.585348721256e-08,
 -1.198212082093e-08, -7.790004033709e-09, -4.442781968163e-09,
 -2.903410314037e-09, -3.669984503199e-09, -6.633082979418e-09,
 -1.109317028102e-08, -1.593638639276e-08, -1.992480923194e-08,
 -2.202492055533e-08, -2.168710557866e-08, -1.900009278898e-08,
 -1.467697692927e-08, -9.873976274577e-09, -5.887856854034e-09,
 -3.811810043823e-09, -4.241221069929e-09, -7.109023713453e-09,
 -1.169617381929e-08, -1.681661000697e-08, -2.112857068806e-08,
 -2.349046674755e-08, -2.326613114049e-08, -2.049746850095e-08,
 -1.589733521884e-08, -1.066352138058e-08, -6.162604999763e-09,
 -3.567670676247e-09, -3.546470450644e-09]

================================================================================
TRAJECTORY 13
================================================================================

COMP trajectory 13
outcomes: (0, 0, 0, 0, 0, 0, 0, 0, 0, 0, 0, 0, 0, 0, 0, 0, 0, 0, 0, 0, 0, 0, 0, 0, 0, 0, 0, 0, 0, 0, 0, 0, 0, 0, 0, 0, 0, 0, 0, 0, 0, 0, 0, 0, 0, 0, 0, 0, 0, 0, 0, 0, 0, 0, 0, 0, 0, 0, 0, 0, 0, 0, 0, 0, 0, 0, 0, 0, 0, 0, 0, 0, 0, 0, 0, 0, 0, 0, 0, 0, 0, 0, 0, 0, 0, 0, 0, 0, 0, 0, 0, 0, 0, 0, 0, 0, 0, 0, 0, 0, 0, 0, 0, 0, 0, 0, 0, 0, 0, 0, 0, 0, 0, 0, 0, 0, 0, 0, 0, 0, 0, 0, 0, 0, 0, 0, 0, 0, 0, 0, 0, 0, 0, 0, 0, 0, 0, 0, 0, 0, 0, 0, 0, 0, 0, 0, 0, 0, 0, 0, 0, 0, 0, 0, 0, 0, 0, 0, 0, 0, 0, 0, 0, 0, 0, 0, 0, 0, 0, 0, 0, 0, 0, 0, 0, 0, 0, 0, 0, 0, 0, 0, 0, 0, 0, 0, 0, 0, 0, 0, 0, 0, 0, 0, 0, 0, 0, 0, 0, 0, 0)
p_seq: 0.9711646393507506
DeltaW_total: -0.8254703559926213
DeltaQ_total: -4.164499868344711e-06
dW per increment:
[ 1.573221825758e-03,  3.134225698634e-03,  1.495191472248e-03,
 -1.818410173470e-03, -3.643019679057e-03, -2.283259703793e-03,
  8.314121654003e-04,  2.560741646251e-03,  1.138127896114e-03,
 -2.107932878062e-03, -4.075018812387e-03, -2.935493525278e-03,
  8.680979657250e-05,  1.941298909479e-03,  7.505793541434e-04,
 -2.367704122973e-03, -4.427071274868e-03, -3.511588823436e-03,
 -6.325205688213e-04,  1.298855175149e-03,  3.396538452147e-04,
 -2.603516238699e-03, -4.703663861903e-03, -4.002026710845e-03,
 -1.303484448567e-03,  6.567724896147e-04, -8.510182655641e-05,
 -2.821587458538e-03, -4.914835379770e-03, -4.405884661647e-03,
 -1.910183305348e-03,  3.565060464972e-05, -5.132371009751e-04,
 -3.027298470332e-03, -5.073339001779e-03, -4.728865907634e-03,
 -2.444275699512e-03, -5.486423046008e-04, -9.348428529350e-04,
 -3.224521673861e-03, -5.192133571619e-03, -4.980712787173e-03,
 -2.903939336665e-03, -1.085625631404e-03, -1.341595073573e-03,
 -3.415530324414e-03, -5.282703324543e-03, -5.172819604123e-03,
 -3.292147499682e-03, -1.569847932078e-03, -1.727294307221e-03,
 -3.601287952193e-03, -5.354258896261e-03, -5.316473076707e-03,
 -3.614869638918e-03, -1.999957734029e-03, -2.087961498690e-03,
 -3.781885391360e-03, -5.413607311841e-03, -5.421796081443e-03,
 -3.879557404957e-03, -2.377593005731e-03, -2.421629721690e-03,
 -3.956956462901e-03, -5.465411011832e-03, -5.497269492576e-03,
 -4.094047385047e-03, -2.706343493434e-03, -2.727977972208e-03,
 -4.125989748825e-03, -5.512605403135e-03, -5.549645193128e-03,
 -4.265865411639e-03, -2.990908361619e-03, -3.007920527587e-03,
 -4.288519595002e-03, -5.556829053388e-03, -5.584081868419e-03,
 -4.401851463516e-03, -3.236478843183e-03, -3.263222340834e-03,
 -4.444214393502e-03, -5.598794481354e-03, -5.604382314079e-03,
 -4.508010920821e-03, -3.448324470437e-03, -3.496174112369e-03,
 -4.592891503647e-03, -5.638576436994e-03, -5.613257632877e-03,
 -4.589510306330e-03, -3.631540842013e-03, -3.709335560494e-03,
 -4.734486591206e-03, -5.675821051454e-03, -5.612579000513e-03,
 -4.650756018300e-03, -3.790914109564e-03, -3.905341228638e-03,
 -4.868998771144e-03, -5.709890569744e-03, -5.603600587765e-03,
 -4.695514006782e-03, -3.930862912689e-03, -4.086756904949e-03,
 -4.996426192346e-03, -5.739961228311e-03, -5.587150343032e-03,
 -4.727043558887e-03, -4.055426609789e-03, -4.255973341516e-03,
 -5.116701422967e-03, -5.765090719279e-03, -5.563791824187e-03,
 -4.748228901320e-03, -4.168276489178e-03, -4.415125183618e-03,
 -5.229632570476e-03, -5.784269144659e-03, -5.533962658291e-03,
 -4.761698933649e-03, -4.272733115865e-03, -4.566025450544e-03,
 -5.334854257718e-03, -5.796464622374e-03, -5.498095219046e-03,
 -4.769929084116e-03, -4.371777939717e-03, -4.710108795635e-03,
 -5.431791959246e-03, -5.800672190635e-03, -5.456723787063e-03,
 -4.775320974506e-03, -4.468051045418e-03, -4.848379782789e-03,
 -5.519643341266e-03, -5.795972387943e-03, -5.410580380357e-03,
 -4.780256060492e-03, -4.563829901620e-03, -4.981365435036e-03,
 -5.597380761653e-03, -5.781603688753e-03, -5.360678932234e-03,
 -4.787119299504e-03, -4.660986609068e-03, -5.109074308084e-03,
 -5.663779606643e-03, -5.757050613887e-03, -5.308384749725e-03,
 -4.798288702908e-03, -4.760923850927e-03, -5.230967275576e-03,
 -5.717477317724e-03, -5.722146574740e-03, -5.255463397646e-03,
 -4.816086816568e-03, -4.864492816061e-03, -5.345947962631e-03,
 -5.757067431755e-03, -5.677187184443e-03, -5.204100564750e-03,
 -4.842691174211e-03, -4.971899973988e-03, -5.452383086560e-03,
 -5.781231350383e-03, -5.623045821803e-03, -5.156882441717e-03,
 -4.880002986489e-03, -5.082613741926e-03, -5.548164465772e-03,
 -5.788907525879e-03, -5.561278786864e-03, -5.116725168225e-03,
 -4.929477097964e-03, -5.195286585103e-03, -5.630824596562e-03,
 -5.779493037682e-03, -5.494202800431e-03, -5.086742614139e-03,
 -4.991921764532e-03, -5.307712445877e-03, -5.697715810978e-03,
 -5.753066063175e-03, -5.424923524483e-03, -5.070044845191e-03,
 -5.067284018143e-03, -5.416842794922e-03, -5.746258424669e-03,
 -5.710609744664e-03, -5.357291195278e-03, -5.069465751415e-03,
 -5.154444859926e-03, -5.518885912881e-03, -5.774255378167e-03,
 -5.654209111349e-03, -5.295759633523e-03, -5.087227936578e-03,
 -5.251057296700e-03, -5.609511857628e-03]
dQ per increment:
[-2.303445896935e-07, -3.737145369089e-07, -2.283549950933e-07,
  6.305170112452e-08,  2.150937552111e-07,  7.990028732391e-08,
 -2.084242085049e-07, -3.664773042503e-07, -2.399387621110e-07,
  4.614098047476e-08,  2.117009113476e-07,  9.689510160199e-08,
 -1.826187498049e-07, -3.513829642211e-07, -2.450291769021e-07,
  3.033546556530e-08,  2.049763585094e-07,  1.110117306756e-07,
 -1.550299757133e-07, -3.301427211931e-07, -2.439696191038e-07,
  1.639555426841e-08,  1.954990783409e-07,  1.214994547454e-07,
 -1.276947290724e-07, -3.048688196460e-07, -2.376692300205e-07,
  4.792022993260e-09,  1.840388794716e-07,  1.280942077677e-07,
 -1.022653350084e-07, -2.776644927207e-07, -2.273371804587e-07,
 -4.279821998535e-09,  1.714289219086e-07,  1.309683700288e-07,
 -7.985172656823e-08, -2.503246558142e-07, -2.142349204326e-07,
 -1.084738411247e-08,  1.584479067014e-07,  1.306002499210e-07,
 -6.101955821701e-08, -2.241889704440e-07, -1.995010053563e-07,
 -1.509354093793e-08,  1.457387308226e-07,  1.276224479096e-07,
 -4.588924855950e-08, -2.001249774365e-07, -1.840592551367e-07,
 -1.729187853322e-08,  1.337709228935e-07,  1.226934771294e-07,
 -3.427311845569e-08, -1.785916474636e-07, -1.685938165394e-07,
 -1.775376124932e-08,  1.228404726272e-07,  1.164114519568e-07,
 -2.580565765589e-08, -1.597360211165e-07, -1.535663948131e-07,
 -1.679050413463e-08,  1.130923751921e-07,  1.092694205751e-07,
 -2.004501912893e-08, -1.434900750025e-07, -1.392533613949e-07,
 -1.469007675226e-08,  1.045533624044e-07,  1.016422897255e-07,
 -1.654100056014e-08, -1.296522185693e-07, -1.257883024876e-07,
 -1.170519751091e-08,  9.716509228631e-08,  9.379361490171e-08,
 -1.487427096812e-08, -1.179478545097e-07, -1.132015734467e-07,
 -8.050420379803e-09,  9.081268954100e-08,  8.589211769735e-08,
 -1.467435067383e-08, -1.080710673802e-07, -1.014535110436e-07,
 -3.904481047506e-09,  8.534696245392e-08,  7.803175067342e-08,
 -1.562353778208e-08, -9.971068657940e-08, -9.046070717413e-08,
  5.839268157545e-10,  8.060031384417e-08,  7.025135185992e-08,
 -1.745300054696e-08, -9.256527907370e-08, -8.011598286953e-08,
  5.288956048295e-09,  7.639736736547e-08,  6.255220588594e-08,
 -1.993441190199e-08, -8.635090077182e-08, -7.030356236320e-08,
  1.009977830708e-08,  7.256191040736e-08,  5.491314227597e-08,
 -2.287032066462e-08, -8.080429543707e-08, -6.091042770683e-08,
  1.491329992831e-08,  6.892140295544e-08,  4.730323838794e-08,
 -2.608426303207e-08, -7.568391480108e-08, -5.183528438337e-08,
  1.962741622615e-08,  6.531012132754e-08,  3.969257071895e-08,
 -2.941203097436e-08, -7.077007619684e-08, -4.299583785967e-08,
  2.413564253317e-08,  6.157211036167e-08,  3.206142777266e-08,
 -3.269431946441e-08, -6.586573788464e-08, -3.433505970686e-08,
  2.832297230429e-08,  5.756455508273e-08,  2.440847425957e-08,
 -3.577138624894e-08, -6.079799217806e-08, -2.582672045150e-08,
  3.206356326019e-08,  5.316200673948e-08,  1.675781689152e-08,
 -3.847984314433e-08, -5.542129094191e-08, -1.748021510872e-08,
  3.522051618497e-08,  4.826194963982e-08,  9.164972301478e-09,
 -4.065215378820e-08, -4.962225960171e-08, -9.344628259557e-09,
  3.764813782167e-08,  4.279176034263e-08,  1.721530753888e-09,
 -4.211903883306e-08, -4.332600521666e-08, -1.511265309076e-09,
  3.919698187815e-08,  3.671681065437e-08, -5.442147849553e-09,
 -4.271509123407e-08, -3.650385619995e-08,  5.885719669453e-09,
  3.972202878167e-08,  3.004932807617e-08, -1.215687048771e-08,
 -4.228784965515e-08, -2.918145639713e-08,  1.267170678804e-08,
  3.909421967489e-08,  2.285718243237e-08, -1.821821416469e-08,
 -4.071024553055e-08, -2.144663815637e-08,  1.863781259534e-08,
  3.721494434665e-08,  1.527154354364e-08, -2.339443457618e-08,
 -3.789598118555e-08, -1.345526241120e-08,  2.355192775961e-08,
  3.403317385721e-08,  7.491500678483e-09, -2.743986154442e-08,
 -3.381709327410e-08, -5.433546619582e-09,  2.717534480431e-08,
  2.956380423108e-08, -2.156552861635e-10, -3.011402925635e-08,
 -2.852204394194e-08,  2.325176557370e-09,  2.928503450416e-08,
  2.390557781243e-08, -7.521049739598e-09, -3.120651519140e-08,
 -2.215213877783e-08,  9.471303023117e-09,  2.970128797335e-08,
  1.725574105653e-08, -1.404927362381e-08, -3.056650947370e-08,
 -1.495334088931e-08,  1.561900356273e-08]

EXP trajectory 13
outcomes: (0, 0, 0, 0, 0, 0, 0, 0, 0, 0, 0, 0, 0, 0, 0, 0, 0, 0, 0, 0, 0, 0, 0, 0, 0, 0, 0, 0, 0, 0, 0, 0, 0, 0, 0, 0, 0, 0, 0, 0, 0, 0, 0, 0, 0, 0, 0, 0, 0, 0, 0, 0, 0, 0, 0, 0, 0, 0, 0, 0, 0, 0, 0, 0, 0, 0, 0, 0, 0, 0, 0, 0, 0, 0, 0, 0, 0, 0, 0, 0, 0, 0, 0, 0, 0, 0, 0, 0, 0, 0, 0, 0, 0, 0, 0, 0, 0, 0, 0, 0, 0, 0, 0, 0, 0, 0, 0, 0, 0, 0, 0, 0, 0, 0, 0, 0, 0, 0, 0, 0, 0, 0, 0, 0, 0, 0, 0, 0, 0, 0, 0, 0, 0, 0, 0, 0, 0, 0, 0, 0, 0, 0, 0, 0, 0, 0, 0, 0, 0, 0, 0, 0, 0, 0, 0, 0, 0, 0, 0, 0, 0, 0, 0, 0, 0, 0, 0, 0, 0, 0, 0, 0, 0, 0, 0, 0, 0, 0, 0, 0, 0, 0, 0, 0, 0, 0, 0, 0, 0, 0, 0, 0, 0, 0, 0, 0, 0, 0, 0, 0, 0)
p_seq: 0.9922287100657725
DeltaW_total: 0.5301603849893777
DeltaQ_total: -7.719151607382571e-07
dW per increment:
[ 3.471592021139e-03,  3.489908428906e-03,  3.499542792703e-03,
  3.497028079165e-03,  3.482376576295e-03,  3.459130024005e-03,
  3.433383333258e-03,  3.412051153308e-03,  3.400870158988e-03,
  3.402713397428e-03,  3.416710422060e-03,  3.438440127699e-03,
  3.461156066964e-03,  3.477704457890e-03,  3.482589830842e-03,
  3.473592845747e-03,  3.452465789282e-03,  3.424490918368e-03,
  3.397012033791e-03,  3.377347524109e-03,  3.370677421085e-03,
  3.378513174559e-03,  3.398199992864e-03,  3.423611057194e-03,
  3.446852446881e-03,  3.460504343055e-03,  3.459762855192e-03,
  3.443865714532e-03,  3.416381169661e-03,  3.384258974910e-03,
  3.355895587678e-03,  3.338751958154e-03,  3.337198766859e-03,
  3.351209489162e-03,  3.376289061208e-03,  3.404679028904e-03,
  3.427516203855e-03,  3.437344543505e-03,  3.430269528167e-03,
  3.407134656928e-03,  3.373368109511e-03,  3.337520432696e-03,
  3.308886893812e-03,  3.294874975238e-03,  3.298860968572e-03,
  3.319153244814e-03,  3.349376115514e-03,  3.380190563458e-03,
  3.401887676162e-03,  3.407135342613e-03,  3.393102892362e-03,
  3.362350867906e-03,  3.322211620397e-03,  3.282808163888e-03,
  3.254246028792e-03,  3.243755899954e-03,  3.253592696122e-03,
  3.280298007542e-03,  3.315559617075e-03,  3.348456266833e-03,
  3.368481985007e-03,  3.368513748836e-03,  3.346886605744e-03,
  3.307975511301e-03,  3.261091189071e-03,  3.217966880079e-03,
  3.189513415307e-03,  3.182738183902e-03,  3.198694951738e-03,
  3.232059665013e-03,  3.272483945990e-03,  3.307383733533e-03,
  3.325412546804e-03,  3.319662631013e-03,  3.289694066233e-03,
  3.241800872546e-03,  3.187402894879e-03,  3.139972437395e-03,
  3.111321225571e-03,  3.108268423539e-03,  3.130625578207e-03,
  3.171087622738e-03,  3.217101601967e-03,  3.254236837567e-03,
  3.270153219708e-03,  3.258079009022e-03,  3.218822165143e-03,
  3.160724633602e-03,  3.097526103314e-03,  3.044681909479e-03,
  3.015119583406e-03,  3.015595627069e-03,  3.044674015911e-03,
  3.092922697300e-03,  3.145325235042e-03,  3.185293245780e-03,
  3.199209648496e-03,  3.180261868129e-03,  3.130491228227e-03,
  3.060451242069e-03,  2.986511653903e-03,  2.926493760558e-03,
  2.894797634664e-03,  2.898349028616e-03,  2.934500145301e-03,
  2.991509053373e-03,  3.051529780597e-03,  3.095354689673e-03,
  3.107651809330e-03,  3.081273406748e-03,  3.019431538554e-03,
  2.935090631766e-03,  2.847672669210e-03,  2.777908084836e-03,
  2.742193359676e-03,  2.747985388865e-03,  2.791518166976e-03,
  2.858525885362e-03,  2.927853454429e-03,  2.977044695097e-03,
  2.988435731169e-03,  2.954105340171e-03,  2.878302659440e-03,
  2.776623704852e-03,  2.672074159671e-03,  2.589006798452e-03,
  2.546526078143e-03,  2.553139435749e-03,  2.604143225854e-03,
  2.682527892720e-03,  2.763252167938e-03,  2.819817430039e-03,
  2.831420422943e-03,  2.788759249169e-03,  2.696880788532e-03,
  2.574216128261e-03,  2.447960511557e-03,  2.346948888391e-03,
  2.293887735815e-03,  2.299028805124e-03,  2.357037084202e-03,
  2.447988826900e-03,  2.542343890347e-03,  2.608657615212e-03,
  2.622023091986e-03,  2.570982335142e-03,  2.460996823311e-03,
  2.313445207076e-03,  2.160295862955e-03,  2.035773856782e-03,
  1.967189110980e-03,  1.967377690381e-03,  2.030839102211e-03,
  2.134711463212e-03,  2.244452053180e-03,  2.322818203632e-03,
  2.339816139038e-03,  2.280962674844e-03,  2.151589596803e-03,
  1.975927794776e-03,  1.791082260642e-03,  1.637388648561e-03,
  1.547655126121e-03,  1.538156981326e-03,  1.603851242365e-03,
  1.719203159876e-03,  1.844539149339e-03,  1.936350438971e-03,
  1.958870131821e-03,  1.893840379415e-03,  1.745802062390e-03,
  1.541383878163e-03,  1.322648938199e-03,  1.136157894393e-03,
  1.020596391918e-03,  9.962611938334e-04,  1.059267056423e-03,
  1.182123606188e-03,  1.320649646217e-03,  1.425486451986e-03,
  1.455202128376e-03,  1.387497275168e-03,  1.225472717563e-03,
  9.971977101273e-04,  7.485906989935e-04,  5.314232441034e-04,
  3.895953828525e-04,  3.473390862094e-04,  4.025362268560e-04,
  5.270024193518e-04,  6.737378879755e-04,  7.892749176577e-04,
  8.278638852808e-04,  7.637162381879e-04,  5.980127755283e-04,
  3.587656806161e-04,  9.352727539280e-05, -1.431430554426e-04,
 -3.041275490840e-04, -3.622613342138e-04]
dQ per increment:
[-4.162499281889e-10, -8.896106024146e-10, -1.150365450901e-09,
 -1.119499371026e-09, -8.017114363872e-10, -2.854011209221e-10,
  2.817411198005e-10,  7.346852466672e-10,  9.387861848575e-10,
  8.293747238465e-10,  4.317194960898e-10, -1.448441436236e-10,
 -7.371924537827e-10, -1.174808945655e-09, -1.329034235095e-09,
 -1.151043532190e-09, -6.872767344384e-10, -6.770972259436e-11,
  5.302931824127e-10,  9.324338183080e-10,  1.017739948740e-09,
  7.544377596605e-10,  2.106795235230e-10, -4.633608275718e-10,
 -1.077278702008e-09, -1.454444851882e-09, -1.483146725226e-09,
 -1.149750651023e-09, -5.444651461455e-10,  1.627159518236e-10,
  7.692836975076e-10,  1.097732246682e-09,  1.046806066742e-09,
  6.219700737515e-10, -6.424148084154e-11, -8.223532087497e-10,
 -1.438696809472e-09, -1.736003174763e-09, -1.624659441484e-09,
 -1.129985244047e-09, -3.872032243446e-10,  3.949908562121e-10,
  9.924150062932e-10,  1.228965977379e-09,  1.027606012869e-09,
  4.342072565215e-10, -3.930365965413e-10, -1.226302503987e-09,
 -1.831469573221e-09, -2.034275635963e-09, -1.771094322090e-09,
 -1.109046903792e-09, -2.297496703519e-10,  6.197848268679e-10,
  1.195609350781e-09,  1.325903041874e-09,  9.609855062317e-10,
  1.898597915169e-10, -7.819716846703e-10, -1.687972207755e-09,
 -2.274458441357e-09, -2.372298596822e-09, -1.946316578391e-09,
 -1.108130204134e-09, -8.788011963100e-11,  8.278031121906e-10,
  1.375126465605e-09,  1.387593028218e-09,  8.449351906071e-10,
 -1.179749739739e-10, -1.245528577086e-09, -2.230182377639e-09,
 -2.797417589890e-09, -2.783264836811e-09, -2.182712286630e-09,
 -1.154690626643e-09,  1.848150256965e-11,  1.007075776070e-09,
  1.524811284832e-09,  1.409685400963e-09,  6.720105674186e-10,
 -5.043356700145e-10, -1.809080356005e-09, -2.888766425070e-09,
 -3.444073949535e-09, -3.314266422069e-09, -2.525231771627e-09,
 -1.286807543984e-09,  6.091396397706e-11,  1.138674581274e-09,
  1.632213696449e-09,  1.380856694505e-09,  4.259249140447e-10,
 -9.957806811111e-10, -2.512438025530e-09, -3.716654182117e-09,
 -4.277095541237e-09, -4.031890774589e-09, -3.037739189859e-09,
 -1.559839068023e-09, -4.252590684109e-12,  1.190366060279e-09,
  1.672683262624e-09,  1.277688897608e-09,  7.696324361237e-11,
 -1.634709982288e-09, -3.414479586117e-09, -4.789137933664e-09,
 -5.384251458313e-09, -5.029593117207e-09, -3.811371310355e-09,
 -2.055589063115e-09, -2.452423984375e-10,  1.107648860436e-09,
  1.601447945608e-09,  1.057747350862e-09, -4.235767115746e-10,
 -2.484049972011e-09, -4.597305546666e-09, -6.208251334891e-09,
 -6.883759853696e-09, -6.434333082561e-09, -4.972713608454e-09,
 -2.891642708429e-09, -7.648842309852e-10,  8.039711157557e-10,
  1.344938719585e-09,  6.533288375360e-10, -1.146929996289e-09,
 -3.627707477732e-09, -6.164185111890e-09, -8.099032094175e-09,
 -8.920022792343e-09, -8.403247392201e-09, -6.682242508838e-09,
 -4.222090052846e-09, -1.702953441999e-09,  1.580449441566e-10,
  7.999735234594e-10, -2.541834012151e-11, -2.177528917650e-09,
 -5.153715727075e-09, -8.214815033292e-09, -1.057815380239e-08,
 -1.162794102119e-08, -1.108636406982e-08, -9.098355708268e-09,
 -6.204550423894e-09, -3.206554669358e-09, -9.581034671690e-10,
 -1.362147177279e-10, -1.053687524819e-09, -3.564473850305e-09,
 -7.090295248710e-09, -1.076435048064e-08, -1.365679795547e-08,
 -1.502321314291e-08, -1.450997250271e-08, -1.225986503723e-08,
 -8.886758989389e-09, -5.322999759505e-09, -2.577055568562e-09,
 -1.464373694244e-09, -2.383343793589e-09, -5.197650157821e-09,
 -9.259487325161e-09, -1.357071213205e-08, -1.704212612827e-08,
 -1.878325633751e-08, -1.834574921275e-08, -1.585348721256e-08,
 -1.198212082093e-08, -7.790004033709e-09, -4.442781968163e-09,
 -2.903410314037e-09, -3.669984503199e-09, -6.633082979418e-09,
 -1.109317028102e-08, -1.593638639276e-08, -1.992480923194e-08,
 -2.202492055533e-08, -2.168710557866e-08, -1.900009278898e-08,
 -1.467697692927e-08, -9.873976274577e-09, -5.887856854034e-09,
 -3.811810043823e-09, -4.241221069929e-09, -7.109023713453e-09,
 -1.169617381929e-08, -1.681661000697e-08, -2.112857068806e-08,
 -2.349046674755e-08, -2.326613114049e-08, -2.049746850095e-08,
 -1.589733521884e-08, -1.066352138058e-08, -6.162604999763e-09,
 -3.567670676247e-09, -3.546470450644e-09]

================================================================================
TRAJECTORY 14
================================================================================

COMP trajectory 14
outcomes: (0, 0, 0, 0, 0, 0, 0, 0, 0, 0, 0, 0, 0, 0, 0, 0, 0, 0, 0, 0, 0, 0, 0, 0, 0, 0, 0, 0, 0, 0, 0, 0, 0, 0, 0, 0, 0, 0, 0, 0, 0, 0, 0, 0, 0, 0, 0, 0, 0, 0, 0, 0, 0, 0, 0, 0, 0, 0, 0, 0, 0, 0, 0, 0, 0, 0, 0, 0, 0, 0, 0, 0, 0, 0, 0, 0, 0, 0, 0, 0, 0, 0, 0, 0, 0, 0, 0, 0, 0, 0, 0, 0, 0, 0, 0, 0, 0, 0, 0, 0, 0, 0, 0, 0, 0, 0, 0, 0, 0, 0, 0, 0, 0, 0, 0, 0, 0, 0, 0, 0, 0, 0, 0, 0, 0, 0, 0, 0, 0, 0, 0, 0, 0, 0, 0, 0, 0, 0, 0, 0, 0, 0, 0, 0, 0, 0, 0, 0, 0, 0, 0, 0, 0, 0, 0, 0, 0, 0, 0, 0, 0, 0, 0, 0, 0, 0, 0, 0, 0, 0, 0, 0, 0, 0, 0, 0, 0, 0, 0, 0, 0, 0, 0, 0, 0, 0, 0, 0, 0, 0, 0, 0, 0, 0, 0, 0, 0, 0, 0, 0, 0)
p_seq: 0.9711646393507506
DeltaW_total: -0.8254703559926213
DeltaQ_total: -4.164499868344711e-06
dW per increment:
[ 1.573221825758e-03,  3.134225698634e-03,  1.495191472248e-03,
 -1.818410173470e-03, -3.643019679057e-03, -2.283259703793e-03,
  8.314121654003e-04,  2.560741646251e-03,  1.138127896114e-03,
 -2.107932878062e-03, -4.075018812387e-03, -2.935493525278e-03,
  8.680979657250e-05,  1.941298909479e-03,  7.505793541434e-04,
 -2.367704122973e-03, -4.427071274868e-03, -3.511588823436e-03,
 -6.325205688213e-04,  1.298855175149e-03,  3.396538452147e-04,
 -2.603516238699e-03, -4.703663861903e-03, -4.002026710845e-03,
 -1.303484448567e-03,  6.567724896147e-04, -8.510182655641e-05,
 -2.821587458538e-03, -4.914835379770e-03, -4.405884661647e-03,
 -1.910183305348e-03,  3.565060464972e-05, -5.132371009751e-04,
 -3.027298470332e-03, -5.073339001779e-03, -4.728865907634e-03,
 -2.444275699512e-03, -5.486423046008e-04, -9.348428529350e-04,
 -3.224521673861e-03, -5.192133571619e-03, -4.980712787173e-03,
 -2.903939336665e-03, -1.085625631404e-03, -1.341595073573e-03,
 -3.415530324414e-03, -5.282703324543e-03, -5.172819604123e-03,
 -3.292147499682e-03, -1.569847932078e-03, -1.727294307221e-03,
 -3.601287952193e-03, -5.354258896261e-03, -5.316473076707e-03,
 -3.614869638918e-03, -1.999957734029e-03, -2.087961498690e-03,
 -3.781885391360e-03, -5.413607311841e-03, -5.421796081443e-03,
 -3.879557404957e-03, -2.377593005731e-03, -2.421629721690e-03,
 -3.956956462901e-03, -5.465411011832e-03, -5.497269492576e-03,
 -4.094047385047e-03, -2.706343493434e-03, -2.727977972208e-03,
 -4.125989748825e-03, -5.512605403135e-03, -5.549645193128e-03,
 -4.265865411639e-03, -2.990908361619e-03, -3.007920527587e-03,
 -4.288519595002e-03, -5.556829053388e-03, -5.584081868419e-03,
 -4.401851463516e-03, -3.236478843183e-03, -3.263222340834e-03,
 -4.444214393502e-03, -5.598794481354e-03, -5.604382314079e-03,
 -4.508010920821e-03, -3.448324470437e-03, -3.496174112369e-03,
 -4.592891503647e-03, -5.638576436994e-03, -5.613257632877e-03,
 -4.589510306330e-03, -3.631540842013e-03, -3.709335560494e-03,
 -4.734486591206e-03, -5.675821051454e-03, -5.612579000513e-03,
 -4.650756018300e-03, -3.790914109564e-03, -3.905341228638e-03,
 -4.868998771144e-03, -5.709890569744e-03, -5.603600587765e-03,
 -4.695514006782e-03, -3.930862912689e-03, -4.086756904949e-03,
 -4.996426192346e-03, -5.739961228311e-03, -5.587150343032e-03,
 -4.727043558887e-03, -4.055426609789e-03, -4.255973341516e-03,
 -5.116701422967e-03, -5.765090719279e-03, -5.563791824187e-03,
 -4.748228901320e-03, -4.168276489178e-03, -4.415125183618e-03,
 -5.229632570476e-03, -5.784269144659e-03, -5.533962658291e-03,
 -4.761698933649e-03, -4.272733115865e-03, -4.566025450544e-03,
 -5.334854257718e-03, -5.796464622374e-03, -5.498095219046e-03,
 -4.769929084116e-03, -4.371777939717e-03, -4.710108795635e-03,
 -5.431791959246e-03, -5.800672190635e-03, -5.456723787063e-03,
 -4.775320974506e-03, -4.468051045418e-03, -4.848379782789e-03,
 -5.519643341266e-03, -5.795972387943e-03, -5.410580380357e-03,
 -4.780256060492e-03, -4.563829901620e-03, -4.981365435036e-03,
 -5.597380761653e-03, -5.781603688753e-03, -5.360678932234e-03,
 -4.787119299504e-03, -4.660986609068e-03, -5.109074308084e-03,
 -5.663779606643e-03, -5.757050613887e-03, -5.308384749725e-03,
 -4.798288702908e-03, -4.760923850927e-03, -5.230967275576e-03,
 -5.717477317724e-03, -5.722146574740e-03, -5.255463397646e-03,
 -4.816086816568e-03, -4.864492816061e-03, -5.345947962631e-03,
 -5.757067431755e-03, -5.677187184443e-03, -5.204100564750e-03,
 -4.842691174211e-03, -4.971899973988e-03, -5.452383086560e-03,
 -5.781231350383e-03, -5.623045821803e-03, -5.156882441717e-03,
 -4.880002986489e-03, -5.082613741926e-03, -5.548164465772e-03,
 -5.788907525879e-03, -5.561278786864e-03, -5.116725168225e-03,
 -4.929477097964e-03, -5.195286585103e-03, -5.630824596562e-03,
 -5.779493037682e-03, -5.494202800431e-03, -5.086742614139e-03,
 -4.991921764532e-03, -5.307712445877e-03, -5.697715810978e-03,
 -5.753066063175e-03, -5.424923524483e-03, -5.070044845191e-03,
 -5.067284018143e-03, -5.416842794922e-03, -5.746258424669e-03,
 -5.710609744664e-03, -5.357291195278e-03, -5.069465751415e-03,
 -5.154444859926e-03, -5.518885912881e-03, -5.774255378167e-03,
 -5.654209111349e-03, -5.295759633523e-03, -5.087227936578e-03,
 -5.251057296700e-03, -5.609511857628e-03]
dQ per increment:
[-2.303445896935e-07, -3.737145369089e-07, -2.283549950933e-07,
  6.305170112452e-08,  2.150937552111e-07,  7.990028732391e-08,
 -2.084242085049e-07, -3.664773042503e-07, -2.399387621110e-07,
  4.614098047476e-08,  2.117009113476e-07,  9.689510160199e-08,
 -1.826187498049e-07, -3.513829642211e-07, -2.450291769021e-07,
  3.033546556530e-08,  2.049763585094e-07,  1.110117306756e-07,
 -1.550299757133e-07, -3.301427211931e-07, -2.439696191038e-07,
  1.639555426841e-08,  1.954990783409e-07,  1.214994547454e-07,
 -1.276947290724e-07, -3.048688196460e-07, -2.376692300205e-07,
  4.792022993260e-09,  1.840388794716e-07,  1.280942077677e-07,
 -1.022653350084e-07, -2.776644927207e-07, -2.273371804587e-07,
 -4.279821998535e-09,  1.714289219086e-07,  1.309683700288e-07,
 -7.985172656823e-08, -2.503246558142e-07, -2.142349204326e-07,
 -1.084738411247e-08,  1.584479067014e-07,  1.306002499210e-07,
 -6.101955821701e-08, -2.241889704440e-07, -1.995010053563e-07,
 -1.509354093793e-08,  1.457387308226e-07,  1.276224479096e-07,
 -4.588924855950e-08, -2.001249774365e-07, -1.840592551367e-07,
 -1.729187853322e-08,  1.337709228935e-07,  1.226934771294e-07,
 -3.427311845569e-08, -1.785916474636e-07, -1.685938165394e-07,
 -1.775376124932e-08,  1.228404726272e-07,  1.164114519568e-07,
 -2.580565765589e-08, -1.597360211165e-07, -1.535663948131e-07,
 -1.679050413463e-08,  1.130923751921e-07,  1.092694205751e-07,
 -2.004501912893e-08, -1.434900750025e-07, -1.392533613949e-07,
 -1.469007675226e-08,  1.045533624044e-07,  1.016422897255e-07,
 -1.654100056014e-08, -1.296522185693e-07, -1.257883024876e-07,
 -1.170519751091e-08,  9.716509228631e-08,  9.379361490171e-08,
 -1.487427096812e-08, -1.179478545097e-07, -1.132015734467e-07,
 -8.050420379803e-09,  9.081268954100e-08,  8.589211769735e-08,
 -1.467435067383e-08, -1.080710673802e-07, -1.014535110436e-07,
 -3.904481047506e-09,  8.534696245392e-08,  7.803175067342e-08,
 -1.562353778208e-08, -9.971068657940e-08, -9.046070717413e-08,
  5.839268157545e-10,  8.060031384417e-08,  7.025135185992e-08,
 -1.745300054696e-08, -9.256527907370e-08, -8.011598286953e-08,
  5.288956048295e-09,  7.639736736547e-08,  6.255220588594e-08,
 -1.993441190199e-08, -8.635090077182e-08, -7.030356236320e-08,
  1.009977830708e-08,  7.256191040736e-08,  5.491314227597e-08,
 -2.287032066462e-08, -8.080429543707e-08, -6.091042770683e-08,
  1.491329992831e-08,  6.892140295544e-08,  4.730323838794e-08,
 -2.608426303207e-08, -7.568391480108e-08, -5.183528438337e-08,
  1.962741622615e-08,  6.531012132754e-08,  3.969257071895e-08,
 -2.941203097436e-08, -7.077007619684e-08, -4.299583785967e-08,
  2.413564253317e-08,  6.157211036167e-08,  3.206142777266e-08,
 -3.269431946441e-08, -6.586573788464e-08, -3.433505970686e-08,
  2.832297230429e-08,  5.756455508273e-08,  2.440847425957e-08,
 -3.577138624894e-08, -6.079799217806e-08, -2.582672045150e-08,
  3.206356326019e-08,  5.316200673948e-08,  1.675781689152e-08,
 -3.847984314433e-08, -5.542129094191e-08, -1.748021510872e-08,
  3.522051618497e-08,  4.826194963982e-08,  9.164972301478e-09,
 -4.065215378820e-08, -4.962225960171e-08, -9.344628259557e-09,
  3.764813782167e-08,  4.279176034263e-08,  1.721530753888e-09,
 -4.211903883306e-08, -4.332600521666e-08, -1.511265309076e-09,
  3.919698187815e-08,  3.671681065437e-08, -5.442147849553e-09,
 -4.271509123407e-08, -3.650385619995e-08,  5.885719669453e-09,
  3.972202878167e-08,  3.004932807617e-08, -1.215687048771e-08,
 -4.228784965515e-08, -2.918145639713e-08,  1.267170678804e-08,
  3.909421967489e-08,  2.285718243237e-08, -1.821821416469e-08,
 -4.071024553055e-08, -2.144663815637e-08,  1.863781259534e-08,
  3.721494434665e-08,  1.527154354364e-08, -2.339443457618e-08,
 -3.789598118555e-08, -1.345526241120e-08,  2.355192775961e-08,
  3.403317385721e-08,  7.491500678483e-09, -2.743986154442e-08,
 -3.381709327410e-08, -5.433546619582e-09,  2.717534480431e-08,
  2.956380423108e-08, -2.156552861635e-10, -3.011402925635e-08,
 -2.852204394194e-08,  2.325176557370e-09,  2.928503450416e-08,
  2.390557781243e-08, -7.521049739598e-09, -3.120651519140e-08,
 -2.215213877783e-08,  9.471303023117e-09,  2.970128797335e-08,
  1.725574105653e-08, -1.404927362381e-08, -3.056650947370e-08,
 -1.495334088931e-08,  1.561900356273e-08]

EXP trajectory 14
outcomes: (0, 0, 0, 0, 0, 0, 0, 0, 0, 0, 0, 0, 0, 0, 0, 0, 0, 0, 0, 0, 0, 0, 0, 0, 0, 0, 0, 0, 0, 0, 0, 0, 0, 0, 0, 0, 0, 0, 0, 0, 0, 0, 0, 0, 0, 0, 0, 0, 0, 0, 0, 0, 0, 0, 0, 0, 0, 0, 0, 0, 0, 0, 0, 0, 0, 0, 0, 0, 0, 0, 0, 0, 0, 0, 0, 0, 0, 0, 0, 0, 0, 0, 0, 0, 0, 0, 0, 0, 0, 0, 0, 0, 0, 0, 0, 0, 0, 0, 0, 0, 0, 0, 0, 0, 0, 0, 0, 0, 0, 0, 0, 0, 0, 0, 0, 0, 0, 0, 0, 0, 0, 0, 0, 0, 0, 0, 0, 0, 0, 0, 0, 0, 0, 0, 0, 0, 0, 0, 0, 0, 0, 0, 0, 0, 0, 0, 0, 0, 0, 0, 0, 0, 0, 0, 0, 0, 0, 0, 0, 0, 0, 0, 0, 0, 0, 0, 0, 0, 0, 0, 0, 0, 0, 0, 0, 0, 0, 0, 0, 0, 0, 0, 0, 0, 0, 0, 0, 0, 0, 0, 0, 0, 0, 0, 0, 0, 0, 0, 0, 0, 0)
p_seq: 0.9922287100657725
DeltaW_total: 0.5301603849893777
DeltaQ_total: -7.719151607382571e-07
dW per increment:
[ 3.471592021139e-03,  3.489908428906e-03,  3.499542792703e-03,
  3.497028079165e-03,  3.482376576295e-03,  3.459130024005e-03,
  3.433383333258e-03,  3.412051153308e-03,  3.400870158988e-03,
  3.402713397428e-03,  3.416710422060e-03,  3.438440127699e-03,
  3.461156066964e-03,  3.477704457890e-03,  3.482589830842e-03,
  3.473592845747e-03,  3.452465789282e-03,  3.424490918368e-03,
  3.397012033791e-03,  3.377347524109e-03,  3.370677421085e-03,
  3.378513174559e-03,  3.398199992864e-03,  3.423611057194e-03,
  3.446852446881e-03,  3.460504343055e-03,  3.459762855192e-03,
  3.443865714532e-03,  3.416381169661e-03,  3.384258974910e-03,
  3.355895587678e-03,  3.338751958154e-03,  3.337198766859e-03,
  3.351209489162e-03,  3.376289061208e-03,  3.404679028904e-03,
  3.427516203855e-03,  3.437344543505e-03,  3.430269528167e-03,
  3.407134656928e-03,  3.373368109511e-03,  3.337520432696e-03,
  3.308886893812e-03,  3.294874975238e-03,  3.298860968572e-03,
  3.319153244814e-03,  3.349376115514e-03,  3.380190563458e-03,
  3.401887676162e-03,  3.407135342613e-03,  3.393102892362e-03,
  3.362350867906e-03,  3.322211620397e-03,  3.282808163888e-03,
  3.254246028792e-03,  3.243755899954e-03,  3.253592696122e-03,
  3.280298007542e-03,  3.315559617075e-03,  3.348456266833e-03,
  3.368481985007e-03,  3.368513748836e-03,  3.346886605744e-03,
  3.307975511301e-03,  3.261091189071e-03,  3.217966880079e-03,
  3.189513415307e-03,  3.182738183902e-03,  3.198694951738e-03,
  3.232059665013e-03,  3.272483945990e-03,  3.307383733533e-03,
  3.325412546804e-03,  3.319662631013e-03,  3.289694066233e-03,
  3.241800872546e-03,  3.187402894879e-03,  3.139972437395e-03,
  3.111321225571e-03,  3.108268423539e-03,  3.130625578207e-03,
  3.171087622738e-03,  3.217101601967e-03,  3.254236837567e-03,
  3.270153219708e-03,  3.258079009022e-03,  3.218822165143e-03,
  3.160724633602e-03,  3.097526103314e-03,  3.044681909479e-03,
  3.015119583406e-03,  3.015595627069e-03,  3.044674015911e-03,
  3.092922697300e-03,  3.145325235042e-03,  3.185293245780e-03,
  3.199209648496e-03,  3.180261868129e-03,  3.130491228227e-03,
  3.060451242069e-03,  2.986511653903e-03,  2.926493760558e-03,
  2.894797634664e-03,  2.898349028616e-03,  2.934500145301e-03,
  2.991509053373e-03,  3.051529780597e-03,  3.095354689673e-03,
  3.107651809330e-03,  3.081273406748e-03,  3.019431538554e-03,
  2.935090631766e-03,  2.847672669210e-03,  2.777908084836e-03,
  2.742193359676e-03,  2.747985388865e-03,  2.791518166976e-03,
  2.858525885362e-03,  2.927853454429e-03,  2.977044695097e-03,
  2.988435731169e-03,  2.954105340171e-03,  2.878302659440e-03,
  2.776623704852e-03,  2.672074159671e-03,  2.589006798452e-03,
  2.546526078143e-03,  2.553139435749e-03,  2.604143225854e-03,
  2.682527892720e-03,  2.763252167938e-03,  2.819817430039e-03,
  2.831420422943e-03,  2.788759249169e-03,  2.696880788532e-03,
  2.574216128261e-03,  2.447960511557e-03,  2.346948888391e-03,
  2.293887735815e-03,  2.299028805124e-03,  2.357037084202e-03,
  2.447988826900e-03,  2.542343890347e-03,  2.608657615212e-03,
  2.622023091986e-03,  2.570982335142e-03,  2.460996823311e-03,
  2.313445207076e-03,  2.160295862955e-03,  2.035773856782e-03,
  1.967189110980e-03,  1.967377690381e-03,  2.030839102211e-03,
  2.134711463212e-03,  2.244452053180e-03,  2.322818203632e-03,
  2.339816139038e-03,  2.280962674844e-03,  2.151589596803e-03,
  1.975927794776e-03,  1.791082260642e-03,  1.637388648561e-03,
  1.547655126121e-03,  1.538156981326e-03,  1.603851242365e-03,
  1.719203159876e-03,  1.844539149339e-03,  1.936350438971e-03,
  1.958870131821e-03,  1.893840379415e-03,  1.745802062390e-03,
  1.541383878163e-03,  1.322648938199e-03,  1.136157894393e-03,
  1.020596391918e-03,  9.962611938334e-04,  1.059267056423e-03,
  1.182123606188e-03,  1.320649646217e-03,  1.425486451986e-03,
  1.455202128376e-03,  1.387497275168e-03,  1.225472717563e-03,
  9.971977101273e-04,  7.485906989935e-04,  5.314232441034e-04,
  3.895953828525e-04,  3.473390862094e-04,  4.025362268560e-04,
  5.270024193518e-04,  6.737378879755e-04,  7.892749176577e-04,
  8.278638852808e-04,  7.637162381879e-04,  5.980127755283e-04,
  3.587656806161e-04,  9.352727539280e-05, -1.431430554426e-04,
 -3.041275490840e-04, -3.622613342138e-04]
dQ per increment:
[-4.162499281889e-10, -8.896106024146e-10, -1.150365450901e-09,
 -1.119499371026e-09, -8.017114363872e-10, -2.854011209221e-10,
  2.817411198005e-10,  7.346852466672e-10,  9.387861848575e-10,
  8.293747238465e-10,  4.317194960898e-10, -1.448441436236e-10,
 -7.371924537827e-10, -1.174808945655e-09, -1.329034235095e-09,
 -1.151043532190e-09, -6.872767344384e-10, -6.770972259436e-11,
  5.302931824127e-10,  9.324338183080e-10,  1.017739948740e-09,
  7.544377596605e-10,  2.106795235230e-10, -4.633608275718e-10,
 -1.077278702008e-09, -1.454444851882e-09, -1.483146725226e-09,
 -1.149750651023e-09, -5.444651461455e-10,  1.627159518236e-10,
  7.692836975076e-10,  1.097732246682e-09,  1.046806066742e-09,
  6.219700737515e-10, -6.424148084154e-11, -8.223532087497e-10,
 -1.438696809472e-09, -1.736003174763e-09, -1.624659441484e-09,
 -1.129985244047e-09, -3.872032243446e-10,  3.949908562121e-10,
  9.924150062932e-10,  1.228965977379e-09,  1.027606012869e-09,
  4.342072565215e-10, -3.930365965413e-10, -1.226302503987e-09,
 -1.831469573221e-09, -2.034275635963e-09, -1.771094322090e-09,
 -1.109046903792e-09, -2.297496703519e-10,  6.197848268679e-10,
  1.195609350781e-09,  1.325903041874e-09,  9.609855062317e-10,
  1.898597915169e-10, -7.819716846703e-10, -1.687972207755e-09,
 -2.274458441357e-09, -2.372298596822e-09, -1.946316578391e-09,
 -1.108130204134e-09, -8.788011963100e-11,  8.278031121906e-10,
  1.375126465605e-09,  1.387593028218e-09,  8.449351906071e-10,
 -1.179749739739e-10, -1.245528577086e-09, -2.230182377639e-09,
 -2.797417589890e-09, -2.783264836811e-09, -2.182712286630e-09,
 -1.154690626643e-09,  1.848150256965e-11,  1.007075776070e-09,
  1.524811284832e-09,  1.409685400963e-09,  6.720105674186e-10,
 -5.043356700145e-10, -1.809080356005e-09, -2.888766425070e-09,
 -3.444073949535e-09, -3.314266422069e-09, -2.525231771627e-09,
 -1.286807543984e-09,  6.091396397706e-11,  1.138674581274e-09,
  1.632213696449e-09,  1.380856694505e-09,  4.259249140447e-10,
 -9.957806811111e-10, -2.512438025530e-09, -3.716654182117e-09,
 -4.277095541237e-09, -4.031890774589e-09, -3.037739189859e-09,
 -1.559839068023e-09, -4.252590684109e-12,  1.190366060279e-09,
  1.672683262624e-09,  1.277688897608e-09,  7.696324361237e-11,
 -1.634709982288e-09, -3.414479586117e-09, -4.789137933664e-09,
 -5.384251458313e-09, -5.029593117207e-09, -3.811371310355e-09,
 -2.055589063115e-09, -2.452423984375e-10,  1.107648860436e-09,
  1.601447945608e-09,  1.057747350862e-09, -4.235767115746e-10,
 -2.484049972011e-09, -4.597305546666e-09, -6.208251334891e-09,
 -6.883759853696e-09, -6.434333082561e-09, -4.972713608454e-09,
 -2.891642708429e-09, -7.648842309852e-10,  8.039711157557e-10,
  1.344938719585e-09,  6.533288375360e-10, -1.146929996289e-09,
 -3.627707477732e-09, -6.164185111890e-09, -8.099032094175e-09,
 -8.920022792343e-09, -8.403247392201e-09, -6.682242508838e-09,
 -4.222090052846e-09, -1.702953441999e-09,  1.580449441566e-10,
  7.999735234594e-10, -2.541834012151e-11, -2.177528917650e-09,
 -5.153715727075e-09, -8.214815033292e-09, -1.057815380239e-08,
 -1.162794102119e-08, -1.108636406982e-08, -9.098355708268e-09,
 -6.204550423894e-09, -3.206554669358e-09, -9.581034671690e-10,
 -1.362147177279e-10, -1.053687524819e-09, -3.564473850305e-09,
 -7.090295248710e-09, -1.076435048064e-08, -1.365679795547e-08,
 -1.502321314291e-08, -1.450997250271e-08, -1.225986503723e-08,
 -8.886758989389e-09, -5.322999759505e-09, -2.577055568562e-09,
 -1.464373694244e-09, -2.383343793589e-09, -5.197650157821e-09,
 -9.259487325161e-09, -1.357071213205e-08, -1.704212612827e-08,
 -1.878325633751e-08, -1.834574921275e-08, -1.585348721256e-08,
 -1.198212082093e-08, -7.790004033709e-09, -4.442781968163e-09,
 -2.903410314037e-09, -3.669984503199e-09, -6.633082979418e-09,
 -1.109317028102e-08, -1.593638639276e-08, -1.992480923194e-08,
 -2.202492055533e-08, -2.168710557866e-08, -1.900009278898e-08,
 -1.467697692927e-08, -9.873976274577e-09, -5.887856854034e-09,
 -3.811810043823e-09, -4.241221069929e-09, -7.109023713453e-09,
 -1.169617381929e-08, -1.681661000697e-08, -2.112857068806e-08,
 -2.349046674755e-08, -2.326613114049e-08, -2.049746850095e-08,
 -1.589733521884e-08, -1.066352138058e-08, -6.162604999763e-09,
 -3.567670676247e-09, -3.546470450644e-09]

================================================================================
TRAJECTORY 15
================================================================================

COMP trajectory 15
outcomes: (0, 0, 0, 0, 0, 0, 0, 0, 0, 0, 0, 0, 0, 0, 0, 0, 0, 0, 0, 0, 0, 0, 0, 0, 0, 0, 0, 0, 0, 0, 0, 0, 0, 0, 0, 0, 0, 0, 0, 0, 0, 0, 0, 0, 0, 0, 0, 0, 0, 0, 0, 0, 0, 0, 0, 0, 0, 0, 0, 0, 0, 0, 0, 0, 0, 0, 0, 0, 0, 0, 0, 0, 0, 0, 0, 0, 0, 0, 0, 0, 0, 0, 0, 0, 0, 0, 0, 0, 0, 0, 0, 0, 0, 0, 0, 0, 0, 0, 0, 0, 0, 0, 0, 0, 0, 0, 0, 0, 0, 0, 0, 0, 0, 0, 0, 0, 0, 0, 0, 0, 0, 0, 0, 0, 0, 0, 0, 0, 0, 0, 0, 0, 0, 0, 0, 0, 0, 0, 0, 0, 0, 0, 0, 0, 0, 0, 0, 0, 0, 0, 0, 0, 0, 0, 0, 0, 0, 0, 0, 0, 0, 0, 0, 0, 0, 0, 0, 0, 0, 0, 0, 0, 0, 0, 0, 0, 0, 0, 0, 0, 0, 0, 0, 0, 0, 0, 0, 0, 0, 0, 0, 0, 0, 0, 0, 0, 0, 0, 0, 0, 0)
p_seq: 0.9711646393507506
DeltaW_total: -0.8254703559926213
DeltaQ_total: -4.164499868344711e-06
dW per increment:
[ 1.573221825758e-03,  3.134225698634e-03,  1.495191472248e-03,
 -1.818410173470e-03, -3.643019679057e-03, -2.283259703793e-03,
  8.314121654003e-04,  2.560741646251e-03,  1.138127896114e-03,
 -2.107932878062e-03, -4.075018812387e-03, -2.935493525278e-03,
  8.680979657250e-05,  1.941298909479e-03,  7.505793541434e-04,
 -2.367704122973e-03, -4.427071274868e-03, -3.511588823436e-03,
 -6.325205688213e-04,  1.298855175149e-03,  3.396538452147e-04,
 -2.603516238699e-03, -4.703663861903e-03, -4.002026710845e-03,
 -1.303484448567e-03,  6.567724896147e-04, -8.510182655641e-05,
 -2.821587458538e-03, -4.914835379770e-03, -4.405884661647e-03,
 -1.910183305348e-03,  3.565060464972e-05, -5.132371009751e-04,
 -3.027298470332e-03, -5.073339001779e-03, -4.728865907634e-03,
 -2.444275699512e-03, -5.486423046008e-04, -9.348428529350e-04,
 -3.224521673861e-03, -5.192133571619e-03, -4.980712787173e-03,
 -2.903939336665e-03, -1.085625631404e-03, -1.341595073573e-03,
 -3.415530324414e-03, -5.282703324543e-03, -5.172819604123e-03,
 -3.292147499682e-03, -1.569847932078e-03, -1.727294307221e-03,
 -3.601287952193e-03, -5.354258896261e-03, -5.316473076707e-03,
 -3.614869638918e-03, -1.999957734029e-03, -2.087961498690e-03,
 -3.781885391360e-03, -5.413607311841e-03, -5.421796081443e-03,
 -3.879557404957e-03, -2.377593005731e-03, -2.421629721690e-03,
 -3.956956462901e-03, -5.465411011832e-03, -5.497269492576e-03,
 -4.094047385047e-03, -2.706343493434e-03, -2.727977972208e-03,
 -4.125989748825e-03, -5.512605403135e-03, -5.549645193128e-03,
 -4.265865411639e-03, -2.990908361619e-03, -3.007920527587e-03,
 -4.288519595002e-03, -5.556829053388e-03, -5.584081868419e-03,
 -4.401851463516e-03, -3.236478843183e-03, -3.263222340834e-03,
 -4.444214393502e-03, -5.598794481354e-03, -5.604382314079e-03,
 -4.508010920821e-03, -3.448324470437e-03, -3.496174112369e-03,
 -4.592891503647e-03, -5.638576436994e-03, -5.613257632877e-03,
 -4.589510306330e-03, -3.631540842013e-03, -3.709335560494e-03,
 -4.734486591206e-03, -5.675821051454e-03, -5.612579000513e-03,
 -4.650756018300e-03, -3.790914109564e-03, -3.905341228638e-03,
 -4.868998771144e-03, -5.709890569744e-03, -5.603600587765e-03,
 -4.695514006782e-03, -3.930862912689e-03, -4.086756904949e-03,
 -4.996426192346e-03, -5.739961228311e-03, -5.587150343032e-03,
 -4.727043558887e-03, -4.055426609789e-03, -4.255973341516e-03,
 -5.116701422967e-03, -5.765090719279e-03, -5.563791824187e-03,
 -4.748228901320e-03, -4.168276489178e-03, -4.415125183618e-03,
 -5.229632570476e-03, -5.784269144659e-03, -5.533962658291e-03,
 -4.761698933649e-03, -4.272733115865e-03, -4.566025450544e-03,
 -5.334854257718e-03, -5.796464622374e-03, -5.498095219046e-03,
 -4.769929084116e-03, -4.371777939717e-03, -4.710108795635e-03,
 -5.431791959246e-03, -5.800672190635e-03, -5.456723787063e-03,
 -4.775320974506e-03, -4.468051045418e-03, -4.848379782789e-03,
 -5.519643341266e-03, -5.795972387943e-03, -5.410580380357e-03,
 -4.780256060492e-03, -4.563829901620e-03, -4.981365435036e-03,
 -5.597380761653e-03, -5.781603688753e-03, -5.360678932234e-03,
 -4.787119299504e-03, -4.660986609068e-03, -5.109074308084e-03,
 -5.663779606643e-03, -5.757050613887e-03, -5.308384749725e-03,
 -4.798288702908e-03, -4.760923850927e-03, -5.230967275576e-03,
 -5.717477317724e-03, -5.722146574740e-03, -5.255463397646e-03,
 -4.816086816568e-03, -4.864492816061e-03, -5.345947962631e-03,
 -5.757067431755e-03, -5.677187184443e-03, -5.204100564750e-03,
 -4.842691174211e-03, -4.971899973988e-03, -5.452383086560e-03,
 -5.781231350383e-03, -5.623045821803e-03, -5.156882441717e-03,
 -4.880002986489e-03, -5.082613741926e-03, -5.548164465772e-03,
 -5.788907525879e-03, -5.561278786864e-03, -5.116725168225e-03,
 -4.929477097964e-03, -5.195286585103e-03, -5.630824596562e-03,
 -5.779493037682e-03, -5.494202800431e-03, -5.086742614139e-03,
 -4.991921764532e-03, -5.307712445877e-03, -5.697715810978e-03,
 -5.753066063175e-03, -5.424923524483e-03, -5.070044845191e-03,
 -5.067284018143e-03, -5.416842794922e-03, -5.746258424669e-03,
 -5.710609744664e-03, -5.357291195278e-03, -5.069465751415e-03,
 -5.154444859926e-03, -5.518885912881e-03, -5.774255378167e-03,
 -5.654209111349e-03, -5.295759633523e-03, -5.087227936578e-03,
 -5.251057296700e-03, -5.609511857628e-03]
dQ per increment:
[-2.303445896935e-07, -3.737145369089e-07, -2.283549950933e-07,
  6.305170112452e-08,  2.150937552111e-07,  7.990028732391e-08,
 -2.084242085049e-07, -3.664773042503e-07, -2.399387621110e-07,
  4.614098047476e-08,  2.117009113476e-07,  9.689510160199e-08,
 -1.826187498049e-07, -3.513829642211e-07, -2.450291769021e-07,
  3.033546556530e-08,  2.049763585094e-07,  1.110117306756e-07,
 -1.550299757133e-07, -3.301427211931e-07, -2.439696191038e-07,
  1.639555426841e-08,  1.954990783409e-07,  1.214994547454e-07,
 -1.276947290724e-07, -3.048688196460e-07, -2.376692300205e-07,
  4.792022993260e-09,  1.840388794716e-07,  1.280942077677e-07,
 -1.022653350084e-07, -2.776644927207e-07, -2.273371804587e-07,
 -4.279821998535e-09,  1.714289219086e-07,  1.309683700288e-07,
 -7.985172656823e-08, -2.503246558142e-07, -2.142349204326e-07,
 -1.084738411247e-08,  1.584479067014e-07,  1.306002499210e-07,
 -6.101955821701e-08, -2.241889704440e-07, -1.995010053563e-07,
 -1.509354093793e-08,  1.457387308226e-07,  1.276224479096e-07,
 -4.588924855950e-08, -2.001249774365e-07, -1.840592551367e-07,
 -1.729187853322e-08,  1.337709228935e-07,  1.226934771294e-07,
 -3.427311845569e-08, -1.785916474636e-07, -1.685938165394e-07,
 -1.775376124932e-08,  1.228404726272e-07,  1.164114519568e-07,
 -2.580565765589e-08, -1.597360211165e-07, -1.535663948131e-07,
 -1.679050413463e-08,  1.130923751921e-07,  1.092694205751e-07,
 -2.004501912893e-08, -1.434900750025e-07, -1.392533613949e-07,
 -1.469007675226e-08,  1.045533624044e-07,  1.016422897255e-07,
 -1.654100056014e-08, -1.296522185693e-07, -1.257883024876e-07,
 -1.170519751091e-08,  9.716509228631e-08,  9.379361490171e-08,
 -1.487427096812e-08, -1.179478545097e-07, -1.132015734467e-07,
 -8.050420379803e-09,  9.081268954100e-08,  8.589211769735e-08,
 -1.467435067383e-08, -1.080710673802e-07, -1.014535110436e-07,
 -3.904481047506e-09,  8.534696245392e-08,  7.803175067342e-08,
 -1.562353778208e-08, -9.971068657940e-08, -9.046070717413e-08,
  5.839268157545e-10,  8.060031384417e-08,  7.025135185992e-08,
 -1.745300054696e-08, -9.256527907370e-08, -8.011598286953e-08,
  5.288956048295e-09,  7.639736736547e-08,  6.255220588594e-08,
 -1.993441190199e-08, -8.635090077182e-08, -7.030356236320e-08,
  1.009977830708e-08,  7.256191040736e-08,  5.491314227597e-08,
 -2.287032066462e-08, -8.080429543707e-08, -6.091042770683e-08,
  1.491329992831e-08,  6.892140295544e-08,  4.730323838794e-08,
 -2.608426303207e-08, -7.568391480108e-08, -5.183528438337e-08,
  1.962741622615e-08,  6.531012132754e-08,  3.969257071895e-08,
 -2.941203097436e-08, -7.077007619684e-08, -4.299583785967e-08,
  2.413564253317e-08,  6.157211036167e-08,  3.206142777266e-08,
 -3.269431946441e-08, -6.586573788464e-08, -3.433505970686e-08,
  2.832297230429e-08,  5.756455508273e-08,  2.440847425957e-08,
 -3.577138624894e-08, -6.079799217806e-08, -2.582672045150e-08,
  3.206356326019e-08,  5.316200673948e-08,  1.675781689152e-08,
 -3.847984314433e-08, -5.542129094191e-08, -1.748021510872e-08,
  3.522051618497e-08,  4.826194963982e-08,  9.164972301478e-09,
 -4.065215378820e-08, -4.962225960171e-08, -9.344628259557e-09,
  3.764813782167e-08,  4.279176034263e-08,  1.721530753888e-09,
 -4.211903883306e-08, -4.332600521666e-08, -1.511265309076e-09,
  3.919698187815e-08,  3.671681065437e-08, -5.442147849553e-09,
 -4.271509123407e-08, -3.650385619995e-08,  5.885719669453e-09,
  3.972202878167e-08,  3.004932807617e-08, -1.215687048771e-08,
 -4.228784965515e-08, -2.918145639713e-08,  1.267170678804e-08,
  3.909421967489e-08,  2.285718243237e-08, -1.821821416469e-08,
 -4.071024553055e-08, -2.144663815637e-08,  1.863781259534e-08,
  3.721494434665e-08,  1.527154354364e-08, -2.339443457618e-08,
 -3.789598118555e-08, -1.345526241120e-08,  2.355192775961e-08,
  3.403317385721e-08,  7.491500678483e-09, -2.743986154442e-08,
 -3.381709327410e-08, -5.433546619582e-09,  2.717534480431e-08,
  2.956380423108e-08, -2.156552861635e-10, -3.011402925635e-08,
 -2.852204394194e-08,  2.325176557370e-09,  2.928503450416e-08,
  2.390557781243e-08, -7.521049739598e-09, -3.120651519140e-08,
 -2.215213877783e-08,  9.471303023117e-09,  2.970128797335e-08,
  1.725574105653e-08, -1.404927362381e-08, -3.056650947370e-08,
 -1.495334088931e-08,  1.561900356273e-08]

EXP trajectory 15
outcomes: (0, 0, 0, 0, 0, 0, 0, 0, 0, 0, 0, 0, 0, 0, 0, 0, 0, 0, 0, 0, 0, 0, 0, 0, 0, 0, 0, 0, 0, 0, 0, 0, 0, 0, 0, 0, 0, 0, 0, 0, 0, 0, 0, 0, 0, 0, 0, 0, 0, 0, 0, 0, 0, 0, 0, 0, 0, 0, 0, 0, 0, 0, 0, 0, 0, 0, 0, 0, 0, 0, 0, 0, 0, 0, 0, 0, 0, 0, 0, 0, 0, 0, 0, 0, 0, 0, 0, 0, 0, 0, 0, 0, 0, 0, 0, 0, 0, 0, 0, 0, 0, 0, 0, 0, 0, 0, 0, 0, 0, 0, 0, 0, 0, 0, 0, 0, 0, 0, 0, 0, 0, 0, 0, 0, 0, 0, 0, 0, 0, 0, 0, 0, 0, 0, 0, 0, 0, 0, 0, 0, 0, 0, 0, 0, 0, 0, 0, 0, 0, 0, 0, 0, 0, 0, 0, 0, 0, 0, 0, 0, 0, 0, 0, 0, 0, 0, 0, 0, 0, 0, 0, 0, 0, 0, 0, 0, 0, 0, 0, 0, 0, 0, 0, 0, 0, 0, 0, 0, 0, 0, 0, 0, 0, 0, 0, 0, 0, 0, 0, 0, 0)
p_seq: 0.9922287100657725
DeltaW_total: 0.5301603849893777
DeltaQ_total: -7.719151607382571e-07
dW per increment:
[ 3.471592021139e-03,  3.489908428906e-03,  3.499542792703e-03,
  3.497028079165e-03,  3.482376576295e-03,  3.459130024005e-03,
  3.433383333258e-03,  3.412051153308e-03,  3.400870158988e-03,
  3.402713397428e-03,  3.416710422060e-03,  3.438440127699e-03,
  3.461156066964e-03,  3.477704457890e-03,  3.482589830842e-03,
  3.473592845747e-03,  3.452465789282e-03,  3.424490918368e-03,
  3.397012033791e-03,  3.377347524109e-03,  3.370677421085e-03,
  3.378513174559e-03,  3.398199992864e-03,  3.423611057194e-03,
  3.446852446881e-03,  3.460504343055e-03,  3.459762855192e-03,
  3.443865714532e-03,  3.416381169661e-03,  3.384258974910e-03,
  3.355895587678e-03,  3.338751958154e-03,  3.337198766859e-03,
  3.351209489162e-03,  3.376289061208e-03,  3.404679028904e-03,
  3.427516203855e-03,  3.437344543505e-03,  3.430269528167e-03,
  3.407134656928e-03,  3.373368109511e-03,  3.337520432696e-03,
  3.308886893812e-03,  3.294874975238e-03,  3.298860968572e-03,
  3.319153244814e-03,  3.349376115514e-03,  3.380190563458e-03,
  3.401887676162e-03,  3.407135342613e-03,  3.393102892362e-03,
  3.362350867906e-03,  3.322211620397e-03,  3.282808163888e-03,
  3.254246028792e-03,  3.243755899954e-03,  3.253592696122e-03,
  3.280298007542e-03,  3.315559617075e-03,  3.348456266833e-03,
  3.368481985007e-03,  3.368513748836e-03,  3.346886605744e-03,
  3.307975511301e-03,  3.261091189071e-03,  3.217966880079e-03,
  3.189513415307e-03,  3.182738183902e-03,  3.198694951738e-03,
  3.232059665013e-03,  3.272483945990e-03,  3.307383733533e-03,
  3.325412546804e-03,  3.319662631013e-03,  3.289694066233e-03,
  3.241800872546e-03,  3.187402894879e-03,  3.139972437395e-03,
  3.111321225571e-03,  3.108268423539e-03,  3.130625578207e-03,
  3.171087622738e-03,  3.217101601967e-03,  3.254236837567e-03,
  3.270153219708e-03,  3.258079009022e-03,  3.218822165143e-03,
  3.160724633602e-03,  3.097526103314e-03,  3.044681909479e-03,
  3.015119583406e-03,  3.015595627069e-03,  3.044674015911e-03,
  3.092922697300e-03,  3.145325235042e-03,  3.185293245780e-03,
  3.199209648496e-03,  3.180261868129e-03,  3.130491228227e-03,
  3.060451242069e-03,  2.986511653903e-03,  2.926493760558e-03,
  2.894797634664e-03,  2.898349028616e-03,  2.934500145301e-03,
  2.991509053373e-03,  3.051529780597e-03,  3.095354689673e-03,
  3.107651809330e-03,  3.081273406748e-03,  3.019431538554e-03,
  2.935090631766e-03,  2.847672669210e-03,  2.777908084836e-03,
  2.742193359676e-03,  2.747985388865e-03,  2.791518166976e-03,
  2.858525885362e-03,  2.927853454429e-03,  2.977044695097e-03,
  2.988435731169e-03,  2.954105340171e-03,  2.878302659440e-03,
  2.776623704852e-03,  2.672074159671e-03,  2.589006798452e-03,
  2.546526078143e-03,  2.553139435749e-03,  2.604143225854e-03,
  2.682527892720e-03,  2.763252167938e-03,  2.819817430039e-03,
  2.831420422943e-03,  2.788759249169e-03,  2.696880788532e-03,
  2.574216128261e-03,  2.447960511557e-03,  2.346948888391e-03,
  2.293887735815e-03,  2.299028805124e-03,  2.357037084202e-03,
  2.447988826900e-03,  2.542343890347e-03,  2.608657615212e-03,
  2.622023091986e-03,  2.570982335142e-03,  2.460996823311e-03,
  2.313445207076e-03,  2.160295862955e-03,  2.035773856782e-03,
  1.967189110980e-03,  1.967377690381e-03,  2.030839102211e-03,
  2.134711463212e-03,  2.244452053180e-03,  2.322818203632e-03,
  2.339816139038e-03,  2.280962674844e-03,  2.151589596803e-03,
  1.975927794776e-03,  1.791082260642e-03,  1.637388648561e-03,
  1.547655126121e-03,  1.538156981326e-03,  1.603851242365e-03,
  1.719203159876e-03,  1.844539149339e-03,  1.936350438971e-03,
  1.958870131821e-03,  1.893840379415e-03,  1.745802062390e-03,
  1.541383878163e-03,  1.322648938199e-03,  1.136157894393e-03,
  1.020596391918e-03,  9.962611938334e-04,  1.059267056423e-03,
  1.182123606188e-03,  1.320649646217e-03,  1.425486451986e-03,
  1.455202128376e-03,  1.387497275168e-03,  1.225472717563e-03,
  9.971977101273e-04,  7.485906989935e-04,  5.314232441034e-04,
  3.895953828525e-04,  3.473390862094e-04,  4.025362268560e-04,
  5.270024193518e-04,  6.737378879755e-04,  7.892749176577e-04,
  8.278638852808e-04,  7.637162381879e-04,  5.980127755283e-04,
  3.587656806161e-04,  9.352727539280e-05, -1.431430554426e-04,
 -3.041275490840e-04, -3.622613342138e-04]
dQ per increment:
[-4.162499281889e-10, -8.896106024146e-10, -1.150365450901e-09,
 -1.119499371026e-09, -8.017114363872e-10, -2.854011209221e-10,
  2.817411198005e-10,  7.346852466672e-10,  9.387861848575e-10,
  8.293747238465e-10,  4.317194960898e-10, -1.448441436236e-10,
 -7.371924537827e-10, -1.174808945655e-09, -1.329034235095e-09,
 -1.151043532190e-09, -6.872767344384e-10, -6.770972259436e-11,
  5.302931824127e-10,  9.324338183080e-10,  1.017739948740e-09,
  7.544377596605e-10,  2.106795235230e-10, -4.633608275718e-10,
 -1.077278702008e-09, -1.454444851882e-09, -1.483146725226e-09,
 -1.149750651023e-09, -5.444651461455e-10,  1.627159518236e-10,
  7.692836975076e-10,  1.097732246682e-09,  1.046806066742e-09,
  6.219700737515e-10, -6.424148084154e-11, -8.223532087497e-10,
 -1.438696809472e-09, -1.736003174763e-09, -1.624659441484e-09,
 -1.129985244047e-09, -3.872032243446e-10,  3.949908562121e-10,
  9.924150062932e-10,  1.228965977379e-09,  1.027606012869e-09,
  4.342072565215e-10, -3.930365965413e-10, -1.226302503987e-09,
 -1.831469573221e-09, -2.034275635963e-09, -1.771094322090e-09,
 -1.109046903792e-09, -2.297496703519e-10,  6.197848268679e-10,
  1.195609350781e-09,  1.325903041874e-09,  9.609855062317e-10,
  1.898597915169e-10, -7.819716846703e-10, -1.687972207755e-09,
 -2.274458441357e-09, -2.372298596822e-09, -1.946316578391e-09,
 -1.108130204134e-09, -8.788011963100e-11,  8.278031121906e-10,
  1.375126465605e-09,  1.387593028218e-09,  8.449351906071e-10,
 -1.179749739739e-10, -1.245528577086e-09, -2.230182377639e-09,
 -2.797417589890e-09, -2.783264836811e-09, -2.182712286630e-09,
 -1.154690626643e-09,  1.848150256965e-11,  1.007075776070e-09,
  1.524811284832e-09,  1.409685400963e-09,  6.720105674186e-10,
 -5.043356700145e-10, -1.809080356005e-09, -2.888766425070e-09,
 -3.444073949535e-09, -3.314266422069e-09, -2.525231771627e-09,
 -1.286807543984e-09,  6.091396397706e-11,  1.138674581274e-09,
  1.632213696449e-09,  1.380856694505e-09,  4.259249140447e-10,
 -9.957806811111e-10, -2.512438025530e-09, -3.716654182117e-09,
 -4.277095541237e-09, -4.031890774589e-09, -3.037739189859e-09,
 -1.559839068023e-09, -4.252590684109e-12,  1.190366060279e-09,
  1.672683262624e-09,  1.277688897608e-09,  7.696324361237e-11,
 -1.634709982288e-09, -3.414479586117e-09, -4.789137933664e-09,
 -5.384251458313e-09, -5.029593117207e-09, -3.811371310355e-09,
 -2.055589063115e-09, -2.452423984375e-10,  1.107648860436e-09,
  1.601447945608e-09,  1.057747350862e-09, -4.235767115746e-10,
 -2.484049972011e-09, -4.597305546666e-09, -6.208251334891e-09,
 -6.883759853696e-09, -6.434333082561e-09, -4.972713608454e-09,
 -2.891642708429e-09, -7.648842309852e-10,  8.039711157557e-10,
  1.344938719585e-09,  6.533288375360e-10, -1.146929996289e-09,
 -3.627707477732e-09, -6.164185111890e-09, -8.099032094175e-09,
 -8.920022792343e-09, -8.403247392201e-09, -6.682242508838e-09,
 -4.222090052846e-09, -1.702953441999e-09,  1.580449441566e-10,
  7.999735234594e-10, -2.541834012151e-11, -2.177528917650e-09,
 -5.153715727075e-09, -8.214815033292e-09, -1.057815380239e-08,
 -1.162794102119e-08, -1.108636406982e-08, -9.098355708268e-09,
 -6.204550423894e-09, -3.206554669358e-09, -9.581034671690e-10,
 -1.362147177279e-10, -1.053687524819e-09, -3.564473850305e-09,
 -7.090295248710e-09, -1.076435048064e-08, -1.365679795547e-08,
 -1.502321314291e-08, -1.450997250271e-08, -1.225986503723e-08,
 -8.886758989389e-09, -5.322999759505e-09, -2.577055568562e-09,
 -1.464373694244e-09, -2.383343793589e-09, -5.197650157821e-09,
 -9.259487325161e-09, -1.357071213205e-08, -1.704212612827e-08,
 -1.878325633751e-08, -1.834574921275e-08, -1.585348721256e-08,
 -1.198212082093e-08, -7.790004033709e-09, -4.442781968163e-09,
 -2.903410314037e-09, -3.669984503199e-09, -6.633082979418e-09,
 -1.109317028102e-08, -1.593638639276e-08, -1.992480923194e-08,
 -2.202492055533e-08, -2.168710557866e-08, -1.900009278898e-08,
 -1.467697692927e-08, -9.873976274577e-09, -5.887856854034e-09,
 -3.811810043823e-09, -4.241221069929e-09, -7.109023713453e-09,
 -1.169617381929e-08, -1.681661000697e-08, -2.112857068806e-08,
 -2.349046674755e-08, -2.326613114049e-08, -2.049746850095e-08,
 -1.589733521884e-08, -1.066352138058e-08, -6.162604999763e-09,
 -3.567670676247e-09, -3.546470450644e-09]

================================================================================
TRAJECTORY 16
================================================================================

COMP trajectory 16
outcomes: (0, 0, 0, 0, 0, 0, 0, 0, 0, 0, 0, 0, 0, 0, 0, 0, 0, 0, 0, 0, 0, 0, 0, 0, 0, 0, 0, 0, 0, 0, 0, 0, 0, 0, 0, 0, 0, 0, 0, 0, 0, 0, 0, 0, 0, 0, 0, 0, 0, 0, 0, 0, 0, 0, 0, 0, 0, 0, 0, 0, 0, 0, 0, 0, 0, 0, 0, 0, 0, 0, 0, 0, 0, 0, 0, 0, 0, 0, 0, 0, 0, 0, 0, 0, 0, 0, 0, 0, 0, 0, 0, 0, 0, 0, 0, 0, 0, 0, 0, 0, 0, 0, 0, 0, 0, 0, 0, 0, 0, 0, 0, 0, 0, 0, 0, 0, 0, 0, 0, 0, 0, 0, 0, 0, 0, 0, 0, 0, 0, 0, 0, 0, 0, 0, 0, 0, 0, 0, 0, 0, 0, 0, 0, 0, 0, 0, 0, 0, 0, 0, 0, 0, 0, 0, 0, 0, 0, 0, 0, 0, 0, 0, 0, 0, 0, 0, 0, 0, 0, 0, 0, 0, 0, 0, 0, 0, 0, 0, 0, 0, 0, 0, 0, 0, 0, 0, 0, 0, 0, 0, 0, 0, 0, 0, 0, 0, 0, 0, 0, 0, 0)
p_seq: 0.9711646393507506
DeltaW_total: -0.8254703559926213
DeltaQ_total: -4.164499868344711e-06
dW per increment:
[ 1.573221825758e-03,  3.134225698634e-03,  1.495191472248e-03,
 -1.818410173470e-03, -3.643019679057e-03, -2.283259703793e-03,
  8.314121654003e-04,  2.560741646251e-03,  1.138127896114e-03,
 -2.107932878062e-03, -4.075018812387e-03, -2.935493525278e-03,
  8.680979657250e-05,  1.941298909479e-03,  7.505793541434e-04,
 -2.367704122973e-03, -4.427071274868e-03, -3.511588823436e-03,
 -6.325205688213e-04,  1.298855175149e-03,  3.396538452147e-04,
 -2.603516238699e-03, -4.703663861903e-03, -4.002026710845e-03,
 -1.303484448567e-03,  6.567724896147e-04, -8.510182655641e-05,
 -2.821587458538e-03, -4.914835379770e-03, -4.405884661647e-03,
 -1.910183305348e-03,  3.565060464972e-05, -5.132371009751e-04,
 -3.027298470332e-03, -5.073339001779e-03, -4.728865907634e-03,
 -2.444275699512e-03, -5.486423046008e-04, -9.348428529350e-04,
 -3.224521673861e-03, -5.192133571619e-03, -4.980712787173e-03,
 -2.903939336665e-03, -1.085625631404e-03, -1.341595073573e-03,
 -3.415530324414e-03, -5.282703324543e-03, -5.172819604123e-03,
 -3.292147499682e-03, -1.569847932078e-03, -1.727294307221e-03,
 -3.601287952193e-03, -5.354258896261e-03, -5.316473076707e-03,
 -3.614869638918e-03, -1.999957734029e-03, -2.087961498690e-03,
 -3.781885391360e-03, -5.413607311841e-03, -5.421796081443e-03,
 -3.879557404957e-03, -2.377593005731e-03, -2.421629721690e-03,
 -3.956956462901e-03, -5.465411011832e-03, -5.497269492576e-03,
 -4.094047385047e-03, -2.706343493434e-03, -2.727977972208e-03,
 -4.125989748825e-03, -5.512605403135e-03, -5.549645193128e-03,
 -4.265865411639e-03, -2.990908361619e-03, -3.007920527587e-03,
 -4.288519595002e-03, -5.556829053388e-03, -5.584081868419e-03,
 -4.401851463516e-03, -3.236478843183e-03, -3.263222340834e-03,
 -4.444214393502e-03, -5.598794481354e-03, -5.604382314079e-03,
 -4.508010920821e-03, -3.448324470437e-03, -3.496174112369e-03,
 -4.592891503647e-03, -5.638576436994e-03, -5.613257632877e-03,
 -4.589510306330e-03, -3.631540842013e-03, -3.709335560494e-03,
 -4.734486591206e-03, -5.675821051454e-03, -5.612579000513e-03,
 -4.650756018300e-03, -3.790914109564e-03, -3.905341228638e-03,
 -4.868998771144e-03, -5.709890569744e-03, -5.603600587765e-03,
 -4.695514006782e-03, -3.930862912689e-03, -4.086756904949e-03,
 -4.996426192346e-03, -5.739961228311e-03, -5.587150343032e-03,
 -4.727043558887e-03, -4.055426609789e-03, -4.255973341516e-03,
 -5.116701422967e-03, -5.765090719279e-03, -5.563791824187e-03,
 -4.748228901320e-03, -4.168276489178e-03, -4.415125183618e-03,
 -5.229632570476e-03, -5.784269144659e-03, -5.533962658291e-03,
 -4.761698933649e-03, -4.272733115865e-03, -4.566025450544e-03,
 -5.334854257718e-03, -5.796464622374e-03, -5.498095219046e-03,
 -4.769929084116e-03, -4.371777939717e-03, -4.710108795635e-03,
 -5.431791959246e-03, -5.800672190635e-03, -5.456723787063e-03,
 -4.775320974506e-03, -4.468051045418e-03, -4.848379782789e-03,
 -5.519643341266e-03, -5.795972387943e-03, -5.410580380357e-03,
 -4.780256060492e-03, -4.563829901620e-03, -4.981365435036e-03,
 -5.597380761653e-03, -5.781603688753e-03, -5.360678932234e-03,
 -4.787119299504e-03, -4.660986609068e-03, -5.109074308084e-03,
 -5.663779606643e-03, -5.757050613887e-03, -5.308384749725e-03,
 -4.798288702908e-03, -4.760923850927e-03, -5.230967275576e-03,
 -5.717477317724e-03, -5.722146574740e-03, -5.255463397646e-03,
 -4.816086816568e-03, -4.864492816061e-03, -5.345947962631e-03,
 -5.757067431755e-03, -5.677187184443e-03, -5.204100564750e-03,
 -4.842691174211e-03, -4.971899973988e-03, -5.452383086560e-03,
 -5.781231350383e-03, -5.623045821803e-03, -5.156882441717e-03,
 -4.880002986489e-03, -5.082613741926e-03, -5.548164465772e-03,
 -5.788907525879e-03, -5.561278786864e-03, -5.116725168225e-03,
 -4.929477097964e-03, -5.195286585103e-03, -5.630824596562e-03,
 -5.779493037682e-03, -5.494202800431e-03, -5.086742614139e-03,
 -4.991921764532e-03, -5.307712445877e-03, -5.697715810978e-03,
 -5.753066063175e-03, -5.424923524483e-03, -5.070044845191e-03,
 -5.067284018143e-03, -5.416842794922e-03, -5.746258424669e-03,
 -5.710609744664e-03, -5.357291195278e-03, -5.069465751415e-03,
 -5.154444859926e-03, -5.518885912881e-03, -5.774255378167e-03,
 -5.654209111349e-03, -5.295759633523e-03, -5.087227936578e-03,
 -5.251057296700e-03, -5.609511857628e-03]
dQ per increment:
[-2.303445896935e-07, -3.737145369089e-07, -2.283549950933e-07,
  6.305170112452e-08,  2.150937552111e-07,  7.990028732391e-08,
 -2.084242085049e-07, -3.664773042503e-07, -2.399387621110e-07,
  4.614098047476e-08,  2.117009113476e-07,  9.689510160199e-08,
 -1.826187498049e-07, -3.513829642211e-07, -2.450291769021e-07,
  3.033546556530e-08,  2.049763585094e-07,  1.110117306756e-07,
 -1.550299757133e-07, -3.301427211931e-07, -2.439696191038e-07,
  1.639555426841e-08,  1.954990783409e-07,  1.214994547454e-07,
 -1.276947290724e-07, -3.048688196460e-07, -2.376692300205e-07,
  4.792022993260e-09,  1.840388794716e-07,  1.280942077677e-07,
 -1.022653350084e-07, -2.776644927207e-07, -2.273371804587e-07,
 -4.279821998535e-09,  1.714289219086e-07,  1.309683700288e-07,
 -7.985172656823e-08, -2.503246558142e-07, -2.142349204326e-07,
 -1.084738411247e-08,  1.584479067014e-07,  1.306002499210e-07,
 -6.101955821701e-08, -2.241889704440e-07, -1.995010053563e-07,
 -1.509354093793e-08,  1.457387308226e-07,  1.276224479096e-07,
 -4.588924855950e-08, -2.001249774365e-07, -1.840592551367e-07,
 -1.729187853322e-08,  1.337709228935e-07,  1.226934771294e-07,
 -3.427311845569e-08, -1.785916474636e-07, -1.685938165394e-07,
 -1.775376124932e-08,  1.228404726272e-07,  1.164114519568e-07,
 -2.580565765589e-08, -1.597360211165e-07, -1.535663948131e-07,
 -1.679050413463e-08,  1.130923751921e-07,  1.092694205751e-07,
 -2.004501912893e-08, -1.434900750025e-07, -1.392533613949e-07,
 -1.469007675226e-08,  1.045533624044e-07,  1.016422897255e-07,
 -1.654100056014e-08, -1.296522185693e-07, -1.257883024876e-07,
 -1.170519751091e-08,  9.716509228631e-08,  9.379361490171e-08,
 -1.487427096812e-08, -1.179478545097e-07, -1.132015734467e-07,
 -8.050420379803e-09,  9.081268954100e-08,  8.589211769735e-08,
 -1.467435067383e-08, -1.080710673802e-07, -1.014535110436e-07,
 -3.904481047506e-09,  8.534696245392e-08,  7.803175067342e-08,
 -1.562353778208e-08, -9.971068657940e-08, -9.046070717413e-08,
  5.839268157545e-10,  8.060031384417e-08,  7.025135185992e-08,
 -1.745300054696e-08, -9.256527907370e-08, -8.011598286953e-08,
  5.288956048295e-09,  7.639736736547e-08,  6.255220588594e-08,
 -1.993441190199e-08, -8.635090077182e-08, -7.030356236320e-08,
  1.009977830708e-08,  7.256191040736e-08,  5.491314227597e-08,
 -2.287032066462e-08, -8.080429543707e-08, -6.091042770683e-08,
  1.491329992831e-08,  6.892140295544e-08,  4.730323838794e-08,
 -2.608426303207e-08, -7.568391480108e-08, -5.183528438337e-08,
  1.962741622615e-08,  6.531012132754e-08,  3.969257071895e-08,
 -2.941203097436e-08, -7.077007619684e-08, -4.299583785967e-08,
  2.413564253317e-08,  6.157211036167e-08,  3.206142777266e-08,
 -3.269431946441e-08, -6.586573788464e-08, -3.433505970686e-08,
  2.832297230429e-08,  5.756455508273e-08,  2.440847425957e-08,
 -3.577138624894e-08, -6.079799217806e-08, -2.582672045150e-08,
  3.206356326019e-08,  5.316200673948e-08,  1.675781689152e-08,
 -3.847984314433e-08, -5.542129094191e-08, -1.748021510872e-08,
  3.522051618497e-08,  4.826194963982e-08,  9.164972301478e-09,
 -4.065215378820e-08, -4.962225960171e-08, -9.344628259557e-09,
  3.764813782167e-08,  4.279176034263e-08,  1.721530753888e-09,
 -4.211903883306e-08, -4.332600521666e-08, -1.511265309076e-09,
  3.919698187815e-08,  3.671681065437e-08, -5.442147849553e-09,
 -4.271509123407e-08, -3.650385619995e-08,  5.885719669453e-09,
  3.972202878167e-08,  3.004932807617e-08, -1.215687048771e-08,
 -4.228784965515e-08, -2.918145639713e-08,  1.267170678804e-08,
  3.909421967489e-08,  2.285718243237e-08, -1.821821416469e-08,
 -4.071024553055e-08, -2.144663815637e-08,  1.863781259534e-08,
  3.721494434665e-08,  1.527154354364e-08, -2.339443457618e-08,
 -3.789598118555e-08, -1.345526241120e-08,  2.355192775961e-08,
  3.403317385721e-08,  7.491500678483e-09, -2.743986154442e-08,
 -3.381709327410e-08, -5.433546619582e-09,  2.717534480431e-08,
  2.956380423108e-08, -2.156552861635e-10, -3.011402925635e-08,
 -2.852204394194e-08,  2.325176557370e-09,  2.928503450416e-08,
  2.390557781243e-08, -7.521049739598e-09, -3.120651519140e-08,
 -2.215213877783e-08,  9.471303023117e-09,  2.970128797335e-08,
  1.725574105653e-08, -1.404927362381e-08, -3.056650947370e-08,
 -1.495334088931e-08,  1.561900356273e-08]

EXP trajectory 16
outcomes: (0, 0, 0, 0, 0, 0, 0, 0, 0, 0, 0, 0, 0, 0, 0, 0, 0, 0, 0, 0, 0, 0, 0, 0, 0, 0, 0, 0, 0, 0, 0, 0, 0, 0, 0, 0, 0, 0, 0, 0, 0, 0, 0, 0, 0, 0, 0, 0, 0, 0, 0, 0, 0, 0, 0, 0, 0, 0, 0, 0, 0, 0, 0, 0, 0, 0, 0, 0, 0, 0, 0, 0, 0, 0, 0, 0, 0, 0, 0, 0, 0, 0, 0, 0, 0, 0, 0, 0, 0, 0, 0, 0, 0, 0, 0, 0, 0, 0, 0, 0, 0, 0, 0, 0, 0, 0, 0, 0, 0, 0, 0, 0, 0, 0, 0, 0, 0, 0, 0, 0, 0, 0, 0, 0, 0, 0, 0, 0, 0, 0, 0, 0, 0, 0, 0, 0, 0, 0, 0, 0, 0, 0, 0, 0, 0, 0, 0, 0, 0, 0, 0, 0, 0, 0, 0, 0, 0, 0, 0, 0, 0, 0, 0, 0, 0, 0, 0, 0, 0, 0, 0, 0, 0, 0, 0, 0, 0, 0, 0, 0, 0, 0, 0, 0, 0, 0, 0, 0, 0, 0, 0, 0, 0, 0, 0, 0, 0, 0, 0, 0, 0)
p_seq: 0.9922287100657725
DeltaW_total: 0.5301603849893777
DeltaQ_total: -7.719151607382571e-07
dW per increment:
[ 3.471592021139e-03,  3.489908428906e-03,  3.499542792703e-03,
  3.497028079165e-03,  3.482376576295e-03,  3.459130024005e-03,
  3.433383333258e-03,  3.412051153308e-03,  3.400870158988e-03,
  3.402713397428e-03,  3.416710422060e-03,  3.438440127699e-03,
  3.461156066964e-03,  3.477704457890e-03,  3.482589830842e-03,
  3.473592845747e-03,  3.452465789282e-03,  3.424490918368e-03,
  3.397012033791e-03,  3.377347524109e-03,  3.370677421085e-03,
  3.378513174559e-03,  3.398199992864e-03,  3.423611057194e-03,
  3.446852446881e-03,  3.460504343055e-03,  3.459762855192e-03,
  3.443865714532e-03,  3.416381169661e-03,  3.384258974910e-03,
  3.355895587678e-03,  3.338751958154e-03,  3.337198766859e-03,
  3.351209489162e-03,  3.376289061208e-03,  3.404679028904e-03,
  3.427516203855e-03,  3.437344543505e-03,  3.430269528167e-03,
  3.407134656928e-03,  3.373368109511e-03,  3.337520432696e-03,
  3.308886893812e-03,  3.294874975238e-03,  3.298860968572e-03,
  3.319153244814e-03,  3.349376115514e-03,  3.380190563458e-03,
  3.401887676162e-03,  3.407135342613e-03,  3.393102892362e-03,
  3.362350867906e-03,  3.322211620397e-03,  3.282808163888e-03,
  3.254246028792e-03,  3.243755899954e-03,  3.253592696122e-03,
  3.280298007542e-03,  3.315559617075e-03,  3.348456266833e-03,
  3.368481985007e-03,  3.368513748836e-03,  3.346886605744e-03,
  3.307975511301e-03,  3.261091189071e-03,  3.217966880079e-03,
  3.189513415307e-03,  3.182738183902e-03,  3.198694951738e-03,
  3.232059665013e-03,  3.272483945990e-03,  3.307383733533e-03,
  3.325412546804e-03,  3.319662631013e-03,  3.289694066233e-03,
  3.241800872546e-03,  3.187402894879e-03,  3.139972437395e-03,
  3.111321225571e-03,  3.108268423539e-03,  3.130625578207e-03,
  3.171087622738e-03,  3.217101601967e-03,  3.254236837567e-03,
  3.270153219708e-03,  3.258079009022e-03,  3.218822165143e-03,
  3.160724633602e-03,  3.097526103314e-03,  3.044681909479e-03,
  3.015119583406e-03,  3.015595627069e-03,  3.044674015911e-03,
  3.092922697300e-03,  3.145325235042e-03,  3.185293245780e-03,
  3.199209648496e-03,  3.180261868129e-03,  3.130491228227e-03,
  3.060451242069e-03,  2.986511653903e-03,  2.926493760558e-03,
  2.894797634664e-03,  2.898349028616e-03,  2.934500145301e-03,
  2.991509053373e-03,  3.051529780597e-03,  3.095354689673e-03,
  3.107651809330e-03,  3.081273406748e-03,  3.019431538554e-03,
  2.935090631766e-03,  2.847672669210e-03,  2.777908084836e-03,
  2.742193359676e-03,  2.747985388865e-03,  2.791518166976e-03,
  2.858525885362e-03,  2.927853454429e-03,  2.977044695097e-03,
  2.988435731169e-03,  2.954105340171e-03,  2.878302659440e-03,
  2.776623704852e-03,  2.672074159671e-03,  2.589006798452e-03,
  2.546526078143e-03,  2.553139435749e-03,  2.604143225854e-03,
  2.682527892720e-03,  2.763252167938e-03,  2.819817430039e-03,
  2.831420422943e-03,  2.788759249169e-03,  2.696880788532e-03,
  2.574216128261e-03,  2.447960511557e-03,  2.346948888391e-03,
  2.293887735815e-03,  2.299028805124e-03,  2.357037084202e-03,
  2.447988826900e-03,  2.542343890347e-03,  2.608657615212e-03,
  2.622023091986e-03,  2.570982335142e-03,  2.460996823311e-03,
  2.313445207076e-03,  2.160295862955e-03,  2.035773856782e-03,
  1.967189110980e-03,  1.967377690381e-03,  2.030839102211e-03,
  2.134711463212e-03,  2.244452053180e-03,  2.322818203632e-03,
  2.339816139038e-03,  2.280962674844e-03,  2.151589596803e-03,
  1.975927794776e-03,  1.791082260642e-03,  1.637388648561e-03,
  1.547655126121e-03,  1.538156981326e-03,  1.603851242365e-03,
  1.719203159876e-03,  1.844539149339e-03,  1.936350438971e-03,
  1.958870131821e-03,  1.893840379415e-03,  1.745802062390e-03,
  1.541383878163e-03,  1.322648938199e-03,  1.136157894393e-03,
  1.020596391918e-03,  9.962611938334e-04,  1.059267056423e-03,
  1.182123606188e-03,  1.320649646217e-03,  1.425486451986e-03,
  1.455202128376e-03,  1.387497275168e-03,  1.225472717563e-03,
  9.971977101273e-04,  7.485906989935e-04,  5.314232441034e-04,
  3.895953828525e-04,  3.473390862094e-04,  4.025362268560e-04,
  5.270024193518e-04,  6.737378879755e-04,  7.892749176577e-04,
  8.278638852808e-04,  7.637162381879e-04,  5.980127755283e-04,
  3.587656806161e-04,  9.352727539280e-05, -1.431430554426e-04,
 -3.041275490840e-04, -3.622613342138e-04]
dQ per increment:
[-4.162499281889e-10, -8.896106024146e-10, -1.150365450901e-09,
 -1.119499371026e-09, -8.017114363872e-10, -2.854011209221e-10,
  2.817411198005e-10,  7.346852466672e-10,  9.387861848575e-10,
  8.293747238465e-10,  4.317194960898e-10, -1.448441436236e-10,
 -7.371924537827e-10, -1.174808945655e-09, -1.329034235095e-09,
 -1.151043532190e-09, -6.872767344384e-10, -6.770972259436e-11,
  5.302931824127e-10,  9.324338183080e-10,  1.017739948740e-09,
  7.544377596605e-10,  2.106795235230e-10, -4.633608275718e-10,
 -1.077278702008e-09, -1.454444851882e-09, -1.483146725226e-09,
 -1.149750651023e-09, -5.444651461455e-10,  1.627159518236e-10,
  7.692836975076e-10,  1.097732246682e-09,  1.046806066742e-09,
  6.219700737515e-10, -6.424148084154e-11, -8.223532087497e-10,
 -1.438696809472e-09, -1.736003174763e-09, -1.624659441484e-09,
 -1.129985244047e-09, -3.872032243446e-10,  3.949908562121e-10,
  9.924150062932e-10,  1.228965977379e-09,  1.027606012869e-09,
  4.342072565215e-10, -3.930365965413e-10, -1.226302503987e-09,
 -1.831469573221e-09, -2.034275635963e-09, -1.771094322090e-09,
 -1.109046903792e-09, -2.297496703519e-10,  6.197848268679e-10,
  1.195609350781e-09,  1.325903041874e-09,  9.609855062317e-10,
  1.898597915169e-10, -7.819716846703e-10, -1.687972207755e-09,
 -2.274458441357e-09, -2.372298596822e-09, -1.946316578391e-09,
 -1.108130204134e-09, -8.788011963100e-11,  8.278031121906e-10,
  1.375126465605e-09,  1.387593028218e-09,  8.449351906071e-10,
 -1.179749739739e-10, -1.245528577086e-09, -2.230182377639e-09,
 -2.797417589890e-09, -2.783264836811e-09, -2.182712286630e-09,
 -1.154690626643e-09,  1.848150256965e-11,  1.007075776070e-09,
  1.524811284832e-09,  1.409685400963e-09,  6.720105674186e-10,
 -5.043356700145e-10, -1.809080356005e-09, -2.888766425070e-09,
 -3.444073949535e-09, -3.314266422069e-09, -2.525231771627e-09,
 -1.286807543984e-09,  6.091396397706e-11,  1.138674581274e-09,
  1.632213696449e-09,  1.380856694505e-09,  4.259249140447e-10,
 -9.957806811111e-10, -2.512438025530e-09, -3.716654182117e-09,
 -4.277095541237e-09, -4.031890774589e-09, -3.037739189859e-09,
 -1.559839068023e-09, -4.252590684109e-12,  1.190366060279e-09,
  1.672683262624e-09,  1.277688897608e-09,  7.696324361237e-11,
 -1.634709982288e-09, -3.414479586117e-09, -4.789137933664e-09,
 -5.384251458313e-09, -5.029593117207e-09, -3.811371310355e-09,
 -2.055589063115e-09, -2.452423984375e-10,  1.107648860436e-09,
  1.601447945608e-09,  1.057747350862e-09, -4.235767115746e-10,
 -2.484049972011e-09, -4.597305546666e-09, -6.208251334891e-09,
 -6.883759853696e-09, -6.434333082561e-09, -4.972713608454e-09,
 -2.891642708429e-09, -7.648842309852e-10,  8.039711157557e-10,
  1.344938719585e-09,  6.533288375360e-10, -1.146929996289e-09,
 -3.627707477732e-09, -6.164185111890e-09, -8.099032094175e-09,
 -8.920022792343e-09, -8.403247392201e-09, -6.682242508838e-09,
 -4.222090052846e-09, -1.702953441999e-09,  1.580449441566e-10,
  7.999735234594e-10, -2.541834012151e-11, -2.177528917650e-09,
 -5.153715727075e-09, -8.214815033292e-09, -1.057815380239e-08,
 -1.162794102119e-08, -1.108636406982e-08, -9.098355708268e-09,
 -6.204550423894e-09, -3.206554669358e-09, -9.581034671690e-10,
 -1.362147177279e-10, -1.053687524819e-09, -3.564473850305e-09,
 -7.090295248710e-09, -1.076435048064e-08, -1.365679795547e-08,
 -1.502321314291e-08, -1.450997250271e-08, -1.225986503723e-08,
 -8.886758989389e-09, -5.322999759505e-09, -2.577055568562e-09,
 -1.464373694244e-09, -2.383343793589e-09, -5.197650157821e-09,
 -9.259487325161e-09, -1.357071213205e-08, -1.704212612827e-08,
 -1.878325633751e-08, -1.834574921275e-08, -1.585348721256e-08,
 -1.198212082093e-08, -7.790004033709e-09, -4.442781968163e-09,
 -2.903410314037e-09, -3.669984503199e-09, -6.633082979418e-09,
 -1.109317028102e-08, -1.593638639276e-08, -1.992480923194e-08,
 -2.202492055533e-08, -2.168710557866e-08, -1.900009278898e-08,
 -1.467697692927e-08, -9.873976274577e-09, -5.887856854034e-09,
 -3.811810043823e-09, -4.241221069929e-09, -7.109023713453e-09,
 -1.169617381929e-08, -1.681661000697e-08, -2.112857068806e-08,
 -2.349046674755e-08, -2.326613114049e-08, -2.049746850095e-08,
 -1.589733521884e-08, -1.066352138058e-08, -6.162604999763e-09,
 -3.567670676247e-09, -3.546470450644e-09]

================================================================================
TRAJECTORY 17
================================================================================

COMP trajectory 17
outcomes: (0, 0, 0, 0, 0, 0, 0, 0, 0, 0, 0, 0, 0, 0, 0, 0, 0, 0, 0, 0, 0, 0, 0, 0, 0, 0, 0, 0, 0, 0, 0, 0, 0, 0, 0, 0, 0, 0, 0, 0, 0, 0, 0, 0, 0, 0, 0, 0, 0, 0, 0, 0, 0, 0, 0, 0, 0, 0, 0, 0, 0, 0, 0, 0, 0, 0, 0, 0, 0, 0, 0, 0, 0, 0, 0, 0, 0, 0, 0, 0, 0, 0, 0, 0, 0, 0, 0, 0, 0, 0, 0, 0, 0, 0, 0, 0, 0, 0, 0, 0, 0, 0, 0, 0, 0, 0, 0, 0, 0, 0, 0, 0, 0, 0, 0, 0, 0, 0, 0, 0, 0, 0, 0, 0, 0, 0, 0, 0, 0, 0, 0, 0, 0, 0, 0, 0, 0, 0, 0, 0, 0, 0, 0, 0, 0, 0, 0, 0, 0, 0, 0, 0, 0, 0, 0, 0, 0, 0, 0, 0, 0, 0, 0, 0, 0, 0, 0, 0, 0, 0, 0, 0, 0, 0, 0, 0, 0, 0, 0, 0, 0, 0, 0, 0, 0, 0, 0, 0, 0, 0, 0, 0, 0, 0, 0, 0, 0, 0, 0, 0, 0)
p_seq: 0.9711646393507506
DeltaW_total: -0.8254703559926213
DeltaQ_total: -4.164499868344711e-06
dW per increment:
[ 1.573221825758e-03,  3.134225698634e-03,  1.495191472248e-03,
 -1.818410173470e-03, -3.643019679057e-03, -2.283259703793e-03,
  8.314121654003e-04,  2.560741646251e-03,  1.138127896114e-03,
 -2.107932878062e-03, -4.075018812387e-03, -2.935493525278e-03,
  8.680979657250e-05,  1.941298909479e-03,  7.505793541434e-04,
 -2.367704122973e-03, -4.427071274868e-03, -3.511588823436e-03,
 -6.325205688213e-04,  1.298855175149e-03,  3.396538452147e-04,
 -2.603516238699e-03, -4.703663861903e-03, -4.002026710845e-03,
 -1.303484448567e-03,  6.567724896147e-04, -8.510182655641e-05,
 -2.821587458538e-03, -4.914835379770e-03, -4.405884661647e-03,
 -1.910183305348e-03,  3.565060464972e-05, -5.132371009751e-04,
 -3.027298470332e-03, -5.073339001779e-03, -4.728865907634e-03,
 -2.444275699512e-03, -5.486423046008e-04, -9.348428529350e-04,
 -3.224521673861e-03, -5.192133571619e-03, -4.980712787173e-03,
 -2.903939336665e-03, -1.085625631404e-03, -1.341595073573e-03,
 -3.415530324414e-03, -5.282703324543e-03, -5.172819604123e-03,
 -3.292147499682e-03, -1.569847932078e-03, -1.727294307221e-03,
 -3.601287952193e-03, -5.354258896261e-03, -5.316473076707e-03,
 -3.614869638918e-03, -1.999957734029e-03, -2.087961498690e-03,
 -3.781885391360e-03, -5.413607311841e-03, -5.421796081443e-03,
 -3.879557404957e-03, -2.377593005731e-03, -2.421629721690e-03,
 -3.956956462901e-03, -5.465411011832e-03, -5.497269492576e-03,
 -4.094047385047e-03, -2.706343493434e-03, -2.727977972208e-03,
 -4.125989748825e-03, -5.512605403135e-03, -5.549645193128e-03,
 -4.265865411639e-03, -2.990908361619e-03, -3.007920527587e-03,
 -4.288519595002e-03, -5.556829053388e-03, -5.584081868419e-03,
 -4.401851463516e-03, -3.236478843183e-03, -3.263222340834e-03,
 -4.444214393502e-03, -5.598794481354e-03, -5.604382314079e-03,
 -4.508010920821e-03, -3.448324470437e-03, -3.496174112369e-03,
 -4.592891503647e-03, -5.638576436994e-03, -5.613257632877e-03,
 -4.589510306330e-03, -3.631540842013e-03, -3.709335560494e-03,
 -4.734486591206e-03, -5.675821051454e-03, -5.612579000513e-03,
 -4.650756018300e-03, -3.790914109564e-03, -3.905341228638e-03,
 -4.868998771144e-03, -5.709890569744e-03, -5.603600587765e-03,
 -4.695514006782e-03, -3.930862912689e-03, -4.086756904949e-03,
 -4.996426192346e-03, -5.739961228311e-03, -5.587150343032e-03,
 -4.727043558887e-03, -4.055426609789e-03, -4.255973341516e-03,
 -5.116701422967e-03, -5.765090719279e-03, -5.563791824187e-03,
 -4.748228901320e-03, -4.168276489178e-03, -4.415125183618e-03,
 -5.229632570476e-03, -5.784269144659e-03, -5.533962658291e-03,
 -4.761698933649e-03, -4.272733115865e-03, -4.566025450544e-03,
 -5.334854257718e-03, -5.796464622374e-03, -5.498095219046e-03,
 -4.769929084116e-03, -4.371777939717e-03, -4.710108795635e-03,
 -5.431791959246e-03, -5.800672190635e-03, -5.456723787063e-03,
 -4.775320974506e-03, -4.468051045418e-03, -4.848379782789e-03,
 -5.519643341266e-03, -5.795972387943e-03, -5.410580380357e-03,
 -4.780256060492e-03, -4.563829901620e-03, -4.981365435036e-03,
 -5.597380761653e-03, -5.781603688753e-03, -5.360678932234e-03,
 -4.787119299504e-03, -4.660986609068e-03, -5.109074308084e-03,
 -5.663779606643e-03, -5.757050613887e-03, -5.308384749725e-03,
 -4.798288702908e-03, -4.760923850927e-03, -5.230967275576e-03,
 -5.717477317724e-03, -5.722146574740e-03, -5.255463397646e-03,
 -4.816086816568e-03, -4.864492816061e-03, -5.345947962631e-03,
 -5.757067431755e-03, -5.677187184443e-03, -5.204100564750e-03,
 -4.842691174211e-03, -4.971899973988e-03, -5.452383086560e-03,
 -5.781231350383e-03, -5.623045821803e-03, -5.156882441717e-03,
 -4.880002986489e-03, -5.082613741926e-03, -5.548164465772e-03,
 -5.788907525879e-03, -5.561278786864e-03, -5.116725168225e-03,
 -4.929477097964e-03, -5.195286585103e-03, -5.630824596562e-03,
 -5.779493037682e-03, -5.494202800431e-03, -5.086742614139e-03,
 -4.991921764532e-03, -5.307712445877e-03, -5.697715810978e-03,
 -5.753066063175e-03, -5.424923524483e-03, -5.070044845191e-03,
 -5.067284018143e-03, -5.416842794922e-03, -5.746258424669e-03,
 -5.710609744664e-03, -5.357291195278e-03, -5.069465751415e-03,
 -5.154444859926e-03, -5.518885912881e-03, -5.774255378167e-03,
 -5.654209111349e-03, -5.295759633523e-03, -5.087227936578e-03,
 -5.251057296700e-03, -5.609511857628e-03]
dQ per increment:
[-2.303445896935e-07, -3.737145369089e-07, -2.283549950933e-07,
  6.305170112452e-08,  2.150937552111e-07,  7.990028732391e-08,
 -2.084242085049e-07, -3.664773042503e-07, -2.399387621110e-07,
  4.614098047476e-08,  2.117009113476e-07,  9.689510160199e-08,
 -1.826187498049e-07, -3.513829642211e-07, -2.450291769021e-07,
  3.033546556530e-08,  2.049763585094e-07,  1.110117306756e-07,
 -1.550299757133e-07, -3.301427211931e-07, -2.439696191038e-07,
  1.639555426841e-08,  1.954990783409e-07,  1.214994547454e-07,
 -1.276947290724e-07, -3.048688196460e-07, -2.376692300205e-07,
  4.792022993260e-09,  1.840388794716e-07,  1.280942077677e-07,
 -1.022653350084e-07, -2.776644927207e-07, -2.273371804587e-07,
 -4.279821998535e-09,  1.714289219086e-07,  1.309683700288e-07,
 -7.985172656823e-08, -2.503246558142e-07, -2.142349204326e-07,
 -1.084738411247e-08,  1.584479067014e-07,  1.306002499210e-07,
 -6.101955821701e-08, -2.241889704440e-07, -1.995010053563e-07,
 -1.509354093793e-08,  1.457387308226e-07,  1.276224479096e-07,
 -4.588924855950e-08, -2.001249774365e-07, -1.840592551367e-07,
 -1.729187853322e-08,  1.337709228935e-07,  1.226934771294e-07,
 -3.427311845569e-08, -1.785916474636e-07, -1.685938165394e-07,
 -1.775376124932e-08,  1.228404726272e-07,  1.164114519568e-07,
 -2.580565765589e-08, -1.597360211165e-07, -1.535663948131e-07,
 -1.679050413463e-08,  1.130923751921e-07,  1.092694205751e-07,
 -2.004501912893e-08, -1.434900750025e-07, -1.392533613949e-07,
 -1.469007675226e-08,  1.045533624044e-07,  1.016422897255e-07,
 -1.654100056014e-08, -1.296522185693e-07, -1.257883024876e-07,
 -1.170519751091e-08,  9.716509228631e-08,  9.379361490171e-08,
 -1.487427096812e-08, -1.179478545097e-07, -1.132015734467e-07,
 -8.050420379803e-09,  9.081268954100e-08,  8.589211769735e-08,
 -1.467435067383e-08, -1.080710673802e-07, -1.014535110436e-07,
 -3.904481047506e-09,  8.534696245392e-08,  7.803175067342e-08,
 -1.562353778208e-08, -9.971068657940e-08, -9.046070717413e-08,
  5.839268157545e-10,  8.060031384417e-08,  7.025135185992e-08,
 -1.745300054696e-08, -9.256527907370e-08, -8.011598286953e-08,
  5.288956048295e-09,  7.639736736547e-08,  6.255220588594e-08,
 -1.993441190199e-08, -8.635090077182e-08, -7.030356236320e-08,
  1.009977830708e-08,  7.256191040736e-08,  5.491314227597e-08,
 -2.287032066462e-08, -8.080429543707e-08, -6.091042770683e-08,
  1.491329992831e-08,  6.892140295544e-08,  4.730323838794e-08,
 -2.608426303207e-08, -7.568391480108e-08, -5.183528438337e-08,
  1.962741622615e-08,  6.531012132754e-08,  3.969257071895e-08,
 -2.941203097436e-08, -7.077007619684e-08, -4.299583785967e-08,
  2.413564253317e-08,  6.157211036167e-08,  3.206142777266e-08,
 -3.269431946441e-08, -6.586573788464e-08, -3.433505970686e-08,
  2.832297230429e-08,  5.756455508273e-08,  2.440847425957e-08,
 -3.577138624894e-08, -6.079799217806e-08, -2.582672045150e-08,
  3.206356326019e-08,  5.316200673948e-08,  1.675781689152e-08,
 -3.847984314433e-08, -5.542129094191e-08, -1.748021510872e-08,
  3.522051618497e-08,  4.826194963982e-08,  9.164972301478e-09,
 -4.065215378820e-08, -4.962225960171e-08, -9.344628259557e-09,
  3.764813782167e-08,  4.279176034263e-08,  1.721530753888e-09,
 -4.211903883306e-08, -4.332600521666e-08, -1.511265309076e-09,
  3.919698187815e-08,  3.671681065437e-08, -5.442147849553e-09,
 -4.271509123407e-08, -3.650385619995e-08,  5.885719669453e-09,
  3.972202878167e-08,  3.004932807617e-08, -1.215687048771e-08,
 -4.228784965515e-08, -2.918145639713e-08,  1.267170678804e-08,
  3.909421967489e-08,  2.285718243237e-08, -1.821821416469e-08,
 -4.071024553055e-08, -2.144663815637e-08,  1.863781259534e-08,
  3.721494434665e-08,  1.527154354364e-08, -2.339443457618e-08,
 -3.789598118555e-08, -1.345526241120e-08,  2.355192775961e-08,
  3.403317385721e-08,  7.491500678483e-09, -2.743986154442e-08,
 -3.381709327410e-08, -5.433546619582e-09,  2.717534480431e-08,
  2.956380423108e-08, -2.156552861635e-10, -3.011402925635e-08,
 -2.852204394194e-08,  2.325176557370e-09,  2.928503450416e-08,
  2.390557781243e-08, -7.521049739598e-09, -3.120651519140e-08,
 -2.215213877783e-08,  9.471303023117e-09,  2.970128797335e-08,
  1.725574105653e-08, -1.404927362381e-08, -3.056650947370e-08,
 -1.495334088931e-08,  1.561900356273e-08]

EXP trajectory 17
outcomes: (0, 0, 0, 0, 0, 0, 0, 0, 0, 0, 0, 0, 0, 0, 0, 0, 0, 0, 0, 0, 0, 0, 0, 0, 0, 0, 0, 0, 0, 0, 0, 0, 0, 0, 0, 0, 0, 0, 0, 0, 0, 0, 0, 0, 0, 0, 0, 0, 0, 0, 0, 0, 0, 0, 0, 0, 0, 0, 0, 0, 0, 0, 0, 0, 0, 0, 0, 0, 0, 0, 0, 0, 0, 0, 0, 0, 0, 0, 0, 0, 0, 0, 0, 0, 0, 0, 0, 0, 0, 0, 0, 0, 0, 0, 0, 0, 0, 0, 0, 0, 0, 0, 0, 0, 0, 0, 0, 0, 0, 0, 0, 0, 0, 0, 0, 0, 0, 0, 0, 0, 0, 0, 0, 0, 0, 0, 0, 0, 0, 0, 0, 0, 0, 0, 0, 0, 0, 0, 0, 0, 0, 0, 0, 0, 0, 0, 0, 0, 0, 0, 0, 0, 0, 0, 0, 0, 0, 0, 0, 0, 0, 0, 0, 0, 0, 0, 0, 0, 0, 0, 0, 0, 0, 0, 0, 0, 0, 0, 0, 0, 0, 0, 0, 0, 0, 0, 0, 0, 0, 0, 0, 0, 0, 0, 0, 0, 0, 0, 0, 0, 0)
p_seq: 0.9922287100657725
DeltaW_total: 0.5301603849893777
DeltaQ_total: -7.719151607382571e-07
dW per increment:
[ 3.471592021139e-03,  3.489908428906e-03,  3.499542792703e-03,
  3.497028079165e-03,  3.482376576295e-03,  3.459130024005e-03,
  3.433383333258e-03,  3.412051153308e-03,  3.400870158988e-03,
  3.402713397428e-03,  3.416710422060e-03,  3.438440127699e-03,
  3.461156066964e-03,  3.477704457890e-03,  3.482589830842e-03,
  3.473592845747e-03,  3.452465789282e-03,  3.424490918368e-03,
  3.397012033791e-03,  3.377347524109e-03,  3.370677421085e-03,
  3.378513174559e-03,  3.398199992864e-03,  3.423611057194e-03,
  3.446852446881e-03,  3.460504343055e-03,  3.459762855192e-03,
  3.443865714532e-03,  3.416381169661e-03,  3.384258974910e-03,
  3.355895587678e-03,  3.338751958154e-03,  3.337198766859e-03,
  3.351209489162e-03,  3.376289061208e-03,  3.404679028904e-03,
  3.427516203855e-03,  3.437344543505e-03,  3.430269528167e-03,
  3.407134656928e-03,  3.373368109511e-03,  3.337520432696e-03,
  3.308886893812e-03,  3.294874975238e-03,  3.298860968572e-03,
  3.319153244814e-03,  3.349376115514e-03,  3.380190563458e-03,
  3.401887676162e-03,  3.407135342613e-03,  3.393102892362e-03,
  3.362350867906e-03,  3.322211620397e-03,  3.282808163888e-03,
  3.254246028792e-03,  3.243755899954e-03,  3.253592696122e-03,
  3.280298007542e-03,  3.315559617075e-03,  3.348456266833e-03,
  3.368481985007e-03,  3.368513748836e-03,  3.346886605744e-03,
  3.307975511301e-03,  3.261091189071e-03,  3.217966880079e-03,
  3.189513415307e-03,  3.182738183902e-03,  3.198694951738e-03,
  3.232059665013e-03,  3.272483945990e-03,  3.307383733533e-03,
  3.325412546804e-03,  3.319662631013e-03,  3.289694066233e-03,
  3.241800872546e-03,  3.187402894879e-03,  3.139972437395e-03,
  3.111321225571e-03,  3.108268423539e-03,  3.130625578207e-03,
  3.171087622738e-03,  3.217101601967e-03,  3.254236837567e-03,
  3.270153219708e-03,  3.258079009022e-03,  3.218822165143e-03,
  3.160724633602e-03,  3.097526103314e-03,  3.044681909479e-03,
  3.015119583406e-03,  3.015595627069e-03,  3.044674015911e-03,
  3.092922697300e-03,  3.145325235042e-03,  3.185293245780e-03,
  3.199209648496e-03,  3.180261868129e-03,  3.130491228227e-03,
  3.060451242069e-03,  2.986511653903e-03,  2.926493760558e-03,
  2.894797634664e-03,  2.898349028616e-03,  2.934500145301e-03,
  2.991509053373e-03,  3.051529780597e-03,  3.095354689673e-03,
  3.107651809330e-03,  3.081273406748e-03,  3.019431538554e-03,
  2.935090631766e-03,  2.847672669210e-03,  2.777908084836e-03,
  2.742193359676e-03,  2.747985388865e-03,  2.791518166976e-03,
  2.858525885362e-03,  2.927853454429e-03,  2.977044695097e-03,
  2.988435731169e-03,  2.954105340171e-03,  2.878302659440e-03,
  2.776623704852e-03,  2.672074159671e-03,  2.589006798452e-03,
  2.546526078143e-03,  2.553139435749e-03,  2.604143225854e-03,
  2.682527892720e-03,  2.763252167938e-03,  2.819817430039e-03,
  2.831420422943e-03,  2.788759249169e-03,  2.696880788532e-03,
  2.574216128261e-03,  2.447960511557e-03,  2.346948888391e-03,
  2.293887735815e-03,  2.299028805124e-03,  2.357037084202e-03,
  2.447988826900e-03,  2.542343890347e-03,  2.608657615212e-03,
  2.622023091986e-03,  2.570982335142e-03,  2.460996823311e-03,
  2.313445207076e-03,  2.160295862955e-03,  2.035773856782e-03,
  1.967189110980e-03,  1.967377690381e-03,  2.030839102211e-03,
  2.134711463212e-03,  2.244452053180e-03,  2.322818203632e-03,
  2.339816139038e-03,  2.280962674844e-03,  2.151589596803e-03,
  1.975927794776e-03,  1.791082260642e-03,  1.637388648561e-03,
  1.547655126121e-03,  1.538156981326e-03,  1.603851242365e-03,
  1.719203159876e-03,  1.844539149339e-03,  1.936350438971e-03,
  1.958870131821e-03,  1.893840379415e-03,  1.745802062390e-03,
  1.541383878163e-03,  1.322648938199e-03,  1.136157894393e-03,
  1.020596391918e-03,  9.962611938334e-04,  1.059267056423e-03,
  1.182123606188e-03,  1.320649646217e-03,  1.425486451986e-03,
  1.455202128376e-03,  1.387497275168e-03,  1.225472717563e-03,
  9.971977101273e-04,  7.485906989935e-04,  5.314232441034e-04,
  3.895953828525e-04,  3.473390862094e-04,  4.025362268560e-04,
  5.270024193518e-04,  6.737378879755e-04,  7.892749176577e-04,
  8.278638852808e-04,  7.637162381879e-04,  5.980127755283e-04,
  3.587656806161e-04,  9.352727539280e-05, -1.431430554426e-04,
 -3.041275490840e-04, -3.622613342138e-04]
dQ per increment:
[-4.162499281889e-10, -8.896106024146e-10, -1.150365450901e-09,
 -1.119499371026e-09, -8.017114363872e-10, -2.854011209221e-10,
  2.817411198005e-10,  7.346852466672e-10,  9.387861848575e-10,
  8.293747238465e-10,  4.317194960898e-10, -1.448441436236e-10,
 -7.371924537827e-10, -1.174808945655e-09, -1.329034235095e-09,
 -1.151043532190e-09, -6.872767344384e-10, -6.770972259436e-11,
  5.302931824127e-10,  9.324338183080e-10,  1.017739948740e-09,
  7.544377596605e-10,  2.106795235230e-10, -4.633608275718e-10,
 -1.077278702008e-09, -1.454444851882e-09, -1.483146725226e-09,
 -1.149750651023e-09, -5.444651461455e-10,  1.627159518236e-10,
  7.692836975076e-10,  1.097732246682e-09,  1.046806066742e-09,
  6.219700737515e-10, -6.424148084154e-11, -8.223532087497e-10,
 -1.438696809472e-09, -1.736003174763e-09, -1.624659441484e-09,
 -1.129985244047e-09, -3.872032243446e-10,  3.949908562121e-10,
  9.924150062932e-10,  1.228965977379e-09,  1.027606012869e-09,
  4.342072565215e-10, -3.930365965413e-10, -1.226302503987e-09,
 -1.831469573221e-09, -2.034275635963e-09, -1.771094322090e-09,
 -1.109046903792e-09, -2.297496703519e-10,  6.197848268679e-10,
  1.195609350781e-09,  1.325903041874e-09,  9.609855062317e-10,
  1.898597915169e-10, -7.819716846703e-10, -1.687972207755e-09,
 -2.274458441357e-09, -2.372298596822e-09, -1.946316578391e-09,
 -1.108130204134e-09, -8.788011963100e-11,  8.278031121906e-10,
  1.375126465605e-09,  1.387593028218e-09,  8.449351906071e-10,
 -1.179749739739e-10, -1.245528577086e-09, -2.230182377639e-09,
 -2.797417589890e-09, -2.783264836811e-09, -2.182712286630e-09,
 -1.154690626643e-09,  1.848150256965e-11,  1.007075776070e-09,
  1.524811284832e-09,  1.409685400963e-09,  6.720105674186e-10,
 -5.043356700145e-10, -1.809080356005e-09, -2.888766425070e-09,
 -3.444073949535e-09, -3.314266422069e-09, -2.525231771627e-09,
 -1.286807543984e-09,  6.091396397706e-11,  1.138674581274e-09,
  1.632213696449e-09,  1.380856694505e-09,  4.259249140447e-10,
 -9.957806811111e-10, -2.512438025530e-09, -3.716654182117e-09,
 -4.277095541237e-09, -4.031890774589e-09, -3.037739189859e-09,
 -1.559839068023e-09, -4.252590684109e-12,  1.190366060279e-09,
  1.672683262624e-09,  1.277688897608e-09,  7.696324361237e-11,
 -1.634709982288e-09, -3.414479586117e-09, -4.789137933664e-09,
 -5.384251458313e-09, -5.029593117207e-09, -3.811371310355e-09,
 -2.055589063115e-09, -2.452423984375e-10,  1.107648860436e-09,
  1.601447945608e-09,  1.057747350862e-09, -4.235767115746e-10,
 -2.484049972011e-09, -4.597305546666e-09, -6.208251334891e-09,
 -6.883759853696e-09, -6.434333082561e-09, -4.972713608454e-09,
 -2.891642708429e-09, -7.648842309852e-10,  8.039711157557e-10,
  1.344938719585e-09,  6.533288375360e-10, -1.146929996289e-09,
 -3.627707477732e-09, -6.164185111890e-09, -8.099032094175e-09,
 -8.920022792343e-09, -8.403247392201e-09, -6.682242508838e-09,
 -4.222090052846e-09, -1.702953441999e-09,  1.580449441566e-10,
  7.999735234594e-10, -2.541834012151e-11, -2.177528917650e-09,
 -5.153715727075e-09, -8.214815033292e-09, -1.057815380239e-08,
 -1.162794102119e-08, -1.108636406982e-08, -9.098355708268e-09,
 -6.204550423894e-09, -3.206554669358e-09, -9.581034671690e-10,
 -1.362147177279e-10, -1.053687524819e-09, -3.564473850305e-09,
 -7.090295248710e-09, -1.076435048064e-08, -1.365679795547e-08,
 -1.502321314291e-08, -1.450997250271e-08, -1.225986503723e-08,
 -8.886758989389e-09, -5.322999759505e-09, -2.577055568562e-09,
 -1.464373694244e-09, -2.383343793589e-09, -5.197650157821e-09,
 -9.259487325161e-09, -1.357071213205e-08, -1.704212612827e-08,
 -1.878325633751e-08, -1.834574921275e-08, -1.585348721256e-08,
 -1.198212082093e-08, -7.790004033709e-09, -4.442781968163e-09,
 -2.903410314037e-09, -3.669984503199e-09, -6.633082979418e-09,
 -1.109317028102e-08, -1.593638639276e-08, -1.992480923194e-08,
 -2.202492055533e-08, -2.168710557866e-08, -1.900009278898e-08,
 -1.467697692927e-08, -9.873976274577e-09, -5.887856854034e-09,
 -3.811810043823e-09, -4.241221069929e-09, -7.109023713453e-09,
 -1.169617381929e-08, -1.681661000697e-08, -2.112857068806e-08,
 -2.349046674755e-08, -2.326613114049e-08, -2.049746850095e-08,
 -1.589733521884e-08, -1.066352138058e-08, -6.162604999763e-09,
 -3.567670676247e-09, -3.546470450644e-09]

================================================================================
TRAJECTORY 18
================================================================================

COMP trajectory 18
outcomes: (0, 0, 0, 0, 0, 0, 0, 0, 0, 0, 0, 0, 0, 0, 0, 0, 0, 0, 0, 0, 0, 0, 0, 0, 0, 0, 0, 0, 0, 0, 0, 0, 0, 0, 0, 0, 0, 0, 0, 0, 0, 0, 0, 0, 0, 0, 0, 0, 0, 0, 0, 0, 0, 0, 0, 0, 0, 0, 0, 0, 0, 0, 0, 0, 0, 0, 0, 0, 0, 0, 0, 0, 0, 0, 0, 0, 0, 0, 0, 0, 0, 0, 0, 0, 0, 0, 0, 0, 0, 0, 0, 0, 0, 0, 0, 0, 0, 0, 0, 0, 0, 0, 0, 0, 0, 0, 0, 0, 0, 0, 0, 0, 0, 0, 0, 0, 0, 0, 0, 0, 0, 0, 0, 0, 0, 0, 0, 0, 0, 0, 0, 0, 0, 0, 0, 0, 0, 0, 0, 0, 0, 0, 0, 0, 0, 0, 0, 0, 0, 0, 0, 0, 0, 0, 0, 0, 0, 0, 0, 0, 0, 0, 0, 0, 0, 0, 0, 0, 0, 0, 0, 0, 0, 0, 0, 0, 0, 0, 0, 0, 0, 0, 0, 0, 0, 0, 0, 0, 0, 0, 0, 0, 0, 0, 0, 0, 0, 0, 0, 0, 0)
p_seq: 0.9711646393507506
DeltaW_total: -0.8254703559926213
DeltaQ_total: -4.164499868344711e-06
dW per increment:
[ 1.573221825758e-03,  3.134225698634e-03,  1.495191472248e-03,
 -1.818410173470e-03, -3.643019679057e-03, -2.283259703793e-03,
  8.314121654003e-04,  2.560741646251e-03,  1.138127896114e-03,
 -2.107932878062e-03, -4.075018812387e-03, -2.935493525278e-03,
  8.680979657250e-05,  1.941298909479e-03,  7.505793541434e-04,
 -2.367704122973e-03, -4.427071274868e-03, -3.511588823436e-03,
 -6.325205688213e-04,  1.298855175149e-03,  3.396538452147e-04,
 -2.603516238699e-03, -4.703663861903e-03, -4.002026710845e-03,
 -1.303484448567e-03,  6.567724896147e-04, -8.510182655641e-05,
 -2.821587458538e-03, -4.914835379770e-03, -4.405884661647e-03,
 -1.910183305348e-03,  3.565060464972e-05, -5.132371009751e-04,
 -3.027298470332e-03, -5.073339001779e-03, -4.728865907634e-03,
 -2.444275699512e-03, -5.486423046008e-04, -9.348428529350e-04,
 -3.224521673861e-03, -5.192133571619e-03, -4.980712787173e-03,
 -2.903939336665e-03, -1.085625631404e-03, -1.341595073573e-03,
 -3.415530324414e-03, -5.282703324543e-03, -5.172819604123e-03,
 -3.292147499682e-03, -1.569847932078e-03, -1.727294307221e-03,
 -3.601287952193e-03, -5.354258896261e-03, -5.316473076707e-03,
 -3.614869638918e-03, -1.999957734029e-03, -2.087961498690e-03,
 -3.781885391360e-03, -5.413607311841e-03, -5.421796081443e-03,
 -3.879557404957e-03, -2.377593005731e-03, -2.421629721690e-03,
 -3.956956462901e-03, -5.465411011832e-03, -5.497269492576e-03,
 -4.094047385047e-03, -2.706343493434e-03, -2.727977972208e-03,
 -4.125989748825e-03, -5.512605403135e-03, -5.549645193128e-03,
 -4.265865411639e-03, -2.990908361619e-03, -3.007920527587e-03,
 -4.288519595002e-03, -5.556829053388e-03, -5.584081868419e-03,
 -4.401851463516e-03, -3.236478843183e-03, -3.263222340834e-03,
 -4.444214393502e-03, -5.598794481354e-03, -5.604382314079e-03,
 -4.508010920821e-03, -3.448324470437e-03, -3.496174112369e-03,
 -4.592891503647e-03, -5.638576436994e-03, -5.613257632877e-03,
 -4.589510306330e-03, -3.631540842013e-03, -3.709335560494e-03,
 -4.734486591206e-03, -5.675821051454e-03, -5.612579000513e-03,
 -4.650756018300e-03, -3.790914109564e-03, -3.905341228638e-03,
 -4.868998771144e-03, -5.709890569744e-03, -5.603600587765e-03,
 -4.695514006782e-03, -3.930862912689e-03, -4.086756904949e-03,
 -4.996426192346e-03, -5.739961228311e-03, -5.587150343032e-03,
 -4.727043558887e-03, -4.055426609789e-03, -4.255973341516e-03,
 -5.116701422967e-03, -5.765090719279e-03, -5.563791824187e-03,
 -4.748228901320e-03, -4.168276489178e-03, -4.415125183618e-03,
 -5.229632570476e-03, -5.784269144659e-03, -5.533962658291e-03,
 -4.761698933649e-03, -4.272733115865e-03, -4.566025450544e-03,
 -5.334854257718e-03, -5.796464622374e-03, -5.498095219046e-03,
 -4.769929084116e-03, -4.371777939717e-03, -4.710108795635e-03,
 -5.431791959246e-03, -5.800672190635e-03, -5.456723787063e-03,
 -4.775320974506e-03, -4.468051045418e-03, -4.848379782789e-03,
 -5.519643341266e-03, -5.795972387943e-03, -5.410580380357e-03,
 -4.780256060492e-03, -4.563829901620e-03, -4.981365435036e-03,
 -5.597380761653e-03, -5.781603688753e-03, -5.360678932234e-03,
 -4.787119299504e-03, -4.660986609068e-03, -5.109074308084e-03,
 -5.663779606643e-03, -5.757050613887e-03, -5.308384749725e-03,
 -4.798288702908e-03, -4.760923850927e-03, -5.230967275576e-03,
 -5.717477317724e-03, -5.722146574740e-03, -5.255463397646e-03,
 -4.816086816568e-03, -4.864492816061e-03, -5.345947962631e-03,
 -5.757067431755e-03, -5.677187184443e-03, -5.204100564750e-03,
 -4.842691174211e-03, -4.971899973988e-03, -5.452383086560e-03,
 -5.781231350383e-03, -5.623045821803e-03, -5.156882441717e-03,
 -4.880002986489e-03, -5.082613741926e-03, -5.548164465772e-03,
 -5.788907525879e-03, -5.561278786864e-03, -5.116725168225e-03,
 -4.929477097964e-03, -5.195286585103e-03, -5.630824596562e-03,
 -5.779493037682e-03, -5.494202800431e-03, -5.086742614139e-03,
 -4.991921764532e-03, -5.307712445877e-03, -5.697715810978e-03,
 -5.753066063175e-03, -5.424923524483e-03, -5.070044845191e-03,
 -5.067284018143e-03, -5.416842794922e-03, -5.746258424669e-03,
 -5.710609744664e-03, -5.357291195278e-03, -5.069465751415e-03,
 -5.154444859926e-03, -5.518885912881e-03, -5.774255378167e-03,
 -5.654209111349e-03, -5.295759633523e-03, -5.087227936578e-03,
 -5.251057296700e-03, -5.609511857628e-03]
dQ per increment:
[-2.303445896935e-07, -3.737145369089e-07, -2.283549950933e-07,
  6.305170112452e-08,  2.150937552111e-07,  7.990028732391e-08,
 -2.084242085049e-07, -3.664773042503e-07, -2.399387621110e-07,
  4.614098047476e-08,  2.117009113476e-07,  9.689510160199e-08,
 -1.826187498049e-07, -3.513829642211e-07, -2.450291769021e-07,
  3.033546556530e-08,  2.049763585094e-07,  1.110117306756e-07,
 -1.550299757133e-07, -3.301427211931e-07, -2.439696191038e-07,
  1.639555426841e-08,  1.954990783409e-07,  1.214994547454e-07,
 -1.276947290724e-07, -3.048688196460e-07, -2.376692300205e-07,
  4.792022993260e-09,  1.840388794716e-07,  1.280942077677e-07,
 -1.022653350084e-07, -2.776644927207e-07, -2.273371804587e-07,
 -4.279821998535e-09,  1.714289219086e-07,  1.309683700288e-07,
 -7.985172656823e-08, -2.503246558142e-07, -2.142349204326e-07,
 -1.084738411247e-08,  1.584479067014e-07,  1.306002499210e-07,
 -6.101955821701e-08, -2.241889704440e-07, -1.995010053563e-07,
 -1.509354093793e-08,  1.457387308226e-07,  1.276224479096e-07,
 -4.588924855950e-08, -2.001249774365e-07, -1.840592551367e-07,
 -1.729187853322e-08,  1.337709228935e-07,  1.226934771294e-07,
 -3.427311845569e-08, -1.785916474636e-07, -1.685938165394e-07,
 -1.775376124932e-08,  1.228404726272e-07,  1.164114519568e-07,
 -2.580565765589e-08, -1.597360211165e-07, -1.535663948131e-07,
 -1.679050413463e-08,  1.130923751921e-07,  1.092694205751e-07,
 -2.004501912893e-08, -1.434900750025e-07, -1.392533613949e-07,
 -1.469007675226e-08,  1.045533624044e-07,  1.016422897255e-07,
 -1.654100056014e-08, -1.296522185693e-07, -1.257883024876e-07,
 -1.170519751091e-08,  9.716509228631e-08,  9.379361490171e-08,
 -1.487427096812e-08, -1.179478545097e-07, -1.132015734467e-07,
 -8.050420379803e-09,  9.081268954100e-08,  8.589211769735e-08,
 -1.467435067383e-08, -1.080710673802e-07, -1.014535110436e-07,
 -3.904481047506e-09,  8.534696245392e-08,  7.803175067342e-08,
 -1.562353778208e-08, -9.971068657940e-08, -9.046070717413e-08,
  5.839268157545e-10,  8.060031384417e-08,  7.025135185992e-08,
 -1.745300054696e-08, -9.256527907370e-08, -8.011598286953e-08,
  5.288956048295e-09,  7.639736736547e-08,  6.255220588594e-08,
 -1.993441190199e-08, -8.635090077182e-08, -7.030356236320e-08,
  1.009977830708e-08,  7.256191040736e-08,  5.491314227597e-08,
 -2.287032066462e-08, -8.080429543707e-08, -6.091042770683e-08,
  1.491329992831e-08,  6.892140295544e-08,  4.730323838794e-08,
 -2.608426303207e-08, -7.568391480108e-08, -5.183528438337e-08,
  1.962741622615e-08,  6.531012132754e-08,  3.969257071895e-08,
 -2.941203097436e-08, -7.077007619684e-08, -4.299583785967e-08,
  2.413564253317e-08,  6.157211036167e-08,  3.206142777266e-08,
 -3.269431946441e-08, -6.586573788464e-08, -3.433505970686e-08,
  2.832297230429e-08,  5.756455508273e-08,  2.440847425957e-08,
 -3.577138624894e-08, -6.079799217806e-08, -2.582672045150e-08,
  3.206356326019e-08,  5.316200673948e-08,  1.675781689152e-08,
 -3.847984314433e-08, -5.542129094191e-08, -1.748021510872e-08,
  3.522051618497e-08,  4.826194963982e-08,  9.164972301478e-09,
 -4.065215378820e-08, -4.962225960171e-08, -9.344628259557e-09,
  3.764813782167e-08,  4.279176034263e-08,  1.721530753888e-09,
 -4.211903883306e-08, -4.332600521666e-08, -1.511265309076e-09,
  3.919698187815e-08,  3.671681065437e-08, -5.442147849553e-09,
 -4.271509123407e-08, -3.650385619995e-08,  5.885719669453e-09,
  3.972202878167e-08,  3.004932807617e-08, -1.215687048771e-08,
 -4.228784965515e-08, -2.918145639713e-08,  1.267170678804e-08,
  3.909421967489e-08,  2.285718243237e-08, -1.821821416469e-08,
 -4.071024553055e-08, -2.144663815637e-08,  1.863781259534e-08,
  3.721494434665e-08,  1.527154354364e-08, -2.339443457618e-08,
 -3.789598118555e-08, -1.345526241120e-08,  2.355192775961e-08,
  3.403317385721e-08,  7.491500678483e-09, -2.743986154442e-08,
 -3.381709327410e-08, -5.433546619582e-09,  2.717534480431e-08,
  2.956380423108e-08, -2.156552861635e-10, -3.011402925635e-08,
 -2.852204394194e-08,  2.325176557370e-09,  2.928503450416e-08,
  2.390557781243e-08, -7.521049739598e-09, -3.120651519140e-08,
 -2.215213877783e-08,  9.471303023117e-09,  2.970128797335e-08,
  1.725574105653e-08, -1.404927362381e-08, -3.056650947370e-08,
 -1.495334088931e-08,  1.561900356273e-08]

EXP trajectory 18
outcomes: (0, 0, 0, 0, 0, 0, 0, 0, 0, 0, 0, 0, 0, 0, 0, 0, 0, 0, 0, 0, 0, 0, 0, 0, 0, 0, 0, 0, 0, 0, 0, 0, 0, 0, 0, 0, 0, 0, 0, 0, 0, 0, 0, 0, 0, 0, 0, 0, 0, 0, 0, 0, 0, 0, 0, 0, 0, 0, 0, 0, 0, 0, 0, 0, 0, 0, 0, 0, 0, 0, 0, 0, 0, 0, 0, 0, 0, 0, 0, 0, 0, 0, 0, 0, 0, 0, 0, 0, 0, 0, 0, 0, 0, 0, 0, 0, 0, 0, 0, 0, 0, 0, 0, 0, 0, 0, 0, 0, 0, 0, 0, 0, 0, 0, 0, 0, 0, 0, 0, 0, 0, 0, 0, 0, 0, 0, 0, 0, 0, 0, 0, 0, 0, 0, 0, 0, 0, 0, 0, 0, 0, 0, 0, 0, 0, 0, 0, 0, 0, 0, 0, 0, 0, 0, 0, 0, 0, 0, 0, 0, 0, 0, 0, 0, 0, 0, 0, 0, 0, 0, 0, 0, 0, 0, 0, 0, 0, 0, 0, 0, 0, 0, 0, 0, 0, 0, 0, 0, 0, 0, 0, 0, 0, 0, 0, 0, 0, 0, 0, 0, 0)
p_seq: 0.9922287100657725
DeltaW_total: 0.5301603849893777
DeltaQ_total: -7.719151607382571e-07
dW per increment:
[ 3.471592021139e-03,  3.489908428906e-03,  3.499542792703e-03,
  3.497028079165e-03,  3.482376576295e-03,  3.459130024005e-03,
  3.433383333258e-03,  3.412051153308e-03,  3.400870158988e-03,
  3.402713397428e-03,  3.416710422060e-03,  3.438440127699e-03,
  3.461156066964e-03,  3.477704457890e-03,  3.482589830842e-03,
  3.473592845747e-03,  3.452465789282e-03,  3.424490918368e-03,
  3.397012033791e-03,  3.377347524109e-03,  3.370677421085e-03,
  3.378513174559e-03,  3.398199992864e-03,  3.423611057194e-03,
  3.446852446881e-03,  3.460504343055e-03,  3.459762855192e-03,
  3.443865714532e-03,  3.416381169661e-03,  3.384258974910e-03,
  3.355895587678e-03,  3.338751958154e-03,  3.337198766859e-03,
  3.351209489162e-03,  3.376289061208e-03,  3.404679028904e-03,
  3.427516203855e-03,  3.437344543505e-03,  3.430269528167e-03,
  3.407134656928e-03,  3.373368109511e-03,  3.337520432696e-03,
  3.308886893812e-03,  3.294874975238e-03,  3.298860968572e-03,
  3.319153244814e-03,  3.349376115514e-03,  3.380190563458e-03,
  3.401887676162e-03,  3.407135342613e-03,  3.393102892362e-03,
  3.362350867906e-03,  3.322211620397e-03,  3.282808163888e-03,
  3.254246028792e-03,  3.243755899954e-03,  3.253592696122e-03,
  3.280298007542e-03,  3.315559617075e-03,  3.348456266833e-03,
  3.368481985007e-03,  3.368513748836e-03,  3.346886605744e-03,
  3.307975511301e-03,  3.261091189071e-03,  3.217966880079e-03,
  3.189513415307e-03,  3.182738183902e-03,  3.198694951738e-03,
  3.232059665013e-03,  3.272483945990e-03,  3.307383733533e-03,
  3.325412546804e-03,  3.319662631013e-03,  3.289694066233e-03,
  3.241800872546e-03,  3.187402894879e-03,  3.139972437395e-03,
  3.111321225571e-03,  3.108268423539e-03,  3.130625578207e-03,
  3.171087622738e-03,  3.217101601967e-03,  3.254236837567e-03,
  3.270153219708e-03,  3.258079009022e-03,  3.218822165143e-03,
  3.160724633602e-03,  3.097526103314e-03,  3.044681909479e-03,
  3.015119583406e-03,  3.015595627069e-03,  3.044674015911e-03,
  3.092922697300e-03,  3.145325235042e-03,  3.185293245780e-03,
  3.199209648496e-03,  3.180261868129e-03,  3.130491228227e-03,
  3.060451242069e-03,  2.986511653903e-03,  2.926493760558e-03,
  2.894797634664e-03,  2.898349028616e-03,  2.934500145301e-03,
  2.991509053373e-03,  3.051529780597e-03,  3.095354689673e-03,
  3.107651809330e-03,  3.081273406748e-03,  3.019431538554e-03,
  2.935090631766e-03,  2.847672669210e-03,  2.777908084836e-03,
  2.742193359676e-03,  2.747985388865e-03,  2.791518166976e-03,
  2.858525885362e-03,  2.927853454429e-03,  2.977044695097e-03,
  2.988435731169e-03,  2.954105340171e-03,  2.878302659440e-03,
  2.776623704852e-03,  2.672074159671e-03,  2.589006798452e-03,
  2.546526078143e-03,  2.553139435749e-03,  2.604143225854e-03,
  2.682527892720e-03,  2.763252167938e-03,  2.819817430039e-03,
  2.831420422943e-03,  2.788759249169e-03,  2.696880788532e-03,
  2.574216128261e-03,  2.447960511557e-03,  2.346948888391e-03,
  2.293887735815e-03,  2.299028805124e-03,  2.357037084202e-03,
  2.447988826900e-03,  2.542343890347e-03,  2.608657615212e-03,
  2.622023091986e-03,  2.570982335142e-03,  2.460996823311e-03,
  2.313445207076e-03,  2.160295862955e-03,  2.035773856782e-03,
  1.967189110980e-03,  1.967377690381e-03,  2.030839102211e-03,
  2.134711463212e-03,  2.244452053180e-03,  2.322818203632e-03,
  2.339816139038e-03,  2.280962674844e-03,  2.151589596803e-03,
  1.975927794776e-03,  1.791082260642e-03,  1.637388648561e-03,
  1.547655126121e-03,  1.538156981326e-03,  1.603851242365e-03,
  1.719203159876e-03,  1.844539149339e-03,  1.936350438971e-03,
  1.958870131821e-03,  1.893840379415e-03,  1.745802062390e-03,
  1.541383878163e-03,  1.322648938199e-03,  1.136157894393e-03,
  1.020596391918e-03,  9.962611938334e-04,  1.059267056423e-03,
  1.182123606188e-03,  1.320649646217e-03,  1.425486451986e-03,
  1.455202128376e-03,  1.387497275168e-03,  1.225472717563e-03,
  9.971977101273e-04,  7.485906989935e-04,  5.314232441034e-04,
  3.895953828525e-04,  3.473390862094e-04,  4.025362268560e-04,
  5.270024193518e-04,  6.737378879755e-04,  7.892749176577e-04,
  8.278638852808e-04,  7.637162381879e-04,  5.980127755283e-04,
  3.587656806161e-04,  9.352727539280e-05, -1.431430554426e-04,
 -3.041275490840e-04, -3.622613342138e-04]
dQ per increment:
[-4.162499281889e-10, -8.896106024146e-10, -1.150365450901e-09,
 -1.119499371026e-09, -8.017114363872e-10, -2.854011209221e-10,
  2.817411198005e-10,  7.346852466672e-10,  9.387861848575e-10,
  8.293747238465e-10,  4.317194960898e-10, -1.448441436236e-10,
 -7.371924537827e-10, -1.174808945655e-09, -1.329034235095e-09,
 -1.151043532190e-09, -6.872767344384e-10, -6.770972259436e-11,
  5.302931824127e-10,  9.324338183080e-10,  1.017739948740e-09,
  7.544377596605e-10,  2.106795235230e-10, -4.633608275718e-10,
 -1.077278702008e-09, -1.454444851882e-09, -1.483146725226e-09,
 -1.149750651023e-09, -5.444651461455e-10,  1.627159518236e-10,
  7.692836975076e-10,  1.097732246682e-09,  1.046806066742e-09,
  6.219700737515e-10, -6.424148084154e-11, -8.223532087497e-10,
 -1.438696809472e-09, -1.736003174763e-09, -1.624659441484e-09,
 -1.129985244047e-09, -3.872032243446e-10,  3.949908562121e-10,
  9.924150062932e-10,  1.228965977379e-09,  1.027606012869e-09,
  4.342072565215e-10, -3.930365965413e-10, -1.226302503987e-09,
 -1.831469573221e-09, -2.034275635963e-09, -1.771094322090e-09,
 -1.109046903792e-09, -2.297496703519e-10,  6.197848268679e-10,
  1.195609350781e-09,  1.325903041874e-09,  9.609855062317e-10,
  1.898597915169e-10, -7.819716846703e-10, -1.687972207755e-09,
 -2.274458441357e-09, -2.372298596822e-09, -1.946316578391e-09,
 -1.108130204134e-09, -8.788011963100e-11,  8.278031121906e-10,
  1.375126465605e-09,  1.387593028218e-09,  8.449351906071e-10,
 -1.179749739739e-10, -1.245528577086e-09, -2.230182377639e-09,
 -2.797417589890e-09, -2.783264836811e-09, -2.182712286630e-09,
 -1.154690626643e-09,  1.848150256965e-11,  1.007075776070e-09,
  1.524811284832e-09,  1.409685400963e-09,  6.720105674186e-10,
 -5.043356700145e-10, -1.809080356005e-09, -2.888766425070e-09,
 -3.444073949535e-09, -3.314266422069e-09, -2.525231771627e-09,
 -1.286807543984e-09,  6.091396397706e-11,  1.138674581274e-09,
  1.632213696449e-09,  1.380856694505e-09,  4.259249140447e-10,
 -9.957806811111e-10, -2.512438025530e-09, -3.716654182117e-09,
 -4.277095541237e-09, -4.031890774589e-09, -3.037739189859e-09,
 -1.559839068023e-09, -4.252590684109e-12,  1.190366060279e-09,
  1.672683262624e-09,  1.277688897608e-09,  7.696324361237e-11,
 -1.634709982288e-09, -3.414479586117e-09, -4.789137933664e-09,
 -5.384251458313e-09, -5.029593117207e-09, -3.811371310355e-09,
 -2.055589063115e-09, -2.452423984375e-10,  1.107648860436e-09,
  1.601447945608e-09,  1.057747350862e-09, -4.235767115746e-10,
 -2.484049972011e-09, -4.597305546666e-09, -6.208251334891e-09,
 -6.883759853696e-09, -6.434333082561e-09, -4.972713608454e-09,
 -2.891642708429e-09, -7.648842309852e-10,  8.039711157557e-10,
  1.344938719585e-09,  6.533288375360e-10, -1.146929996289e-09,
 -3.627707477732e-09, -6.164185111890e-09, -8.099032094175e-09,
 -8.920022792343e-09, -8.403247392201e-09, -6.682242508838e-09,
 -4.222090052846e-09, -1.702953441999e-09,  1.580449441566e-10,
  7.999735234594e-10, -2.541834012151e-11, -2.177528917650e-09,
 -5.153715727075e-09, -8.214815033292e-09, -1.057815380239e-08,
 -1.162794102119e-08, -1.108636406982e-08, -9.098355708268e-09,
 -6.204550423894e-09, -3.206554669358e-09, -9.581034671690e-10,
 -1.362147177279e-10, -1.053687524819e-09, -3.564473850305e-09,
 -7.090295248710e-09, -1.076435048064e-08, -1.365679795547e-08,
 -1.502321314291e-08, -1.450997250271e-08, -1.225986503723e-08,
 -8.886758989389e-09, -5.322999759505e-09, -2.577055568562e-09,
 -1.464373694244e-09, -2.383343793589e-09, -5.197650157821e-09,
 -9.259487325161e-09, -1.357071213205e-08, -1.704212612827e-08,
 -1.878325633751e-08, -1.834574921275e-08, -1.585348721256e-08,
 -1.198212082093e-08, -7.790004033709e-09, -4.442781968163e-09,
 -2.903410314037e-09, -3.669984503199e-09, -6.633082979418e-09,
 -1.109317028102e-08, -1.593638639276e-08, -1.992480923194e-08,
 -2.202492055533e-08, -2.168710557866e-08, -1.900009278898e-08,
 -1.467697692927e-08, -9.873976274577e-09, -5.887856854034e-09,
 -3.811810043823e-09, -4.241221069929e-09, -7.109023713453e-09,
 -1.169617381929e-08, -1.681661000697e-08, -2.112857068806e-08,
 -2.349046674755e-08, -2.326613114049e-08, -2.049746850095e-08,
 -1.589733521884e-08, -1.066352138058e-08, -6.162604999763e-09,
 -3.567670676247e-09, -3.546470450644e-09]

================================================================================
TRAJECTORY 19
================================================================================

COMP trajectory 19
outcomes: (0, 1, 1, 1, 1, 1, 1, 1, 1, 1, 1, 1, 1, 1, 1, 1, 1, 1, 1, 1, 1, 1, 1, 1, 1, 1, 1, 1, 1, 1, 1, 1, 1, 1, 1, 1, 1, 1, 1, 1, 1, 1, 1, 1, 1, 1, 1, 1, 1, 1, 1, 1, 1, 1, 1, 1, 1, 1, 1, 1, 1, 1, 1, 1, 1, 1, 1, 1, 1, 1, 1, 1, 1, 1, 1, 1, 1, 1, 1, 1, 1, 1, 1, 1, 1, 1, 1, 1, 1, 1, 1, 1, 1, 1, 1, 1, 1, 1, 1, 1, 1, 1, 1, 1, 1, 1, 1, 1, 1, 1, 1, 1, 1, 1, 1, 1, 1, 1, 1, 1, 1, 1, 1, 1, 1, 1, 1, 1, 1, 1, 1, 1, 1, 1, 1, 1, 1, 1, 1, 1, 1, 1, 1, 1, 1, 1, 1, 1, 1, 1, 1, 1, 1, 1, 1, 1, 1, 1, 1, 1, 1, 1, 1, 1, 1, 1, 1, 1, 1, 1, 1, 1, 1, 1, 1, 1, 1, 1, 1, 1, 1, 1, 1, 1, 1, 1, 1, 1, 1, 1, 1, 1, 1, 1, 1, 1, 1, 1, 1, 1, 1)
p_seq: 0.00014208829951032687
DeltaW_total: -0.8271502846538095
DeltaQ_total: -30.460412944824363
dW per increment:
[ 0.001573221826, -0.004288064113, -0.003266349321,  0.000481696234,
  0.003523201827,  0.003068543386, -0.000535200681, -0.004129434728,
 -0.004582877026, -0.00158830734 ,  0.0020844146  ,  0.003085610109,
  0.000478152325, -0.003451907858, -0.005267011513, -0.003451627116,
  0.000264061591,  0.002486421663,  0.001197574982, -0.002473605112,
 -0.005303341732, -0.004866926067, -0.001673863883,  0.001336603536,
  0.001443103466, -0.001454562603, -0.004799584803, -0.005692444927,
 -0.003458594229, -0.000194837213,  0.001142412392, -0.00063722251 ,
 -0.003951239582, -0.005904289905, -0.004867799762, -0.00188010961 ,
  0.000334080033, -0.000199647957, -0.002992333109, -0.005586519939,
 -0.005764023471, -0.003482744491, -0.000852911938, -0.000229777558,
 -0.002146765012, -0.004901646656, -0.006108534048, -0.004801004015,
 -0.002233454888, -0.00072103985 , -0.001589977505, -0.00405213021 ,
 -0.005955403844, -0.005698043631, -0.003604729138, -0.001584955659,
 -0.001425169441, -0.003241578692, -0.005431471873, -0.006117056408,
 -0.004781782792, -0.002674988165, -0.001674417642, -0.002641379897,
 -0.004708000717, -0.00608234307 , -0.00562599271 , -0.003816340378,
 -0.002283160724, -0.002366096916, -0.003968960049, -0.005688354454,
 -0.006063937004, -0.004837230719, -0.003135758012, -0.002459506279,
 -0.003380069827, -0.005079187732, -0.006095253868, -0.005597730663,
 -0.004079404263, -0.002892263742, -0.00306231896 , -0.004421469348,
 -0.00578886077 , -0.006012518255, -0.004953094424, -0.003571309921,
 -0.00307342341 , -0.003874251623, -0.005267920389, -0.006064223159,
 -0.005617562043, -0.004359920393, -0.003400194106, -0.003560328936,
 -0.00468536486 , -0.005804807079, -0.005981439732, -0.005105704875,
 -0.00396369256 , -0.003543861412, -0.004193524518, -0.005343902403,
 -0.006018736413, -0.005672107128, -0.004637203351, -0.003818936622,
 -0.003913081033, -0.004825240017, -0.005773504137, -0.005967522642,
 -0.005274577554, -0.004312359065, -0.003907629575, -0.004394944652,
 -0.005349512273, -0.005965620444, -0.005743845828, -0.004901442073,
 -0.004170009966, -0.004167971843, -0.004885773646, -0.005711354446,
 -0.005958876325, -0.005444172568, -0.004624835754, -0.004200509762,
 -0.004522378393, -0.00530973235 , -0.00590108781 , -0.005815534543,
 -0.005148275417, -0.004475977959, -0.004364388346, -0.004898454236,
 -0.005624510306, -0.005941060394, -0.005601633785, -0.00490982165 ,
 -0.004453392959, -0.004610226696, -0.00524105216 , -0.00581796965 ,
 -0.005870741877, -0.00537372192 , -0.004755684242, -0.004534563214,
 -0.004888197717, -0.005516387882, -0.005900093421, -0.005734021716,
 -0.005172358821, -0.004690636322, -0.004687211924, -0.005158201303,
 -0.005710550967, -0.00589377826 , -0.00557042677 , -0.005020997646,
 -0.00470432595 , -0.00487810419 , -0.005393146828, -0.005824964425,
 -0.005826757647, -0.005410409177, -0.004928302383, -0.004778264245,
 -0.00507867304 , -0.005578713416, -0.005870893217, -0.005725734885,
 -0.005273953602, -0.00489208276 , -0.004891521773, -0.005267713917,
 -0.005711059902, -0.005864396439, -0.005612903856, -0.005171414613,
 -0.004903484177, -0.005024638027, -0.005431858848, -0.005793725149,
 -0.005822435589, -0.005504499907, -0.005105533787, -0.004950604208,
 -0.005161798609, -0.00556465468 , -0.005834579224, -0.005760330031,
 -0.005410799544, -0.005073818462, -0.005021167562, -0.005291627428,
 -0.005664969266, -0.005843306743, -0.005690425862, -0.005336977721]
dQ per increment:
[-3.046041780690e+01,  4.827547025838e-07,  3.852528188309e-07,
  2.545161248554e-08, -2.746805899735e-07, -2.477202329576e-07,
  8.019737181677e-08,  4.141964524210e-07,  4.557433926121e-07,
  1.693011693420e-07, -1.879632205081e-07, -2.981010134755e-07,
 -6.643166196741e-08,  2.963938615800e-07,  4.653940049526e-07,
  2.918646619448e-07, -6.660990716032e-08, -2.904063237568e-07,
 -1.841404258423e-07,  1.517545691024e-07,  4.148596019255e-07,
  3.723065872972e-07,  6.593532600680e-08, -2.297285164798e-07,
 -2.548161168745e-07,  6.310512822797e-09,  3.161397793805e-07,
  3.990761261209e-07,  1.855720637536e-07, -1.310109517120e-07,
 -2.708009955834e-07, -1.160372868313e-07,  1.890255976046e-07,
  3.713714288541e-07,  2.725283330025e-07, -1.497051862337e-08,
 -2.352467220349e-07, -1.979582780892e-07,  5.638805220410e-08,
  2.980930197275e-07,  3.146858532645e-07,  9.657212407229e-08,
 -1.601645971305e-07, -2.310633190851e-07, -6.036137113578e-08,
  1.950780452419e-07,  3.088860366035e-07,  1.848065646606e-07,
 -6.312861095979e-08, -2.162187092490e-07, -1.447816934601e-07,
  8.155398951906e-08,  2.604393089093e-07,  2.368486888436e-07,
  3.643970178250e-08, -1.622471842116e-07, -1.875341799490e-07,
 -2.342267841921e-08,  1.813218954753e-07,  2.472572880824e-07,
  1.207265307112e-07, -8.357311894521e-08, -1.871233714984e-07,
 -1.040347463116e-07,  8.757154011619e-08,  2.182111040064e-07,
  1.763013085681e-07,  2.683906187139e-09, -1.493946190268e-07,
 -1.499727364015e-07, -3.667923235973e-09,  1.585200306710e-07,
  1.959666822023e-07,  7.974386717342e-08, -8.599552916619e-08,
 -1.577172372975e-07, -7.706171858274e-08,  8.169822632211e-08,
  1.795386784863e-07,  1.339572446367e-07, -1.205009296686e-08,
 -1.307264840826e-07, -1.215951502469e-07,  3.378533113864e-09,
  1.334921412837e-07,  1.570011674734e-07,  5.664532464205e-08,
 -7.850498399617e-08, -1.323348582730e-07, -6.157754981265e-08,
  6.950661694469e-08,  1.471578989754e-07,  1.065134547572e-07,
 -1.464908790127e-08, -1.111424378568e-07, -1.018408577261e-07,
  2.089383389393e-09,  1.094260047990e-07,  1.287143701098e-07,
  4.587304544145e-08, -6.614955664046e-08, -1.117640366314e-07,
 -5.437557220461e-08,  5.435934646164e-08,  1.208114890809e-07,
  8.977435242375e-08, -9.989058454094e-09, -9.246295886844e-08,
 -8.863884547617e-08, -4.252975194241e-09,  8.718239491185e-08,
  1.082581858433e-07,  4.297852261234e-08, -5.150671651948e-08,
 -9.503833971582e-08, -5.249169563772e-08,  3.796325610469e-08,
  9.895541166864e-08,  7.993953621104e-08, -1.143312514974e-09,
 -7.478875663127e-08, -7.957687340673e-08, -1.338407566460e-08,
  6.645011485940e-08,  9.269041404900e-08,  4.467440483909e-08,
 -3.567631382418e-08, -8.053053266073e-08, -5.343659025946e-08,
  2.111283979415e-08,  7.970379515068e-08,  7.384366282250e-08,
  9.935242292064e-09, -5.748369347495e-08, -7.233559605122e-08,
 -2.363753504563e-08,  4.654276212091e-08,  7.936225183015e-08,
  4.843512277060e-08, -1.912499266116e-08, -6.652448842270e-08,
 -5.505760174856e-08,  4.326888226186e-09,  6.132537805695e-08,
  6.883065057327e-08,  2.175334193420e-08, -3.982084830195e-08,
 -6.480985526806e-08, -3.351096125679e-08,  2.693902024717e-08,
  6.604814766636e-08,  5.207800743466e-08, -2.315942127743e-09,
 -5.155547555796e-08, -5.535848390716e-08, -1.166894227685e-08,
  4.256961700158e-08,  6.262032755354e-08,  3.278011662848e-08,
 -2.145182069610e-08, -5.520187234577e-08, -4.135992136018e-08,
  7.686794239320e-09,  5.108548606012e-08,  5.350959013731e-08,
  1.383653801300e-08, -3.472377225339e-08, -5.245925142026e-08,
 -2.562222874841e-08,  2.297984366684e-08,  5.334898260916e-08,
  4.117165468796e-08, -2.798473204037e-09, -4.224878363997e-08,
 -4.531399801569e-08, -1.029137018920e-08,  3.364874119616e-08,
  5.074380930899e-08,  2.769798632422e-08, -1.606743025477e-08,
 -4.480934268688e-08, -3.565867577864e-08,  3.217874778270e-09,
  3.986872681560e-08,  4.479920947143e-08,  1.465463520282e-08,
 -2.564011543534e-08, -4.351391010189e-08, -2.507043322855e-08,
  1.415327611880e-08,  4.226818575270e-08,  3.693592292003e-08,
  3.061499195215e-09, -3.170046813765e-08, -3.953894203018e-08,
 -1.472042917075e-08,  2.228624923321e-08,  4.168807259727e-08,
  2.832531848917e-08, -6.542018058352e-09]

EXP trajectory 19
outcomes: (0, 0, 0, 0, 0, 0, 0, 0, 0, 0, 0, 0, 0, 0, 0, 0, 0, 0, 0, 0, 0, 0, 0, 0, 0, 0, 0, 0, 0, 0, 0, 0, 0, 0, 0, 0, 0, 0, 0, 0, 0, 0, 0, 0, 0, 0, 0, 0, 0, 0, 0, 0, 0, 0, 0, 0, 0, 0, 0, 0, 0, 0, 0, 0, 0, 0, 0, 0, 0, 0, 0, 0, 0, 0, 0, 0, 0, 0, 0, 0, 0, 0, 0, 0, 0, 0, 0, 0, 0, 0, 0, 0, 0, 0, 0, 0, 0, 0, 0, 0, 0, 0, 0, 0, 0, 0, 0, 0, 0, 0, 0, 0, 0, 0, 0, 0, 0, 0, 0, 0, 0, 0, 0, 0, 0, 0, 0, 0, 0, 0, 0, 0, 0, 0, 0, 0, 0, 0, 0, 0, 0, 0, 0, 0, 0, 0, 0, 0, 0, 0, 0, 0, 0, 0, 0, 0, 0, 0, 0, 0, 0, 0, 0, 0, 0, 0, 0, 0, 0, 0, 0, 0, 0, 0, 0, 0, 0, 0, 0, 0, 0, 0, 0, 0, 0, 0, 0, 0, 0, 0, 0, 0, 0, 0, 0, 0, 0, 0, 0, 0, 0)
p_seq: 0.9922287100657725
DeltaW_total: 0.5301603849893777
DeltaQ_total: -7.719151607382571e-07
dW per increment:
[ 3.471592021139e-03,  3.489908428906e-03,  3.499542792703e-03,
  3.497028079165e-03,  3.482376576295e-03,  3.459130024005e-03,
  3.433383333258e-03,  3.412051153308e-03,  3.400870158988e-03,
  3.402713397428e-03,  3.416710422060e-03,  3.438440127699e-03,
  3.461156066964e-03,  3.477704457890e-03,  3.482589830842e-03,
  3.473592845747e-03,  3.452465789282e-03,  3.424490918368e-03,
  3.397012033791e-03,  3.377347524109e-03,  3.370677421085e-03,
  3.378513174559e-03,  3.398199992864e-03,  3.423611057194e-03,
  3.446852446881e-03,  3.460504343055e-03,  3.459762855192e-03,
  3.443865714532e-03,  3.416381169661e-03,  3.384258974910e-03,
  3.355895587678e-03,  3.338751958154e-03,  3.337198766859e-03,
  3.351209489162e-03,  3.376289061208e-03,  3.404679028904e-03,
  3.427516203855e-03,  3.437344543505e-03,  3.430269528167e-03,
  3.407134656928e-03,  3.373368109511e-03,  3.337520432696e-03,
  3.308886893812e-03,  3.294874975238e-03,  3.298860968572e-03,
  3.319153244814e-03,  3.349376115514e-03,  3.380190563458e-03,
  3.401887676162e-03,  3.407135342613e-03,  3.393102892362e-03,
  3.362350867906e-03,  3.322211620397e-03,  3.282808163888e-03,
  3.254246028792e-03,  3.243755899954e-03,  3.253592696122e-03,
  3.280298007542e-03,  3.315559617075e-03,  3.348456266833e-03,
  3.368481985007e-03,  3.368513748836e-03,  3.346886605744e-03,
  3.307975511301e-03,  3.261091189071e-03,  3.217966880079e-03,
  3.189513415307e-03,  3.182738183902e-03,  3.198694951738e-03,
  3.232059665013e-03,  3.272483945990e-03,  3.307383733533e-03,
  3.325412546804e-03,  3.319662631013e-03,  3.289694066233e-03,
  3.241800872546e-03,  3.187402894879e-03,  3.139972437395e-03,
  3.111321225571e-03,  3.108268423539e-03,  3.130625578207e-03,
  3.171087622738e-03,  3.217101601967e-03,  3.254236837567e-03,
  3.270153219708e-03,  3.258079009022e-03,  3.218822165143e-03,
  3.160724633602e-03,  3.097526103314e-03,  3.044681909479e-03,
  3.015119583406e-03,  3.015595627069e-03,  3.044674015911e-03,
  3.092922697300e-03,  3.145325235042e-03,  3.185293245780e-03,
  3.199209648496e-03,  3.180261868129e-03,  3.130491228227e-03,
  3.060451242069e-03,  2.986511653903e-03,  2.926493760558e-03,
  2.894797634664e-03,  2.898349028616e-03,  2.934500145301e-03,
  2.991509053373e-03,  3.051529780597e-03,  3.095354689673e-03,
  3.107651809330e-03,  3.081273406748e-03,  3.019431538554e-03,
  2.935090631766e-03,  2.847672669210e-03,  2.777908084836e-03,
  2.742193359676e-03,  2.747985388865e-03,  2.791518166976e-03,
  2.858525885362e-03,  2.927853454429e-03,  2.977044695097e-03,
  2.988435731169e-03,  2.954105340171e-03,  2.878302659440e-03,
  2.776623704852e-03,  2.672074159671e-03,  2.589006798452e-03,
  2.546526078143e-03,  2.553139435749e-03,  2.604143225854e-03,
  2.682527892720e-03,  2.763252167938e-03,  2.819817430039e-03,
  2.831420422943e-03,  2.788759249169e-03,  2.696880788532e-03,
  2.574216128261e-03,  2.447960511557e-03,  2.346948888391e-03,
  2.293887735815e-03,  2.299028805124e-03,  2.357037084202e-03,
  2.447988826900e-03,  2.542343890347e-03,  2.608657615212e-03,
  2.622023091986e-03,  2.570982335142e-03,  2.460996823311e-03,
  2.313445207076e-03,  2.160295862955e-03,  2.035773856782e-03,
  1.967189110980e-03,  1.967377690381e-03,  2.030839102211e-03,
  2.134711463212e-03,  2.244452053180e-03,  2.322818203632e-03,
  2.339816139038e-03,  2.280962674844e-03,  2.151589596803e-03,
  1.975927794776e-03,  1.791082260642e-03,  1.637388648561e-03,
  1.547655126121e-03,  1.538156981326e-03,  1.603851242365e-03,
  1.719203159876e-03,  1.844539149339e-03,  1.936350438971e-03,
  1.958870131821e-03,  1.893840379415e-03,  1.745802062390e-03,
  1.541383878163e-03,  1.322648938199e-03,  1.136157894393e-03,
  1.020596391918e-03,  9.962611938334e-04,  1.059267056423e-03,
  1.182123606188e-03,  1.320649646217e-03,  1.425486451986e-03,
  1.455202128376e-03,  1.387497275168e-03,  1.225472717563e-03,
  9.971977101273e-04,  7.485906989935e-04,  5.314232441034e-04,
  3.895953828525e-04,  3.473390862094e-04,  4.025362268560e-04,
  5.270024193518e-04,  6.737378879755e-04,  7.892749176577e-04,
  8.278638852808e-04,  7.637162381879e-04,  5.980127755283e-04,
  3.587656806161e-04,  9.352727539280e-05, -1.431430554426e-04,
 -3.041275490840e-04, -3.622613342138e-04]
dQ per increment:
[-4.162499281889e-10, -8.896106024146e-10, -1.150365450901e-09,
 -1.119499371026e-09, -8.017114363872e-10, -2.854011209221e-10,
  2.817411198005e-10,  7.346852466672e-10,  9.387861848575e-10,
  8.293747238465e-10,  4.317194960898e-10, -1.448441436236e-10,
 -7.371924537827e-10, -1.174808945655e-09, -1.329034235095e-09,
 -1.151043532190e-09, -6.872767344384e-10, -6.770972259436e-11,
  5.302931824127e-10,  9.324338183080e-10,  1.017739948740e-09,
  7.544377596605e-10,  2.106795235230e-10, -4.633608275718e-10,
 -1.077278702008e-09, -1.454444851882e-09, -1.483146725226e-09,
 -1.149750651023e-09, -5.444651461455e-10,  1.627159518236e-10,
  7.692836975076e-10,  1.097732246682e-09,  1.046806066742e-09,
  6.219700737515e-10, -6.424148084154e-11, -8.223532087497e-10,
 -1.438696809472e-09, -1.736003174763e-09, -1.624659441484e-09,
 -1.129985244047e-09, -3.872032243446e-10,  3.949908562121e-10,
  9.924150062932e-10,  1.228965977379e-09,  1.027606012869e-09,
  4.342072565215e-10, -3.930365965413e-10, -1.226302503987e-09,
 -1.831469573221e-09, -2.034275635963e-09, -1.771094322090e-09,
 -1.109046903792e-09, -2.297496703519e-10,  6.197848268679e-10,
  1.195609350781e-09,  1.325903041874e-09,  9.609855062317e-10,
  1.898597915169e-10, -7.819716846703e-10, -1.687972207755e-09,
 -2.274458441357e-09, -2.372298596822e-09, -1.946316578391e-09,
 -1.108130204134e-09, -8.788011963100e-11,  8.278031121906e-10,
  1.375126465605e-09,  1.387593028218e-09,  8.449351906071e-10,
 -1.179749739739e-10, -1.245528577086e-09, -2.230182377639e-09,
 -2.797417589890e-09, -2.783264836811e-09, -2.182712286630e-09,
 -1.154690626643e-09,  1.848150256965e-11,  1.007075776070e-09,
  1.524811284832e-09,  1.409685400963e-09,  6.720105674186e-10,
 -5.043356700145e-10, -1.809080356005e-09, -2.888766425070e-09,
 -3.444073949535e-09, -3.314266422069e-09, -2.525231771627e-09,
 -1.286807543984e-09,  6.091396397706e-11,  1.138674581274e-09,
  1.632213696449e-09,  1.380856694505e-09,  4.259249140447e-10,
 -9.957806811111e-10, -2.512438025530e-09, -3.716654182117e-09,
 -4.277095541237e-09, -4.031890774589e-09, -3.037739189859e-09,
 -1.559839068023e-09, -4.252590684109e-12,  1.190366060279e-09,
  1.672683262624e-09,  1.277688897608e-09,  7.696324361237e-11,
 -1.634709982288e-09, -3.414479586117e-09, -4.789137933664e-09,
 -5.384251458313e-09, -5.029593117207e-09, -3.811371310355e-09,
 -2.055589063115e-09, -2.452423984375e-10,  1.107648860436e-09,
  1.601447945608e-09,  1.057747350862e-09, -4.235767115746e-10,
 -2.484049972011e-09, -4.597305546666e-09, -6.208251334891e-09,
 -6.883759853696e-09, -6.434333082561e-09, -4.972713608454e-09,
 -2.891642708429e-09, -7.648842309852e-10,  8.039711157557e-10,
  1.344938719585e-09,  6.533288375360e-10, -1.146929996289e-09,
 -3.627707477732e-09, -6.164185111890e-09, -8.099032094175e-09,
 -8.920022792343e-09, -8.403247392201e-09, -6.682242508838e-09,
 -4.222090052846e-09, -1.702953441999e-09,  1.580449441566e-10,
  7.999735234594e-10, -2.541834012151e-11, -2.177528917650e-09,
 -5.153715727075e-09, -8.214815033292e-09, -1.057815380239e-08,
 -1.162794102119e-08, -1.108636406982e-08, -9.098355708268e-09,
 -6.204550423894e-09, -3.206554669358e-09, -9.581034671690e-10,
 -1.362147177279e-10, -1.053687524819e-09, -3.564473850305e-09,
 -7.090295248710e-09, -1.076435048064e-08, -1.365679795547e-08,
 -1.502321314291e-08, -1.450997250271e-08, -1.225986503723e-08,
 -8.886758989389e-09, -5.322999759505e-09, -2.577055568562e-09,
 -1.464373694244e-09, -2.383343793589e-09, -5.197650157821e-09,
 -9.259487325161e-09, -1.357071213205e-08, -1.704212612827e-08,
 -1.878325633751e-08, -1.834574921275e-08, -1.585348721256e-08,
 -1.198212082093e-08, -7.790004033709e-09, -4.442781968163e-09,
 -2.903410314037e-09, -3.669984503199e-09, -6.633082979418e-09,
 -1.109317028102e-08, -1.593638639276e-08, -1.992480923194e-08,
 -2.202492055533e-08, -2.168710557866e-08, -1.900009278898e-08,
 -1.467697692927e-08, -9.873976274577e-09, -5.887856854034e-09,
 -3.811810043823e-09, -4.241221069929e-09, -7.109023713453e-09,
 -1.169617381929e-08, -1.681661000697e-08, -2.112857068806e-08,
 -2.349046674755e-08, -2.326613114049e-08, -2.049746850095e-08,
 -1.589733521884e-08, -1.066352138058e-08, -6.162604999763e-09,
 -3.567670676247e-09, -3.546470450644e-09]

================================================================================
TRAJECTORY 20
================================================================================

COMP trajectory 20
outcomes: (0, 0, 0, 0, 0, 0, 0, 0, 0, 0, 0, 0, 0, 0, 0, 0, 0, 0, 0, 0, 0, 0, 0, 0, 0, 0, 0, 0, 0, 0, 0, 0, 0, 0, 0, 0, 0, 0, 0, 0, 0, 0, 0, 0, 0, 0, 0, 0, 0, 0, 0, 0, 0, 0, 0, 0, 0, 0, 0, 0, 0, 0, 0, 0, 0, 0, 0, 0, 0, 0, 0, 0, 0, 0, 0, 0, 0, 0, 0, 0, 0, 0, 0, 0, 0, 0, 0, 0, 0, 0, 0, 0, 0, 0, 0, 0, 0, 0, 0, 0, 0, 0, 0, 0, 0, 0, 0, 0, 0, 0, 0, 0, 0, 0, 0, 0, 0, 0, 0, 0, 0, 0, 0, 0, 0, 0, 0, 0, 0, 0, 0, 0, 0, 0, 0, 0, 0, 0, 0, 0, 0, 0, 0, 0, 0, 0, 0, 0, 0, 0, 0, 0, 0, 0, 0, 0, 0, 0, 0, 0, 0, 0, 0, 0, 0, 0, 0, 0, 0, 0, 0, 0, 0, 0, 0, 0, 0, 0, 0, 0, 0, 0, 0, 0, 0, 0, 0, 0, 0, 0, 0, 0, 0, 0, 0, 0, 0, 0, 0, 0, 0)
p_seq: 0.9711646393507506
DeltaW_total: -0.8254703559926213
DeltaQ_total: -4.164499868344711e-06
dW per increment:
[ 1.573221825758e-03,  3.134225698634e-03,  1.495191472248e-03,
 -1.818410173470e-03, -3.643019679057e-03, -2.283259703793e-03,
  8.314121654003e-04,  2.560741646251e-03,  1.138127896114e-03,
 -2.107932878062e-03, -4.075018812387e-03, -2.935493525278e-03,
  8.680979657250e-05,  1.941298909479e-03,  7.505793541434e-04,
 -2.367704122973e-03, -4.427071274868e-03, -3.511588823436e-03,
 -6.325205688213e-04,  1.298855175149e-03,  3.396538452147e-04,
 -2.603516238699e-03, -4.703663861903e-03, -4.002026710845e-03,
 -1.303484448567e-03,  6.567724896147e-04, -8.510182655641e-05,
 -2.821587458538e-03, -4.914835379770e-03, -4.405884661647e-03,
 -1.910183305348e-03,  3.565060464972e-05, -5.132371009751e-04,
 -3.027298470332e-03, -5.073339001779e-03, -4.728865907634e-03,
 -2.444275699512e-03, -5.486423046008e-04, -9.348428529350e-04,
 -3.224521673861e-03, -5.192133571619e-03, -4.980712787173e-03,
 -2.903939336665e-03, -1.085625631404e-03, -1.341595073573e-03,
 -3.415530324414e-03, -5.282703324543e-03, -5.172819604123e-03,
 -3.292147499682e-03, -1.569847932078e-03, -1.727294307221e-03,
 -3.601287952193e-03, -5.354258896261e-03, -5.316473076707e-03,
 -3.614869638918e-03, -1.999957734029e-03, -2.087961498690e-03,
 -3.781885391360e-03, -5.413607311841e-03, -5.421796081443e-03,
 -3.879557404957e-03, -2.377593005731e-03, -2.421629721690e-03,
 -3.956956462901e-03, -5.465411011832e-03, -5.497269492576e-03,
 -4.094047385047e-03, -2.706343493434e-03, -2.727977972208e-03,
 -4.125989748825e-03, -5.512605403135e-03, -5.549645193128e-03,
 -4.265865411639e-03, -2.990908361619e-03, -3.007920527587e-03,
 -4.288519595002e-03, -5.556829053388e-03, -5.584081868419e-03,
 -4.401851463516e-03, -3.236478843183e-03, -3.263222340834e-03,
 -4.444214393502e-03, -5.598794481354e-03, -5.604382314079e-03,
 -4.508010920821e-03, -3.448324470437e-03, -3.496174112369e-03,
 -4.592891503647e-03, -5.638576436994e-03, -5.613257632877e-03,
 -4.589510306330e-03, -3.631540842013e-03, -3.709335560494e-03,
 -4.734486591206e-03, -5.675821051454e-03, -5.612579000513e-03,
 -4.650756018300e-03, -3.790914109564e-03, -3.905341228638e-03,
 -4.868998771144e-03, -5.709890569744e-03, -5.603600587765e-03,
 -4.695514006782e-03, -3.930862912689e-03, -4.086756904949e-03,
 -4.996426192346e-03, -5.739961228311e-03, -5.587150343032e-03,
 -4.727043558887e-03, -4.055426609789e-03, -4.255973341516e-03,
 -5.116701422967e-03, -5.765090719279e-03, -5.563791824187e-03,
 -4.748228901320e-03, -4.168276489178e-03, -4.415125183618e-03,
 -5.229632570476e-03, -5.784269144659e-03, -5.533962658291e-03,
 -4.761698933649e-03, -4.272733115865e-03, -4.566025450544e-03,
 -5.334854257718e-03, -5.796464622374e-03, -5.498095219046e-03,
 -4.769929084116e-03, -4.371777939717e-03, -4.710108795635e-03,
 -5.431791959246e-03, -5.800672190635e-03, -5.456723787063e-03,
 -4.775320974506e-03, -4.468051045418e-03, -4.848379782789e-03,
 -5.519643341266e-03, -5.795972387943e-03, -5.410580380357e-03,
 -4.780256060492e-03, -4.563829901620e-03, -4.981365435036e-03,
 -5.597380761653e-03, -5.781603688753e-03, -5.360678932234e-03,
 -4.787119299504e-03, -4.660986609068e-03, -5.109074308084e-03,
 -5.663779606643e-03, -5.757050613887e-03, -5.308384749725e-03,
 -4.798288702908e-03, -4.760923850927e-03, -5.230967275576e-03,
 -5.717477317724e-03, -5.722146574740e-03, -5.255463397646e-03,
 -4.816086816568e-03, -4.864492816061e-03, -5.345947962631e-03,
 -5.757067431755e-03, -5.677187184443e-03, -5.204100564750e-03,
 -4.842691174211e-03, -4.971899973988e-03, -5.452383086560e-03,
 -5.781231350383e-03, -5.623045821803e-03, -5.156882441717e-03,
 -4.880002986489e-03, -5.082613741926e-03, -5.548164465772e-03,
 -5.788907525879e-03, -5.561278786864e-03, -5.116725168225e-03,
 -4.929477097964e-03, -5.195286585103e-03, -5.630824596562e-03,
 -5.779493037682e-03, -5.494202800431e-03, -5.086742614139e-03,
 -4.991921764532e-03, -5.307712445877e-03, -5.697715810978e-03,
 -5.753066063175e-03, -5.424923524483e-03, -5.070044845191e-03,
 -5.067284018143e-03, -5.416842794922e-03, -5.746258424669e-03,
 -5.710609744664e-03, -5.357291195278e-03, -5.069465751415e-03,
 -5.154444859926e-03, -5.518885912881e-03, -5.774255378167e-03,
 -5.654209111349e-03, -5.295759633523e-03, -5.087227936578e-03,
 -5.251057296700e-03, -5.609511857628e-03]
dQ per increment:
[-2.303445896935e-07, -3.737145369089e-07, -2.283549950933e-07,
  6.305170112452e-08,  2.150937552111e-07,  7.990028732391e-08,
 -2.084242085049e-07, -3.664773042503e-07, -2.399387621110e-07,
  4.614098047476e-08,  2.117009113476e-07,  9.689510160199e-08,
 -1.826187498049e-07, -3.513829642211e-07, -2.450291769021e-07,
  3.033546556530e-08,  2.049763585094e-07,  1.110117306756e-07,
 -1.550299757133e-07, -3.301427211931e-07, -2.439696191038e-07,
  1.639555426841e-08,  1.954990783409e-07,  1.214994547454e-07,
 -1.276947290724e-07, -3.048688196460e-07, -2.376692300205e-07,
  4.792022993260e-09,  1.840388794716e-07,  1.280942077677e-07,
 -1.022653350084e-07, -2.776644927207e-07, -2.273371804587e-07,
 -4.279821998535e-09,  1.714289219086e-07,  1.309683700288e-07,
 -7.985172656823e-08, -2.503246558142e-07, -2.142349204326e-07,
 -1.084738411247e-08,  1.584479067014e-07,  1.306002499210e-07,
 -6.101955821701e-08, -2.241889704440e-07, -1.995010053563e-07,
 -1.509354093793e-08,  1.457387308226e-07,  1.276224479096e-07,
 -4.588924855950e-08, -2.001249774365e-07, -1.840592551367e-07,
 -1.729187853322e-08,  1.337709228935e-07,  1.226934771294e-07,
 -3.427311845569e-08, -1.785916474636e-07, -1.685938165394e-07,
 -1.775376124932e-08,  1.228404726272e-07,  1.164114519568e-07,
 -2.580565765589e-08, -1.597360211165e-07, -1.535663948131e-07,
 -1.679050413463e-08,  1.130923751921e-07,  1.092694205751e-07,
 -2.004501912893e-08, -1.434900750025e-07, -1.392533613949e-07,
 -1.469007675226e-08,  1.045533624044e-07,  1.016422897255e-07,
 -1.654100056014e-08, -1.296522185693e-07, -1.257883024876e-07,
 -1.170519751091e-08,  9.716509228631e-08,  9.379361490171e-08,
 -1.487427096812e-08, -1.179478545097e-07, -1.132015734467e-07,
 -8.050420379803e-09,  9.081268954100e-08,  8.589211769735e-08,
 -1.467435067383e-08, -1.080710673802e-07, -1.014535110436e-07,
 -3.904481047506e-09,  8.534696245392e-08,  7.803175067342e-08,
 -1.562353778208e-08, -9.971068657940e-08, -9.046070717413e-08,
  5.839268157545e-10,  8.060031384417e-08,  7.025135185992e-08,
 -1.745300054696e-08, -9.256527907370e-08, -8.011598286953e-08,
  5.288956048295e-09,  7.639736736547e-08,  6.255220588594e-08,
 -1.993441190199e-08, -8.635090077182e-08, -7.030356236320e-08,
  1.009977830708e-08,  7.256191040736e-08,  5.491314227597e-08,
 -2.287032066462e-08, -8.080429543707e-08, -6.091042770683e-08,
  1.491329992831e-08,  6.892140295544e-08,  4.730323838794e-08,
 -2.608426303207e-08, -7.568391480108e-08, -5.183528438337e-08,
  1.962741622615e-08,  6.531012132754e-08,  3.969257071895e-08,
 -2.941203097436e-08, -7.077007619684e-08, -4.299583785967e-08,
  2.413564253317e-08,  6.157211036167e-08,  3.206142777266e-08,
 -3.269431946441e-08, -6.586573788464e-08, -3.433505970686e-08,
  2.832297230429e-08,  5.756455508273e-08,  2.440847425957e-08,
 -3.577138624894e-08, -6.079799217806e-08, -2.582672045150e-08,
  3.206356326019e-08,  5.316200673948e-08,  1.675781689152e-08,
 -3.847984314433e-08, -5.542129094191e-08, -1.748021510872e-08,
  3.522051618497e-08,  4.826194963982e-08,  9.164972301478e-09,
 -4.065215378820e-08, -4.962225960171e-08, -9.344628259557e-09,
  3.764813782167e-08,  4.279176034263e-08,  1.721530753888e-09,
 -4.211903883306e-08, -4.332600521666e-08, -1.511265309076e-09,
  3.919698187815e-08,  3.671681065437e-08, -5.442147849553e-09,
 -4.271509123407e-08, -3.650385619995e-08,  5.885719669453e-09,
  3.972202878167e-08,  3.004932807617e-08, -1.215687048771e-08,
 -4.228784965515e-08, -2.918145639713e-08,  1.267170678804e-08,
  3.909421967489e-08,  2.285718243237e-08, -1.821821416469e-08,
 -4.071024553055e-08, -2.144663815637e-08,  1.863781259534e-08,
  3.721494434665e-08,  1.527154354364e-08, -2.339443457618e-08,
 -3.789598118555e-08, -1.345526241120e-08,  2.355192775961e-08,
  3.403317385721e-08,  7.491500678483e-09, -2.743986154442e-08,
 -3.381709327410e-08, -5.433546619582e-09,  2.717534480431e-08,
  2.956380423108e-08, -2.156552861635e-10, -3.011402925635e-08,
 -2.852204394194e-08,  2.325176557370e-09,  2.928503450416e-08,
  2.390557781243e-08, -7.521049739598e-09, -3.120651519140e-08,
 -2.215213877783e-08,  9.471303023117e-09,  2.970128797335e-08,
  1.725574105653e-08, -1.404927362381e-08, -3.056650947370e-08,
 -1.495334088931e-08,  1.561900356273e-08]

EXP trajectory 20
outcomes: (0, 0, 0, 0, 0, 0, 0, 0, 0, 0, 0, 0, 0, 0, 0, 0, 0, 0, 0, 0, 0, 0, 0, 0, 0, 0, 0, 0, 0, 0, 0, 0, 0, 0, 0, 0, 0, 0, 0, 0, 0, 0, 0, 0, 0, 0, 0, 0, 0, 0, 0, 0, 0, 0, 0, 0, 0, 0, 0, 0, 0, 0, 0, 0, 0, 0, 0, 0, 0, 0, 0, 0, 0, 0, 0, 0, 0, 0, 0, 0, 0, 0, 0, 0, 0, 0, 0, 0, 0, 0, 0, 0, 0, 0, 0, 0, 0, 0, 0, 0, 0, 0, 0, 0, 0, 0, 0, 0, 0, 0, 0, 0, 0, 0, 0, 0, 0, 0, 0, 0, 0, 0, 0, 0, 0, 0, 0, 0, 0, 0, 0, 0, 0, 0, 0, 0, 0, 0, 0, 0, 0, 0, 0, 0, 0, 0, 0, 0, 0, 0, 0, 0, 0, 0, 0, 0, 0, 0, 0, 0, 0, 0, 0, 0, 0, 0, 0, 0, 0, 0, 0, 0, 0, 0, 0, 0, 0, 0, 0, 0, 0, 0, 0, 0, 0, 0, 0, 0, 0, 0, 0, 0, 0, 0, 0, 0, 0, 0, 0, 0, 0)
p_seq: 0.9922287100657725
DeltaW_total: 0.5301603849893777
DeltaQ_total: -7.719151607382571e-07
dW per increment:
[ 3.471592021139e-03,  3.489908428906e-03,  3.499542792703e-03,
  3.497028079165e-03,  3.482376576295e-03,  3.459130024005e-03,
  3.433383333258e-03,  3.412051153308e-03,  3.400870158988e-03,
  3.402713397428e-03,  3.416710422060e-03,  3.438440127699e-03,
  3.461156066964e-03,  3.477704457890e-03,  3.482589830842e-03,
  3.473592845747e-03,  3.452465789282e-03,  3.424490918368e-03,
  3.397012033791e-03,  3.377347524109e-03,  3.370677421085e-03,
  3.378513174559e-03,  3.398199992864e-03,  3.423611057194e-03,
  3.446852446881e-03,  3.460504343055e-03,  3.459762855192e-03,
  3.443865714532e-03,  3.416381169661e-03,  3.384258974910e-03,
  3.355895587678e-03,  3.338751958154e-03,  3.337198766859e-03,
  3.351209489162e-03,  3.376289061208e-03,  3.404679028904e-03,
  3.427516203855e-03,  3.437344543505e-03,  3.430269528167e-03,
  3.407134656928e-03,  3.373368109511e-03,  3.337520432696e-03,
  3.308886893812e-03,  3.294874975238e-03,  3.298860968572e-03,
  3.319153244814e-03,  3.349376115514e-03,  3.380190563458e-03,
  3.401887676162e-03,  3.407135342613e-03,  3.393102892362e-03,
  3.362350867906e-03,  3.322211620397e-03,  3.282808163888e-03,
  3.254246028792e-03,  3.243755899954e-03,  3.253592696122e-03,
  3.280298007542e-03,  3.315559617075e-03,  3.348456266833e-03,
  3.368481985007e-03,  3.368513748836e-03,  3.346886605744e-03,
  3.307975511301e-03,  3.261091189071e-03,  3.217966880079e-03,
  3.189513415307e-03,  3.182738183902e-03,  3.198694951738e-03,
  3.232059665013e-03,  3.272483945990e-03,  3.307383733533e-03,
  3.325412546804e-03,  3.319662631013e-03,  3.289694066233e-03,
  3.241800872546e-03,  3.187402894879e-03,  3.139972437395e-03,
  3.111321225571e-03,  3.108268423539e-03,  3.130625578207e-03,
  3.171087622738e-03,  3.217101601967e-03,  3.254236837567e-03,
  3.270153219708e-03,  3.258079009022e-03,  3.218822165143e-03,
  3.160724633602e-03,  3.097526103314e-03,  3.044681909479e-03,
  3.015119583406e-03,  3.015595627069e-03,  3.044674015911e-03,
  3.092922697300e-03,  3.145325235042e-03,  3.185293245780e-03,
  3.199209648496e-03,  3.180261868129e-03,  3.130491228227e-03,
  3.060451242069e-03,  2.986511653903e-03,  2.926493760558e-03,
  2.894797634664e-03,  2.898349028616e-03,  2.934500145301e-03,
  2.991509053373e-03,  3.051529780597e-03,  3.095354689673e-03,
  3.107651809330e-03,  3.081273406748e-03,  3.019431538554e-03,
  2.935090631766e-03,  2.847672669210e-03,  2.777908084836e-03,
  2.742193359676e-03,  2.747985388865e-03,  2.791518166976e-03,
  2.858525885362e-03,  2.927853454429e-03,  2.977044695097e-03,
  2.988435731169e-03,  2.954105340171e-03,  2.878302659440e-03,
  2.776623704852e-03,  2.672074159671e-03,  2.589006798452e-03,
  2.546526078143e-03,  2.553139435749e-03,  2.604143225854e-03,
  2.682527892720e-03,  2.763252167938e-03,  2.819817430039e-03,
  2.831420422943e-03,  2.788759249169e-03,  2.696880788532e-03,
  2.574216128261e-03,  2.447960511557e-03,  2.346948888391e-03,
  2.293887735815e-03,  2.299028805124e-03,  2.357037084202e-03,
  2.447988826900e-03,  2.542343890347e-03,  2.608657615212e-03,
  2.622023091986e-03,  2.570982335142e-03,  2.460996823311e-03,
  2.313445207076e-03,  2.160295862955e-03,  2.035773856782e-03,
  1.967189110980e-03,  1.967377690381e-03,  2.030839102211e-03,
  2.134711463212e-03,  2.244452053180e-03,  2.322818203632e-03,
  2.339816139038e-03,  2.280962674844e-03,  2.151589596803e-03,
  1.975927794776e-03,  1.791082260642e-03,  1.637388648561e-03,
  1.547655126121e-03,  1.538156981326e-03,  1.603851242365e-03,
  1.719203159876e-03,  1.844539149339e-03,  1.936350438971e-03,
  1.958870131821e-03,  1.893840379415e-03,  1.745802062390e-03,
  1.541383878163e-03,  1.322648938199e-03,  1.136157894393e-03,
  1.020596391918e-03,  9.962611938334e-04,  1.059267056423e-03,
  1.182123606188e-03,  1.320649646217e-03,  1.425486451986e-03,
  1.455202128376e-03,  1.387497275168e-03,  1.225472717563e-03,
  9.971977101273e-04,  7.485906989935e-04,  5.314232441034e-04,
  3.895953828525e-04,  3.473390862094e-04,  4.025362268560e-04,
  5.270024193518e-04,  6.737378879755e-04,  7.892749176577e-04,
  8.278638852808e-04,  7.637162381879e-04,  5.980127755283e-04,
  3.587656806161e-04,  9.352727539280e-05, -1.431430554426e-04,
 -3.041275490840e-04, -3.622613342138e-04]
dQ per increment:
[-4.162499281889e-10, -8.896106024146e-10, -1.150365450901e-09,
 -1.119499371026e-09, -8.017114363872e-10, -2.854011209221e-10,
  2.817411198005e-10,  7.346852466672e-10,  9.387861848575e-10,
  8.293747238465e-10,  4.317194960898e-10, -1.448441436236e-10,
 -7.371924537827e-10, -1.174808945655e-09, -1.329034235095e-09,
 -1.151043532190e-09, -6.872767344384e-10, -6.770972259436e-11,
  5.302931824127e-10,  9.324338183080e-10,  1.017739948740e-09,
  7.544377596605e-10,  2.106795235230e-10, -4.633608275718e-10,
 -1.077278702008e-09, -1.454444851882e-09, -1.483146725226e-09,
 -1.149750651023e-09, -5.444651461455e-10,  1.627159518236e-10,
  7.692836975076e-10,  1.097732246682e-09,  1.046806066742e-09,
  6.219700737515e-10, -6.424148084154e-11, -8.223532087497e-10,
 -1.438696809472e-09, -1.736003174763e-09, -1.624659441484e-09,
 -1.129985244047e-09, -3.872032243446e-10,  3.949908562121e-10,
  9.924150062932e-10,  1.228965977379e-09,  1.027606012869e-09,
  4.342072565215e-10, -3.930365965413e-10, -1.226302503987e-09,
 -1.831469573221e-09, -2.034275635963e-09, -1.771094322090e-09,
 -1.109046903792e-09, -2.297496703519e-10,  6.197848268679e-10,
  1.195609350781e-09,  1.325903041874e-09,  9.609855062317e-10,
  1.898597915169e-10, -7.819716846703e-10, -1.687972207755e-09,
 -2.274458441357e-09, -2.372298596822e-09, -1.946316578391e-09,
 -1.108130204134e-09, -8.788011963100e-11,  8.278031121906e-10,
  1.375126465605e-09,  1.387593028218e-09,  8.449351906071e-10,
 -1.179749739739e-10, -1.245528577086e-09, -2.230182377639e-09,
 -2.797417589890e-09, -2.783264836811e-09, -2.182712286630e-09,
 -1.154690626643e-09,  1.848150256965e-11,  1.007075776070e-09,
  1.524811284832e-09,  1.409685400963e-09,  6.720105674186e-10,
 -5.043356700145e-10, -1.809080356005e-09, -2.888766425070e-09,
 -3.444073949535e-09, -3.314266422069e-09, -2.525231771627e-09,
 -1.286807543984e-09,  6.091396397706e-11,  1.138674581274e-09,
  1.632213696449e-09,  1.380856694505e-09,  4.259249140447e-10,
 -9.957806811111e-10, -2.512438025530e-09, -3.716654182117e-09,
 -4.277095541237e-09, -4.031890774589e-09, -3.037739189859e-09,
 -1.559839068023e-09, -4.252590684109e-12,  1.190366060279e-09,
  1.672683262624e-09,  1.277688897608e-09,  7.696324361237e-11,
 -1.634709982288e-09, -3.414479586117e-09, -4.789137933664e-09,
 -5.384251458313e-09, -5.029593117207e-09, -3.811371310355e-09,
 -2.055589063115e-09, -2.452423984375e-10,  1.107648860436e-09,
  1.601447945608e-09,  1.057747350862e-09, -4.235767115746e-10,
 -2.484049972011e-09, -4.597305546666e-09, -6.208251334891e-09,
 -6.883759853696e-09, -6.434333082561e-09, -4.972713608454e-09,
 -2.891642708429e-09, -7.648842309852e-10,  8.039711157557e-10,
  1.344938719585e-09,  6.533288375360e-10, -1.146929996289e-09,
 -3.627707477732e-09, -6.164185111890e-09, -8.099032094175e-09,
 -8.920022792343e-09, -8.403247392201e-09, -6.682242508838e-09,
 -4.222090052846e-09, -1.702953441999e-09,  1.580449441566e-10,
  7.999735234594e-10, -2.541834012151e-11, -2.177528917650e-09,
 -5.153715727075e-09, -8.214815033292e-09, -1.057815380239e-08,
 -1.162794102119e-08, -1.108636406982e-08, -9.098355708268e-09,
 -6.204550423894e-09, -3.206554669358e-09, -9.581034671690e-10,
 -1.362147177279e-10, -1.053687524819e-09, -3.564473850305e-09,
 -7.090295248710e-09, -1.076435048064e-08, -1.365679795547e-08,
 -1.502321314291e-08, -1.450997250271e-08, -1.225986503723e-08,
 -8.886758989389e-09, -5.322999759505e-09, -2.577055568562e-09,
 -1.464373694244e-09, -2.383343793589e-09, -5.197650157821e-09,
 -9.259487325161e-09, -1.357071213205e-08, -1.704212612827e-08,
 -1.878325633751e-08, -1.834574921275e-08, -1.585348721256e-08,
 -1.198212082093e-08, -7.790004033709e-09, -4.442781968163e-09,
 -2.903410314037e-09, -3.669984503199e-09, -6.633082979418e-09,
 -1.109317028102e-08, -1.593638639276e-08, -1.992480923194e-08,
 -2.202492055533e-08, -2.168710557866e-08, -1.900009278898e-08,
 -1.467697692927e-08, -9.873976274577e-09, -5.887856854034e-09,
 -3.811810043823e-09, -4.241221069929e-09, -7.109023713453e-09,
 -1.169617381929e-08, -1.681661000697e-08, -2.112857068806e-08,
 -2.349046674755e-08, -2.326613114049e-08, -2.049746850095e-08,
 -1.589733521884e-08, -1.066352138058e-08, -6.162604999763e-09,
 -3.567670676247e-09, -3.546470450644e-09]

================================================================================
TRAJECTORY 21
================================================================================

COMP trajectory 21
outcomes: (0, 0, 0, 0, 0, 0, 0, 0, 0, 0, 0, 0, 0, 0, 0, 0, 0, 0, 0, 0, 0, 0, 0, 0, 0, 0, 0, 0, 0, 0, 0, 0, 0, 0, 0, 0, 0, 0, 0, 0, 0, 0, 0, 0, 0, 0, 0, 0, 0, 0, 0, 0, 0, 0, 0, 0, 0, 0, 0, 0, 0, 0, 0, 0, 0, 0, 0, 0, 0, 0, 0, 0, 0, 0, 0, 0, 0, 0, 0, 0, 0, 0, 0, 0, 0, 0, 0, 0, 0, 0, 0, 0, 0, 0, 0, 0, 0, 0, 0, 0, 0, 0, 0, 0, 0, 0, 0, 0, 0, 0, 0, 0, 0, 0, 0, 0, 0, 0, 0, 0, 0, 0, 0, 0, 0, 0, 0, 0, 0, 0, 0, 0, 0, 0, 0, 0, 0, 0, 0, 0, 0, 0, 0, 0, 0, 0, 0, 0, 0, 0, 0, 0, 0, 0, 0, 0, 0, 0, 0, 0, 0, 0, 0, 0, 0, 0, 0, 0, 0, 0, 0, 0, 0, 0, 0, 0, 0, 0, 0, 0, 0, 0, 0, 0, 0, 0, 0, 0, 0, 0, 0, 0, 0, 0, 0, 0, 0, 0, 0, 0, 0)
p_seq: 0.9711646393507506
DeltaW_total: -0.8254703559926213
DeltaQ_total: -4.164499868344711e-06
dW per increment:
[ 1.573221825758e-03,  3.134225698634e-03,  1.495191472248e-03,
 -1.818410173470e-03, -3.643019679057e-03, -2.283259703793e-03,
  8.314121654003e-04,  2.560741646251e-03,  1.138127896114e-03,
 -2.107932878062e-03, -4.075018812387e-03, -2.935493525278e-03,
  8.680979657250e-05,  1.941298909479e-03,  7.505793541434e-04,
 -2.367704122973e-03, -4.427071274868e-03, -3.511588823436e-03,
 -6.325205688213e-04,  1.298855175149e-03,  3.396538452147e-04,
 -2.603516238699e-03, -4.703663861903e-03, -4.002026710845e-03,
 -1.303484448567e-03,  6.567724896147e-04, -8.510182655641e-05,
 -2.821587458538e-03, -4.914835379770e-03, -4.405884661647e-03,
 -1.910183305348e-03,  3.565060464972e-05, -5.132371009751e-04,
 -3.027298470332e-03, -5.073339001779e-03, -4.728865907634e-03,
 -2.444275699512e-03, -5.486423046008e-04, -9.348428529350e-04,
 -3.224521673861e-03, -5.192133571619e-03, -4.980712787173e-03,
 -2.903939336665e-03, -1.085625631404e-03, -1.341595073573e-03,
 -3.415530324414e-03, -5.282703324543e-03, -5.172819604123e-03,
 -3.292147499682e-03, -1.569847932078e-03, -1.727294307221e-03,
 -3.601287952193e-03, -5.354258896261e-03, -5.316473076707e-03,
 -3.614869638918e-03, -1.999957734029e-03, -2.087961498690e-03,
 -3.781885391360e-03, -5.413607311841e-03, -5.421796081443e-03,
 -3.879557404957e-03, -2.377593005731e-03, -2.421629721690e-03,
 -3.956956462901e-03, -5.465411011832e-03, -5.497269492576e-03,
 -4.094047385047e-03, -2.706343493434e-03, -2.727977972208e-03,
 -4.125989748825e-03, -5.512605403135e-03, -5.549645193128e-03,
 -4.265865411639e-03, -2.990908361619e-03, -3.007920527587e-03,
 -4.288519595002e-03, -5.556829053388e-03, -5.584081868419e-03,
 -4.401851463516e-03, -3.236478843183e-03, -3.263222340834e-03,
 -4.444214393502e-03, -5.598794481354e-03, -5.604382314079e-03,
 -4.508010920821e-03, -3.448324470437e-03, -3.496174112369e-03,
 -4.592891503647e-03, -5.638576436994e-03, -5.613257632877e-03,
 -4.589510306330e-03, -3.631540842013e-03, -3.709335560494e-03,
 -4.734486591206e-03, -5.675821051454e-03, -5.612579000513e-03,
 -4.650756018300e-03, -3.790914109564e-03, -3.905341228638e-03,
 -4.868998771144e-03, -5.709890569744e-03, -5.603600587765e-03,
 -4.695514006782e-03, -3.930862912689e-03, -4.086756904949e-03,
 -4.996426192346e-03, -5.739961228311e-03, -5.587150343032e-03,
 -4.727043558887e-03, -4.055426609789e-03, -4.255973341516e-03,
 -5.116701422967e-03, -5.765090719279e-03, -5.563791824187e-03,
 -4.748228901320e-03, -4.168276489178e-03, -4.415125183618e-03,
 -5.229632570476e-03, -5.784269144659e-03, -5.533962658291e-03,
 -4.761698933649e-03, -4.272733115865e-03, -4.566025450544e-03,
 -5.334854257718e-03, -5.796464622374e-03, -5.498095219046e-03,
 -4.769929084116e-03, -4.371777939717e-03, -4.710108795635e-03,
 -5.431791959246e-03, -5.800672190635e-03, -5.456723787063e-03,
 -4.775320974506e-03, -4.468051045418e-03, -4.848379782789e-03,
 -5.519643341266e-03, -5.795972387943e-03, -5.410580380357e-03,
 -4.780256060492e-03, -4.563829901620e-03, -4.981365435036e-03,
 -5.597380761653e-03, -5.781603688753e-03, -5.360678932234e-03,
 -4.787119299504e-03, -4.660986609068e-03, -5.109074308084e-03,
 -5.663779606643e-03, -5.757050613887e-03, -5.308384749725e-03,
 -4.798288702908e-03, -4.760923850927e-03, -5.230967275576e-03,
 -5.717477317724e-03, -5.722146574740e-03, -5.255463397646e-03,
 -4.816086816568e-03, -4.864492816061e-03, -5.345947962631e-03,
 -5.757067431755e-03, -5.677187184443e-03, -5.204100564750e-03,
 -4.842691174211e-03, -4.971899973988e-03, -5.452383086560e-03,
 -5.781231350383e-03, -5.623045821803e-03, -5.156882441717e-03,
 -4.880002986489e-03, -5.082613741926e-03, -5.548164465772e-03,
 -5.788907525879e-03, -5.561278786864e-03, -5.116725168225e-03,
 -4.929477097964e-03, -5.195286585103e-03, -5.630824596562e-03,
 -5.779493037682e-03, -5.494202800431e-03, -5.086742614139e-03,
 -4.991921764532e-03, -5.307712445877e-03, -5.697715810978e-03,
 -5.753066063175e-03, -5.424923524483e-03, -5.070044845191e-03,
 -5.067284018143e-03, -5.416842794922e-03, -5.746258424669e-03,
 -5.710609744664e-03, -5.357291195278e-03, -5.069465751415e-03,
 -5.154444859926e-03, -5.518885912881e-03, -5.774255378167e-03,
 -5.654209111349e-03, -5.295759633523e-03, -5.087227936578e-03,
 -5.251057296700e-03, -5.609511857628e-03]
dQ per increment:
[-2.303445896935e-07, -3.737145369089e-07, -2.283549950933e-07,
  6.305170112452e-08,  2.150937552111e-07,  7.990028732391e-08,
 -2.084242085049e-07, -3.664773042503e-07, -2.399387621110e-07,
  4.614098047476e-08,  2.117009113476e-07,  9.689510160199e-08,
 -1.826187498049e-07, -3.513829642211e-07, -2.450291769021e-07,
  3.033546556530e-08,  2.049763585094e-07,  1.110117306756e-07,
 -1.550299757133e-07, -3.301427211931e-07, -2.439696191038e-07,
  1.639555426841e-08,  1.954990783409e-07,  1.214994547454e-07,
 -1.276947290724e-07, -3.048688196460e-07, -2.376692300205e-07,
  4.792022993260e-09,  1.840388794716e-07,  1.280942077677e-07,
 -1.022653350084e-07, -2.776644927207e-07, -2.273371804587e-07,
 -4.279821998535e-09,  1.714289219086e-07,  1.309683700288e-07,
 -7.985172656823e-08, -2.503246558142e-07, -2.142349204326e-07,
 -1.084738411247e-08,  1.584479067014e-07,  1.306002499210e-07,
 -6.101955821701e-08, -2.241889704440e-07, -1.995010053563e-07,
 -1.509354093793e-08,  1.457387308226e-07,  1.276224479096e-07,
 -4.588924855950e-08, -2.001249774365e-07, -1.840592551367e-07,
 -1.729187853322e-08,  1.337709228935e-07,  1.226934771294e-07,
 -3.427311845569e-08, -1.785916474636e-07, -1.685938165394e-07,
 -1.775376124932e-08,  1.228404726272e-07,  1.164114519568e-07,
 -2.580565765589e-08, -1.597360211165e-07, -1.535663948131e-07,
 -1.679050413463e-08,  1.130923751921e-07,  1.092694205751e-07,
 -2.004501912893e-08, -1.434900750025e-07, -1.392533613949e-07,
 -1.469007675226e-08,  1.045533624044e-07,  1.016422897255e-07,
 -1.654100056014e-08, -1.296522185693e-07, -1.257883024876e-07,
 -1.170519751091e-08,  9.716509228631e-08,  9.379361490171e-08,
 -1.487427096812e-08, -1.179478545097e-07, -1.132015734467e-07,
 -8.050420379803e-09,  9.081268954100e-08,  8.589211769735e-08,
 -1.467435067383e-08, -1.080710673802e-07, -1.014535110436e-07,
 -3.904481047506e-09,  8.534696245392e-08,  7.803175067342e-08,
 -1.562353778208e-08, -9.971068657940e-08, -9.046070717413e-08,
  5.839268157545e-10,  8.060031384417e-08,  7.025135185992e-08,
 -1.745300054696e-08, -9.256527907370e-08, -8.011598286953e-08,
  5.288956048295e-09,  7.639736736547e-08,  6.255220588594e-08,
 -1.993441190199e-08, -8.635090077182e-08, -7.030356236320e-08,
  1.009977830708e-08,  7.256191040736e-08,  5.491314227597e-08,
 -2.287032066462e-08, -8.080429543707e-08, -6.091042770683e-08,
  1.491329992831e-08,  6.892140295544e-08,  4.730323838794e-08,
 -2.608426303207e-08, -7.568391480108e-08, -5.183528438337e-08,
  1.962741622615e-08,  6.531012132754e-08,  3.969257071895e-08,
 -2.941203097436e-08, -7.077007619684e-08, -4.299583785967e-08,
  2.413564253317e-08,  6.157211036167e-08,  3.206142777266e-08,
 -3.269431946441e-08, -6.586573788464e-08, -3.433505970686e-08,
  2.832297230429e-08,  5.756455508273e-08,  2.440847425957e-08,
 -3.577138624894e-08, -6.079799217806e-08, -2.582672045150e-08,
  3.206356326019e-08,  5.316200673948e-08,  1.675781689152e-08,
 -3.847984314433e-08, -5.542129094191e-08, -1.748021510872e-08,
  3.522051618497e-08,  4.826194963982e-08,  9.164972301478e-09,
 -4.065215378820e-08, -4.962225960171e-08, -9.344628259557e-09,
  3.764813782167e-08,  4.279176034263e-08,  1.721530753888e-09,
 -4.211903883306e-08, -4.332600521666e-08, -1.511265309076e-09,
  3.919698187815e-08,  3.671681065437e-08, -5.442147849553e-09,
 -4.271509123407e-08, -3.650385619995e-08,  5.885719669453e-09,
  3.972202878167e-08,  3.004932807617e-08, -1.215687048771e-08,
 -4.228784965515e-08, -2.918145639713e-08,  1.267170678804e-08,
  3.909421967489e-08,  2.285718243237e-08, -1.821821416469e-08,
 -4.071024553055e-08, -2.144663815637e-08,  1.863781259534e-08,
  3.721494434665e-08,  1.527154354364e-08, -2.339443457618e-08,
 -3.789598118555e-08, -1.345526241120e-08,  2.355192775961e-08,
  3.403317385721e-08,  7.491500678483e-09, -2.743986154442e-08,
 -3.381709327410e-08, -5.433546619582e-09,  2.717534480431e-08,
  2.956380423108e-08, -2.156552861635e-10, -3.011402925635e-08,
 -2.852204394194e-08,  2.325176557370e-09,  2.928503450416e-08,
  2.390557781243e-08, -7.521049739598e-09, -3.120651519140e-08,
 -2.215213877783e-08,  9.471303023117e-09,  2.970128797335e-08,
  1.725574105653e-08, -1.404927362381e-08, -3.056650947370e-08,
 -1.495334088931e-08,  1.561900356273e-08]

EXP trajectory 21
outcomes: (0, 0, 0, 0, 0, 0, 0, 0, 0, 0, 0, 0, 0, 0, 0, 0, 0, 0, 0, 0, 0, 0, 0, 0, 0, 0, 0, 0, 0, 0, 0, 0, 0, 0, 0, 0, 0, 0, 0, 0, 0, 0, 0, 0, 0, 0, 0, 0, 0, 0, 0, 0, 0, 0, 0, 0, 0, 0, 0, 0, 0, 0, 0, 0, 0, 0, 0, 0, 0, 0, 0, 0, 0, 0, 0, 0, 0, 0, 0, 0, 0, 0, 0, 0, 0, 0, 0, 0, 0, 0, 0, 0, 0, 0, 0, 0, 0, 0, 0, 0, 0, 0, 0, 0, 0, 0, 0, 0, 0, 0, 0, 0, 0, 0, 0, 0, 0, 0, 0, 0, 0, 0, 0, 0, 0, 0, 0, 0, 0, 0, 0, 0, 0, 0, 0, 0, 0, 0, 0, 0, 0, 0, 0, 0, 0, 0, 0, 0, 0, 0, 0, 0, 0, 0, 0, 0, 0, 0, 0, 0, 0, 0, 0, 0, 0, 0, 0, 0, 0, 0, 0, 0, 0, 0, 0, 0, 0, 0, 0, 0, 0, 0, 0, 0, 0, 0, 0, 0, 0, 0, 0, 0, 0, 0, 0, 0, 0, 0, 0, 0, 0)
p_seq: 0.9922287100657725
DeltaW_total: 0.5301603849893777
DeltaQ_total: -7.719151607382571e-07
dW per increment:
[ 3.471592021139e-03,  3.489908428906e-03,  3.499542792703e-03,
  3.497028079165e-03,  3.482376576295e-03,  3.459130024005e-03,
  3.433383333258e-03,  3.412051153308e-03,  3.400870158988e-03,
  3.402713397428e-03,  3.416710422060e-03,  3.438440127699e-03,
  3.461156066964e-03,  3.477704457890e-03,  3.482589830842e-03,
  3.473592845747e-03,  3.452465789282e-03,  3.424490918368e-03,
  3.397012033791e-03,  3.377347524109e-03,  3.370677421085e-03,
  3.378513174559e-03,  3.398199992864e-03,  3.423611057194e-03,
  3.446852446881e-03,  3.460504343055e-03,  3.459762855192e-03,
  3.443865714532e-03,  3.416381169661e-03,  3.384258974910e-03,
  3.355895587678e-03,  3.338751958154e-03,  3.337198766859e-03,
  3.351209489162e-03,  3.376289061208e-03,  3.404679028904e-03,
  3.427516203855e-03,  3.437344543505e-03,  3.430269528167e-03,
  3.407134656928e-03,  3.373368109511e-03,  3.337520432696e-03,
  3.308886893812e-03,  3.294874975238e-03,  3.298860968572e-03,
  3.319153244814e-03,  3.349376115514e-03,  3.380190563458e-03,
  3.401887676162e-03,  3.407135342613e-03,  3.393102892362e-03,
  3.362350867906e-03,  3.322211620397e-03,  3.282808163888e-03,
  3.254246028792e-03,  3.243755899954e-03,  3.253592696122e-03,
  3.280298007542e-03,  3.315559617075e-03,  3.348456266833e-03,
  3.368481985007e-03,  3.368513748836e-03,  3.346886605744e-03,
  3.307975511301e-03,  3.261091189071e-03,  3.217966880079e-03,
  3.189513415307e-03,  3.182738183902e-03,  3.198694951738e-03,
  3.232059665013e-03,  3.272483945990e-03,  3.307383733533e-03,
  3.325412546804e-03,  3.319662631013e-03,  3.289694066233e-03,
  3.241800872546e-03,  3.187402894879e-03,  3.139972437395e-03,
  3.111321225571e-03,  3.108268423539e-03,  3.130625578207e-03,
  3.171087622738e-03,  3.217101601967e-03,  3.254236837567e-03,
  3.270153219708e-03,  3.258079009022e-03,  3.218822165143e-03,
  3.160724633602e-03,  3.097526103314e-03,  3.044681909479e-03,
  3.015119583406e-03,  3.015595627069e-03,  3.044674015911e-03,
  3.092922697300e-03,  3.145325235042e-03,  3.185293245780e-03,
  3.199209648496e-03,  3.180261868129e-03,  3.130491228227e-03,
  3.060451242069e-03,  2.986511653903e-03,  2.926493760558e-03,
  2.894797634664e-03,  2.898349028616e-03,  2.934500145301e-03,
  2.991509053373e-03,  3.051529780597e-03,  3.095354689673e-03,
  3.107651809330e-03,  3.081273406748e-03,  3.019431538554e-03,
  2.935090631766e-03,  2.847672669210e-03,  2.777908084836e-03,
  2.742193359676e-03,  2.747985388865e-03,  2.791518166976e-03,
  2.858525885362e-03,  2.927853454429e-03,  2.977044695097e-03,
  2.988435731169e-03,  2.954105340171e-03,  2.878302659440e-03,
  2.776623704852e-03,  2.672074159671e-03,  2.589006798452e-03,
  2.546526078143e-03,  2.553139435749e-03,  2.604143225854e-03,
  2.682527892720e-03,  2.763252167938e-03,  2.819817430039e-03,
  2.831420422943e-03,  2.788759249169e-03,  2.696880788532e-03,
  2.574216128261e-03,  2.447960511557e-03,  2.346948888391e-03,
  2.293887735815e-03,  2.299028805124e-03,  2.357037084202e-03,
  2.447988826900e-03,  2.542343890347e-03,  2.608657615212e-03,
  2.622023091986e-03,  2.570982335142e-03,  2.460996823311e-03,
  2.313445207076e-03,  2.160295862955e-03,  2.035773856782e-03,
  1.967189110980e-03,  1.967377690381e-03,  2.030839102211e-03,
  2.134711463212e-03,  2.244452053180e-03,  2.322818203632e-03,
  2.339816139038e-03,  2.280962674844e-03,  2.151589596803e-03,
  1.975927794776e-03,  1.791082260642e-03,  1.637388648561e-03,
  1.547655126121e-03,  1.538156981326e-03,  1.603851242365e-03,
  1.719203159876e-03,  1.844539149339e-03,  1.936350438971e-03,
  1.958870131821e-03,  1.893840379415e-03,  1.745802062390e-03,
  1.541383878163e-03,  1.322648938199e-03,  1.136157894393e-03,
  1.020596391918e-03,  9.962611938334e-04,  1.059267056423e-03,
  1.182123606188e-03,  1.320649646217e-03,  1.425486451986e-03,
  1.455202128376e-03,  1.387497275168e-03,  1.225472717563e-03,
  9.971977101273e-04,  7.485906989935e-04,  5.314232441034e-04,
  3.895953828525e-04,  3.473390862094e-04,  4.025362268560e-04,
  5.270024193518e-04,  6.737378879755e-04,  7.892749176577e-04,
  8.278638852808e-04,  7.637162381879e-04,  5.980127755283e-04,
  3.587656806161e-04,  9.352727539280e-05, -1.431430554426e-04,
 -3.041275490840e-04, -3.622613342138e-04]
dQ per increment:
[-4.162499281889e-10, -8.896106024146e-10, -1.150365450901e-09,
 -1.119499371026e-09, -8.017114363872e-10, -2.854011209221e-10,
  2.817411198005e-10,  7.346852466672e-10,  9.387861848575e-10,
  8.293747238465e-10,  4.317194960898e-10, -1.448441436236e-10,
 -7.371924537827e-10, -1.174808945655e-09, -1.329034235095e-09,
 -1.151043532190e-09, -6.872767344384e-10, -6.770972259436e-11,
  5.302931824127e-10,  9.324338183080e-10,  1.017739948740e-09,
  7.544377596605e-10,  2.106795235230e-10, -4.633608275718e-10,
 -1.077278702008e-09, -1.454444851882e-09, -1.483146725226e-09,
 -1.149750651023e-09, -5.444651461455e-10,  1.627159518236e-10,
  7.692836975076e-10,  1.097732246682e-09,  1.046806066742e-09,
  6.219700737515e-10, -6.424148084154e-11, -8.223532087497e-10,
 -1.438696809472e-09, -1.736003174763e-09, -1.624659441484e-09,
 -1.129985244047e-09, -3.872032243446e-10,  3.949908562121e-10,
  9.924150062932e-10,  1.228965977379e-09,  1.027606012869e-09,
  4.342072565215e-10, -3.930365965413e-10, -1.226302503987e-09,
 -1.831469573221e-09, -2.034275635963e-09, -1.771094322090e-09,
 -1.109046903792e-09, -2.297496703519e-10,  6.197848268679e-10,
  1.195609350781e-09,  1.325903041874e-09,  9.609855062317e-10,
  1.898597915169e-10, -7.819716846703e-10, -1.687972207755e-09,
 -2.274458441357e-09, -2.372298596822e-09, -1.946316578391e-09,
 -1.108130204134e-09, -8.788011963100e-11,  8.278031121906e-10,
  1.375126465605e-09,  1.387593028218e-09,  8.449351906071e-10,
 -1.179749739739e-10, -1.245528577086e-09, -2.230182377639e-09,
 -2.797417589890e-09, -2.783264836811e-09, -2.182712286630e-09,
 -1.154690626643e-09,  1.848150256965e-11,  1.007075776070e-09,
  1.524811284832e-09,  1.409685400963e-09,  6.720105674186e-10,
 -5.043356700145e-10, -1.809080356005e-09, -2.888766425070e-09,
 -3.444073949535e-09, -3.314266422069e-09, -2.525231771627e-09,
 -1.286807543984e-09,  6.091396397706e-11,  1.138674581274e-09,
  1.632213696449e-09,  1.380856694505e-09,  4.259249140447e-10,
 -9.957806811111e-10, -2.512438025530e-09, -3.716654182117e-09,
 -4.277095541237e-09, -4.031890774589e-09, -3.037739189859e-09,
 -1.559839068023e-09, -4.252590684109e-12,  1.190366060279e-09,
  1.672683262624e-09,  1.277688897608e-09,  7.696324361237e-11,
 -1.634709982288e-09, -3.414479586117e-09, -4.789137933664e-09,
 -5.384251458313e-09, -5.029593117207e-09, -3.811371310355e-09,
 -2.055589063115e-09, -2.452423984375e-10,  1.107648860436e-09,
  1.601447945608e-09,  1.057747350862e-09, -4.235767115746e-10,
 -2.484049972011e-09, -4.597305546666e-09, -6.208251334891e-09,
 -6.883759853696e-09, -6.434333082561e-09, -4.972713608454e-09,
 -2.891642708429e-09, -7.648842309852e-10,  8.039711157557e-10,
  1.344938719585e-09,  6.533288375360e-10, -1.146929996289e-09,
 -3.627707477732e-09, -6.164185111890e-09, -8.099032094175e-09,
 -8.920022792343e-09, -8.403247392201e-09, -6.682242508838e-09,
 -4.222090052846e-09, -1.702953441999e-09,  1.580449441566e-10,
  7.999735234594e-10, -2.541834012151e-11, -2.177528917650e-09,
 -5.153715727075e-09, -8.214815033292e-09, -1.057815380239e-08,
 -1.162794102119e-08, -1.108636406982e-08, -9.098355708268e-09,
 -6.204550423894e-09, -3.206554669358e-09, -9.581034671690e-10,
 -1.362147177279e-10, -1.053687524819e-09, -3.564473850305e-09,
 -7.090295248710e-09, -1.076435048064e-08, -1.365679795547e-08,
 -1.502321314291e-08, -1.450997250271e-08, -1.225986503723e-08,
 -8.886758989389e-09, -5.322999759505e-09, -2.577055568562e-09,
 -1.464373694244e-09, -2.383343793589e-09, -5.197650157821e-09,
 -9.259487325161e-09, -1.357071213205e-08, -1.704212612827e-08,
 -1.878325633751e-08, -1.834574921275e-08, -1.585348721256e-08,
 -1.198212082093e-08, -7.790004033709e-09, -4.442781968163e-09,
 -2.903410314037e-09, -3.669984503199e-09, -6.633082979418e-09,
 -1.109317028102e-08, -1.593638639276e-08, -1.992480923194e-08,
 -2.202492055533e-08, -2.168710557866e-08, -1.900009278898e-08,
 -1.467697692927e-08, -9.873976274577e-09, -5.887856854034e-09,
 -3.811810043823e-09, -4.241221069929e-09, -7.109023713453e-09,
 -1.169617381929e-08, -1.681661000697e-08, -2.112857068806e-08,
 -2.349046674755e-08, -2.326613114049e-08, -2.049746850095e-08,
 -1.589733521884e-08, -1.066352138058e-08, -6.162604999763e-09,
 -3.567670676247e-09, -3.546470450644e-09]

================================================================================
TRAJECTORY 22
================================================================================

COMP trajectory 22
outcomes: (0, 0, 0, 0, 0, 0, 0, 0, 0, 0, 0, 0, 0, 0, 0, 0, 0, 0, 0, 0, 0, 0, 0, 0, 0, 0, 0, 0, 0, 0, 0, 0, 0, 0, 0, 0, 0, 0, 0, 0, 0, 0, 0, 0, 0, 0, 0, 0, 0, 0, 0, 0, 0, 0, 0, 0, 0, 0, 0, 0, 0, 0, 0, 0, 0, 0, 0, 0, 0, 0, 0, 0, 0, 0, 0, 0, 0, 0, 0, 0, 0, 0, 0, 0, 0, 0, 0, 0, 0, 0, 0, 0, 0, 0, 0, 0, 0, 0, 0, 0, 0, 0, 0, 0, 0, 0, 0, 0, 0, 0, 0, 0, 0, 0, 0, 0, 0, 0, 0, 0, 0, 0, 0, 0, 0, 0, 0, 0, 0, 0, 0, 0, 0, 0, 0, 0, 0, 0, 0, 0, 0, 0, 0, 0, 0, 0, 0, 0, 0, 0, 0, 0, 0, 0, 0, 0, 0, 0, 0, 0, 0, 0, 0, 0, 0, 0, 0, 0, 0, 0, 0, 0, 0, 0, 0, 0, 0, 0, 0, 0, 0, 0, 0, 0, 0, 0, 0, 0, 0, 0, 0, 0, 0, 0, 0, 0, 0, 0, 0, 0, 0)
p_seq: 0.9711646393507506
DeltaW_total: -0.8254703559926213
DeltaQ_total: -4.164499868344711e-06
dW per increment:
[ 1.573221825758e-03,  3.134225698634e-03,  1.495191472248e-03,
 -1.818410173470e-03, -3.643019679057e-03, -2.283259703793e-03,
  8.314121654003e-04,  2.560741646251e-03,  1.138127896114e-03,
 -2.107932878062e-03, -4.075018812387e-03, -2.935493525278e-03,
  8.680979657250e-05,  1.941298909479e-03,  7.505793541434e-04,
 -2.367704122973e-03, -4.427071274868e-03, -3.511588823436e-03,
 -6.325205688213e-04,  1.298855175149e-03,  3.396538452147e-04,
 -2.603516238699e-03, -4.703663861903e-03, -4.002026710845e-03,
 -1.303484448567e-03,  6.567724896147e-04, -8.510182655641e-05,
 -2.821587458538e-03, -4.914835379770e-03, -4.405884661647e-03,
 -1.910183305348e-03,  3.565060464972e-05, -5.132371009751e-04,
 -3.027298470332e-03, -5.073339001779e-03, -4.728865907634e-03,
 -2.444275699512e-03, -5.486423046008e-04, -9.348428529350e-04,
 -3.224521673861e-03, -5.192133571619e-03, -4.980712787173e-03,
 -2.903939336665e-03, -1.085625631404e-03, -1.341595073573e-03,
 -3.415530324414e-03, -5.282703324543e-03, -5.172819604123e-03,
 -3.292147499682e-03, -1.569847932078e-03, -1.727294307221e-03,
 -3.601287952193e-03, -5.354258896261e-03, -5.316473076707e-03,
 -3.614869638918e-03, -1.999957734029e-03, -2.087961498690e-03,
 -3.781885391360e-03, -5.413607311841e-03, -5.421796081443e-03,
 -3.879557404957e-03, -2.377593005731e-03, -2.421629721690e-03,
 -3.956956462901e-03, -5.465411011832e-03, -5.497269492576e-03,
 -4.094047385047e-03, -2.706343493434e-03, -2.727977972208e-03,
 -4.125989748825e-03, -5.512605403135e-03, -5.549645193128e-03,
 -4.265865411639e-03, -2.990908361619e-03, -3.007920527587e-03,
 -4.288519595002e-03, -5.556829053388e-03, -5.584081868419e-03,
 -4.401851463516e-03, -3.236478843183e-03, -3.263222340834e-03,
 -4.444214393502e-03, -5.598794481354e-03, -5.604382314079e-03,
 -4.508010920821e-03, -3.448324470437e-03, -3.496174112369e-03,
 -4.592891503647e-03, -5.638576436994e-03, -5.613257632877e-03,
 -4.589510306330e-03, -3.631540842013e-03, -3.709335560494e-03,
 -4.734486591206e-03, -5.675821051454e-03, -5.612579000513e-03,
 -4.650756018300e-03, -3.790914109564e-03, -3.905341228638e-03,
 -4.868998771144e-03, -5.709890569744e-03, -5.603600587765e-03,
 -4.695514006782e-03, -3.930862912689e-03, -4.086756904949e-03,
 -4.996426192346e-03, -5.739961228311e-03, -5.587150343032e-03,
 -4.727043558887e-03, -4.055426609789e-03, -4.255973341516e-03,
 -5.116701422967e-03, -5.765090719279e-03, -5.563791824187e-03,
 -4.748228901320e-03, -4.168276489178e-03, -4.415125183618e-03,
 -5.229632570476e-03, -5.784269144659e-03, -5.533962658291e-03,
 -4.761698933649e-03, -4.272733115865e-03, -4.566025450544e-03,
 -5.334854257718e-03, -5.796464622374e-03, -5.498095219046e-03,
 -4.769929084116e-03, -4.371777939717e-03, -4.710108795635e-03,
 -5.431791959246e-03, -5.800672190635e-03, -5.456723787063e-03,
 -4.775320974506e-03, -4.468051045418e-03, -4.848379782789e-03,
 -5.519643341266e-03, -5.795972387943e-03, -5.410580380357e-03,
 -4.780256060492e-03, -4.563829901620e-03, -4.981365435036e-03,
 -5.597380761653e-03, -5.781603688753e-03, -5.360678932234e-03,
 -4.787119299504e-03, -4.660986609068e-03, -5.109074308084e-03,
 -5.663779606643e-03, -5.757050613887e-03, -5.308384749725e-03,
 -4.798288702908e-03, -4.760923850927e-03, -5.230967275576e-03,
 -5.717477317724e-03, -5.722146574740e-03, -5.255463397646e-03,
 -4.816086816568e-03, -4.864492816061e-03, -5.345947962631e-03,
 -5.757067431755e-03, -5.677187184443e-03, -5.204100564750e-03,
 -4.842691174211e-03, -4.971899973988e-03, -5.452383086560e-03,
 -5.781231350383e-03, -5.623045821803e-03, -5.156882441717e-03,
 -4.880002986489e-03, -5.082613741926e-03, -5.548164465772e-03,
 -5.788907525879e-03, -5.561278786864e-03, -5.116725168225e-03,
 -4.929477097964e-03, -5.195286585103e-03, -5.630824596562e-03,
 -5.779493037682e-03, -5.494202800431e-03, -5.086742614139e-03,
 -4.991921764532e-03, -5.307712445877e-03, -5.697715810978e-03,
 -5.753066063175e-03, -5.424923524483e-03, -5.070044845191e-03,
 -5.067284018143e-03, -5.416842794922e-03, -5.746258424669e-03,
 -5.710609744664e-03, -5.357291195278e-03, -5.069465751415e-03,
 -5.154444859926e-03, -5.518885912881e-03, -5.774255378167e-03,
 -5.654209111349e-03, -5.295759633523e-03, -5.087227936578e-03,
 -5.251057296700e-03, -5.609511857628e-03]
dQ per increment:
[-2.303445896935e-07, -3.737145369089e-07, -2.283549950933e-07,
  6.305170112452e-08,  2.150937552111e-07,  7.990028732391e-08,
 -2.084242085049e-07, -3.664773042503e-07, -2.399387621110e-07,
  4.614098047476e-08,  2.117009113476e-07,  9.689510160199e-08,
 -1.826187498049e-07, -3.513829642211e-07, -2.450291769021e-07,
  3.033546556530e-08,  2.049763585094e-07,  1.110117306756e-07,
 -1.550299757133e-07, -3.301427211931e-07, -2.439696191038e-07,
  1.639555426841e-08,  1.954990783409e-07,  1.214994547454e-07,
 -1.276947290724e-07, -3.048688196460e-07, -2.376692300205e-07,
  4.792022993260e-09,  1.840388794716e-07,  1.280942077677e-07,
 -1.022653350084e-07, -2.776644927207e-07, -2.273371804587e-07,
 -4.279821998535e-09,  1.714289219086e-07,  1.309683700288e-07,
 -7.985172656823e-08, -2.503246558142e-07, -2.142349204326e-07,
 -1.084738411247e-08,  1.584479067014e-07,  1.306002499210e-07,
 -6.101955821701e-08, -2.241889704440e-07, -1.995010053563e-07,
 -1.509354093793e-08,  1.457387308226e-07,  1.276224479096e-07,
 -4.588924855950e-08, -2.001249774365e-07, -1.840592551367e-07,
 -1.729187853322e-08,  1.337709228935e-07,  1.226934771294e-07,
 -3.427311845569e-08, -1.785916474636e-07, -1.685938165394e-07,
 -1.775376124932e-08,  1.228404726272e-07,  1.164114519568e-07,
 -2.580565765589e-08, -1.597360211165e-07, -1.535663948131e-07,
 -1.679050413463e-08,  1.130923751921e-07,  1.092694205751e-07,
 -2.004501912893e-08, -1.434900750025e-07, -1.392533613949e-07,
 -1.469007675226e-08,  1.045533624044e-07,  1.016422897255e-07,
 -1.654100056014e-08, -1.296522185693e-07, -1.257883024876e-07,
 -1.170519751091e-08,  9.716509228631e-08,  9.379361490171e-08,
 -1.487427096812e-08, -1.179478545097e-07, -1.132015734467e-07,
 -8.050420379803e-09,  9.081268954100e-08,  8.589211769735e-08,
 -1.467435067383e-08, -1.080710673802e-07, -1.014535110436e-07,
 -3.904481047506e-09,  8.534696245392e-08,  7.803175067342e-08,
 -1.562353778208e-08, -9.971068657940e-08, -9.046070717413e-08,
  5.839268157545e-10,  8.060031384417e-08,  7.025135185992e-08,
 -1.745300054696e-08, -9.256527907370e-08, -8.011598286953e-08,
  5.288956048295e-09,  7.639736736547e-08,  6.255220588594e-08,
 -1.993441190199e-08, -8.635090077182e-08, -7.030356236320e-08,
  1.009977830708e-08,  7.256191040736e-08,  5.491314227597e-08,
 -2.287032066462e-08, -8.080429543707e-08, -6.091042770683e-08,
  1.491329992831e-08,  6.892140295544e-08,  4.730323838794e-08,
 -2.608426303207e-08, -7.568391480108e-08, -5.183528438337e-08,
  1.962741622615e-08,  6.531012132754e-08,  3.969257071895e-08,
 -2.941203097436e-08, -7.077007619684e-08, -4.299583785967e-08,
  2.413564253317e-08,  6.157211036167e-08,  3.206142777266e-08,
 -3.269431946441e-08, -6.586573788464e-08, -3.433505970686e-08,
  2.832297230429e-08,  5.756455508273e-08,  2.440847425957e-08,
 -3.577138624894e-08, -6.079799217806e-08, -2.582672045150e-08,
  3.206356326019e-08,  5.316200673948e-08,  1.675781689152e-08,
 -3.847984314433e-08, -5.542129094191e-08, -1.748021510872e-08,
  3.522051618497e-08,  4.826194963982e-08,  9.164972301478e-09,
 -4.065215378820e-08, -4.962225960171e-08, -9.344628259557e-09,
  3.764813782167e-08,  4.279176034263e-08,  1.721530753888e-09,
 -4.211903883306e-08, -4.332600521666e-08, -1.511265309076e-09,
  3.919698187815e-08,  3.671681065437e-08, -5.442147849553e-09,
 -4.271509123407e-08, -3.650385619995e-08,  5.885719669453e-09,
  3.972202878167e-08,  3.004932807617e-08, -1.215687048771e-08,
 -4.228784965515e-08, -2.918145639713e-08,  1.267170678804e-08,
  3.909421967489e-08,  2.285718243237e-08, -1.821821416469e-08,
 -4.071024553055e-08, -2.144663815637e-08,  1.863781259534e-08,
  3.721494434665e-08,  1.527154354364e-08, -2.339443457618e-08,
 -3.789598118555e-08, -1.345526241120e-08,  2.355192775961e-08,
  3.403317385721e-08,  7.491500678483e-09, -2.743986154442e-08,
 -3.381709327410e-08, -5.433546619582e-09,  2.717534480431e-08,
  2.956380423108e-08, -2.156552861635e-10, -3.011402925635e-08,
 -2.852204394194e-08,  2.325176557370e-09,  2.928503450416e-08,
  2.390557781243e-08, -7.521049739598e-09, -3.120651519140e-08,
 -2.215213877783e-08,  9.471303023117e-09,  2.970128797335e-08,
  1.725574105653e-08, -1.404927362381e-08, -3.056650947370e-08,
 -1.495334088931e-08,  1.561900356273e-08]

EXP trajectory 22
outcomes: (0, 0, 0, 0, 0, 0, 0, 0, 0, 0, 0, 0, 0, 0, 0, 0, 0, 0, 0, 0, 0, 0, 0, 0, 0, 0, 0, 0, 0, 0, 0, 0, 0, 0, 0, 0, 0, 0, 0, 0, 0, 0, 0, 0, 0, 0, 0, 0, 0, 0, 0, 0, 0, 0, 0, 0, 0, 0, 0, 0, 0, 0, 0, 0, 0, 0, 0, 0, 0, 0, 0, 0, 0, 0, 0, 0, 0, 0, 0, 0, 0, 0, 0, 0, 0, 0, 0, 0, 0, 0, 0, 0, 0, 0, 0, 0, 0, 0, 0, 0, 0, 0, 0, 0, 0, 0, 0, 0, 0, 0, 0, 0, 0, 0, 0, 0, 0, 0, 0, 0, 0, 0, 0, 0, 0, 0, 0, 0, 0, 0, 0, 0, 0, 0, 0, 0, 0, 0, 0, 0, 0, 0, 0, 0, 0, 0, 0, 0, 0, 0, 0, 0, 0, 0, 0, 0, 0, 0, 0, 0, 0, 0, 0, 0, 0, 0, 0, 0, 0, 0, 0, 0, 0, 0, 0, 0, 0, 0, 0, 0, 0, 0, 0, 0, 0, 0, 0, 0, 0, 0, 0, 0, 0, 0, 0, 0, 0, 0, 0, 0, 0)
p_seq: 0.9922287100657725
DeltaW_total: 0.5301603849893777
DeltaQ_total: -7.719151607382571e-07
dW per increment:
[ 3.471592021139e-03,  3.489908428906e-03,  3.499542792703e-03,
  3.497028079165e-03,  3.482376576295e-03,  3.459130024005e-03,
  3.433383333258e-03,  3.412051153308e-03,  3.400870158988e-03,
  3.402713397428e-03,  3.416710422060e-03,  3.438440127699e-03,
  3.461156066964e-03,  3.477704457890e-03,  3.482589830842e-03,
  3.473592845747e-03,  3.452465789282e-03,  3.424490918368e-03,
  3.397012033791e-03,  3.377347524109e-03,  3.370677421085e-03,
  3.378513174559e-03,  3.398199992864e-03,  3.423611057194e-03,
  3.446852446881e-03,  3.460504343055e-03,  3.459762855192e-03,
  3.443865714532e-03,  3.416381169661e-03,  3.384258974910e-03,
  3.355895587678e-03,  3.338751958154e-03,  3.337198766859e-03,
  3.351209489162e-03,  3.376289061208e-03,  3.404679028904e-03,
  3.427516203855e-03,  3.437344543505e-03,  3.430269528167e-03,
  3.407134656928e-03,  3.373368109511e-03,  3.337520432696e-03,
  3.308886893812e-03,  3.294874975238e-03,  3.298860968572e-03,
  3.319153244814e-03,  3.349376115514e-03,  3.380190563458e-03,
  3.401887676162e-03,  3.407135342613e-03,  3.393102892362e-03,
  3.362350867906e-03,  3.322211620397e-03,  3.282808163888e-03,
  3.254246028792e-03,  3.243755899954e-03,  3.253592696122e-03,
  3.280298007542e-03,  3.315559617075e-03,  3.348456266833e-03,
  3.368481985007e-03,  3.368513748836e-03,  3.346886605744e-03,
  3.307975511301e-03,  3.261091189071e-03,  3.217966880079e-03,
  3.189513415307e-03,  3.182738183902e-03,  3.198694951738e-03,
  3.232059665013e-03,  3.272483945990e-03,  3.307383733533e-03,
  3.325412546804e-03,  3.319662631013e-03,  3.289694066233e-03,
  3.241800872546e-03,  3.187402894879e-03,  3.139972437395e-03,
  3.111321225571e-03,  3.108268423539e-03,  3.130625578207e-03,
  3.171087622738e-03,  3.217101601967e-03,  3.254236837567e-03,
  3.270153219708e-03,  3.258079009022e-03,  3.218822165143e-03,
  3.160724633602e-03,  3.097526103314e-03,  3.044681909479e-03,
  3.015119583406e-03,  3.015595627069e-03,  3.044674015911e-03,
  3.092922697300e-03,  3.145325235042e-03,  3.185293245780e-03,
  3.199209648496e-03,  3.180261868129e-03,  3.130491228227e-03,
  3.060451242069e-03,  2.986511653903e-03,  2.926493760558e-03,
  2.894797634664e-03,  2.898349028616e-03,  2.934500145301e-03,
  2.991509053373e-03,  3.051529780597e-03,  3.095354689673e-03,
  3.107651809330e-03,  3.081273406748e-03,  3.019431538554e-03,
  2.935090631766e-03,  2.847672669210e-03,  2.777908084836e-03,
  2.742193359676e-03,  2.747985388865e-03,  2.791518166976e-03,
  2.858525885362e-03,  2.927853454429e-03,  2.977044695097e-03,
  2.988435731169e-03,  2.954105340171e-03,  2.878302659440e-03,
  2.776623704852e-03,  2.672074159671e-03,  2.589006798452e-03,
  2.546526078143e-03,  2.553139435749e-03,  2.604143225854e-03,
  2.682527892720e-03,  2.763252167938e-03,  2.819817430039e-03,
  2.831420422943e-03,  2.788759249169e-03,  2.696880788532e-03,
  2.574216128261e-03,  2.447960511557e-03,  2.346948888391e-03,
  2.293887735815e-03,  2.299028805124e-03,  2.357037084202e-03,
  2.447988826900e-03,  2.542343890347e-03,  2.608657615212e-03,
  2.622023091986e-03,  2.570982335142e-03,  2.460996823311e-03,
  2.313445207076e-03,  2.160295862955e-03,  2.035773856782e-03,
  1.967189110980e-03,  1.967377690381e-03,  2.030839102211e-03,
  2.134711463212e-03,  2.244452053180e-03,  2.322818203632e-03,
  2.339816139038e-03,  2.280962674844e-03,  2.151589596803e-03,
  1.975927794776e-03,  1.791082260642e-03,  1.637388648561e-03,
  1.547655126121e-03,  1.538156981326e-03,  1.603851242365e-03,
  1.719203159876e-03,  1.844539149339e-03,  1.936350438971e-03,
  1.958870131821e-03,  1.893840379415e-03,  1.745802062390e-03,
  1.541383878163e-03,  1.322648938199e-03,  1.136157894393e-03,
  1.020596391918e-03,  9.962611938334e-04,  1.059267056423e-03,
  1.182123606188e-03,  1.320649646217e-03,  1.425486451986e-03,
  1.455202128376e-03,  1.387497275168e-03,  1.225472717563e-03,
  9.971977101273e-04,  7.485906989935e-04,  5.314232441034e-04,
  3.895953828525e-04,  3.473390862094e-04,  4.025362268560e-04,
  5.270024193518e-04,  6.737378879755e-04,  7.892749176577e-04,
  8.278638852808e-04,  7.637162381879e-04,  5.980127755283e-04,
  3.587656806161e-04,  9.352727539280e-05, -1.431430554426e-04,
 -3.041275490840e-04, -3.622613342138e-04]
dQ per increment:
[-4.162499281889e-10, -8.896106024146e-10, -1.150365450901e-09,
 -1.119499371026e-09, -8.017114363872e-10, -2.854011209221e-10,
  2.817411198005e-10,  7.346852466672e-10,  9.387861848575e-10,
  8.293747238465e-10,  4.317194960898e-10, -1.448441436236e-10,
 -7.371924537827e-10, -1.174808945655e-09, -1.329034235095e-09,
 -1.151043532190e-09, -6.872767344384e-10, -6.770972259436e-11,
  5.302931824127e-10,  9.324338183080e-10,  1.017739948740e-09,
  7.544377596605e-10,  2.106795235230e-10, -4.633608275718e-10,
 -1.077278702008e-09, -1.454444851882e-09, -1.483146725226e-09,
 -1.149750651023e-09, -5.444651461455e-10,  1.627159518236e-10,
  7.692836975076e-10,  1.097732246682e-09,  1.046806066742e-09,
  6.219700737515e-10, -6.424148084154e-11, -8.223532087497e-10,
 -1.438696809472e-09, -1.736003174763e-09, -1.624659441484e-09,
 -1.129985244047e-09, -3.872032243446e-10,  3.949908562121e-10,
  9.924150062932e-10,  1.228965977379e-09,  1.027606012869e-09,
  4.342072565215e-10, -3.930365965413e-10, -1.226302503987e-09,
 -1.831469573221e-09, -2.034275635963e-09, -1.771094322090e-09,
 -1.109046903792e-09, -2.297496703519e-10,  6.197848268679e-10,
  1.195609350781e-09,  1.325903041874e-09,  9.609855062317e-10,
  1.898597915169e-10, -7.819716846703e-10, -1.687972207755e-09,
 -2.274458441357e-09, -2.372298596822e-09, -1.946316578391e-09,
 -1.108130204134e-09, -8.788011963100e-11,  8.278031121906e-10,
  1.375126465605e-09,  1.387593028218e-09,  8.449351906071e-10,
 -1.179749739739e-10, -1.245528577086e-09, -2.230182377639e-09,
 -2.797417589890e-09, -2.783264836811e-09, -2.182712286630e-09,
 -1.154690626643e-09,  1.848150256965e-11,  1.007075776070e-09,
  1.524811284832e-09,  1.409685400963e-09,  6.720105674186e-10,
 -5.043356700145e-10, -1.809080356005e-09, -2.888766425070e-09,
 -3.444073949535e-09, -3.314266422069e-09, -2.525231771627e-09,
 -1.286807543984e-09,  6.091396397706e-11,  1.138674581274e-09,
  1.632213696449e-09,  1.380856694505e-09,  4.259249140447e-10,
 -9.957806811111e-10, -2.512438025530e-09, -3.716654182117e-09,
 -4.277095541237e-09, -4.031890774589e-09, -3.037739189859e-09,
 -1.559839068023e-09, -4.252590684109e-12,  1.190366060279e-09,
  1.672683262624e-09,  1.277688897608e-09,  7.696324361237e-11,
 -1.634709982288e-09, -3.414479586117e-09, -4.789137933664e-09,
 -5.384251458313e-09, -5.029593117207e-09, -3.811371310355e-09,
 -2.055589063115e-09, -2.452423984375e-10,  1.107648860436e-09,
  1.601447945608e-09,  1.057747350862e-09, -4.235767115746e-10,
 -2.484049972011e-09, -4.597305546666e-09, -6.208251334891e-09,
 -6.883759853696e-09, -6.434333082561e-09, -4.972713608454e-09,
 -2.891642708429e-09, -7.648842309852e-10,  8.039711157557e-10,
  1.344938719585e-09,  6.533288375360e-10, -1.146929996289e-09,
 -3.627707477732e-09, -6.164185111890e-09, -8.099032094175e-09,
 -8.920022792343e-09, -8.403247392201e-09, -6.682242508838e-09,
 -4.222090052846e-09, -1.702953441999e-09,  1.580449441566e-10,
  7.999735234594e-10, -2.541834012151e-11, -2.177528917650e-09,
 -5.153715727075e-09, -8.214815033292e-09, -1.057815380239e-08,
 -1.162794102119e-08, -1.108636406982e-08, -9.098355708268e-09,
 -6.204550423894e-09, -3.206554669358e-09, -9.581034671690e-10,
 -1.362147177279e-10, -1.053687524819e-09, -3.564473850305e-09,
 -7.090295248710e-09, -1.076435048064e-08, -1.365679795547e-08,
 -1.502321314291e-08, -1.450997250271e-08, -1.225986503723e-08,
 -8.886758989389e-09, -5.322999759505e-09, -2.577055568562e-09,
 -1.464373694244e-09, -2.383343793589e-09, -5.197650157821e-09,
 -9.259487325161e-09, -1.357071213205e-08, -1.704212612827e-08,
 -1.878325633751e-08, -1.834574921275e-08, -1.585348721256e-08,
 -1.198212082093e-08, -7.790004033709e-09, -4.442781968163e-09,
 -2.903410314037e-09, -3.669984503199e-09, -6.633082979418e-09,
 -1.109317028102e-08, -1.593638639276e-08, -1.992480923194e-08,
 -2.202492055533e-08, -2.168710557866e-08, -1.900009278898e-08,
 -1.467697692927e-08, -9.873976274577e-09, -5.887856854034e-09,
 -3.811810043823e-09, -4.241221069929e-09, -7.109023713453e-09,
 -1.169617381929e-08, -1.681661000697e-08, -2.112857068806e-08,
 -2.349046674755e-08, -2.326613114049e-08, -2.049746850095e-08,
 -1.589733521884e-08, -1.066352138058e-08, -6.162604999763e-09,
 -3.567670676247e-09, -3.546470450644e-09]

================================================================================
TRAJECTORY 23
================================================================================

COMP trajectory 23
outcomes: (0, 0, 0, 0, 0, 0, 0, 0, 0, 0, 0, 0, 0, 0, 0, 0, 0, 0, 0, 0, 0, 0, 0, 0, 0, 0, 0, 0, 0, 0, 0, 0, 0, 0, 0, 0, 0, 0, 0, 0, 0, 0, 0, 0, 0, 0, 0, 0, 0, 0, 0, 0, 0, 0, 0, 0, 0, 0, 0, 0, 0, 0, 0, 0, 0, 0, 0, 0, 0, 0, 0, 0, 0, 0, 0, 0, 0, 0, 0, 0, 0, 0, 0, 0, 0, 0, 0, 0, 0, 0, 0, 0, 0, 0, 0, 0, 0, 0, 0, 0, 0, 0, 0, 0, 0, 0, 0, 0, 0, 0, 0, 0, 0, 0, 0, 0, 0, 0, 0, 0, 0, 0, 0, 0, 0, 0, 0, 0, 0, 0, 0, 0, 0, 0, 0, 0, 0, 0, 0, 0, 0, 0, 0, 0, 0, 0, 0, 0, 0, 0, 0, 0, 0, 0, 0, 0, 0, 0, 0, 0, 0, 0, 0, 0, 0, 0, 0, 0, 0, 0, 0, 0, 0, 0, 0, 0, 0, 0, 0, 0, 0, 0, 0, 0, 0, 0, 0, 0, 0, 0, 0, 0, 0, 0, 0, 0, 0, 0, 0, 0, 0)
p_seq: 0.9711646393507506
DeltaW_total: -0.8254703559926213
DeltaQ_total: -4.164499868344711e-06
dW per increment:
[ 1.573221825758e-03,  3.134225698634e-03,  1.495191472248e-03,
 -1.818410173470e-03, -3.643019679057e-03, -2.283259703793e-03,
  8.314121654003e-04,  2.560741646251e-03,  1.138127896114e-03,
 -2.107932878062e-03, -4.075018812387e-03, -2.935493525278e-03,
  8.680979657250e-05,  1.941298909479e-03,  7.505793541434e-04,
 -2.367704122973e-03, -4.427071274868e-03, -3.511588823436e-03,
 -6.325205688213e-04,  1.298855175149e-03,  3.396538452147e-04,
 -2.603516238699e-03, -4.703663861903e-03, -4.002026710845e-03,
 -1.303484448567e-03,  6.567724896147e-04, -8.510182655641e-05,
 -2.821587458538e-03, -4.914835379770e-03, -4.405884661647e-03,
 -1.910183305348e-03,  3.565060464972e-05, -5.132371009751e-04,
 -3.027298470332e-03, -5.073339001779e-03, -4.728865907634e-03,
 -2.444275699512e-03, -5.486423046008e-04, -9.348428529350e-04,
 -3.224521673861e-03, -5.192133571619e-03, -4.980712787173e-03,
 -2.903939336665e-03, -1.085625631404e-03, -1.341595073573e-03,
 -3.415530324414e-03, -5.282703324543e-03, -5.172819604123e-03,
 -3.292147499682e-03, -1.569847932078e-03, -1.727294307221e-03,
 -3.601287952193e-03, -5.354258896261e-03, -5.316473076707e-03,
 -3.614869638918e-03, -1.999957734029e-03, -2.087961498690e-03,
 -3.781885391360e-03, -5.413607311841e-03, -5.421796081443e-03,
 -3.879557404957e-03, -2.377593005731e-03, -2.421629721690e-03,
 -3.956956462901e-03, -5.465411011832e-03, -5.497269492576e-03,
 -4.094047385047e-03, -2.706343493434e-03, -2.727977972208e-03,
 -4.125989748825e-03, -5.512605403135e-03, -5.549645193128e-03,
 -4.265865411639e-03, -2.990908361619e-03, -3.007920527587e-03,
 -4.288519595002e-03, -5.556829053388e-03, -5.584081868419e-03,
 -4.401851463516e-03, -3.236478843183e-03, -3.263222340834e-03,
 -4.444214393502e-03, -5.598794481354e-03, -5.604382314079e-03,
 -4.508010920821e-03, -3.448324470437e-03, -3.496174112369e-03,
 -4.592891503647e-03, -5.638576436994e-03, -5.613257632877e-03,
 -4.589510306330e-03, -3.631540842013e-03, -3.709335560494e-03,
 -4.734486591206e-03, -5.675821051454e-03, -5.612579000513e-03,
 -4.650756018300e-03, -3.790914109564e-03, -3.905341228638e-03,
 -4.868998771144e-03, -5.709890569744e-03, -5.603600587765e-03,
 -4.695514006782e-03, -3.930862912689e-03, -4.086756904949e-03,
 -4.996426192346e-03, -5.739961228311e-03, -5.587150343032e-03,
 -4.727043558887e-03, -4.055426609789e-03, -4.255973341516e-03,
 -5.116701422967e-03, -5.765090719279e-03, -5.563791824187e-03,
 -4.748228901320e-03, -4.168276489178e-03, -4.415125183618e-03,
 -5.229632570476e-03, -5.784269144659e-03, -5.533962658291e-03,
 -4.761698933649e-03, -4.272733115865e-03, -4.566025450544e-03,
 -5.334854257718e-03, -5.796464622374e-03, -5.498095219046e-03,
 -4.769929084116e-03, -4.371777939717e-03, -4.710108795635e-03,
 -5.431791959246e-03, -5.800672190635e-03, -5.456723787063e-03,
 -4.775320974506e-03, -4.468051045418e-03, -4.848379782789e-03,
 -5.519643341266e-03, -5.795972387943e-03, -5.410580380357e-03,
 -4.780256060492e-03, -4.563829901620e-03, -4.981365435036e-03,
 -5.597380761653e-03, -5.781603688753e-03, -5.360678932234e-03,
 -4.787119299504e-03, -4.660986609068e-03, -5.109074308084e-03,
 -5.663779606643e-03, -5.757050613887e-03, -5.308384749725e-03,
 -4.798288702908e-03, -4.760923850927e-03, -5.230967275576e-03,
 -5.717477317724e-03, -5.722146574740e-03, -5.255463397646e-03,
 -4.816086816568e-03, -4.864492816061e-03, -5.345947962631e-03,
 -5.757067431755e-03, -5.677187184443e-03, -5.204100564750e-03,
 -4.842691174211e-03, -4.971899973988e-03, -5.452383086560e-03,
 -5.781231350383e-03, -5.623045821803e-03, -5.156882441717e-03,
 -4.880002986489e-03, -5.082613741926e-03, -5.548164465772e-03,
 -5.788907525879e-03, -5.561278786864e-03, -5.116725168225e-03,
 -4.929477097964e-03, -5.195286585103e-03, -5.630824596562e-03,
 -5.779493037682e-03, -5.494202800431e-03, -5.086742614139e-03,
 -4.991921764532e-03, -5.307712445877e-03, -5.697715810978e-03,
 -5.753066063175e-03, -5.424923524483e-03, -5.070044845191e-03,
 -5.067284018143e-03, -5.416842794922e-03, -5.746258424669e-03,
 -5.710609744664e-03, -5.357291195278e-03, -5.069465751415e-03,
 -5.154444859926e-03, -5.518885912881e-03, -5.774255378167e-03,
 -5.654209111349e-03, -5.295759633523e-03, -5.087227936578e-03,
 -5.251057296700e-03, -5.609511857628e-03]
dQ per increment:
[-2.303445896935e-07, -3.737145369089e-07, -2.283549950933e-07,
  6.305170112452e-08,  2.150937552111e-07,  7.990028732391e-08,
 -2.084242085049e-07, -3.664773042503e-07, -2.399387621110e-07,
  4.614098047476e-08,  2.117009113476e-07,  9.689510160199e-08,
 -1.826187498049e-07, -3.513829642211e-07, -2.450291769021e-07,
  3.033546556530e-08,  2.049763585094e-07,  1.110117306756e-07,
 -1.550299757133e-07, -3.301427211931e-07, -2.439696191038e-07,
  1.639555426841e-08,  1.954990783409e-07,  1.214994547454e-07,
 -1.276947290724e-07, -3.048688196460e-07, -2.376692300205e-07,
  4.792022993260e-09,  1.840388794716e-07,  1.280942077677e-07,
 -1.022653350084e-07, -2.776644927207e-07, -2.273371804587e-07,
 -4.279821998535e-09,  1.714289219086e-07,  1.309683700288e-07,
 -7.985172656823e-08, -2.503246558142e-07, -2.142349204326e-07,
 -1.084738411247e-08,  1.584479067014e-07,  1.306002499210e-07,
 -6.101955821701e-08, -2.241889704440e-07, -1.995010053563e-07,
 -1.509354093793e-08,  1.457387308226e-07,  1.276224479096e-07,
 -4.588924855950e-08, -2.001249774365e-07, -1.840592551367e-07,
 -1.729187853322e-08,  1.337709228935e-07,  1.226934771294e-07,
 -3.427311845569e-08, -1.785916474636e-07, -1.685938165394e-07,
 -1.775376124932e-08,  1.228404726272e-07,  1.164114519568e-07,
 -2.580565765589e-08, -1.597360211165e-07, -1.535663948131e-07,
 -1.679050413463e-08,  1.130923751921e-07,  1.092694205751e-07,
 -2.004501912893e-08, -1.434900750025e-07, -1.392533613949e-07,
 -1.469007675226e-08,  1.045533624044e-07,  1.016422897255e-07,
 -1.654100056014e-08, -1.296522185693e-07, -1.257883024876e-07,
 -1.170519751091e-08,  9.716509228631e-08,  9.379361490171e-08,
 -1.487427096812e-08, -1.179478545097e-07, -1.132015734467e-07,
 -8.050420379803e-09,  9.081268954100e-08,  8.589211769735e-08,
 -1.467435067383e-08, -1.080710673802e-07, -1.014535110436e-07,
 -3.904481047506e-09,  8.534696245392e-08,  7.803175067342e-08,
 -1.562353778208e-08, -9.971068657940e-08, -9.046070717413e-08,
  5.839268157545e-10,  8.060031384417e-08,  7.025135185992e-08,
 -1.745300054696e-08, -9.256527907370e-08, -8.011598286953e-08,
  5.288956048295e-09,  7.639736736547e-08,  6.255220588594e-08,
 -1.993441190199e-08, -8.635090077182e-08, -7.030356236320e-08,
  1.009977830708e-08,  7.256191040736e-08,  5.491314227597e-08,
 -2.287032066462e-08, -8.080429543707e-08, -6.091042770683e-08,
  1.491329992831e-08,  6.892140295544e-08,  4.730323838794e-08,
 -2.608426303207e-08, -7.568391480108e-08, -5.183528438337e-08,
  1.962741622615e-08,  6.531012132754e-08,  3.969257071895e-08,
 -2.941203097436e-08, -7.077007619684e-08, -4.299583785967e-08,
  2.413564253317e-08,  6.157211036167e-08,  3.206142777266e-08,
 -3.269431946441e-08, -6.586573788464e-08, -3.433505970686e-08,
  2.832297230429e-08,  5.756455508273e-08,  2.440847425957e-08,
 -3.577138624894e-08, -6.079799217806e-08, -2.582672045150e-08,
  3.206356326019e-08,  5.316200673948e-08,  1.675781689152e-08,
 -3.847984314433e-08, -5.542129094191e-08, -1.748021510872e-08,
  3.522051618497e-08,  4.826194963982e-08,  9.164972301478e-09,
 -4.065215378820e-08, -4.962225960171e-08, -9.344628259557e-09,
  3.764813782167e-08,  4.279176034263e-08,  1.721530753888e-09,
 -4.211903883306e-08, -4.332600521666e-08, -1.511265309076e-09,
  3.919698187815e-08,  3.671681065437e-08, -5.442147849553e-09,
 -4.271509123407e-08, -3.650385619995e-08,  5.885719669453e-09,
  3.972202878167e-08,  3.004932807617e-08, -1.215687048771e-08,
 -4.228784965515e-08, -2.918145639713e-08,  1.267170678804e-08,
  3.909421967489e-08,  2.285718243237e-08, -1.821821416469e-08,
 -4.071024553055e-08, -2.144663815637e-08,  1.863781259534e-08,
  3.721494434665e-08,  1.527154354364e-08, -2.339443457618e-08,
 -3.789598118555e-08, -1.345526241120e-08,  2.355192775961e-08,
  3.403317385721e-08,  7.491500678483e-09, -2.743986154442e-08,
 -3.381709327410e-08, -5.433546619582e-09,  2.717534480431e-08,
  2.956380423108e-08, -2.156552861635e-10, -3.011402925635e-08,
 -2.852204394194e-08,  2.325176557370e-09,  2.928503450416e-08,
  2.390557781243e-08, -7.521049739598e-09, -3.120651519140e-08,
 -2.215213877783e-08,  9.471303023117e-09,  2.970128797335e-08,
  1.725574105653e-08, -1.404927362381e-08, -3.056650947370e-08,
 -1.495334088931e-08,  1.561900356273e-08]

EXP trajectory 23
outcomes: (0, 0, 0, 0, 0, 0, 0, 0, 0, 0, 0, 0, 0, 0, 0, 0, 0, 0, 0, 0, 0, 0, 0, 0, 0, 0, 0, 0, 0, 0, 0, 0, 0, 0, 0, 0, 0, 0, 0, 0, 0, 0, 0, 0, 0, 0, 0, 0, 0, 0, 0, 0, 0, 0, 0, 0, 0, 0, 0, 0, 0, 0, 0, 0, 0, 0, 0, 0, 0, 0, 0, 0, 0, 0, 0, 0, 0, 0, 0, 0, 0, 0, 0, 0, 0, 0, 0, 0, 0, 0, 0, 0, 0, 0, 0, 0, 0, 0, 0, 0, 0, 0, 0, 0, 0, 0, 0, 0, 0, 0, 0, 0, 0, 0, 0, 0, 0, 0, 0, 0, 0, 0, 0, 0, 0, 0, 0, 0, 0, 0, 0, 0, 0, 0, 0, 0, 0, 0, 0, 0, 0, 0, 0, 0, 0, 0, 0, 0, 0, 0, 0, 0, 0, 0, 0, 0, 0, 0, 0, 0, 0, 0, 0, 0, 0, 0, 0, 0, 0, 0, 0, 0, 0, 0, 0, 0, 0, 0, 0, 0, 0, 0, 0, 0, 0, 0, 0, 0, 0, 0, 0, 0, 0, 0, 0, 0, 0, 0, 0, 0, 0)
p_seq: 0.9922287100657725
DeltaW_total: 0.5301603849893777
DeltaQ_total: -7.719151607382571e-07
dW per increment:
[ 3.471592021139e-03,  3.489908428906e-03,  3.499542792703e-03,
  3.497028079165e-03,  3.482376576295e-03,  3.459130024005e-03,
  3.433383333258e-03,  3.412051153308e-03,  3.400870158988e-03,
  3.402713397428e-03,  3.416710422060e-03,  3.438440127699e-03,
  3.461156066964e-03,  3.477704457890e-03,  3.482589830842e-03,
  3.473592845747e-03,  3.452465789282e-03,  3.424490918368e-03,
  3.397012033791e-03,  3.377347524109e-03,  3.370677421085e-03,
  3.378513174559e-03,  3.398199992864e-03,  3.423611057194e-03,
  3.446852446881e-03,  3.460504343055e-03,  3.459762855192e-03,
  3.443865714532e-03,  3.416381169661e-03,  3.384258974910e-03,
  3.355895587678e-03,  3.338751958154e-03,  3.337198766859e-03,
  3.351209489162e-03,  3.376289061208e-03,  3.404679028904e-03,
  3.427516203855e-03,  3.437344543505e-03,  3.430269528167e-03,
  3.407134656928e-03,  3.373368109511e-03,  3.337520432696e-03,
  3.308886893812e-03,  3.294874975238e-03,  3.298860968572e-03,
  3.319153244814e-03,  3.349376115514e-03,  3.380190563458e-03,
  3.401887676162e-03,  3.407135342613e-03,  3.393102892362e-03,
  3.362350867906e-03,  3.322211620397e-03,  3.282808163888e-03,
  3.254246028792e-03,  3.243755899954e-03,  3.253592696122e-03,
  3.280298007542e-03,  3.315559617075e-03,  3.348456266833e-03,
  3.368481985007e-03,  3.368513748836e-03,  3.346886605744e-03,
  3.307975511301e-03,  3.261091189071e-03,  3.217966880079e-03,
  3.189513415307e-03,  3.182738183902e-03,  3.198694951738e-03,
  3.232059665013e-03,  3.272483945990e-03,  3.307383733533e-03,
  3.325412546804e-03,  3.319662631013e-03,  3.289694066233e-03,
  3.241800872546e-03,  3.187402894879e-03,  3.139972437395e-03,
  3.111321225571e-03,  3.108268423539e-03,  3.130625578207e-03,
  3.171087622738e-03,  3.217101601967e-03,  3.254236837567e-03,
  3.270153219708e-03,  3.258079009022e-03,  3.218822165143e-03,
  3.160724633602e-03,  3.097526103314e-03,  3.044681909479e-03,
  3.015119583406e-03,  3.015595627069e-03,  3.044674015911e-03,
  3.092922697300e-03,  3.145325235042e-03,  3.185293245780e-03,
  3.199209648496e-03,  3.180261868129e-03,  3.130491228227e-03,
  3.060451242069e-03,  2.986511653903e-03,  2.926493760558e-03,
  2.894797634664e-03,  2.898349028616e-03,  2.934500145301e-03,
  2.991509053373e-03,  3.051529780597e-03,  3.095354689673e-03,
  3.107651809330e-03,  3.081273406748e-03,  3.019431538554e-03,
  2.935090631766e-03,  2.847672669210e-03,  2.777908084836e-03,
  2.742193359676e-03,  2.747985388865e-03,  2.791518166976e-03,
  2.858525885362e-03,  2.927853454429e-03,  2.977044695097e-03,
  2.988435731169e-03,  2.954105340171e-03,  2.878302659440e-03,
  2.776623704852e-03,  2.672074159671e-03,  2.589006798452e-03,
  2.546526078143e-03,  2.553139435749e-03,  2.604143225854e-03,
  2.682527892720e-03,  2.763252167938e-03,  2.819817430039e-03,
  2.831420422943e-03,  2.788759249169e-03,  2.696880788532e-03,
  2.574216128261e-03,  2.447960511557e-03,  2.346948888391e-03,
  2.293887735815e-03,  2.299028805124e-03,  2.357037084202e-03,
  2.447988826900e-03,  2.542343890347e-03,  2.608657615212e-03,
  2.622023091986e-03,  2.570982335142e-03,  2.460996823311e-03,
  2.313445207076e-03,  2.160295862955e-03,  2.035773856782e-03,
  1.967189110980e-03,  1.967377690381e-03,  2.030839102211e-03,
  2.134711463212e-03,  2.244452053180e-03,  2.322818203632e-03,
  2.339816139038e-03,  2.280962674844e-03,  2.151589596803e-03,
  1.975927794776e-03,  1.791082260642e-03,  1.637388648561e-03,
  1.547655126121e-03,  1.538156981326e-03,  1.603851242365e-03,
  1.719203159876e-03,  1.844539149339e-03,  1.936350438971e-03,
  1.958870131821e-03,  1.893840379415e-03,  1.745802062390e-03,
  1.541383878163e-03,  1.322648938199e-03,  1.136157894393e-03,
  1.020596391918e-03,  9.962611938334e-04,  1.059267056423e-03,
  1.182123606188e-03,  1.320649646217e-03,  1.425486451986e-03,
  1.455202128376e-03,  1.387497275168e-03,  1.225472717563e-03,
  9.971977101273e-04,  7.485906989935e-04,  5.314232441034e-04,
  3.895953828525e-04,  3.473390862094e-04,  4.025362268560e-04,
  5.270024193518e-04,  6.737378879755e-04,  7.892749176577e-04,
  8.278638852808e-04,  7.637162381879e-04,  5.980127755283e-04,
  3.587656806161e-04,  9.352727539280e-05, -1.431430554426e-04,
 -3.041275490840e-04, -3.622613342138e-04]
dQ per increment:
[-4.162499281889e-10, -8.896106024146e-10, -1.150365450901e-09,
 -1.119499371026e-09, -8.017114363872e-10, -2.854011209221e-10,
  2.817411198005e-10,  7.346852466672e-10,  9.387861848575e-10,
  8.293747238465e-10,  4.317194960898e-10, -1.448441436236e-10,
 -7.371924537827e-10, -1.174808945655e-09, -1.329034235095e-09,
 -1.151043532190e-09, -6.872767344384e-10, -6.770972259436e-11,
  5.302931824127e-10,  9.324338183080e-10,  1.017739948740e-09,
  7.544377596605e-10,  2.106795235230e-10, -4.633608275718e-10,
 -1.077278702008e-09, -1.454444851882e-09, -1.483146725226e-09,
 -1.149750651023e-09, -5.444651461455e-10,  1.627159518236e-10,
  7.692836975076e-10,  1.097732246682e-09,  1.046806066742e-09,
  6.219700737515e-10, -6.424148084154e-11, -8.223532087497e-10,
 -1.438696809472e-09, -1.736003174763e-09, -1.624659441484e-09,
 -1.129985244047e-09, -3.872032243446e-10,  3.949908562121e-10,
  9.924150062932e-10,  1.228965977379e-09,  1.027606012869e-09,
  4.342072565215e-10, -3.930365965413e-10, -1.226302503987e-09,
 -1.831469573221e-09, -2.034275635963e-09, -1.771094322090e-09,
 -1.109046903792e-09, -2.297496703519e-10,  6.197848268679e-10,
  1.195609350781e-09,  1.325903041874e-09,  9.609855062317e-10,
  1.898597915169e-10, -7.819716846703e-10, -1.687972207755e-09,
 -2.274458441357e-09, -2.372298596822e-09, -1.946316578391e-09,
 -1.108130204134e-09, -8.788011963100e-11,  8.278031121906e-10,
  1.375126465605e-09,  1.387593028218e-09,  8.449351906071e-10,
 -1.179749739739e-10, -1.245528577086e-09, -2.230182377639e-09,
 -2.797417589890e-09, -2.783264836811e-09, -2.182712286630e-09,
 -1.154690626643e-09,  1.848150256965e-11,  1.007075776070e-09,
  1.524811284832e-09,  1.409685400963e-09,  6.720105674186e-10,
 -5.043356700145e-10, -1.809080356005e-09, -2.888766425070e-09,
 -3.444073949535e-09, -3.314266422069e-09, -2.525231771627e-09,
 -1.286807543984e-09,  6.091396397706e-11,  1.138674581274e-09,
  1.632213696449e-09,  1.380856694505e-09,  4.259249140447e-10,
 -9.957806811111e-10, -2.512438025530e-09, -3.716654182117e-09,
 -4.277095541237e-09, -4.031890774589e-09, -3.037739189859e-09,
 -1.559839068023e-09, -4.252590684109e-12,  1.190366060279e-09,
  1.672683262624e-09,  1.277688897608e-09,  7.696324361237e-11,
 -1.634709982288e-09, -3.414479586117e-09, -4.789137933664e-09,
 -5.384251458313e-09, -5.029593117207e-09, -3.811371310355e-09,
 -2.055589063115e-09, -2.452423984375e-10,  1.107648860436e-09,
  1.601447945608e-09,  1.057747350862e-09, -4.235767115746e-10,
 -2.484049972011e-09, -4.597305546666e-09, -6.208251334891e-09,
 -6.883759853696e-09, -6.434333082561e-09, -4.972713608454e-09,
 -2.891642708429e-09, -7.648842309852e-10,  8.039711157557e-10,
  1.344938719585e-09,  6.533288375360e-10, -1.146929996289e-09,
 -3.627707477732e-09, -6.164185111890e-09, -8.099032094175e-09,
 -8.920022792343e-09, -8.403247392201e-09, -6.682242508838e-09,
 -4.222090052846e-09, -1.702953441999e-09,  1.580449441566e-10,
  7.999735234594e-10, -2.541834012151e-11, -2.177528917650e-09,
 -5.153715727075e-09, -8.214815033292e-09, -1.057815380239e-08,
 -1.162794102119e-08, -1.108636406982e-08, -9.098355708268e-09,
 -6.204550423894e-09, -3.206554669358e-09, -9.581034671690e-10,
 -1.362147177279e-10, -1.053687524819e-09, -3.564473850305e-09,
 -7.090295248710e-09, -1.076435048064e-08, -1.365679795547e-08,
 -1.502321314291e-08, -1.450997250271e-08, -1.225986503723e-08,
 -8.886758989389e-09, -5.322999759505e-09, -2.577055568562e-09,
 -1.464373694244e-09, -2.383343793589e-09, -5.197650157821e-09,
 -9.259487325161e-09, -1.357071213205e-08, -1.704212612827e-08,
 -1.878325633751e-08, -1.834574921275e-08, -1.585348721256e-08,
 -1.198212082093e-08, -7.790004033709e-09, -4.442781968163e-09,
 -2.903410314037e-09, -3.669984503199e-09, -6.633082979418e-09,
 -1.109317028102e-08, -1.593638639276e-08, -1.992480923194e-08,
 -2.202492055533e-08, -2.168710557866e-08, -1.900009278898e-08,
 -1.467697692927e-08, -9.873976274577e-09, -5.887856854034e-09,
 -3.811810043823e-09, -4.241221069929e-09, -7.109023713453e-09,
 -1.169617381929e-08, -1.681661000697e-08, -2.112857068806e-08,
 -2.349046674755e-08, -2.326613114049e-08, -2.049746850095e-08,
 -1.589733521884e-08, -1.066352138058e-08, -6.162604999763e-09,
 -3.567670676247e-09, -3.546470450644e-09]

================================================================================
TRAJECTORY 24
================================================================================

COMP trajectory 24
outcomes: (0, 0, 0, 0, 0, 0, 0, 0, 0, 0, 0, 0, 0, 0, 0, 0, 0, 0, 0, 0, 0, 0, 0, 0, 0, 0, 0, 0, 0, 0, 0, 0, 0, 0, 0, 0, 0, 0, 0, 0, 0, 0, 0, 0, 0, 0, 0, 0, 0, 0, 0, 0, 0, 0, 0, 0, 0, 0, 0, 0, 0, 0, 0, 0, 0, 0, 0, 0, 0, 0, 0, 0, 0, 0, 0, 0, 0, 0, 0, 0, 0, 0, 0, 0, 0, 0, 0, 0, 0, 0, 0, 0, 0, 0, 0, 0, 0, 0, 0, 0, 0, 0, 0, 0, 0, 0, 0, 0, 0, 0, 0, 0, 0, 0, 0, 0, 0, 0, 0, 0, 0, 0, 0, 0, 0, 0, 0, 0, 0, 0, 0, 0, 0, 0, 0, 0, 0, 0, 0, 0, 0, 0, 0, 0, 0, 0, 0, 0, 0, 0, 0, 0, 0, 0, 0, 0, 0, 0, 0, 0, 0, 0, 0, 0, 0, 0, 0, 0, 0, 0, 0, 0, 0, 0, 0, 0, 0, 0, 0, 0, 0, 0, 0, 0, 0, 0, 0, 0, 0, 0, 0, 0, 0, 0, 0, 0, 0, 0, 0, 0, 0)
p_seq: 0.9711646393507506
DeltaW_total: -0.8254703559926213
DeltaQ_total: -4.164499868344711e-06
dW per increment:
[ 1.573221825758e-03,  3.134225698634e-03,  1.495191472248e-03,
 -1.818410173470e-03, -3.643019679057e-03, -2.283259703793e-03,
  8.314121654003e-04,  2.560741646251e-03,  1.138127896114e-03,
 -2.107932878062e-03, -4.075018812387e-03, -2.935493525278e-03,
  8.680979657250e-05,  1.941298909479e-03,  7.505793541434e-04,
 -2.367704122973e-03, -4.427071274868e-03, -3.511588823436e-03,
 -6.325205688213e-04,  1.298855175149e-03,  3.396538452147e-04,
 -2.603516238699e-03, -4.703663861903e-03, -4.002026710845e-03,
 -1.303484448567e-03,  6.567724896147e-04, -8.510182655641e-05,
 -2.821587458538e-03, -4.914835379770e-03, -4.405884661647e-03,
 -1.910183305348e-03,  3.565060464972e-05, -5.132371009751e-04,
 -3.027298470332e-03, -5.073339001779e-03, -4.728865907634e-03,
 -2.444275699512e-03, -5.486423046008e-04, -9.348428529350e-04,
 -3.224521673861e-03, -5.192133571619e-03, -4.980712787173e-03,
 -2.903939336665e-03, -1.085625631404e-03, -1.341595073573e-03,
 -3.415530324414e-03, -5.282703324543e-03, -5.172819604123e-03,
 -3.292147499682e-03, -1.569847932078e-03, -1.727294307221e-03,
 -3.601287952193e-03, -5.354258896261e-03, -5.316473076707e-03,
 -3.614869638918e-03, -1.999957734029e-03, -2.087961498690e-03,
 -3.781885391360e-03, -5.413607311841e-03, -5.421796081443e-03,
 -3.879557404957e-03, -2.377593005731e-03, -2.421629721690e-03,
 -3.956956462901e-03, -5.465411011832e-03, -5.497269492576e-03,
 -4.094047385047e-03, -2.706343493434e-03, -2.727977972208e-03,
 -4.125989748825e-03, -5.512605403135e-03, -5.549645193128e-03,
 -4.265865411639e-03, -2.990908361619e-03, -3.007920527587e-03,
 -4.288519595002e-03, -5.556829053388e-03, -5.584081868419e-03,
 -4.401851463516e-03, -3.236478843183e-03, -3.263222340834e-03,
 -4.444214393502e-03, -5.598794481354e-03, -5.604382314079e-03,
 -4.508010920821e-03, -3.448324470437e-03, -3.496174112369e-03,
 -4.592891503647e-03, -5.638576436994e-03, -5.613257632877e-03,
 -4.589510306330e-03, -3.631540842013e-03, -3.709335560494e-03,
 -4.734486591206e-03, -5.675821051454e-03, -5.612579000513e-03,
 -4.650756018300e-03, -3.790914109564e-03, -3.905341228638e-03,
 -4.868998771144e-03, -5.709890569744e-03, -5.603600587765e-03,
 -4.695514006782e-03, -3.930862912689e-03, -4.086756904949e-03,
 -4.996426192346e-03, -5.739961228311e-03, -5.587150343032e-03,
 -4.727043558887e-03, -4.055426609789e-03, -4.255973341516e-03,
 -5.116701422967e-03, -5.765090719279e-03, -5.563791824187e-03,
 -4.748228901320e-03, -4.168276489178e-03, -4.415125183618e-03,
 -5.229632570476e-03, -5.784269144659e-03, -5.533962658291e-03,
 -4.761698933649e-03, -4.272733115865e-03, -4.566025450544e-03,
 -5.334854257718e-03, -5.796464622374e-03, -5.498095219046e-03,
 -4.769929084116e-03, -4.371777939717e-03, -4.710108795635e-03,
 -5.431791959246e-03, -5.800672190635e-03, -5.456723787063e-03,
 -4.775320974506e-03, -4.468051045418e-03, -4.848379782789e-03,
 -5.519643341266e-03, -5.795972387943e-03, -5.410580380357e-03,
 -4.780256060492e-03, -4.563829901620e-03, -4.981365435036e-03,
 -5.597380761653e-03, -5.781603688753e-03, -5.360678932234e-03,
 -4.787119299504e-03, -4.660986609068e-03, -5.109074308084e-03,
 -5.663779606643e-03, -5.757050613887e-03, -5.308384749725e-03,
 -4.798288702908e-03, -4.760923850927e-03, -5.230967275576e-03,
 -5.717477317724e-03, -5.722146574740e-03, -5.255463397646e-03,
 -4.816086816568e-03, -4.864492816061e-03, -5.345947962631e-03,
 -5.757067431755e-03, -5.677187184443e-03, -5.204100564750e-03,
 -4.842691174211e-03, -4.971899973988e-03, -5.452383086560e-03,
 -5.781231350383e-03, -5.623045821803e-03, -5.156882441717e-03,
 -4.880002986489e-03, -5.082613741926e-03, -5.548164465772e-03,
 -5.788907525879e-03, -5.561278786864e-03, -5.116725168225e-03,
 -4.929477097964e-03, -5.195286585103e-03, -5.630824596562e-03,
 -5.779493037682e-03, -5.494202800431e-03, -5.086742614139e-03,
 -4.991921764532e-03, -5.307712445877e-03, -5.697715810978e-03,
 -5.753066063175e-03, -5.424923524483e-03, -5.070044845191e-03,
 -5.067284018143e-03, -5.416842794922e-03, -5.746258424669e-03,
 -5.710609744664e-03, -5.357291195278e-03, -5.069465751415e-03,
 -5.154444859926e-03, -5.518885912881e-03, -5.774255378167e-03,
 -5.654209111349e-03, -5.295759633523e-03, -5.087227936578e-03,
 -5.251057296700e-03, -5.609511857628e-03]
dQ per increment:
[-2.303445896935e-07, -3.737145369089e-07, -2.283549950933e-07,
  6.305170112452e-08,  2.150937552111e-07,  7.990028732391e-08,
 -2.084242085049e-07, -3.664773042503e-07, -2.399387621110e-07,
  4.614098047476e-08,  2.117009113476e-07,  9.689510160199e-08,
 -1.826187498049e-07, -3.513829642211e-07, -2.450291769021e-07,
  3.033546556530e-08,  2.049763585094e-07,  1.110117306756e-07,
 -1.550299757133e-07, -3.301427211931e-07, -2.439696191038e-07,
  1.639555426841e-08,  1.954990783409e-07,  1.214994547454e-07,
 -1.276947290724e-07, -3.048688196460e-07, -2.376692300205e-07,
  4.792022993260e-09,  1.840388794716e-07,  1.280942077677e-07,
 -1.022653350084e-07, -2.776644927207e-07, -2.273371804587e-07,
 -4.279821998535e-09,  1.714289219086e-07,  1.309683700288e-07,
 -7.985172656823e-08, -2.503246558142e-07, -2.142349204326e-07,
 -1.084738411247e-08,  1.584479067014e-07,  1.306002499210e-07,
 -6.101955821701e-08, -2.241889704440e-07, -1.995010053563e-07,
 -1.509354093793e-08,  1.457387308226e-07,  1.276224479096e-07,
 -4.588924855950e-08, -2.001249774365e-07, -1.840592551367e-07,
 -1.729187853322e-08,  1.337709228935e-07,  1.226934771294e-07,
 -3.427311845569e-08, -1.785916474636e-07, -1.685938165394e-07,
 -1.775376124932e-08,  1.228404726272e-07,  1.164114519568e-07,
 -2.580565765589e-08, -1.597360211165e-07, -1.535663948131e-07,
 -1.679050413463e-08,  1.130923751921e-07,  1.092694205751e-07,
 -2.004501912893e-08, -1.434900750025e-07, -1.392533613949e-07,
 -1.469007675226e-08,  1.045533624044e-07,  1.016422897255e-07,
 -1.654100056014e-08, -1.296522185693e-07, -1.257883024876e-07,
 -1.170519751091e-08,  9.716509228631e-08,  9.379361490171e-08,
 -1.487427096812e-08, -1.179478545097e-07, -1.132015734467e-07,
 -8.050420379803e-09,  9.081268954100e-08,  8.589211769735e-08,
 -1.467435067383e-08, -1.080710673802e-07, -1.014535110436e-07,
 -3.904481047506e-09,  8.534696245392e-08,  7.803175067342e-08,
 -1.562353778208e-08, -9.971068657940e-08, -9.046070717413e-08,
  5.839268157545e-10,  8.060031384417e-08,  7.025135185992e-08,
 -1.745300054696e-08, -9.256527907370e-08, -8.011598286953e-08,
  5.288956048295e-09,  7.639736736547e-08,  6.255220588594e-08,
 -1.993441190199e-08, -8.635090077182e-08, -7.030356236320e-08,
  1.009977830708e-08,  7.256191040736e-08,  5.491314227597e-08,
 -2.287032066462e-08, -8.080429543707e-08, -6.091042770683e-08,
  1.491329992831e-08,  6.892140295544e-08,  4.730323838794e-08,
 -2.608426303207e-08, -7.568391480108e-08, -5.183528438337e-08,
  1.962741622615e-08,  6.531012132754e-08,  3.969257071895e-08,
 -2.941203097436e-08, -7.077007619684e-08, -4.299583785967e-08,
  2.413564253317e-08,  6.157211036167e-08,  3.206142777266e-08,
 -3.269431946441e-08, -6.586573788464e-08, -3.433505970686e-08,
  2.832297230429e-08,  5.756455508273e-08,  2.440847425957e-08,
 -3.577138624894e-08, -6.079799217806e-08, -2.582672045150e-08,
  3.206356326019e-08,  5.316200673948e-08,  1.675781689152e-08,
 -3.847984314433e-08, -5.542129094191e-08, -1.748021510872e-08,
  3.522051618497e-08,  4.826194963982e-08,  9.164972301478e-09,
 -4.065215378820e-08, -4.962225960171e-08, -9.344628259557e-09,
  3.764813782167e-08,  4.279176034263e-08,  1.721530753888e-09,
 -4.211903883306e-08, -4.332600521666e-08, -1.511265309076e-09,
  3.919698187815e-08,  3.671681065437e-08, -5.442147849553e-09,
 -4.271509123407e-08, -3.650385619995e-08,  5.885719669453e-09,
  3.972202878167e-08,  3.004932807617e-08, -1.215687048771e-08,
 -4.228784965515e-08, -2.918145639713e-08,  1.267170678804e-08,
  3.909421967489e-08,  2.285718243237e-08, -1.821821416469e-08,
 -4.071024553055e-08, -2.144663815637e-08,  1.863781259534e-08,
  3.721494434665e-08,  1.527154354364e-08, -2.339443457618e-08,
 -3.789598118555e-08, -1.345526241120e-08,  2.355192775961e-08,
  3.403317385721e-08,  7.491500678483e-09, -2.743986154442e-08,
 -3.381709327410e-08, -5.433546619582e-09,  2.717534480431e-08,
  2.956380423108e-08, -2.156552861635e-10, -3.011402925635e-08,
 -2.852204394194e-08,  2.325176557370e-09,  2.928503450416e-08,
  2.390557781243e-08, -7.521049739598e-09, -3.120651519140e-08,
 -2.215213877783e-08,  9.471303023117e-09,  2.970128797335e-08,
  1.725574105653e-08, -1.404927362381e-08, -3.056650947370e-08,
 -1.495334088931e-08,  1.561900356273e-08]

EXP trajectory 24
outcomes: (0, 0, 0, 0, 0, 0, 0, 0, 0, 0, 0, 0, 0, 0, 0, 0, 0, 0, 0, 0, 0, 0, 0, 0, 0, 0, 0, 0, 0, 0, 0, 0, 0, 0, 0, 0, 0, 0, 0, 0, 0, 0, 0, 0, 0, 0, 0, 0, 0, 0, 0, 0, 0, 0, 0, 0, 0, 0, 0, 0, 0, 0, 0, 0, 0, 0, 0, 0, 0, 0, 0, 0, 0, 0, 0, 0, 0, 0, 0, 0, 0, 0, 0, 0, 0, 0, 0, 0, 0, 0, 0, 0, 0, 0, 0, 0, 0, 0, 0, 0, 0, 0, 0, 0, 0, 0, 0, 0, 0, 0, 0, 0, 0, 0, 0, 0, 0, 0, 0, 0, 0, 0, 0, 0, 0, 0, 0, 0, 0, 0, 0, 0, 0, 0, 0, 0, 0, 0, 0, 0, 0, 0, 0, 0, 0, 0, 0, 0, 0, 0, 0, 0, 0, 0, 0, 0, 0, 0, 0, 0, 0, 0, 0, 0, 0, 0, 0, 0, 0, 0, 0, 0, 0, 0, 0, 0, 0, 0, 0, 0, 0, 0, 0, 0, 0, 0, 0, 0, 0, 0, 0, 0, 0, 0, 0, 0, 0, 0, 0, 0, 0)
p_seq: 0.9922287100657725
DeltaW_total: 0.5301603849893777
DeltaQ_total: -7.719151607382571e-07
dW per increment:
[ 3.471592021139e-03,  3.489908428906e-03,  3.499542792703e-03,
  3.497028079165e-03,  3.482376576295e-03,  3.459130024005e-03,
  3.433383333258e-03,  3.412051153308e-03,  3.400870158988e-03,
  3.402713397428e-03,  3.416710422060e-03,  3.438440127699e-03,
  3.461156066964e-03,  3.477704457890e-03,  3.482589830842e-03,
  3.473592845747e-03,  3.452465789282e-03,  3.424490918368e-03,
  3.397012033791e-03,  3.377347524109e-03,  3.370677421085e-03,
  3.378513174559e-03,  3.398199992864e-03,  3.423611057194e-03,
  3.446852446881e-03,  3.460504343055e-03,  3.459762855192e-03,
  3.443865714532e-03,  3.416381169661e-03,  3.384258974910e-03,
  3.355895587678e-03,  3.338751958154e-03,  3.337198766859e-03,
  3.351209489162e-03,  3.376289061208e-03,  3.404679028904e-03,
  3.427516203855e-03,  3.437344543505e-03,  3.430269528167e-03,
  3.407134656928e-03,  3.373368109511e-03,  3.337520432696e-03,
  3.308886893812e-03,  3.294874975238e-03,  3.298860968572e-03,
  3.319153244814e-03,  3.349376115514e-03,  3.380190563458e-03,
  3.401887676162e-03,  3.407135342613e-03,  3.393102892362e-03,
  3.362350867906e-03,  3.322211620397e-03,  3.282808163888e-03,
  3.254246028792e-03,  3.243755899954e-03,  3.253592696122e-03,
  3.280298007542e-03,  3.315559617075e-03,  3.348456266833e-03,
  3.368481985007e-03,  3.368513748836e-03,  3.346886605744e-03,
  3.307975511301e-03,  3.261091189071e-03,  3.217966880079e-03,
  3.189513415307e-03,  3.182738183902e-03,  3.198694951738e-03,
  3.232059665013e-03,  3.272483945990e-03,  3.307383733533e-03,
  3.325412546804e-03,  3.319662631013e-03,  3.289694066233e-03,
  3.241800872546e-03,  3.187402894879e-03,  3.139972437395e-03,
  3.111321225571e-03,  3.108268423539e-03,  3.130625578207e-03,
  3.171087622738e-03,  3.217101601967e-03,  3.254236837567e-03,
  3.270153219708e-03,  3.258079009022e-03,  3.218822165143e-03,
  3.160724633602e-03,  3.097526103314e-03,  3.044681909479e-03,
  3.015119583406e-03,  3.015595627069e-03,  3.044674015911e-03,
  3.092922697300e-03,  3.145325235042e-03,  3.185293245780e-03,
  3.199209648496e-03,  3.180261868129e-03,  3.130491228227e-03,
  3.060451242069e-03,  2.986511653903e-03,  2.926493760558e-03,
  2.894797634664e-03,  2.898349028616e-03,  2.934500145301e-03,
  2.991509053373e-03,  3.051529780597e-03,  3.095354689673e-03,
  3.107651809330e-03,  3.081273406748e-03,  3.019431538554e-03,
  2.935090631766e-03,  2.847672669210e-03,  2.777908084836e-03,
  2.742193359676e-03,  2.747985388865e-03,  2.791518166976e-03,
  2.858525885362e-03,  2.927853454429e-03,  2.977044695097e-03,
  2.988435731169e-03,  2.954105340171e-03,  2.878302659440e-03,
  2.776623704852e-03,  2.672074159671e-03,  2.589006798452e-03,
  2.546526078143e-03,  2.553139435749e-03,  2.604143225854e-03,
  2.682527892720e-03,  2.763252167938e-03,  2.819817430039e-03,
  2.831420422943e-03,  2.788759249169e-03,  2.696880788532e-03,
  2.574216128261e-03,  2.447960511557e-03,  2.346948888391e-03,
  2.293887735815e-03,  2.299028805124e-03,  2.357037084202e-03,
  2.447988826900e-03,  2.542343890347e-03,  2.608657615212e-03,
  2.622023091986e-03,  2.570982335142e-03,  2.460996823311e-03,
  2.313445207076e-03,  2.160295862955e-03,  2.035773856782e-03,
  1.967189110980e-03,  1.967377690381e-03,  2.030839102211e-03,
  2.134711463212e-03,  2.244452053180e-03,  2.322818203632e-03,
  2.339816139038e-03,  2.280962674844e-03,  2.151589596803e-03,
  1.975927794776e-03,  1.791082260642e-03,  1.637388648561e-03,
  1.547655126121e-03,  1.538156981326e-03,  1.603851242365e-03,
  1.719203159876e-03,  1.844539149339e-03,  1.936350438971e-03,
  1.958870131821e-03,  1.893840379415e-03,  1.745802062390e-03,
  1.541383878163e-03,  1.322648938199e-03,  1.136157894393e-03,
  1.020596391918e-03,  9.962611938334e-04,  1.059267056423e-03,
  1.182123606188e-03,  1.320649646217e-03,  1.425486451986e-03,
  1.455202128376e-03,  1.387497275168e-03,  1.225472717563e-03,
  9.971977101273e-04,  7.485906989935e-04,  5.314232441034e-04,
  3.895953828525e-04,  3.473390862094e-04,  4.025362268560e-04,
  5.270024193518e-04,  6.737378879755e-04,  7.892749176577e-04,
  8.278638852808e-04,  7.637162381879e-04,  5.980127755283e-04,
  3.587656806161e-04,  9.352727539280e-05, -1.431430554426e-04,
 -3.041275490840e-04, -3.622613342138e-04]
dQ per increment:
[-4.162499281889e-10, -8.896106024146e-10, -1.150365450901e-09,
 -1.119499371026e-09, -8.017114363872e-10, -2.854011209221e-10,
  2.817411198005e-10,  7.346852466672e-10,  9.387861848575e-10,
  8.293747238465e-10,  4.317194960898e-10, -1.448441436236e-10,
 -7.371924537827e-10, -1.174808945655e-09, -1.329034235095e-09,
 -1.151043532190e-09, -6.872767344384e-10, -6.770972259436e-11,
  5.302931824127e-10,  9.324338183080e-10,  1.017739948740e-09,
  7.544377596605e-10,  2.106795235230e-10, -4.633608275718e-10,
 -1.077278702008e-09, -1.454444851882e-09, -1.483146725226e-09,
 -1.149750651023e-09, -5.444651461455e-10,  1.627159518236e-10,
  7.692836975076e-10,  1.097732246682e-09,  1.046806066742e-09,
  6.219700737515e-10, -6.424148084154e-11, -8.223532087497e-10,
 -1.438696809472e-09, -1.736003174763e-09, -1.624659441484e-09,
 -1.129985244047e-09, -3.872032243446e-10,  3.949908562121e-10,
  9.924150062932e-10,  1.228965977379e-09,  1.027606012869e-09,
  4.342072565215e-10, -3.930365965413e-10, -1.226302503987e-09,
 -1.831469573221e-09, -2.034275635963e-09, -1.771094322090e-09,
 -1.109046903792e-09, -2.297496703519e-10,  6.197848268679e-10,
  1.195609350781e-09,  1.325903041874e-09,  9.609855062317e-10,
  1.898597915169e-10, -7.819716846703e-10, -1.687972207755e-09,
 -2.274458441357e-09, -2.372298596822e-09, -1.946316578391e-09,
 -1.108130204134e-09, -8.788011963100e-11,  8.278031121906e-10,
  1.375126465605e-09,  1.387593028218e-09,  8.449351906071e-10,
 -1.179749739739e-10, -1.245528577086e-09, -2.230182377639e-09,
 -2.797417589890e-09, -2.783264836811e-09, -2.182712286630e-09,
 -1.154690626643e-09,  1.848150256965e-11,  1.007075776070e-09,
  1.524811284832e-09,  1.409685400963e-09,  6.720105674186e-10,
 -5.043356700145e-10, -1.809080356005e-09, -2.888766425070e-09,
 -3.444073949535e-09, -3.314266422069e-09, -2.525231771627e-09,
 -1.286807543984e-09,  6.091396397706e-11,  1.138674581274e-09,
  1.632213696449e-09,  1.380856694505e-09,  4.259249140447e-10,
 -9.957806811111e-10, -2.512438025530e-09, -3.716654182117e-09,
 -4.277095541237e-09, -4.031890774589e-09, -3.037739189859e-09,
 -1.559839068023e-09, -4.252590684109e-12,  1.190366060279e-09,
  1.672683262624e-09,  1.277688897608e-09,  7.696324361237e-11,
 -1.634709982288e-09, -3.414479586117e-09, -4.789137933664e-09,
 -5.384251458313e-09, -5.029593117207e-09, -3.811371310355e-09,
 -2.055589063115e-09, -2.452423984375e-10,  1.107648860436e-09,
  1.601447945608e-09,  1.057747350862e-09, -4.235767115746e-10,
 -2.484049972011e-09, -4.597305546666e-09, -6.208251334891e-09,
 -6.883759853696e-09, -6.434333082561e-09, -4.972713608454e-09,
 -2.891642708429e-09, -7.648842309852e-10,  8.039711157557e-10,
  1.344938719585e-09,  6.533288375360e-10, -1.146929996289e-09,
 -3.627707477732e-09, -6.164185111890e-09, -8.099032094175e-09,
 -8.920022792343e-09, -8.403247392201e-09, -6.682242508838e-09,
 -4.222090052846e-09, -1.702953441999e-09,  1.580449441566e-10,
  7.999735234594e-10, -2.541834012151e-11, -2.177528917650e-09,
 -5.153715727075e-09, -8.214815033292e-09, -1.057815380239e-08,
 -1.162794102119e-08, -1.108636406982e-08, -9.098355708268e-09,
 -6.204550423894e-09, -3.206554669358e-09, -9.581034671690e-10,
 -1.362147177279e-10, -1.053687524819e-09, -3.564473850305e-09,
 -7.090295248710e-09, -1.076435048064e-08, -1.365679795547e-08,
 -1.502321314291e-08, -1.450997250271e-08, -1.225986503723e-08,
 -8.886758989389e-09, -5.322999759505e-09, -2.577055568562e-09,
 -1.464373694244e-09, -2.383343793589e-09, -5.197650157821e-09,
 -9.259487325161e-09, -1.357071213205e-08, -1.704212612827e-08,
 -1.878325633751e-08, -1.834574921275e-08, -1.585348721256e-08,
 -1.198212082093e-08, -7.790004033709e-09, -4.442781968163e-09,
 -2.903410314037e-09, -3.669984503199e-09, -6.633082979418e-09,
 -1.109317028102e-08, -1.593638639276e-08, -1.992480923194e-08,
 -2.202492055533e-08, -2.168710557866e-08, -1.900009278898e-08,
 -1.467697692927e-08, -9.873976274577e-09, -5.887856854034e-09,
 -3.811810043823e-09, -4.241221069929e-09, -7.109023713453e-09,
 -1.169617381929e-08, -1.681661000697e-08, -2.112857068806e-08,
 -2.349046674755e-08, -2.326613114049e-08, -2.049746850095e-08,
 -1.589733521884e-08, -1.066352138058e-08, -6.162604999763e-09,
 -3.567670676247e-09, -3.546470450644e-09]

================================================================================
TRAJECTORY 25
================================================================================

COMP trajectory 25
outcomes: (0, 0, 0, 0, 0, 0, 0, 0, 0, 0, 0, 0, 0, 0, 0, 0, 0, 0, 0, 0, 0, 0, 0, 0, 0, 0, 0, 0, 0, 0, 0, 0, 0, 0, 0, 0, 0, 0, 0, 0, 0, 0, 0, 0, 0, 0, 0, 0, 0, 0, 0, 0, 0, 0, 0, 0, 0, 0, 0, 0, 0, 0, 0, 0, 0, 0, 0, 0, 0, 0, 0, 0, 0, 0, 0, 0, 0, 0, 0, 0, 0, 0, 0, 0, 0, 0, 0, 0, 0, 0, 0, 0, 0, 0, 0, 0, 0, 0, 0, 0, 0, 0, 0, 0, 0, 0, 0, 0, 0, 0, 0, 0, 0, 0, 0, 0, 0, 0, 0, 0, 0, 0, 0, 0, 0, 0, 0, 0, 0, 0, 0, 0, 0, 0, 0, 0, 0, 0, 0, 0, 0, 0, 0, 0, 0, 0, 0, 0, 0, 0, 0, 0, 0, 0, 0, 0, 0, 0, 0, 0, 0, 0, 0, 0, 0, 0, 0, 0, 0, 0, 0, 0, 0, 0, 0, 0, 0, 0, 0, 0, 0, 0, 0, 0, 0, 0, 0, 0, 0, 0, 0, 0, 0, 0, 0, 0, 0, 0, 0, 0, 0)
p_seq: 0.9711646393507506
DeltaW_total: -0.8254703559926213
DeltaQ_total: -4.164499868344711e-06
dW per increment:
[ 1.573221825758e-03,  3.134225698634e-03,  1.495191472248e-03,
 -1.818410173470e-03, -3.643019679057e-03, -2.283259703793e-03,
  8.314121654003e-04,  2.560741646251e-03,  1.138127896114e-03,
 -2.107932878062e-03, -4.075018812387e-03, -2.935493525278e-03,
  8.680979657250e-05,  1.941298909479e-03,  7.505793541434e-04,
 -2.367704122973e-03, -4.427071274868e-03, -3.511588823436e-03,
 -6.325205688213e-04,  1.298855175149e-03,  3.396538452147e-04,
 -2.603516238699e-03, -4.703663861903e-03, -4.002026710845e-03,
 -1.303484448567e-03,  6.567724896147e-04, -8.510182655641e-05,
 -2.821587458538e-03, -4.914835379770e-03, -4.405884661647e-03,
 -1.910183305348e-03,  3.565060464972e-05, -5.132371009751e-04,
 -3.027298470332e-03, -5.073339001779e-03, -4.728865907634e-03,
 -2.444275699512e-03, -5.486423046008e-04, -9.348428529350e-04,
 -3.224521673861e-03, -5.192133571619e-03, -4.980712787173e-03,
 -2.903939336665e-03, -1.085625631404e-03, -1.341595073573e-03,
 -3.415530324414e-03, -5.282703324543e-03, -5.172819604123e-03,
 -3.292147499682e-03, -1.569847932078e-03, -1.727294307221e-03,
 -3.601287952193e-03, -5.354258896261e-03, -5.316473076707e-03,
 -3.614869638918e-03, -1.999957734029e-03, -2.087961498690e-03,
 -3.781885391360e-03, -5.413607311841e-03, -5.421796081443e-03,
 -3.879557404957e-03, -2.377593005731e-03, -2.421629721690e-03,
 -3.956956462901e-03, -5.465411011832e-03, -5.497269492576e-03,
 -4.094047385047e-03, -2.706343493434e-03, -2.727977972208e-03,
 -4.125989748825e-03, -5.512605403135e-03, -5.549645193128e-03,
 -4.265865411639e-03, -2.990908361619e-03, -3.007920527587e-03,
 -4.288519595002e-03, -5.556829053388e-03, -5.584081868419e-03,
 -4.401851463516e-03, -3.236478843183e-03, -3.263222340834e-03,
 -4.444214393502e-03, -5.598794481354e-03, -5.604382314079e-03,
 -4.508010920821e-03, -3.448324470437e-03, -3.496174112369e-03,
 -4.592891503647e-03, -5.638576436994e-03, -5.613257632877e-03,
 -4.589510306330e-03, -3.631540842013e-03, -3.709335560494e-03,
 -4.734486591206e-03, -5.675821051454e-03, -5.612579000513e-03,
 -4.650756018300e-03, -3.790914109564e-03, -3.905341228638e-03,
 -4.868998771144e-03, -5.709890569744e-03, -5.603600587765e-03,
 -4.695514006782e-03, -3.930862912689e-03, -4.086756904949e-03,
 -4.996426192346e-03, -5.739961228311e-03, -5.587150343032e-03,
 -4.727043558887e-03, -4.055426609789e-03, -4.255973341516e-03,
 -5.116701422967e-03, -5.765090719279e-03, -5.563791824187e-03,
 -4.748228901320e-03, -4.168276489178e-03, -4.415125183618e-03,
 -5.229632570476e-03, -5.784269144659e-03, -5.533962658291e-03,
 -4.761698933649e-03, -4.272733115865e-03, -4.566025450544e-03,
 -5.334854257718e-03, -5.796464622374e-03, -5.498095219046e-03,
 -4.769929084116e-03, -4.371777939717e-03, -4.710108795635e-03,
 -5.431791959246e-03, -5.800672190635e-03, -5.456723787063e-03,
 -4.775320974506e-03, -4.468051045418e-03, -4.848379782789e-03,
 -5.519643341266e-03, -5.795972387943e-03, -5.410580380357e-03,
 -4.780256060492e-03, -4.563829901620e-03, -4.981365435036e-03,
 -5.597380761653e-03, -5.781603688753e-03, -5.360678932234e-03,
 -4.787119299504e-03, -4.660986609068e-03, -5.109074308084e-03,
 -5.663779606643e-03, -5.757050613887e-03, -5.308384749725e-03,
 -4.798288702908e-03, -4.760923850927e-03, -5.230967275576e-03,
 -5.717477317724e-03, -5.722146574740e-03, -5.255463397646e-03,
 -4.816086816568e-03, -4.864492816061e-03, -5.345947962631e-03,
 -5.757067431755e-03, -5.677187184443e-03, -5.204100564750e-03,
 -4.842691174211e-03, -4.971899973988e-03, -5.452383086560e-03,
 -5.781231350383e-03, -5.623045821803e-03, -5.156882441717e-03,
 -4.880002986489e-03, -5.082613741926e-03, -5.548164465772e-03,
 -5.788907525879e-03, -5.561278786864e-03, -5.116725168225e-03,
 -4.929477097964e-03, -5.195286585103e-03, -5.630824596562e-03,
 -5.779493037682e-03, -5.494202800431e-03, -5.086742614139e-03,
 -4.991921764532e-03, -5.307712445877e-03, -5.697715810978e-03,
 -5.753066063175e-03, -5.424923524483e-03, -5.070044845191e-03,
 -5.067284018143e-03, -5.416842794922e-03, -5.746258424669e-03,
 -5.710609744664e-03, -5.357291195278e-03, -5.069465751415e-03,
 -5.154444859926e-03, -5.518885912881e-03, -5.774255378167e-03,
 -5.654209111349e-03, -5.295759633523e-03, -5.087227936578e-03,
 -5.251057296700e-03, -5.609511857628e-03]
dQ per increment:
[-2.303445896935e-07, -3.737145369089e-07, -2.283549950933e-07,
  6.305170112452e-08,  2.150937552111e-07,  7.990028732391e-08,
 -2.084242085049e-07, -3.664773042503e-07, -2.399387621110e-07,
  4.614098047476e-08,  2.117009113476e-07,  9.689510160199e-08,
 -1.826187498049e-07, -3.513829642211e-07, -2.450291769021e-07,
  3.033546556530e-08,  2.049763585094e-07,  1.110117306756e-07,
 -1.550299757133e-07, -3.301427211931e-07, -2.439696191038e-07,
  1.639555426841e-08,  1.954990783409e-07,  1.214994547454e-07,
 -1.276947290724e-07, -3.048688196460e-07, -2.376692300205e-07,
  4.792022993260e-09,  1.840388794716e-07,  1.280942077677e-07,
 -1.022653350084e-07, -2.776644927207e-07, -2.273371804587e-07,
 -4.279821998535e-09,  1.714289219086e-07,  1.309683700288e-07,
 -7.985172656823e-08, -2.503246558142e-07, -2.142349204326e-07,
 -1.084738411247e-08,  1.584479067014e-07,  1.306002499210e-07,
 -6.101955821701e-08, -2.241889704440e-07, -1.995010053563e-07,
 -1.509354093793e-08,  1.457387308226e-07,  1.276224479096e-07,
 -4.588924855950e-08, -2.001249774365e-07, -1.840592551367e-07,
 -1.729187853322e-08,  1.337709228935e-07,  1.226934771294e-07,
 -3.427311845569e-08, -1.785916474636e-07, -1.685938165394e-07,
 -1.775376124932e-08,  1.228404726272e-07,  1.164114519568e-07,
 -2.580565765589e-08, -1.597360211165e-07, -1.535663948131e-07,
 -1.679050413463e-08,  1.130923751921e-07,  1.092694205751e-07,
 -2.004501912893e-08, -1.434900750025e-07, -1.392533613949e-07,
 -1.469007675226e-08,  1.045533624044e-07,  1.016422897255e-07,
 -1.654100056014e-08, -1.296522185693e-07, -1.257883024876e-07,
 -1.170519751091e-08,  9.716509228631e-08,  9.379361490171e-08,
 -1.487427096812e-08, -1.179478545097e-07, -1.132015734467e-07,
 -8.050420379803e-09,  9.081268954100e-08,  8.589211769735e-08,
 -1.467435067383e-08, -1.080710673802e-07, -1.014535110436e-07,
 -3.904481047506e-09,  8.534696245392e-08,  7.803175067342e-08,
 -1.562353778208e-08, -9.971068657940e-08, -9.046070717413e-08,
  5.839268157545e-10,  8.060031384417e-08,  7.025135185992e-08,
 -1.745300054696e-08, -9.256527907370e-08, -8.011598286953e-08,
  5.288956048295e-09,  7.639736736547e-08,  6.255220588594e-08,
 -1.993441190199e-08, -8.635090077182e-08, -7.030356236320e-08,
  1.009977830708e-08,  7.256191040736e-08,  5.491314227597e-08,
 -2.287032066462e-08, -8.080429543707e-08, -6.091042770683e-08,
  1.491329992831e-08,  6.892140295544e-08,  4.730323838794e-08,
 -2.608426303207e-08, -7.568391480108e-08, -5.183528438337e-08,
  1.962741622615e-08,  6.531012132754e-08,  3.969257071895e-08,
 -2.941203097436e-08, -7.077007619684e-08, -4.299583785967e-08,
  2.413564253317e-08,  6.157211036167e-08,  3.206142777266e-08,
 -3.269431946441e-08, -6.586573788464e-08, -3.433505970686e-08,
  2.832297230429e-08,  5.756455508273e-08,  2.440847425957e-08,
 -3.577138624894e-08, -6.079799217806e-08, -2.582672045150e-08,
  3.206356326019e-08,  5.316200673948e-08,  1.675781689152e-08,
 -3.847984314433e-08, -5.542129094191e-08, -1.748021510872e-08,
  3.522051618497e-08,  4.826194963982e-08,  9.164972301478e-09,
 -4.065215378820e-08, -4.962225960171e-08, -9.344628259557e-09,
  3.764813782167e-08,  4.279176034263e-08,  1.721530753888e-09,
 -4.211903883306e-08, -4.332600521666e-08, -1.511265309076e-09,
  3.919698187815e-08,  3.671681065437e-08, -5.442147849553e-09,
 -4.271509123407e-08, -3.650385619995e-08,  5.885719669453e-09,
  3.972202878167e-08,  3.004932807617e-08, -1.215687048771e-08,
 -4.228784965515e-08, -2.918145639713e-08,  1.267170678804e-08,
  3.909421967489e-08,  2.285718243237e-08, -1.821821416469e-08,
 -4.071024553055e-08, -2.144663815637e-08,  1.863781259534e-08,
  3.721494434665e-08,  1.527154354364e-08, -2.339443457618e-08,
 -3.789598118555e-08, -1.345526241120e-08,  2.355192775961e-08,
  3.403317385721e-08,  7.491500678483e-09, -2.743986154442e-08,
 -3.381709327410e-08, -5.433546619582e-09,  2.717534480431e-08,
  2.956380423108e-08, -2.156552861635e-10, -3.011402925635e-08,
 -2.852204394194e-08,  2.325176557370e-09,  2.928503450416e-08,
  2.390557781243e-08, -7.521049739598e-09, -3.120651519140e-08,
 -2.215213877783e-08,  9.471303023117e-09,  2.970128797335e-08,
  1.725574105653e-08, -1.404927362381e-08, -3.056650947370e-08,
 -1.495334088931e-08,  1.561900356273e-08]

EXP trajectory 25
outcomes: (0, 0, 0, 0, 0, 0, 0, 0, 0, 0, 0, 0, 0, 0, 0, 0, 0, 0, 0, 0, 0, 0, 0, 0, 0, 0, 0, 0, 0, 0, 0, 0, 0, 0, 0, 0, 0, 0, 0, 0, 0, 0, 0, 0, 0, 0, 0, 0, 0, 0, 0, 0, 0, 0, 0, 0, 0, 0, 0, 0, 0, 0, 0, 0, 0, 0, 0, 0, 0, 0, 0, 0, 0, 0, 0, 0, 0, 0, 0, 0, 0, 0, 0, 0, 0, 0, 0, 0, 0, 0, 0, 0, 0, 0, 0, 0, 0, 0, 0, 0, 0, 0, 0, 0, 0, 0, 0, 0, 0, 0, 0, 0, 0, 0, 0, 0, 0, 0, 0, 0, 0, 0, 0, 0, 0, 0, 0, 0, 0, 0, 0, 0, 0, 0, 0, 0, 0, 0, 0, 0, 0, 0, 0, 0, 0, 0, 0, 0, 0, 0, 0, 0, 0, 0, 0, 0, 0, 0, 0, 0, 0, 0, 0, 0, 0, 0, 0, 0, 0, 0, 0, 0, 0, 0, 0, 0, 0, 0, 0, 0, 0, 0, 0, 0, 0, 0, 0, 0, 0, 0, 0, 0, 0, 0, 0, 0, 0, 0, 0, 0, 0)
p_seq: 0.9922287100657725
DeltaW_total: 0.5301603849893777
DeltaQ_total: -7.719151607382571e-07
dW per increment:
[ 3.471592021139e-03,  3.489908428906e-03,  3.499542792703e-03,
  3.497028079165e-03,  3.482376576295e-03,  3.459130024005e-03,
  3.433383333258e-03,  3.412051153308e-03,  3.400870158988e-03,
  3.402713397428e-03,  3.416710422060e-03,  3.438440127699e-03,
  3.461156066964e-03,  3.477704457890e-03,  3.482589830842e-03,
  3.473592845747e-03,  3.452465789282e-03,  3.424490918368e-03,
  3.397012033791e-03,  3.377347524109e-03,  3.370677421085e-03,
  3.378513174559e-03,  3.398199992864e-03,  3.423611057194e-03,
  3.446852446881e-03,  3.460504343055e-03,  3.459762855192e-03,
  3.443865714532e-03,  3.416381169661e-03,  3.384258974910e-03,
  3.355895587678e-03,  3.338751958154e-03,  3.337198766859e-03,
  3.351209489162e-03,  3.376289061208e-03,  3.404679028904e-03,
  3.427516203855e-03,  3.437344543505e-03,  3.430269528167e-03,
  3.407134656928e-03,  3.373368109511e-03,  3.337520432696e-03,
  3.308886893812e-03,  3.294874975238e-03,  3.298860968572e-03,
  3.319153244814e-03,  3.349376115514e-03,  3.380190563458e-03,
  3.401887676162e-03,  3.407135342613e-03,  3.393102892362e-03,
  3.362350867906e-03,  3.322211620397e-03,  3.282808163888e-03,
  3.254246028792e-03,  3.243755899954e-03,  3.253592696122e-03,
  3.280298007542e-03,  3.315559617075e-03,  3.348456266833e-03,
  3.368481985007e-03,  3.368513748836e-03,  3.346886605744e-03,
  3.307975511301e-03,  3.261091189071e-03,  3.217966880079e-03,
  3.189513415307e-03,  3.182738183902e-03,  3.198694951738e-03,
  3.232059665013e-03,  3.272483945990e-03,  3.307383733533e-03,
  3.325412546804e-03,  3.319662631013e-03,  3.289694066233e-03,
  3.241800872546e-03,  3.187402894879e-03,  3.139972437395e-03,
  3.111321225571e-03,  3.108268423539e-03,  3.130625578207e-03,
  3.171087622738e-03,  3.217101601967e-03,  3.254236837567e-03,
  3.270153219708e-03,  3.258079009022e-03,  3.218822165143e-03,
  3.160724633602e-03,  3.097526103314e-03,  3.044681909479e-03,
  3.015119583406e-03,  3.015595627069e-03,  3.044674015911e-03,
  3.092922697300e-03,  3.145325235042e-03,  3.185293245780e-03,
  3.199209648496e-03,  3.180261868129e-03,  3.130491228227e-03,
  3.060451242069e-03,  2.986511653903e-03,  2.926493760558e-03,
  2.894797634664e-03,  2.898349028616e-03,  2.934500145301e-03,
  2.991509053373e-03,  3.051529780597e-03,  3.095354689673e-03,
  3.107651809330e-03,  3.081273406748e-03,  3.019431538554e-03,
  2.935090631766e-03,  2.847672669210e-03,  2.777908084836e-03,
  2.742193359676e-03,  2.747985388865e-03,  2.791518166976e-03,
  2.858525885362e-03,  2.927853454429e-03,  2.977044695097e-03,
  2.988435731169e-03,  2.954105340171e-03,  2.878302659440e-03,
  2.776623704852e-03,  2.672074159671e-03,  2.589006798452e-03,
  2.546526078143e-03,  2.553139435749e-03,  2.604143225854e-03,
  2.682527892720e-03,  2.763252167938e-03,  2.819817430039e-03,
  2.831420422943e-03,  2.788759249169e-03,  2.696880788532e-03,
  2.574216128261e-03,  2.447960511557e-03,  2.346948888391e-03,
  2.293887735815e-03,  2.299028805124e-03,  2.357037084202e-03,
  2.447988826900e-03,  2.542343890347e-03,  2.608657615212e-03,
  2.622023091986e-03,  2.570982335142e-03,  2.460996823311e-03,
  2.313445207076e-03,  2.160295862955e-03,  2.035773856782e-03,
  1.967189110980e-03,  1.967377690381e-03,  2.030839102211e-03,
  2.134711463212e-03,  2.244452053180e-03,  2.322818203632e-03,
  2.339816139038e-03,  2.280962674844e-03,  2.151589596803e-03,
  1.975927794776e-03,  1.791082260642e-03,  1.637388648561e-03,
  1.547655126121e-03,  1.538156981326e-03,  1.603851242365e-03,
  1.719203159876e-03,  1.844539149339e-03,  1.936350438971e-03,
  1.958870131821e-03,  1.893840379415e-03,  1.745802062390e-03,
  1.541383878163e-03,  1.322648938199e-03,  1.136157894393e-03,
  1.020596391918e-03,  9.962611938334e-04,  1.059267056423e-03,
  1.182123606188e-03,  1.320649646217e-03,  1.425486451986e-03,
  1.455202128376e-03,  1.387497275168e-03,  1.225472717563e-03,
  9.971977101273e-04,  7.485906989935e-04,  5.314232441034e-04,
  3.895953828525e-04,  3.473390862094e-04,  4.025362268560e-04,
  5.270024193518e-04,  6.737378879755e-04,  7.892749176577e-04,
  8.278638852808e-04,  7.637162381879e-04,  5.980127755283e-04,
  3.587656806161e-04,  9.352727539280e-05, -1.431430554426e-04,
 -3.041275490840e-04, -3.622613342138e-04]
dQ per increment:
[-4.162499281889e-10, -8.896106024146e-10, -1.150365450901e-09,
 -1.119499371026e-09, -8.017114363872e-10, -2.854011209221e-10,
  2.817411198005e-10,  7.346852466672e-10,  9.387861848575e-10,
  8.293747238465e-10,  4.317194960898e-10, -1.448441436236e-10,
 -7.371924537827e-10, -1.174808945655e-09, -1.329034235095e-09,
 -1.151043532190e-09, -6.872767344384e-10, -6.770972259436e-11,
  5.302931824127e-10,  9.324338183080e-10,  1.017739948740e-09,
  7.544377596605e-10,  2.106795235230e-10, -4.633608275718e-10,
 -1.077278702008e-09, -1.454444851882e-09, -1.483146725226e-09,
 -1.149750651023e-09, -5.444651461455e-10,  1.627159518236e-10,
  7.692836975076e-10,  1.097732246682e-09,  1.046806066742e-09,
  6.219700737515e-10, -6.424148084154e-11, -8.223532087497e-10,
 -1.438696809472e-09, -1.736003174763e-09, -1.624659441484e-09,
 -1.129985244047e-09, -3.872032243446e-10,  3.949908562121e-10,
  9.924150062932e-10,  1.228965977379e-09,  1.027606012869e-09,
  4.342072565215e-10, -3.930365965413e-10, -1.226302503987e-09,
 -1.831469573221e-09, -2.034275635963e-09, -1.771094322090e-09,
 -1.109046903792e-09, -2.297496703519e-10,  6.197848268679e-10,
  1.195609350781e-09,  1.325903041874e-09,  9.609855062317e-10,
  1.898597915169e-10, -7.819716846703e-10, -1.687972207755e-09,
 -2.274458441357e-09, -2.372298596822e-09, -1.946316578391e-09,
 -1.108130204134e-09, -8.788011963100e-11,  8.278031121906e-10,
  1.375126465605e-09,  1.387593028218e-09,  8.449351906071e-10,
 -1.179749739739e-10, -1.245528577086e-09, -2.230182377639e-09,
 -2.797417589890e-09, -2.783264836811e-09, -2.182712286630e-09,
 -1.154690626643e-09,  1.848150256965e-11,  1.007075776070e-09,
  1.524811284832e-09,  1.409685400963e-09,  6.720105674186e-10,
 -5.043356700145e-10, -1.809080356005e-09, -2.888766425070e-09,
 -3.444073949535e-09, -3.314266422069e-09, -2.525231771627e-09,
 -1.286807543984e-09,  6.091396397706e-11,  1.138674581274e-09,
  1.632213696449e-09,  1.380856694505e-09,  4.259249140447e-10,
 -9.957806811111e-10, -2.512438025530e-09, -3.716654182117e-09,
 -4.277095541237e-09, -4.031890774589e-09, -3.037739189859e-09,
 -1.559839068023e-09, -4.252590684109e-12,  1.190366060279e-09,
  1.672683262624e-09,  1.277688897608e-09,  7.696324361237e-11,
 -1.634709982288e-09, -3.414479586117e-09, -4.789137933664e-09,
 -5.384251458313e-09, -5.029593117207e-09, -3.811371310355e-09,
 -2.055589063115e-09, -2.452423984375e-10,  1.107648860436e-09,
  1.601447945608e-09,  1.057747350862e-09, -4.235767115746e-10,
 -2.484049972011e-09, -4.597305546666e-09, -6.208251334891e-09,
 -6.883759853696e-09, -6.434333082561e-09, -4.972713608454e-09,
 -2.891642708429e-09, -7.648842309852e-10,  8.039711157557e-10,
  1.344938719585e-09,  6.533288375360e-10, -1.146929996289e-09,
 -3.627707477732e-09, -6.164185111890e-09, -8.099032094175e-09,
 -8.920022792343e-09, -8.403247392201e-09, -6.682242508838e-09,
 -4.222090052846e-09, -1.702953441999e-09,  1.580449441566e-10,
  7.999735234594e-10, -2.541834012151e-11, -2.177528917650e-09,
 -5.153715727075e-09, -8.214815033292e-09, -1.057815380239e-08,
 -1.162794102119e-08, -1.108636406982e-08, -9.098355708268e-09,
 -6.204550423894e-09, -3.206554669358e-09, -9.581034671690e-10,
 -1.362147177279e-10, -1.053687524819e-09, -3.564473850305e-09,
 -7.090295248710e-09, -1.076435048064e-08, -1.365679795547e-08,
 -1.502321314291e-08, -1.450997250271e-08, -1.225986503723e-08,
 -8.886758989389e-09, -5.322999759505e-09, -2.577055568562e-09,
 -1.464373694244e-09, -2.383343793589e-09, -5.197650157821e-09,
 -9.259487325161e-09, -1.357071213205e-08, -1.704212612827e-08,
 -1.878325633751e-08, -1.834574921275e-08, -1.585348721256e-08,
 -1.198212082093e-08, -7.790004033709e-09, -4.442781968163e-09,
 -2.903410314037e-09, -3.669984503199e-09, -6.633082979418e-09,
 -1.109317028102e-08, -1.593638639276e-08, -1.992480923194e-08,
 -2.202492055533e-08, -2.168710557866e-08, -1.900009278898e-08,
 -1.467697692927e-08, -9.873976274577e-09, -5.887856854034e-09,
 -3.811810043823e-09, -4.241221069929e-09, -7.109023713453e-09,
 -1.169617381929e-08, -1.681661000697e-08, -2.112857068806e-08,
 -2.349046674755e-08, -2.326613114049e-08, -2.049746850095e-08,
 -1.589733521884e-08, -1.066352138058e-08, -6.162604999763e-09,
 -3.567670676247e-09, -3.546470450644e-09]

================================================================================
TRAJECTORY 26
================================================================================

COMP trajectory 26
outcomes: (0, 0, 0, 0, 0, 0, 0, 0, 0, 0, 0, 0, 0, 0, 0, 0, 0, 0, 0, 0, 0, 0, 0, 0, 0, 0, 0, 0, 0, 0, 0, 0, 0, 0, 0, 0, 0, 0, 0, 0, 0, 0, 0, 0, 0, 0, 0, 0, 0, 0, 0, 0, 0, 0, 0, 0, 0, 0, 0, 0, 0, 0, 0, 0, 0, 0, 0, 0, 0, 0, 0, 0, 0, 0, 0, 0, 0, 0, 0, 0, 0, 0, 0, 0, 0, 0, 0, 0, 0, 0, 0, 0, 0, 0, 0, 0, 0, 0, 0, 0, 0, 0, 0, 0, 0, 0, 0, 0, 0, 0, 0, 0, 0, 0, 0, 0, 0, 0, 0, 0, 0, 0, 0, 0, 0, 0, 0, 0, 0, 0, 0, 0, 0, 0, 0, 0, 0, 0, 0, 0, 0, 0, 0, 0, 0, 0, 0, 0, 0, 0, 0, 0, 0, 0, 0, 0, 0, 0, 0, 0, 0, 0, 0, 0, 0, 0, 0, 0, 0, 0, 0, 0, 0, 0, 0, 0, 0, 0, 0, 0, 0, 0, 0, 0, 0, 0, 0, 0, 0, 0, 0, 0, 0, 0, 0, 0, 0, 0, 0, 0, 0)
p_seq: 0.9711646393507506
DeltaW_total: -0.8254703559926213
DeltaQ_total: -4.164499868344711e-06
dW per increment:
[ 1.573221825758e-03,  3.134225698634e-03,  1.495191472248e-03,
 -1.818410173470e-03, -3.643019679057e-03, -2.283259703793e-03,
  8.314121654003e-04,  2.560741646251e-03,  1.138127896114e-03,
 -2.107932878062e-03, -4.075018812387e-03, -2.935493525278e-03,
  8.680979657250e-05,  1.941298909479e-03,  7.505793541434e-04,
 -2.367704122973e-03, -4.427071274868e-03, -3.511588823436e-03,
 -6.325205688213e-04,  1.298855175149e-03,  3.396538452147e-04,
 -2.603516238699e-03, -4.703663861903e-03, -4.002026710845e-03,
 -1.303484448567e-03,  6.567724896147e-04, -8.510182655641e-05,
 -2.821587458538e-03, -4.914835379770e-03, -4.405884661647e-03,
 -1.910183305348e-03,  3.565060464972e-05, -5.132371009751e-04,
 -3.027298470332e-03, -5.073339001779e-03, -4.728865907634e-03,
 -2.444275699512e-03, -5.486423046008e-04, -9.348428529350e-04,
 -3.224521673861e-03, -5.192133571619e-03, -4.980712787173e-03,
 -2.903939336665e-03, -1.085625631404e-03, -1.341595073573e-03,
 -3.415530324414e-03, -5.282703324543e-03, -5.172819604123e-03,
 -3.292147499682e-03, -1.569847932078e-03, -1.727294307221e-03,
 -3.601287952193e-03, -5.354258896261e-03, -5.316473076707e-03,
 -3.614869638918e-03, -1.999957734029e-03, -2.087961498690e-03,
 -3.781885391360e-03, -5.413607311841e-03, -5.421796081443e-03,
 -3.879557404957e-03, -2.377593005731e-03, -2.421629721690e-03,
 -3.956956462901e-03, -5.465411011832e-03, -5.497269492576e-03,
 -4.094047385047e-03, -2.706343493434e-03, -2.727977972208e-03,
 -4.125989748825e-03, -5.512605403135e-03, -5.549645193128e-03,
 -4.265865411639e-03, -2.990908361619e-03, -3.007920527587e-03,
 -4.288519595002e-03, -5.556829053388e-03, -5.584081868419e-03,
 -4.401851463516e-03, -3.236478843183e-03, -3.263222340834e-03,
 -4.444214393502e-03, -5.598794481354e-03, -5.604382314079e-03,
 -4.508010920821e-03, -3.448324470437e-03, -3.496174112369e-03,
 -4.592891503647e-03, -5.638576436994e-03, -5.613257632877e-03,
 -4.589510306330e-03, -3.631540842013e-03, -3.709335560494e-03,
 -4.734486591206e-03, -5.675821051454e-03, -5.612579000513e-03,
 -4.650756018300e-03, -3.790914109564e-03, -3.905341228638e-03,
 -4.868998771144e-03, -5.709890569744e-03, -5.603600587765e-03,
 -4.695514006782e-03, -3.930862912689e-03, -4.086756904949e-03,
 -4.996426192346e-03, -5.739961228311e-03, -5.587150343032e-03,
 -4.727043558887e-03, -4.055426609789e-03, -4.255973341516e-03,
 -5.116701422967e-03, -5.765090719279e-03, -5.563791824187e-03,
 -4.748228901320e-03, -4.168276489178e-03, -4.415125183618e-03,
 -5.229632570476e-03, -5.784269144659e-03, -5.533962658291e-03,
 -4.761698933649e-03, -4.272733115865e-03, -4.566025450544e-03,
 -5.334854257718e-03, -5.796464622374e-03, -5.498095219046e-03,
 -4.769929084116e-03, -4.371777939717e-03, -4.710108795635e-03,
 -5.431791959246e-03, -5.800672190635e-03, -5.456723787063e-03,
 -4.775320974506e-03, -4.468051045418e-03, -4.848379782789e-03,
 -5.519643341266e-03, -5.795972387943e-03, -5.410580380357e-03,
 -4.780256060492e-03, -4.563829901620e-03, -4.981365435036e-03,
 -5.597380761653e-03, -5.781603688753e-03, -5.360678932234e-03,
 -4.787119299504e-03, -4.660986609068e-03, -5.109074308084e-03,
 -5.663779606643e-03, -5.757050613887e-03, -5.308384749725e-03,
 -4.798288702908e-03, -4.760923850927e-03, -5.230967275576e-03,
 -5.717477317724e-03, -5.722146574740e-03, -5.255463397646e-03,
 -4.816086816568e-03, -4.864492816061e-03, -5.345947962631e-03,
 -5.757067431755e-03, -5.677187184443e-03, -5.204100564750e-03,
 -4.842691174211e-03, -4.971899973988e-03, -5.452383086560e-03,
 -5.781231350383e-03, -5.623045821803e-03, -5.156882441717e-03,
 -4.880002986489e-03, -5.082613741926e-03, -5.548164465772e-03,
 -5.788907525879e-03, -5.561278786864e-03, -5.116725168225e-03,
 -4.929477097964e-03, -5.195286585103e-03, -5.630824596562e-03,
 -5.779493037682e-03, -5.494202800431e-03, -5.086742614139e-03,
 -4.991921764532e-03, -5.307712445877e-03, -5.697715810978e-03,
 -5.753066063175e-03, -5.424923524483e-03, -5.070044845191e-03,
 -5.067284018143e-03, -5.416842794922e-03, -5.746258424669e-03,
 -5.710609744664e-03, -5.357291195278e-03, -5.069465751415e-03,
 -5.154444859926e-03, -5.518885912881e-03, -5.774255378167e-03,
 -5.654209111349e-03, -5.295759633523e-03, -5.087227936578e-03,
 -5.251057296700e-03, -5.609511857628e-03]
dQ per increment:
[-2.303445896935e-07, -3.737145369089e-07, -2.283549950933e-07,
  6.305170112452e-08,  2.150937552111e-07,  7.990028732391e-08,
 -2.084242085049e-07, -3.664773042503e-07, -2.399387621110e-07,
  4.614098047476e-08,  2.117009113476e-07,  9.689510160199e-08,
 -1.826187498049e-07, -3.513829642211e-07, -2.450291769021e-07,
  3.033546556530e-08,  2.049763585094e-07,  1.110117306756e-07,
 -1.550299757133e-07, -3.301427211931e-07, -2.439696191038e-07,
  1.639555426841e-08,  1.954990783409e-07,  1.214994547454e-07,
 -1.276947290724e-07, -3.048688196460e-07, -2.376692300205e-07,
  4.792022993260e-09,  1.840388794716e-07,  1.280942077677e-07,
 -1.022653350084e-07, -2.776644927207e-07, -2.273371804587e-07,
 -4.279821998535e-09,  1.714289219086e-07,  1.309683700288e-07,
 -7.985172656823e-08, -2.503246558142e-07, -2.142349204326e-07,
 -1.084738411247e-08,  1.584479067014e-07,  1.306002499210e-07,
 -6.101955821701e-08, -2.241889704440e-07, -1.995010053563e-07,
 -1.509354093793e-08,  1.457387308226e-07,  1.276224479096e-07,
 -4.588924855950e-08, -2.001249774365e-07, -1.840592551367e-07,
 -1.729187853322e-08,  1.337709228935e-07,  1.226934771294e-07,
 -3.427311845569e-08, -1.785916474636e-07, -1.685938165394e-07,
 -1.775376124932e-08,  1.228404726272e-07,  1.164114519568e-07,
 -2.580565765589e-08, -1.597360211165e-07, -1.535663948131e-07,
 -1.679050413463e-08,  1.130923751921e-07,  1.092694205751e-07,
 -2.004501912893e-08, -1.434900750025e-07, -1.392533613949e-07,
 -1.469007675226e-08,  1.045533624044e-07,  1.016422897255e-07,
 -1.654100056014e-08, -1.296522185693e-07, -1.257883024876e-07,
 -1.170519751091e-08,  9.716509228631e-08,  9.379361490171e-08,
 -1.487427096812e-08, -1.179478545097e-07, -1.132015734467e-07,
 -8.050420379803e-09,  9.081268954100e-08,  8.589211769735e-08,
 -1.467435067383e-08, -1.080710673802e-07, -1.014535110436e-07,
 -3.904481047506e-09,  8.534696245392e-08,  7.803175067342e-08,
 -1.562353778208e-08, -9.971068657940e-08, -9.046070717413e-08,
  5.839268157545e-10,  8.060031384417e-08,  7.025135185992e-08,
 -1.745300054696e-08, -9.256527907370e-08, -8.011598286953e-08,
  5.288956048295e-09,  7.639736736547e-08,  6.255220588594e-08,
 -1.993441190199e-08, -8.635090077182e-08, -7.030356236320e-08,
  1.009977830708e-08,  7.256191040736e-08,  5.491314227597e-08,
 -2.287032066462e-08, -8.080429543707e-08, -6.091042770683e-08,
  1.491329992831e-08,  6.892140295544e-08,  4.730323838794e-08,
 -2.608426303207e-08, -7.568391480108e-08, -5.183528438337e-08,
  1.962741622615e-08,  6.531012132754e-08,  3.969257071895e-08,
 -2.941203097436e-08, -7.077007619684e-08, -4.299583785967e-08,
  2.413564253317e-08,  6.157211036167e-08,  3.206142777266e-08,
 -3.269431946441e-08, -6.586573788464e-08, -3.433505970686e-08,
  2.832297230429e-08,  5.756455508273e-08,  2.440847425957e-08,
 -3.577138624894e-08, -6.079799217806e-08, -2.582672045150e-08,
  3.206356326019e-08,  5.316200673948e-08,  1.675781689152e-08,
 -3.847984314433e-08, -5.542129094191e-08, -1.748021510872e-08,
  3.522051618497e-08,  4.826194963982e-08,  9.164972301478e-09,
 -4.065215378820e-08, -4.962225960171e-08, -9.344628259557e-09,
  3.764813782167e-08,  4.279176034263e-08,  1.721530753888e-09,
 -4.211903883306e-08, -4.332600521666e-08, -1.511265309076e-09,
  3.919698187815e-08,  3.671681065437e-08, -5.442147849553e-09,
 -4.271509123407e-08, -3.650385619995e-08,  5.885719669453e-09,
  3.972202878167e-08,  3.004932807617e-08, -1.215687048771e-08,
 -4.228784965515e-08, -2.918145639713e-08,  1.267170678804e-08,
  3.909421967489e-08,  2.285718243237e-08, -1.821821416469e-08,
 -4.071024553055e-08, -2.144663815637e-08,  1.863781259534e-08,
  3.721494434665e-08,  1.527154354364e-08, -2.339443457618e-08,
 -3.789598118555e-08, -1.345526241120e-08,  2.355192775961e-08,
  3.403317385721e-08,  7.491500678483e-09, -2.743986154442e-08,
 -3.381709327410e-08, -5.433546619582e-09,  2.717534480431e-08,
  2.956380423108e-08, -2.156552861635e-10, -3.011402925635e-08,
 -2.852204394194e-08,  2.325176557370e-09,  2.928503450416e-08,
  2.390557781243e-08, -7.521049739598e-09, -3.120651519140e-08,
 -2.215213877783e-08,  9.471303023117e-09,  2.970128797335e-08,
  1.725574105653e-08, -1.404927362381e-08, -3.056650947370e-08,
 -1.495334088931e-08,  1.561900356273e-08]

EXP trajectory 26
outcomes: (0, 0, 0, 0, 0, 0, 0, 0, 0, 0, 0, 0, 0, 0, 0, 0, 0, 0, 0, 0, 0, 0, 0, 0, 0, 0, 0, 0, 0, 0, 0, 0, 0, 0, 0, 0, 0, 0, 0, 0, 0, 0, 0, 0, 0, 0, 0, 0, 0, 0, 0, 0, 0, 0, 0, 0, 0, 0, 0, 0, 0, 0, 0, 0, 0, 0, 0, 0, 0, 0, 0, 0, 0, 0, 0, 0, 0, 0, 0, 0, 0, 0, 0, 0, 0, 0, 0, 0, 0, 0, 0, 0, 0, 0, 0, 0, 0, 0, 0, 0, 0, 0, 0, 0, 0, 0, 0, 0, 0, 0, 0, 0, 0, 0, 0, 0, 0, 0, 0, 0, 0, 0, 0, 0, 0, 0, 0, 0, 0, 0, 0, 0, 0, 0, 0, 0, 0, 0, 0, 0, 0, 0, 0, 0, 0, 0, 0, 0, 0, 0, 0, 0, 0, 0, 0, 0, 0, 0, 0, 0, 0, 0, 0, 0, 0, 0, 0, 0, 0, 0, 0, 0, 0, 0, 0, 0, 0, 0, 0, 0, 0, 0, 0, 0, 0, 0, 0, 0, 0, 0, 0, 0, 0, 0, 0, 0, 0, 0, 0, 0, 0)
p_seq: 0.9922287100657725
DeltaW_total: 0.5301603849893777
DeltaQ_total: -7.719151607382571e-07
dW per increment:
[ 3.471592021139e-03,  3.489908428906e-03,  3.499542792703e-03,
  3.497028079165e-03,  3.482376576295e-03,  3.459130024005e-03,
  3.433383333258e-03,  3.412051153308e-03,  3.400870158988e-03,
  3.402713397428e-03,  3.416710422060e-03,  3.438440127699e-03,
  3.461156066964e-03,  3.477704457890e-03,  3.482589830842e-03,
  3.473592845747e-03,  3.452465789282e-03,  3.424490918368e-03,
  3.397012033791e-03,  3.377347524109e-03,  3.370677421085e-03,
  3.378513174559e-03,  3.398199992864e-03,  3.423611057194e-03,
  3.446852446881e-03,  3.460504343055e-03,  3.459762855192e-03,
  3.443865714532e-03,  3.416381169661e-03,  3.384258974910e-03,
  3.355895587678e-03,  3.338751958154e-03,  3.337198766859e-03,
  3.351209489162e-03,  3.376289061208e-03,  3.404679028904e-03,
  3.427516203855e-03,  3.437344543505e-03,  3.430269528167e-03,
  3.407134656928e-03,  3.373368109511e-03,  3.337520432696e-03,
  3.308886893812e-03,  3.294874975238e-03,  3.298860968572e-03,
  3.319153244814e-03,  3.349376115514e-03,  3.380190563458e-03,
  3.401887676162e-03,  3.407135342613e-03,  3.393102892362e-03,
  3.362350867906e-03,  3.322211620397e-03,  3.282808163888e-03,
  3.254246028792e-03,  3.243755899954e-03,  3.253592696122e-03,
  3.280298007542e-03,  3.315559617075e-03,  3.348456266833e-03,
  3.368481985007e-03,  3.368513748836e-03,  3.346886605744e-03,
  3.307975511301e-03,  3.261091189071e-03,  3.217966880079e-03,
  3.189513415307e-03,  3.182738183902e-03,  3.198694951738e-03,
  3.232059665013e-03,  3.272483945990e-03,  3.307383733533e-03,
  3.325412546804e-03,  3.319662631013e-03,  3.289694066233e-03,
  3.241800872546e-03,  3.187402894879e-03,  3.139972437395e-03,
  3.111321225571e-03,  3.108268423539e-03,  3.130625578207e-03,
  3.171087622738e-03,  3.217101601967e-03,  3.254236837567e-03,
  3.270153219708e-03,  3.258079009022e-03,  3.218822165143e-03,
  3.160724633602e-03,  3.097526103314e-03,  3.044681909479e-03,
  3.015119583406e-03,  3.015595627069e-03,  3.044674015911e-03,
  3.092922697300e-03,  3.145325235042e-03,  3.185293245780e-03,
  3.199209648496e-03,  3.180261868129e-03,  3.130491228227e-03,
  3.060451242069e-03,  2.986511653903e-03,  2.926493760558e-03,
  2.894797634664e-03,  2.898349028616e-03,  2.934500145301e-03,
  2.991509053373e-03,  3.051529780597e-03,  3.095354689673e-03,
  3.107651809330e-03,  3.081273406748e-03,  3.019431538554e-03,
  2.935090631766e-03,  2.847672669210e-03,  2.777908084836e-03,
  2.742193359676e-03,  2.747985388865e-03,  2.791518166976e-03,
  2.858525885362e-03,  2.927853454429e-03,  2.977044695097e-03,
  2.988435731169e-03,  2.954105340171e-03,  2.878302659440e-03,
  2.776623704852e-03,  2.672074159671e-03,  2.589006798452e-03,
  2.546526078143e-03,  2.553139435749e-03,  2.604143225854e-03,
  2.682527892720e-03,  2.763252167938e-03,  2.819817430039e-03,
  2.831420422943e-03,  2.788759249169e-03,  2.696880788532e-03,
  2.574216128261e-03,  2.447960511557e-03,  2.346948888391e-03,
  2.293887735815e-03,  2.299028805124e-03,  2.357037084202e-03,
  2.447988826900e-03,  2.542343890347e-03,  2.608657615212e-03,
  2.622023091986e-03,  2.570982335142e-03,  2.460996823311e-03,
  2.313445207076e-03,  2.160295862955e-03,  2.035773856782e-03,
  1.967189110980e-03,  1.967377690381e-03,  2.030839102211e-03,
  2.134711463212e-03,  2.244452053180e-03,  2.322818203632e-03,
  2.339816139038e-03,  2.280962674844e-03,  2.151589596803e-03,
  1.975927794776e-03,  1.791082260642e-03,  1.637388648561e-03,
  1.547655126121e-03,  1.538156981326e-03,  1.603851242365e-03,
  1.719203159876e-03,  1.844539149339e-03,  1.936350438971e-03,
  1.958870131821e-03,  1.893840379415e-03,  1.745802062390e-03,
  1.541383878163e-03,  1.322648938199e-03,  1.136157894393e-03,
  1.020596391918e-03,  9.962611938334e-04,  1.059267056423e-03,
  1.182123606188e-03,  1.320649646217e-03,  1.425486451986e-03,
  1.455202128376e-03,  1.387497275168e-03,  1.225472717563e-03,
  9.971977101273e-04,  7.485906989935e-04,  5.314232441034e-04,
  3.895953828525e-04,  3.473390862094e-04,  4.025362268560e-04,
  5.270024193518e-04,  6.737378879755e-04,  7.892749176577e-04,
  8.278638852808e-04,  7.637162381879e-04,  5.980127755283e-04,
  3.587656806161e-04,  9.352727539280e-05, -1.431430554426e-04,
 -3.041275490840e-04, -3.622613342138e-04]
dQ per increment:
[-4.162499281889e-10, -8.896106024146e-10, -1.150365450901e-09,
 -1.119499371026e-09, -8.017114363872e-10, -2.854011209221e-10,
  2.817411198005e-10,  7.346852466672e-10,  9.387861848575e-10,
  8.293747238465e-10,  4.317194960898e-10, -1.448441436236e-10,
 -7.371924537827e-10, -1.174808945655e-09, -1.329034235095e-09,
 -1.151043532190e-09, -6.872767344384e-10, -6.770972259436e-11,
  5.302931824127e-10,  9.324338183080e-10,  1.017739948740e-09,
  7.544377596605e-10,  2.106795235230e-10, -4.633608275718e-10,
 -1.077278702008e-09, -1.454444851882e-09, -1.483146725226e-09,
 -1.149750651023e-09, -5.444651461455e-10,  1.627159518236e-10,
  7.692836975076e-10,  1.097732246682e-09,  1.046806066742e-09,
  6.219700737515e-10, -6.424148084154e-11, -8.223532087497e-10,
 -1.438696809472e-09, -1.736003174763e-09, -1.624659441484e-09,
 -1.129985244047e-09, -3.872032243446e-10,  3.949908562121e-10,
  9.924150062932e-10,  1.228965977379e-09,  1.027606012869e-09,
  4.342072565215e-10, -3.930365965413e-10, -1.226302503987e-09,
 -1.831469573221e-09, -2.034275635963e-09, -1.771094322090e-09,
 -1.109046903792e-09, -2.297496703519e-10,  6.197848268679e-10,
  1.195609350781e-09,  1.325903041874e-09,  9.609855062317e-10,
  1.898597915169e-10, -7.819716846703e-10, -1.687972207755e-09,
 -2.274458441357e-09, -2.372298596822e-09, -1.946316578391e-09,
 -1.108130204134e-09, -8.788011963100e-11,  8.278031121906e-10,
  1.375126465605e-09,  1.387593028218e-09,  8.449351906071e-10,
 -1.179749739739e-10, -1.245528577086e-09, -2.230182377639e-09,
 -2.797417589890e-09, -2.783264836811e-09, -2.182712286630e-09,
 -1.154690626643e-09,  1.848150256965e-11,  1.007075776070e-09,
  1.524811284832e-09,  1.409685400963e-09,  6.720105674186e-10,
 -5.043356700145e-10, -1.809080356005e-09, -2.888766425070e-09,
 -3.444073949535e-09, -3.314266422069e-09, -2.525231771627e-09,
 -1.286807543984e-09,  6.091396397706e-11,  1.138674581274e-09,
  1.632213696449e-09,  1.380856694505e-09,  4.259249140447e-10,
 -9.957806811111e-10, -2.512438025530e-09, -3.716654182117e-09,
 -4.277095541237e-09, -4.031890774589e-09, -3.037739189859e-09,
 -1.559839068023e-09, -4.252590684109e-12,  1.190366060279e-09,
  1.672683262624e-09,  1.277688897608e-09,  7.696324361237e-11,
 -1.634709982288e-09, -3.414479586117e-09, -4.789137933664e-09,
 -5.384251458313e-09, -5.029593117207e-09, -3.811371310355e-09,
 -2.055589063115e-09, -2.452423984375e-10,  1.107648860436e-09,
  1.601447945608e-09,  1.057747350862e-09, -4.235767115746e-10,
 -2.484049972011e-09, -4.597305546666e-09, -6.208251334891e-09,
 -6.883759853696e-09, -6.434333082561e-09, -4.972713608454e-09,
 -2.891642708429e-09, -7.648842309852e-10,  8.039711157557e-10,
  1.344938719585e-09,  6.533288375360e-10, -1.146929996289e-09,
 -3.627707477732e-09, -6.164185111890e-09, -8.099032094175e-09,
 -8.920022792343e-09, -8.403247392201e-09, -6.682242508838e-09,
 -4.222090052846e-09, -1.702953441999e-09,  1.580449441566e-10,
  7.999735234594e-10, -2.541834012151e-11, -2.177528917650e-09,
 -5.153715727075e-09, -8.214815033292e-09, -1.057815380239e-08,
 -1.162794102119e-08, -1.108636406982e-08, -9.098355708268e-09,
 -6.204550423894e-09, -3.206554669358e-09, -9.581034671690e-10,
 -1.362147177279e-10, -1.053687524819e-09, -3.564473850305e-09,
 -7.090295248710e-09, -1.076435048064e-08, -1.365679795547e-08,
 -1.502321314291e-08, -1.450997250271e-08, -1.225986503723e-08,
 -8.886758989389e-09, -5.322999759505e-09, -2.577055568562e-09,
 -1.464373694244e-09, -2.383343793589e-09, -5.197650157821e-09,
 -9.259487325161e-09, -1.357071213205e-08, -1.704212612827e-08,
 -1.878325633751e-08, -1.834574921275e-08, -1.585348721256e-08,
 -1.198212082093e-08, -7.790004033709e-09, -4.442781968163e-09,
 -2.903410314037e-09, -3.669984503199e-09, -6.633082979418e-09,
 -1.109317028102e-08, -1.593638639276e-08, -1.992480923194e-08,
 -2.202492055533e-08, -2.168710557866e-08, -1.900009278898e-08,
 -1.467697692927e-08, -9.873976274577e-09, -5.887856854034e-09,
 -3.811810043823e-09, -4.241221069929e-09, -7.109023713453e-09,
 -1.169617381929e-08, -1.681661000697e-08, -2.112857068806e-08,
 -2.349046674755e-08, -2.326613114049e-08, -2.049746850095e-08,
 -1.589733521884e-08, -1.066352138058e-08, -6.162604999763e-09,
 -3.567670676247e-09, -3.546470450644e-09]

================================================================================
TRAJECTORY 27
================================================================================

COMP trajectory 27
outcomes: (0, 0, 0, 0, 0, 0, 0, 0, 0, 0, 0, 0, 0, 0, 0, 0, 0, 0, 0, 0, 0, 0, 0, 0, 0, 0, 0, 0, 0, 0, 0, 0, 0, 0, 0, 0, 0, 0, 0, 0, 0, 0, 0, 0, 0, 0, 0, 0, 0, 0, 0, 0, 0, 0, 0, 0, 0, 0, 0, 0, 0, 0, 0, 0, 0, 0, 0, 0, 0, 0, 0, 0, 0, 0, 0, 0, 0, 0, 0, 0, 0, 0, 0, 0, 0, 0, 0, 0, 0, 0, 0, 0, 0, 0, 0, 0, 0, 0, 0, 0, 0, 0, 0, 0, 0, 0, 0, 0, 0, 0, 0, 0, 0, 0, 0, 0, 0, 0, 0, 0, 0, 0, 0, 0, 0, 0, 0, 0, 0, 0, 0, 0, 0, 0, 0, 0, 0, 0, 0, 0, 0, 0, 0, 0, 0, 0, 0, 0, 0, 0, 0, 0, 0, 0, 0, 0, 0, 0, 0, 0, 0, 0, 0, 0, 0, 0, 0, 0, 0, 0, 0, 0, 0, 0, 0, 0, 0, 0, 0, 0, 0, 0, 0, 0, 0, 0, 0, 0, 0, 0, 0, 0, 0, 0, 0, 0, 0, 0, 0, 0, 0)
p_seq: 0.9711646393507506
DeltaW_total: -0.8254703559926213
DeltaQ_total: -4.164499868344711e-06
dW per increment:
[ 1.573221825758e-03,  3.134225698634e-03,  1.495191472248e-03,
 -1.818410173470e-03, -3.643019679057e-03, -2.283259703793e-03,
  8.314121654003e-04,  2.560741646251e-03,  1.138127896114e-03,
 -2.107932878062e-03, -4.075018812387e-03, -2.935493525278e-03,
  8.680979657250e-05,  1.941298909479e-03,  7.505793541434e-04,
 -2.367704122973e-03, -4.427071274868e-03, -3.511588823436e-03,
 -6.325205688213e-04,  1.298855175149e-03,  3.396538452147e-04,
 -2.603516238699e-03, -4.703663861903e-03, -4.002026710845e-03,
 -1.303484448567e-03,  6.567724896147e-04, -8.510182655641e-05,
 -2.821587458538e-03, -4.914835379770e-03, -4.405884661647e-03,
 -1.910183305348e-03,  3.565060464972e-05, -5.132371009751e-04,
 -3.027298470332e-03, -5.073339001779e-03, -4.728865907634e-03,
 -2.444275699512e-03, -5.486423046008e-04, -9.348428529350e-04,
 -3.224521673861e-03, -5.192133571619e-03, -4.980712787173e-03,
 -2.903939336665e-03, -1.085625631404e-03, -1.341595073573e-03,
 -3.415530324414e-03, -5.282703324543e-03, -5.172819604123e-03,
 -3.292147499682e-03, -1.569847932078e-03, -1.727294307221e-03,
 -3.601287952193e-03, -5.354258896261e-03, -5.316473076707e-03,
 -3.614869638918e-03, -1.999957734029e-03, -2.087961498690e-03,
 -3.781885391360e-03, -5.413607311841e-03, -5.421796081443e-03,
 -3.879557404957e-03, -2.377593005731e-03, -2.421629721690e-03,
 -3.956956462901e-03, -5.465411011832e-03, -5.497269492576e-03,
 -4.094047385047e-03, -2.706343493434e-03, -2.727977972208e-03,
 -4.125989748825e-03, -5.512605403135e-03, -5.549645193128e-03,
 -4.265865411639e-03, -2.990908361619e-03, -3.007920527587e-03,
 -4.288519595002e-03, -5.556829053388e-03, -5.584081868419e-03,
 -4.401851463516e-03, -3.236478843183e-03, -3.263222340834e-03,
 -4.444214393502e-03, -5.598794481354e-03, -5.604382314079e-03,
 -4.508010920821e-03, -3.448324470437e-03, -3.496174112369e-03,
 -4.592891503647e-03, -5.638576436994e-03, -5.613257632877e-03,
 -4.589510306330e-03, -3.631540842013e-03, -3.709335560494e-03,
 -4.734486591206e-03, -5.675821051454e-03, -5.612579000513e-03,
 -4.650756018300e-03, -3.790914109564e-03, -3.905341228638e-03,
 -4.868998771144e-03, -5.709890569744e-03, -5.603600587765e-03,
 -4.695514006782e-03, -3.930862912689e-03, -4.086756904949e-03,
 -4.996426192346e-03, -5.739961228311e-03, -5.587150343032e-03,
 -4.727043558887e-03, -4.055426609789e-03, -4.255973341516e-03,
 -5.116701422967e-03, -5.765090719279e-03, -5.563791824187e-03,
 -4.748228901320e-03, -4.168276489178e-03, -4.415125183618e-03,
 -5.229632570476e-03, -5.784269144659e-03, -5.533962658291e-03,
 -4.761698933649e-03, -4.272733115865e-03, -4.566025450544e-03,
 -5.334854257718e-03, -5.796464622374e-03, -5.498095219046e-03,
 -4.769929084116e-03, -4.371777939717e-03, -4.710108795635e-03,
 -5.431791959246e-03, -5.800672190635e-03, -5.456723787063e-03,
 -4.775320974506e-03, -4.468051045418e-03, -4.848379782789e-03,
 -5.519643341266e-03, -5.795972387943e-03, -5.410580380357e-03,
 -4.780256060492e-03, -4.563829901620e-03, -4.981365435036e-03,
 -5.597380761653e-03, -5.781603688753e-03, -5.360678932234e-03,
 -4.787119299504e-03, -4.660986609068e-03, -5.109074308084e-03,
 -5.663779606643e-03, -5.757050613887e-03, -5.308384749725e-03,
 -4.798288702908e-03, -4.760923850927e-03, -5.230967275576e-03,
 -5.717477317724e-03, -5.722146574740e-03, -5.255463397646e-03,
 -4.816086816568e-03, -4.864492816061e-03, -5.345947962631e-03,
 -5.757067431755e-03, -5.677187184443e-03, -5.204100564750e-03,
 -4.842691174211e-03, -4.971899973988e-03, -5.452383086560e-03,
 -5.781231350383e-03, -5.623045821803e-03, -5.156882441717e-03,
 -4.880002986489e-03, -5.082613741926e-03, -5.548164465772e-03,
 -5.788907525879e-03, -5.561278786864e-03, -5.116725168225e-03,
 -4.929477097964e-03, -5.195286585103e-03, -5.630824596562e-03,
 -5.779493037682e-03, -5.494202800431e-03, -5.086742614139e-03,
 -4.991921764532e-03, -5.307712445877e-03, -5.697715810978e-03,
 -5.753066063175e-03, -5.424923524483e-03, -5.070044845191e-03,
 -5.067284018143e-03, -5.416842794922e-03, -5.746258424669e-03,
 -5.710609744664e-03, -5.357291195278e-03, -5.069465751415e-03,
 -5.154444859926e-03, -5.518885912881e-03, -5.774255378167e-03,
 -5.654209111349e-03, -5.295759633523e-03, -5.087227936578e-03,
 -5.251057296700e-03, -5.609511857628e-03]
dQ per increment:
[-2.303445896935e-07, -3.737145369089e-07, -2.283549950933e-07,
  6.305170112452e-08,  2.150937552111e-07,  7.990028732391e-08,
 -2.084242085049e-07, -3.664773042503e-07, -2.399387621110e-07,
  4.614098047476e-08,  2.117009113476e-07,  9.689510160199e-08,
 -1.826187498049e-07, -3.513829642211e-07, -2.450291769021e-07,
  3.033546556530e-08,  2.049763585094e-07,  1.110117306756e-07,
 -1.550299757133e-07, -3.301427211931e-07, -2.439696191038e-07,
  1.639555426841e-08,  1.954990783409e-07,  1.214994547454e-07,
 -1.276947290724e-07, -3.048688196460e-07, -2.376692300205e-07,
  4.792022993260e-09,  1.840388794716e-07,  1.280942077677e-07,
 -1.022653350084e-07, -2.776644927207e-07, -2.273371804587e-07,
 -4.279821998535e-09,  1.714289219086e-07,  1.309683700288e-07,
 -7.985172656823e-08, -2.503246558142e-07, -2.142349204326e-07,
 -1.084738411247e-08,  1.584479067014e-07,  1.306002499210e-07,
 -6.101955821701e-08, -2.241889704440e-07, -1.995010053563e-07,
 -1.509354093793e-08,  1.457387308226e-07,  1.276224479096e-07,
 -4.588924855950e-08, -2.001249774365e-07, -1.840592551367e-07,
 -1.729187853322e-08,  1.337709228935e-07,  1.226934771294e-07,
 -3.427311845569e-08, -1.785916474636e-07, -1.685938165394e-07,
 -1.775376124932e-08,  1.228404726272e-07,  1.164114519568e-07,
 -2.580565765589e-08, -1.597360211165e-07, -1.535663948131e-07,
 -1.679050413463e-08,  1.130923751921e-07,  1.092694205751e-07,
 -2.004501912893e-08, -1.434900750025e-07, -1.392533613949e-07,
 -1.469007675226e-08,  1.045533624044e-07,  1.016422897255e-07,
 -1.654100056014e-08, -1.296522185693e-07, -1.257883024876e-07,
 -1.170519751091e-08,  9.716509228631e-08,  9.379361490171e-08,
 -1.487427096812e-08, -1.179478545097e-07, -1.132015734467e-07,
 -8.050420379803e-09,  9.081268954100e-08,  8.589211769735e-08,
 -1.467435067383e-08, -1.080710673802e-07, -1.014535110436e-07,
 -3.904481047506e-09,  8.534696245392e-08,  7.803175067342e-08,
 -1.562353778208e-08, -9.971068657940e-08, -9.046070717413e-08,
  5.839268157545e-10,  8.060031384417e-08,  7.025135185992e-08,
 -1.745300054696e-08, -9.256527907370e-08, -8.011598286953e-08,
  5.288956048295e-09,  7.639736736547e-08,  6.255220588594e-08,
 -1.993441190199e-08, -8.635090077182e-08, -7.030356236320e-08,
  1.009977830708e-08,  7.256191040736e-08,  5.491314227597e-08,
 -2.287032066462e-08, -8.080429543707e-08, -6.091042770683e-08,
  1.491329992831e-08,  6.892140295544e-08,  4.730323838794e-08,
 -2.608426303207e-08, -7.568391480108e-08, -5.183528438337e-08,
  1.962741622615e-08,  6.531012132754e-08,  3.969257071895e-08,
 -2.941203097436e-08, -7.077007619684e-08, -4.299583785967e-08,
  2.413564253317e-08,  6.157211036167e-08,  3.206142777266e-08,
 -3.269431946441e-08, -6.586573788464e-08, -3.433505970686e-08,
  2.832297230429e-08,  5.756455508273e-08,  2.440847425957e-08,
 -3.577138624894e-08, -6.079799217806e-08, -2.582672045150e-08,
  3.206356326019e-08,  5.316200673948e-08,  1.675781689152e-08,
 -3.847984314433e-08, -5.542129094191e-08, -1.748021510872e-08,
  3.522051618497e-08,  4.826194963982e-08,  9.164972301478e-09,
 -4.065215378820e-08, -4.962225960171e-08, -9.344628259557e-09,
  3.764813782167e-08,  4.279176034263e-08,  1.721530753888e-09,
 -4.211903883306e-08, -4.332600521666e-08, -1.511265309076e-09,
  3.919698187815e-08,  3.671681065437e-08, -5.442147849553e-09,
 -4.271509123407e-08, -3.650385619995e-08,  5.885719669453e-09,
  3.972202878167e-08,  3.004932807617e-08, -1.215687048771e-08,
 -4.228784965515e-08, -2.918145639713e-08,  1.267170678804e-08,
  3.909421967489e-08,  2.285718243237e-08, -1.821821416469e-08,
 -4.071024553055e-08, -2.144663815637e-08,  1.863781259534e-08,
  3.721494434665e-08,  1.527154354364e-08, -2.339443457618e-08,
 -3.789598118555e-08, -1.345526241120e-08,  2.355192775961e-08,
  3.403317385721e-08,  7.491500678483e-09, -2.743986154442e-08,
 -3.381709327410e-08, -5.433546619582e-09,  2.717534480431e-08,
  2.956380423108e-08, -2.156552861635e-10, -3.011402925635e-08,
 -2.852204394194e-08,  2.325176557370e-09,  2.928503450416e-08,
  2.390557781243e-08, -7.521049739598e-09, -3.120651519140e-08,
 -2.215213877783e-08,  9.471303023117e-09,  2.970128797335e-08,
  1.725574105653e-08, -1.404927362381e-08, -3.056650947370e-08,
 -1.495334088931e-08,  1.561900356273e-08]

EXP trajectory 27
outcomes: (0, 0, 0, 0, 0, 0, 0, 0, 0, 0, 0, 0, 0, 0, 0, 0, 0, 0, 0, 0, 0, 0, 0, 0, 0, 0, 0, 0, 0, 0, 0, 0, 0, 0, 0, 0, 0, 0, 0, 0, 0, 0, 0, 0, 0, 0, 0, 0, 0, 0, 0, 0, 0, 0, 0, 0, 0, 0, 0, 0, 0, 0, 0, 0, 0, 0, 0, 0, 0, 0, 0, 0, 0, 0, 0, 0, 0, 0, 0, 0, 0, 0, 0, 0, 0, 0, 0, 0, 0, 0, 0, 0, 0, 0, 0, 0, 0, 0, 0, 0, 0, 0, 0, 0, 0, 0, 0, 0, 0, 0, 0, 0, 0, 0, 0, 0, 0, 0, 0, 0, 0, 0, 0, 0, 0, 0, 0, 0, 0, 0, 0, 0, 0, 0, 0, 0, 0, 0, 0, 0, 0, 0, 0, 0, 0, 0, 0, 0, 0, 0, 0, 0, 0, 0, 0, 0, 0, 0, 0, 0, 0, 0, 0, 0, 0, 0, 0, 0, 0, 0, 0, 0, 0, 0, 0, 0, 0, 0, 0, 0, 0, 0, 0, 0, 0, 0, 0, 0, 0, 0, 0, 0, 0, 0, 0, 0, 0, 0, 0, 0, 0)
p_seq: 0.9922287100657725
DeltaW_total: 0.5301603849893777
DeltaQ_total: -7.719151607382571e-07
dW per increment:
[ 3.471592021139e-03,  3.489908428906e-03,  3.499542792703e-03,
  3.497028079165e-03,  3.482376576295e-03,  3.459130024005e-03,
  3.433383333258e-03,  3.412051153308e-03,  3.400870158988e-03,
  3.402713397428e-03,  3.416710422060e-03,  3.438440127699e-03,
  3.461156066964e-03,  3.477704457890e-03,  3.482589830842e-03,
  3.473592845747e-03,  3.452465789282e-03,  3.424490918368e-03,
  3.397012033791e-03,  3.377347524109e-03,  3.370677421085e-03,
  3.378513174559e-03,  3.398199992864e-03,  3.423611057194e-03,
  3.446852446881e-03,  3.460504343055e-03,  3.459762855192e-03,
  3.443865714532e-03,  3.416381169661e-03,  3.384258974910e-03,
  3.355895587678e-03,  3.338751958154e-03,  3.337198766859e-03,
  3.351209489162e-03,  3.376289061208e-03,  3.404679028904e-03,
  3.427516203855e-03,  3.437344543505e-03,  3.430269528167e-03,
  3.407134656928e-03,  3.373368109511e-03,  3.337520432696e-03,
  3.308886893812e-03,  3.294874975238e-03,  3.298860968572e-03,
  3.319153244814e-03,  3.349376115514e-03,  3.380190563458e-03,
  3.401887676162e-03,  3.407135342613e-03,  3.393102892362e-03,
  3.362350867906e-03,  3.322211620397e-03,  3.282808163888e-03,
  3.254246028792e-03,  3.243755899954e-03,  3.253592696122e-03,
  3.280298007542e-03,  3.315559617075e-03,  3.348456266833e-03,
  3.368481985007e-03,  3.368513748836e-03,  3.346886605744e-03,
  3.307975511301e-03,  3.261091189071e-03,  3.217966880079e-03,
  3.189513415307e-03,  3.182738183902e-03,  3.198694951738e-03,
  3.232059665013e-03,  3.272483945990e-03,  3.307383733533e-03,
  3.325412546804e-03,  3.319662631013e-03,  3.289694066233e-03,
  3.241800872546e-03,  3.187402894879e-03,  3.139972437395e-03,
  3.111321225571e-03,  3.108268423539e-03,  3.130625578207e-03,
  3.171087622738e-03,  3.217101601967e-03,  3.254236837567e-03,
  3.270153219708e-03,  3.258079009022e-03,  3.218822165143e-03,
  3.160724633602e-03,  3.097526103314e-03,  3.044681909479e-03,
  3.015119583406e-03,  3.015595627069e-03,  3.044674015911e-03,
  3.092922697300e-03,  3.145325235042e-03,  3.185293245780e-03,
  3.199209648496e-03,  3.180261868129e-03,  3.130491228227e-03,
  3.060451242069e-03,  2.986511653903e-03,  2.926493760558e-03,
  2.894797634664e-03,  2.898349028616e-03,  2.934500145301e-03,
  2.991509053373e-03,  3.051529780597e-03,  3.095354689673e-03,
  3.107651809330e-03,  3.081273406748e-03,  3.019431538554e-03,
  2.935090631766e-03,  2.847672669210e-03,  2.777908084836e-03,
  2.742193359676e-03,  2.747985388865e-03,  2.791518166976e-03,
  2.858525885362e-03,  2.927853454429e-03,  2.977044695097e-03,
  2.988435731169e-03,  2.954105340171e-03,  2.878302659440e-03,
  2.776623704852e-03,  2.672074159671e-03,  2.589006798452e-03,
  2.546526078143e-03,  2.553139435749e-03,  2.604143225854e-03,
  2.682527892720e-03,  2.763252167938e-03,  2.819817430039e-03,
  2.831420422943e-03,  2.788759249169e-03,  2.696880788532e-03,
  2.574216128261e-03,  2.447960511557e-03,  2.346948888391e-03,
  2.293887735815e-03,  2.299028805124e-03,  2.357037084202e-03,
  2.447988826900e-03,  2.542343890347e-03,  2.608657615212e-03,
  2.622023091986e-03,  2.570982335142e-03,  2.460996823311e-03,
  2.313445207076e-03,  2.160295862955e-03,  2.035773856782e-03,
  1.967189110980e-03,  1.967377690381e-03,  2.030839102211e-03,
  2.134711463212e-03,  2.244452053180e-03,  2.322818203632e-03,
  2.339816139038e-03,  2.280962674844e-03,  2.151589596803e-03,
  1.975927794776e-03,  1.791082260642e-03,  1.637388648561e-03,
  1.547655126121e-03,  1.538156981326e-03,  1.603851242365e-03,
  1.719203159876e-03,  1.844539149339e-03,  1.936350438971e-03,
  1.958870131821e-03,  1.893840379415e-03,  1.745802062390e-03,
  1.541383878163e-03,  1.322648938199e-03,  1.136157894393e-03,
  1.020596391918e-03,  9.962611938334e-04,  1.059267056423e-03,
  1.182123606188e-03,  1.320649646217e-03,  1.425486451986e-03,
  1.455202128376e-03,  1.387497275168e-03,  1.225472717563e-03,
  9.971977101273e-04,  7.485906989935e-04,  5.314232441034e-04,
  3.895953828525e-04,  3.473390862094e-04,  4.025362268560e-04,
  5.270024193518e-04,  6.737378879755e-04,  7.892749176577e-04,
  8.278638852808e-04,  7.637162381879e-04,  5.980127755283e-04,
  3.587656806161e-04,  9.352727539280e-05, -1.431430554426e-04,
 -3.041275490840e-04, -3.622613342138e-04]
dQ per increment:
[-4.162499281889e-10, -8.896106024146e-10, -1.150365450901e-09,
 -1.119499371026e-09, -8.017114363872e-10, -2.854011209221e-10,
  2.817411198005e-10,  7.346852466672e-10,  9.387861848575e-10,
  8.293747238465e-10,  4.317194960898e-10, -1.448441436236e-10,
 -7.371924537827e-10, -1.174808945655e-09, -1.329034235095e-09,
 -1.151043532190e-09, -6.872767344384e-10, -6.770972259436e-11,
  5.302931824127e-10,  9.324338183080e-10,  1.017739948740e-09,
  7.544377596605e-10,  2.106795235230e-10, -4.633608275718e-10,
 -1.077278702008e-09, -1.454444851882e-09, -1.483146725226e-09,
 -1.149750651023e-09, -5.444651461455e-10,  1.627159518236e-10,
  7.692836975076e-10,  1.097732246682e-09,  1.046806066742e-09,
  6.219700737515e-10, -6.424148084154e-11, -8.223532087497e-10,
 -1.438696809472e-09, -1.736003174763e-09, -1.624659441484e-09,
 -1.129985244047e-09, -3.872032243446e-10,  3.949908562121e-10,
  9.924150062932e-10,  1.228965977379e-09,  1.027606012869e-09,
  4.342072565215e-10, -3.930365965413e-10, -1.226302503987e-09,
 -1.831469573221e-09, -2.034275635963e-09, -1.771094322090e-09,
 -1.109046903792e-09, -2.297496703519e-10,  6.197848268679e-10,
  1.195609350781e-09,  1.325903041874e-09,  9.609855062317e-10,
  1.898597915169e-10, -7.819716846703e-10, -1.687972207755e-09,
 -2.274458441357e-09, -2.372298596822e-09, -1.946316578391e-09,
 -1.108130204134e-09, -8.788011963100e-11,  8.278031121906e-10,
  1.375126465605e-09,  1.387593028218e-09,  8.449351906071e-10,
 -1.179749739739e-10, -1.245528577086e-09, -2.230182377639e-09,
 -2.797417589890e-09, -2.783264836811e-09, -2.182712286630e-09,
 -1.154690626643e-09,  1.848150256965e-11,  1.007075776070e-09,
  1.524811284832e-09,  1.409685400963e-09,  6.720105674186e-10,
 -5.043356700145e-10, -1.809080356005e-09, -2.888766425070e-09,
 -3.444073949535e-09, -3.314266422069e-09, -2.525231771627e-09,
 -1.286807543984e-09,  6.091396397706e-11,  1.138674581274e-09,
  1.632213696449e-09,  1.380856694505e-09,  4.259249140447e-10,
 -9.957806811111e-10, -2.512438025530e-09, -3.716654182117e-09,
 -4.277095541237e-09, -4.031890774589e-09, -3.037739189859e-09,
 -1.559839068023e-09, -4.252590684109e-12,  1.190366060279e-09,
  1.672683262624e-09,  1.277688897608e-09,  7.696324361237e-11,
 -1.634709982288e-09, -3.414479586117e-09, -4.789137933664e-09,
 -5.384251458313e-09, -5.029593117207e-09, -3.811371310355e-09,
 -2.055589063115e-09, -2.452423984375e-10,  1.107648860436e-09,
  1.601447945608e-09,  1.057747350862e-09, -4.235767115746e-10,
 -2.484049972011e-09, -4.597305546666e-09, -6.208251334891e-09,
 -6.883759853696e-09, -6.434333082561e-09, -4.972713608454e-09,
 -2.891642708429e-09, -7.648842309852e-10,  8.039711157557e-10,
  1.344938719585e-09,  6.533288375360e-10, -1.146929996289e-09,
 -3.627707477732e-09, -6.164185111890e-09, -8.099032094175e-09,
 -8.920022792343e-09, -8.403247392201e-09, -6.682242508838e-09,
 -4.222090052846e-09, -1.702953441999e-09,  1.580449441566e-10,
  7.999735234594e-10, -2.541834012151e-11, -2.177528917650e-09,
 -5.153715727075e-09, -8.214815033292e-09, -1.057815380239e-08,
 -1.162794102119e-08, -1.108636406982e-08, -9.098355708268e-09,
 -6.204550423894e-09, -3.206554669358e-09, -9.581034671690e-10,
 -1.362147177279e-10, -1.053687524819e-09, -3.564473850305e-09,
 -7.090295248710e-09, -1.076435048064e-08, -1.365679795547e-08,
 -1.502321314291e-08, -1.450997250271e-08, -1.225986503723e-08,
 -8.886758989389e-09, -5.322999759505e-09, -2.577055568562e-09,
 -1.464373694244e-09, -2.383343793589e-09, -5.197650157821e-09,
 -9.259487325161e-09, -1.357071213205e-08, -1.704212612827e-08,
 -1.878325633751e-08, -1.834574921275e-08, -1.585348721256e-08,
 -1.198212082093e-08, -7.790004033709e-09, -4.442781968163e-09,
 -2.903410314037e-09, -3.669984503199e-09, -6.633082979418e-09,
 -1.109317028102e-08, -1.593638639276e-08, -1.992480923194e-08,
 -2.202492055533e-08, -2.168710557866e-08, -1.900009278898e-08,
 -1.467697692927e-08, -9.873976274577e-09, -5.887856854034e-09,
 -3.811810043823e-09, -4.241221069929e-09, -7.109023713453e-09,
 -1.169617381929e-08, -1.681661000697e-08, -2.112857068806e-08,
 -2.349046674755e-08, -2.326613114049e-08, -2.049746850095e-08,
 -1.589733521884e-08, -1.066352138058e-08, -6.162604999763e-09,
 -3.567670676247e-09, -3.546470450644e-09]

================================================================================
TRAJECTORY 28
================================================================================

COMP trajectory 28
outcomes: (0, 0, 0, 0, 0, 0, 0, 0, 0, 0, 0, 0, 0, 0, 0, 0, 0, 0, 0, 0, 0, 0, 0, 0, 0, 0, 0, 0, 0, 0, 0, 0, 0, 0, 0, 0, 0, 0, 0, 0, 0, 0, 0, 0, 0, 0, 0, 0, 0, 0, 0, 0, 0, 0, 0, 0, 0, 0, 0, 0, 0, 0, 0, 0, 0, 0, 0, 0, 0, 0, 0, 0, 0, 0, 0, 0, 0, 0, 0, 0, 0, 0, 0, 0, 0, 0, 0, 0, 0, 0, 0, 0, 0, 0, 0, 0, 0, 0, 0, 0, 0, 0, 0, 0, 0, 0, 0, 0, 0, 0, 0, 0, 0, 0, 0, 0, 0, 0, 0, 0, 0, 0, 0, 0, 0, 0, 0, 0, 0, 0, 0, 0, 0, 0, 0, 0, 0, 0, 0, 0, 0, 0, 0, 0, 0, 0, 0, 0, 0, 0, 0, 0, 0, 0, 0, 0, 0, 0, 0, 0, 0, 0, 0, 0, 0, 0, 0, 0, 0, 0, 0, 0, 0, 0, 0, 0, 0, 0, 0, 0, 0, 0, 0, 0, 0, 0, 0, 0, 0, 0, 0, 0, 0, 0, 0, 0, 0, 0, 0, 0, 0)
p_seq: 0.9711646393507506
DeltaW_total: -0.8254703559926213
DeltaQ_total: -4.164499868344711e-06
dW per increment:
[ 1.573221825758e-03,  3.134225698634e-03,  1.495191472248e-03,
 -1.818410173470e-03, -3.643019679057e-03, -2.283259703793e-03,
  8.314121654003e-04,  2.560741646251e-03,  1.138127896114e-03,
 -2.107932878062e-03, -4.075018812387e-03, -2.935493525278e-03,
  8.680979657250e-05,  1.941298909479e-03,  7.505793541434e-04,
 -2.367704122973e-03, -4.427071274868e-03, -3.511588823436e-03,
 -6.325205688213e-04,  1.298855175149e-03,  3.396538452147e-04,
 -2.603516238699e-03, -4.703663861903e-03, -4.002026710845e-03,
 -1.303484448567e-03,  6.567724896147e-04, -8.510182655641e-05,
 -2.821587458538e-03, -4.914835379770e-03, -4.405884661647e-03,
 -1.910183305348e-03,  3.565060464972e-05, -5.132371009751e-04,
 -3.027298470332e-03, -5.073339001779e-03, -4.728865907634e-03,
 -2.444275699512e-03, -5.486423046008e-04, -9.348428529350e-04,
 -3.224521673861e-03, -5.192133571619e-03, -4.980712787173e-03,
 -2.903939336665e-03, -1.085625631404e-03, -1.341595073573e-03,
 -3.415530324414e-03, -5.282703324543e-03, -5.172819604123e-03,
 -3.292147499682e-03, -1.569847932078e-03, -1.727294307221e-03,
 -3.601287952193e-03, -5.354258896261e-03, -5.316473076707e-03,
 -3.614869638918e-03, -1.999957734029e-03, -2.087961498690e-03,
 -3.781885391360e-03, -5.413607311841e-03, -5.421796081443e-03,
 -3.879557404957e-03, -2.377593005731e-03, -2.421629721690e-03,
 -3.956956462901e-03, -5.465411011832e-03, -5.497269492576e-03,
 -4.094047385047e-03, -2.706343493434e-03, -2.727977972208e-03,
 -4.125989748825e-03, -5.512605403135e-03, -5.549645193128e-03,
 -4.265865411639e-03, -2.990908361619e-03, -3.007920527587e-03,
 -4.288519595002e-03, -5.556829053388e-03, -5.584081868419e-03,
 -4.401851463516e-03, -3.236478843183e-03, -3.263222340834e-03,
 -4.444214393502e-03, -5.598794481354e-03, -5.604382314079e-03,
 -4.508010920821e-03, -3.448324470437e-03, -3.496174112369e-03,
 -4.592891503647e-03, -5.638576436994e-03, -5.613257632877e-03,
 -4.589510306330e-03, -3.631540842013e-03, -3.709335560494e-03,
 -4.734486591206e-03, -5.675821051454e-03, -5.612579000513e-03,
 -4.650756018300e-03, -3.790914109564e-03, -3.905341228638e-03,
 -4.868998771144e-03, -5.709890569744e-03, -5.603600587765e-03,
 -4.695514006782e-03, -3.930862912689e-03, -4.086756904949e-03,
 -4.996426192346e-03, -5.739961228311e-03, -5.587150343032e-03,
 -4.727043558887e-03, -4.055426609789e-03, -4.255973341516e-03,
 -5.116701422967e-03, -5.765090719279e-03, -5.563791824187e-03,
 -4.748228901320e-03, -4.168276489178e-03, -4.415125183618e-03,
 -5.229632570476e-03, -5.784269144659e-03, -5.533962658291e-03,
 -4.761698933649e-03, -4.272733115865e-03, -4.566025450544e-03,
 -5.334854257718e-03, -5.796464622374e-03, -5.498095219046e-03,
 -4.769929084116e-03, -4.371777939717e-03, -4.710108795635e-03,
 -5.431791959246e-03, -5.800672190635e-03, -5.456723787063e-03,
 -4.775320974506e-03, -4.468051045418e-03, -4.848379782789e-03,
 -5.519643341266e-03, -5.795972387943e-03, -5.410580380357e-03,
 -4.780256060492e-03, -4.563829901620e-03, -4.981365435036e-03,
 -5.597380761653e-03, -5.781603688753e-03, -5.360678932234e-03,
 -4.787119299504e-03, -4.660986609068e-03, -5.109074308084e-03,
 -5.663779606643e-03, -5.757050613887e-03, -5.308384749725e-03,
 -4.798288702908e-03, -4.760923850927e-03, -5.230967275576e-03,
 -5.717477317724e-03, -5.722146574740e-03, -5.255463397646e-03,
 -4.816086816568e-03, -4.864492816061e-03, -5.345947962631e-03,
 -5.757067431755e-03, -5.677187184443e-03, -5.204100564750e-03,
 -4.842691174211e-03, -4.971899973988e-03, -5.452383086560e-03,
 -5.781231350383e-03, -5.623045821803e-03, -5.156882441717e-03,
 -4.880002986489e-03, -5.082613741926e-03, -5.548164465772e-03,
 -5.788907525879e-03, -5.561278786864e-03, -5.116725168225e-03,
 -4.929477097964e-03, -5.195286585103e-03, -5.630824596562e-03,
 -5.779493037682e-03, -5.494202800431e-03, -5.086742614139e-03,
 -4.991921764532e-03, -5.307712445877e-03, -5.697715810978e-03,
 -5.753066063175e-03, -5.424923524483e-03, -5.070044845191e-03,
 -5.067284018143e-03, -5.416842794922e-03, -5.746258424669e-03,
 -5.710609744664e-03, -5.357291195278e-03, -5.069465751415e-03,
 -5.154444859926e-03, -5.518885912881e-03, -5.774255378167e-03,
 -5.654209111349e-03, -5.295759633523e-03, -5.087227936578e-03,
 -5.251057296700e-03, -5.609511857628e-03]
dQ per increment:
[-2.303445896935e-07, -3.737145369089e-07, -2.283549950933e-07,
  6.305170112452e-08,  2.150937552111e-07,  7.990028732391e-08,
 -2.084242085049e-07, -3.664773042503e-07, -2.399387621110e-07,
  4.614098047476e-08,  2.117009113476e-07,  9.689510160199e-08,
 -1.826187498049e-07, -3.513829642211e-07, -2.450291769021e-07,
  3.033546556530e-08,  2.049763585094e-07,  1.110117306756e-07,
 -1.550299757133e-07, -3.301427211931e-07, -2.439696191038e-07,
  1.639555426841e-08,  1.954990783409e-07,  1.214994547454e-07,
 -1.276947290724e-07, -3.048688196460e-07, -2.376692300205e-07,
  4.792022993260e-09,  1.840388794716e-07,  1.280942077677e-07,
 -1.022653350084e-07, -2.776644927207e-07, -2.273371804587e-07,
 -4.279821998535e-09,  1.714289219086e-07,  1.309683700288e-07,
 -7.985172656823e-08, -2.503246558142e-07, -2.142349204326e-07,
 -1.084738411247e-08,  1.584479067014e-07,  1.306002499210e-07,
 -6.101955821701e-08, -2.241889704440e-07, -1.995010053563e-07,
 -1.509354093793e-08,  1.457387308226e-07,  1.276224479096e-07,
 -4.588924855950e-08, -2.001249774365e-07, -1.840592551367e-07,
 -1.729187853322e-08,  1.337709228935e-07,  1.226934771294e-07,
 -3.427311845569e-08, -1.785916474636e-07, -1.685938165394e-07,
 -1.775376124932e-08,  1.228404726272e-07,  1.164114519568e-07,
 -2.580565765589e-08, -1.597360211165e-07, -1.535663948131e-07,
 -1.679050413463e-08,  1.130923751921e-07,  1.092694205751e-07,
 -2.004501912893e-08, -1.434900750025e-07, -1.392533613949e-07,
 -1.469007675226e-08,  1.045533624044e-07,  1.016422897255e-07,
 -1.654100056014e-08, -1.296522185693e-07, -1.257883024876e-07,
 -1.170519751091e-08,  9.716509228631e-08,  9.379361490171e-08,
 -1.487427096812e-08, -1.179478545097e-07, -1.132015734467e-07,
 -8.050420379803e-09,  9.081268954100e-08,  8.589211769735e-08,
 -1.467435067383e-08, -1.080710673802e-07, -1.014535110436e-07,
 -3.904481047506e-09,  8.534696245392e-08,  7.803175067342e-08,
 -1.562353778208e-08, -9.971068657940e-08, -9.046070717413e-08,
  5.839268157545e-10,  8.060031384417e-08,  7.025135185992e-08,
 -1.745300054696e-08, -9.256527907370e-08, -8.011598286953e-08,
  5.288956048295e-09,  7.639736736547e-08,  6.255220588594e-08,
 -1.993441190199e-08, -8.635090077182e-08, -7.030356236320e-08,
  1.009977830708e-08,  7.256191040736e-08,  5.491314227597e-08,
 -2.287032066462e-08, -8.080429543707e-08, -6.091042770683e-08,
  1.491329992831e-08,  6.892140295544e-08,  4.730323838794e-08,
 -2.608426303207e-08, -7.568391480108e-08, -5.183528438337e-08,
  1.962741622615e-08,  6.531012132754e-08,  3.969257071895e-08,
 -2.941203097436e-08, -7.077007619684e-08, -4.299583785967e-08,
  2.413564253317e-08,  6.157211036167e-08,  3.206142777266e-08,
 -3.269431946441e-08, -6.586573788464e-08, -3.433505970686e-08,
  2.832297230429e-08,  5.756455508273e-08,  2.440847425957e-08,
 -3.577138624894e-08, -6.079799217806e-08, -2.582672045150e-08,
  3.206356326019e-08,  5.316200673948e-08,  1.675781689152e-08,
 -3.847984314433e-08, -5.542129094191e-08, -1.748021510872e-08,
  3.522051618497e-08,  4.826194963982e-08,  9.164972301478e-09,
 -4.065215378820e-08, -4.962225960171e-08, -9.344628259557e-09,
  3.764813782167e-08,  4.279176034263e-08,  1.721530753888e-09,
 -4.211903883306e-08, -4.332600521666e-08, -1.511265309076e-09,
  3.919698187815e-08,  3.671681065437e-08, -5.442147849553e-09,
 -4.271509123407e-08, -3.650385619995e-08,  5.885719669453e-09,
  3.972202878167e-08,  3.004932807617e-08, -1.215687048771e-08,
 -4.228784965515e-08, -2.918145639713e-08,  1.267170678804e-08,
  3.909421967489e-08,  2.285718243237e-08, -1.821821416469e-08,
 -4.071024553055e-08, -2.144663815637e-08,  1.863781259534e-08,
  3.721494434665e-08,  1.527154354364e-08, -2.339443457618e-08,
 -3.789598118555e-08, -1.345526241120e-08,  2.355192775961e-08,
  3.403317385721e-08,  7.491500678483e-09, -2.743986154442e-08,
 -3.381709327410e-08, -5.433546619582e-09,  2.717534480431e-08,
  2.956380423108e-08, -2.156552861635e-10, -3.011402925635e-08,
 -2.852204394194e-08,  2.325176557370e-09,  2.928503450416e-08,
  2.390557781243e-08, -7.521049739598e-09, -3.120651519140e-08,
 -2.215213877783e-08,  9.471303023117e-09,  2.970128797335e-08,
  1.725574105653e-08, -1.404927362381e-08, -3.056650947370e-08,
 -1.495334088931e-08,  1.561900356273e-08]

EXP trajectory 28
outcomes: (0, 0, 0, 0, 0, 0, 0, 0, 0, 0, 0, 0, 0, 0, 0, 0, 0, 0, 0, 0, 0, 0, 0, 0, 0, 0, 0, 0, 0, 0, 0, 0, 0, 0, 0, 0, 0, 0, 0, 0, 0, 0, 0, 0, 0, 0, 0, 0, 0, 0, 0, 0, 0, 0, 0, 0, 0, 0, 0, 0, 0, 0, 0, 0, 0, 0, 0, 0, 0, 0, 0, 0, 0, 0, 0, 0, 0, 0, 0, 0, 0, 0, 0, 0, 0, 0, 0, 0, 0, 0, 0, 0, 0, 0, 0, 0, 0, 0, 0, 0, 0, 0, 0, 0, 0, 0, 0, 0, 0, 0, 0, 0, 0, 0, 0, 0, 0, 0, 0, 0, 0, 0, 0, 0, 0, 0, 0, 0, 0, 0, 0, 0, 0, 0, 0, 0, 0, 0, 0, 0, 0, 0, 0, 0, 0, 0, 0, 0, 0, 0, 0, 0, 0, 0, 0, 0, 0, 0, 0, 0, 0, 0, 0, 0, 0, 0, 0, 0, 0, 0, 0, 0, 0, 0, 0, 0, 0, 0, 0, 0, 0, 0, 0, 0, 0, 0, 0, 0, 0, 0, 0, 0, 0, 0, 0, 0, 0, 0, 0, 0, 0)
p_seq: 0.9922287100657725
DeltaW_total: 0.5301603849893777
DeltaQ_total: -7.719151607382571e-07
dW per increment:
[ 3.471592021139e-03,  3.489908428906e-03,  3.499542792703e-03,
  3.497028079165e-03,  3.482376576295e-03,  3.459130024005e-03,
  3.433383333258e-03,  3.412051153308e-03,  3.400870158988e-03,
  3.402713397428e-03,  3.416710422060e-03,  3.438440127699e-03,
  3.461156066964e-03,  3.477704457890e-03,  3.482589830842e-03,
  3.473592845747e-03,  3.452465789282e-03,  3.424490918368e-03,
  3.397012033791e-03,  3.377347524109e-03,  3.370677421085e-03,
  3.378513174559e-03,  3.398199992864e-03,  3.423611057194e-03,
  3.446852446881e-03,  3.460504343055e-03,  3.459762855192e-03,
  3.443865714532e-03,  3.416381169661e-03,  3.384258974910e-03,
  3.355895587678e-03,  3.338751958154e-03,  3.337198766859e-03,
  3.351209489162e-03,  3.376289061208e-03,  3.404679028904e-03,
  3.427516203855e-03,  3.437344543505e-03,  3.430269528167e-03,
  3.407134656928e-03,  3.373368109511e-03,  3.337520432696e-03,
  3.308886893812e-03,  3.294874975238e-03,  3.298860968572e-03,
  3.319153244814e-03,  3.349376115514e-03,  3.380190563458e-03,
  3.401887676162e-03,  3.407135342613e-03,  3.393102892362e-03,
  3.362350867906e-03,  3.322211620397e-03,  3.282808163888e-03,
  3.254246028792e-03,  3.243755899954e-03,  3.253592696122e-03,
  3.280298007542e-03,  3.315559617075e-03,  3.348456266833e-03,
  3.368481985007e-03,  3.368513748836e-03,  3.346886605744e-03,
  3.307975511301e-03,  3.261091189071e-03,  3.217966880079e-03,
  3.189513415307e-03,  3.182738183902e-03,  3.198694951738e-03,
  3.232059665013e-03,  3.272483945990e-03,  3.307383733533e-03,
  3.325412546804e-03,  3.319662631013e-03,  3.289694066233e-03,
  3.241800872546e-03,  3.187402894879e-03,  3.139972437395e-03,
  3.111321225571e-03,  3.108268423539e-03,  3.130625578207e-03,
  3.171087622738e-03,  3.217101601967e-03,  3.254236837567e-03,
  3.270153219708e-03,  3.258079009022e-03,  3.218822165143e-03,
  3.160724633602e-03,  3.097526103314e-03,  3.044681909479e-03,
  3.015119583406e-03,  3.015595627069e-03,  3.044674015911e-03,
  3.092922697300e-03,  3.145325235042e-03,  3.185293245780e-03,
  3.199209648496e-03,  3.180261868129e-03,  3.130491228227e-03,
  3.060451242069e-03,  2.986511653903e-03,  2.926493760558e-03,
  2.894797634664e-03,  2.898349028616e-03,  2.934500145301e-03,
  2.991509053373e-03,  3.051529780597e-03,  3.095354689673e-03,
  3.107651809330e-03,  3.081273406748e-03,  3.019431538554e-03,
  2.935090631766e-03,  2.847672669210e-03,  2.777908084836e-03,
  2.742193359676e-03,  2.747985388865e-03,  2.791518166976e-03,
  2.858525885362e-03,  2.927853454429e-03,  2.977044695097e-03,
  2.988435731169e-03,  2.954105340171e-03,  2.878302659440e-03,
  2.776623704852e-03,  2.672074159671e-03,  2.589006798452e-03,
  2.546526078143e-03,  2.553139435749e-03,  2.604143225854e-03,
  2.682527892720e-03,  2.763252167938e-03,  2.819817430039e-03,
  2.831420422943e-03,  2.788759249169e-03,  2.696880788532e-03,
  2.574216128261e-03,  2.447960511557e-03,  2.346948888391e-03,
  2.293887735815e-03,  2.299028805124e-03,  2.357037084202e-03,
  2.447988826900e-03,  2.542343890347e-03,  2.608657615212e-03,
  2.622023091986e-03,  2.570982335142e-03,  2.460996823311e-03,
  2.313445207076e-03,  2.160295862955e-03,  2.035773856782e-03,
  1.967189110980e-03,  1.967377690381e-03,  2.030839102211e-03,
  2.134711463212e-03,  2.244452053180e-03,  2.322818203632e-03,
  2.339816139038e-03,  2.280962674844e-03,  2.151589596803e-03,
  1.975927794776e-03,  1.791082260642e-03,  1.637388648561e-03,
  1.547655126121e-03,  1.538156981326e-03,  1.603851242365e-03,
  1.719203159876e-03,  1.844539149339e-03,  1.936350438971e-03,
  1.958870131821e-03,  1.893840379415e-03,  1.745802062390e-03,
  1.541383878163e-03,  1.322648938199e-03,  1.136157894393e-03,
  1.020596391918e-03,  9.962611938334e-04,  1.059267056423e-03,
  1.182123606188e-03,  1.320649646217e-03,  1.425486451986e-03,
  1.455202128376e-03,  1.387497275168e-03,  1.225472717563e-03,
  9.971977101273e-04,  7.485906989935e-04,  5.314232441034e-04,
  3.895953828525e-04,  3.473390862094e-04,  4.025362268560e-04,
  5.270024193518e-04,  6.737378879755e-04,  7.892749176577e-04,
  8.278638852808e-04,  7.637162381879e-04,  5.980127755283e-04,
  3.587656806161e-04,  9.352727539280e-05, -1.431430554426e-04,
 -3.041275490840e-04, -3.622613342138e-04]
dQ per increment:
[-4.162499281889e-10, -8.896106024146e-10, -1.150365450901e-09,
 -1.119499371026e-09, -8.017114363872e-10, -2.854011209221e-10,
  2.817411198005e-10,  7.346852466672e-10,  9.387861848575e-10,
  8.293747238465e-10,  4.317194960898e-10, -1.448441436236e-10,
 -7.371924537827e-10, -1.174808945655e-09, -1.329034235095e-09,
 -1.151043532190e-09, -6.872767344384e-10, -6.770972259436e-11,
  5.302931824127e-10,  9.324338183080e-10,  1.017739948740e-09,
  7.544377596605e-10,  2.106795235230e-10, -4.633608275718e-10,
 -1.077278702008e-09, -1.454444851882e-09, -1.483146725226e-09,
 -1.149750651023e-09, -5.444651461455e-10,  1.627159518236e-10,
  7.692836975076e-10,  1.097732246682e-09,  1.046806066742e-09,
  6.219700737515e-10, -6.424148084154e-11, -8.223532087497e-10,
 -1.438696809472e-09, -1.736003174763e-09, -1.624659441484e-09,
 -1.129985244047e-09, -3.872032243446e-10,  3.949908562121e-10,
  9.924150062932e-10,  1.228965977379e-09,  1.027606012869e-09,
  4.342072565215e-10, -3.930365965413e-10, -1.226302503987e-09,
 -1.831469573221e-09, -2.034275635963e-09, -1.771094322090e-09,
 -1.109046903792e-09, -2.297496703519e-10,  6.197848268679e-10,
  1.195609350781e-09,  1.325903041874e-09,  9.609855062317e-10,
  1.898597915169e-10, -7.819716846703e-10, -1.687972207755e-09,
 -2.274458441357e-09, -2.372298596822e-09, -1.946316578391e-09,
 -1.108130204134e-09, -8.788011963100e-11,  8.278031121906e-10,
  1.375126465605e-09,  1.387593028218e-09,  8.449351906071e-10,
 -1.179749739739e-10, -1.245528577086e-09, -2.230182377639e-09,
 -2.797417589890e-09, -2.783264836811e-09, -2.182712286630e-09,
 -1.154690626643e-09,  1.848150256965e-11,  1.007075776070e-09,
  1.524811284832e-09,  1.409685400963e-09,  6.720105674186e-10,
 -5.043356700145e-10, -1.809080356005e-09, -2.888766425070e-09,
 -3.444073949535e-09, -3.314266422069e-09, -2.525231771627e-09,
 -1.286807543984e-09,  6.091396397706e-11,  1.138674581274e-09,
  1.632213696449e-09,  1.380856694505e-09,  4.259249140447e-10,
 -9.957806811111e-10, -2.512438025530e-09, -3.716654182117e-09,
 -4.277095541237e-09, -4.031890774589e-09, -3.037739189859e-09,
 -1.559839068023e-09, -4.252590684109e-12,  1.190366060279e-09,
  1.672683262624e-09,  1.277688897608e-09,  7.696324361237e-11,
 -1.634709982288e-09, -3.414479586117e-09, -4.789137933664e-09,
 -5.384251458313e-09, -5.029593117207e-09, -3.811371310355e-09,
 -2.055589063115e-09, -2.452423984375e-10,  1.107648860436e-09,
  1.601447945608e-09,  1.057747350862e-09, -4.235767115746e-10,
 -2.484049972011e-09, -4.597305546666e-09, -6.208251334891e-09,
 -6.883759853696e-09, -6.434333082561e-09, -4.972713608454e-09,
 -2.891642708429e-09, -7.648842309852e-10,  8.039711157557e-10,
  1.344938719585e-09,  6.533288375360e-10, -1.146929996289e-09,
 -3.627707477732e-09, -6.164185111890e-09, -8.099032094175e-09,
 -8.920022792343e-09, -8.403247392201e-09, -6.682242508838e-09,
 -4.222090052846e-09, -1.702953441999e-09,  1.580449441566e-10,
  7.999735234594e-10, -2.541834012151e-11, -2.177528917650e-09,
 -5.153715727075e-09, -8.214815033292e-09, -1.057815380239e-08,
 -1.162794102119e-08, -1.108636406982e-08, -9.098355708268e-09,
 -6.204550423894e-09, -3.206554669358e-09, -9.581034671690e-10,
 -1.362147177279e-10, -1.053687524819e-09, -3.564473850305e-09,
 -7.090295248710e-09, -1.076435048064e-08, -1.365679795547e-08,
 -1.502321314291e-08, -1.450997250271e-08, -1.225986503723e-08,
 -8.886758989389e-09, -5.322999759505e-09, -2.577055568562e-09,
 -1.464373694244e-09, -2.383343793589e-09, -5.197650157821e-09,
 -9.259487325161e-09, -1.357071213205e-08, -1.704212612827e-08,
 -1.878325633751e-08, -1.834574921275e-08, -1.585348721256e-08,
 -1.198212082093e-08, -7.790004033709e-09, -4.442781968163e-09,
 -2.903410314037e-09, -3.669984503199e-09, -6.633082979418e-09,
 -1.109317028102e-08, -1.593638639276e-08, -1.992480923194e-08,
 -2.202492055533e-08, -2.168710557866e-08, -1.900009278898e-08,
 -1.467697692927e-08, -9.873976274577e-09, -5.887856854034e-09,
 -3.811810043823e-09, -4.241221069929e-09, -7.109023713453e-09,
 -1.169617381929e-08, -1.681661000697e-08, -2.112857068806e-08,
 -2.349046674755e-08, -2.326613114049e-08, -2.049746850095e-08,
 -1.589733521884e-08, -1.066352138058e-08, -6.162604999763e-09,
 -3.567670676247e-09, -3.546470450644e-09]

================================================================================
TRAJECTORY 29
================================================================================

COMP trajectory 29
outcomes: (0, 0, 0, 0, 0, 0, 0, 0, 0, 0, 0, 0, 0, 0, 0, 0, 0, 0, 0, 0, 0, 0, 0, 0, 0, 0, 0, 0, 0, 0, 0, 0, 0, 0, 0, 0, 0, 0, 0, 0, 0, 0, 0, 0, 0, 0, 0, 0, 0, 0, 0, 0, 0, 0, 0, 0, 0, 0, 0, 0, 0, 0, 0, 0, 0, 0, 0, 0, 0, 0, 0, 0, 0, 0, 0, 0, 0, 0, 0, 0, 0, 0, 0, 0, 0, 0, 0, 0, 0, 0, 0, 0, 0, 0, 0, 0, 0, 0, 0, 0, 0, 0, 0, 0, 0, 0, 0, 0, 0, 0, 0, 0, 0, 0, 0, 0, 0, 0, 0, 0, 0, 0, 0, 0, 0, 0, 0, 0, 0, 0, 0, 0, 0, 0, 0, 0, 0, 0, 0, 0, 0, 0, 0, 0, 0, 0, 0, 0, 0, 0, 0, 0, 0, 0, 0, 0, 0, 0, 0, 0, 0, 0, 0, 0, 0, 0, 0, 0, 0, 0, 0, 0, 0, 0, 0, 0, 0, 0, 0, 0, 0, 0, 0, 0, 0, 0, 0, 0, 0, 0, 0, 0, 0, 0, 0, 0, 0, 0, 0, 0, 0)
p_seq: 0.9711646393507506
DeltaW_total: -0.8254703559926213
DeltaQ_total: -4.164499868344711e-06
dW per increment:
[ 1.573221825758e-03,  3.134225698634e-03,  1.495191472248e-03,
 -1.818410173470e-03, -3.643019679057e-03, -2.283259703793e-03,
  8.314121654003e-04,  2.560741646251e-03,  1.138127896114e-03,
 -2.107932878062e-03, -4.075018812387e-03, -2.935493525278e-03,
  8.680979657250e-05,  1.941298909479e-03,  7.505793541434e-04,
 -2.367704122973e-03, -4.427071274868e-03, -3.511588823436e-03,
 -6.325205688213e-04,  1.298855175149e-03,  3.396538452147e-04,
 -2.603516238699e-03, -4.703663861903e-03, -4.002026710845e-03,
 -1.303484448567e-03,  6.567724896147e-04, -8.510182655641e-05,
 -2.821587458538e-03, -4.914835379770e-03, -4.405884661647e-03,
 -1.910183305348e-03,  3.565060464972e-05, -5.132371009751e-04,
 -3.027298470332e-03, -5.073339001779e-03, -4.728865907634e-03,
 -2.444275699512e-03, -5.486423046008e-04, -9.348428529350e-04,
 -3.224521673861e-03, -5.192133571619e-03, -4.980712787173e-03,
 -2.903939336665e-03, -1.085625631404e-03, -1.341595073573e-03,
 -3.415530324414e-03, -5.282703324543e-03, -5.172819604123e-03,
 -3.292147499682e-03, -1.569847932078e-03, -1.727294307221e-03,
 -3.601287952193e-03, -5.354258896261e-03, -5.316473076707e-03,
 -3.614869638918e-03, -1.999957734029e-03, -2.087961498690e-03,
 -3.781885391360e-03, -5.413607311841e-03, -5.421796081443e-03,
 -3.879557404957e-03, -2.377593005731e-03, -2.421629721690e-03,
 -3.956956462901e-03, -5.465411011832e-03, -5.497269492576e-03,
 -4.094047385047e-03, -2.706343493434e-03, -2.727977972208e-03,
 -4.125989748825e-03, -5.512605403135e-03, -5.549645193128e-03,
 -4.265865411639e-03, -2.990908361619e-03, -3.007920527587e-03,
 -4.288519595002e-03, -5.556829053388e-03, -5.584081868419e-03,
 -4.401851463516e-03, -3.236478843183e-03, -3.263222340834e-03,
 -4.444214393502e-03, -5.598794481354e-03, -5.604382314079e-03,
 -4.508010920821e-03, -3.448324470437e-03, -3.496174112369e-03,
 -4.592891503647e-03, -5.638576436994e-03, -5.613257632877e-03,
 -4.589510306330e-03, -3.631540842013e-03, -3.709335560494e-03,
 -4.734486591206e-03, -5.675821051454e-03, -5.612579000513e-03,
 -4.650756018300e-03, -3.790914109564e-03, -3.905341228638e-03,
 -4.868998771144e-03, -5.709890569744e-03, -5.603600587765e-03,
 -4.695514006782e-03, -3.930862912689e-03, -4.086756904949e-03,
 -4.996426192346e-03, -5.739961228311e-03, -5.587150343032e-03,
 -4.727043558887e-03, -4.055426609789e-03, -4.255973341516e-03,
 -5.116701422967e-03, -5.765090719279e-03, -5.563791824187e-03,
 -4.748228901320e-03, -4.168276489178e-03, -4.415125183618e-03,
 -5.229632570476e-03, -5.784269144659e-03, -5.533962658291e-03,
 -4.761698933649e-03, -4.272733115865e-03, -4.566025450544e-03,
 -5.334854257718e-03, -5.796464622374e-03, -5.498095219046e-03,
 -4.769929084116e-03, -4.371777939717e-03, -4.710108795635e-03,
 -5.431791959246e-03, -5.800672190635e-03, -5.456723787063e-03,
 -4.775320974506e-03, -4.468051045418e-03, -4.848379782789e-03,
 -5.519643341266e-03, -5.795972387943e-03, -5.410580380357e-03,
 -4.780256060492e-03, -4.563829901620e-03, -4.981365435036e-03,
 -5.597380761653e-03, -5.781603688753e-03, -5.360678932234e-03,
 -4.787119299504e-03, -4.660986609068e-03, -5.109074308084e-03,
 -5.663779606643e-03, -5.757050613887e-03, -5.308384749725e-03,
 -4.798288702908e-03, -4.760923850927e-03, -5.230967275576e-03,
 -5.717477317724e-03, -5.722146574740e-03, -5.255463397646e-03,
 -4.816086816568e-03, -4.864492816061e-03, -5.345947962631e-03,
 -5.757067431755e-03, -5.677187184443e-03, -5.204100564750e-03,
 -4.842691174211e-03, -4.971899973988e-03, -5.452383086560e-03,
 -5.781231350383e-03, -5.623045821803e-03, -5.156882441717e-03,
 -4.880002986489e-03, -5.082613741926e-03, -5.548164465772e-03,
 -5.788907525879e-03, -5.561278786864e-03, -5.116725168225e-03,
 -4.929477097964e-03, -5.195286585103e-03, -5.630824596562e-03,
 -5.779493037682e-03, -5.494202800431e-03, -5.086742614139e-03,
 -4.991921764532e-03, -5.307712445877e-03, -5.697715810978e-03,
 -5.753066063175e-03, -5.424923524483e-03, -5.070044845191e-03,
 -5.067284018143e-03, -5.416842794922e-03, -5.746258424669e-03,
 -5.710609744664e-03, -5.357291195278e-03, -5.069465751415e-03,
 -5.154444859926e-03, -5.518885912881e-03, -5.774255378167e-03,
 -5.654209111349e-03, -5.295759633523e-03, -5.087227936578e-03,
 -5.251057296700e-03, -5.609511857628e-03]
dQ per increment:
[-2.303445896935e-07, -3.737145369089e-07, -2.283549950933e-07,
  6.305170112452e-08,  2.150937552111e-07,  7.990028732391e-08,
 -2.084242085049e-07, -3.664773042503e-07, -2.399387621110e-07,
  4.614098047476e-08,  2.117009113476e-07,  9.689510160199e-08,
 -1.826187498049e-07, -3.513829642211e-07, -2.450291769021e-07,
  3.033546556530e-08,  2.049763585094e-07,  1.110117306756e-07,
 -1.550299757133e-07, -3.301427211931e-07, -2.439696191038e-07,
  1.639555426841e-08,  1.954990783409e-07,  1.214994547454e-07,
 -1.276947290724e-07, -3.048688196460e-07, -2.376692300205e-07,
  4.792022993260e-09,  1.840388794716e-07,  1.280942077677e-07,
 -1.022653350084e-07, -2.776644927207e-07, -2.273371804587e-07,
 -4.279821998535e-09,  1.714289219086e-07,  1.309683700288e-07,
 -7.985172656823e-08, -2.503246558142e-07, -2.142349204326e-07,
 -1.084738411247e-08,  1.584479067014e-07,  1.306002499210e-07,
 -6.101955821701e-08, -2.241889704440e-07, -1.995010053563e-07,
 -1.509354093793e-08,  1.457387308226e-07,  1.276224479096e-07,
 -4.588924855950e-08, -2.001249774365e-07, -1.840592551367e-07,
 -1.729187853322e-08,  1.337709228935e-07,  1.226934771294e-07,
 -3.427311845569e-08, -1.785916474636e-07, -1.685938165394e-07,
 -1.775376124932e-08,  1.228404726272e-07,  1.164114519568e-07,
 -2.580565765589e-08, -1.597360211165e-07, -1.535663948131e-07,
 -1.679050413463e-08,  1.130923751921e-07,  1.092694205751e-07,
 -2.004501912893e-08, -1.434900750025e-07, -1.392533613949e-07,
 -1.469007675226e-08,  1.045533624044e-07,  1.016422897255e-07,
 -1.654100056014e-08, -1.296522185693e-07, -1.257883024876e-07,
 -1.170519751091e-08,  9.716509228631e-08,  9.379361490171e-08,
 -1.487427096812e-08, -1.179478545097e-07, -1.132015734467e-07,
 -8.050420379803e-09,  9.081268954100e-08,  8.589211769735e-08,
 -1.467435067383e-08, -1.080710673802e-07, -1.014535110436e-07,
 -3.904481047506e-09,  8.534696245392e-08,  7.803175067342e-08,
 -1.562353778208e-08, -9.971068657940e-08, -9.046070717413e-08,
  5.839268157545e-10,  8.060031384417e-08,  7.025135185992e-08,
 -1.745300054696e-08, -9.256527907370e-08, -8.011598286953e-08,
  5.288956048295e-09,  7.639736736547e-08,  6.255220588594e-08,
 -1.993441190199e-08, -8.635090077182e-08, -7.030356236320e-08,
  1.009977830708e-08,  7.256191040736e-08,  5.491314227597e-08,
 -2.287032066462e-08, -8.080429543707e-08, -6.091042770683e-08,
  1.491329992831e-08,  6.892140295544e-08,  4.730323838794e-08,
 -2.608426303207e-08, -7.568391480108e-08, -5.183528438337e-08,
  1.962741622615e-08,  6.531012132754e-08,  3.969257071895e-08,
 -2.941203097436e-08, -7.077007619684e-08, -4.299583785967e-08,
  2.413564253317e-08,  6.157211036167e-08,  3.206142777266e-08,
 -3.269431946441e-08, -6.586573788464e-08, -3.433505970686e-08,
  2.832297230429e-08,  5.756455508273e-08,  2.440847425957e-08,
 -3.577138624894e-08, -6.079799217806e-08, -2.582672045150e-08,
  3.206356326019e-08,  5.316200673948e-08,  1.675781689152e-08,
 -3.847984314433e-08, -5.542129094191e-08, -1.748021510872e-08,
  3.522051618497e-08,  4.826194963982e-08,  9.164972301478e-09,
 -4.065215378820e-08, -4.962225960171e-08, -9.344628259557e-09,
  3.764813782167e-08,  4.279176034263e-08,  1.721530753888e-09,
 -4.211903883306e-08, -4.332600521666e-08, -1.511265309076e-09,
  3.919698187815e-08,  3.671681065437e-08, -5.442147849553e-09,
 -4.271509123407e-08, -3.650385619995e-08,  5.885719669453e-09,
  3.972202878167e-08,  3.004932807617e-08, -1.215687048771e-08,
 -4.228784965515e-08, -2.918145639713e-08,  1.267170678804e-08,
  3.909421967489e-08,  2.285718243237e-08, -1.821821416469e-08,
 -4.071024553055e-08, -2.144663815637e-08,  1.863781259534e-08,
  3.721494434665e-08,  1.527154354364e-08, -2.339443457618e-08,
 -3.789598118555e-08, -1.345526241120e-08,  2.355192775961e-08,
  3.403317385721e-08,  7.491500678483e-09, -2.743986154442e-08,
 -3.381709327410e-08, -5.433546619582e-09,  2.717534480431e-08,
  2.956380423108e-08, -2.156552861635e-10, -3.011402925635e-08,
 -2.852204394194e-08,  2.325176557370e-09,  2.928503450416e-08,
  2.390557781243e-08, -7.521049739598e-09, -3.120651519140e-08,
 -2.215213877783e-08,  9.471303023117e-09,  2.970128797335e-08,
  1.725574105653e-08, -1.404927362381e-08, -3.056650947370e-08,
 -1.495334088931e-08,  1.561900356273e-08]

EXP trajectory 29
outcomes: (0, 0, 0, 0, 0, 0, 0, 0, 0, 0, 0, 0, 0, 0, 0, 0, 0, 0, 0, 0, 0, 0, 0, 0, 0, 0, 0, 0, 0, 0, 0, 0, 0, 0, 0, 0, 0, 0, 0, 0, 0, 0, 0, 0, 0, 0, 0, 0, 0, 0, 0, 0, 0, 0, 0, 0, 0, 0, 0, 0, 0, 0, 0, 0, 0, 0, 0, 0, 0, 0, 0, 0, 0, 0, 0, 0, 0, 0, 0, 0, 0, 0, 0, 0, 0, 0, 0, 0, 0, 0, 0, 0, 0, 0, 0, 0, 0, 0, 0, 0, 0, 0, 0, 0, 0, 0, 0, 0, 0, 0, 0, 0, 0, 0, 0, 0, 0, 0, 0, 0, 0, 0, 0, 0, 0, 0, 0, 0, 0, 0, 0, 0, 0, 0, 0, 0, 0, 0, 0, 0, 0, 0, 0, 0, 0, 0, 0, 0, 0, 0, 0, 0, 0, 0, 0, 0, 0, 0, 0, 0, 0, 0, 0, 0, 0, 0, 0, 0, 0, 0, 0, 0, 0, 0, 0, 0, 0, 0, 0, 0, 0, 0, 0, 0, 0, 0, 0, 0, 0, 0, 0, 0, 0, 0, 0, 0, 0, 0, 0, 0, 0)
p_seq: 0.9922287100657725
DeltaW_total: 0.5301603849893777
DeltaQ_total: -7.719151607382571e-07
dW per increment:
[ 3.471592021139e-03,  3.489908428906e-03,  3.499542792703e-03,
  3.497028079165e-03,  3.482376576295e-03,  3.459130024005e-03,
  3.433383333258e-03,  3.412051153308e-03,  3.400870158988e-03,
  3.402713397428e-03,  3.416710422060e-03,  3.438440127699e-03,
  3.461156066964e-03,  3.477704457890e-03,  3.482589830842e-03,
  3.473592845747e-03,  3.452465789282e-03,  3.424490918368e-03,
  3.397012033791e-03,  3.377347524109e-03,  3.370677421085e-03,
  3.378513174559e-03,  3.398199992864e-03,  3.423611057194e-03,
  3.446852446881e-03,  3.460504343055e-03,  3.459762855192e-03,
  3.443865714532e-03,  3.416381169661e-03,  3.384258974910e-03,
  3.355895587678e-03,  3.338751958154e-03,  3.337198766859e-03,
  3.351209489162e-03,  3.376289061208e-03,  3.404679028904e-03,
  3.427516203855e-03,  3.437344543505e-03,  3.430269528167e-03,
  3.407134656928e-03,  3.373368109511e-03,  3.337520432696e-03,
  3.308886893812e-03,  3.294874975238e-03,  3.298860968572e-03,
  3.319153244814e-03,  3.349376115514e-03,  3.380190563458e-03,
  3.401887676162e-03,  3.407135342613e-03,  3.393102892362e-03,
  3.362350867906e-03,  3.322211620397e-03,  3.282808163888e-03,
  3.254246028792e-03,  3.243755899954e-03,  3.253592696122e-03,
  3.280298007542e-03,  3.315559617075e-03,  3.348456266833e-03,
  3.368481985007e-03,  3.368513748836e-03,  3.346886605744e-03,
  3.307975511301e-03,  3.261091189071e-03,  3.217966880079e-03,
  3.189513415307e-03,  3.182738183902e-03,  3.198694951738e-03,
  3.232059665013e-03,  3.272483945990e-03,  3.307383733533e-03,
  3.325412546804e-03,  3.319662631013e-03,  3.289694066233e-03,
  3.241800872546e-03,  3.187402894879e-03,  3.139972437395e-03,
  3.111321225571e-03,  3.108268423539e-03,  3.130625578207e-03,
  3.171087622738e-03,  3.217101601967e-03,  3.254236837567e-03,
  3.270153219708e-03,  3.258079009022e-03,  3.218822165143e-03,
  3.160724633602e-03,  3.097526103314e-03,  3.044681909479e-03,
  3.015119583406e-03,  3.015595627069e-03,  3.044674015911e-03,
  3.092922697300e-03,  3.145325235042e-03,  3.185293245780e-03,
  3.199209648496e-03,  3.180261868129e-03,  3.130491228227e-03,
  3.060451242069e-03,  2.986511653903e-03,  2.926493760558e-03,
  2.894797634664e-03,  2.898349028616e-03,  2.934500145301e-03,
  2.991509053373e-03,  3.051529780597e-03,  3.095354689673e-03,
  3.107651809330e-03,  3.081273406748e-03,  3.019431538554e-03,
  2.935090631766e-03,  2.847672669210e-03,  2.777908084836e-03,
  2.742193359676e-03,  2.747985388865e-03,  2.791518166976e-03,
  2.858525885362e-03,  2.927853454429e-03,  2.977044695097e-03,
  2.988435731169e-03,  2.954105340171e-03,  2.878302659440e-03,
  2.776623704852e-03,  2.672074159671e-03,  2.589006798452e-03,
  2.546526078143e-03,  2.553139435749e-03,  2.604143225854e-03,
  2.682527892720e-03,  2.763252167938e-03,  2.819817430039e-03,
  2.831420422943e-03,  2.788759249169e-03,  2.696880788532e-03,
  2.574216128261e-03,  2.447960511557e-03,  2.346948888391e-03,
  2.293887735815e-03,  2.299028805124e-03,  2.357037084202e-03,
  2.447988826900e-03,  2.542343890347e-03,  2.608657615212e-03,
  2.622023091986e-03,  2.570982335142e-03,  2.460996823311e-03,
  2.313445207076e-03,  2.160295862955e-03,  2.035773856782e-03,
  1.967189110980e-03,  1.967377690381e-03,  2.030839102211e-03,
  2.134711463212e-03,  2.244452053180e-03,  2.322818203632e-03,
  2.339816139038e-03,  2.280962674844e-03,  2.151589596803e-03,
  1.975927794776e-03,  1.791082260642e-03,  1.637388648561e-03,
  1.547655126121e-03,  1.538156981326e-03,  1.603851242365e-03,
  1.719203159876e-03,  1.844539149339e-03,  1.936350438971e-03,
  1.958870131821e-03,  1.893840379415e-03,  1.745802062390e-03,
  1.541383878163e-03,  1.322648938199e-03,  1.136157894393e-03,
  1.020596391918e-03,  9.962611938334e-04,  1.059267056423e-03,
  1.182123606188e-03,  1.320649646217e-03,  1.425486451986e-03,
  1.455202128376e-03,  1.387497275168e-03,  1.225472717563e-03,
  9.971977101273e-04,  7.485906989935e-04,  5.314232441034e-04,
  3.895953828525e-04,  3.473390862094e-04,  4.025362268560e-04,
  5.270024193518e-04,  6.737378879755e-04,  7.892749176577e-04,
  8.278638852808e-04,  7.637162381879e-04,  5.980127755283e-04,
  3.587656806161e-04,  9.352727539280e-05, -1.431430554426e-04,
 -3.041275490840e-04, -3.622613342138e-04]
dQ per increment:
[-4.162499281889e-10, -8.896106024146e-10, -1.150365450901e-09,
 -1.119499371026e-09, -8.017114363872e-10, -2.854011209221e-10,
  2.817411198005e-10,  7.346852466672e-10,  9.387861848575e-10,
  8.293747238465e-10,  4.317194960898e-10, -1.448441436236e-10,
 -7.371924537827e-10, -1.174808945655e-09, -1.329034235095e-09,
 -1.151043532190e-09, -6.872767344384e-10, -6.770972259436e-11,
  5.302931824127e-10,  9.324338183080e-10,  1.017739948740e-09,
  7.544377596605e-10,  2.106795235230e-10, -4.633608275718e-10,
 -1.077278702008e-09, -1.454444851882e-09, -1.483146725226e-09,
 -1.149750651023e-09, -5.444651461455e-10,  1.627159518236e-10,
  7.692836975076e-10,  1.097732246682e-09,  1.046806066742e-09,
  6.219700737515e-10, -6.424148084154e-11, -8.223532087497e-10,
 -1.438696809472e-09, -1.736003174763e-09, -1.624659441484e-09,
 -1.129985244047e-09, -3.872032243446e-10,  3.949908562121e-10,
  9.924150062932e-10,  1.228965977379e-09,  1.027606012869e-09,
  4.342072565215e-10, -3.930365965413e-10, -1.226302503987e-09,
 -1.831469573221e-09, -2.034275635963e-09, -1.771094322090e-09,
 -1.109046903792e-09, -2.297496703519e-10,  6.197848268679e-10,
  1.195609350781e-09,  1.325903041874e-09,  9.609855062317e-10,
  1.898597915169e-10, -7.819716846703e-10, -1.687972207755e-09,
 -2.274458441357e-09, -2.372298596822e-09, -1.946316578391e-09,
 -1.108130204134e-09, -8.788011963100e-11,  8.278031121906e-10,
  1.375126465605e-09,  1.387593028218e-09,  8.449351906071e-10,
 -1.179749739739e-10, -1.245528577086e-09, -2.230182377639e-09,
 -2.797417589890e-09, -2.783264836811e-09, -2.182712286630e-09,
 -1.154690626643e-09,  1.848150256965e-11,  1.007075776070e-09,
  1.524811284832e-09,  1.409685400963e-09,  6.720105674186e-10,
 -5.043356700145e-10, -1.809080356005e-09, -2.888766425070e-09,
 -3.444073949535e-09, -3.314266422069e-09, -2.525231771627e-09,
 -1.286807543984e-09,  6.091396397706e-11,  1.138674581274e-09,
  1.632213696449e-09,  1.380856694505e-09,  4.259249140447e-10,
 -9.957806811111e-10, -2.512438025530e-09, -3.716654182117e-09,
 -4.277095541237e-09, -4.031890774589e-09, -3.037739189859e-09,
 -1.559839068023e-09, -4.252590684109e-12,  1.190366060279e-09,
  1.672683262624e-09,  1.277688897608e-09,  7.696324361237e-11,
 -1.634709982288e-09, -3.414479586117e-09, -4.789137933664e-09,
 -5.384251458313e-09, -5.029593117207e-09, -3.811371310355e-09,
 -2.055589063115e-09, -2.452423984375e-10,  1.107648860436e-09,
  1.601447945608e-09,  1.057747350862e-09, -4.235767115746e-10,
 -2.484049972011e-09, -4.597305546666e-09, -6.208251334891e-09,
 -6.883759853696e-09, -6.434333082561e-09, -4.972713608454e-09,
 -2.891642708429e-09, -7.648842309852e-10,  8.039711157557e-10,
  1.344938719585e-09,  6.533288375360e-10, -1.146929996289e-09,
 -3.627707477732e-09, -6.164185111890e-09, -8.099032094175e-09,
 -8.920022792343e-09, -8.403247392201e-09, -6.682242508838e-09,
 -4.222090052846e-09, -1.702953441999e-09,  1.580449441566e-10,
  7.999735234594e-10, -2.541834012151e-11, -2.177528917650e-09,
 -5.153715727075e-09, -8.214815033292e-09, -1.057815380239e-08,
 -1.162794102119e-08, -1.108636406982e-08, -9.098355708268e-09,
 -6.204550423894e-09, -3.206554669358e-09, -9.581034671690e-10,
 -1.362147177279e-10, -1.053687524819e-09, -3.564473850305e-09,
 -7.090295248710e-09, -1.076435048064e-08, -1.365679795547e-08,
 -1.502321314291e-08, -1.450997250271e-08, -1.225986503723e-08,
 -8.886758989389e-09, -5.322999759505e-09, -2.577055568562e-09,
 -1.464373694244e-09, -2.383343793589e-09, -5.197650157821e-09,
 -9.259487325161e-09, -1.357071213205e-08, -1.704212612827e-08,
 -1.878325633751e-08, -1.834574921275e-08, -1.585348721256e-08,
 -1.198212082093e-08, -7.790004033709e-09, -4.442781968163e-09,
 -2.903410314037e-09, -3.669984503199e-09, -6.633082979418e-09,
 -1.109317028102e-08, -1.593638639276e-08, -1.992480923194e-08,
 -2.202492055533e-08, -2.168710557866e-08, -1.900009278898e-08,
 -1.467697692927e-08, -9.873976274577e-09, -5.887856854034e-09,
 -3.811810043823e-09, -4.241221069929e-09, -7.109023713453e-09,
 -1.169617381929e-08, -1.681661000697e-08, -2.112857068806e-08,
 -2.349046674755e-08, -2.326613114049e-08, -2.049746850095e-08,
 -1.589733521884e-08, -1.066352138058e-08, -6.162604999763e-09,
 -3.567670676247e-09, -3.546470450644e-09]

================================================================================
TRAJECTORY 30
================================================================================

COMP trajectory 30
outcomes: (0, 0, 0, 0, 0, 0, 0, 0, 0, 0, 0, 0, 0, 0, 0, 0, 0, 0, 0, 0, 0, 0, 0, 0, 0, 0, 0, 0, 0, 0, 0, 0, 0, 0, 0, 0, 0, 0, 0, 0, 0, 0, 0, 0, 0, 0, 0, 0, 0, 0, 0, 0, 0, 0, 0, 0, 0, 0, 0, 0, 0, 0, 0, 0, 0, 0, 0, 0, 0, 0, 0, 0, 0, 0, 0, 0, 0, 0, 0, 0, 0, 0, 0, 0, 0, 0, 0, 0, 0, 0, 0, 0, 0, 0, 0, 0, 0, 0, 0, 0, 0, 0, 0, 0, 0, 0, 0, 0, 0, 0, 0, 0, 0, 0, 0, 0, 0, 0, 0, 0, 0, 0, 0, 0, 0, 0, 0, 0, 0, 0, 0, 0, 0, 0, 0, 0, 0, 0, 0, 0, 0, 0, 0, 0, 0, 0, 0, 0, 0, 0, 0, 0, 0, 0, 0, 0, 0, 0, 0, 0, 0, 0, 0, 0, 0, 0, 0, 0, 0, 0, 0, 0, 0, 0, 0, 0, 0, 0, 0, 0, 0, 0, 0, 0, 0, 0, 0, 0, 0, 0, 0, 0, 0, 0, 0, 0, 0, 0, 0, 0, 0)
p_seq: 0.9711646393507506
DeltaW_total: -0.8254703559926213
DeltaQ_total: -4.164499868344711e-06
dW per increment:
[ 1.573221825758e-03,  3.134225698634e-03,  1.495191472248e-03,
 -1.818410173470e-03, -3.643019679057e-03, -2.283259703793e-03,
  8.314121654003e-04,  2.560741646251e-03,  1.138127896114e-03,
 -2.107932878062e-03, -4.075018812387e-03, -2.935493525278e-03,
  8.680979657250e-05,  1.941298909479e-03,  7.505793541434e-04,
 -2.367704122973e-03, -4.427071274868e-03, -3.511588823436e-03,
 -6.325205688213e-04,  1.298855175149e-03,  3.396538452147e-04,
 -2.603516238699e-03, -4.703663861903e-03, -4.002026710845e-03,
 -1.303484448567e-03,  6.567724896147e-04, -8.510182655641e-05,
 -2.821587458538e-03, -4.914835379770e-03, -4.405884661647e-03,
 -1.910183305348e-03,  3.565060464972e-05, -5.132371009751e-04,
 -3.027298470332e-03, -5.073339001779e-03, -4.728865907634e-03,
 -2.444275699512e-03, -5.486423046008e-04, -9.348428529350e-04,
 -3.224521673861e-03, -5.192133571619e-03, -4.980712787173e-03,
 -2.903939336665e-03, -1.085625631404e-03, -1.341595073573e-03,
 -3.415530324414e-03, -5.282703324543e-03, -5.172819604123e-03,
 -3.292147499682e-03, -1.569847932078e-03, -1.727294307221e-03,
 -3.601287952193e-03, -5.354258896261e-03, -5.316473076707e-03,
 -3.614869638918e-03, -1.999957734029e-03, -2.087961498690e-03,
 -3.781885391360e-03, -5.413607311841e-03, -5.421796081443e-03,
 -3.879557404957e-03, -2.377593005731e-03, -2.421629721690e-03,
 -3.956956462901e-03, -5.465411011832e-03, -5.497269492576e-03,
 -4.094047385047e-03, -2.706343493434e-03, -2.727977972208e-03,
 -4.125989748825e-03, -5.512605403135e-03, -5.549645193128e-03,
 -4.265865411639e-03, -2.990908361619e-03, -3.007920527587e-03,
 -4.288519595002e-03, -5.556829053388e-03, -5.584081868419e-03,
 -4.401851463516e-03, -3.236478843183e-03, -3.263222340834e-03,
 -4.444214393502e-03, -5.598794481354e-03, -5.604382314079e-03,
 -4.508010920821e-03, -3.448324470437e-03, -3.496174112369e-03,
 -4.592891503647e-03, -5.638576436994e-03, -5.613257632877e-03,
 -4.589510306330e-03, -3.631540842013e-03, -3.709335560494e-03,
 -4.734486591206e-03, -5.675821051454e-03, -5.612579000513e-03,
 -4.650756018300e-03, -3.790914109564e-03, -3.905341228638e-03,
 -4.868998771144e-03, -5.709890569744e-03, -5.603600587765e-03,
 -4.695514006782e-03, -3.930862912689e-03, -4.086756904949e-03,
 -4.996426192346e-03, -5.739961228311e-03, -5.587150343032e-03,
 -4.727043558887e-03, -4.055426609789e-03, -4.255973341516e-03,
 -5.116701422967e-03, -5.765090719279e-03, -5.563791824187e-03,
 -4.748228901320e-03, -4.168276489178e-03, -4.415125183618e-03,
 -5.229632570476e-03, -5.784269144659e-03, -5.533962658291e-03,
 -4.761698933649e-03, -4.272733115865e-03, -4.566025450544e-03,
 -5.334854257718e-03, -5.796464622374e-03, -5.498095219046e-03,
 -4.769929084116e-03, -4.371777939717e-03, -4.710108795635e-03,
 -5.431791959246e-03, -5.800672190635e-03, -5.456723787063e-03,
 -4.775320974506e-03, -4.468051045418e-03, -4.848379782789e-03,
 -5.519643341266e-03, -5.795972387943e-03, -5.410580380357e-03,
 -4.780256060492e-03, -4.563829901620e-03, -4.981365435036e-03,
 -5.597380761653e-03, -5.781603688753e-03, -5.360678932234e-03,
 -4.787119299504e-03, -4.660986609068e-03, -5.109074308084e-03,
 -5.663779606643e-03, -5.757050613887e-03, -5.308384749725e-03,
 -4.798288702908e-03, -4.760923850927e-03, -5.230967275576e-03,
 -5.717477317724e-03, -5.722146574740e-03, -5.255463397646e-03,
 -4.816086816568e-03, -4.864492816061e-03, -5.345947962631e-03,
 -5.757067431755e-03, -5.677187184443e-03, -5.204100564750e-03,
 -4.842691174211e-03, -4.971899973988e-03, -5.452383086560e-03,
 -5.781231350383e-03, -5.623045821803e-03, -5.156882441717e-03,
 -4.880002986489e-03, -5.082613741926e-03, -5.548164465772e-03,
 -5.788907525879e-03, -5.561278786864e-03, -5.116725168225e-03,
 -4.929477097964e-03, -5.195286585103e-03, -5.630824596562e-03,
 -5.779493037682e-03, -5.494202800431e-03, -5.086742614139e-03,
 -4.991921764532e-03, -5.307712445877e-03, -5.697715810978e-03,
 -5.753066063175e-03, -5.424923524483e-03, -5.070044845191e-03,
 -5.067284018143e-03, -5.416842794922e-03, -5.746258424669e-03,
 -5.710609744664e-03, -5.357291195278e-03, -5.069465751415e-03,
 -5.154444859926e-03, -5.518885912881e-03, -5.774255378167e-03,
 -5.654209111349e-03, -5.295759633523e-03, -5.087227936578e-03,
 -5.251057296700e-03, -5.609511857628e-03]
dQ per increment:
[-2.303445896935e-07, -3.737145369089e-07, -2.283549950933e-07,
  6.305170112452e-08,  2.150937552111e-07,  7.990028732391e-08,
 -2.084242085049e-07, -3.664773042503e-07, -2.399387621110e-07,
  4.614098047476e-08,  2.117009113476e-07,  9.689510160199e-08,
 -1.826187498049e-07, -3.513829642211e-07, -2.450291769021e-07,
  3.033546556530e-08,  2.049763585094e-07,  1.110117306756e-07,
 -1.550299757133e-07, -3.301427211931e-07, -2.439696191038e-07,
  1.639555426841e-08,  1.954990783409e-07,  1.214994547454e-07,
 -1.276947290724e-07, -3.048688196460e-07, -2.376692300205e-07,
  4.792022993260e-09,  1.840388794716e-07,  1.280942077677e-07,
 -1.022653350084e-07, -2.776644927207e-07, -2.273371804587e-07,
 -4.279821998535e-09,  1.714289219086e-07,  1.309683700288e-07,
 -7.985172656823e-08, -2.503246558142e-07, -2.142349204326e-07,
 -1.084738411247e-08,  1.584479067014e-07,  1.306002499210e-07,
 -6.101955821701e-08, -2.241889704440e-07, -1.995010053563e-07,
 -1.509354093793e-08,  1.457387308226e-07,  1.276224479096e-07,
 -4.588924855950e-08, -2.001249774365e-07, -1.840592551367e-07,
 -1.729187853322e-08,  1.337709228935e-07,  1.226934771294e-07,
 -3.427311845569e-08, -1.785916474636e-07, -1.685938165394e-07,
 -1.775376124932e-08,  1.228404726272e-07,  1.164114519568e-07,
 -2.580565765589e-08, -1.597360211165e-07, -1.535663948131e-07,
 -1.679050413463e-08,  1.130923751921e-07,  1.092694205751e-07,
 -2.004501912893e-08, -1.434900750025e-07, -1.392533613949e-07,
 -1.469007675226e-08,  1.045533624044e-07,  1.016422897255e-07,
 -1.654100056014e-08, -1.296522185693e-07, -1.257883024876e-07,
 -1.170519751091e-08,  9.716509228631e-08,  9.379361490171e-08,
 -1.487427096812e-08, -1.179478545097e-07, -1.132015734467e-07,
 -8.050420379803e-09,  9.081268954100e-08,  8.589211769735e-08,
 -1.467435067383e-08, -1.080710673802e-07, -1.014535110436e-07,
 -3.904481047506e-09,  8.534696245392e-08,  7.803175067342e-08,
 -1.562353778208e-08, -9.971068657940e-08, -9.046070717413e-08,
  5.839268157545e-10,  8.060031384417e-08,  7.025135185992e-08,
 -1.745300054696e-08, -9.256527907370e-08, -8.011598286953e-08,
  5.288956048295e-09,  7.639736736547e-08,  6.255220588594e-08,
 -1.993441190199e-08, -8.635090077182e-08, -7.030356236320e-08,
  1.009977830708e-08,  7.256191040736e-08,  5.491314227597e-08,
 -2.287032066462e-08, -8.080429543707e-08, -6.091042770683e-08,
  1.491329992831e-08,  6.892140295544e-08,  4.730323838794e-08,
 -2.608426303207e-08, -7.568391480108e-08, -5.183528438337e-08,
  1.962741622615e-08,  6.531012132754e-08,  3.969257071895e-08,
 -2.941203097436e-08, -7.077007619684e-08, -4.299583785967e-08,
  2.413564253317e-08,  6.157211036167e-08,  3.206142777266e-08,
 -3.269431946441e-08, -6.586573788464e-08, -3.433505970686e-08,
  2.832297230429e-08,  5.756455508273e-08,  2.440847425957e-08,
 -3.577138624894e-08, -6.079799217806e-08, -2.582672045150e-08,
  3.206356326019e-08,  5.316200673948e-08,  1.675781689152e-08,
 -3.847984314433e-08, -5.542129094191e-08, -1.748021510872e-08,
  3.522051618497e-08,  4.826194963982e-08,  9.164972301478e-09,
 -4.065215378820e-08, -4.962225960171e-08, -9.344628259557e-09,
  3.764813782167e-08,  4.279176034263e-08,  1.721530753888e-09,
 -4.211903883306e-08, -4.332600521666e-08, -1.511265309076e-09,
  3.919698187815e-08,  3.671681065437e-08, -5.442147849553e-09,
 -4.271509123407e-08, -3.650385619995e-08,  5.885719669453e-09,
  3.972202878167e-08,  3.004932807617e-08, -1.215687048771e-08,
 -4.228784965515e-08, -2.918145639713e-08,  1.267170678804e-08,
  3.909421967489e-08,  2.285718243237e-08, -1.821821416469e-08,
 -4.071024553055e-08, -2.144663815637e-08,  1.863781259534e-08,
  3.721494434665e-08,  1.527154354364e-08, -2.339443457618e-08,
 -3.789598118555e-08, -1.345526241120e-08,  2.355192775961e-08,
  3.403317385721e-08,  7.491500678483e-09, -2.743986154442e-08,
 -3.381709327410e-08, -5.433546619582e-09,  2.717534480431e-08,
  2.956380423108e-08, -2.156552861635e-10, -3.011402925635e-08,
 -2.852204394194e-08,  2.325176557370e-09,  2.928503450416e-08,
  2.390557781243e-08, -7.521049739598e-09, -3.120651519140e-08,
 -2.215213877783e-08,  9.471303023117e-09,  2.970128797335e-08,
  1.725574105653e-08, -1.404927362381e-08, -3.056650947370e-08,
 -1.495334088931e-08,  1.561900356273e-08]

EXP trajectory 30
outcomes: (0, 0, 0, 0, 0, 0, 0, 0, 0, 0, 0, 0, 0, 0, 0, 0, 0, 0, 0, 0, 0, 0, 0, 0, 0, 0, 0, 0, 0, 0, 0, 0, 0, 0, 0, 0, 0, 0, 0, 0, 0, 0, 0, 0, 0, 0, 0, 0, 0, 0, 0, 0, 0, 0, 0, 0, 0, 0, 0, 0, 0, 0, 0, 0, 0, 0, 0, 0, 0, 0, 0, 0, 0, 0, 0, 0, 0, 0, 0, 0, 0, 0, 0, 0, 0, 0, 0, 0, 0, 0, 0, 0, 0, 0, 0, 0, 0, 0, 0, 0, 0, 0, 0, 0, 0, 0, 0, 0, 0, 0, 0, 0, 0, 0, 0, 0, 0, 0, 0, 0, 0, 0, 0, 0, 0, 0, 0, 0, 0, 0, 0, 0, 0, 0, 0, 0, 0, 0, 0, 0, 0, 0, 0, 0, 0, 0, 0, 0, 0, 0, 0, 0, 0, 0, 0, 0, 0, 0, 0, 0, 0, 0, 0, 0, 0, 0, 0, 0, 0, 0, 0, 0, 0, 0, 0, 0, 0, 0, 0, 0, 0, 0, 0, 0, 0, 0, 0, 0, 0, 0, 0, 0, 0, 0, 0, 0, 0, 0, 0, 0, 0)
p_seq: 0.9922287100657725
DeltaW_total: 0.5301603849893777
DeltaQ_total: -7.719151607382571e-07
dW per increment:
[ 3.471592021139e-03,  3.489908428906e-03,  3.499542792703e-03,
  3.497028079165e-03,  3.482376576295e-03,  3.459130024005e-03,
  3.433383333258e-03,  3.412051153308e-03,  3.400870158988e-03,
  3.402713397428e-03,  3.416710422060e-03,  3.438440127699e-03,
  3.461156066964e-03,  3.477704457890e-03,  3.482589830842e-03,
  3.473592845747e-03,  3.452465789282e-03,  3.424490918368e-03,
  3.397012033791e-03,  3.377347524109e-03,  3.370677421085e-03,
  3.378513174559e-03,  3.398199992864e-03,  3.423611057194e-03,
  3.446852446881e-03,  3.460504343055e-03,  3.459762855192e-03,
  3.443865714532e-03,  3.416381169661e-03,  3.384258974910e-03,
  3.355895587678e-03,  3.338751958154e-03,  3.337198766859e-03,
  3.351209489162e-03,  3.376289061208e-03,  3.404679028904e-03,
  3.427516203855e-03,  3.437344543505e-03,  3.430269528167e-03,
  3.407134656928e-03,  3.373368109511e-03,  3.337520432696e-03,
  3.308886893812e-03,  3.294874975238e-03,  3.298860968572e-03,
  3.319153244814e-03,  3.349376115514e-03,  3.380190563458e-03,
  3.401887676162e-03,  3.407135342613e-03,  3.393102892362e-03,
  3.362350867906e-03,  3.322211620397e-03,  3.282808163888e-03,
  3.254246028792e-03,  3.243755899954e-03,  3.253592696122e-03,
  3.280298007542e-03,  3.315559617075e-03,  3.348456266833e-03,
  3.368481985007e-03,  3.368513748836e-03,  3.346886605744e-03,
  3.307975511301e-03,  3.261091189071e-03,  3.217966880079e-03,
  3.189513415307e-03,  3.182738183902e-03,  3.198694951738e-03,
  3.232059665013e-03,  3.272483945990e-03,  3.307383733533e-03,
  3.325412546804e-03,  3.319662631013e-03,  3.289694066233e-03,
  3.241800872546e-03,  3.187402894879e-03,  3.139972437395e-03,
  3.111321225571e-03,  3.108268423539e-03,  3.130625578207e-03,
  3.171087622738e-03,  3.217101601967e-03,  3.254236837567e-03,
  3.270153219708e-03,  3.258079009022e-03,  3.218822165143e-03,
  3.160724633602e-03,  3.097526103314e-03,  3.044681909479e-03,
  3.015119583406e-03,  3.015595627069e-03,  3.044674015911e-03,
  3.092922697300e-03,  3.145325235042e-03,  3.185293245780e-03,
  3.199209648496e-03,  3.180261868129e-03,  3.130491228227e-03,
  3.060451242069e-03,  2.986511653903e-03,  2.926493760558e-03,
  2.894797634664e-03,  2.898349028616e-03,  2.934500145301e-03,
  2.991509053373e-03,  3.051529780597e-03,  3.095354689673e-03,
  3.107651809330e-03,  3.081273406748e-03,  3.019431538554e-03,
  2.935090631766e-03,  2.847672669210e-03,  2.777908084836e-03,
  2.742193359676e-03,  2.747985388865e-03,  2.791518166976e-03,
  2.858525885362e-03,  2.927853454429e-03,  2.977044695097e-03,
  2.988435731169e-03,  2.954105340171e-03,  2.878302659440e-03,
  2.776623704852e-03,  2.672074159671e-03,  2.589006798452e-03,
  2.546526078143e-03,  2.553139435749e-03,  2.604143225854e-03,
  2.682527892720e-03,  2.763252167938e-03,  2.819817430039e-03,
  2.831420422943e-03,  2.788759249169e-03,  2.696880788532e-03,
  2.574216128261e-03,  2.447960511557e-03,  2.346948888391e-03,
  2.293887735815e-03,  2.299028805124e-03,  2.357037084202e-03,
  2.447988826900e-03,  2.542343890347e-03,  2.608657615212e-03,
  2.622023091986e-03,  2.570982335142e-03,  2.460996823311e-03,
  2.313445207076e-03,  2.160295862955e-03,  2.035773856782e-03,
  1.967189110980e-03,  1.967377690381e-03,  2.030839102211e-03,
  2.134711463212e-03,  2.244452053180e-03,  2.322818203632e-03,
  2.339816139038e-03,  2.280962674844e-03,  2.151589596803e-03,
  1.975927794776e-03,  1.791082260642e-03,  1.637388648561e-03,
  1.547655126121e-03,  1.538156981326e-03,  1.603851242365e-03,
  1.719203159876e-03,  1.844539149339e-03,  1.936350438971e-03,
  1.958870131821e-03,  1.893840379415e-03,  1.745802062390e-03,
  1.541383878163e-03,  1.322648938199e-03,  1.136157894393e-03,
  1.020596391918e-03,  9.962611938334e-04,  1.059267056423e-03,
  1.182123606188e-03,  1.320649646217e-03,  1.425486451986e-03,
  1.455202128376e-03,  1.387497275168e-03,  1.225472717563e-03,
  9.971977101273e-04,  7.485906989935e-04,  5.314232441034e-04,
  3.895953828525e-04,  3.473390862094e-04,  4.025362268560e-04,
  5.270024193518e-04,  6.737378879755e-04,  7.892749176577e-04,
  8.278638852808e-04,  7.637162381879e-04,  5.980127755283e-04,
  3.587656806161e-04,  9.352727539280e-05, -1.431430554426e-04,
 -3.041275490840e-04, -3.622613342138e-04]
dQ per increment:
[-4.162499281889e-10, -8.896106024146e-10, -1.150365450901e-09,
 -1.119499371026e-09, -8.017114363872e-10, -2.854011209221e-10,
  2.817411198005e-10,  7.346852466672e-10,  9.387861848575e-10,
  8.293747238465e-10,  4.317194960898e-10, -1.448441436236e-10,
 -7.371924537827e-10, -1.174808945655e-09, -1.329034235095e-09,
 -1.151043532190e-09, -6.872767344384e-10, -6.770972259436e-11,
  5.302931824127e-10,  9.324338183080e-10,  1.017739948740e-09,
  7.544377596605e-10,  2.106795235230e-10, -4.633608275718e-10,
 -1.077278702008e-09, -1.454444851882e-09, -1.483146725226e-09,
 -1.149750651023e-09, -5.444651461455e-10,  1.627159518236e-10,
  7.692836975076e-10,  1.097732246682e-09,  1.046806066742e-09,
  6.219700737515e-10, -6.424148084154e-11, -8.223532087497e-10,
 -1.438696809472e-09, -1.736003174763e-09, -1.624659441484e-09,
 -1.129985244047e-09, -3.872032243446e-10,  3.949908562121e-10,
  9.924150062932e-10,  1.228965977379e-09,  1.027606012869e-09,
  4.342072565215e-10, -3.930365965413e-10, -1.226302503987e-09,
 -1.831469573221e-09, -2.034275635963e-09, -1.771094322090e-09,
 -1.109046903792e-09, -2.297496703519e-10,  6.197848268679e-10,
  1.195609350781e-09,  1.325903041874e-09,  9.609855062317e-10,
  1.898597915169e-10, -7.819716846703e-10, -1.687972207755e-09,
 -2.274458441357e-09, -2.372298596822e-09, -1.946316578391e-09,
 -1.108130204134e-09, -8.788011963100e-11,  8.278031121906e-10,
  1.375126465605e-09,  1.387593028218e-09,  8.449351906071e-10,
 -1.179749739739e-10, -1.245528577086e-09, -2.230182377639e-09,
 -2.797417589890e-09, -2.783264836811e-09, -2.182712286630e-09,
 -1.154690626643e-09,  1.848150256965e-11,  1.007075776070e-09,
  1.524811284832e-09,  1.409685400963e-09,  6.720105674186e-10,
 -5.043356700145e-10, -1.809080356005e-09, -2.888766425070e-09,
 -3.444073949535e-09, -3.314266422069e-09, -2.525231771627e-09,
 -1.286807543984e-09,  6.091396397706e-11,  1.138674581274e-09,
  1.632213696449e-09,  1.380856694505e-09,  4.259249140447e-10,
 -9.957806811111e-10, -2.512438025530e-09, -3.716654182117e-09,
 -4.277095541237e-09, -4.031890774589e-09, -3.037739189859e-09,
 -1.559839068023e-09, -4.252590684109e-12,  1.190366060279e-09,
  1.672683262624e-09,  1.277688897608e-09,  7.696324361237e-11,
 -1.634709982288e-09, -3.414479586117e-09, -4.789137933664e-09,
 -5.384251458313e-09, -5.029593117207e-09, -3.811371310355e-09,
 -2.055589063115e-09, -2.452423984375e-10,  1.107648860436e-09,
  1.601447945608e-09,  1.057747350862e-09, -4.235767115746e-10,
 -2.484049972011e-09, -4.597305546666e-09, -6.208251334891e-09,
 -6.883759853696e-09, -6.434333082561e-09, -4.972713608454e-09,
 -2.891642708429e-09, -7.648842309852e-10,  8.039711157557e-10,
  1.344938719585e-09,  6.533288375360e-10, -1.146929996289e-09,
 -3.627707477732e-09, -6.164185111890e-09, -8.099032094175e-09,
 -8.920022792343e-09, -8.403247392201e-09, -6.682242508838e-09,
 -4.222090052846e-09, -1.702953441999e-09,  1.580449441566e-10,
  7.999735234594e-10, -2.541834012151e-11, -2.177528917650e-09,
 -5.153715727075e-09, -8.214815033292e-09, -1.057815380239e-08,
 -1.162794102119e-08, -1.108636406982e-08, -9.098355708268e-09,
 -6.204550423894e-09, -3.206554669358e-09, -9.581034671690e-10,
 -1.362147177279e-10, -1.053687524819e-09, -3.564473850305e-09,
 -7.090295248710e-09, -1.076435048064e-08, -1.365679795547e-08,
 -1.502321314291e-08, -1.450997250271e-08, -1.225986503723e-08,
 -8.886758989389e-09, -5.322999759505e-09, -2.577055568562e-09,
 -1.464373694244e-09, -2.383343793589e-09, -5.197650157821e-09,
 -9.259487325161e-09, -1.357071213205e-08, -1.704212612827e-08,
 -1.878325633751e-08, -1.834574921275e-08, -1.585348721256e-08,
 -1.198212082093e-08, -7.790004033709e-09, -4.442781968163e-09,
 -2.903410314037e-09, -3.669984503199e-09, -6.633082979418e-09,
 -1.109317028102e-08, -1.593638639276e-08, -1.992480923194e-08,
 -2.202492055533e-08, -2.168710557866e-08, -1.900009278898e-08,
 -1.467697692927e-08, -9.873976274577e-09, -5.887856854034e-09,
 -3.811810043823e-09, -4.241221069929e-09, -7.109023713453e-09,
 -1.169617381929e-08, -1.681661000697e-08, -2.112857068806e-08,
 -2.349046674755e-08, -2.326613114049e-08, -2.049746850095e-08,
 -1.589733521884e-08, -1.066352138058e-08, -6.162604999763e-09,
 -3.567670676247e-09, -3.546470450644e-09]

================================================================================
TRAJECTORY 31
================================================================================

COMP trajectory 31
outcomes: (0, 0, 0, 0, 0, 0, 0, 0, 0, 0, 0, 0, 0, 0, 0, 0, 0, 0, 0, 0, 0, 0, 0, 0, 0, 0, 0, 0, 0, 0, 0, 0, 0, 0, 0, 0, 0, 0, 0, 0, 0, 0, 0, 0, 0, 0, 0, 0, 0, 0, 0, 0, 0, 0, 0, 0, 0, 0, 0, 0, 0, 0, 0, 0, 0, 0, 0, 0, 0, 0, 0, 0, 0, 0, 0, 0, 0, 0, 0, 0, 0, 0, 0, 0, 0, 0, 0, 0, 0, 0, 0, 0, 0, 0, 0, 0, 0, 0, 0, 0, 0, 0, 0, 0, 0, 0, 0, 0, 0, 0, 0, 0, 0, 0, 0, 0, 0, 0, 0, 0, 0, 0, 0, 0, 0, 0, 0, 0, 0, 0, 0, 0, 0, 0, 0, 0, 0, 0, 0, 0, 0, 0, 0, 0, 0, 0, 0, 0, 0, 0, 0, 0, 0, 0, 0, 0, 0, 0, 0, 0, 0, 0, 0, 0, 0, 0, 0, 0, 0, 0, 0, 0, 0, 0, 0, 0, 0, 0, 0, 0, 0, 0, 0, 0, 0, 0, 0, 0, 0, 0, 0, 0, 0, 0, 0, 0, 0, 0, 0, 0, 0)
p_seq: 0.9711646393507506
DeltaW_total: -0.8254703559926213
DeltaQ_total: -4.164499868344711e-06
dW per increment:
[ 1.573221825758e-03,  3.134225698634e-03,  1.495191472248e-03,
 -1.818410173470e-03, -3.643019679057e-03, -2.283259703793e-03,
  8.314121654003e-04,  2.560741646251e-03,  1.138127896114e-03,
 -2.107932878062e-03, -4.075018812387e-03, -2.935493525278e-03,
  8.680979657250e-05,  1.941298909479e-03,  7.505793541434e-04,
 -2.367704122973e-03, -4.427071274868e-03, -3.511588823436e-03,
 -6.325205688213e-04,  1.298855175149e-03,  3.396538452147e-04,
 -2.603516238699e-03, -4.703663861903e-03, -4.002026710845e-03,
 -1.303484448567e-03,  6.567724896147e-04, -8.510182655641e-05,
 -2.821587458538e-03, -4.914835379770e-03, -4.405884661647e-03,
 -1.910183305348e-03,  3.565060464972e-05, -5.132371009751e-04,
 -3.027298470332e-03, -5.073339001779e-03, -4.728865907634e-03,
 -2.444275699512e-03, -5.486423046008e-04, -9.348428529350e-04,
 -3.224521673861e-03, -5.192133571619e-03, -4.980712787173e-03,
 -2.903939336665e-03, -1.085625631404e-03, -1.341595073573e-03,
 -3.415530324414e-03, -5.282703324543e-03, -5.172819604123e-03,
 -3.292147499682e-03, -1.569847932078e-03, -1.727294307221e-03,
 -3.601287952193e-03, -5.354258896261e-03, -5.316473076707e-03,
 -3.614869638918e-03, -1.999957734029e-03, -2.087961498690e-03,
 -3.781885391360e-03, -5.413607311841e-03, -5.421796081443e-03,
 -3.879557404957e-03, -2.377593005731e-03, -2.421629721690e-03,
 -3.956956462901e-03, -5.465411011832e-03, -5.497269492576e-03,
 -4.094047385047e-03, -2.706343493434e-03, -2.727977972208e-03,
 -4.125989748825e-03, -5.512605403135e-03, -5.549645193128e-03,
 -4.265865411639e-03, -2.990908361619e-03, -3.007920527587e-03,
 -4.288519595002e-03, -5.556829053388e-03, -5.584081868419e-03,
 -4.401851463516e-03, -3.236478843183e-03, -3.263222340834e-03,
 -4.444214393502e-03, -5.598794481354e-03, -5.604382314079e-03,
 -4.508010920821e-03, -3.448324470437e-03, -3.496174112369e-03,
 -4.592891503647e-03, -5.638576436994e-03, -5.613257632877e-03,
 -4.589510306330e-03, -3.631540842013e-03, -3.709335560494e-03,
 -4.734486591206e-03, -5.675821051454e-03, -5.612579000513e-03,
 -4.650756018300e-03, -3.790914109564e-03, -3.905341228638e-03,
 -4.868998771144e-03, -5.709890569744e-03, -5.603600587765e-03,
 -4.695514006782e-03, -3.930862912689e-03, -4.086756904949e-03,
 -4.996426192346e-03, -5.739961228311e-03, -5.587150343032e-03,
 -4.727043558887e-03, -4.055426609789e-03, -4.255973341516e-03,
 -5.116701422967e-03, -5.765090719279e-03, -5.563791824187e-03,
 -4.748228901320e-03, -4.168276489178e-03, -4.415125183618e-03,
 -5.229632570476e-03, -5.784269144659e-03, -5.533962658291e-03,
 -4.761698933649e-03, -4.272733115865e-03, -4.566025450544e-03,
 -5.334854257718e-03, -5.796464622374e-03, -5.498095219046e-03,
 -4.769929084116e-03, -4.371777939717e-03, -4.710108795635e-03,
 -5.431791959246e-03, -5.800672190635e-03, -5.456723787063e-03,
 -4.775320974506e-03, -4.468051045418e-03, -4.848379782789e-03,
 -5.519643341266e-03, -5.795972387943e-03, -5.410580380357e-03,
 -4.780256060492e-03, -4.563829901620e-03, -4.981365435036e-03,
 -5.597380761653e-03, -5.781603688753e-03, -5.360678932234e-03,
 -4.787119299504e-03, -4.660986609068e-03, -5.109074308084e-03,
 -5.663779606643e-03, -5.757050613887e-03, -5.308384749725e-03,
 -4.798288702908e-03, -4.760923850927e-03, -5.230967275576e-03,
 -5.717477317724e-03, -5.722146574740e-03, -5.255463397646e-03,
 -4.816086816568e-03, -4.864492816061e-03, -5.345947962631e-03,
 -5.757067431755e-03, -5.677187184443e-03, -5.204100564750e-03,
 -4.842691174211e-03, -4.971899973988e-03, -5.452383086560e-03,
 -5.781231350383e-03, -5.623045821803e-03, -5.156882441717e-03,
 -4.880002986489e-03, -5.082613741926e-03, -5.548164465772e-03,
 -5.788907525879e-03, -5.561278786864e-03, -5.116725168225e-03,
 -4.929477097964e-03, -5.195286585103e-03, -5.630824596562e-03,
 -5.779493037682e-03, -5.494202800431e-03, -5.086742614139e-03,
 -4.991921764532e-03, -5.307712445877e-03, -5.697715810978e-03,
 -5.753066063175e-03, -5.424923524483e-03, -5.070044845191e-03,
 -5.067284018143e-03, -5.416842794922e-03, -5.746258424669e-03,
 -5.710609744664e-03, -5.357291195278e-03, -5.069465751415e-03,
 -5.154444859926e-03, -5.518885912881e-03, -5.774255378167e-03,
 -5.654209111349e-03, -5.295759633523e-03, -5.087227936578e-03,
 -5.251057296700e-03, -5.609511857628e-03]
dQ per increment:
[-2.303445896935e-07, -3.737145369089e-07, -2.283549950933e-07,
  6.305170112452e-08,  2.150937552111e-07,  7.990028732391e-08,
 -2.084242085049e-07, -3.664773042503e-07, -2.399387621110e-07,
  4.614098047476e-08,  2.117009113476e-07,  9.689510160199e-08,
 -1.826187498049e-07, -3.513829642211e-07, -2.450291769021e-07,
  3.033546556530e-08,  2.049763585094e-07,  1.110117306756e-07,
 -1.550299757133e-07, -3.301427211931e-07, -2.439696191038e-07,
  1.639555426841e-08,  1.954990783409e-07,  1.214994547454e-07,
 -1.276947290724e-07, -3.048688196460e-07, -2.376692300205e-07,
  4.792022993260e-09,  1.840388794716e-07,  1.280942077677e-07,
 -1.022653350084e-07, -2.776644927207e-07, -2.273371804587e-07,
 -4.279821998535e-09,  1.714289219086e-07,  1.309683700288e-07,
 -7.985172656823e-08, -2.503246558142e-07, -2.142349204326e-07,
 -1.084738411247e-08,  1.584479067014e-07,  1.306002499210e-07,
 -6.101955821701e-08, -2.241889704440e-07, -1.995010053563e-07,
 -1.509354093793e-08,  1.457387308226e-07,  1.276224479096e-07,
 -4.588924855950e-08, -2.001249774365e-07, -1.840592551367e-07,
 -1.729187853322e-08,  1.337709228935e-07,  1.226934771294e-07,
 -3.427311845569e-08, -1.785916474636e-07, -1.685938165394e-07,
 -1.775376124932e-08,  1.228404726272e-07,  1.164114519568e-07,
 -2.580565765589e-08, -1.597360211165e-07, -1.535663948131e-07,
 -1.679050413463e-08,  1.130923751921e-07,  1.092694205751e-07,
 -2.004501912893e-08, -1.434900750025e-07, -1.392533613949e-07,
 -1.469007675226e-08,  1.045533624044e-07,  1.016422897255e-07,
 -1.654100056014e-08, -1.296522185693e-07, -1.257883024876e-07,
 -1.170519751091e-08,  9.716509228631e-08,  9.379361490171e-08,
 -1.487427096812e-08, -1.179478545097e-07, -1.132015734467e-07,
 -8.050420379803e-09,  9.081268954100e-08,  8.589211769735e-08,
 -1.467435067383e-08, -1.080710673802e-07, -1.014535110436e-07,
 -3.904481047506e-09,  8.534696245392e-08,  7.803175067342e-08,
 -1.562353778208e-08, -9.971068657940e-08, -9.046070717413e-08,
  5.839268157545e-10,  8.060031384417e-08,  7.025135185992e-08,
 -1.745300054696e-08, -9.256527907370e-08, -8.011598286953e-08,
  5.288956048295e-09,  7.639736736547e-08,  6.255220588594e-08,
 -1.993441190199e-08, -8.635090077182e-08, -7.030356236320e-08,
  1.009977830708e-08,  7.256191040736e-08,  5.491314227597e-08,
 -2.287032066462e-08, -8.080429543707e-08, -6.091042770683e-08,
  1.491329992831e-08,  6.892140295544e-08,  4.730323838794e-08,
 -2.608426303207e-08, -7.568391480108e-08, -5.183528438337e-08,
  1.962741622615e-08,  6.531012132754e-08,  3.969257071895e-08,
 -2.941203097436e-08, -7.077007619684e-08, -4.299583785967e-08,
  2.413564253317e-08,  6.157211036167e-08,  3.206142777266e-08,
 -3.269431946441e-08, -6.586573788464e-08, -3.433505970686e-08,
  2.832297230429e-08,  5.756455508273e-08,  2.440847425957e-08,
 -3.577138624894e-08, -6.079799217806e-08, -2.582672045150e-08,
  3.206356326019e-08,  5.316200673948e-08,  1.675781689152e-08,
 -3.847984314433e-08, -5.542129094191e-08, -1.748021510872e-08,
  3.522051618497e-08,  4.826194963982e-08,  9.164972301478e-09,
 -4.065215378820e-08, -4.962225960171e-08, -9.344628259557e-09,
  3.764813782167e-08,  4.279176034263e-08,  1.721530753888e-09,
 -4.211903883306e-08, -4.332600521666e-08, -1.511265309076e-09,
  3.919698187815e-08,  3.671681065437e-08, -5.442147849553e-09,
 -4.271509123407e-08, -3.650385619995e-08,  5.885719669453e-09,
  3.972202878167e-08,  3.004932807617e-08, -1.215687048771e-08,
 -4.228784965515e-08, -2.918145639713e-08,  1.267170678804e-08,
  3.909421967489e-08,  2.285718243237e-08, -1.821821416469e-08,
 -4.071024553055e-08, -2.144663815637e-08,  1.863781259534e-08,
  3.721494434665e-08,  1.527154354364e-08, -2.339443457618e-08,
 -3.789598118555e-08, -1.345526241120e-08,  2.355192775961e-08,
  3.403317385721e-08,  7.491500678483e-09, -2.743986154442e-08,
 -3.381709327410e-08, -5.433546619582e-09,  2.717534480431e-08,
  2.956380423108e-08, -2.156552861635e-10, -3.011402925635e-08,
 -2.852204394194e-08,  2.325176557370e-09,  2.928503450416e-08,
  2.390557781243e-08, -7.521049739598e-09, -3.120651519140e-08,
 -2.215213877783e-08,  9.471303023117e-09,  2.970128797335e-08,
  1.725574105653e-08, -1.404927362381e-08, -3.056650947370e-08,
 -1.495334088931e-08,  1.561900356273e-08]

EXP trajectory 31
outcomes: (0, 0, 0, 0, 0, 0, 0, 0, 0, 0, 0, 0, 0, 0, 0, 0, 0, 0, 0, 0, 0, 0, 0, 0, 0, 0, 0, 0, 0, 0, 0, 0, 0, 0, 0, 0, 0, 0, 0, 0, 0, 0, 0, 0, 0, 0, 0, 0, 0, 0, 0, 0, 0, 0, 0, 0, 0, 0, 0, 0, 0, 0, 0, 0, 0, 0, 0, 0, 0, 0, 0, 0, 0, 0, 0, 0, 0, 0, 0, 0, 0, 0, 0, 0, 0, 0, 0, 0, 0, 0, 0, 0, 0, 0, 0, 0, 0, 0, 0, 0, 0, 0, 0, 0, 0, 0, 0, 0, 0, 0, 0, 0, 0, 0, 0, 0, 0, 0, 0, 0, 0, 0, 0, 0, 0, 0, 0, 0, 0, 0, 0, 0, 0, 0, 0, 0, 0, 0, 0, 0, 0, 0, 0, 0, 0, 0, 0, 0, 0, 0, 0, 0, 0, 0, 0, 0, 0, 0, 0, 0, 0, 0, 0, 0, 0, 0, 0, 0, 0, 0, 0, 0, 0, 0, 0, 0, 0, 0, 0, 0, 0, 0, 0, 0, 0, 0, 0, 0, 0, 0, 0, 0, 0, 0, 0, 0, 0, 0, 0, 0, 0)
p_seq: 0.9922287100657725
DeltaW_total: 0.5301603849893777
DeltaQ_total: -7.719151607382571e-07
dW per increment:
[ 3.471592021139e-03,  3.489908428906e-03,  3.499542792703e-03,
  3.497028079165e-03,  3.482376576295e-03,  3.459130024005e-03,
  3.433383333258e-03,  3.412051153308e-03,  3.400870158988e-03,
  3.402713397428e-03,  3.416710422060e-03,  3.438440127699e-03,
  3.461156066964e-03,  3.477704457890e-03,  3.482589830842e-03,
  3.473592845747e-03,  3.452465789282e-03,  3.424490918368e-03,
  3.397012033791e-03,  3.377347524109e-03,  3.370677421085e-03,
  3.378513174559e-03,  3.398199992864e-03,  3.423611057194e-03,
  3.446852446881e-03,  3.460504343055e-03,  3.459762855192e-03,
  3.443865714532e-03,  3.416381169661e-03,  3.384258974910e-03,
  3.355895587678e-03,  3.338751958154e-03,  3.337198766859e-03,
  3.351209489162e-03,  3.376289061208e-03,  3.404679028904e-03,
  3.427516203855e-03,  3.437344543505e-03,  3.430269528167e-03,
  3.407134656928e-03,  3.373368109511e-03,  3.337520432696e-03,
  3.308886893812e-03,  3.294874975238e-03,  3.298860968572e-03,
  3.319153244814e-03,  3.349376115514e-03,  3.380190563458e-03,
  3.401887676162e-03,  3.407135342613e-03,  3.393102892362e-03,
  3.362350867906e-03,  3.322211620397e-03,  3.282808163888e-03,
  3.254246028792e-03,  3.243755899954e-03,  3.253592696122e-03,
  3.280298007542e-03,  3.315559617075e-03,  3.348456266833e-03,
  3.368481985007e-03,  3.368513748836e-03,  3.346886605744e-03,
  3.307975511301e-03,  3.261091189071e-03,  3.217966880079e-03,
  3.189513415307e-03,  3.182738183902e-03,  3.198694951738e-03,
  3.232059665013e-03,  3.272483945990e-03,  3.307383733533e-03,
  3.325412546804e-03,  3.319662631013e-03,  3.289694066233e-03,
  3.241800872546e-03,  3.187402894879e-03,  3.139972437395e-03,
  3.111321225571e-03,  3.108268423539e-03,  3.130625578207e-03,
  3.171087622738e-03,  3.217101601967e-03,  3.254236837567e-03,
  3.270153219708e-03,  3.258079009022e-03,  3.218822165143e-03,
  3.160724633602e-03,  3.097526103314e-03,  3.044681909479e-03,
  3.015119583406e-03,  3.015595627069e-03,  3.044674015911e-03,
  3.092922697300e-03,  3.145325235042e-03,  3.185293245780e-03,
  3.199209648496e-03,  3.180261868129e-03,  3.130491228227e-03,
  3.060451242069e-03,  2.986511653903e-03,  2.926493760558e-03,
  2.894797634664e-03,  2.898349028616e-03,  2.934500145301e-03,
  2.991509053373e-03,  3.051529780597e-03,  3.095354689673e-03,
  3.107651809330e-03,  3.081273406748e-03,  3.019431538554e-03,
  2.935090631766e-03,  2.847672669210e-03,  2.777908084836e-03,
  2.742193359676e-03,  2.747985388865e-03,  2.791518166976e-03,
  2.858525885362e-03,  2.927853454429e-03,  2.977044695097e-03,
  2.988435731169e-03,  2.954105340171e-03,  2.878302659440e-03,
  2.776623704852e-03,  2.672074159671e-03,  2.589006798452e-03,
  2.546526078143e-03,  2.553139435749e-03,  2.604143225854e-03,
  2.682527892720e-03,  2.763252167938e-03,  2.819817430039e-03,
  2.831420422943e-03,  2.788759249169e-03,  2.696880788532e-03,
  2.574216128261e-03,  2.447960511557e-03,  2.346948888391e-03,
  2.293887735815e-03,  2.299028805124e-03,  2.357037084202e-03,
  2.447988826900e-03,  2.542343890347e-03,  2.608657615212e-03,
  2.622023091986e-03,  2.570982335142e-03,  2.460996823311e-03,
  2.313445207076e-03,  2.160295862955e-03,  2.035773856782e-03,
  1.967189110980e-03,  1.967377690381e-03,  2.030839102211e-03,
  2.134711463212e-03,  2.244452053180e-03,  2.322818203632e-03,
  2.339816139038e-03,  2.280962674844e-03,  2.151589596803e-03,
  1.975927794776e-03,  1.791082260642e-03,  1.637388648561e-03,
  1.547655126121e-03,  1.538156981326e-03,  1.603851242365e-03,
  1.719203159876e-03,  1.844539149339e-03,  1.936350438971e-03,
  1.958870131821e-03,  1.893840379415e-03,  1.745802062390e-03,
  1.541383878163e-03,  1.322648938199e-03,  1.136157894393e-03,
  1.020596391918e-03,  9.962611938334e-04,  1.059267056423e-03,
  1.182123606188e-03,  1.320649646217e-03,  1.425486451986e-03,
  1.455202128376e-03,  1.387497275168e-03,  1.225472717563e-03,
  9.971977101273e-04,  7.485906989935e-04,  5.314232441034e-04,
  3.895953828525e-04,  3.473390862094e-04,  4.025362268560e-04,
  5.270024193518e-04,  6.737378879755e-04,  7.892749176577e-04,
  8.278638852808e-04,  7.637162381879e-04,  5.980127755283e-04,
  3.587656806161e-04,  9.352727539280e-05, -1.431430554426e-04,
 -3.041275490840e-04, -3.622613342138e-04]
dQ per increment:
[-4.162499281889e-10, -8.896106024146e-10, -1.150365450901e-09,
 -1.119499371026e-09, -8.017114363872e-10, -2.854011209221e-10,
  2.817411198005e-10,  7.346852466672e-10,  9.387861848575e-10,
  8.293747238465e-10,  4.317194960898e-10, -1.448441436236e-10,
 -7.371924537827e-10, -1.174808945655e-09, -1.329034235095e-09,
 -1.151043532190e-09, -6.872767344384e-10, -6.770972259436e-11,
  5.302931824127e-10,  9.324338183080e-10,  1.017739948740e-09,
  7.544377596605e-10,  2.106795235230e-10, -4.633608275718e-10,
 -1.077278702008e-09, -1.454444851882e-09, -1.483146725226e-09,
 -1.149750651023e-09, -5.444651461455e-10,  1.627159518236e-10,
  7.692836975076e-10,  1.097732246682e-09,  1.046806066742e-09,
  6.219700737515e-10, -6.424148084154e-11, -8.223532087497e-10,
 -1.438696809472e-09, -1.736003174763e-09, -1.624659441484e-09,
 -1.129985244047e-09, -3.872032243446e-10,  3.949908562121e-10,
  9.924150062932e-10,  1.228965977379e-09,  1.027606012869e-09,
  4.342072565215e-10, -3.930365965413e-10, -1.226302503987e-09,
 -1.831469573221e-09, -2.034275635963e-09, -1.771094322090e-09,
 -1.109046903792e-09, -2.297496703519e-10,  6.197848268679e-10,
  1.195609350781e-09,  1.325903041874e-09,  9.609855062317e-10,
  1.898597915169e-10, -7.819716846703e-10, -1.687972207755e-09,
 -2.274458441357e-09, -2.372298596822e-09, -1.946316578391e-09,
 -1.108130204134e-09, -8.788011963100e-11,  8.278031121906e-10,
  1.375126465605e-09,  1.387593028218e-09,  8.449351906071e-10,
 -1.179749739739e-10, -1.245528577086e-09, -2.230182377639e-09,
 -2.797417589890e-09, -2.783264836811e-09, -2.182712286630e-09,
 -1.154690626643e-09,  1.848150256965e-11,  1.007075776070e-09,
  1.524811284832e-09,  1.409685400963e-09,  6.720105674186e-10,
 -5.043356700145e-10, -1.809080356005e-09, -2.888766425070e-09,
 -3.444073949535e-09, -3.314266422069e-09, -2.525231771627e-09,
 -1.286807543984e-09,  6.091396397706e-11,  1.138674581274e-09,
  1.632213696449e-09,  1.380856694505e-09,  4.259249140447e-10,
 -9.957806811111e-10, -2.512438025530e-09, -3.716654182117e-09,
 -4.277095541237e-09, -4.031890774589e-09, -3.037739189859e-09,
 -1.559839068023e-09, -4.252590684109e-12,  1.190366060279e-09,
  1.672683262624e-09,  1.277688897608e-09,  7.696324361237e-11,
 -1.634709982288e-09, -3.414479586117e-09, -4.789137933664e-09,
 -5.384251458313e-09, -5.029593117207e-09, -3.811371310355e-09,
 -2.055589063115e-09, -2.452423984375e-10,  1.107648860436e-09,
  1.601447945608e-09,  1.057747350862e-09, -4.235767115746e-10,
 -2.484049972011e-09, -4.597305546666e-09, -6.208251334891e-09,
 -6.883759853696e-09, -6.434333082561e-09, -4.972713608454e-09,
 -2.891642708429e-09, -7.648842309852e-10,  8.039711157557e-10,
  1.344938719585e-09,  6.533288375360e-10, -1.146929996289e-09,
 -3.627707477732e-09, -6.164185111890e-09, -8.099032094175e-09,
 -8.920022792343e-09, -8.403247392201e-09, -6.682242508838e-09,
 -4.222090052846e-09, -1.702953441999e-09,  1.580449441566e-10,
  7.999735234594e-10, -2.541834012151e-11, -2.177528917650e-09,
 -5.153715727075e-09, -8.214815033292e-09, -1.057815380239e-08,
 -1.162794102119e-08, -1.108636406982e-08, -9.098355708268e-09,
 -6.204550423894e-09, -3.206554669358e-09, -9.581034671690e-10,
 -1.362147177279e-10, -1.053687524819e-09, -3.564473850305e-09,
 -7.090295248710e-09, -1.076435048064e-08, -1.365679795547e-08,
 -1.502321314291e-08, -1.450997250271e-08, -1.225986503723e-08,
 -8.886758989389e-09, -5.322999759505e-09, -2.577055568562e-09,
 -1.464373694244e-09, -2.383343793589e-09, -5.197650157821e-09,
 -9.259487325161e-09, -1.357071213205e-08, -1.704212612827e-08,
 -1.878325633751e-08, -1.834574921275e-08, -1.585348721256e-08,
 -1.198212082093e-08, -7.790004033709e-09, -4.442781968163e-09,
 -2.903410314037e-09, -3.669984503199e-09, -6.633082979418e-09,
 -1.109317028102e-08, -1.593638639276e-08, -1.992480923194e-08,
 -2.202492055533e-08, -2.168710557866e-08, -1.900009278898e-08,
 -1.467697692927e-08, -9.873976274577e-09, -5.887856854034e-09,
 -3.811810043823e-09, -4.241221069929e-09, -7.109023713453e-09,
 -1.169617381929e-08, -1.681661000697e-08, -2.112857068806e-08,
 -2.349046674755e-08, -2.326613114049e-08, -2.049746850095e-08,
 -1.589733521884e-08, -1.066352138058e-08, -6.162604999763e-09,
 -3.567670676247e-09, -3.546470450644e-09]

================================================================================
TRAJECTORY 32
================================================================================

COMP trajectory 32
outcomes: (0, 0, 0, 0, 0, 0, 0, 0, 0, 0, 0, 0, 0, 0, 0, 0, 0, 0, 0, 0, 0, 0, 0, 0, 0, 0, 0, 0, 0, 0, 0, 0, 0, 0, 0, 0, 0, 0, 0, 0, 0, 0, 0, 0, 0, 0, 0, 0, 0, 0, 0, 0, 0, 0, 0, 0, 0, 0, 0, 0, 0, 0, 0, 0, 0, 0, 0, 0, 0, 0, 0, 0, 0, 0, 0, 0, 0, 0, 0, 0, 0, 0, 0, 0, 0, 0, 0, 0, 0, 0, 0, 0, 0, 0, 0, 0, 0, 0, 0, 0, 0, 0, 0, 0, 0, 0, 0, 0, 0, 0, 0, 0, 0, 0, 0, 0, 0, 0, 0, 0, 0, 0, 0, 0, 0, 0, 0, 0, 0, 0, 0, 0, 0, 0, 0, 0, 0, 0, 0, 0, 0, 0, 0, 0, 0, 0, 0, 0, 0, 0, 0, 0, 0, 0, 0, 0, 0, 0, 0, 0, 0, 0, 0, 0, 0, 0, 0, 0, 0, 0, 0, 0, 0, 0, 0, 0, 0, 0, 0, 0, 0, 0, 0, 0, 0, 0, 0, 0, 0, 0, 0, 0, 0, 0, 0, 0, 0, 0, 0, 0, 0)
p_seq: 0.9711646393507506
DeltaW_total: -0.8254703559926213
DeltaQ_total: -4.164499868344711e-06
dW per increment:
[ 1.573221825758e-03,  3.134225698634e-03,  1.495191472248e-03,
 -1.818410173470e-03, -3.643019679057e-03, -2.283259703793e-03,
  8.314121654003e-04,  2.560741646251e-03,  1.138127896114e-03,
 -2.107932878062e-03, -4.075018812387e-03, -2.935493525278e-03,
  8.680979657250e-05,  1.941298909479e-03,  7.505793541434e-04,
 -2.367704122973e-03, -4.427071274868e-03, -3.511588823436e-03,
 -6.325205688213e-04,  1.298855175149e-03,  3.396538452147e-04,
 -2.603516238699e-03, -4.703663861903e-03, -4.002026710845e-03,
 -1.303484448567e-03,  6.567724896147e-04, -8.510182655641e-05,
 -2.821587458538e-03, -4.914835379770e-03, -4.405884661647e-03,
 -1.910183305348e-03,  3.565060464972e-05, -5.132371009751e-04,
 -3.027298470332e-03, -5.073339001779e-03, -4.728865907634e-03,
 -2.444275699512e-03, -5.486423046008e-04, -9.348428529350e-04,
 -3.224521673861e-03, -5.192133571619e-03, -4.980712787173e-03,
 -2.903939336665e-03, -1.085625631404e-03, -1.341595073573e-03,
 -3.415530324414e-03, -5.282703324543e-03, -5.172819604123e-03,
 -3.292147499682e-03, -1.569847932078e-03, -1.727294307221e-03,
 -3.601287952193e-03, -5.354258896261e-03, -5.316473076707e-03,
 -3.614869638918e-03, -1.999957734029e-03, -2.087961498690e-03,
 -3.781885391360e-03, -5.413607311841e-03, -5.421796081443e-03,
 -3.879557404957e-03, -2.377593005731e-03, -2.421629721690e-03,
 -3.956956462901e-03, -5.465411011832e-03, -5.497269492576e-03,
 -4.094047385047e-03, -2.706343493434e-03, -2.727977972208e-03,
 -4.125989748825e-03, -5.512605403135e-03, -5.549645193128e-03,
 -4.265865411639e-03, -2.990908361619e-03, -3.007920527587e-03,
 -4.288519595002e-03, -5.556829053388e-03, -5.584081868419e-03,
 -4.401851463516e-03, -3.236478843183e-03, -3.263222340834e-03,
 -4.444214393502e-03, -5.598794481354e-03, -5.604382314079e-03,
 -4.508010920821e-03, -3.448324470437e-03, -3.496174112369e-03,
 -4.592891503647e-03, -5.638576436994e-03, -5.613257632877e-03,
 -4.589510306330e-03, -3.631540842013e-03, -3.709335560494e-03,
 -4.734486591206e-03, -5.675821051454e-03, -5.612579000513e-03,
 -4.650756018300e-03, -3.790914109564e-03, -3.905341228638e-03,
 -4.868998771144e-03, -5.709890569744e-03, -5.603600587765e-03,
 -4.695514006782e-03, -3.930862912689e-03, -4.086756904949e-03,
 -4.996426192346e-03, -5.739961228311e-03, -5.587150343032e-03,
 -4.727043558887e-03, -4.055426609789e-03, -4.255973341516e-03,
 -5.116701422967e-03, -5.765090719279e-03, -5.563791824187e-03,
 -4.748228901320e-03, -4.168276489178e-03, -4.415125183618e-03,
 -5.229632570476e-03, -5.784269144659e-03, -5.533962658291e-03,
 -4.761698933649e-03, -4.272733115865e-03, -4.566025450544e-03,
 -5.334854257718e-03, -5.796464622374e-03, -5.498095219046e-03,
 -4.769929084116e-03, -4.371777939717e-03, -4.710108795635e-03,
 -5.431791959246e-03, -5.800672190635e-03, -5.456723787063e-03,
 -4.775320974506e-03, -4.468051045418e-03, -4.848379782789e-03,
 -5.519643341266e-03, -5.795972387943e-03, -5.410580380357e-03,
 -4.780256060492e-03, -4.563829901620e-03, -4.981365435036e-03,
 -5.597380761653e-03, -5.781603688753e-03, -5.360678932234e-03,
 -4.787119299504e-03, -4.660986609068e-03, -5.109074308084e-03,
 -5.663779606643e-03, -5.757050613887e-03, -5.308384749725e-03,
 -4.798288702908e-03, -4.760923850927e-03, -5.230967275576e-03,
 -5.717477317724e-03, -5.722146574740e-03, -5.255463397646e-03,
 -4.816086816568e-03, -4.864492816061e-03, -5.345947962631e-03,
 -5.757067431755e-03, -5.677187184443e-03, -5.204100564750e-03,
 -4.842691174211e-03, -4.971899973988e-03, -5.452383086560e-03,
 -5.781231350383e-03, -5.623045821803e-03, -5.156882441717e-03,
 -4.880002986489e-03, -5.082613741926e-03, -5.548164465772e-03,
 -5.788907525879e-03, -5.561278786864e-03, -5.116725168225e-03,
 -4.929477097964e-03, -5.195286585103e-03, -5.630824596562e-03,
 -5.779493037682e-03, -5.494202800431e-03, -5.086742614139e-03,
 -4.991921764532e-03, -5.307712445877e-03, -5.697715810978e-03,
 -5.753066063175e-03, -5.424923524483e-03, -5.070044845191e-03,
 -5.067284018143e-03, -5.416842794922e-03, -5.746258424669e-03,
 -5.710609744664e-03, -5.357291195278e-03, -5.069465751415e-03,
 -5.154444859926e-03, -5.518885912881e-03, -5.774255378167e-03,
 -5.654209111349e-03, -5.295759633523e-03, -5.087227936578e-03,
 -5.251057296700e-03, -5.609511857628e-03]
dQ per increment:
[-2.303445896935e-07, -3.737145369089e-07, -2.283549950933e-07,
  6.305170112452e-08,  2.150937552111e-07,  7.990028732391e-08,
 -2.084242085049e-07, -3.664773042503e-07, -2.399387621110e-07,
  4.614098047476e-08,  2.117009113476e-07,  9.689510160199e-08,
 -1.826187498049e-07, -3.513829642211e-07, -2.450291769021e-07,
  3.033546556530e-08,  2.049763585094e-07,  1.110117306756e-07,
 -1.550299757133e-07, -3.301427211931e-07, -2.439696191038e-07,
  1.639555426841e-08,  1.954990783409e-07,  1.214994547454e-07,
 -1.276947290724e-07, -3.048688196460e-07, -2.376692300205e-07,
  4.792022993260e-09,  1.840388794716e-07,  1.280942077677e-07,
 -1.022653350084e-07, -2.776644927207e-07, -2.273371804587e-07,
 -4.279821998535e-09,  1.714289219086e-07,  1.309683700288e-07,
 -7.985172656823e-08, -2.503246558142e-07, -2.142349204326e-07,
 -1.084738411247e-08,  1.584479067014e-07,  1.306002499210e-07,
 -6.101955821701e-08, -2.241889704440e-07, -1.995010053563e-07,
 -1.509354093793e-08,  1.457387308226e-07,  1.276224479096e-07,
 -4.588924855950e-08, -2.001249774365e-07, -1.840592551367e-07,
 -1.729187853322e-08,  1.337709228935e-07,  1.226934771294e-07,
 -3.427311845569e-08, -1.785916474636e-07, -1.685938165394e-07,
 -1.775376124932e-08,  1.228404726272e-07,  1.164114519568e-07,
 -2.580565765589e-08, -1.597360211165e-07, -1.535663948131e-07,
 -1.679050413463e-08,  1.130923751921e-07,  1.092694205751e-07,
 -2.004501912893e-08, -1.434900750025e-07, -1.392533613949e-07,
 -1.469007675226e-08,  1.045533624044e-07,  1.016422897255e-07,
 -1.654100056014e-08, -1.296522185693e-07, -1.257883024876e-07,
 -1.170519751091e-08,  9.716509228631e-08,  9.379361490171e-08,
 -1.487427096812e-08, -1.179478545097e-07, -1.132015734467e-07,
 -8.050420379803e-09,  9.081268954100e-08,  8.589211769735e-08,
 -1.467435067383e-08, -1.080710673802e-07, -1.014535110436e-07,
 -3.904481047506e-09,  8.534696245392e-08,  7.803175067342e-08,
 -1.562353778208e-08, -9.971068657940e-08, -9.046070717413e-08,
  5.839268157545e-10,  8.060031384417e-08,  7.025135185992e-08,
 -1.745300054696e-08, -9.256527907370e-08, -8.011598286953e-08,
  5.288956048295e-09,  7.639736736547e-08,  6.255220588594e-08,
 -1.993441190199e-08, -8.635090077182e-08, -7.030356236320e-08,
  1.009977830708e-08,  7.256191040736e-08,  5.491314227597e-08,
 -2.287032066462e-08, -8.080429543707e-08, -6.091042770683e-08,
  1.491329992831e-08,  6.892140295544e-08,  4.730323838794e-08,
 -2.608426303207e-08, -7.568391480108e-08, -5.183528438337e-08,
  1.962741622615e-08,  6.531012132754e-08,  3.969257071895e-08,
 -2.941203097436e-08, -7.077007619684e-08, -4.299583785967e-08,
  2.413564253317e-08,  6.157211036167e-08,  3.206142777266e-08,
 -3.269431946441e-08, -6.586573788464e-08, -3.433505970686e-08,
  2.832297230429e-08,  5.756455508273e-08,  2.440847425957e-08,
 -3.577138624894e-08, -6.079799217806e-08, -2.582672045150e-08,
  3.206356326019e-08,  5.316200673948e-08,  1.675781689152e-08,
 -3.847984314433e-08, -5.542129094191e-08, -1.748021510872e-08,
  3.522051618497e-08,  4.826194963982e-08,  9.164972301478e-09,
 -4.065215378820e-08, -4.962225960171e-08, -9.344628259557e-09,
  3.764813782167e-08,  4.279176034263e-08,  1.721530753888e-09,
 -4.211903883306e-08, -4.332600521666e-08, -1.511265309076e-09,
  3.919698187815e-08,  3.671681065437e-08, -5.442147849553e-09,
 -4.271509123407e-08, -3.650385619995e-08,  5.885719669453e-09,
  3.972202878167e-08,  3.004932807617e-08, -1.215687048771e-08,
 -4.228784965515e-08, -2.918145639713e-08,  1.267170678804e-08,
  3.909421967489e-08,  2.285718243237e-08, -1.821821416469e-08,
 -4.071024553055e-08, -2.144663815637e-08,  1.863781259534e-08,
  3.721494434665e-08,  1.527154354364e-08, -2.339443457618e-08,
 -3.789598118555e-08, -1.345526241120e-08,  2.355192775961e-08,
  3.403317385721e-08,  7.491500678483e-09, -2.743986154442e-08,
 -3.381709327410e-08, -5.433546619582e-09,  2.717534480431e-08,
  2.956380423108e-08, -2.156552861635e-10, -3.011402925635e-08,
 -2.852204394194e-08,  2.325176557370e-09,  2.928503450416e-08,
  2.390557781243e-08, -7.521049739598e-09, -3.120651519140e-08,
 -2.215213877783e-08,  9.471303023117e-09,  2.970128797335e-08,
  1.725574105653e-08, -1.404927362381e-08, -3.056650947370e-08,
 -1.495334088931e-08,  1.561900356273e-08]

EXP trajectory 32
outcomes: (0, 0, 0, 0, 0, 0, 0, 0, 0, 0, 0, 0, 0, 0, 0, 0, 0, 0, 0, 0, 0, 0, 0, 0, 0, 0, 0, 0, 0, 0, 0, 0, 0, 0, 0, 0, 0, 0, 0, 0, 0, 0, 0, 0, 0, 0, 0, 0, 0, 0, 0, 0, 0, 0, 0, 0, 0, 0, 0, 0, 0, 0, 0, 0, 0, 0, 0, 0, 0, 0, 0, 0, 0, 0, 0, 0, 0, 0, 0, 0, 0, 0, 0, 0, 0, 0, 0, 0, 0, 0, 0, 0, 0, 0, 0, 0, 0, 0, 0, 0, 0, 0, 0, 0, 0, 0, 0, 0, 0, 0, 0, 0, 0, 0, 0, 0, 0, 0, 0, 0, 0, 0, 0, 0, 0, 0, 0, 0, 0, 0, 0, 0, 0, 0, 0, 0, 0, 0, 0, 0, 0, 0, 0, 0, 0, 0, 0, 0, 0, 0, 0, 0, 0, 0, 0, 0, 0, 0, 0, 0, 0, 0, 0, 0, 0, 0, 0, 0, 0, 0, 0, 0, 0, 0, 0, 0, 0, 0, 0, 0, 0, 0, 0, 0, 0, 0, 0, 0, 0, 0, 0, 0, 0, 0, 0, 0, 0, 0, 0, 0, 0)
p_seq: 0.9922287100657725
DeltaW_total: 0.5301603849893777
DeltaQ_total: -7.719151607382571e-07
dW per increment:
[ 3.471592021139e-03,  3.489908428906e-03,  3.499542792703e-03,
  3.497028079165e-03,  3.482376576295e-03,  3.459130024005e-03,
  3.433383333258e-03,  3.412051153308e-03,  3.400870158988e-03,
  3.402713397428e-03,  3.416710422060e-03,  3.438440127699e-03,
  3.461156066964e-03,  3.477704457890e-03,  3.482589830842e-03,
  3.473592845747e-03,  3.452465789282e-03,  3.424490918368e-03,
  3.397012033791e-03,  3.377347524109e-03,  3.370677421085e-03,
  3.378513174559e-03,  3.398199992864e-03,  3.423611057194e-03,
  3.446852446881e-03,  3.460504343055e-03,  3.459762855192e-03,
  3.443865714532e-03,  3.416381169661e-03,  3.384258974910e-03,
  3.355895587678e-03,  3.338751958154e-03,  3.337198766859e-03,
  3.351209489162e-03,  3.376289061208e-03,  3.404679028904e-03,
  3.427516203855e-03,  3.437344543505e-03,  3.430269528167e-03,
  3.407134656928e-03,  3.373368109511e-03,  3.337520432696e-03,
  3.308886893812e-03,  3.294874975238e-03,  3.298860968572e-03,
  3.319153244814e-03,  3.349376115514e-03,  3.380190563458e-03,
  3.401887676162e-03,  3.407135342613e-03,  3.393102892362e-03,
  3.362350867906e-03,  3.322211620397e-03,  3.282808163888e-03,
  3.254246028792e-03,  3.243755899954e-03,  3.253592696122e-03,
  3.280298007542e-03,  3.315559617075e-03,  3.348456266833e-03,
  3.368481985007e-03,  3.368513748836e-03,  3.346886605744e-03,
  3.307975511301e-03,  3.261091189071e-03,  3.217966880079e-03,
  3.189513415307e-03,  3.182738183902e-03,  3.198694951738e-03,
  3.232059665013e-03,  3.272483945990e-03,  3.307383733533e-03,
  3.325412546804e-03,  3.319662631013e-03,  3.289694066233e-03,
  3.241800872546e-03,  3.187402894879e-03,  3.139972437395e-03,
  3.111321225571e-03,  3.108268423539e-03,  3.130625578207e-03,
  3.171087622738e-03,  3.217101601967e-03,  3.254236837567e-03,
  3.270153219708e-03,  3.258079009022e-03,  3.218822165143e-03,
  3.160724633602e-03,  3.097526103314e-03,  3.044681909479e-03,
  3.015119583406e-03,  3.015595627069e-03,  3.044674015911e-03,
  3.092922697300e-03,  3.145325235042e-03,  3.185293245780e-03,
  3.199209648496e-03,  3.180261868129e-03,  3.130491228227e-03,
  3.060451242069e-03,  2.986511653903e-03,  2.926493760558e-03,
  2.894797634664e-03,  2.898349028616e-03,  2.934500145301e-03,
  2.991509053373e-03,  3.051529780597e-03,  3.095354689673e-03,
  3.107651809330e-03,  3.081273406748e-03,  3.019431538554e-03,
  2.935090631766e-03,  2.847672669210e-03,  2.777908084836e-03,
  2.742193359676e-03,  2.747985388865e-03,  2.791518166976e-03,
  2.858525885362e-03,  2.927853454429e-03,  2.977044695097e-03,
  2.988435731169e-03,  2.954105340171e-03,  2.878302659440e-03,
  2.776623704852e-03,  2.672074159671e-03,  2.589006798452e-03,
  2.546526078143e-03,  2.553139435749e-03,  2.604143225854e-03,
  2.682527892720e-03,  2.763252167938e-03,  2.819817430039e-03,
  2.831420422943e-03,  2.788759249169e-03,  2.696880788532e-03,
  2.574216128261e-03,  2.447960511557e-03,  2.346948888391e-03,
  2.293887735815e-03,  2.299028805124e-03,  2.357037084202e-03,
  2.447988826900e-03,  2.542343890347e-03,  2.608657615212e-03,
  2.622023091986e-03,  2.570982335142e-03,  2.460996823311e-03,
  2.313445207076e-03,  2.160295862955e-03,  2.035773856782e-03,
  1.967189110980e-03,  1.967377690381e-03,  2.030839102211e-03,
  2.134711463212e-03,  2.244452053180e-03,  2.322818203632e-03,
  2.339816139038e-03,  2.280962674844e-03,  2.151589596803e-03,
  1.975927794776e-03,  1.791082260642e-03,  1.637388648561e-03,
  1.547655126121e-03,  1.538156981326e-03,  1.603851242365e-03,
  1.719203159876e-03,  1.844539149339e-03,  1.936350438971e-03,
  1.958870131821e-03,  1.893840379415e-03,  1.745802062390e-03,
  1.541383878163e-03,  1.322648938199e-03,  1.136157894393e-03,
  1.020596391918e-03,  9.962611938334e-04,  1.059267056423e-03,
  1.182123606188e-03,  1.320649646217e-03,  1.425486451986e-03,
  1.455202128376e-03,  1.387497275168e-03,  1.225472717563e-03,
  9.971977101273e-04,  7.485906989935e-04,  5.314232441034e-04,
  3.895953828525e-04,  3.473390862094e-04,  4.025362268560e-04,
  5.270024193518e-04,  6.737378879755e-04,  7.892749176577e-04,
  8.278638852808e-04,  7.637162381879e-04,  5.980127755283e-04,
  3.587656806161e-04,  9.352727539280e-05, -1.431430554426e-04,
 -3.041275490840e-04, -3.622613342138e-04]
dQ per increment:
[-4.162499281889e-10, -8.896106024146e-10, -1.150365450901e-09,
 -1.119499371026e-09, -8.017114363872e-10, -2.854011209221e-10,
  2.817411198005e-10,  7.346852466672e-10,  9.387861848575e-10,
  8.293747238465e-10,  4.317194960898e-10, -1.448441436236e-10,
 -7.371924537827e-10, -1.174808945655e-09, -1.329034235095e-09,
 -1.151043532190e-09, -6.872767344384e-10, -6.770972259436e-11,
  5.302931824127e-10,  9.324338183080e-10,  1.017739948740e-09,
  7.544377596605e-10,  2.106795235230e-10, -4.633608275718e-10,
 -1.077278702008e-09, -1.454444851882e-09, -1.483146725226e-09,
 -1.149750651023e-09, -5.444651461455e-10,  1.627159518236e-10,
  7.692836975076e-10,  1.097732246682e-09,  1.046806066742e-09,
  6.219700737515e-10, -6.424148084154e-11, -8.223532087497e-10,
 -1.438696809472e-09, -1.736003174763e-09, -1.624659441484e-09,
 -1.129985244047e-09, -3.872032243446e-10,  3.949908562121e-10,
  9.924150062932e-10,  1.228965977379e-09,  1.027606012869e-09,
  4.342072565215e-10, -3.930365965413e-10, -1.226302503987e-09,
 -1.831469573221e-09, -2.034275635963e-09, -1.771094322090e-09,
 -1.109046903792e-09, -2.297496703519e-10,  6.197848268679e-10,
  1.195609350781e-09,  1.325903041874e-09,  9.609855062317e-10,
  1.898597915169e-10, -7.819716846703e-10, -1.687972207755e-09,
 -2.274458441357e-09, -2.372298596822e-09, -1.946316578391e-09,
 -1.108130204134e-09, -8.788011963100e-11,  8.278031121906e-10,
  1.375126465605e-09,  1.387593028218e-09,  8.449351906071e-10,
 -1.179749739739e-10, -1.245528577086e-09, -2.230182377639e-09,
 -2.797417589890e-09, -2.783264836811e-09, -2.182712286630e-09,
 -1.154690626643e-09,  1.848150256965e-11,  1.007075776070e-09,
  1.524811284832e-09,  1.409685400963e-09,  6.720105674186e-10,
 -5.043356700145e-10, -1.809080356005e-09, -2.888766425070e-09,
 -3.444073949535e-09, -3.314266422069e-09, -2.525231771627e-09,
 -1.286807543984e-09,  6.091396397706e-11,  1.138674581274e-09,
  1.632213696449e-09,  1.380856694505e-09,  4.259249140447e-10,
 -9.957806811111e-10, -2.512438025530e-09, -3.716654182117e-09,
 -4.277095541237e-09, -4.031890774589e-09, -3.037739189859e-09,
 -1.559839068023e-09, -4.252590684109e-12,  1.190366060279e-09,
  1.672683262624e-09,  1.277688897608e-09,  7.696324361237e-11,
 -1.634709982288e-09, -3.414479586117e-09, -4.789137933664e-09,
 -5.384251458313e-09, -5.029593117207e-09, -3.811371310355e-09,
 -2.055589063115e-09, -2.452423984375e-10,  1.107648860436e-09,
  1.601447945608e-09,  1.057747350862e-09, -4.235767115746e-10,
 -2.484049972011e-09, -4.597305546666e-09, -6.208251334891e-09,
 -6.883759853696e-09, -6.434333082561e-09, -4.972713608454e-09,
 -2.891642708429e-09, -7.648842309852e-10,  8.039711157557e-10,
  1.344938719585e-09,  6.533288375360e-10, -1.146929996289e-09,
 -3.627707477732e-09, -6.164185111890e-09, -8.099032094175e-09,
 -8.920022792343e-09, -8.403247392201e-09, -6.682242508838e-09,
 -4.222090052846e-09, -1.702953441999e-09,  1.580449441566e-10,
  7.999735234594e-10, -2.541834012151e-11, -2.177528917650e-09,
 -5.153715727075e-09, -8.214815033292e-09, -1.057815380239e-08,
 -1.162794102119e-08, -1.108636406982e-08, -9.098355708268e-09,
 -6.204550423894e-09, -3.206554669358e-09, -9.581034671690e-10,
 -1.362147177279e-10, -1.053687524819e-09, -3.564473850305e-09,
 -7.090295248710e-09, -1.076435048064e-08, -1.365679795547e-08,
 -1.502321314291e-08, -1.450997250271e-08, -1.225986503723e-08,
 -8.886758989389e-09, -5.322999759505e-09, -2.577055568562e-09,
 -1.464373694244e-09, -2.383343793589e-09, -5.197650157821e-09,
 -9.259487325161e-09, -1.357071213205e-08, -1.704212612827e-08,
 -1.878325633751e-08, -1.834574921275e-08, -1.585348721256e-08,
 -1.198212082093e-08, -7.790004033709e-09, -4.442781968163e-09,
 -2.903410314037e-09, -3.669984503199e-09, -6.633082979418e-09,
 -1.109317028102e-08, -1.593638639276e-08, -1.992480923194e-08,
 -2.202492055533e-08, -2.168710557866e-08, -1.900009278898e-08,
 -1.467697692927e-08, -9.873976274577e-09, -5.887856854034e-09,
 -3.811810043823e-09, -4.241221069929e-09, -7.109023713453e-09,
 -1.169617381929e-08, -1.681661000697e-08, -2.112857068806e-08,
 -2.349046674755e-08, -2.326613114049e-08, -2.049746850095e-08,
 -1.589733521884e-08, -1.066352138058e-08, -6.162604999763e-09,
 -3.567670676247e-09, -3.546470450644e-09]

================================================================================
TRAJECTORY 33
================================================================================

COMP trajectory 33
outcomes: (0, 0, 0, 0, 0, 0, 0, 0, 0, 0, 0, 0, 0, 0, 0, 0, 0, 0, 0, 0, 0, 0, 0, 0, 0, 0, 0, 0, 0, 0, 0, 0, 0, 0, 0, 0, 0, 0, 0, 0, 0, 0, 0, 0, 0, 0, 0, 0, 0, 0, 0, 0, 0, 0, 0, 0, 0, 0, 0, 0, 0, 0, 0, 0, 0, 0, 0, 0, 0, 0, 0, 0, 0, 0, 0, 0, 0, 0, 0, 0, 0, 0, 0, 0, 0, 0, 0, 0, 0, 0, 0, 0, 0, 0, 0, 0, 0, 0, 0, 0, 0, 0, 0, 0, 0, 0, 0, 0, 0, 0, 0, 0, 0, 0, 0, 0, 0, 0, 0, 0, 0, 0, 0, 0, 0, 0, 0, 0, 0, 0, 0, 0, 0, 0, 0, 0, 0, 0, 0, 0, 0, 0, 0, 0, 0, 0, 0, 0, 0, 0, 0, 0, 0, 0, 0, 0, 0, 0, 0, 0, 0, 0, 0, 0, 0, 0, 0, 0, 0, 0, 0, 0, 0, 0, 0, 0, 0, 0, 0, 0, 0, 0, 0, 0, 0, 0, 0, 0, 0, 0, 0, 0, 0, 0, 0, 0, 0, 0, 0, 0, 0)
p_seq: 0.9711646393507506
DeltaW_total: -0.8254703559926213
DeltaQ_total: -4.164499868344711e-06
dW per increment:
[ 1.573221825758e-03,  3.134225698634e-03,  1.495191472248e-03,
 -1.818410173470e-03, -3.643019679057e-03, -2.283259703793e-03,
  8.314121654003e-04,  2.560741646251e-03,  1.138127896114e-03,
 -2.107932878062e-03, -4.075018812387e-03, -2.935493525278e-03,
  8.680979657250e-05,  1.941298909479e-03,  7.505793541434e-04,
 -2.367704122973e-03, -4.427071274868e-03, -3.511588823436e-03,
 -6.325205688213e-04,  1.298855175149e-03,  3.396538452147e-04,
 -2.603516238699e-03, -4.703663861903e-03, -4.002026710845e-03,
 -1.303484448567e-03,  6.567724896147e-04, -8.510182655641e-05,
 -2.821587458538e-03, -4.914835379770e-03, -4.405884661647e-03,
 -1.910183305348e-03,  3.565060464972e-05, -5.132371009751e-04,
 -3.027298470332e-03, -5.073339001779e-03, -4.728865907634e-03,
 -2.444275699512e-03, -5.486423046008e-04, -9.348428529350e-04,
 -3.224521673861e-03, -5.192133571619e-03, -4.980712787173e-03,
 -2.903939336665e-03, -1.085625631404e-03, -1.341595073573e-03,
 -3.415530324414e-03, -5.282703324543e-03, -5.172819604123e-03,
 -3.292147499682e-03, -1.569847932078e-03, -1.727294307221e-03,
 -3.601287952193e-03, -5.354258896261e-03, -5.316473076707e-03,
 -3.614869638918e-03, -1.999957734029e-03, -2.087961498690e-03,
 -3.781885391360e-03, -5.413607311841e-03, -5.421796081443e-03,
 -3.879557404957e-03, -2.377593005731e-03, -2.421629721690e-03,
 -3.956956462901e-03, -5.465411011832e-03, -5.497269492576e-03,
 -4.094047385047e-03, -2.706343493434e-03, -2.727977972208e-03,
 -4.125989748825e-03, -5.512605403135e-03, -5.549645193128e-03,
 -4.265865411639e-03, -2.990908361619e-03, -3.007920527587e-03,
 -4.288519595002e-03, -5.556829053388e-03, -5.584081868419e-03,
 -4.401851463516e-03, -3.236478843183e-03, -3.263222340834e-03,
 -4.444214393502e-03, -5.598794481354e-03, -5.604382314079e-03,
 -4.508010920821e-03, -3.448324470437e-03, -3.496174112369e-03,
 -4.592891503647e-03, -5.638576436994e-03, -5.613257632877e-03,
 -4.589510306330e-03, -3.631540842013e-03, -3.709335560494e-03,
 -4.734486591206e-03, -5.675821051454e-03, -5.612579000513e-03,
 -4.650756018300e-03, -3.790914109564e-03, -3.905341228638e-03,
 -4.868998771144e-03, -5.709890569744e-03, -5.603600587765e-03,
 -4.695514006782e-03, -3.930862912689e-03, -4.086756904949e-03,
 -4.996426192346e-03, -5.739961228311e-03, -5.587150343032e-03,
 -4.727043558887e-03, -4.055426609789e-03, -4.255973341516e-03,
 -5.116701422967e-03, -5.765090719279e-03, -5.563791824187e-03,
 -4.748228901320e-03, -4.168276489178e-03, -4.415125183618e-03,
 -5.229632570476e-03, -5.784269144659e-03, -5.533962658291e-03,
 -4.761698933649e-03, -4.272733115865e-03, -4.566025450544e-03,
 -5.334854257718e-03, -5.796464622374e-03, -5.498095219046e-03,
 -4.769929084116e-03, -4.371777939717e-03, -4.710108795635e-03,
 -5.431791959246e-03, -5.800672190635e-03, -5.456723787063e-03,
 -4.775320974506e-03, -4.468051045418e-03, -4.848379782789e-03,
 -5.519643341266e-03, -5.795972387943e-03, -5.410580380357e-03,
 -4.780256060492e-03, -4.563829901620e-03, -4.981365435036e-03,
 -5.597380761653e-03, -5.781603688753e-03, -5.360678932234e-03,
 -4.787119299504e-03, -4.660986609068e-03, -5.109074308084e-03,
 -5.663779606643e-03, -5.757050613887e-03, -5.308384749725e-03,
 -4.798288702908e-03, -4.760923850927e-03, -5.230967275576e-03,
 -5.717477317724e-03, -5.722146574740e-03, -5.255463397646e-03,
 -4.816086816568e-03, -4.864492816061e-03, -5.345947962631e-03,
 -5.757067431755e-03, -5.677187184443e-03, -5.204100564750e-03,
 -4.842691174211e-03, -4.971899973988e-03, -5.452383086560e-03,
 -5.781231350383e-03, -5.623045821803e-03, -5.156882441717e-03,
 -4.880002986489e-03, -5.082613741926e-03, -5.548164465772e-03,
 -5.788907525879e-03, -5.561278786864e-03, -5.116725168225e-03,
 -4.929477097964e-03, -5.195286585103e-03, -5.630824596562e-03,
 -5.779493037682e-03, -5.494202800431e-03, -5.086742614139e-03,
 -4.991921764532e-03, -5.307712445877e-03, -5.697715810978e-03,
 -5.753066063175e-03, -5.424923524483e-03, -5.070044845191e-03,
 -5.067284018143e-03, -5.416842794922e-03, -5.746258424669e-03,
 -5.710609744664e-03, -5.357291195278e-03, -5.069465751415e-03,
 -5.154444859926e-03, -5.518885912881e-03, -5.774255378167e-03,
 -5.654209111349e-03, -5.295759633523e-03, -5.087227936578e-03,
 -5.251057296700e-03, -5.609511857628e-03]
dQ per increment:
[-2.303445896935e-07, -3.737145369089e-07, -2.283549950933e-07,
  6.305170112452e-08,  2.150937552111e-07,  7.990028732391e-08,
 -2.084242085049e-07, -3.664773042503e-07, -2.399387621110e-07,
  4.614098047476e-08,  2.117009113476e-07,  9.689510160199e-08,
 -1.826187498049e-07, -3.513829642211e-07, -2.450291769021e-07,
  3.033546556530e-08,  2.049763585094e-07,  1.110117306756e-07,
 -1.550299757133e-07, -3.301427211931e-07, -2.439696191038e-07,
  1.639555426841e-08,  1.954990783409e-07,  1.214994547454e-07,
 -1.276947290724e-07, -3.048688196460e-07, -2.376692300205e-07,
  4.792022993260e-09,  1.840388794716e-07,  1.280942077677e-07,
 -1.022653350084e-07, -2.776644927207e-07, -2.273371804587e-07,
 -4.279821998535e-09,  1.714289219086e-07,  1.309683700288e-07,
 -7.985172656823e-08, -2.503246558142e-07, -2.142349204326e-07,
 -1.084738411247e-08,  1.584479067014e-07,  1.306002499210e-07,
 -6.101955821701e-08, -2.241889704440e-07, -1.995010053563e-07,
 -1.509354093793e-08,  1.457387308226e-07,  1.276224479096e-07,
 -4.588924855950e-08, -2.001249774365e-07, -1.840592551367e-07,
 -1.729187853322e-08,  1.337709228935e-07,  1.226934771294e-07,
 -3.427311845569e-08, -1.785916474636e-07, -1.685938165394e-07,
 -1.775376124932e-08,  1.228404726272e-07,  1.164114519568e-07,
 -2.580565765589e-08, -1.597360211165e-07, -1.535663948131e-07,
 -1.679050413463e-08,  1.130923751921e-07,  1.092694205751e-07,
 -2.004501912893e-08, -1.434900750025e-07, -1.392533613949e-07,
 -1.469007675226e-08,  1.045533624044e-07,  1.016422897255e-07,
 -1.654100056014e-08, -1.296522185693e-07, -1.257883024876e-07,
 -1.170519751091e-08,  9.716509228631e-08,  9.379361490171e-08,
 -1.487427096812e-08, -1.179478545097e-07, -1.132015734467e-07,
 -8.050420379803e-09,  9.081268954100e-08,  8.589211769735e-08,
 -1.467435067383e-08, -1.080710673802e-07, -1.014535110436e-07,
 -3.904481047506e-09,  8.534696245392e-08,  7.803175067342e-08,
 -1.562353778208e-08, -9.971068657940e-08, -9.046070717413e-08,
  5.839268157545e-10,  8.060031384417e-08,  7.025135185992e-08,
 -1.745300054696e-08, -9.256527907370e-08, -8.011598286953e-08,
  5.288956048295e-09,  7.639736736547e-08,  6.255220588594e-08,
 -1.993441190199e-08, -8.635090077182e-08, -7.030356236320e-08,
  1.009977830708e-08,  7.256191040736e-08,  5.491314227597e-08,
 -2.287032066462e-08, -8.080429543707e-08, -6.091042770683e-08,
  1.491329992831e-08,  6.892140295544e-08,  4.730323838794e-08,
 -2.608426303207e-08, -7.568391480108e-08, -5.183528438337e-08,
  1.962741622615e-08,  6.531012132754e-08,  3.969257071895e-08,
 -2.941203097436e-08, -7.077007619684e-08, -4.299583785967e-08,
  2.413564253317e-08,  6.157211036167e-08,  3.206142777266e-08,
 -3.269431946441e-08, -6.586573788464e-08, -3.433505970686e-08,
  2.832297230429e-08,  5.756455508273e-08,  2.440847425957e-08,
 -3.577138624894e-08, -6.079799217806e-08, -2.582672045150e-08,
  3.206356326019e-08,  5.316200673948e-08,  1.675781689152e-08,
 -3.847984314433e-08, -5.542129094191e-08, -1.748021510872e-08,
  3.522051618497e-08,  4.826194963982e-08,  9.164972301478e-09,
 -4.065215378820e-08, -4.962225960171e-08, -9.344628259557e-09,
  3.764813782167e-08,  4.279176034263e-08,  1.721530753888e-09,
 -4.211903883306e-08, -4.332600521666e-08, -1.511265309076e-09,
  3.919698187815e-08,  3.671681065437e-08, -5.442147849553e-09,
 -4.271509123407e-08, -3.650385619995e-08,  5.885719669453e-09,
  3.972202878167e-08,  3.004932807617e-08, -1.215687048771e-08,
 -4.228784965515e-08, -2.918145639713e-08,  1.267170678804e-08,
  3.909421967489e-08,  2.285718243237e-08, -1.821821416469e-08,
 -4.071024553055e-08, -2.144663815637e-08,  1.863781259534e-08,
  3.721494434665e-08,  1.527154354364e-08, -2.339443457618e-08,
 -3.789598118555e-08, -1.345526241120e-08,  2.355192775961e-08,
  3.403317385721e-08,  7.491500678483e-09, -2.743986154442e-08,
 -3.381709327410e-08, -5.433546619582e-09,  2.717534480431e-08,
  2.956380423108e-08, -2.156552861635e-10, -3.011402925635e-08,
 -2.852204394194e-08,  2.325176557370e-09,  2.928503450416e-08,
  2.390557781243e-08, -7.521049739598e-09, -3.120651519140e-08,
 -2.215213877783e-08,  9.471303023117e-09,  2.970128797335e-08,
  1.725574105653e-08, -1.404927362381e-08, -3.056650947370e-08,
 -1.495334088931e-08,  1.561900356273e-08]

EXP trajectory 33
outcomes: (0, 0, 0, 0, 0, 0, 0, 0, 0, 0, 0, 0, 0, 0, 0, 0, 0, 0, 0, 0, 0, 0, 0, 0, 0, 0, 0, 0, 0, 0, 0, 0, 0, 0, 0, 0, 0, 0, 0, 0, 0, 0, 0, 0, 0, 0, 0, 0, 0, 0, 0, 0, 0, 0, 0, 0, 0, 0, 0, 0, 0, 0, 0, 0, 0, 0, 0, 0, 0, 0, 0, 0, 0, 0, 0, 0, 0, 0, 0, 0, 0, 0, 0, 0, 0, 0, 0, 0, 0, 0, 0, 0, 0, 0, 0, 0, 0, 0, 0, 0, 0, 0, 0, 0, 0, 0, 0, 0, 0, 0, 0, 0, 0, 0, 0, 0, 0, 0, 0, 0, 0, 0, 0, 0, 0, 0, 0, 0, 0, 0, 0, 0, 0, 0, 0, 0, 0, 0, 0, 0, 0, 0, 0, 0, 0, 0, 0, 0, 0, 0, 0, 0, 0, 0, 0, 0, 0, 0, 0, 0, 0, 0, 0, 0, 0, 0, 0, 0, 0, 0, 0, 0, 0, 0, 0, 0, 0, 0, 0, 0, 0, 0, 0, 0, 0, 0, 0, 0, 0, 0, 0, 0, 0, 0, 0, 0, 0, 0, 0, 0, 0)
p_seq: 0.9922287100657725
DeltaW_total: 0.5301603849893777
DeltaQ_total: -7.719151607382571e-07
dW per increment:
[ 3.471592021139e-03,  3.489908428906e-03,  3.499542792703e-03,
  3.497028079165e-03,  3.482376576295e-03,  3.459130024005e-03,
  3.433383333258e-03,  3.412051153308e-03,  3.400870158988e-03,
  3.402713397428e-03,  3.416710422060e-03,  3.438440127699e-03,
  3.461156066964e-03,  3.477704457890e-03,  3.482589830842e-03,
  3.473592845747e-03,  3.452465789282e-03,  3.424490918368e-03,
  3.397012033791e-03,  3.377347524109e-03,  3.370677421085e-03,
  3.378513174559e-03,  3.398199992864e-03,  3.423611057194e-03,
  3.446852446881e-03,  3.460504343055e-03,  3.459762855192e-03,
  3.443865714532e-03,  3.416381169661e-03,  3.384258974910e-03,
  3.355895587678e-03,  3.338751958154e-03,  3.337198766859e-03,
  3.351209489162e-03,  3.376289061208e-03,  3.404679028904e-03,
  3.427516203855e-03,  3.437344543505e-03,  3.430269528167e-03,
  3.407134656928e-03,  3.373368109511e-03,  3.337520432696e-03,
  3.308886893812e-03,  3.294874975238e-03,  3.298860968572e-03,
  3.319153244814e-03,  3.349376115514e-03,  3.380190563458e-03,
  3.401887676162e-03,  3.407135342613e-03,  3.393102892362e-03,
  3.362350867906e-03,  3.322211620397e-03,  3.282808163888e-03,
  3.254246028792e-03,  3.243755899954e-03,  3.253592696122e-03,
  3.280298007542e-03,  3.315559617075e-03,  3.348456266833e-03,
  3.368481985007e-03,  3.368513748836e-03,  3.346886605744e-03,
  3.307975511301e-03,  3.261091189071e-03,  3.217966880079e-03,
  3.189513415307e-03,  3.182738183902e-03,  3.198694951738e-03,
  3.232059665013e-03,  3.272483945990e-03,  3.307383733533e-03,
  3.325412546804e-03,  3.319662631013e-03,  3.289694066233e-03,
  3.241800872546e-03,  3.187402894879e-03,  3.139972437395e-03,
  3.111321225571e-03,  3.108268423539e-03,  3.130625578207e-03,
  3.171087622738e-03,  3.217101601967e-03,  3.254236837567e-03,
  3.270153219708e-03,  3.258079009022e-03,  3.218822165143e-03,
  3.160724633602e-03,  3.097526103314e-03,  3.044681909479e-03,
  3.015119583406e-03,  3.015595627069e-03,  3.044674015911e-03,
  3.092922697300e-03,  3.145325235042e-03,  3.185293245780e-03,
  3.199209648496e-03,  3.180261868129e-03,  3.130491228227e-03,
  3.060451242069e-03,  2.986511653903e-03,  2.926493760558e-03,
  2.894797634664e-03,  2.898349028616e-03,  2.934500145301e-03,
  2.991509053373e-03,  3.051529780597e-03,  3.095354689673e-03,
  3.107651809330e-03,  3.081273406748e-03,  3.019431538554e-03,
  2.935090631766e-03,  2.847672669210e-03,  2.777908084836e-03,
  2.742193359676e-03,  2.747985388865e-03,  2.791518166976e-03,
  2.858525885362e-03,  2.927853454429e-03,  2.977044695097e-03,
  2.988435731169e-03,  2.954105340171e-03,  2.878302659440e-03,
  2.776623704852e-03,  2.672074159671e-03,  2.589006798452e-03,
  2.546526078143e-03,  2.553139435749e-03,  2.604143225854e-03,
  2.682527892720e-03,  2.763252167938e-03,  2.819817430039e-03,
  2.831420422943e-03,  2.788759249169e-03,  2.696880788532e-03,
  2.574216128261e-03,  2.447960511557e-03,  2.346948888391e-03,
  2.293887735815e-03,  2.299028805124e-03,  2.357037084202e-03,
  2.447988826900e-03,  2.542343890347e-03,  2.608657615212e-03,
  2.622023091986e-03,  2.570982335142e-03,  2.460996823311e-03,
  2.313445207076e-03,  2.160295862955e-03,  2.035773856782e-03,
  1.967189110980e-03,  1.967377690381e-03,  2.030839102211e-03,
  2.134711463212e-03,  2.244452053180e-03,  2.322818203632e-03,
  2.339816139038e-03,  2.280962674844e-03,  2.151589596803e-03,
  1.975927794776e-03,  1.791082260642e-03,  1.637388648561e-03,
  1.547655126121e-03,  1.538156981326e-03,  1.603851242365e-03,
  1.719203159876e-03,  1.844539149339e-03,  1.936350438971e-03,
  1.958870131821e-03,  1.893840379415e-03,  1.745802062390e-03,
  1.541383878163e-03,  1.322648938199e-03,  1.136157894393e-03,
  1.020596391918e-03,  9.962611938334e-04,  1.059267056423e-03,
  1.182123606188e-03,  1.320649646217e-03,  1.425486451986e-03,
  1.455202128376e-03,  1.387497275168e-03,  1.225472717563e-03,
  9.971977101273e-04,  7.485906989935e-04,  5.314232441034e-04,
  3.895953828525e-04,  3.473390862094e-04,  4.025362268560e-04,
  5.270024193518e-04,  6.737378879755e-04,  7.892749176577e-04,
  8.278638852808e-04,  7.637162381879e-04,  5.980127755283e-04,
  3.587656806161e-04,  9.352727539280e-05, -1.431430554426e-04,
 -3.041275490840e-04, -3.622613342138e-04]
dQ per increment:
[-4.162499281889e-10, -8.896106024146e-10, -1.150365450901e-09,
 -1.119499371026e-09, -8.017114363872e-10, -2.854011209221e-10,
  2.817411198005e-10,  7.346852466672e-10,  9.387861848575e-10,
  8.293747238465e-10,  4.317194960898e-10, -1.448441436236e-10,
 -7.371924537827e-10, -1.174808945655e-09, -1.329034235095e-09,
 -1.151043532190e-09, -6.872767344384e-10, -6.770972259436e-11,
  5.302931824127e-10,  9.324338183080e-10,  1.017739948740e-09,
  7.544377596605e-10,  2.106795235230e-10, -4.633608275718e-10,
 -1.077278702008e-09, -1.454444851882e-09, -1.483146725226e-09,
 -1.149750651023e-09, -5.444651461455e-10,  1.627159518236e-10,
  7.692836975076e-10,  1.097732246682e-09,  1.046806066742e-09,
  6.219700737515e-10, -6.424148084154e-11, -8.223532087497e-10,
 -1.438696809472e-09, -1.736003174763e-09, -1.624659441484e-09,
 -1.129985244047e-09, -3.872032243446e-10,  3.949908562121e-10,
  9.924150062932e-10,  1.228965977379e-09,  1.027606012869e-09,
  4.342072565215e-10, -3.930365965413e-10, -1.226302503987e-09,
 -1.831469573221e-09, -2.034275635963e-09, -1.771094322090e-09,
 -1.109046903792e-09, -2.297496703519e-10,  6.197848268679e-10,
  1.195609350781e-09,  1.325903041874e-09,  9.609855062317e-10,
  1.898597915169e-10, -7.819716846703e-10, -1.687972207755e-09,
 -2.274458441357e-09, -2.372298596822e-09, -1.946316578391e-09,
 -1.108130204134e-09, -8.788011963100e-11,  8.278031121906e-10,
  1.375126465605e-09,  1.387593028218e-09,  8.449351906071e-10,
 -1.179749739739e-10, -1.245528577086e-09, -2.230182377639e-09,
 -2.797417589890e-09, -2.783264836811e-09, -2.182712286630e-09,
 -1.154690626643e-09,  1.848150256965e-11,  1.007075776070e-09,
  1.524811284832e-09,  1.409685400963e-09,  6.720105674186e-10,
 -5.043356700145e-10, -1.809080356005e-09, -2.888766425070e-09,
 -3.444073949535e-09, -3.314266422069e-09, -2.525231771627e-09,
 -1.286807543984e-09,  6.091396397706e-11,  1.138674581274e-09,
  1.632213696449e-09,  1.380856694505e-09,  4.259249140447e-10,
 -9.957806811111e-10, -2.512438025530e-09, -3.716654182117e-09,
 -4.277095541237e-09, -4.031890774589e-09, -3.037739189859e-09,
 -1.559839068023e-09, -4.252590684109e-12,  1.190366060279e-09,
  1.672683262624e-09,  1.277688897608e-09,  7.696324361237e-11,
 -1.634709982288e-09, -3.414479586117e-09, -4.789137933664e-09,
 -5.384251458313e-09, -5.029593117207e-09, -3.811371310355e-09,
 -2.055589063115e-09, -2.452423984375e-10,  1.107648860436e-09,
  1.601447945608e-09,  1.057747350862e-09, -4.235767115746e-10,
 -2.484049972011e-09, -4.597305546666e-09, -6.208251334891e-09,
 -6.883759853696e-09, -6.434333082561e-09, -4.972713608454e-09,
 -2.891642708429e-09, -7.648842309852e-10,  8.039711157557e-10,
  1.344938719585e-09,  6.533288375360e-10, -1.146929996289e-09,
 -3.627707477732e-09, -6.164185111890e-09, -8.099032094175e-09,
 -8.920022792343e-09, -8.403247392201e-09, -6.682242508838e-09,
 -4.222090052846e-09, -1.702953441999e-09,  1.580449441566e-10,
  7.999735234594e-10, -2.541834012151e-11, -2.177528917650e-09,
 -5.153715727075e-09, -8.214815033292e-09, -1.057815380239e-08,
 -1.162794102119e-08, -1.108636406982e-08, -9.098355708268e-09,
 -6.204550423894e-09, -3.206554669358e-09, -9.581034671690e-10,
 -1.362147177279e-10, -1.053687524819e-09, -3.564473850305e-09,
 -7.090295248710e-09, -1.076435048064e-08, -1.365679795547e-08,
 -1.502321314291e-08, -1.450997250271e-08, -1.225986503723e-08,
 -8.886758989389e-09, -5.322999759505e-09, -2.577055568562e-09,
 -1.464373694244e-09, -2.383343793589e-09, -5.197650157821e-09,
 -9.259487325161e-09, -1.357071213205e-08, -1.704212612827e-08,
 -1.878325633751e-08, -1.834574921275e-08, -1.585348721256e-08,
 -1.198212082093e-08, -7.790004033709e-09, -4.442781968163e-09,
 -2.903410314037e-09, -3.669984503199e-09, -6.633082979418e-09,
 -1.109317028102e-08, -1.593638639276e-08, -1.992480923194e-08,
 -2.202492055533e-08, -2.168710557866e-08, -1.900009278898e-08,
 -1.467697692927e-08, -9.873976274577e-09, -5.887856854034e-09,
 -3.811810043823e-09, -4.241221069929e-09, -7.109023713453e-09,
 -1.169617381929e-08, -1.681661000697e-08, -2.112857068806e-08,
 -2.349046674755e-08, -2.326613114049e-08, -2.049746850095e-08,
 -1.589733521884e-08, -1.066352138058e-08, -6.162604999763e-09,
 -3.567670676247e-09, -3.546470450644e-09]

================================================================================
TRAJECTORY 34
================================================================================

COMP trajectory 34
outcomes: (0, 0, 0, 0, 0, 0, 0, 0, 0, 0, 0, 0, 0, 0, 0, 0, 0, 0, 0, 0, 0, 0, 0, 0, 0, 0, 0, 0, 0, 0, 0, 0, 0, 0, 0, 0, 0, 0, 0, 0, 0, 0, 0, 0, 0, 0, 0, 0, 0, 0, 0, 0, 0, 0, 0, 0, 0, 0, 0, 0, 0, 0, 0, 0, 0, 0, 0, 0, 0, 0, 0, 0, 0, 0, 0, 0, 0, 0, 0, 0, 0, 0, 0, 0, 0, 0, 0, 0, 0, 0, 0, 0, 0, 0, 0, 0, 0, 0, 0, 0, 0, 0, 0, 0, 0, 0, 0, 0, 0, 0, 0, 0, 0, 0, 0, 0, 0, 0, 0, 0, 0, 0, 0, 0, 0, 0, 0, 0, 0, 0, 0, 0, 0, 0, 0, 0, 0, 0, 0, 0, 0, 0, 0, 0, 0, 0, 0, 0, 0, 0, 0, 0, 0, 0, 0, 0, 0, 0, 0, 0, 0, 0, 0, 0, 0, 0, 0, 0, 0, 0, 0, 0, 0, 0, 0, 0, 0, 0, 0, 0, 0, 0, 0, 0, 0, 0, 0, 0, 0, 0, 0, 0, 0, 0, 0, 0, 0, 0, 0, 0, 0)
p_seq: 0.9711646393507506
DeltaW_total: -0.8254703559926213
DeltaQ_total: -4.164499868344711e-06
dW per increment:
[ 1.573221825758e-03,  3.134225698634e-03,  1.495191472248e-03,
 -1.818410173470e-03, -3.643019679057e-03, -2.283259703793e-03,
  8.314121654003e-04,  2.560741646251e-03,  1.138127896114e-03,
 -2.107932878062e-03, -4.075018812387e-03, -2.935493525278e-03,
  8.680979657250e-05,  1.941298909479e-03,  7.505793541434e-04,
 -2.367704122973e-03, -4.427071274868e-03, -3.511588823436e-03,
 -6.325205688213e-04,  1.298855175149e-03,  3.396538452147e-04,
 -2.603516238699e-03, -4.703663861903e-03, -4.002026710845e-03,
 -1.303484448567e-03,  6.567724896147e-04, -8.510182655641e-05,
 -2.821587458538e-03, -4.914835379770e-03, -4.405884661647e-03,
 -1.910183305348e-03,  3.565060464972e-05, -5.132371009751e-04,
 -3.027298470332e-03, -5.073339001779e-03, -4.728865907634e-03,
 -2.444275699512e-03, -5.486423046008e-04, -9.348428529350e-04,
 -3.224521673861e-03, -5.192133571619e-03, -4.980712787173e-03,
 -2.903939336665e-03, -1.085625631404e-03, -1.341595073573e-03,
 -3.415530324414e-03, -5.282703324543e-03, -5.172819604123e-03,
 -3.292147499682e-03, -1.569847932078e-03, -1.727294307221e-03,
 -3.601287952193e-03, -5.354258896261e-03, -5.316473076707e-03,
 -3.614869638918e-03, -1.999957734029e-03, -2.087961498690e-03,
 -3.781885391360e-03, -5.413607311841e-03, -5.421796081443e-03,
 -3.879557404957e-03, -2.377593005731e-03, -2.421629721690e-03,
 -3.956956462901e-03, -5.465411011832e-03, -5.497269492576e-03,
 -4.094047385047e-03, -2.706343493434e-03, -2.727977972208e-03,
 -4.125989748825e-03, -5.512605403135e-03, -5.549645193128e-03,
 -4.265865411639e-03, -2.990908361619e-03, -3.007920527587e-03,
 -4.288519595002e-03, -5.556829053388e-03, -5.584081868419e-03,
 -4.401851463516e-03, -3.236478843183e-03, -3.263222340834e-03,
 -4.444214393502e-03, -5.598794481354e-03, -5.604382314079e-03,
 -4.508010920821e-03, -3.448324470437e-03, -3.496174112369e-03,
 -4.592891503647e-03, -5.638576436994e-03, -5.613257632877e-03,
 -4.589510306330e-03, -3.631540842013e-03, -3.709335560494e-03,
 -4.734486591206e-03, -5.675821051454e-03, -5.612579000513e-03,
 -4.650756018300e-03, -3.790914109564e-03, -3.905341228638e-03,
 -4.868998771144e-03, -5.709890569744e-03, -5.603600587765e-03,
 -4.695514006782e-03, -3.930862912689e-03, -4.086756904949e-03,
 -4.996426192346e-03, -5.739961228311e-03, -5.587150343032e-03,
 -4.727043558887e-03, -4.055426609789e-03, -4.255973341516e-03,
 -5.116701422967e-03, -5.765090719279e-03, -5.563791824187e-03,
 -4.748228901320e-03, -4.168276489178e-03, -4.415125183618e-03,
 -5.229632570476e-03, -5.784269144659e-03, -5.533962658291e-03,
 -4.761698933649e-03, -4.272733115865e-03, -4.566025450544e-03,
 -5.334854257718e-03, -5.796464622374e-03, -5.498095219046e-03,
 -4.769929084116e-03, -4.371777939717e-03, -4.710108795635e-03,
 -5.431791959246e-03, -5.800672190635e-03, -5.456723787063e-03,
 -4.775320974506e-03, -4.468051045418e-03, -4.848379782789e-03,
 -5.519643341266e-03, -5.795972387943e-03, -5.410580380357e-03,
 -4.780256060492e-03, -4.563829901620e-03, -4.981365435036e-03,
 -5.597380761653e-03, -5.781603688753e-03, -5.360678932234e-03,
 -4.787119299504e-03, -4.660986609068e-03, -5.109074308084e-03,
 -5.663779606643e-03, -5.757050613887e-03, -5.308384749725e-03,
 -4.798288702908e-03, -4.760923850927e-03, -5.230967275576e-03,
 -5.717477317724e-03, -5.722146574740e-03, -5.255463397646e-03,
 -4.816086816568e-03, -4.864492816061e-03, -5.345947962631e-03,
 -5.757067431755e-03, -5.677187184443e-03, -5.204100564750e-03,
 -4.842691174211e-03, -4.971899973988e-03, -5.452383086560e-03,
 -5.781231350383e-03, -5.623045821803e-03, -5.156882441717e-03,
 -4.880002986489e-03, -5.082613741926e-03, -5.548164465772e-03,
 -5.788907525879e-03, -5.561278786864e-03, -5.116725168225e-03,
 -4.929477097964e-03, -5.195286585103e-03, -5.630824596562e-03,
 -5.779493037682e-03, -5.494202800431e-03, -5.086742614139e-03,
 -4.991921764532e-03, -5.307712445877e-03, -5.697715810978e-03,
 -5.753066063175e-03, -5.424923524483e-03, -5.070044845191e-03,
 -5.067284018143e-03, -5.416842794922e-03, -5.746258424669e-03,
 -5.710609744664e-03, -5.357291195278e-03, -5.069465751415e-03,
 -5.154444859926e-03, -5.518885912881e-03, -5.774255378167e-03,
 -5.654209111349e-03, -5.295759633523e-03, -5.087227936578e-03,
 -5.251057296700e-03, -5.609511857628e-03]
dQ per increment:
[-2.303445896935e-07, -3.737145369089e-07, -2.283549950933e-07,
  6.305170112452e-08,  2.150937552111e-07,  7.990028732391e-08,
 -2.084242085049e-07, -3.664773042503e-07, -2.399387621110e-07,
  4.614098047476e-08,  2.117009113476e-07,  9.689510160199e-08,
 -1.826187498049e-07, -3.513829642211e-07, -2.450291769021e-07,
  3.033546556530e-08,  2.049763585094e-07,  1.110117306756e-07,
 -1.550299757133e-07, -3.301427211931e-07, -2.439696191038e-07,
  1.639555426841e-08,  1.954990783409e-07,  1.214994547454e-07,
 -1.276947290724e-07, -3.048688196460e-07, -2.376692300205e-07,
  4.792022993260e-09,  1.840388794716e-07,  1.280942077677e-07,
 -1.022653350084e-07, -2.776644927207e-07, -2.273371804587e-07,
 -4.279821998535e-09,  1.714289219086e-07,  1.309683700288e-07,
 -7.985172656823e-08, -2.503246558142e-07, -2.142349204326e-07,
 -1.084738411247e-08,  1.584479067014e-07,  1.306002499210e-07,
 -6.101955821701e-08, -2.241889704440e-07, -1.995010053563e-07,
 -1.509354093793e-08,  1.457387308226e-07,  1.276224479096e-07,
 -4.588924855950e-08, -2.001249774365e-07, -1.840592551367e-07,
 -1.729187853322e-08,  1.337709228935e-07,  1.226934771294e-07,
 -3.427311845569e-08, -1.785916474636e-07, -1.685938165394e-07,
 -1.775376124932e-08,  1.228404726272e-07,  1.164114519568e-07,
 -2.580565765589e-08, -1.597360211165e-07, -1.535663948131e-07,
 -1.679050413463e-08,  1.130923751921e-07,  1.092694205751e-07,
 -2.004501912893e-08, -1.434900750025e-07, -1.392533613949e-07,
 -1.469007675226e-08,  1.045533624044e-07,  1.016422897255e-07,
 -1.654100056014e-08, -1.296522185693e-07, -1.257883024876e-07,
 -1.170519751091e-08,  9.716509228631e-08,  9.379361490171e-08,
 -1.487427096812e-08, -1.179478545097e-07, -1.132015734467e-07,
 -8.050420379803e-09,  9.081268954100e-08,  8.589211769735e-08,
 -1.467435067383e-08, -1.080710673802e-07, -1.014535110436e-07,
 -3.904481047506e-09,  8.534696245392e-08,  7.803175067342e-08,
 -1.562353778208e-08, -9.971068657940e-08, -9.046070717413e-08,
  5.839268157545e-10,  8.060031384417e-08,  7.025135185992e-08,
 -1.745300054696e-08, -9.256527907370e-08, -8.011598286953e-08,
  5.288956048295e-09,  7.639736736547e-08,  6.255220588594e-08,
 -1.993441190199e-08, -8.635090077182e-08, -7.030356236320e-08,
  1.009977830708e-08,  7.256191040736e-08,  5.491314227597e-08,
 -2.287032066462e-08, -8.080429543707e-08, -6.091042770683e-08,
  1.491329992831e-08,  6.892140295544e-08,  4.730323838794e-08,
 -2.608426303207e-08, -7.568391480108e-08, -5.183528438337e-08,
  1.962741622615e-08,  6.531012132754e-08,  3.969257071895e-08,
 -2.941203097436e-08, -7.077007619684e-08, -4.299583785967e-08,
  2.413564253317e-08,  6.157211036167e-08,  3.206142777266e-08,
 -3.269431946441e-08, -6.586573788464e-08, -3.433505970686e-08,
  2.832297230429e-08,  5.756455508273e-08,  2.440847425957e-08,
 -3.577138624894e-08, -6.079799217806e-08, -2.582672045150e-08,
  3.206356326019e-08,  5.316200673948e-08,  1.675781689152e-08,
 -3.847984314433e-08, -5.542129094191e-08, -1.748021510872e-08,
  3.522051618497e-08,  4.826194963982e-08,  9.164972301478e-09,
 -4.065215378820e-08, -4.962225960171e-08, -9.344628259557e-09,
  3.764813782167e-08,  4.279176034263e-08,  1.721530753888e-09,
 -4.211903883306e-08, -4.332600521666e-08, -1.511265309076e-09,
  3.919698187815e-08,  3.671681065437e-08, -5.442147849553e-09,
 -4.271509123407e-08, -3.650385619995e-08,  5.885719669453e-09,
  3.972202878167e-08,  3.004932807617e-08, -1.215687048771e-08,
 -4.228784965515e-08, -2.918145639713e-08,  1.267170678804e-08,
  3.909421967489e-08,  2.285718243237e-08, -1.821821416469e-08,
 -4.071024553055e-08, -2.144663815637e-08,  1.863781259534e-08,
  3.721494434665e-08,  1.527154354364e-08, -2.339443457618e-08,
 -3.789598118555e-08, -1.345526241120e-08,  2.355192775961e-08,
  3.403317385721e-08,  7.491500678483e-09, -2.743986154442e-08,
 -3.381709327410e-08, -5.433546619582e-09,  2.717534480431e-08,
  2.956380423108e-08, -2.156552861635e-10, -3.011402925635e-08,
 -2.852204394194e-08,  2.325176557370e-09,  2.928503450416e-08,
  2.390557781243e-08, -7.521049739598e-09, -3.120651519140e-08,
 -2.215213877783e-08,  9.471303023117e-09,  2.970128797335e-08,
  1.725574105653e-08, -1.404927362381e-08, -3.056650947370e-08,
 -1.495334088931e-08,  1.561900356273e-08]

EXP trajectory 34
outcomes: (0, 0, 0, 0, 0, 0, 0, 0, 0, 0, 0, 0, 0, 0, 0, 0, 0, 0, 0, 0, 0, 0, 0, 0, 0, 0, 0, 0, 0, 0, 0, 0, 0, 0, 0, 0, 0, 0, 0, 0, 0, 0, 0, 0, 0, 0, 0, 0, 0, 0, 0, 0, 0, 0, 0, 0, 0, 0, 0, 0, 0, 0, 0, 0, 0, 0, 0, 0, 0, 0, 0, 0, 0, 0, 0, 0, 0, 0, 0, 0, 0, 0, 0, 0, 0, 0, 0, 0, 0, 0, 0, 0, 0, 0, 0, 0, 0, 0, 0, 0, 0, 0, 0, 0, 0, 0, 0, 0, 0, 0, 0, 0, 0, 0, 0, 0, 0, 0, 0, 0, 0, 0, 0, 0, 0, 0, 0, 0, 0, 0, 0, 0, 0, 0, 0, 0, 0, 0, 0, 0, 0, 0, 0, 0, 0, 0, 0, 0, 0, 0, 0, 0, 0, 0, 0, 0, 0, 0, 0, 0, 0, 0, 0, 0, 0, 0, 0, 0, 0, 0, 0, 0, 0, 0, 0, 0, 0, 0, 0, 0, 0, 0, 0, 0, 0, 0, 0, 0, 0, 0, 0, 0, 0, 0, 0, 0, 0, 0, 0, 0, 0)
p_seq: 0.9922287100657725
DeltaW_total: 0.5301603849893777
DeltaQ_total: -7.719151607382571e-07
dW per increment:
[ 3.471592021139e-03,  3.489908428906e-03,  3.499542792703e-03,
  3.497028079165e-03,  3.482376576295e-03,  3.459130024005e-03,
  3.433383333258e-03,  3.412051153308e-03,  3.400870158988e-03,
  3.402713397428e-03,  3.416710422060e-03,  3.438440127699e-03,
  3.461156066964e-03,  3.477704457890e-03,  3.482589830842e-03,
  3.473592845747e-03,  3.452465789282e-03,  3.424490918368e-03,
  3.397012033791e-03,  3.377347524109e-03,  3.370677421085e-03,
  3.378513174559e-03,  3.398199992864e-03,  3.423611057194e-03,
  3.446852446881e-03,  3.460504343055e-03,  3.459762855192e-03,
  3.443865714532e-03,  3.416381169661e-03,  3.384258974910e-03,
  3.355895587678e-03,  3.338751958154e-03,  3.337198766859e-03,
  3.351209489162e-03,  3.376289061208e-03,  3.404679028904e-03,
  3.427516203855e-03,  3.437344543505e-03,  3.430269528167e-03,
  3.407134656928e-03,  3.373368109511e-03,  3.337520432696e-03,
  3.308886893812e-03,  3.294874975238e-03,  3.298860968572e-03,
  3.319153244814e-03,  3.349376115514e-03,  3.380190563458e-03,
  3.401887676162e-03,  3.407135342613e-03,  3.393102892362e-03,
  3.362350867906e-03,  3.322211620397e-03,  3.282808163888e-03,
  3.254246028792e-03,  3.243755899954e-03,  3.253592696122e-03,
  3.280298007542e-03,  3.315559617075e-03,  3.348456266833e-03,
  3.368481985007e-03,  3.368513748836e-03,  3.346886605744e-03,
  3.307975511301e-03,  3.261091189071e-03,  3.217966880079e-03,
  3.189513415307e-03,  3.182738183902e-03,  3.198694951738e-03,
  3.232059665013e-03,  3.272483945990e-03,  3.307383733533e-03,
  3.325412546804e-03,  3.319662631013e-03,  3.289694066233e-03,
  3.241800872546e-03,  3.187402894879e-03,  3.139972437395e-03,
  3.111321225571e-03,  3.108268423539e-03,  3.130625578207e-03,
  3.171087622738e-03,  3.217101601967e-03,  3.254236837567e-03,
  3.270153219708e-03,  3.258079009022e-03,  3.218822165143e-03,
  3.160724633602e-03,  3.097526103314e-03,  3.044681909479e-03,
  3.015119583406e-03,  3.015595627069e-03,  3.044674015911e-03,
  3.092922697300e-03,  3.145325235042e-03,  3.185293245780e-03,
  3.199209648496e-03,  3.180261868129e-03,  3.130491228227e-03,
  3.060451242069e-03,  2.986511653903e-03,  2.926493760558e-03,
  2.894797634664e-03,  2.898349028616e-03,  2.934500145301e-03,
  2.991509053373e-03,  3.051529780597e-03,  3.095354689673e-03,
  3.107651809330e-03,  3.081273406748e-03,  3.019431538554e-03,
  2.935090631766e-03,  2.847672669210e-03,  2.777908084836e-03,
  2.742193359676e-03,  2.747985388865e-03,  2.791518166976e-03,
  2.858525885362e-03,  2.927853454429e-03,  2.977044695097e-03,
  2.988435731169e-03,  2.954105340171e-03,  2.878302659440e-03,
  2.776623704852e-03,  2.672074159671e-03,  2.589006798452e-03,
  2.546526078143e-03,  2.553139435749e-03,  2.604143225854e-03,
  2.682527892720e-03,  2.763252167938e-03,  2.819817430039e-03,
  2.831420422943e-03,  2.788759249169e-03,  2.696880788532e-03,
  2.574216128261e-03,  2.447960511557e-03,  2.346948888391e-03,
  2.293887735815e-03,  2.299028805124e-03,  2.357037084202e-03,
  2.447988826900e-03,  2.542343890347e-03,  2.608657615212e-03,
  2.622023091986e-03,  2.570982335142e-03,  2.460996823311e-03,
  2.313445207076e-03,  2.160295862955e-03,  2.035773856782e-03,
  1.967189110980e-03,  1.967377690381e-03,  2.030839102211e-03,
  2.134711463212e-03,  2.244452053180e-03,  2.322818203632e-03,
  2.339816139038e-03,  2.280962674844e-03,  2.151589596803e-03,
  1.975927794776e-03,  1.791082260642e-03,  1.637388648561e-03,
  1.547655126121e-03,  1.538156981326e-03,  1.603851242365e-03,
  1.719203159876e-03,  1.844539149339e-03,  1.936350438971e-03,
  1.958870131821e-03,  1.893840379415e-03,  1.745802062390e-03,
  1.541383878163e-03,  1.322648938199e-03,  1.136157894393e-03,
  1.020596391918e-03,  9.962611938334e-04,  1.059267056423e-03,
  1.182123606188e-03,  1.320649646217e-03,  1.425486451986e-03,
  1.455202128376e-03,  1.387497275168e-03,  1.225472717563e-03,
  9.971977101273e-04,  7.485906989935e-04,  5.314232441034e-04,
  3.895953828525e-04,  3.473390862094e-04,  4.025362268560e-04,
  5.270024193518e-04,  6.737378879755e-04,  7.892749176577e-04,
  8.278638852808e-04,  7.637162381879e-04,  5.980127755283e-04,
  3.587656806161e-04,  9.352727539280e-05, -1.431430554426e-04,
 -3.041275490840e-04, -3.622613342138e-04]
dQ per increment:
[-4.162499281889e-10, -8.896106024146e-10, -1.150365450901e-09,
 -1.119499371026e-09, -8.017114363872e-10, -2.854011209221e-10,
  2.817411198005e-10,  7.346852466672e-10,  9.387861848575e-10,
  8.293747238465e-10,  4.317194960898e-10, -1.448441436236e-10,
 -7.371924537827e-10, -1.174808945655e-09, -1.329034235095e-09,
 -1.151043532190e-09, -6.872767344384e-10, -6.770972259436e-11,
  5.302931824127e-10,  9.324338183080e-10,  1.017739948740e-09,
  7.544377596605e-10,  2.106795235230e-10, -4.633608275718e-10,
 -1.077278702008e-09, -1.454444851882e-09, -1.483146725226e-09,
 -1.149750651023e-09, -5.444651461455e-10,  1.627159518236e-10,
  7.692836975076e-10,  1.097732246682e-09,  1.046806066742e-09,
  6.219700737515e-10, -6.424148084154e-11, -8.223532087497e-10,
 -1.438696809472e-09, -1.736003174763e-09, -1.624659441484e-09,
 -1.129985244047e-09, -3.872032243446e-10,  3.949908562121e-10,
  9.924150062932e-10,  1.228965977379e-09,  1.027606012869e-09,
  4.342072565215e-10, -3.930365965413e-10, -1.226302503987e-09,
 -1.831469573221e-09, -2.034275635963e-09, -1.771094322090e-09,
 -1.109046903792e-09, -2.297496703519e-10,  6.197848268679e-10,
  1.195609350781e-09,  1.325903041874e-09,  9.609855062317e-10,
  1.898597915169e-10, -7.819716846703e-10, -1.687972207755e-09,
 -2.274458441357e-09, -2.372298596822e-09, -1.946316578391e-09,
 -1.108130204134e-09, -8.788011963100e-11,  8.278031121906e-10,
  1.375126465605e-09,  1.387593028218e-09,  8.449351906071e-10,
 -1.179749739739e-10, -1.245528577086e-09, -2.230182377639e-09,
 -2.797417589890e-09, -2.783264836811e-09, -2.182712286630e-09,
 -1.154690626643e-09,  1.848150256965e-11,  1.007075776070e-09,
  1.524811284832e-09,  1.409685400963e-09,  6.720105674186e-10,
 -5.043356700145e-10, -1.809080356005e-09, -2.888766425070e-09,
 -3.444073949535e-09, -3.314266422069e-09, -2.525231771627e-09,
 -1.286807543984e-09,  6.091396397706e-11,  1.138674581274e-09,
  1.632213696449e-09,  1.380856694505e-09,  4.259249140447e-10,
 -9.957806811111e-10, -2.512438025530e-09, -3.716654182117e-09,
 -4.277095541237e-09, -4.031890774589e-09, -3.037739189859e-09,
 -1.559839068023e-09, -4.252590684109e-12,  1.190366060279e-09,
  1.672683262624e-09,  1.277688897608e-09,  7.696324361237e-11,
 -1.634709982288e-09, -3.414479586117e-09, -4.789137933664e-09,
 -5.384251458313e-09, -5.029593117207e-09, -3.811371310355e-09,
 -2.055589063115e-09, -2.452423984375e-10,  1.107648860436e-09,
  1.601447945608e-09,  1.057747350862e-09, -4.235767115746e-10,
 -2.484049972011e-09, -4.597305546666e-09, -6.208251334891e-09,
 -6.883759853696e-09, -6.434333082561e-09, -4.972713608454e-09,
 -2.891642708429e-09, -7.648842309852e-10,  8.039711157557e-10,
  1.344938719585e-09,  6.533288375360e-10, -1.146929996289e-09,
 -3.627707477732e-09, -6.164185111890e-09, -8.099032094175e-09,
 -8.920022792343e-09, -8.403247392201e-09, -6.682242508838e-09,
 -4.222090052846e-09, -1.702953441999e-09,  1.580449441566e-10,
  7.999735234594e-10, -2.541834012151e-11, -2.177528917650e-09,
 -5.153715727075e-09, -8.214815033292e-09, -1.057815380239e-08,
 -1.162794102119e-08, -1.108636406982e-08, -9.098355708268e-09,
 -6.204550423894e-09, -3.206554669358e-09, -9.581034671690e-10,
 -1.362147177279e-10, -1.053687524819e-09, -3.564473850305e-09,
 -7.090295248710e-09, -1.076435048064e-08, -1.365679795547e-08,
 -1.502321314291e-08, -1.450997250271e-08, -1.225986503723e-08,
 -8.886758989389e-09, -5.322999759505e-09, -2.577055568562e-09,
 -1.464373694244e-09, -2.383343793589e-09, -5.197650157821e-09,
 -9.259487325161e-09, -1.357071213205e-08, -1.704212612827e-08,
 -1.878325633751e-08, -1.834574921275e-08, -1.585348721256e-08,
 -1.198212082093e-08, -7.790004033709e-09, -4.442781968163e-09,
 -2.903410314037e-09, -3.669984503199e-09, -6.633082979418e-09,
 -1.109317028102e-08, -1.593638639276e-08, -1.992480923194e-08,
 -2.202492055533e-08, -2.168710557866e-08, -1.900009278898e-08,
 -1.467697692927e-08, -9.873976274577e-09, -5.887856854034e-09,
 -3.811810043823e-09, -4.241221069929e-09, -7.109023713453e-09,
 -1.169617381929e-08, -1.681661000697e-08, -2.112857068806e-08,
 -2.349046674755e-08, -2.326613114049e-08, -2.049746850095e-08,
 -1.589733521884e-08, -1.066352138058e-08, -6.162604999763e-09,
 -3.567670676247e-09, -3.546470450644e-09]

================================================================================
TRAJECTORY 35
================================================================================

COMP trajectory 35
outcomes: (0, 0, 0, 0, 0, 0, 0, 0, 0, 0, 0, 0, 0, 0, 0, 0, 0, 0, 0, 0, 0, 0, 0, 0, 0, 0, 0, 0, 0, 0, 0, 0, 0, 0, 0, 0, 0, 0, 0, 0, 0, 0, 0, 0, 0, 0, 0, 0, 0, 0, 0, 0, 0, 0, 0, 0, 0, 0, 0, 0, 0, 0, 0, 0, 0, 0, 0, 0, 0, 0, 0, 0, 0, 0, 0, 0, 0, 0, 0, 0, 0, 0, 0, 0, 0, 0, 0, 0, 0, 0, 0, 0, 0, 0, 0, 0, 0, 0, 0, 0, 0, 0, 0, 0, 0, 0, 0, 0, 0, 0, 0, 0, 0, 0, 0, 0, 0, 0, 0, 0, 0, 0, 0, 0, 0, 0, 0, 0, 0, 0, 0, 0, 0, 0, 0, 0, 0, 0, 0, 0, 0, 0, 0, 0, 0, 0, 0, 0, 0, 0, 0, 0, 0, 0, 0, 0, 0, 0, 0, 0, 0, 0, 0, 0, 0, 0, 0, 0, 0, 0, 0, 0, 0, 0, 0, 0, 0, 0, 0, 0, 0, 0, 0, 0, 0, 0, 0, 0, 0, 0, 0, 0, 0, 0, 0, 0, 0, 0, 0, 0, 0)
p_seq: 0.9711646393507506
DeltaW_total: -0.8254703559926213
DeltaQ_total: -4.164499868344711e-06
dW per increment:
[ 1.573221825758e-03,  3.134225698634e-03,  1.495191472248e-03,
 -1.818410173470e-03, -3.643019679057e-03, -2.283259703793e-03,
  8.314121654003e-04,  2.560741646251e-03,  1.138127896114e-03,
 -2.107932878062e-03, -4.075018812387e-03, -2.935493525278e-03,
  8.680979657250e-05,  1.941298909479e-03,  7.505793541434e-04,
 -2.367704122973e-03, -4.427071274868e-03, -3.511588823436e-03,
 -6.325205688213e-04,  1.298855175149e-03,  3.396538452147e-04,
 -2.603516238699e-03, -4.703663861903e-03, -4.002026710845e-03,
 -1.303484448567e-03,  6.567724896147e-04, -8.510182655641e-05,
 -2.821587458538e-03, -4.914835379770e-03, -4.405884661647e-03,
 -1.910183305348e-03,  3.565060464972e-05, -5.132371009751e-04,
 -3.027298470332e-03, -5.073339001779e-03, -4.728865907634e-03,
 -2.444275699512e-03, -5.486423046008e-04, -9.348428529350e-04,
 -3.224521673861e-03, -5.192133571619e-03, -4.980712787173e-03,
 -2.903939336665e-03, -1.085625631404e-03, -1.341595073573e-03,
 -3.415530324414e-03, -5.282703324543e-03, -5.172819604123e-03,
 -3.292147499682e-03, -1.569847932078e-03, -1.727294307221e-03,
 -3.601287952193e-03, -5.354258896261e-03, -5.316473076707e-03,
 -3.614869638918e-03, -1.999957734029e-03, -2.087961498690e-03,
 -3.781885391360e-03, -5.413607311841e-03, -5.421796081443e-03,
 -3.879557404957e-03, -2.377593005731e-03, -2.421629721690e-03,
 -3.956956462901e-03, -5.465411011832e-03, -5.497269492576e-03,
 -4.094047385047e-03, -2.706343493434e-03, -2.727977972208e-03,
 -4.125989748825e-03, -5.512605403135e-03, -5.549645193128e-03,
 -4.265865411639e-03, -2.990908361619e-03, -3.007920527587e-03,
 -4.288519595002e-03, -5.556829053388e-03, -5.584081868419e-03,
 -4.401851463516e-03, -3.236478843183e-03, -3.263222340834e-03,
 -4.444214393502e-03, -5.598794481354e-03, -5.604382314079e-03,
 -4.508010920821e-03, -3.448324470437e-03, -3.496174112369e-03,
 -4.592891503647e-03, -5.638576436994e-03, -5.613257632877e-03,
 -4.589510306330e-03, -3.631540842013e-03, -3.709335560494e-03,
 -4.734486591206e-03, -5.675821051454e-03, -5.612579000513e-03,
 -4.650756018300e-03, -3.790914109564e-03, -3.905341228638e-03,
 -4.868998771144e-03, -5.709890569744e-03, -5.603600587765e-03,
 -4.695514006782e-03, -3.930862912689e-03, -4.086756904949e-03,
 -4.996426192346e-03, -5.739961228311e-03, -5.587150343032e-03,
 -4.727043558887e-03, -4.055426609789e-03, -4.255973341516e-03,
 -5.116701422967e-03, -5.765090719279e-03, -5.563791824187e-03,
 -4.748228901320e-03, -4.168276489178e-03, -4.415125183618e-03,
 -5.229632570476e-03, -5.784269144659e-03, -5.533962658291e-03,
 -4.761698933649e-03, -4.272733115865e-03, -4.566025450544e-03,
 -5.334854257718e-03, -5.796464622374e-03, -5.498095219046e-03,
 -4.769929084116e-03, -4.371777939717e-03, -4.710108795635e-03,
 -5.431791959246e-03, -5.800672190635e-03, -5.456723787063e-03,
 -4.775320974506e-03, -4.468051045418e-03, -4.848379782789e-03,
 -5.519643341266e-03, -5.795972387943e-03, -5.410580380357e-03,
 -4.780256060492e-03, -4.563829901620e-03, -4.981365435036e-03,
 -5.597380761653e-03, -5.781603688753e-03, -5.360678932234e-03,
 -4.787119299504e-03, -4.660986609068e-03, -5.109074308084e-03,
 -5.663779606643e-03, -5.757050613887e-03, -5.308384749725e-03,
 -4.798288702908e-03, -4.760923850927e-03, -5.230967275576e-03,
 -5.717477317724e-03, -5.722146574740e-03, -5.255463397646e-03,
 -4.816086816568e-03, -4.864492816061e-03, -5.345947962631e-03,
 -5.757067431755e-03, -5.677187184443e-03, -5.204100564750e-03,
 -4.842691174211e-03, -4.971899973988e-03, -5.452383086560e-03,
 -5.781231350383e-03, -5.623045821803e-03, -5.156882441717e-03,
 -4.880002986489e-03, -5.082613741926e-03, -5.548164465772e-03,
 -5.788907525879e-03, -5.561278786864e-03, -5.116725168225e-03,
 -4.929477097964e-03, -5.195286585103e-03, -5.630824596562e-03,
 -5.779493037682e-03, -5.494202800431e-03, -5.086742614139e-03,
 -4.991921764532e-03, -5.307712445877e-03, -5.697715810978e-03,
 -5.753066063175e-03, -5.424923524483e-03, -5.070044845191e-03,
 -5.067284018143e-03, -5.416842794922e-03, -5.746258424669e-03,
 -5.710609744664e-03, -5.357291195278e-03, -5.069465751415e-03,
 -5.154444859926e-03, -5.518885912881e-03, -5.774255378167e-03,
 -5.654209111349e-03, -5.295759633523e-03, -5.087227936578e-03,
 -5.251057296700e-03, -5.609511857628e-03]
dQ per increment:
[-2.303445896935e-07, -3.737145369089e-07, -2.283549950933e-07,
  6.305170112452e-08,  2.150937552111e-07,  7.990028732391e-08,
 -2.084242085049e-07, -3.664773042503e-07, -2.399387621110e-07,
  4.614098047476e-08,  2.117009113476e-07,  9.689510160199e-08,
 -1.826187498049e-07, -3.513829642211e-07, -2.450291769021e-07,
  3.033546556530e-08,  2.049763585094e-07,  1.110117306756e-07,
 -1.550299757133e-07, -3.301427211931e-07, -2.439696191038e-07,
  1.639555426841e-08,  1.954990783409e-07,  1.214994547454e-07,
 -1.276947290724e-07, -3.048688196460e-07, -2.376692300205e-07,
  4.792022993260e-09,  1.840388794716e-07,  1.280942077677e-07,
 -1.022653350084e-07, -2.776644927207e-07, -2.273371804587e-07,
 -4.279821998535e-09,  1.714289219086e-07,  1.309683700288e-07,
 -7.985172656823e-08, -2.503246558142e-07, -2.142349204326e-07,
 -1.084738411247e-08,  1.584479067014e-07,  1.306002499210e-07,
 -6.101955821701e-08, -2.241889704440e-07, -1.995010053563e-07,
 -1.509354093793e-08,  1.457387308226e-07,  1.276224479096e-07,
 -4.588924855950e-08, -2.001249774365e-07, -1.840592551367e-07,
 -1.729187853322e-08,  1.337709228935e-07,  1.226934771294e-07,
 -3.427311845569e-08, -1.785916474636e-07, -1.685938165394e-07,
 -1.775376124932e-08,  1.228404726272e-07,  1.164114519568e-07,
 -2.580565765589e-08, -1.597360211165e-07, -1.535663948131e-07,
 -1.679050413463e-08,  1.130923751921e-07,  1.092694205751e-07,
 -2.004501912893e-08, -1.434900750025e-07, -1.392533613949e-07,
 -1.469007675226e-08,  1.045533624044e-07,  1.016422897255e-07,
 -1.654100056014e-08, -1.296522185693e-07, -1.257883024876e-07,
 -1.170519751091e-08,  9.716509228631e-08,  9.379361490171e-08,
 -1.487427096812e-08, -1.179478545097e-07, -1.132015734467e-07,
 -8.050420379803e-09,  9.081268954100e-08,  8.589211769735e-08,
 -1.467435067383e-08, -1.080710673802e-07, -1.014535110436e-07,
 -3.904481047506e-09,  8.534696245392e-08,  7.803175067342e-08,
 -1.562353778208e-08, -9.971068657940e-08, -9.046070717413e-08,
  5.839268157545e-10,  8.060031384417e-08,  7.025135185992e-08,
 -1.745300054696e-08, -9.256527907370e-08, -8.011598286953e-08,
  5.288956048295e-09,  7.639736736547e-08,  6.255220588594e-08,
 -1.993441190199e-08, -8.635090077182e-08, -7.030356236320e-08,
  1.009977830708e-08,  7.256191040736e-08,  5.491314227597e-08,
 -2.287032066462e-08, -8.080429543707e-08, -6.091042770683e-08,
  1.491329992831e-08,  6.892140295544e-08,  4.730323838794e-08,
 -2.608426303207e-08, -7.568391480108e-08, -5.183528438337e-08,
  1.962741622615e-08,  6.531012132754e-08,  3.969257071895e-08,
 -2.941203097436e-08, -7.077007619684e-08, -4.299583785967e-08,
  2.413564253317e-08,  6.157211036167e-08,  3.206142777266e-08,
 -3.269431946441e-08, -6.586573788464e-08, -3.433505970686e-08,
  2.832297230429e-08,  5.756455508273e-08,  2.440847425957e-08,
 -3.577138624894e-08, -6.079799217806e-08, -2.582672045150e-08,
  3.206356326019e-08,  5.316200673948e-08,  1.675781689152e-08,
 -3.847984314433e-08, -5.542129094191e-08, -1.748021510872e-08,
  3.522051618497e-08,  4.826194963982e-08,  9.164972301478e-09,
 -4.065215378820e-08, -4.962225960171e-08, -9.344628259557e-09,
  3.764813782167e-08,  4.279176034263e-08,  1.721530753888e-09,
 -4.211903883306e-08, -4.332600521666e-08, -1.511265309076e-09,
  3.919698187815e-08,  3.671681065437e-08, -5.442147849553e-09,
 -4.271509123407e-08, -3.650385619995e-08,  5.885719669453e-09,
  3.972202878167e-08,  3.004932807617e-08, -1.215687048771e-08,
 -4.228784965515e-08, -2.918145639713e-08,  1.267170678804e-08,
  3.909421967489e-08,  2.285718243237e-08, -1.821821416469e-08,
 -4.071024553055e-08, -2.144663815637e-08,  1.863781259534e-08,
  3.721494434665e-08,  1.527154354364e-08, -2.339443457618e-08,
 -3.789598118555e-08, -1.345526241120e-08,  2.355192775961e-08,
  3.403317385721e-08,  7.491500678483e-09, -2.743986154442e-08,
 -3.381709327410e-08, -5.433546619582e-09,  2.717534480431e-08,
  2.956380423108e-08, -2.156552861635e-10, -3.011402925635e-08,
 -2.852204394194e-08,  2.325176557370e-09,  2.928503450416e-08,
  2.390557781243e-08, -7.521049739598e-09, -3.120651519140e-08,
 -2.215213877783e-08,  9.471303023117e-09,  2.970128797335e-08,
  1.725574105653e-08, -1.404927362381e-08, -3.056650947370e-08,
 -1.495334088931e-08,  1.561900356273e-08]

EXP trajectory 35
outcomes: (0, 0, 0, 0, 0, 0, 0, 0, 0, 0, 0, 0, 0, 0, 0, 0, 0, 0, 0, 0, 0, 0, 0, 0, 0, 0, 0, 0, 0, 0, 0, 0, 0, 0, 0, 0, 0, 0, 0, 0, 0, 0, 0, 0, 0, 0, 0, 0, 0, 0, 0, 0, 0, 0, 0, 0, 0, 0, 0, 0, 0, 0, 0, 0, 0, 0, 0, 0, 0, 0, 0, 0, 0, 0, 0, 0, 0, 0, 0, 0, 0, 0, 0, 0, 0, 0, 0, 0, 0, 0, 0, 0, 0, 0, 0, 0, 0, 0, 0, 0, 0, 0, 0, 0, 0, 0, 0, 0, 0, 0, 0, 0, 0, 0, 0, 0, 0, 0, 0, 0, 0, 0, 0, 0, 0, 0, 0, 0, 0, 0, 0, 0, 0, 0, 0, 0, 0, 0, 0, 0, 0, 0, 0, 0, 0, 0, 0, 0, 0, 0, 0, 0, 0, 0, 0, 0, 0, 0, 0, 0, 0, 0, 0, 0, 0, 0, 0, 0, 0, 0, 0, 0, 0, 0, 0, 0, 0, 0, 0, 0, 0, 0, 0, 0, 0, 0, 0, 0, 0, 0, 0, 0, 0, 0, 0, 0, 0, 0, 0, 0, 0)
p_seq: 0.9922287100657725
DeltaW_total: 0.5301603849893777
DeltaQ_total: -7.719151607382571e-07
dW per increment:
[ 3.471592021139e-03,  3.489908428906e-03,  3.499542792703e-03,
  3.497028079165e-03,  3.482376576295e-03,  3.459130024005e-03,
  3.433383333258e-03,  3.412051153308e-03,  3.400870158988e-03,
  3.402713397428e-03,  3.416710422060e-03,  3.438440127699e-03,
  3.461156066964e-03,  3.477704457890e-03,  3.482589830842e-03,
  3.473592845747e-03,  3.452465789282e-03,  3.424490918368e-03,
  3.397012033791e-03,  3.377347524109e-03,  3.370677421085e-03,
  3.378513174559e-03,  3.398199992864e-03,  3.423611057194e-03,
  3.446852446881e-03,  3.460504343055e-03,  3.459762855192e-03,
  3.443865714532e-03,  3.416381169661e-03,  3.384258974910e-03,
  3.355895587678e-03,  3.338751958154e-03,  3.337198766859e-03,
  3.351209489162e-03,  3.376289061208e-03,  3.404679028904e-03,
  3.427516203855e-03,  3.437344543505e-03,  3.430269528167e-03,
  3.407134656928e-03,  3.373368109511e-03,  3.337520432696e-03,
  3.308886893812e-03,  3.294874975238e-03,  3.298860968572e-03,
  3.319153244814e-03,  3.349376115514e-03,  3.380190563458e-03,
  3.401887676162e-03,  3.407135342613e-03,  3.393102892362e-03,
  3.362350867906e-03,  3.322211620397e-03,  3.282808163888e-03,
  3.254246028792e-03,  3.243755899954e-03,  3.253592696122e-03,
  3.280298007542e-03,  3.315559617075e-03,  3.348456266833e-03,
  3.368481985007e-03,  3.368513748836e-03,  3.346886605744e-03,
  3.307975511301e-03,  3.261091189071e-03,  3.217966880079e-03,
  3.189513415307e-03,  3.182738183902e-03,  3.198694951738e-03,
  3.232059665013e-03,  3.272483945990e-03,  3.307383733533e-03,
  3.325412546804e-03,  3.319662631013e-03,  3.289694066233e-03,
  3.241800872546e-03,  3.187402894879e-03,  3.139972437395e-03,
  3.111321225571e-03,  3.108268423539e-03,  3.130625578207e-03,
  3.171087622738e-03,  3.217101601967e-03,  3.254236837567e-03,
  3.270153219708e-03,  3.258079009022e-03,  3.218822165143e-03,
  3.160724633602e-03,  3.097526103314e-03,  3.044681909479e-03,
  3.015119583406e-03,  3.015595627069e-03,  3.044674015911e-03,
  3.092922697300e-03,  3.145325235042e-03,  3.185293245780e-03,
  3.199209648496e-03,  3.180261868129e-03,  3.130491228227e-03,
  3.060451242069e-03,  2.986511653903e-03,  2.926493760558e-03,
  2.894797634664e-03,  2.898349028616e-03,  2.934500145301e-03,
  2.991509053373e-03,  3.051529780597e-03,  3.095354689673e-03,
  3.107651809330e-03,  3.081273406748e-03,  3.019431538554e-03,
  2.935090631766e-03,  2.847672669210e-03,  2.777908084836e-03,
  2.742193359676e-03,  2.747985388865e-03,  2.791518166976e-03,
  2.858525885362e-03,  2.927853454429e-03,  2.977044695097e-03,
  2.988435731169e-03,  2.954105340171e-03,  2.878302659440e-03,
  2.776623704852e-03,  2.672074159671e-03,  2.589006798452e-03,
  2.546526078143e-03,  2.553139435749e-03,  2.604143225854e-03,
  2.682527892720e-03,  2.763252167938e-03,  2.819817430039e-03,
  2.831420422943e-03,  2.788759249169e-03,  2.696880788532e-03,
  2.574216128261e-03,  2.447960511557e-03,  2.346948888391e-03,
  2.293887735815e-03,  2.299028805124e-03,  2.357037084202e-03,
  2.447988826900e-03,  2.542343890347e-03,  2.608657615212e-03,
  2.622023091986e-03,  2.570982335142e-03,  2.460996823311e-03,
  2.313445207076e-03,  2.160295862955e-03,  2.035773856782e-03,
  1.967189110980e-03,  1.967377690381e-03,  2.030839102211e-03,
  2.134711463212e-03,  2.244452053180e-03,  2.322818203632e-03,
  2.339816139038e-03,  2.280962674844e-03,  2.151589596803e-03,
  1.975927794776e-03,  1.791082260642e-03,  1.637388648561e-03,
  1.547655126121e-03,  1.538156981326e-03,  1.603851242365e-03,
  1.719203159876e-03,  1.844539149339e-03,  1.936350438971e-03,
  1.958870131821e-03,  1.893840379415e-03,  1.745802062390e-03,
  1.541383878163e-03,  1.322648938199e-03,  1.136157894393e-03,
  1.020596391918e-03,  9.962611938334e-04,  1.059267056423e-03,
  1.182123606188e-03,  1.320649646217e-03,  1.425486451986e-03,
  1.455202128376e-03,  1.387497275168e-03,  1.225472717563e-03,
  9.971977101273e-04,  7.485906989935e-04,  5.314232441034e-04,
  3.895953828525e-04,  3.473390862094e-04,  4.025362268560e-04,
  5.270024193518e-04,  6.737378879755e-04,  7.892749176577e-04,
  8.278638852808e-04,  7.637162381879e-04,  5.980127755283e-04,
  3.587656806161e-04,  9.352727539280e-05, -1.431430554426e-04,
 -3.041275490840e-04, -3.622613342138e-04]
dQ per increment:
[-4.162499281889e-10, -8.896106024146e-10, -1.150365450901e-09,
 -1.119499371026e-09, -8.017114363872e-10, -2.854011209221e-10,
  2.817411198005e-10,  7.346852466672e-10,  9.387861848575e-10,
  8.293747238465e-10,  4.317194960898e-10, -1.448441436236e-10,
 -7.371924537827e-10, -1.174808945655e-09, -1.329034235095e-09,
 -1.151043532190e-09, -6.872767344384e-10, -6.770972259436e-11,
  5.302931824127e-10,  9.324338183080e-10,  1.017739948740e-09,
  7.544377596605e-10,  2.106795235230e-10, -4.633608275718e-10,
 -1.077278702008e-09, -1.454444851882e-09, -1.483146725226e-09,
 -1.149750651023e-09, -5.444651461455e-10,  1.627159518236e-10,
  7.692836975076e-10,  1.097732246682e-09,  1.046806066742e-09,
  6.219700737515e-10, -6.424148084154e-11, -8.223532087497e-10,
 -1.438696809472e-09, -1.736003174763e-09, -1.624659441484e-09,
 -1.129985244047e-09, -3.872032243446e-10,  3.949908562121e-10,
  9.924150062932e-10,  1.228965977379e-09,  1.027606012869e-09,
  4.342072565215e-10, -3.930365965413e-10, -1.226302503987e-09,
 -1.831469573221e-09, -2.034275635963e-09, -1.771094322090e-09,
 -1.109046903792e-09, -2.297496703519e-10,  6.197848268679e-10,
  1.195609350781e-09,  1.325903041874e-09,  9.609855062317e-10,
  1.898597915169e-10, -7.819716846703e-10, -1.687972207755e-09,
 -2.274458441357e-09, -2.372298596822e-09, -1.946316578391e-09,
 -1.108130204134e-09, -8.788011963100e-11,  8.278031121906e-10,
  1.375126465605e-09,  1.387593028218e-09,  8.449351906071e-10,
 -1.179749739739e-10, -1.245528577086e-09, -2.230182377639e-09,
 -2.797417589890e-09, -2.783264836811e-09, -2.182712286630e-09,
 -1.154690626643e-09,  1.848150256965e-11,  1.007075776070e-09,
  1.524811284832e-09,  1.409685400963e-09,  6.720105674186e-10,
 -5.043356700145e-10, -1.809080356005e-09, -2.888766425070e-09,
 -3.444073949535e-09, -3.314266422069e-09, -2.525231771627e-09,
 -1.286807543984e-09,  6.091396397706e-11,  1.138674581274e-09,
  1.632213696449e-09,  1.380856694505e-09,  4.259249140447e-10,
 -9.957806811111e-10, -2.512438025530e-09, -3.716654182117e-09,
 -4.277095541237e-09, -4.031890774589e-09, -3.037739189859e-09,
 -1.559839068023e-09, -4.252590684109e-12,  1.190366060279e-09,
  1.672683262624e-09,  1.277688897608e-09,  7.696324361237e-11,
 -1.634709982288e-09, -3.414479586117e-09, -4.789137933664e-09,
 -5.384251458313e-09, -5.029593117207e-09, -3.811371310355e-09,
 -2.055589063115e-09, -2.452423984375e-10,  1.107648860436e-09,
  1.601447945608e-09,  1.057747350862e-09, -4.235767115746e-10,
 -2.484049972011e-09, -4.597305546666e-09, -6.208251334891e-09,
 -6.883759853696e-09, -6.434333082561e-09, -4.972713608454e-09,
 -2.891642708429e-09, -7.648842309852e-10,  8.039711157557e-10,
  1.344938719585e-09,  6.533288375360e-10, -1.146929996289e-09,
 -3.627707477732e-09, -6.164185111890e-09, -8.099032094175e-09,
 -8.920022792343e-09, -8.403247392201e-09, -6.682242508838e-09,
 -4.222090052846e-09, -1.702953441999e-09,  1.580449441566e-10,
  7.999735234594e-10, -2.541834012151e-11, -2.177528917650e-09,
 -5.153715727075e-09, -8.214815033292e-09, -1.057815380239e-08,
 -1.162794102119e-08, -1.108636406982e-08, -9.098355708268e-09,
 -6.204550423894e-09, -3.206554669358e-09, -9.581034671690e-10,
 -1.362147177279e-10, -1.053687524819e-09, -3.564473850305e-09,
 -7.090295248710e-09, -1.076435048064e-08, -1.365679795547e-08,
 -1.502321314291e-08, -1.450997250271e-08, -1.225986503723e-08,
 -8.886758989389e-09, -5.322999759505e-09, -2.577055568562e-09,
 -1.464373694244e-09, -2.383343793589e-09, -5.197650157821e-09,
 -9.259487325161e-09, -1.357071213205e-08, -1.704212612827e-08,
 -1.878325633751e-08, -1.834574921275e-08, -1.585348721256e-08,
 -1.198212082093e-08, -7.790004033709e-09, -4.442781968163e-09,
 -2.903410314037e-09, -3.669984503199e-09, -6.633082979418e-09,
 -1.109317028102e-08, -1.593638639276e-08, -1.992480923194e-08,
 -2.202492055533e-08, -2.168710557866e-08, -1.900009278898e-08,
 -1.467697692927e-08, -9.873976274577e-09, -5.887856854034e-09,
 -3.811810043823e-09, -4.241221069929e-09, -7.109023713453e-09,
 -1.169617381929e-08, -1.681661000697e-08, -2.112857068806e-08,
 -2.349046674755e-08, -2.326613114049e-08, -2.049746850095e-08,
 -1.589733521884e-08, -1.066352138058e-08, -6.162604999763e-09,
 -3.567670676247e-09, -3.546470450644e-09]

================================================================================
TRAJECTORY 36
================================================================================

COMP trajectory 36
outcomes: (0, 0, 0, 0, 0, 0, 0, 0, 0, 0, 0, 0, 0, 0, 0, 0, 0, 0, 0, 0, 0, 0, 0, 0, 0, 0, 0, 0, 0, 0, 0, 0, 0, 0, 0, 0, 0, 0, 0, 0, 0, 0, 0, 0, 0, 0, 0, 0, 0, 0, 0, 0, 0, 0, 0, 0, 0, 0, 0, 0, 0, 0, 0, 0, 0, 0, 0, 0, 0, 0, 0, 0, 0, 0, 0, 0, 0, 0, 0, 0, 0, 0, 0, 0, 0, 0, 0, 0, 0, 0, 0, 0, 0, 0, 0, 0, 0, 0, 0, 0, 0, 0, 0, 0, 0, 0, 0, 0, 0, 0, 0, 0, 0, 0, 0, 0, 0, 0, 0, 0, 0, 0, 0, 0, 0, 0, 0, 0, 0, 0, 0, 0, 0, 0, 0, 0, 0, 0, 0, 0, 0, 0, 0, 0, 0, 0, 0, 0, 0, 0, 0, 0, 0, 0, 0, 0, 0, 0, 0, 0, 0, 0, 0, 0, 0, 0, 0, 0, 0, 0, 0, 0, 0, 0, 0, 0, 0, 0, 0, 0, 0, 0, 0, 0, 0, 0, 0, 0, 0, 0, 0, 0, 0, 0, 0, 0, 0, 0, 0, 0, 0)
p_seq: 0.9711646393507506
DeltaW_total: -0.8254703559926213
DeltaQ_total: -4.164499868344711e-06
dW per increment:
[ 1.573221825758e-03,  3.134225698634e-03,  1.495191472248e-03,
 -1.818410173470e-03, -3.643019679057e-03, -2.283259703793e-03,
  8.314121654003e-04,  2.560741646251e-03,  1.138127896114e-03,
 -2.107932878062e-03, -4.075018812387e-03, -2.935493525278e-03,
  8.680979657250e-05,  1.941298909479e-03,  7.505793541434e-04,
 -2.367704122973e-03, -4.427071274868e-03, -3.511588823436e-03,
 -6.325205688213e-04,  1.298855175149e-03,  3.396538452147e-04,
 -2.603516238699e-03, -4.703663861903e-03, -4.002026710845e-03,
 -1.303484448567e-03,  6.567724896147e-04, -8.510182655641e-05,
 -2.821587458538e-03, -4.914835379770e-03, -4.405884661647e-03,
 -1.910183305348e-03,  3.565060464972e-05, -5.132371009751e-04,
 -3.027298470332e-03, -5.073339001779e-03, -4.728865907634e-03,
 -2.444275699512e-03, -5.486423046008e-04, -9.348428529350e-04,
 -3.224521673861e-03, -5.192133571619e-03, -4.980712787173e-03,
 -2.903939336665e-03, -1.085625631404e-03, -1.341595073573e-03,
 -3.415530324414e-03, -5.282703324543e-03, -5.172819604123e-03,
 -3.292147499682e-03, -1.569847932078e-03, -1.727294307221e-03,
 -3.601287952193e-03, -5.354258896261e-03, -5.316473076707e-03,
 -3.614869638918e-03, -1.999957734029e-03, -2.087961498690e-03,
 -3.781885391360e-03, -5.413607311841e-03, -5.421796081443e-03,
 -3.879557404957e-03, -2.377593005731e-03, -2.421629721690e-03,
 -3.956956462901e-03, -5.465411011832e-03, -5.497269492576e-03,
 -4.094047385047e-03, -2.706343493434e-03, -2.727977972208e-03,
 -4.125989748825e-03, -5.512605403135e-03, -5.549645193128e-03,
 -4.265865411639e-03, -2.990908361619e-03, -3.007920527587e-03,
 -4.288519595002e-03, -5.556829053388e-03, -5.584081868419e-03,
 -4.401851463516e-03, -3.236478843183e-03, -3.263222340834e-03,
 -4.444214393502e-03, -5.598794481354e-03, -5.604382314079e-03,
 -4.508010920821e-03, -3.448324470437e-03, -3.496174112369e-03,
 -4.592891503647e-03, -5.638576436994e-03, -5.613257632877e-03,
 -4.589510306330e-03, -3.631540842013e-03, -3.709335560494e-03,
 -4.734486591206e-03, -5.675821051454e-03, -5.612579000513e-03,
 -4.650756018300e-03, -3.790914109564e-03, -3.905341228638e-03,
 -4.868998771144e-03, -5.709890569744e-03, -5.603600587765e-03,
 -4.695514006782e-03, -3.930862912689e-03, -4.086756904949e-03,
 -4.996426192346e-03, -5.739961228311e-03, -5.587150343032e-03,
 -4.727043558887e-03, -4.055426609789e-03, -4.255973341516e-03,
 -5.116701422967e-03, -5.765090719279e-03, -5.563791824187e-03,
 -4.748228901320e-03, -4.168276489178e-03, -4.415125183618e-03,
 -5.229632570476e-03, -5.784269144659e-03, -5.533962658291e-03,
 -4.761698933649e-03, -4.272733115865e-03, -4.566025450544e-03,
 -5.334854257718e-03, -5.796464622374e-03, -5.498095219046e-03,
 -4.769929084116e-03, -4.371777939717e-03, -4.710108795635e-03,
 -5.431791959246e-03, -5.800672190635e-03, -5.456723787063e-03,
 -4.775320974506e-03, -4.468051045418e-03, -4.848379782789e-03,
 -5.519643341266e-03, -5.795972387943e-03, -5.410580380357e-03,
 -4.780256060492e-03, -4.563829901620e-03, -4.981365435036e-03,
 -5.597380761653e-03, -5.781603688753e-03, -5.360678932234e-03,
 -4.787119299504e-03, -4.660986609068e-03, -5.109074308084e-03,
 -5.663779606643e-03, -5.757050613887e-03, -5.308384749725e-03,
 -4.798288702908e-03, -4.760923850927e-03, -5.230967275576e-03,
 -5.717477317724e-03, -5.722146574740e-03, -5.255463397646e-03,
 -4.816086816568e-03, -4.864492816061e-03, -5.345947962631e-03,
 -5.757067431755e-03, -5.677187184443e-03, -5.204100564750e-03,
 -4.842691174211e-03, -4.971899973988e-03, -5.452383086560e-03,
 -5.781231350383e-03, -5.623045821803e-03, -5.156882441717e-03,
 -4.880002986489e-03, -5.082613741926e-03, -5.548164465772e-03,
 -5.788907525879e-03, -5.561278786864e-03, -5.116725168225e-03,
 -4.929477097964e-03, -5.195286585103e-03, -5.630824596562e-03,
 -5.779493037682e-03, -5.494202800431e-03, -5.086742614139e-03,
 -4.991921764532e-03, -5.307712445877e-03, -5.697715810978e-03,
 -5.753066063175e-03, -5.424923524483e-03, -5.070044845191e-03,
 -5.067284018143e-03, -5.416842794922e-03, -5.746258424669e-03,
 -5.710609744664e-03, -5.357291195278e-03, -5.069465751415e-03,
 -5.154444859926e-03, -5.518885912881e-03, -5.774255378167e-03,
 -5.654209111349e-03, -5.295759633523e-03, -5.087227936578e-03,
 -5.251057296700e-03, -5.609511857628e-03]
dQ per increment:
[-2.303445896935e-07, -3.737145369089e-07, -2.283549950933e-07,
  6.305170112452e-08,  2.150937552111e-07,  7.990028732391e-08,
 -2.084242085049e-07, -3.664773042503e-07, -2.399387621110e-07,
  4.614098047476e-08,  2.117009113476e-07,  9.689510160199e-08,
 -1.826187498049e-07, -3.513829642211e-07, -2.450291769021e-07,
  3.033546556530e-08,  2.049763585094e-07,  1.110117306756e-07,
 -1.550299757133e-07, -3.301427211931e-07, -2.439696191038e-07,
  1.639555426841e-08,  1.954990783409e-07,  1.214994547454e-07,
 -1.276947290724e-07, -3.048688196460e-07, -2.376692300205e-07,
  4.792022993260e-09,  1.840388794716e-07,  1.280942077677e-07,
 -1.022653350084e-07, -2.776644927207e-07, -2.273371804587e-07,
 -4.279821998535e-09,  1.714289219086e-07,  1.309683700288e-07,
 -7.985172656823e-08, -2.503246558142e-07, -2.142349204326e-07,
 -1.084738411247e-08,  1.584479067014e-07,  1.306002499210e-07,
 -6.101955821701e-08, -2.241889704440e-07, -1.995010053563e-07,
 -1.509354093793e-08,  1.457387308226e-07,  1.276224479096e-07,
 -4.588924855950e-08, -2.001249774365e-07, -1.840592551367e-07,
 -1.729187853322e-08,  1.337709228935e-07,  1.226934771294e-07,
 -3.427311845569e-08, -1.785916474636e-07, -1.685938165394e-07,
 -1.775376124932e-08,  1.228404726272e-07,  1.164114519568e-07,
 -2.580565765589e-08, -1.597360211165e-07, -1.535663948131e-07,
 -1.679050413463e-08,  1.130923751921e-07,  1.092694205751e-07,
 -2.004501912893e-08, -1.434900750025e-07, -1.392533613949e-07,
 -1.469007675226e-08,  1.045533624044e-07,  1.016422897255e-07,
 -1.654100056014e-08, -1.296522185693e-07, -1.257883024876e-07,
 -1.170519751091e-08,  9.716509228631e-08,  9.379361490171e-08,
 -1.487427096812e-08, -1.179478545097e-07, -1.132015734467e-07,
 -8.050420379803e-09,  9.081268954100e-08,  8.589211769735e-08,
 -1.467435067383e-08, -1.080710673802e-07, -1.014535110436e-07,
 -3.904481047506e-09,  8.534696245392e-08,  7.803175067342e-08,
 -1.562353778208e-08, -9.971068657940e-08, -9.046070717413e-08,
  5.839268157545e-10,  8.060031384417e-08,  7.025135185992e-08,
 -1.745300054696e-08, -9.256527907370e-08, -8.011598286953e-08,
  5.288956048295e-09,  7.639736736547e-08,  6.255220588594e-08,
 -1.993441190199e-08, -8.635090077182e-08, -7.030356236320e-08,
  1.009977830708e-08,  7.256191040736e-08,  5.491314227597e-08,
 -2.287032066462e-08, -8.080429543707e-08, -6.091042770683e-08,
  1.491329992831e-08,  6.892140295544e-08,  4.730323838794e-08,
 -2.608426303207e-08, -7.568391480108e-08, -5.183528438337e-08,
  1.962741622615e-08,  6.531012132754e-08,  3.969257071895e-08,
 -2.941203097436e-08, -7.077007619684e-08, -4.299583785967e-08,
  2.413564253317e-08,  6.157211036167e-08,  3.206142777266e-08,
 -3.269431946441e-08, -6.586573788464e-08, -3.433505970686e-08,
  2.832297230429e-08,  5.756455508273e-08,  2.440847425957e-08,
 -3.577138624894e-08, -6.079799217806e-08, -2.582672045150e-08,
  3.206356326019e-08,  5.316200673948e-08,  1.675781689152e-08,
 -3.847984314433e-08, -5.542129094191e-08, -1.748021510872e-08,
  3.522051618497e-08,  4.826194963982e-08,  9.164972301478e-09,
 -4.065215378820e-08, -4.962225960171e-08, -9.344628259557e-09,
  3.764813782167e-08,  4.279176034263e-08,  1.721530753888e-09,
 -4.211903883306e-08, -4.332600521666e-08, -1.511265309076e-09,
  3.919698187815e-08,  3.671681065437e-08, -5.442147849553e-09,
 -4.271509123407e-08, -3.650385619995e-08,  5.885719669453e-09,
  3.972202878167e-08,  3.004932807617e-08, -1.215687048771e-08,
 -4.228784965515e-08, -2.918145639713e-08,  1.267170678804e-08,
  3.909421967489e-08,  2.285718243237e-08, -1.821821416469e-08,
 -4.071024553055e-08, -2.144663815637e-08,  1.863781259534e-08,
  3.721494434665e-08,  1.527154354364e-08, -2.339443457618e-08,
 -3.789598118555e-08, -1.345526241120e-08,  2.355192775961e-08,
  3.403317385721e-08,  7.491500678483e-09, -2.743986154442e-08,
 -3.381709327410e-08, -5.433546619582e-09,  2.717534480431e-08,
  2.956380423108e-08, -2.156552861635e-10, -3.011402925635e-08,
 -2.852204394194e-08,  2.325176557370e-09,  2.928503450416e-08,
  2.390557781243e-08, -7.521049739598e-09, -3.120651519140e-08,
 -2.215213877783e-08,  9.471303023117e-09,  2.970128797335e-08,
  1.725574105653e-08, -1.404927362381e-08, -3.056650947370e-08,
 -1.495334088931e-08,  1.561900356273e-08]

EXP trajectory 36
outcomes: (0, 0, 0, 0, 0, 0, 0, 0, 0, 0, 0, 0, 0, 0, 0, 0, 0, 0, 0, 0, 0, 0, 0, 0, 0, 0, 0, 0, 0, 0, 0, 0, 0, 0, 0, 0, 0, 0, 0, 0, 0, 0, 0, 0, 0, 0, 0, 0, 0, 0, 0, 0, 0, 0, 0, 0, 0, 0, 0, 0, 0, 0, 0, 0, 0, 0, 0, 0, 0, 0, 0, 0, 0, 0, 0, 0, 0, 0, 0, 0, 0, 0, 0, 0, 0, 0, 0, 0, 0, 0, 0, 0, 0, 0, 0, 0, 0, 0, 0, 0, 0, 0, 0, 0, 0, 0, 0, 0, 0, 0, 0, 0, 0, 0, 0, 0, 0, 0, 0, 0, 0, 0, 0, 0, 0, 0, 0, 0, 0, 0, 0, 0, 0, 0, 0, 0, 0, 0, 0, 0, 0, 0, 0, 0, 0, 0, 0, 0, 0, 0, 0, 0, 0, 0, 0, 0, 0, 0, 0, 0, 0, 0, 0, 0, 0, 0, 0, 0, 0, 0, 0, 0, 0, 0, 0, 0, 0, 0, 0, 0, 0, 0, 0, 0, 0, 0, 0, 0, 0, 0, 0, 0, 0, 0, 0, 0, 0, 0, 0, 0, 0)
p_seq: 0.9922287100657725
DeltaW_total: 0.5301603849893777
DeltaQ_total: -7.719151607382571e-07
dW per increment:
[ 3.471592021139e-03,  3.489908428906e-03,  3.499542792703e-03,
  3.497028079165e-03,  3.482376576295e-03,  3.459130024005e-03,
  3.433383333258e-03,  3.412051153308e-03,  3.400870158988e-03,
  3.402713397428e-03,  3.416710422060e-03,  3.438440127699e-03,
  3.461156066964e-03,  3.477704457890e-03,  3.482589830842e-03,
  3.473592845747e-03,  3.452465789282e-03,  3.424490918368e-03,
  3.397012033791e-03,  3.377347524109e-03,  3.370677421085e-03,
  3.378513174559e-03,  3.398199992864e-03,  3.423611057194e-03,
  3.446852446881e-03,  3.460504343055e-03,  3.459762855192e-03,
  3.443865714532e-03,  3.416381169661e-03,  3.384258974910e-03,
  3.355895587678e-03,  3.338751958154e-03,  3.337198766859e-03,
  3.351209489162e-03,  3.376289061208e-03,  3.404679028904e-03,
  3.427516203855e-03,  3.437344543505e-03,  3.430269528167e-03,
  3.407134656928e-03,  3.373368109511e-03,  3.337520432696e-03,
  3.308886893812e-03,  3.294874975238e-03,  3.298860968572e-03,
  3.319153244814e-03,  3.349376115514e-03,  3.380190563458e-03,
  3.401887676162e-03,  3.407135342613e-03,  3.393102892362e-03,
  3.362350867906e-03,  3.322211620397e-03,  3.282808163888e-03,
  3.254246028792e-03,  3.243755899954e-03,  3.253592696122e-03,
  3.280298007542e-03,  3.315559617075e-03,  3.348456266833e-03,
  3.368481985007e-03,  3.368513748836e-03,  3.346886605744e-03,
  3.307975511301e-03,  3.261091189071e-03,  3.217966880079e-03,
  3.189513415307e-03,  3.182738183902e-03,  3.198694951738e-03,
  3.232059665013e-03,  3.272483945990e-03,  3.307383733533e-03,
  3.325412546804e-03,  3.319662631013e-03,  3.289694066233e-03,
  3.241800872546e-03,  3.187402894879e-03,  3.139972437395e-03,
  3.111321225571e-03,  3.108268423539e-03,  3.130625578207e-03,
  3.171087622738e-03,  3.217101601967e-03,  3.254236837567e-03,
  3.270153219708e-03,  3.258079009022e-03,  3.218822165143e-03,
  3.160724633602e-03,  3.097526103314e-03,  3.044681909479e-03,
  3.015119583406e-03,  3.015595627069e-03,  3.044674015911e-03,
  3.092922697300e-03,  3.145325235042e-03,  3.185293245780e-03,
  3.199209648496e-03,  3.180261868129e-03,  3.130491228227e-03,
  3.060451242069e-03,  2.986511653903e-03,  2.926493760558e-03,
  2.894797634664e-03,  2.898349028616e-03,  2.934500145301e-03,
  2.991509053373e-03,  3.051529780597e-03,  3.095354689673e-03,
  3.107651809330e-03,  3.081273406748e-03,  3.019431538554e-03,
  2.935090631766e-03,  2.847672669210e-03,  2.777908084836e-03,
  2.742193359676e-03,  2.747985388865e-03,  2.791518166976e-03,
  2.858525885362e-03,  2.927853454429e-03,  2.977044695097e-03,
  2.988435731169e-03,  2.954105340171e-03,  2.878302659440e-03,
  2.776623704852e-03,  2.672074159671e-03,  2.589006798452e-03,
  2.546526078143e-03,  2.553139435749e-03,  2.604143225854e-03,
  2.682527892720e-03,  2.763252167938e-03,  2.819817430039e-03,
  2.831420422943e-03,  2.788759249169e-03,  2.696880788532e-03,
  2.574216128261e-03,  2.447960511557e-03,  2.346948888391e-03,
  2.293887735815e-03,  2.299028805124e-03,  2.357037084202e-03,
  2.447988826900e-03,  2.542343890347e-03,  2.608657615212e-03,
  2.622023091986e-03,  2.570982335142e-03,  2.460996823311e-03,
  2.313445207076e-03,  2.160295862955e-03,  2.035773856782e-03,
  1.967189110980e-03,  1.967377690381e-03,  2.030839102211e-03,
  2.134711463212e-03,  2.244452053180e-03,  2.322818203632e-03,
  2.339816139038e-03,  2.280962674844e-03,  2.151589596803e-03,
  1.975927794776e-03,  1.791082260642e-03,  1.637388648561e-03,
  1.547655126121e-03,  1.538156981326e-03,  1.603851242365e-03,
  1.719203159876e-03,  1.844539149339e-03,  1.936350438971e-03,
  1.958870131821e-03,  1.893840379415e-03,  1.745802062390e-03,
  1.541383878163e-03,  1.322648938199e-03,  1.136157894393e-03,
  1.020596391918e-03,  9.962611938334e-04,  1.059267056423e-03,
  1.182123606188e-03,  1.320649646217e-03,  1.425486451986e-03,
  1.455202128376e-03,  1.387497275168e-03,  1.225472717563e-03,
  9.971977101273e-04,  7.485906989935e-04,  5.314232441034e-04,
  3.895953828525e-04,  3.473390862094e-04,  4.025362268560e-04,
  5.270024193518e-04,  6.737378879755e-04,  7.892749176577e-04,
  8.278638852808e-04,  7.637162381879e-04,  5.980127755283e-04,
  3.587656806161e-04,  9.352727539280e-05, -1.431430554426e-04,
 -3.041275490840e-04, -3.622613342138e-04]
dQ per increment:
[-4.162499281889e-10, -8.896106024146e-10, -1.150365450901e-09,
 -1.119499371026e-09, -8.017114363872e-10, -2.854011209221e-10,
  2.817411198005e-10,  7.346852466672e-10,  9.387861848575e-10,
  8.293747238465e-10,  4.317194960898e-10, -1.448441436236e-10,
 -7.371924537827e-10, -1.174808945655e-09, -1.329034235095e-09,
 -1.151043532190e-09, -6.872767344384e-10, -6.770972259436e-11,
  5.302931824127e-10,  9.324338183080e-10,  1.017739948740e-09,
  7.544377596605e-10,  2.106795235230e-10, -4.633608275718e-10,
 -1.077278702008e-09, -1.454444851882e-09, -1.483146725226e-09,
 -1.149750651023e-09, -5.444651461455e-10,  1.627159518236e-10,
  7.692836975076e-10,  1.097732246682e-09,  1.046806066742e-09,
  6.219700737515e-10, -6.424148084154e-11, -8.223532087497e-10,
 -1.438696809472e-09, -1.736003174763e-09, -1.624659441484e-09,
 -1.129985244047e-09, -3.872032243446e-10,  3.949908562121e-10,
  9.924150062932e-10,  1.228965977379e-09,  1.027606012869e-09,
  4.342072565215e-10, -3.930365965413e-10, -1.226302503987e-09,
 -1.831469573221e-09, -2.034275635963e-09, -1.771094322090e-09,
 -1.109046903792e-09, -2.297496703519e-10,  6.197848268679e-10,
  1.195609350781e-09,  1.325903041874e-09,  9.609855062317e-10,
  1.898597915169e-10, -7.819716846703e-10, -1.687972207755e-09,
 -2.274458441357e-09, -2.372298596822e-09, -1.946316578391e-09,
 -1.108130204134e-09, -8.788011963100e-11,  8.278031121906e-10,
  1.375126465605e-09,  1.387593028218e-09,  8.449351906071e-10,
 -1.179749739739e-10, -1.245528577086e-09, -2.230182377639e-09,
 -2.797417589890e-09, -2.783264836811e-09, -2.182712286630e-09,
 -1.154690626643e-09,  1.848150256965e-11,  1.007075776070e-09,
  1.524811284832e-09,  1.409685400963e-09,  6.720105674186e-10,
 -5.043356700145e-10, -1.809080356005e-09, -2.888766425070e-09,
 -3.444073949535e-09, -3.314266422069e-09, -2.525231771627e-09,
 -1.286807543984e-09,  6.091396397706e-11,  1.138674581274e-09,
  1.632213696449e-09,  1.380856694505e-09,  4.259249140447e-10,
 -9.957806811111e-10, -2.512438025530e-09, -3.716654182117e-09,
 -4.277095541237e-09, -4.031890774589e-09, -3.037739189859e-09,
 -1.559839068023e-09, -4.252590684109e-12,  1.190366060279e-09,
  1.672683262624e-09,  1.277688897608e-09,  7.696324361237e-11,
 -1.634709982288e-09, -3.414479586117e-09, -4.789137933664e-09,
 -5.384251458313e-09, -5.029593117207e-09, -3.811371310355e-09,
 -2.055589063115e-09, -2.452423984375e-10,  1.107648860436e-09,
  1.601447945608e-09,  1.057747350862e-09, -4.235767115746e-10,
 -2.484049972011e-09, -4.597305546666e-09, -6.208251334891e-09,
 -6.883759853696e-09, -6.434333082561e-09, -4.972713608454e-09,
 -2.891642708429e-09, -7.648842309852e-10,  8.039711157557e-10,
  1.344938719585e-09,  6.533288375360e-10, -1.146929996289e-09,
 -3.627707477732e-09, -6.164185111890e-09, -8.099032094175e-09,
 -8.920022792343e-09, -8.403247392201e-09, -6.682242508838e-09,
 -4.222090052846e-09, -1.702953441999e-09,  1.580449441566e-10,
  7.999735234594e-10, -2.541834012151e-11, -2.177528917650e-09,
 -5.153715727075e-09, -8.214815033292e-09, -1.057815380239e-08,
 -1.162794102119e-08, -1.108636406982e-08, -9.098355708268e-09,
 -6.204550423894e-09, -3.206554669358e-09, -9.581034671690e-10,
 -1.362147177279e-10, -1.053687524819e-09, -3.564473850305e-09,
 -7.090295248710e-09, -1.076435048064e-08, -1.365679795547e-08,
 -1.502321314291e-08, -1.450997250271e-08, -1.225986503723e-08,
 -8.886758989389e-09, -5.322999759505e-09, -2.577055568562e-09,
 -1.464373694244e-09, -2.383343793589e-09, -5.197650157821e-09,
 -9.259487325161e-09, -1.357071213205e-08, -1.704212612827e-08,
 -1.878325633751e-08, -1.834574921275e-08, -1.585348721256e-08,
 -1.198212082093e-08, -7.790004033709e-09, -4.442781968163e-09,
 -2.903410314037e-09, -3.669984503199e-09, -6.633082979418e-09,
 -1.109317028102e-08, -1.593638639276e-08, -1.992480923194e-08,
 -2.202492055533e-08, -2.168710557866e-08, -1.900009278898e-08,
 -1.467697692927e-08, -9.873976274577e-09, -5.887856854034e-09,
 -3.811810043823e-09, -4.241221069929e-09, -7.109023713453e-09,
 -1.169617381929e-08, -1.681661000697e-08, -2.112857068806e-08,
 -2.349046674755e-08, -2.326613114049e-08, -2.049746850095e-08,
 -1.589733521884e-08, -1.066352138058e-08, -6.162604999763e-09,
 -3.567670676247e-09, -3.546470450644e-09]

================================================================================
TRAJECTORY 37
================================================================================

COMP trajectory 37
outcomes: (0, 0, 0, 0, 0, 0, 0, 0, 0, 0, 0, 0, 0, 0, 0, 0, 0, 0, 0, 0, 0, 0, 0, 0, 0, 0, 0, 0, 0, 0, 0, 0, 0, 0, 0, 0, 0, 0, 0, 0, 0, 0, 0, 0, 0, 0, 0, 0, 0, 0, 0, 0, 0, 0, 0, 0, 0, 0, 0, 0, 0, 0, 0, 0, 0, 0, 0, 0, 0, 0, 0, 0, 0, 0, 0, 0, 0, 0, 0, 0, 0, 0, 0, 0, 0, 0, 0, 0, 0, 0, 0, 0, 0, 0, 0, 0, 0, 0, 0, 0, 0, 0, 0, 0, 0, 0, 0, 0, 0, 0, 0, 0, 0, 0, 0, 0, 0, 0, 0, 0, 0, 0, 0, 0, 0, 0, 0, 0, 0, 0, 0, 0, 0, 0, 0, 0, 0, 0, 0, 0, 0, 0, 0, 0, 0, 0, 0, 0, 0, 0, 0, 0, 0, 0, 0, 0, 0, 0, 0, 0, 0, 0, 0, 0, 0, 0, 0, 0, 0, 0, 0, 0, 0, 0, 0, 0, 0, 0, 0, 0, 0, 0, 0, 0, 0, 0, 0, 0, 0, 0, 0, 0, 0, 0, 0, 0, 0, 0, 0, 0, 0)
p_seq: 0.9711646393507506
DeltaW_total: -0.8254703559926213
DeltaQ_total: -4.164499868344711e-06
dW per increment:
[ 1.573221825758e-03,  3.134225698634e-03,  1.495191472248e-03,
 -1.818410173470e-03, -3.643019679057e-03, -2.283259703793e-03,
  8.314121654003e-04,  2.560741646251e-03,  1.138127896114e-03,
 -2.107932878062e-03, -4.075018812387e-03, -2.935493525278e-03,
  8.680979657250e-05,  1.941298909479e-03,  7.505793541434e-04,
 -2.367704122973e-03, -4.427071274868e-03, -3.511588823436e-03,
 -6.325205688213e-04,  1.298855175149e-03,  3.396538452147e-04,
 -2.603516238699e-03, -4.703663861903e-03, -4.002026710845e-03,
 -1.303484448567e-03,  6.567724896147e-04, -8.510182655641e-05,
 -2.821587458538e-03, -4.914835379770e-03, -4.405884661647e-03,
 -1.910183305348e-03,  3.565060464972e-05, -5.132371009751e-04,
 -3.027298470332e-03, -5.073339001779e-03, -4.728865907634e-03,
 -2.444275699512e-03, -5.486423046008e-04, -9.348428529350e-04,
 -3.224521673861e-03, -5.192133571619e-03, -4.980712787173e-03,
 -2.903939336665e-03, -1.085625631404e-03, -1.341595073573e-03,
 -3.415530324414e-03, -5.282703324543e-03, -5.172819604123e-03,
 -3.292147499682e-03, -1.569847932078e-03, -1.727294307221e-03,
 -3.601287952193e-03, -5.354258896261e-03, -5.316473076707e-03,
 -3.614869638918e-03, -1.999957734029e-03, -2.087961498690e-03,
 -3.781885391360e-03, -5.413607311841e-03, -5.421796081443e-03,
 -3.879557404957e-03, -2.377593005731e-03, -2.421629721690e-03,
 -3.956956462901e-03, -5.465411011832e-03, -5.497269492576e-03,
 -4.094047385047e-03, -2.706343493434e-03, -2.727977972208e-03,
 -4.125989748825e-03, -5.512605403135e-03, -5.549645193128e-03,
 -4.265865411639e-03, -2.990908361619e-03, -3.007920527587e-03,
 -4.288519595002e-03, -5.556829053388e-03, -5.584081868419e-03,
 -4.401851463516e-03, -3.236478843183e-03, -3.263222340834e-03,
 -4.444214393502e-03, -5.598794481354e-03, -5.604382314079e-03,
 -4.508010920821e-03, -3.448324470437e-03, -3.496174112369e-03,
 -4.592891503647e-03, -5.638576436994e-03, -5.613257632877e-03,
 -4.589510306330e-03, -3.631540842013e-03, -3.709335560494e-03,
 -4.734486591206e-03, -5.675821051454e-03, -5.612579000513e-03,
 -4.650756018300e-03, -3.790914109564e-03, -3.905341228638e-03,
 -4.868998771144e-03, -5.709890569744e-03, -5.603600587765e-03,
 -4.695514006782e-03, -3.930862912689e-03, -4.086756904949e-03,
 -4.996426192346e-03, -5.739961228311e-03, -5.587150343032e-03,
 -4.727043558887e-03, -4.055426609789e-03, -4.255973341516e-03,
 -5.116701422967e-03, -5.765090719279e-03, -5.563791824187e-03,
 -4.748228901320e-03, -4.168276489178e-03, -4.415125183618e-03,
 -5.229632570476e-03, -5.784269144659e-03, -5.533962658291e-03,
 -4.761698933649e-03, -4.272733115865e-03, -4.566025450544e-03,
 -5.334854257718e-03, -5.796464622374e-03, -5.498095219046e-03,
 -4.769929084116e-03, -4.371777939717e-03, -4.710108795635e-03,
 -5.431791959246e-03, -5.800672190635e-03, -5.456723787063e-03,
 -4.775320974506e-03, -4.468051045418e-03, -4.848379782789e-03,
 -5.519643341266e-03, -5.795972387943e-03, -5.410580380357e-03,
 -4.780256060492e-03, -4.563829901620e-03, -4.981365435036e-03,
 -5.597380761653e-03, -5.781603688753e-03, -5.360678932234e-03,
 -4.787119299504e-03, -4.660986609068e-03, -5.109074308084e-03,
 -5.663779606643e-03, -5.757050613887e-03, -5.308384749725e-03,
 -4.798288702908e-03, -4.760923850927e-03, -5.230967275576e-03,
 -5.717477317724e-03, -5.722146574740e-03, -5.255463397646e-03,
 -4.816086816568e-03, -4.864492816061e-03, -5.345947962631e-03,
 -5.757067431755e-03, -5.677187184443e-03, -5.204100564750e-03,
 -4.842691174211e-03, -4.971899973988e-03, -5.452383086560e-03,
 -5.781231350383e-03, -5.623045821803e-03, -5.156882441717e-03,
 -4.880002986489e-03, -5.082613741926e-03, -5.548164465772e-03,
 -5.788907525879e-03, -5.561278786864e-03, -5.116725168225e-03,
 -4.929477097964e-03, -5.195286585103e-03, -5.630824596562e-03,
 -5.779493037682e-03, -5.494202800431e-03, -5.086742614139e-03,
 -4.991921764532e-03, -5.307712445877e-03, -5.697715810978e-03,
 -5.753066063175e-03, -5.424923524483e-03, -5.070044845191e-03,
 -5.067284018143e-03, -5.416842794922e-03, -5.746258424669e-03,
 -5.710609744664e-03, -5.357291195278e-03, -5.069465751415e-03,
 -5.154444859926e-03, -5.518885912881e-03, -5.774255378167e-03,
 -5.654209111349e-03, -5.295759633523e-03, -5.087227936578e-03,
 -5.251057296700e-03, -5.609511857628e-03]
dQ per increment:
[-2.303445896935e-07, -3.737145369089e-07, -2.283549950933e-07,
  6.305170112452e-08,  2.150937552111e-07,  7.990028732391e-08,
 -2.084242085049e-07, -3.664773042503e-07, -2.399387621110e-07,
  4.614098047476e-08,  2.117009113476e-07,  9.689510160199e-08,
 -1.826187498049e-07, -3.513829642211e-07, -2.450291769021e-07,
  3.033546556530e-08,  2.049763585094e-07,  1.110117306756e-07,
 -1.550299757133e-07, -3.301427211931e-07, -2.439696191038e-07,
  1.639555426841e-08,  1.954990783409e-07,  1.214994547454e-07,
 -1.276947290724e-07, -3.048688196460e-07, -2.376692300205e-07,
  4.792022993260e-09,  1.840388794716e-07,  1.280942077677e-07,
 -1.022653350084e-07, -2.776644927207e-07, -2.273371804587e-07,
 -4.279821998535e-09,  1.714289219086e-07,  1.309683700288e-07,
 -7.985172656823e-08, -2.503246558142e-07, -2.142349204326e-07,
 -1.084738411247e-08,  1.584479067014e-07,  1.306002499210e-07,
 -6.101955821701e-08, -2.241889704440e-07, -1.995010053563e-07,
 -1.509354093793e-08,  1.457387308226e-07,  1.276224479096e-07,
 -4.588924855950e-08, -2.001249774365e-07, -1.840592551367e-07,
 -1.729187853322e-08,  1.337709228935e-07,  1.226934771294e-07,
 -3.427311845569e-08, -1.785916474636e-07, -1.685938165394e-07,
 -1.775376124932e-08,  1.228404726272e-07,  1.164114519568e-07,
 -2.580565765589e-08, -1.597360211165e-07, -1.535663948131e-07,
 -1.679050413463e-08,  1.130923751921e-07,  1.092694205751e-07,
 -2.004501912893e-08, -1.434900750025e-07, -1.392533613949e-07,
 -1.469007675226e-08,  1.045533624044e-07,  1.016422897255e-07,
 -1.654100056014e-08, -1.296522185693e-07, -1.257883024876e-07,
 -1.170519751091e-08,  9.716509228631e-08,  9.379361490171e-08,
 -1.487427096812e-08, -1.179478545097e-07, -1.132015734467e-07,
 -8.050420379803e-09,  9.081268954100e-08,  8.589211769735e-08,
 -1.467435067383e-08, -1.080710673802e-07, -1.014535110436e-07,
 -3.904481047506e-09,  8.534696245392e-08,  7.803175067342e-08,
 -1.562353778208e-08, -9.971068657940e-08, -9.046070717413e-08,
  5.839268157545e-10,  8.060031384417e-08,  7.025135185992e-08,
 -1.745300054696e-08, -9.256527907370e-08, -8.011598286953e-08,
  5.288956048295e-09,  7.639736736547e-08,  6.255220588594e-08,
 -1.993441190199e-08, -8.635090077182e-08, -7.030356236320e-08,
  1.009977830708e-08,  7.256191040736e-08,  5.491314227597e-08,
 -2.287032066462e-08, -8.080429543707e-08, -6.091042770683e-08,
  1.491329992831e-08,  6.892140295544e-08,  4.730323838794e-08,
 -2.608426303207e-08, -7.568391480108e-08, -5.183528438337e-08,
  1.962741622615e-08,  6.531012132754e-08,  3.969257071895e-08,
 -2.941203097436e-08, -7.077007619684e-08, -4.299583785967e-08,
  2.413564253317e-08,  6.157211036167e-08,  3.206142777266e-08,
 -3.269431946441e-08, -6.586573788464e-08, -3.433505970686e-08,
  2.832297230429e-08,  5.756455508273e-08,  2.440847425957e-08,
 -3.577138624894e-08, -6.079799217806e-08, -2.582672045150e-08,
  3.206356326019e-08,  5.316200673948e-08,  1.675781689152e-08,
 -3.847984314433e-08, -5.542129094191e-08, -1.748021510872e-08,
  3.522051618497e-08,  4.826194963982e-08,  9.164972301478e-09,
 -4.065215378820e-08, -4.962225960171e-08, -9.344628259557e-09,
  3.764813782167e-08,  4.279176034263e-08,  1.721530753888e-09,
 -4.211903883306e-08, -4.332600521666e-08, -1.511265309076e-09,
  3.919698187815e-08,  3.671681065437e-08, -5.442147849553e-09,
 -4.271509123407e-08, -3.650385619995e-08,  5.885719669453e-09,
  3.972202878167e-08,  3.004932807617e-08, -1.215687048771e-08,
 -4.228784965515e-08, -2.918145639713e-08,  1.267170678804e-08,
  3.909421967489e-08,  2.285718243237e-08, -1.821821416469e-08,
 -4.071024553055e-08, -2.144663815637e-08,  1.863781259534e-08,
  3.721494434665e-08,  1.527154354364e-08, -2.339443457618e-08,
 -3.789598118555e-08, -1.345526241120e-08,  2.355192775961e-08,
  3.403317385721e-08,  7.491500678483e-09, -2.743986154442e-08,
 -3.381709327410e-08, -5.433546619582e-09,  2.717534480431e-08,
  2.956380423108e-08, -2.156552861635e-10, -3.011402925635e-08,
 -2.852204394194e-08,  2.325176557370e-09,  2.928503450416e-08,
  2.390557781243e-08, -7.521049739598e-09, -3.120651519140e-08,
 -2.215213877783e-08,  9.471303023117e-09,  2.970128797335e-08,
  1.725574105653e-08, -1.404927362381e-08, -3.056650947370e-08,
 -1.495334088931e-08,  1.561900356273e-08]

EXP trajectory 37
outcomes: (0, 0, 0, 0, 0, 0, 0, 0, 0, 0, 0, 0, 0, 0, 0, 0, 0, 0, 0, 0, 0, 0, 0, 0, 0, 0, 0, 0, 0, 0, 0, 0, 0, 0, 0, 0, 0, 0, 0, 0, 0, 0, 0, 0, 0, 0, 0, 0, 0, 0, 0, 0, 0, 0, 0, 0, 0, 0, 0, 0, 0, 0, 0, 0, 0, 0, 0, 0, 0, 0, 0, 0, 0, 0, 0, 0, 0, 0, 0, 0, 0, 0, 0, 0, 0, 0, 0, 0, 0, 0, 0, 0, 0, 0, 0, 0, 0, 0, 0, 0, 0, 0, 0, 0, 0, 0, 0, 0, 0, 0, 0, 0, 0, 0, 0, 0, 0, 0, 0, 0, 0, 0, 0, 0, 0, 0, 0, 0, 0, 0, 0, 0, 0, 0, 0, 0, 0, 0, 0, 0, 0, 0, 0, 0, 0, 0, 0, 0, 0, 0, 0, 0, 0, 0, 0, 0, 0, 0, 0, 0, 0, 0, 0, 0, 0, 0, 0, 0, 0, 0, 0, 0, 0, 0, 0, 0, 0, 0, 0, 0, 0, 0, 0, 0, 0, 0, 0, 0, 0, 0, 0, 0, 0, 0, 0, 0, 0, 0, 0, 0, 0)
p_seq: 0.9922287100657725
DeltaW_total: 0.5301603849893777
DeltaQ_total: -7.719151607382571e-07
dW per increment:
[ 3.471592021139e-03,  3.489908428906e-03,  3.499542792703e-03,
  3.497028079165e-03,  3.482376576295e-03,  3.459130024005e-03,
  3.433383333258e-03,  3.412051153308e-03,  3.400870158988e-03,
  3.402713397428e-03,  3.416710422060e-03,  3.438440127699e-03,
  3.461156066964e-03,  3.477704457890e-03,  3.482589830842e-03,
  3.473592845747e-03,  3.452465789282e-03,  3.424490918368e-03,
  3.397012033791e-03,  3.377347524109e-03,  3.370677421085e-03,
  3.378513174559e-03,  3.398199992864e-03,  3.423611057194e-03,
  3.446852446881e-03,  3.460504343055e-03,  3.459762855192e-03,
  3.443865714532e-03,  3.416381169661e-03,  3.384258974910e-03,
  3.355895587678e-03,  3.338751958154e-03,  3.337198766859e-03,
  3.351209489162e-03,  3.376289061208e-03,  3.404679028904e-03,
  3.427516203855e-03,  3.437344543505e-03,  3.430269528167e-03,
  3.407134656928e-03,  3.373368109511e-03,  3.337520432696e-03,
  3.308886893812e-03,  3.294874975238e-03,  3.298860968572e-03,
  3.319153244814e-03,  3.349376115514e-03,  3.380190563458e-03,
  3.401887676162e-03,  3.407135342613e-03,  3.393102892362e-03,
  3.362350867906e-03,  3.322211620397e-03,  3.282808163888e-03,
  3.254246028792e-03,  3.243755899954e-03,  3.253592696122e-03,
  3.280298007542e-03,  3.315559617075e-03,  3.348456266833e-03,
  3.368481985007e-03,  3.368513748836e-03,  3.346886605744e-03,
  3.307975511301e-03,  3.261091189071e-03,  3.217966880079e-03,
  3.189513415307e-03,  3.182738183902e-03,  3.198694951738e-03,
  3.232059665013e-03,  3.272483945990e-03,  3.307383733533e-03,
  3.325412546804e-03,  3.319662631013e-03,  3.289694066233e-03,
  3.241800872546e-03,  3.187402894879e-03,  3.139972437395e-03,
  3.111321225571e-03,  3.108268423539e-03,  3.130625578207e-03,
  3.171087622738e-03,  3.217101601967e-03,  3.254236837567e-03,
  3.270153219708e-03,  3.258079009022e-03,  3.218822165143e-03,
  3.160724633602e-03,  3.097526103314e-03,  3.044681909479e-03,
  3.015119583406e-03,  3.015595627069e-03,  3.044674015911e-03,
  3.092922697300e-03,  3.145325235042e-03,  3.185293245780e-03,
  3.199209648496e-03,  3.180261868129e-03,  3.130491228227e-03,
  3.060451242069e-03,  2.986511653903e-03,  2.926493760558e-03,
  2.894797634664e-03,  2.898349028616e-03,  2.934500145301e-03,
  2.991509053373e-03,  3.051529780597e-03,  3.095354689673e-03,
  3.107651809330e-03,  3.081273406748e-03,  3.019431538554e-03,
  2.935090631766e-03,  2.847672669210e-03,  2.777908084836e-03,
  2.742193359676e-03,  2.747985388865e-03,  2.791518166976e-03,
  2.858525885362e-03,  2.927853454429e-03,  2.977044695097e-03,
  2.988435731169e-03,  2.954105340171e-03,  2.878302659440e-03,
  2.776623704852e-03,  2.672074159671e-03,  2.589006798452e-03,
  2.546526078143e-03,  2.553139435749e-03,  2.604143225854e-03,
  2.682527892720e-03,  2.763252167938e-03,  2.819817430039e-03,
  2.831420422943e-03,  2.788759249169e-03,  2.696880788532e-03,
  2.574216128261e-03,  2.447960511557e-03,  2.346948888391e-03,
  2.293887735815e-03,  2.299028805124e-03,  2.357037084202e-03,
  2.447988826900e-03,  2.542343890347e-03,  2.608657615212e-03,
  2.622023091986e-03,  2.570982335142e-03,  2.460996823311e-03,
  2.313445207076e-03,  2.160295862955e-03,  2.035773856782e-03,
  1.967189110980e-03,  1.967377690381e-03,  2.030839102211e-03,
  2.134711463212e-03,  2.244452053180e-03,  2.322818203632e-03,
  2.339816139038e-03,  2.280962674844e-03,  2.151589596803e-03,
  1.975927794776e-03,  1.791082260642e-03,  1.637388648561e-03,
  1.547655126121e-03,  1.538156981326e-03,  1.603851242365e-03,
  1.719203159876e-03,  1.844539149339e-03,  1.936350438971e-03,
  1.958870131821e-03,  1.893840379415e-03,  1.745802062390e-03,
  1.541383878163e-03,  1.322648938199e-03,  1.136157894393e-03,
  1.020596391918e-03,  9.962611938334e-04,  1.059267056423e-03,
  1.182123606188e-03,  1.320649646217e-03,  1.425486451986e-03,
  1.455202128376e-03,  1.387497275168e-03,  1.225472717563e-03,
  9.971977101273e-04,  7.485906989935e-04,  5.314232441034e-04,
  3.895953828525e-04,  3.473390862094e-04,  4.025362268560e-04,
  5.270024193518e-04,  6.737378879755e-04,  7.892749176577e-04,
  8.278638852808e-04,  7.637162381879e-04,  5.980127755283e-04,
  3.587656806161e-04,  9.352727539280e-05, -1.431430554426e-04,
 -3.041275490840e-04, -3.622613342138e-04]
dQ per increment:
[-4.162499281889e-10, -8.896106024146e-10, -1.150365450901e-09,
 -1.119499371026e-09, -8.017114363872e-10, -2.854011209221e-10,
  2.817411198005e-10,  7.346852466672e-10,  9.387861848575e-10,
  8.293747238465e-10,  4.317194960898e-10, -1.448441436236e-10,
 -7.371924537827e-10, -1.174808945655e-09, -1.329034235095e-09,
 -1.151043532190e-09, -6.872767344384e-10, -6.770972259436e-11,
  5.302931824127e-10,  9.324338183080e-10,  1.017739948740e-09,
  7.544377596605e-10,  2.106795235230e-10, -4.633608275718e-10,
 -1.077278702008e-09, -1.454444851882e-09, -1.483146725226e-09,
 -1.149750651023e-09, -5.444651461455e-10,  1.627159518236e-10,
  7.692836975076e-10,  1.097732246682e-09,  1.046806066742e-09,
  6.219700737515e-10, -6.424148084154e-11, -8.223532087497e-10,
 -1.438696809472e-09, -1.736003174763e-09, -1.624659441484e-09,
 -1.129985244047e-09, -3.872032243446e-10,  3.949908562121e-10,
  9.924150062932e-10,  1.228965977379e-09,  1.027606012869e-09,
  4.342072565215e-10, -3.930365965413e-10, -1.226302503987e-09,
 -1.831469573221e-09, -2.034275635963e-09, -1.771094322090e-09,
 -1.109046903792e-09, -2.297496703519e-10,  6.197848268679e-10,
  1.195609350781e-09,  1.325903041874e-09,  9.609855062317e-10,
  1.898597915169e-10, -7.819716846703e-10, -1.687972207755e-09,
 -2.274458441357e-09, -2.372298596822e-09, -1.946316578391e-09,
 -1.108130204134e-09, -8.788011963100e-11,  8.278031121906e-10,
  1.375126465605e-09,  1.387593028218e-09,  8.449351906071e-10,
 -1.179749739739e-10, -1.245528577086e-09, -2.230182377639e-09,
 -2.797417589890e-09, -2.783264836811e-09, -2.182712286630e-09,
 -1.154690626643e-09,  1.848150256965e-11,  1.007075776070e-09,
  1.524811284832e-09,  1.409685400963e-09,  6.720105674186e-10,
 -5.043356700145e-10, -1.809080356005e-09, -2.888766425070e-09,
 -3.444073949535e-09, -3.314266422069e-09, -2.525231771627e-09,
 -1.286807543984e-09,  6.091396397706e-11,  1.138674581274e-09,
  1.632213696449e-09,  1.380856694505e-09,  4.259249140447e-10,
 -9.957806811111e-10, -2.512438025530e-09, -3.716654182117e-09,
 -4.277095541237e-09, -4.031890774589e-09, -3.037739189859e-09,
 -1.559839068023e-09, -4.252590684109e-12,  1.190366060279e-09,
  1.672683262624e-09,  1.277688897608e-09,  7.696324361237e-11,
 -1.634709982288e-09, -3.414479586117e-09, -4.789137933664e-09,
 -5.384251458313e-09, -5.029593117207e-09, -3.811371310355e-09,
 -2.055589063115e-09, -2.452423984375e-10,  1.107648860436e-09,
  1.601447945608e-09,  1.057747350862e-09, -4.235767115746e-10,
 -2.484049972011e-09, -4.597305546666e-09, -6.208251334891e-09,
 -6.883759853696e-09, -6.434333082561e-09, -4.972713608454e-09,
 -2.891642708429e-09, -7.648842309852e-10,  8.039711157557e-10,
  1.344938719585e-09,  6.533288375360e-10, -1.146929996289e-09,
 -3.627707477732e-09, -6.164185111890e-09, -8.099032094175e-09,
 -8.920022792343e-09, -8.403247392201e-09, -6.682242508838e-09,
 -4.222090052846e-09, -1.702953441999e-09,  1.580449441566e-10,
  7.999735234594e-10, -2.541834012151e-11, -2.177528917650e-09,
 -5.153715727075e-09, -8.214815033292e-09, -1.057815380239e-08,
 -1.162794102119e-08, -1.108636406982e-08, -9.098355708268e-09,
 -6.204550423894e-09, -3.206554669358e-09, -9.581034671690e-10,
 -1.362147177279e-10, -1.053687524819e-09, -3.564473850305e-09,
 -7.090295248710e-09, -1.076435048064e-08, -1.365679795547e-08,
 -1.502321314291e-08, -1.450997250271e-08, -1.225986503723e-08,
 -8.886758989389e-09, -5.322999759505e-09, -2.577055568562e-09,
 -1.464373694244e-09, -2.383343793589e-09, -5.197650157821e-09,
 -9.259487325161e-09, -1.357071213205e-08, -1.704212612827e-08,
 -1.878325633751e-08, -1.834574921275e-08, -1.585348721256e-08,
 -1.198212082093e-08, -7.790004033709e-09, -4.442781968163e-09,
 -2.903410314037e-09, -3.669984503199e-09, -6.633082979418e-09,
 -1.109317028102e-08, -1.593638639276e-08, -1.992480923194e-08,
 -2.202492055533e-08, -2.168710557866e-08, -1.900009278898e-08,
 -1.467697692927e-08, -9.873976274577e-09, -5.887856854034e-09,
 -3.811810043823e-09, -4.241221069929e-09, -7.109023713453e-09,
 -1.169617381929e-08, -1.681661000697e-08, -2.112857068806e-08,
 -2.349046674755e-08, -2.326613114049e-08, -2.049746850095e-08,
 -1.589733521884e-08, -1.066352138058e-08, -6.162604999763e-09,
 -3.567670676247e-09, -3.546470450644e-09]

================================================================================
TRAJECTORY 38
================================================================================

COMP trajectory 38
outcomes: (0, 0, 0, 0, 0, 0, 0, 0, 0, 0, 0, 0, 0, 0, 0, 0, 0, 0, 0, 0, 0, 0, 0, 0, 0, 0, 0, 0, 0, 0, 0, 0, 0, 0, 0, 0, 0, 0, 0, 0, 0, 0, 0, 0, 0, 0, 0, 0, 0, 0, 0, 0, 0, 0, 0, 0, 0, 0, 0, 0, 0, 0, 0, 0, 0, 0, 0, 0, 0, 0, 0, 0, 0, 0, 0, 0, 0, 0, 0, 0, 0, 0, 0, 0, 0, 0, 0, 0, 0, 0, 0, 0, 0, 0, 0, 0, 0, 0, 0, 0, 0, 0, 0, 0, 0, 0, 0, 0, 0, 0, 0, 0, 0, 0, 0, 0, 0, 0, 0, 0, 0, 0, 0, 0, 0, 0, 0, 0, 0, 0, 0, 0, 0, 0, 0, 0, 0, 0, 0, 0, 0, 0, 0, 0, 0, 0, 0, 0, 0, 0, 0, 0, 0, 0, 0, 0, 0, 0, 0, 0, 0, 0, 0, 0, 0, 0, 0, 0, 0, 0, 0, 0, 0, 0, 0, 0, 0, 0, 0, 0, 0, 0, 0, 0, 0, 0, 0, 0, 0, 0, 0, 0, 0, 0, 0, 0, 0, 0, 0, 0, 0)
p_seq: 0.9711646393507506
DeltaW_total: -0.8254703559926213
DeltaQ_total: -4.164499868344711e-06
dW per increment:
[ 1.573221825758e-03,  3.134225698634e-03,  1.495191472248e-03,
 -1.818410173470e-03, -3.643019679057e-03, -2.283259703793e-03,
  8.314121654003e-04,  2.560741646251e-03,  1.138127896114e-03,
 -2.107932878062e-03, -4.075018812387e-03, -2.935493525278e-03,
  8.680979657250e-05,  1.941298909479e-03,  7.505793541434e-04,
 -2.367704122973e-03, -4.427071274868e-03, -3.511588823436e-03,
 -6.325205688213e-04,  1.298855175149e-03,  3.396538452147e-04,
 -2.603516238699e-03, -4.703663861903e-03, -4.002026710845e-03,
 -1.303484448567e-03,  6.567724896147e-04, -8.510182655641e-05,
 -2.821587458538e-03, -4.914835379770e-03, -4.405884661647e-03,
 -1.910183305348e-03,  3.565060464972e-05, -5.132371009751e-04,
 -3.027298470332e-03, -5.073339001779e-03, -4.728865907634e-03,
 -2.444275699512e-03, -5.486423046008e-04, -9.348428529350e-04,
 -3.224521673861e-03, -5.192133571619e-03, -4.980712787173e-03,
 -2.903939336665e-03, -1.085625631404e-03, -1.341595073573e-03,
 -3.415530324414e-03, -5.282703324543e-03, -5.172819604123e-03,
 -3.292147499682e-03, -1.569847932078e-03, -1.727294307221e-03,
 -3.601287952193e-03, -5.354258896261e-03, -5.316473076707e-03,
 -3.614869638918e-03, -1.999957734029e-03, -2.087961498690e-03,
 -3.781885391360e-03, -5.413607311841e-03, -5.421796081443e-03,
 -3.879557404957e-03, -2.377593005731e-03, -2.421629721690e-03,
 -3.956956462901e-03, -5.465411011832e-03, -5.497269492576e-03,
 -4.094047385047e-03, -2.706343493434e-03, -2.727977972208e-03,
 -4.125989748825e-03, -5.512605403135e-03, -5.549645193128e-03,
 -4.265865411639e-03, -2.990908361619e-03, -3.007920527587e-03,
 -4.288519595002e-03, -5.556829053388e-03, -5.584081868419e-03,
 -4.401851463516e-03, -3.236478843183e-03, -3.263222340834e-03,
 -4.444214393502e-03, -5.598794481354e-03, -5.604382314079e-03,
 -4.508010920821e-03, -3.448324470437e-03, -3.496174112369e-03,
 -4.592891503647e-03, -5.638576436994e-03, -5.613257632877e-03,
 -4.589510306330e-03, -3.631540842013e-03, -3.709335560494e-03,
 -4.734486591206e-03, -5.675821051454e-03, -5.612579000513e-03,
 -4.650756018300e-03, -3.790914109564e-03, -3.905341228638e-03,
 -4.868998771144e-03, -5.709890569744e-03, -5.603600587765e-03,
 -4.695514006782e-03, -3.930862912689e-03, -4.086756904949e-03,
 -4.996426192346e-03, -5.739961228311e-03, -5.587150343032e-03,
 -4.727043558887e-03, -4.055426609789e-03, -4.255973341516e-03,
 -5.116701422967e-03, -5.765090719279e-03, -5.563791824187e-03,
 -4.748228901320e-03, -4.168276489178e-03, -4.415125183618e-03,
 -5.229632570476e-03, -5.784269144659e-03, -5.533962658291e-03,
 -4.761698933649e-03, -4.272733115865e-03, -4.566025450544e-03,
 -5.334854257718e-03, -5.796464622374e-03, -5.498095219046e-03,
 -4.769929084116e-03, -4.371777939717e-03, -4.710108795635e-03,
 -5.431791959246e-03, -5.800672190635e-03, -5.456723787063e-03,
 -4.775320974506e-03, -4.468051045418e-03, -4.848379782789e-03,
 -5.519643341266e-03, -5.795972387943e-03, -5.410580380357e-03,
 -4.780256060492e-03, -4.563829901620e-03, -4.981365435036e-03,
 -5.597380761653e-03, -5.781603688753e-03, -5.360678932234e-03,
 -4.787119299504e-03, -4.660986609068e-03, -5.109074308084e-03,
 -5.663779606643e-03, -5.757050613887e-03, -5.308384749725e-03,
 -4.798288702908e-03, -4.760923850927e-03, -5.230967275576e-03,
 -5.717477317724e-03, -5.722146574740e-03, -5.255463397646e-03,
 -4.816086816568e-03, -4.864492816061e-03, -5.345947962631e-03,
 -5.757067431755e-03, -5.677187184443e-03, -5.204100564750e-03,
 -4.842691174211e-03, -4.971899973988e-03, -5.452383086560e-03,
 -5.781231350383e-03, -5.623045821803e-03, -5.156882441717e-03,
 -4.880002986489e-03, -5.082613741926e-03, -5.548164465772e-03,
 -5.788907525879e-03, -5.561278786864e-03, -5.116725168225e-03,
 -4.929477097964e-03, -5.195286585103e-03, -5.630824596562e-03,
 -5.779493037682e-03, -5.494202800431e-03, -5.086742614139e-03,
 -4.991921764532e-03, -5.307712445877e-03, -5.697715810978e-03,
 -5.753066063175e-03, -5.424923524483e-03, -5.070044845191e-03,
 -5.067284018143e-03, -5.416842794922e-03, -5.746258424669e-03,
 -5.710609744664e-03, -5.357291195278e-03, -5.069465751415e-03,
 -5.154444859926e-03, -5.518885912881e-03, -5.774255378167e-03,
 -5.654209111349e-03, -5.295759633523e-03, -5.087227936578e-03,
 -5.251057296700e-03, -5.609511857628e-03]
dQ per increment:
[-2.303445896935e-07, -3.737145369089e-07, -2.283549950933e-07,
  6.305170112452e-08,  2.150937552111e-07,  7.990028732391e-08,
 -2.084242085049e-07, -3.664773042503e-07, -2.399387621110e-07,
  4.614098047476e-08,  2.117009113476e-07,  9.689510160199e-08,
 -1.826187498049e-07, -3.513829642211e-07, -2.450291769021e-07,
  3.033546556530e-08,  2.049763585094e-07,  1.110117306756e-07,
 -1.550299757133e-07, -3.301427211931e-07, -2.439696191038e-07,
  1.639555426841e-08,  1.954990783409e-07,  1.214994547454e-07,
 -1.276947290724e-07, -3.048688196460e-07, -2.376692300205e-07,
  4.792022993260e-09,  1.840388794716e-07,  1.280942077677e-07,
 -1.022653350084e-07, -2.776644927207e-07, -2.273371804587e-07,
 -4.279821998535e-09,  1.714289219086e-07,  1.309683700288e-07,
 -7.985172656823e-08, -2.503246558142e-07, -2.142349204326e-07,
 -1.084738411247e-08,  1.584479067014e-07,  1.306002499210e-07,
 -6.101955821701e-08, -2.241889704440e-07, -1.995010053563e-07,
 -1.509354093793e-08,  1.457387308226e-07,  1.276224479096e-07,
 -4.588924855950e-08, -2.001249774365e-07, -1.840592551367e-07,
 -1.729187853322e-08,  1.337709228935e-07,  1.226934771294e-07,
 -3.427311845569e-08, -1.785916474636e-07, -1.685938165394e-07,
 -1.775376124932e-08,  1.228404726272e-07,  1.164114519568e-07,
 -2.580565765589e-08, -1.597360211165e-07, -1.535663948131e-07,
 -1.679050413463e-08,  1.130923751921e-07,  1.092694205751e-07,
 -2.004501912893e-08, -1.434900750025e-07, -1.392533613949e-07,
 -1.469007675226e-08,  1.045533624044e-07,  1.016422897255e-07,
 -1.654100056014e-08, -1.296522185693e-07, -1.257883024876e-07,
 -1.170519751091e-08,  9.716509228631e-08,  9.379361490171e-08,
 -1.487427096812e-08, -1.179478545097e-07, -1.132015734467e-07,
 -8.050420379803e-09,  9.081268954100e-08,  8.589211769735e-08,
 -1.467435067383e-08, -1.080710673802e-07, -1.014535110436e-07,
 -3.904481047506e-09,  8.534696245392e-08,  7.803175067342e-08,
 -1.562353778208e-08, -9.971068657940e-08, -9.046070717413e-08,
  5.839268157545e-10,  8.060031384417e-08,  7.025135185992e-08,
 -1.745300054696e-08, -9.256527907370e-08, -8.011598286953e-08,
  5.288956048295e-09,  7.639736736547e-08,  6.255220588594e-08,
 -1.993441190199e-08, -8.635090077182e-08, -7.030356236320e-08,
  1.009977830708e-08,  7.256191040736e-08,  5.491314227597e-08,
 -2.287032066462e-08, -8.080429543707e-08, -6.091042770683e-08,
  1.491329992831e-08,  6.892140295544e-08,  4.730323838794e-08,
 -2.608426303207e-08, -7.568391480108e-08, -5.183528438337e-08,
  1.962741622615e-08,  6.531012132754e-08,  3.969257071895e-08,
 -2.941203097436e-08, -7.077007619684e-08, -4.299583785967e-08,
  2.413564253317e-08,  6.157211036167e-08,  3.206142777266e-08,
 -3.269431946441e-08, -6.586573788464e-08, -3.433505970686e-08,
  2.832297230429e-08,  5.756455508273e-08,  2.440847425957e-08,
 -3.577138624894e-08, -6.079799217806e-08, -2.582672045150e-08,
  3.206356326019e-08,  5.316200673948e-08,  1.675781689152e-08,
 -3.847984314433e-08, -5.542129094191e-08, -1.748021510872e-08,
  3.522051618497e-08,  4.826194963982e-08,  9.164972301478e-09,
 -4.065215378820e-08, -4.962225960171e-08, -9.344628259557e-09,
  3.764813782167e-08,  4.279176034263e-08,  1.721530753888e-09,
 -4.211903883306e-08, -4.332600521666e-08, -1.511265309076e-09,
  3.919698187815e-08,  3.671681065437e-08, -5.442147849553e-09,
 -4.271509123407e-08, -3.650385619995e-08,  5.885719669453e-09,
  3.972202878167e-08,  3.004932807617e-08, -1.215687048771e-08,
 -4.228784965515e-08, -2.918145639713e-08,  1.267170678804e-08,
  3.909421967489e-08,  2.285718243237e-08, -1.821821416469e-08,
 -4.071024553055e-08, -2.144663815637e-08,  1.863781259534e-08,
  3.721494434665e-08,  1.527154354364e-08, -2.339443457618e-08,
 -3.789598118555e-08, -1.345526241120e-08,  2.355192775961e-08,
  3.403317385721e-08,  7.491500678483e-09, -2.743986154442e-08,
 -3.381709327410e-08, -5.433546619582e-09,  2.717534480431e-08,
  2.956380423108e-08, -2.156552861635e-10, -3.011402925635e-08,
 -2.852204394194e-08,  2.325176557370e-09,  2.928503450416e-08,
  2.390557781243e-08, -7.521049739598e-09, -3.120651519140e-08,
 -2.215213877783e-08,  9.471303023117e-09,  2.970128797335e-08,
  1.725574105653e-08, -1.404927362381e-08, -3.056650947370e-08,
 -1.495334088931e-08,  1.561900356273e-08]

EXP trajectory 38
outcomes: (0, 0, 0, 0, 0, 0, 0, 0, 0, 0, 0, 0, 0, 0, 0, 0, 0, 0, 0, 0, 0, 0, 0, 0, 0, 0, 0, 0, 0, 0, 0, 0, 0, 0, 0, 0, 0, 0, 0, 0, 0, 0, 0, 0, 0, 0, 0, 0, 0, 0, 0, 0, 0, 0, 0, 0, 0, 0, 0, 0, 0, 0, 0, 0, 0, 0, 0, 0, 0, 0, 0, 0, 0, 0, 0, 0, 0, 0, 0, 0, 0, 0, 0, 0, 0, 0, 0, 0, 0, 0, 0, 0, 0, 0, 0, 0, 0, 0, 0, 0, 0, 0, 0, 0, 0, 0, 0, 0, 0, 0, 0, 0, 0, 0, 0, 0, 0, 0, 0, 0, 0, 0, 0, 0, 0, 0, 0, 0, 0, 0, 0, 0, 0, 0, 0, 0, 0, 0, 0, 0, 0, 0, 0, 0, 0, 0, 0, 0, 0, 0, 0, 0, 0, 0, 0, 0, 0, 0, 0, 0, 0, 0, 0, 0, 0, 0, 0, 0, 0, 0, 0, 0, 0, 0, 0, 0, 0, 0, 0, 0, 0, 0, 0, 0, 0, 0, 0, 0, 0, 0, 0, 0, 0, 0, 0, 0, 0, 0, 0, 0, 0)
p_seq: 0.9922287100657725
DeltaW_total: 0.5301603849893777
DeltaQ_total: -7.719151607382571e-07
dW per increment:
[ 3.471592021139e-03,  3.489908428906e-03,  3.499542792703e-03,
  3.497028079165e-03,  3.482376576295e-03,  3.459130024005e-03,
  3.433383333258e-03,  3.412051153308e-03,  3.400870158988e-03,
  3.402713397428e-03,  3.416710422060e-03,  3.438440127699e-03,
  3.461156066964e-03,  3.477704457890e-03,  3.482589830842e-03,
  3.473592845747e-03,  3.452465789282e-03,  3.424490918368e-03,
  3.397012033791e-03,  3.377347524109e-03,  3.370677421085e-03,
  3.378513174559e-03,  3.398199992864e-03,  3.423611057194e-03,
  3.446852446881e-03,  3.460504343055e-03,  3.459762855192e-03,
  3.443865714532e-03,  3.416381169661e-03,  3.384258974910e-03,
  3.355895587678e-03,  3.338751958154e-03,  3.337198766859e-03,
  3.351209489162e-03,  3.376289061208e-03,  3.404679028904e-03,
  3.427516203855e-03,  3.437344543505e-03,  3.430269528167e-03,
  3.407134656928e-03,  3.373368109511e-03,  3.337520432696e-03,
  3.308886893812e-03,  3.294874975238e-03,  3.298860968572e-03,
  3.319153244814e-03,  3.349376115514e-03,  3.380190563458e-03,
  3.401887676162e-03,  3.407135342613e-03,  3.393102892362e-03,
  3.362350867906e-03,  3.322211620397e-03,  3.282808163888e-03,
  3.254246028792e-03,  3.243755899954e-03,  3.253592696122e-03,
  3.280298007542e-03,  3.315559617075e-03,  3.348456266833e-03,
  3.368481985007e-03,  3.368513748836e-03,  3.346886605744e-03,
  3.307975511301e-03,  3.261091189071e-03,  3.217966880079e-03,
  3.189513415307e-03,  3.182738183902e-03,  3.198694951738e-03,
  3.232059665013e-03,  3.272483945990e-03,  3.307383733533e-03,
  3.325412546804e-03,  3.319662631013e-03,  3.289694066233e-03,
  3.241800872546e-03,  3.187402894879e-03,  3.139972437395e-03,
  3.111321225571e-03,  3.108268423539e-03,  3.130625578207e-03,
  3.171087622738e-03,  3.217101601967e-03,  3.254236837567e-03,
  3.270153219708e-03,  3.258079009022e-03,  3.218822165143e-03,
  3.160724633602e-03,  3.097526103314e-03,  3.044681909479e-03,
  3.015119583406e-03,  3.015595627069e-03,  3.044674015911e-03,
  3.092922697300e-03,  3.145325235042e-03,  3.185293245780e-03,
  3.199209648496e-03,  3.180261868129e-03,  3.130491228227e-03,
  3.060451242069e-03,  2.986511653903e-03,  2.926493760558e-03,
  2.894797634664e-03,  2.898349028616e-03,  2.934500145301e-03,
  2.991509053373e-03,  3.051529780597e-03,  3.095354689673e-03,
  3.107651809330e-03,  3.081273406748e-03,  3.019431538554e-03,
  2.935090631766e-03,  2.847672669210e-03,  2.777908084836e-03,
  2.742193359676e-03,  2.747985388865e-03,  2.791518166976e-03,
  2.858525885362e-03,  2.927853454429e-03,  2.977044695097e-03,
  2.988435731169e-03,  2.954105340171e-03,  2.878302659440e-03,
  2.776623704852e-03,  2.672074159671e-03,  2.589006798452e-03,
  2.546526078143e-03,  2.553139435749e-03,  2.604143225854e-03,
  2.682527892720e-03,  2.763252167938e-03,  2.819817430039e-03,
  2.831420422943e-03,  2.788759249169e-03,  2.696880788532e-03,
  2.574216128261e-03,  2.447960511557e-03,  2.346948888391e-03,
  2.293887735815e-03,  2.299028805124e-03,  2.357037084202e-03,
  2.447988826900e-03,  2.542343890347e-03,  2.608657615212e-03,
  2.622023091986e-03,  2.570982335142e-03,  2.460996823311e-03,
  2.313445207076e-03,  2.160295862955e-03,  2.035773856782e-03,
  1.967189110980e-03,  1.967377690381e-03,  2.030839102211e-03,
  2.134711463212e-03,  2.244452053180e-03,  2.322818203632e-03,
  2.339816139038e-03,  2.280962674844e-03,  2.151589596803e-03,
  1.975927794776e-03,  1.791082260642e-03,  1.637388648561e-03,
  1.547655126121e-03,  1.538156981326e-03,  1.603851242365e-03,
  1.719203159876e-03,  1.844539149339e-03,  1.936350438971e-03,
  1.958870131821e-03,  1.893840379415e-03,  1.745802062390e-03,
  1.541383878163e-03,  1.322648938199e-03,  1.136157894393e-03,
  1.020596391918e-03,  9.962611938334e-04,  1.059267056423e-03,
  1.182123606188e-03,  1.320649646217e-03,  1.425486451986e-03,
  1.455202128376e-03,  1.387497275168e-03,  1.225472717563e-03,
  9.971977101273e-04,  7.485906989935e-04,  5.314232441034e-04,
  3.895953828525e-04,  3.473390862094e-04,  4.025362268560e-04,
  5.270024193518e-04,  6.737378879755e-04,  7.892749176577e-04,
  8.278638852808e-04,  7.637162381879e-04,  5.980127755283e-04,
  3.587656806161e-04,  9.352727539280e-05, -1.431430554426e-04,
 -3.041275490840e-04, -3.622613342138e-04]
dQ per increment:
[-4.162499281889e-10, -8.896106024146e-10, -1.150365450901e-09,
 -1.119499371026e-09, -8.017114363872e-10, -2.854011209221e-10,
  2.817411198005e-10,  7.346852466672e-10,  9.387861848575e-10,
  8.293747238465e-10,  4.317194960898e-10, -1.448441436236e-10,
 -7.371924537827e-10, -1.174808945655e-09, -1.329034235095e-09,
 -1.151043532190e-09, -6.872767344384e-10, -6.770972259436e-11,
  5.302931824127e-10,  9.324338183080e-10,  1.017739948740e-09,
  7.544377596605e-10,  2.106795235230e-10, -4.633608275718e-10,
 -1.077278702008e-09, -1.454444851882e-09, -1.483146725226e-09,
 -1.149750651023e-09, -5.444651461455e-10,  1.627159518236e-10,
  7.692836975076e-10,  1.097732246682e-09,  1.046806066742e-09,
  6.219700737515e-10, -6.424148084154e-11, -8.223532087497e-10,
 -1.438696809472e-09, -1.736003174763e-09, -1.624659441484e-09,
 -1.129985244047e-09, -3.872032243446e-10,  3.949908562121e-10,
  9.924150062932e-10,  1.228965977379e-09,  1.027606012869e-09,
  4.342072565215e-10, -3.930365965413e-10, -1.226302503987e-09,
 -1.831469573221e-09, -2.034275635963e-09, -1.771094322090e-09,
 -1.109046903792e-09, -2.297496703519e-10,  6.197848268679e-10,
  1.195609350781e-09,  1.325903041874e-09,  9.609855062317e-10,
  1.898597915169e-10, -7.819716846703e-10, -1.687972207755e-09,
 -2.274458441357e-09, -2.372298596822e-09, -1.946316578391e-09,
 -1.108130204134e-09, -8.788011963100e-11,  8.278031121906e-10,
  1.375126465605e-09,  1.387593028218e-09,  8.449351906071e-10,
 -1.179749739739e-10, -1.245528577086e-09, -2.230182377639e-09,
 -2.797417589890e-09, -2.783264836811e-09, -2.182712286630e-09,
 -1.154690626643e-09,  1.848150256965e-11,  1.007075776070e-09,
  1.524811284832e-09,  1.409685400963e-09,  6.720105674186e-10,
 -5.043356700145e-10, -1.809080356005e-09, -2.888766425070e-09,
 -3.444073949535e-09, -3.314266422069e-09, -2.525231771627e-09,
 -1.286807543984e-09,  6.091396397706e-11,  1.138674581274e-09,
  1.632213696449e-09,  1.380856694505e-09,  4.259249140447e-10,
 -9.957806811111e-10, -2.512438025530e-09, -3.716654182117e-09,
 -4.277095541237e-09, -4.031890774589e-09, -3.037739189859e-09,
 -1.559839068023e-09, -4.252590684109e-12,  1.190366060279e-09,
  1.672683262624e-09,  1.277688897608e-09,  7.696324361237e-11,
 -1.634709982288e-09, -3.414479586117e-09, -4.789137933664e-09,
 -5.384251458313e-09, -5.029593117207e-09, -3.811371310355e-09,
 -2.055589063115e-09, -2.452423984375e-10,  1.107648860436e-09,
  1.601447945608e-09,  1.057747350862e-09, -4.235767115746e-10,
 -2.484049972011e-09, -4.597305546666e-09, -6.208251334891e-09,
 -6.883759853696e-09, -6.434333082561e-09, -4.972713608454e-09,
 -2.891642708429e-09, -7.648842309852e-10,  8.039711157557e-10,
  1.344938719585e-09,  6.533288375360e-10, -1.146929996289e-09,
 -3.627707477732e-09, -6.164185111890e-09, -8.099032094175e-09,
 -8.920022792343e-09, -8.403247392201e-09, -6.682242508838e-09,
 -4.222090052846e-09, -1.702953441999e-09,  1.580449441566e-10,
  7.999735234594e-10, -2.541834012151e-11, -2.177528917650e-09,
 -5.153715727075e-09, -8.214815033292e-09, -1.057815380239e-08,
 -1.162794102119e-08, -1.108636406982e-08, -9.098355708268e-09,
 -6.204550423894e-09, -3.206554669358e-09, -9.581034671690e-10,
 -1.362147177279e-10, -1.053687524819e-09, -3.564473850305e-09,
 -7.090295248710e-09, -1.076435048064e-08, -1.365679795547e-08,
 -1.502321314291e-08, -1.450997250271e-08, -1.225986503723e-08,
 -8.886758989389e-09, -5.322999759505e-09, -2.577055568562e-09,
 -1.464373694244e-09, -2.383343793589e-09, -5.197650157821e-09,
 -9.259487325161e-09, -1.357071213205e-08, -1.704212612827e-08,
 -1.878325633751e-08, -1.834574921275e-08, -1.585348721256e-08,
 -1.198212082093e-08, -7.790004033709e-09, -4.442781968163e-09,
 -2.903410314037e-09, -3.669984503199e-09, -6.633082979418e-09,
 -1.109317028102e-08, -1.593638639276e-08, -1.992480923194e-08,
 -2.202492055533e-08, -2.168710557866e-08, -1.900009278898e-08,
 -1.467697692927e-08, -9.873976274577e-09, -5.887856854034e-09,
 -3.811810043823e-09, -4.241221069929e-09, -7.109023713453e-09,
 -1.169617381929e-08, -1.681661000697e-08, -2.112857068806e-08,
 -2.349046674755e-08, -2.326613114049e-08, -2.049746850095e-08,
 -1.589733521884e-08, -1.066352138058e-08, -6.162604999763e-09,
 -3.567670676247e-09, -3.546470450644e-09]

================================================================================
TRAJECTORY 39
================================================================================

COMP trajectory 39
outcomes: (0, 0, 0, 0, 0, 0, 0, 0, 0, 0, 0, 0, 0, 0, 0, 0, 0, 0, 0, 0, 0, 0, 0, 0, 0, 0, 0, 0, 0, 0, 0, 0, 0, 0, 0, 0, 0, 0, 0, 0, 0, 0, 0, 0, 0, 0, 0, 0, 0, 0, 0, 0, 0, 0, 0, 0, 0, 0, 0, 0, 0, 0, 0, 0, 0, 0, 0, 0, 0, 0, 0, 0, 0, 0, 0, 0, 0, 0, 0, 0, 0, 0, 0, 0, 0, 0, 0, 0, 0, 0, 0, 0, 0, 0, 0, 0, 0, 0, 0, 0, 0, 0, 0, 0, 0, 0, 0, 0, 0, 0, 0, 0, 0, 0, 0, 0, 0, 0, 0, 0, 0, 0, 0, 0, 0, 0, 0, 0, 0, 0, 0, 0, 0, 0, 0, 0, 0, 0, 0, 0, 0, 0, 0, 0, 0, 0, 0, 0, 0, 0, 0, 0, 0, 0, 0, 0, 0, 0, 0, 0, 0, 0, 0, 0, 0, 0, 0, 0, 0, 0, 0, 0, 0, 0, 0, 0, 0, 0, 0, 0, 0, 0, 0, 0, 0, 0, 0, 0, 0, 0, 0, 0, 0, 0, 0, 0, 0, 0, 0, 0, 0)
p_seq: 0.9711646393507506
DeltaW_total: -0.8254703559926213
DeltaQ_total: -4.164499868344711e-06
dW per increment:
[ 1.573221825758e-03,  3.134225698634e-03,  1.495191472248e-03,
 -1.818410173470e-03, -3.643019679057e-03, -2.283259703793e-03,
  8.314121654003e-04,  2.560741646251e-03,  1.138127896114e-03,
 -2.107932878062e-03, -4.075018812387e-03, -2.935493525278e-03,
  8.680979657250e-05,  1.941298909479e-03,  7.505793541434e-04,
 -2.367704122973e-03, -4.427071274868e-03, -3.511588823436e-03,
 -6.325205688213e-04,  1.298855175149e-03,  3.396538452147e-04,
 -2.603516238699e-03, -4.703663861903e-03, -4.002026710845e-03,
 -1.303484448567e-03,  6.567724896147e-04, -8.510182655641e-05,
 -2.821587458538e-03, -4.914835379770e-03, -4.405884661647e-03,
 -1.910183305348e-03,  3.565060464972e-05, -5.132371009751e-04,
 -3.027298470332e-03, -5.073339001779e-03, -4.728865907634e-03,
 -2.444275699512e-03, -5.486423046008e-04, -9.348428529350e-04,
 -3.224521673861e-03, -5.192133571619e-03, -4.980712787173e-03,
 -2.903939336665e-03, -1.085625631404e-03, -1.341595073573e-03,
 -3.415530324414e-03, -5.282703324543e-03, -5.172819604123e-03,
 -3.292147499682e-03, -1.569847932078e-03, -1.727294307221e-03,
 -3.601287952193e-03, -5.354258896261e-03, -5.316473076707e-03,
 -3.614869638918e-03, -1.999957734029e-03, -2.087961498690e-03,
 -3.781885391360e-03, -5.413607311841e-03, -5.421796081443e-03,
 -3.879557404957e-03, -2.377593005731e-03, -2.421629721690e-03,
 -3.956956462901e-03, -5.465411011832e-03, -5.497269492576e-03,
 -4.094047385047e-03, -2.706343493434e-03, -2.727977972208e-03,
 -4.125989748825e-03, -5.512605403135e-03, -5.549645193128e-03,
 -4.265865411639e-03, -2.990908361619e-03, -3.007920527587e-03,
 -4.288519595002e-03, -5.556829053388e-03, -5.584081868419e-03,
 -4.401851463516e-03, -3.236478843183e-03, -3.263222340834e-03,
 -4.444214393502e-03, -5.598794481354e-03, -5.604382314079e-03,
 -4.508010920821e-03, -3.448324470437e-03, -3.496174112369e-03,
 -4.592891503647e-03, -5.638576436994e-03, -5.613257632877e-03,
 -4.589510306330e-03, -3.631540842013e-03, -3.709335560494e-03,
 -4.734486591206e-03, -5.675821051454e-03, -5.612579000513e-03,
 -4.650756018300e-03, -3.790914109564e-03, -3.905341228638e-03,
 -4.868998771144e-03, -5.709890569744e-03, -5.603600587765e-03,
 -4.695514006782e-03, -3.930862912689e-03, -4.086756904949e-03,
 -4.996426192346e-03, -5.739961228311e-03, -5.587150343032e-03,
 -4.727043558887e-03, -4.055426609789e-03, -4.255973341516e-03,
 -5.116701422967e-03, -5.765090719279e-03, -5.563791824187e-03,
 -4.748228901320e-03, -4.168276489178e-03, -4.415125183618e-03,
 -5.229632570476e-03, -5.784269144659e-03, -5.533962658291e-03,
 -4.761698933649e-03, -4.272733115865e-03, -4.566025450544e-03,
 -5.334854257718e-03, -5.796464622374e-03, -5.498095219046e-03,
 -4.769929084116e-03, -4.371777939717e-03, -4.710108795635e-03,
 -5.431791959246e-03, -5.800672190635e-03, -5.456723787063e-03,
 -4.775320974506e-03, -4.468051045418e-03, -4.848379782789e-03,
 -5.519643341266e-03, -5.795972387943e-03, -5.410580380357e-03,
 -4.780256060492e-03, -4.563829901620e-03, -4.981365435036e-03,
 -5.597380761653e-03, -5.781603688753e-03, -5.360678932234e-03,
 -4.787119299504e-03, -4.660986609068e-03, -5.109074308084e-03,
 -5.663779606643e-03, -5.757050613887e-03, -5.308384749725e-03,
 -4.798288702908e-03, -4.760923850927e-03, -5.230967275576e-03,
 -5.717477317724e-03, -5.722146574740e-03, -5.255463397646e-03,
 -4.816086816568e-03, -4.864492816061e-03, -5.345947962631e-03,
 -5.757067431755e-03, -5.677187184443e-03, -5.204100564750e-03,
 -4.842691174211e-03, -4.971899973988e-03, -5.452383086560e-03,
 -5.781231350383e-03, -5.623045821803e-03, -5.156882441717e-03,
 -4.880002986489e-03, -5.082613741926e-03, -5.548164465772e-03,
 -5.788907525879e-03, -5.561278786864e-03, -5.116725168225e-03,
 -4.929477097964e-03, -5.195286585103e-03, -5.630824596562e-03,
 -5.779493037682e-03, -5.494202800431e-03, -5.086742614139e-03,
 -4.991921764532e-03, -5.307712445877e-03, -5.697715810978e-03,
 -5.753066063175e-03, -5.424923524483e-03, -5.070044845191e-03,
 -5.067284018143e-03, -5.416842794922e-03, -5.746258424669e-03,
 -5.710609744664e-03, -5.357291195278e-03, -5.069465751415e-03,
 -5.154444859926e-03, -5.518885912881e-03, -5.774255378167e-03,
 -5.654209111349e-03, -5.295759633523e-03, -5.087227936578e-03,
 -5.251057296700e-03, -5.609511857628e-03]
dQ per increment:
[-2.303445896935e-07, -3.737145369089e-07, -2.283549950933e-07,
  6.305170112452e-08,  2.150937552111e-07,  7.990028732391e-08,
 -2.084242085049e-07, -3.664773042503e-07, -2.399387621110e-07,
  4.614098047476e-08,  2.117009113476e-07,  9.689510160199e-08,
 -1.826187498049e-07, -3.513829642211e-07, -2.450291769021e-07,
  3.033546556530e-08,  2.049763585094e-07,  1.110117306756e-07,
 -1.550299757133e-07, -3.301427211931e-07, -2.439696191038e-07,
  1.639555426841e-08,  1.954990783409e-07,  1.214994547454e-07,
 -1.276947290724e-07, -3.048688196460e-07, -2.376692300205e-07,
  4.792022993260e-09,  1.840388794716e-07,  1.280942077677e-07,
 -1.022653350084e-07, -2.776644927207e-07, -2.273371804587e-07,
 -4.279821998535e-09,  1.714289219086e-07,  1.309683700288e-07,
 -7.985172656823e-08, -2.503246558142e-07, -2.142349204326e-07,
 -1.084738411247e-08,  1.584479067014e-07,  1.306002499210e-07,
 -6.101955821701e-08, -2.241889704440e-07, -1.995010053563e-07,
 -1.509354093793e-08,  1.457387308226e-07,  1.276224479096e-07,
 -4.588924855950e-08, -2.001249774365e-07, -1.840592551367e-07,
 -1.729187853322e-08,  1.337709228935e-07,  1.226934771294e-07,
 -3.427311845569e-08, -1.785916474636e-07, -1.685938165394e-07,
 -1.775376124932e-08,  1.228404726272e-07,  1.164114519568e-07,
 -2.580565765589e-08, -1.597360211165e-07, -1.535663948131e-07,
 -1.679050413463e-08,  1.130923751921e-07,  1.092694205751e-07,
 -2.004501912893e-08, -1.434900750025e-07, -1.392533613949e-07,
 -1.469007675226e-08,  1.045533624044e-07,  1.016422897255e-07,
 -1.654100056014e-08, -1.296522185693e-07, -1.257883024876e-07,
 -1.170519751091e-08,  9.716509228631e-08,  9.379361490171e-08,
 -1.487427096812e-08, -1.179478545097e-07, -1.132015734467e-07,
 -8.050420379803e-09,  9.081268954100e-08,  8.589211769735e-08,
 -1.467435067383e-08, -1.080710673802e-07, -1.014535110436e-07,
 -3.904481047506e-09,  8.534696245392e-08,  7.803175067342e-08,
 -1.562353778208e-08, -9.971068657940e-08, -9.046070717413e-08,
  5.839268157545e-10,  8.060031384417e-08,  7.025135185992e-08,
 -1.745300054696e-08, -9.256527907370e-08, -8.011598286953e-08,
  5.288956048295e-09,  7.639736736547e-08,  6.255220588594e-08,
 -1.993441190199e-08, -8.635090077182e-08, -7.030356236320e-08,
  1.009977830708e-08,  7.256191040736e-08,  5.491314227597e-08,
 -2.287032066462e-08, -8.080429543707e-08, -6.091042770683e-08,
  1.491329992831e-08,  6.892140295544e-08,  4.730323838794e-08,
 -2.608426303207e-08, -7.568391480108e-08, -5.183528438337e-08,
  1.962741622615e-08,  6.531012132754e-08,  3.969257071895e-08,
 -2.941203097436e-08, -7.077007619684e-08, -4.299583785967e-08,
  2.413564253317e-08,  6.157211036167e-08,  3.206142777266e-08,
 -3.269431946441e-08, -6.586573788464e-08, -3.433505970686e-08,
  2.832297230429e-08,  5.756455508273e-08,  2.440847425957e-08,
 -3.577138624894e-08, -6.079799217806e-08, -2.582672045150e-08,
  3.206356326019e-08,  5.316200673948e-08,  1.675781689152e-08,
 -3.847984314433e-08, -5.542129094191e-08, -1.748021510872e-08,
  3.522051618497e-08,  4.826194963982e-08,  9.164972301478e-09,
 -4.065215378820e-08, -4.962225960171e-08, -9.344628259557e-09,
  3.764813782167e-08,  4.279176034263e-08,  1.721530753888e-09,
 -4.211903883306e-08, -4.332600521666e-08, -1.511265309076e-09,
  3.919698187815e-08,  3.671681065437e-08, -5.442147849553e-09,
 -4.271509123407e-08, -3.650385619995e-08,  5.885719669453e-09,
  3.972202878167e-08,  3.004932807617e-08, -1.215687048771e-08,
 -4.228784965515e-08, -2.918145639713e-08,  1.267170678804e-08,
  3.909421967489e-08,  2.285718243237e-08, -1.821821416469e-08,
 -4.071024553055e-08, -2.144663815637e-08,  1.863781259534e-08,
  3.721494434665e-08,  1.527154354364e-08, -2.339443457618e-08,
 -3.789598118555e-08, -1.345526241120e-08,  2.355192775961e-08,
  3.403317385721e-08,  7.491500678483e-09, -2.743986154442e-08,
 -3.381709327410e-08, -5.433546619582e-09,  2.717534480431e-08,
  2.956380423108e-08, -2.156552861635e-10, -3.011402925635e-08,
 -2.852204394194e-08,  2.325176557370e-09,  2.928503450416e-08,
  2.390557781243e-08, -7.521049739598e-09, -3.120651519140e-08,
 -2.215213877783e-08,  9.471303023117e-09,  2.970128797335e-08,
  1.725574105653e-08, -1.404927362381e-08, -3.056650947370e-08,
 -1.495334088931e-08,  1.561900356273e-08]

EXP trajectory 39
outcomes: (0, 0, 0, 0, 0, 0, 0, 0, 0, 0, 0, 0, 0, 0, 0, 0, 0, 0, 0, 0, 0, 0, 0, 0, 0, 0, 0, 0, 0, 0, 0, 0, 0, 0, 0, 0, 0, 0, 0, 0, 0, 0, 0, 0, 0, 0, 0, 0, 0, 0, 0, 0, 0, 0, 0, 0, 0, 0, 0, 0, 0, 0, 0, 0, 0, 0, 0, 0, 0, 0, 0, 0, 0, 0, 0, 0, 0, 0, 0, 0, 0, 0, 0, 0, 0, 0, 0, 0, 0, 0, 0, 0, 0, 0, 0, 0, 0, 0, 0, 0, 0, 0, 0, 0, 0, 0, 0, 0, 0, 0, 0, 0, 0, 0, 0, 0, 0, 0, 0, 0, 0, 0, 0, 0, 0, 0, 0, 0, 0, 0, 0, 0, 0, 0, 0, 0, 0, 0, 0, 0, 0, 0, 0, 0, 0, 0, 0, 0, 0, 0, 0, 0, 0, 0, 0, 0, 0, 0, 0, 0, 0, 0, 0, 0, 0, 0, 0, 0, 0, 0, 0, 0, 0, 0, 0, 0, 0, 0, 0, 0, 0, 0, 0, 0, 0, 0, 0, 0, 0, 0, 0, 0, 0, 0, 0, 0, 0, 0, 0, 0, 0)
p_seq: 0.9922287100657725
DeltaW_total: 0.5301603849893777
DeltaQ_total: -7.719151607382571e-07
dW per increment:
[ 3.471592021139e-03,  3.489908428906e-03,  3.499542792703e-03,
  3.497028079165e-03,  3.482376576295e-03,  3.459130024005e-03,
  3.433383333258e-03,  3.412051153308e-03,  3.400870158988e-03,
  3.402713397428e-03,  3.416710422060e-03,  3.438440127699e-03,
  3.461156066964e-03,  3.477704457890e-03,  3.482589830842e-03,
  3.473592845747e-03,  3.452465789282e-03,  3.424490918368e-03,
  3.397012033791e-03,  3.377347524109e-03,  3.370677421085e-03,
  3.378513174559e-03,  3.398199992864e-03,  3.423611057194e-03,
  3.446852446881e-03,  3.460504343055e-03,  3.459762855192e-03,
  3.443865714532e-03,  3.416381169661e-03,  3.384258974910e-03,
  3.355895587678e-03,  3.338751958154e-03,  3.337198766859e-03,
  3.351209489162e-03,  3.376289061208e-03,  3.404679028904e-03,
  3.427516203855e-03,  3.437344543505e-03,  3.430269528167e-03,
  3.407134656928e-03,  3.373368109511e-03,  3.337520432696e-03,
  3.308886893812e-03,  3.294874975238e-03,  3.298860968572e-03,
  3.319153244814e-03,  3.349376115514e-03,  3.380190563458e-03,
  3.401887676162e-03,  3.407135342613e-03,  3.393102892362e-03,
  3.362350867906e-03,  3.322211620397e-03,  3.282808163888e-03,
  3.254246028792e-03,  3.243755899954e-03,  3.253592696122e-03,
  3.280298007542e-03,  3.315559617075e-03,  3.348456266833e-03,
  3.368481985007e-03,  3.368513748836e-03,  3.346886605744e-03,
  3.307975511301e-03,  3.261091189071e-03,  3.217966880079e-03,
  3.189513415307e-03,  3.182738183902e-03,  3.198694951738e-03,
  3.232059665013e-03,  3.272483945990e-03,  3.307383733533e-03,
  3.325412546804e-03,  3.319662631013e-03,  3.289694066233e-03,
  3.241800872546e-03,  3.187402894879e-03,  3.139972437395e-03,
  3.111321225571e-03,  3.108268423539e-03,  3.130625578207e-03,
  3.171087622738e-03,  3.217101601967e-03,  3.254236837567e-03,
  3.270153219708e-03,  3.258079009022e-03,  3.218822165143e-03,
  3.160724633602e-03,  3.097526103314e-03,  3.044681909479e-03,
  3.015119583406e-03,  3.015595627069e-03,  3.044674015911e-03,
  3.092922697300e-03,  3.145325235042e-03,  3.185293245780e-03,
  3.199209648496e-03,  3.180261868129e-03,  3.130491228227e-03,
  3.060451242069e-03,  2.986511653903e-03,  2.926493760558e-03,
  2.894797634664e-03,  2.898349028616e-03,  2.934500145301e-03,
  2.991509053373e-03,  3.051529780597e-03,  3.095354689673e-03,
  3.107651809330e-03,  3.081273406748e-03,  3.019431538554e-03,
  2.935090631766e-03,  2.847672669210e-03,  2.777908084836e-03,
  2.742193359676e-03,  2.747985388865e-03,  2.791518166976e-03,
  2.858525885362e-03,  2.927853454429e-03,  2.977044695097e-03,
  2.988435731169e-03,  2.954105340171e-03,  2.878302659440e-03,
  2.776623704852e-03,  2.672074159671e-03,  2.589006798452e-03,
  2.546526078143e-03,  2.553139435749e-03,  2.604143225854e-03,
  2.682527892720e-03,  2.763252167938e-03,  2.819817430039e-03,
  2.831420422943e-03,  2.788759249169e-03,  2.696880788532e-03,
  2.574216128261e-03,  2.447960511557e-03,  2.346948888391e-03,
  2.293887735815e-03,  2.299028805124e-03,  2.357037084202e-03,
  2.447988826900e-03,  2.542343890347e-03,  2.608657615212e-03,
  2.622023091986e-03,  2.570982335142e-03,  2.460996823311e-03,
  2.313445207076e-03,  2.160295862955e-03,  2.035773856782e-03,
  1.967189110980e-03,  1.967377690381e-03,  2.030839102211e-03,
  2.134711463212e-03,  2.244452053180e-03,  2.322818203632e-03,
  2.339816139038e-03,  2.280962674844e-03,  2.151589596803e-03,
  1.975927794776e-03,  1.791082260642e-03,  1.637388648561e-03,
  1.547655126121e-03,  1.538156981326e-03,  1.603851242365e-03,
  1.719203159876e-03,  1.844539149339e-03,  1.936350438971e-03,
  1.958870131821e-03,  1.893840379415e-03,  1.745802062390e-03,
  1.541383878163e-03,  1.322648938199e-03,  1.136157894393e-03,
  1.020596391918e-03,  9.962611938334e-04,  1.059267056423e-03,
  1.182123606188e-03,  1.320649646217e-03,  1.425486451986e-03,
  1.455202128376e-03,  1.387497275168e-03,  1.225472717563e-03,
  9.971977101273e-04,  7.485906989935e-04,  5.314232441034e-04,
  3.895953828525e-04,  3.473390862094e-04,  4.025362268560e-04,
  5.270024193518e-04,  6.737378879755e-04,  7.892749176577e-04,
  8.278638852808e-04,  7.637162381879e-04,  5.980127755283e-04,
  3.587656806161e-04,  9.352727539280e-05, -1.431430554426e-04,
 -3.041275490840e-04, -3.622613342138e-04]
dQ per increment:
[-4.162499281889e-10, -8.896106024146e-10, -1.150365450901e-09,
 -1.119499371026e-09, -8.017114363872e-10, -2.854011209221e-10,
  2.817411198005e-10,  7.346852466672e-10,  9.387861848575e-10,
  8.293747238465e-10,  4.317194960898e-10, -1.448441436236e-10,
 -7.371924537827e-10, -1.174808945655e-09, -1.329034235095e-09,
 -1.151043532190e-09, -6.872767344384e-10, -6.770972259436e-11,
  5.302931824127e-10,  9.324338183080e-10,  1.017739948740e-09,
  7.544377596605e-10,  2.106795235230e-10, -4.633608275718e-10,
 -1.077278702008e-09, -1.454444851882e-09, -1.483146725226e-09,
 -1.149750651023e-09, -5.444651461455e-10,  1.627159518236e-10,
  7.692836975076e-10,  1.097732246682e-09,  1.046806066742e-09,
  6.219700737515e-10, -6.424148084154e-11, -8.223532087497e-10,
 -1.438696809472e-09, -1.736003174763e-09, -1.624659441484e-09,
 -1.129985244047e-09, -3.872032243446e-10,  3.949908562121e-10,
  9.924150062932e-10,  1.228965977379e-09,  1.027606012869e-09,
  4.342072565215e-10, -3.930365965413e-10, -1.226302503987e-09,
 -1.831469573221e-09, -2.034275635963e-09, -1.771094322090e-09,
 -1.109046903792e-09, -2.297496703519e-10,  6.197848268679e-10,
  1.195609350781e-09,  1.325903041874e-09,  9.609855062317e-10,
  1.898597915169e-10, -7.819716846703e-10, -1.687972207755e-09,
 -2.274458441357e-09, -2.372298596822e-09, -1.946316578391e-09,
 -1.108130204134e-09, -8.788011963100e-11,  8.278031121906e-10,
  1.375126465605e-09,  1.387593028218e-09,  8.449351906071e-10,
 -1.179749739739e-10, -1.245528577086e-09, -2.230182377639e-09,
 -2.797417589890e-09, -2.783264836811e-09, -2.182712286630e-09,
 -1.154690626643e-09,  1.848150256965e-11,  1.007075776070e-09,
  1.524811284832e-09,  1.409685400963e-09,  6.720105674186e-10,
 -5.043356700145e-10, -1.809080356005e-09, -2.888766425070e-09,
 -3.444073949535e-09, -3.314266422069e-09, -2.525231771627e-09,
 -1.286807543984e-09,  6.091396397706e-11,  1.138674581274e-09,
  1.632213696449e-09,  1.380856694505e-09,  4.259249140447e-10,
 -9.957806811111e-10, -2.512438025530e-09, -3.716654182117e-09,
 -4.277095541237e-09, -4.031890774589e-09, -3.037739189859e-09,
 -1.559839068023e-09, -4.252590684109e-12,  1.190366060279e-09,
  1.672683262624e-09,  1.277688897608e-09,  7.696324361237e-11,
 -1.634709982288e-09, -3.414479586117e-09, -4.789137933664e-09,
 -5.384251458313e-09, -5.029593117207e-09, -3.811371310355e-09,
 -2.055589063115e-09, -2.452423984375e-10,  1.107648860436e-09,
  1.601447945608e-09,  1.057747350862e-09, -4.235767115746e-10,
 -2.484049972011e-09, -4.597305546666e-09, -6.208251334891e-09,
 -6.883759853696e-09, -6.434333082561e-09, -4.972713608454e-09,
 -2.891642708429e-09, -7.648842309852e-10,  8.039711157557e-10,
  1.344938719585e-09,  6.533288375360e-10, -1.146929996289e-09,
 -3.627707477732e-09, -6.164185111890e-09, -8.099032094175e-09,
 -8.920022792343e-09, -8.403247392201e-09, -6.682242508838e-09,
 -4.222090052846e-09, -1.702953441999e-09,  1.580449441566e-10,
  7.999735234594e-10, -2.541834012151e-11, -2.177528917650e-09,
 -5.153715727075e-09, -8.214815033292e-09, -1.057815380239e-08,
 -1.162794102119e-08, -1.108636406982e-08, -9.098355708268e-09,
 -6.204550423894e-09, -3.206554669358e-09, -9.581034671690e-10,
 -1.362147177279e-10, -1.053687524819e-09, -3.564473850305e-09,
 -7.090295248710e-09, -1.076435048064e-08, -1.365679795547e-08,
 -1.502321314291e-08, -1.450997250271e-08, -1.225986503723e-08,
 -8.886758989389e-09, -5.322999759505e-09, -2.577055568562e-09,
 -1.464373694244e-09, -2.383343793589e-09, -5.197650157821e-09,
 -9.259487325161e-09, -1.357071213205e-08, -1.704212612827e-08,
 -1.878325633751e-08, -1.834574921275e-08, -1.585348721256e-08,
 -1.198212082093e-08, -7.790004033709e-09, -4.442781968163e-09,
 -2.903410314037e-09, -3.669984503199e-09, -6.633082979418e-09,
 -1.109317028102e-08, -1.593638639276e-08, -1.992480923194e-08,
 -2.202492055533e-08, -2.168710557866e-08, -1.900009278898e-08,
 -1.467697692927e-08, -9.873976274577e-09, -5.887856854034e-09,
 -3.811810043823e-09, -4.241221069929e-09, -7.109023713453e-09,
 -1.169617381929e-08, -1.681661000697e-08, -2.112857068806e-08,
 -2.349046674755e-08, -2.326613114049e-08, -2.049746850095e-08,
 -1.589733521884e-08, -1.066352138058e-08, -6.162604999763e-09,
 -3.567670676247e-09, -3.546470450644e-09]

================================================================================
TRAJECTORY 40
================================================================================

COMP trajectory 40
outcomes: (0, 0, 0, 0, 0, 0, 0, 0, 0, 0, 0, 0, 0, 0, 0, 0, 0, 0, 0, 0, 0, 0, 0, 0, 0, 0, 0, 0, 0, 0, 0, 0, 0, 0, 0, 0, 0, 0, 0, 0, 0, 0, 0, 0, 0, 0, 0, 0, 0, 0, 0, 0, 0, 0, 0, 0, 0, 0, 0, 0, 0, 0, 0, 0, 0, 0, 0, 0, 0, 0, 0, 0, 0, 0, 0, 0, 0, 0, 0, 0, 0, 0, 0, 0, 0, 0, 0, 0, 0, 0, 0, 0, 0, 0, 0, 0, 0, 0, 0, 0, 0, 0, 0, 0, 0, 0, 0, 0, 0, 0, 0, 0, 0, 0, 0, 0, 0, 0, 0, 0, 0, 0, 0, 0, 0, 0, 0, 0, 0, 0, 0, 0, 0, 0, 0, 0, 0, 0, 0, 0, 0, 0, 0, 0, 0, 0, 0, 0, 0, 0, 0, 0, 0, 0, 0, 0, 0, 0, 0, 0, 0, 0, 0, 0, 0, 0, 0, 0, 0, 0, 0, 0, 0, 0, 0, 0, 0, 0, 0, 0, 0, 0, 0, 0, 0, 0, 0, 0, 0, 0, 0, 0, 0, 0, 0, 0, 0, 0, 0, 0, 0)
p_seq: 0.9711646393507506
DeltaW_total: -0.8254703559926213
DeltaQ_total: -4.164499868344711e-06
dW per increment:
[ 1.573221825758e-03,  3.134225698634e-03,  1.495191472248e-03,
 -1.818410173470e-03, -3.643019679057e-03, -2.283259703793e-03,
  8.314121654003e-04,  2.560741646251e-03,  1.138127896114e-03,
 -2.107932878062e-03, -4.075018812387e-03, -2.935493525278e-03,
  8.680979657250e-05,  1.941298909479e-03,  7.505793541434e-04,
 -2.367704122973e-03, -4.427071274868e-03, -3.511588823436e-03,
 -6.325205688213e-04,  1.298855175149e-03,  3.396538452147e-04,
 -2.603516238699e-03, -4.703663861903e-03, -4.002026710845e-03,
 -1.303484448567e-03,  6.567724896147e-04, -8.510182655641e-05,
 -2.821587458538e-03, -4.914835379770e-03, -4.405884661647e-03,
 -1.910183305348e-03,  3.565060464972e-05, -5.132371009751e-04,
 -3.027298470332e-03, -5.073339001779e-03, -4.728865907634e-03,
 -2.444275699512e-03, -5.486423046008e-04, -9.348428529350e-04,
 -3.224521673861e-03, -5.192133571619e-03, -4.980712787173e-03,
 -2.903939336665e-03, -1.085625631404e-03, -1.341595073573e-03,
 -3.415530324414e-03, -5.282703324543e-03, -5.172819604123e-03,
 -3.292147499682e-03, -1.569847932078e-03, -1.727294307221e-03,
 -3.601287952193e-03, -5.354258896261e-03, -5.316473076707e-03,
 -3.614869638918e-03, -1.999957734029e-03, -2.087961498690e-03,
 -3.781885391360e-03, -5.413607311841e-03, -5.421796081443e-03,
 -3.879557404957e-03, -2.377593005731e-03, -2.421629721690e-03,
 -3.956956462901e-03, -5.465411011832e-03, -5.497269492576e-03,
 -4.094047385047e-03, -2.706343493434e-03, -2.727977972208e-03,
 -4.125989748825e-03, -5.512605403135e-03, -5.549645193128e-03,
 -4.265865411639e-03, -2.990908361619e-03, -3.007920527587e-03,
 -4.288519595002e-03, -5.556829053388e-03, -5.584081868419e-03,
 -4.401851463516e-03, -3.236478843183e-03, -3.263222340834e-03,
 -4.444214393502e-03, -5.598794481354e-03, -5.604382314079e-03,
 -4.508010920821e-03, -3.448324470437e-03, -3.496174112369e-03,
 -4.592891503647e-03, -5.638576436994e-03, -5.613257632877e-03,
 -4.589510306330e-03, -3.631540842013e-03, -3.709335560494e-03,
 -4.734486591206e-03, -5.675821051454e-03, -5.612579000513e-03,
 -4.650756018300e-03, -3.790914109564e-03, -3.905341228638e-03,
 -4.868998771144e-03, -5.709890569744e-03, -5.603600587765e-03,
 -4.695514006782e-03, -3.930862912689e-03, -4.086756904949e-03,
 -4.996426192346e-03, -5.739961228311e-03, -5.587150343032e-03,
 -4.727043558887e-03, -4.055426609789e-03, -4.255973341516e-03,
 -5.116701422967e-03, -5.765090719279e-03, -5.563791824187e-03,
 -4.748228901320e-03, -4.168276489178e-03, -4.415125183618e-03,
 -5.229632570476e-03, -5.784269144659e-03, -5.533962658291e-03,
 -4.761698933649e-03, -4.272733115865e-03, -4.566025450544e-03,
 -5.334854257718e-03, -5.796464622374e-03, -5.498095219046e-03,
 -4.769929084116e-03, -4.371777939717e-03, -4.710108795635e-03,
 -5.431791959246e-03, -5.800672190635e-03, -5.456723787063e-03,
 -4.775320974506e-03, -4.468051045418e-03, -4.848379782789e-03,
 -5.519643341266e-03, -5.795972387943e-03, -5.410580380357e-03,
 -4.780256060492e-03, -4.563829901620e-03, -4.981365435036e-03,
 -5.597380761653e-03, -5.781603688753e-03, -5.360678932234e-03,
 -4.787119299504e-03, -4.660986609068e-03, -5.109074308084e-03,
 -5.663779606643e-03, -5.757050613887e-03, -5.308384749725e-03,
 -4.798288702908e-03, -4.760923850927e-03, -5.230967275576e-03,
 -5.717477317724e-03, -5.722146574740e-03, -5.255463397646e-03,
 -4.816086816568e-03, -4.864492816061e-03, -5.345947962631e-03,
 -5.757067431755e-03, -5.677187184443e-03, -5.204100564750e-03,
 -4.842691174211e-03, -4.971899973988e-03, -5.452383086560e-03,
 -5.781231350383e-03, -5.623045821803e-03, -5.156882441717e-03,
 -4.880002986489e-03, -5.082613741926e-03, -5.548164465772e-03,
 -5.788907525879e-03, -5.561278786864e-03, -5.116725168225e-03,
 -4.929477097964e-03, -5.195286585103e-03, -5.630824596562e-03,
 -5.779493037682e-03, -5.494202800431e-03, -5.086742614139e-03,
 -4.991921764532e-03, -5.307712445877e-03, -5.697715810978e-03,
 -5.753066063175e-03, -5.424923524483e-03, -5.070044845191e-03,
 -5.067284018143e-03, -5.416842794922e-03, -5.746258424669e-03,
 -5.710609744664e-03, -5.357291195278e-03, -5.069465751415e-03,
 -5.154444859926e-03, -5.518885912881e-03, -5.774255378167e-03,
 -5.654209111349e-03, -5.295759633523e-03, -5.087227936578e-03,
 -5.251057296700e-03, -5.609511857628e-03]
dQ per increment:
[-2.303445896935e-07, -3.737145369089e-07, -2.283549950933e-07,
  6.305170112452e-08,  2.150937552111e-07,  7.990028732391e-08,
 -2.084242085049e-07, -3.664773042503e-07, -2.399387621110e-07,
  4.614098047476e-08,  2.117009113476e-07,  9.689510160199e-08,
 -1.826187498049e-07, -3.513829642211e-07, -2.450291769021e-07,
  3.033546556530e-08,  2.049763585094e-07,  1.110117306756e-07,
 -1.550299757133e-07, -3.301427211931e-07, -2.439696191038e-07,
  1.639555426841e-08,  1.954990783409e-07,  1.214994547454e-07,
 -1.276947290724e-07, -3.048688196460e-07, -2.376692300205e-07,
  4.792022993260e-09,  1.840388794716e-07,  1.280942077677e-07,
 -1.022653350084e-07, -2.776644927207e-07, -2.273371804587e-07,
 -4.279821998535e-09,  1.714289219086e-07,  1.309683700288e-07,
 -7.985172656823e-08, -2.503246558142e-07, -2.142349204326e-07,
 -1.084738411247e-08,  1.584479067014e-07,  1.306002499210e-07,
 -6.101955821701e-08, -2.241889704440e-07, -1.995010053563e-07,
 -1.509354093793e-08,  1.457387308226e-07,  1.276224479096e-07,
 -4.588924855950e-08, -2.001249774365e-07, -1.840592551367e-07,
 -1.729187853322e-08,  1.337709228935e-07,  1.226934771294e-07,
 -3.427311845569e-08, -1.785916474636e-07, -1.685938165394e-07,
 -1.775376124932e-08,  1.228404726272e-07,  1.164114519568e-07,
 -2.580565765589e-08, -1.597360211165e-07, -1.535663948131e-07,
 -1.679050413463e-08,  1.130923751921e-07,  1.092694205751e-07,
 -2.004501912893e-08, -1.434900750025e-07, -1.392533613949e-07,
 -1.469007675226e-08,  1.045533624044e-07,  1.016422897255e-07,
 -1.654100056014e-08, -1.296522185693e-07, -1.257883024876e-07,
 -1.170519751091e-08,  9.716509228631e-08,  9.379361490171e-08,
 -1.487427096812e-08, -1.179478545097e-07, -1.132015734467e-07,
 -8.050420379803e-09,  9.081268954100e-08,  8.589211769735e-08,
 -1.467435067383e-08, -1.080710673802e-07, -1.014535110436e-07,
 -3.904481047506e-09,  8.534696245392e-08,  7.803175067342e-08,
 -1.562353778208e-08, -9.971068657940e-08, -9.046070717413e-08,
  5.839268157545e-10,  8.060031384417e-08,  7.025135185992e-08,
 -1.745300054696e-08, -9.256527907370e-08, -8.011598286953e-08,
  5.288956048295e-09,  7.639736736547e-08,  6.255220588594e-08,
 -1.993441190199e-08, -8.635090077182e-08, -7.030356236320e-08,
  1.009977830708e-08,  7.256191040736e-08,  5.491314227597e-08,
 -2.287032066462e-08, -8.080429543707e-08, -6.091042770683e-08,
  1.491329992831e-08,  6.892140295544e-08,  4.730323838794e-08,
 -2.608426303207e-08, -7.568391480108e-08, -5.183528438337e-08,
  1.962741622615e-08,  6.531012132754e-08,  3.969257071895e-08,
 -2.941203097436e-08, -7.077007619684e-08, -4.299583785967e-08,
  2.413564253317e-08,  6.157211036167e-08,  3.206142777266e-08,
 -3.269431946441e-08, -6.586573788464e-08, -3.433505970686e-08,
  2.832297230429e-08,  5.756455508273e-08,  2.440847425957e-08,
 -3.577138624894e-08, -6.079799217806e-08, -2.582672045150e-08,
  3.206356326019e-08,  5.316200673948e-08,  1.675781689152e-08,
 -3.847984314433e-08, -5.542129094191e-08, -1.748021510872e-08,
  3.522051618497e-08,  4.826194963982e-08,  9.164972301478e-09,
 -4.065215378820e-08, -4.962225960171e-08, -9.344628259557e-09,
  3.764813782167e-08,  4.279176034263e-08,  1.721530753888e-09,
 -4.211903883306e-08, -4.332600521666e-08, -1.511265309076e-09,
  3.919698187815e-08,  3.671681065437e-08, -5.442147849553e-09,
 -4.271509123407e-08, -3.650385619995e-08,  5.885719669453e-09,
  3.972202878167e-08,  3.004932807617e-08, -1.215687048771e-08,
 -4.228784965515e-08, -2.918145639713e-08,  1.267170678804e-08,
  3.909421967489e-08,  2.285718243237e-08, -1.821821416469e-08,
 -4.071024553055e-08, -2.144663815637e-08,  1.863781259534e-08,
  3.721494434665e-08,  1.527154354364e-08, -2.339443457618e-08,
 -3.789598118555e-08, -1.345526241120e-08,  2.355192775961e-08,
  3.403317385721e-08,  7.491500678483e-09, -2.743986154442e-08,
 -3.381709327410e-08, -5.433546619582e-09,  2.717534480431e-08,
  2.956380423108e-08, -2.156552861635e-10, -3.011402925635e-08,
 -2.852204394194e-08,  2.325176557370e-09,  2.928503450416e-08,
  2.390557781243e-08, -7.521049739598e-09, -3.120651519140e-08,
 -2.215213877783e-08,  9.471303023117e-09,  2.970128797335e-08,
  1.725574105653e-08, -1.404927362381e-08, -3.056650947370e-08,
 -1.495334088931e-08,  1.561900356273e-08]

EXP trajectory 40
outcomes: (0, 0, 0, 0, 0, 0, 0, 0, 0, 0, 0, 0, 0, 0, 0, 0, 0, 0, 0, 0, 0, 0, 0, 0, 0, 0, 0, 0, 0, 0, 0, 0, 0, 0, 0, 0, 0, 0, 0, 0, 0, 0, 0, 0, 0, 0, 0, 0, 0, 0, 0, 0, 0, 0, 0, 0, 0, 0, 0, 0, 0, 0, 0, 0, 0, 0, 0, 0, 0, 0, 0, 0, 0, 0, 0, 0, 0, 0, 0, 0, 0, 0, 0, 0, 0, 0, 0, 0, 0, 0, 0, 0, 0, 0, 0, 0, 0, 0, 0, 0, 0, 0, 0, 0, 0, 0, 0, 0, 0, 0, 0, 0, 0, 0, 0, 0, 0, 0, 0, 0, 0, 0, 0, 0, 0, 0, 0, 0, 0, 0, 0, 0, 0, 0, 0, 0, 0, 0, 0, 0, 0, 0, 0, 0, 0, 0, 0, 0, 0, 0, 0, 0, 0, 0, 0, 0, 0, 0, 0, 0, 0, 0, 0, 0, 0, 0, 0, 0, 0, 0, 0, 0, 0, 0, 0, 0, 0, 0, 0, 0, 0, 0, 0, 0, 0, 0, 0, 0, 0, 0, 0, 0, 0, 0, 0, 0, 0, 0, 0, 0, 0)
p_seq: 0.9922287100657725
DeltaW_total: 0.5301603849893777
DeltaQ_total: -7.719151607382571e-07
dW per increment:
[ 3.471592021139e-03,  3.489908428906e-03,  3.499542792703e-03,
  3.497028079165e-03,  3.482376576295e-03,  3.459130024005e-03,
  3.433383333258e-03,  3.412051153308e-03,  3.400870158988e-03,
  3.402713397428e-03,  3.416710422060e-03,  3.438440127699e-03,
  3.461156066964e-03,  3.477704457890e-03,  3.482589830842e-03,
  3.473592845747e-03,  3.452465789282e-03,  3.424490918368e-03,
  3.397012033791e-03,  3.377347524109e-03,  3.370677421085e-03,
  3.378513174559e-03,  3.398199992864e-03,  3.423611057194e-03,
  3.446852446881e-03,  3.460504343055e-03,  3.459762855192e-03,
  3.443865714532e-03,  3.416381169661e-03,  3.384258974910e-03,
  3.355895587678e-03,  3.338751958154e-03,  3.337198766859e-03,
  3.351209489162e-03,  3.376289061208e-03,  3.404679028904e-03,
  3.427516203855e-03,  3.437344543505e-03,  3.430269528167e-03,
  3.407134656928e-03,  3.373368109511e-03,  3.337520432696e-03,
  3.308886893812e-03,  3.294874975238e-03,  3.298860968572e-03,
  3.319153244814e-03,  3.349376115514e-03,  3.380190563458e-03,
  3.401887676162e-03,  3.407135342613e-03,  3.393102892362e-03,
  3.362350867906e-03,  3.322211620397e-03,  3.282808163888e-03,
  3.254246028792e-03,  3.243755899954e-03,  3.253592696122e-03,
  3.280298007542e-03,  3.315559617075e-03,  3.348456266833e-03,
  3.368481985007e-03,  3.368513748836e-03,  3.346886605744e-03,
  3.307975511301e-03,  3.261091189071e-03,  3.217966880079e-03,
  3.189513415307e-03,  3.182738183902e-03,  3.198694951738e-03,
  3.232059665013e-03,  3.272483945990e-03,  3.307383733533e-03,
  3.325412546804e-03,  3.319662631013e-03,  3.289694066233e-03,
  3.241800872546e-03,  3.187402894879e-03,  3.139972437395e-03,
  3.111321225571e-03,  3.108268423539e-03,  3.130625578207e-03,
  3.171087622738e-03,  3.217101601967e-03,  3.254236837567e-03,
  3.270153219708e-03,  3.258079009022e-03,  3.218822165143e-03,
  3.160724633602e-03,  3.097526103314e-03,  3.044681909479e-03,
  3.015119583406e-03,  3.015595627069e-03,  3.044674015911e-03,
  3.092922697300e-03,  3.145325235042e-03,  3.185293245780e-03,
  3.199209648496e-03,  3.180261868129e-03,  3.130491228227e-03,
  3.060451242069e-03,  2.986511653903e-03,  2.926493760558e-03,
  2.894797634664e-03,  2.898349028616e-03,  2.934500145301e-03,
  2.991509053373e-03,  3.051529780597e-03,  3.095354689673e-03,
  3.107651809330e-03,  3.081273406748e-03,  3.019431538554e-03,
  2.935090631766e-03,  2.847672669210e-03,  2.777908084836e-03,
  2.742193359676e-03,  2.747985388865e-03,  2.791518166976e-03,
  2.858525885362e-03,  2.927853454429e-03,  2.977044695097e-03,
  2.988435731169e-03,  2.954105340171e-03,  2.878302659440e-03,
  2.776623704852e-03,  2.672074159671e-03,  2.589006798452e-03,
  2.546526078143e-03,  2.553139435749e-03,  2.604143225854e-03,
  2.682527892720e-03,  2.763252167938e-03,  2.819817430039e-03,
  2.831420422943e-03,  2.788759249169e-03,  2.696880788532e-03,
  2.574216128261e-03,  2.447960511557e-03,  2.346948888391e-03,
  2.293887735815e-03,  2.299028805124e-03,  2.357037084202e-03,
  2.447988826900e-03,  2.542343890347e-03,  2.608657615212e-03,
  2.622023091986e-03,  2.570982335142e-03,  2.460996823311e-03,
  2.313445207076e-03,  2.160295862955e-03,  2.035773856782e-03,
  1.967189110980e-03,  1.967377690381e-03,  2.030839102211e-03,
  2.134711463212e-03,  2.244452053180e-03,  2.322818203632e-03,
  2.339816139038e-03,  2.280962674844e-03,  2.151589596803e-03,
  1.975927794776e-03,  1.791082260642e-03,  1.637388648561e-03,
  1.547655126121e-03,  1.538156981326e-03,  1.603851242365e-03,
  1.719203159876e-03,  1.844539149339e-03,  1.936350438971e-03,
  1.958870131821e-03,  1.893840379415e-03,  1.745802062390e-03,
  1.541383878163e-03,  1.322648938199e-03,  1.136157894393e-03,
  1.020596391918e-03,  9.962611938334e-04,  1.059267056423e-03,
  1.182123606188e-03,  1.320649646217e-03,  1.425486451986e-03,
  1.455202128376e-03,  1.387497275168e-03,  1.225472717563e-03,
  9.971977101273e-04,  7.485906989935e-04,  5.314232441034e-04,
  3.895953828525e-04,  3.473390862094e-04,  4.025362268560e-04,
  5.270024193518e-04,  6.737378879755e-04,  7.892749176577e-04,
  8.278638852808e-04,  7.637162381879e-04,  5.980127755283e-04,
  3.587656806161e-04,  9.352727539280e-05, -1.431430554426e-04,
 -3.041275490840e-04, -3.622613342138e-04]
dQ per increment:
[-4.162499281889e-10, -8.896106024146e-10, -1.150365450901e-09,
 -1.119499371026e-09, -8.017114363872e-10, -2.854011209221e-10,
  2.817411198005e-10,  7.346852466672e-10,  9.387861848575e-10,
  8.293747238465e-10,  4.317194960898e-10, -1.448441436236e-10,
 -7.371924537827e-10, -1.174808945655e-09, -1.329034235095e-09,
 -1.151043532190e-09, -6.872767344384e-10, -6.770972259436e-11,
  5.302931824127e-10,  9.324338183080e-10,  1.017739948740e-09,
  7.544377596605e-10,  2.106795235230e-10, -4.633608275718e-10,
 -1.077278702008e-09, -1.454444851882e-09, -1.483146725226e-09,
 -1.149750651023e-09, -5.444651461455e-10,  1.627159518236e-10,
  7.692836975076e-10,  1.097732246682e-09,  1.046806066742e-09,
  6.219700737515e-10, -6.424148084154e-11, -8.223532087497e-10,
 -1.438696809472e-09, -1.736003174763e-09, -1.624659441484e-09,
 -1.129985244047e-09, -3.872032243446e-10,  3.949908562121e-10,
  9.924150062932e-10,  1.228965977379e-09,  1.027606012869e-09,
  4.342072565215e-10, -3.930365965413e-10, -1.226302503987e-09,
 -1.831469573221e-09, -2.034275635963e-09, -1.771094322090e-09,
 -1.109046903792e-09, -2.297496703519e-10,  6.197848268679e-10,
  1.195609350781e-09,  1.325903041874e-09,  9.609855062317e-10,
  1.898597915169e-10, -7.819716846703e-10, -1.687972207755e-09,
 -2.274458441357e-09, -2.372298596822e-09, -1.946316578391e-09,
 -1.108130204134e-09, -8.788011963100e-11,  8.278031121906e-10,
  1.375126465605e-09,  1.387593028218e-09,  8.449351906071e-10,
 -1.179749739739e-10, -1.245528577086e-09, -2.230182377639e-09,
 -2.797417589890e-09, -2.783264836811e-09, -2.182712286630e-09,
 -1.154690626643e-09,  1.848150256965e-11,  1.007075776070e-09,
  1.524811284832e-09,  1.409685400963e-09,  6.720105674186e-10,
 -5.043356700145e-10, -1.809080356005e-09, -2.888766425070e-09,
 -3.444073949535e-09, -3.314266422069e-09, -2.525231771627e-09,
 -1.286807543984e-09,  6.091396397706e-11,  1.138674581274e-09,
  1.632213696449e-09,  1.380856694505e-09,  4.259249140447e-10,
 -9.957806811111e-10, -2.512438025530e-09, -3.716654182117e-09,
 -4.277095541237e-09, -4.031890774589e-09, -3.037739189859e-09,
 -1.559839068023e-09, -4.252590684109e-12,  1.190366060279e-09,
  1.672683262624e-09,  1.277688897608e-09,  7.696324361237e-11,
 -1.634709982288e-09, -3.414479586117e-09, -4.789137933664e-09,
 -5.384251458313e-09, -5.029593117207e-09, -3.811371310355e-09,
 -2.055589063115e-09, -2.452423984375e-10,  1.107648860436e-09,
  1.601447945608e-09,  1.057747350862e-09, -4.235767115746e-10,
 -2.484049972011e-09, -4.597305546666e-09, -6.208251334891e-09,
 -6.883759853696e-09, -6.434333082561e-09, -4.972713608454e-09,
 -2.891642708429e-09, -7.648842309852e-10,  8.039711157557e-10,
  1.344938719585e-09,  6.533288375360e-10, -1.146929996289e-09,
 -3.627707477732e-09, -6.164185111890e-09, -8.099032094175e-09,
 -8.920022792343e-09, -8.403247392201e-09, -6.682242508838e-09,
 -4.222090052846e-09, -1.702953441999e-09,  1.580449441566e-10,
  7.999735234594e-10, -2.541834012151e-11, -2.177528917650e-09,
 -5.153715727075e-09, -8.214815033292e-09, -1.057815380239e-08,
 -1.162794102119e-08, -1.108636406982e-08, -9.098355708268e-09,
 -6.204550423894e-09, -3.206554669358e-09, -9.581034671690e-10,
 -1.362147177279e-10, -1.053687524819e-09, -3.564473850305e-09,
 -7.090295248710e-09, -1.076435048064e-08, -1.365679795547e-08,
 -1.502321314291e-08, -1.450997250271e-08, -1.225986503723e-08,
 -8.886758989389e-09, -5.322999759505e-09, -2.577055568562e-09,
 -1.464373694244e-09, -2.383343793589e-09, -5.197650157821e-09,
 -9.259487325161e-09, -1.357071213205e-08, -1.704212612827e-08,
 -1.878325633751e-08, -1.834574921275e-08, -1.585348721256e-08,
 -1.198212082093e-08, -7.790004033709e-09, -4.442781968163e-09,
 -2.903410314037e-09, -3.669984503199e-09, -6.633082979418e-09,
 -1.109317028102e-08, -1.593638639276e-08, -1.992480923194e-08,
 -2.202492055533e-08, -2.168710557866e-08, -1.900009278898e-08,
 -1.467697692927e-08, -9.873976274577e-09, -5.887856854034e-09,
 -3.811810043823e-09, -4.241221069929e-09, -7.109023713453e-09,
 -1.169617381929e-08, -1.681661000697e-08, -2.112857068806e-08,
 -2.349046674755e-08, -2.326613114049e-08, -2.049746850095e-08,
 -1.589733521884e-08, -1.066352138058e-08, -6.162604999763e-09,
 -3.567670676247e-09, -3.546470450644e-09]

================================================================================
TRAJECTORY 41
================================================================================

COMP trajectory 41
outcomes: (0, 0, 0, 0, 0, 0, 0, 0, 0, 0, 0, 0, 0, 0, 0, 0, 0, 0, 0, 0, 0, 0, 0, 0, 0, 0, 0, 0, 0, 0, 0, 0, 0, 0, 0, 0, 0, 0, 0, 0, 0, 0, 0, 0, 0, 0, 0, 0, 0, 0, 0, 0, 0, 0, 0, 0, 0, 0, 0, 0, 0, 0, 0, 0, 0, 0, 0, 0, 0, 0, 0, 0, 0, 0, 0, 0, 0, 0, 0, 0, 0, 0, 0, 0, 0, 0, 0, 0, 0, 0, 0, 0, 0, 0, 0, 0, 0, 0, 0, 0, 0, 0, 0, 0, 0, 0, 0, 0, 0, 0, 0, 0, 0, 0, 0, 0, 0, 0, 0, 0, 0, 0, 0, 0, 0, 0, 0, 0, 0, 0, 0, 0, 0, 0, 0, 0, 0, 0, 0, 0, 0, 0, 0, 0, 0, 0, 0, 0, 0, 0, 0, 0, 0, 0, 0, 0, 0, 0, 0, 0, 0, 0, 0, 0, 0, 0, 0, 0, 0, 0, 0, 0, 0, 0, 0, 0, 0, 0, 0, 0, 0, 0, 0, 0, 0, 0, 0, 0, 0, 0, 0, 0, 0, 0, 0, 0, 0, 0, 0, 0, 0)
p_seq: 0.9711646393507506
DeltaW_total: -0.8254703559926213
DeltaQ_total: -4.164499868344711e-06
dW per increment:
[ 1.573221825758e-03,  3.134225698634e-03,  1.495191472248e-03,
 -1.818410173470e-03, -3.643019679057e-03, -2.283259703793e-03,
  8.314121654003e-04,  2.560741646251e-03,  1.138127896114e-03,
 -2.107932878062e-03, -4.075018812387e-03, -2.935493525278e-03,
  8.680979657250e-05,  1.941298909479e-03,  7.505793541434e-04,
 -2.367704122973e-03, -4.427071274868e-03, -3.511588823436e-03,
 -6.325205688213e-04,  1.298855175149e-03,  3.396538452147e-04,
 -2.603516238699e-03, -4.703663861903e-03, -4.002026710845e-03,
 -1.303484448567e-03,  6.567724896147e-04, -8.510182655641e-05,
 -2.821587458538e-03, -4.914835379770e-03, -4.405884661647e-03,
 -1.910183305348e-03,  3.565060464972e-05, -5.132371009751e-04,
 -3.027298470332e-03, -5.073339001779e-03, -4.728865907634e-03,
 -2.444275699512e-03, -5.486423046008e-04, -9.348428529350e-04,
 -3.224521673861e-03, -5.192133571619e-03, -4.980712787173e-03,
 -2.903939336665e-03, -1.085625631404e-03, -1.341595073573e-03,
 -3.415530324414e-03, -5.282703324543e-03, -5.172819604123e-03,
 -3.292147499682e-03, -1.569847932078e-03, -1.727294307221e-03,
 -3.601287952193e-03, -5.354258896261e-03, -5.316473076707e-03,
 -3.614869638918e-03, -1.999957734029e-03, -2.087961498690e-03,
 -3.781885391360e-03, -5.413607311841e-03, -5.421796081443e-03,
 -3.879557404957e-03, -2.377593005731e-03, -2.421629721690e-03,
 -3.956956462901e-03, -5.465411011832e-03, -5.497269492576e-03,
 -4.094047385047e-03, -2.706343493434e-03, -2.727977972208e-03,
 -4.125989748825e-03, -5.512605403135e-03, -5.549645193128e-03,
 -4.265865411639e-03, -2.990908361619e-03, -3.007920527587e-03,
 -4.288519595002e-03, -5.556829053388e-03, -5.584081868419e-03,
 -4.401851463516e-03, -3.236478843183e-03, -3.263222340834e-03,
 -4.444214393502e-03, -5.598794481354e-03, -5.604382314079e-03,
 -4.508010920821e-03, -3.448324470437e-03, -3.496174112369e-03,
 -4.592891503647e-03, -5.638576436994e-03, -5.613257632877e-03,
 -4.589510306330e-03, -3.631540842013e-03, -3.709335560494e-03,
 -4.734486591206e-03, -5.675821051454e-03, -5.612579000513e-03,
 -4.650756018300e-03, -3.790914109564e-03, -3.905341228638e-03,
 -4.868998771144e-03, -5.709890569744e-03, -5.603600587765e-03,
 -4.695514006782e-03, -3.930862912689e-03, -4.086756904949e-03,
 -4.996426192346e-03, -5.739961228311e-03, -5.587150343032e-03,
 -4.727043558887e-03, -4.055426609789e-03, -4.255973341516e-03,
 -5.116701422967e-03, -5.765090719279e-03, -5.563791824187e-03,
 -4.748228901320e-03, -4.168276489178e-03, -4.415125183618e-03,
 -5.229632570476e-03, -5.784269144659e-03, -5.533962658291e-03,
 -4.761698933649e-03, -4.272733115865e-03, -4.566025450544e-03,
 -5.334854257718e-03, -5.796464622374e-03, -5.498095219046e-03,
 -4.769929084116e-03, -4.371777939717e-03, -4.710108795635e-03,
 -5.431791959246e-03, -5.800672190635e-03, -5.456723787063e-03,
 -4.775320974506e-03, -4.468051045418e-03, -4.848379782789e-03,
 -5.519643341266e-03, -5.795972387943e-03, -5.410580380357e-03,
 -4.780256060492e-03, -4.563829901620e-03, -4.981365435036e-03,
 -5.597380761653e-03, -5.781603688753e-03, -5.360678932234e-03,
 -4.787119299504e-03, -4.660986609068e-03, -5.109074308084e-03,
 -5.663779606643e-03, -5.757050613887e-03, -5.308384749725e-03,
 -4.798288702908e-03, -4.760923850927e-03, -5.230967275576e-03,
 -5.717477317724e-03, -5.722146574740e-03, -5.255463397646e-03,
 -4.816086816568e-03, -4.864492816061e-03, -5.345947962631e-03,
 -5.757067431755e-03, -5.677187184443e-03, -5.204100564750e-03,
 -4.842691174211e-03, -4.971899973988e-03, -5.452383086560e-03,
 -5.781231350383e-03, -5.623045821803e-03, -5.156882441717e-03,
 -4.880002986489e-03, -5.082613741926e-03, -5.548164465772e-03,
 -5.788907525879e-03, -5.561278786864e-03, -5.116725168225e-03,
 -4.929477097964e-03, -5.195286585103e-03, -5.630824596562e-03,
 -5.779493037682e-03, -5.494202800431e-03, -5.086742614139e-03,
 -4.991921764532e-03, -5.307712445877e-03, -5.697715810978e-03,
 -5.753066063175e-03, -5.424923524483e-03, -5.070044845191e-03,
 -5.067284018143e-03, -5.416842794922e-03, -5.746258424669e-03,
 -5.710609744664e-03, -5.357291195278e-03, -5.069465751415e-03,
 -5.154444859926e-03, -5.518885912881e-03, -5.774255378167e-03,
 -5.654209111349e-03, -5.295759633523e-03, -5.087227936578e-03,
 -5.251057296700e-03, -5.609511857628e-03]
dQ per increment:
[-2.303445896935e-07, -3.737145369089e-07, -2.283549950933e-07,
  6.305170112452e-08,  2.150937552111e-07,  7.990028732391e-08,
 -2.084242085049e-07, -3.664773042503e-07, -2.399387621110e-07,
  4.614098047476e-08,  2.117009113476e-07,  9.689510160199e-08,
 -1.826187498049e-07, -3.513829642211e-07, -2.450291769021e-07,
  3.033546556530e-08,  2.049763585094e-07,  1.110117306756e-07,
 -1.550299757133e-07, -3.301427211931e-07, -2.439696191038e-07,
  1.639555426841e-08,  1.954990783409e-07,  1.214994547454e-07,
 -1.276947290724e-07, -3.048688196460e-07, -2.376692300205e-07,
  4.792022993260e-09,  1.840388794716e-07,  1.280942077677e-07,
 -1.022653350084e-07, -2.776644927207e-07, -2.273371804587e-07,
 -4.279821998535e-09,  1.714289219086e-07,  1.309683700288e-07,
 -7.985172656823e-08, -2.503246558142e-07, -2.142349204326e-07,
 -1.084738411247e-08,  1.584479067014e-07,  1.306002499210e-07,
 -6.101955821701e-08, -2.241889704440e-07, -1.995010053563e-07,
 -1.509354093793e-08,  1.457387308226e-07,  1.276224479096e-07,
 -4.588924855950e-08, -2.001249774365e-07, -1.840592551367e-07,
 -1.729187853322e-08,  1.337709228935e-07,  1.226934771294e-07,
 -3.427311845569e-08, -1.785916474636e-07, -1.685938165394e-07,
 -1.775376124932e-08,  1.228404726272e-07,  1.164114519568e-07,
 -2.580565765589e-08, -1.597360211165e-07, -1.535663948131e-07,
 -1.679050413463e-08,  1.130923751921e-07,  1.092694205751e-07,
 -2.004501912893e-08, -1.434900750025e-07, -1.392533613949e-07,
 -1.469007675226e-08,  1.045533624044e-07,  1.016422897255e-07,
 -1.654100056014e-08, -1.296522185693e-07, -1.257883024876e-07,
 -1.170519751091e-08,  9.716509228631e-08,  9.379361490171e-08,
 -1.487427096812e-08, -1.179478545097e-07, -1.132015734467e-07,
 -8.050420379803e-09,  9.081268954100e-08,  8.589211769735e-08,
 -1.467435067383e-08, -1.080710673802e-07, -1.014535110436e-07,
 -3.904481047506e-09,  8.534696245392e-08,  7.803175067342e-08,
 -1.562353778208e-08, -9.971068657940e-08, -9.046070717413e-08,
  5.839268157545e-10,  8.060031384417e-08,  7.025135185992e-08,
 -1.745300054696e-08, -9.256527907370e-08, -8.011598286953e-08,
  5.288956048295e-09,  7.639736736547e-08,  6.255220588594e-08,
 -1.993441190199e-08, -8.635090077182e-08, -7.030356236320e-08,
  1.009977830708e-08,  7.256191040736e-08,  5.491314227597e-08,
 -2.287032066462e-08, -8.080429543707e-08, -6.091042770683e-08,
  1.491329992831e-08,  6.892140295544e-08,  4.730323838794e-08,
 -2.608426303207e-08, -7.568391480108e-08, -5.183528438337e-08,
  1.962741622615e-08,  6.531012132754e-08,  3.969257071895e-08,
 -2.941203097436e-08, -7.077007619684e-08, -4.299583785967e-08,
  2.413564253317e-08,  6.157211036167e-08,  3.206142777266e-08,
 -3.269431946441e-08, -6.586573788464e-08, -3.433505970686e-08,
  2.832297230429e-08,  5.756455508273e-08,  2.440847425957e-08,
 -3.577138624894e-08, -6.079799217806e-08, -2.582672045150e-08,
  3.206356326019e-08,  5.316200673948e-08,  1.675781689152e-08,
 -3.847984314433e-08, -5.542129094191e-08, -1.748021510872e-08,
  3.522051618497e-08,  4.826194963982e-08,  9.164972301478e-09,
 -4.065215378820e-08, -4.962225960171e-08, -9.344628259557e-09,
  3.764813782167e-08,  4.279176034263e-08,  1.721530753888e-09,
 -4.211903883306e-08, -4.332600521666e-08, -1.511265309076e-09,
  3.919698187815e-08,  3.671681065437e-08, -5.442147849553e-09,
 -4.271509123407e-08, -3.650385619995e-08,  5.885719669453e-09,
  3.972202878167e-08,  3.004932807617e-08, -1.215687048771e-08,
 -4.228784965515e-08, -2.918145639713e-08,  1.267170678804e-08,
  3.909421967489e-08,  2.285718243237e-08, -1.821821416469e-08,
 -4.071024553055e-08, -2.144663815637e-08,  1.863781259534e-08,
  3.721494434665e-08,  1.527154354364e-08, -2.339443457618e-08,
 -3.789598118555e-08, -1.345526241120e-08,  2.355192775961e-08,
  3.403317385721e-08,  7.491500678483e-09, -2.743986154442e-08,
 -3.381709327410e-08, -5.433546619582e-09,  2.717534480431e-08,
  2.956380423108e-08, -2.156552861635e-10, -3.011402925635e-08,
 -2.852204394194e-08,  2.325176557370e-09,  2.928503450416e-08,
  2.390557781243e-08, -7.521049739598e-09, -3.120651519140e-08,
 -2.215213877783e-08,  9.471303023117e-09,  2.970128797335e-08,
  1.725574105653e-08, -1.404927362381e-08, -3.056650947370e-08,
 -1.495334088931e-08,  1.561900356273e-08]

EXP trajectory 41
outcomes: (0, 0, 0, 0, 0, 0, 0, 0, 0, 0, 0, 0, 0, 0, 0, 0, 0, 0, 0, 0, 0, 0, 0, 0, 0, 0, 0, 0, 0, 0, 0, 0, 0, 0, 0, 0, 0, 0, 0, 0, 0, 0, 0, 0, 0, 0, 0, 0, 0, 0, 0, 0, 0, 0, 0, 0, 0, 0, 0, 0, 0, 0, 0, 0, 0, 0, 0, 0, 0, 0, 0, 0, 0, 0, 0, 0, 0, 0, 0, 0, 0, 0, 0, 0, 0, 0, 0, 0, 0, 0, 0, 0, 0, 0, 0, 0, 0, 0, 0, 0, 0, 0, 0, 0, 0, 0, 0, 0, 0, 0, 0, 0, 0, 0, 0, 0, 0, 0, 0, 0, 0, 0, 0, 0, 0, 0, 0, 0, 0, 0, 0, 0, 0, 0, 0, 0, 0, 0, 0, 0, 0, 0, 0, 0, 0, 0, 0, 0, 0, 0, 0, 0, 0, 0, 0, 0, 0, 0, 0, 0, 0, 0, 0, 0, 0, 0, 0, 0, 0, 0, 0, 0, 0, 0, 0, 0, 0, 0, 0, 0, 0, 0, 0, 0, 0, 0, 0, 0, 0, 0, 0, 0, 0, 0, 0, 0, 0, 0, 0, 0, 0)
p_seq: 0.9922287100657725
DeltaW_total: 0.5301603849893777
DeltaQ_total: -7.719151607382571e-07
dW per increment:
[ 3.471592021139e-03,  3.489908428906e-03,  3.499542792703e-03,
  3.497028079165e-03,  3.482376576295e-03,  3.459130024005e-03,
  3.433383333258e-03,  3.412051153308e-03,  3.400870158988e-03,
  3.402713397428e-03,  3.416710422060e-03,  3.438440127699e-03,
  3.461156066964e-03,  3.477704457890e-03,  3.482589830842e-03,
  3.473592845747e-03,  3.452465789282e-03,  3.424490918368e-03,
  3.397012033791e-03,  3.377347524109e-03,  3.370677421085e-03,
  3.378513174559e-03,  3.398199992864e-03,  3.423611057194e-03,
  3.446852446881e-03,  3.460504343055e-03,  3.459762855192e-03,
  3.443865714532e-03,  3.416381169661e-03,  3.384258974910e-03,
  3.355895587678e-03,  3.338751958154e-03,  3.337198766859e-03,
  3.351209489162e-03,  3.376289061208e-03,  3.404679028904e-03,
  3.427516203855e-03,  3.437344543505e-03,  3.430269528167e-03,
  3.407134656928e-03,  3.373368109511e-03,  3.337520432696e-03,
  3.308886893812e-03,  3.294874975238e-03,  3.298860968572e-03,
  3.319153244814e-03,  3.349376115514e-03,  3.380190563458e-03,
  3.401887676162e-03,  3.407135342613e-03,  3.393102892362e-03,
  3.362350867906e-03,  3.322211620397e-03,  3.282808163888e-03,
  3.254246028792e-03,  3.243755899954e-03,  3.253592696122e-03,
  3.280298007542e-03,  3.315559617075e-03,  3.348456266833e-03,
  3.368481985007e-03,  3.368513748836e-03,  3.346886605744e-03,
  3.307975511301e-03,  3.261091189071e-03,  3.217966880079e-03,
  3.189513415307e-03,  3.182738183902e-03,  3.198694951738e-03,
  3.232059665013e-03,  3.272483945990e-03,  3.307383733533e-03,
  3.325412546804e-03,  3.319662631013e-03,  3.289694066233e-03,
  3.241800872546e-03,  3.187402894879e-03,  3.139972437395e-03,
  3.111321225571e-03,  3.108268423539e-03,  3.130625578207e-03,
  3.171087622738e-03,  3.217101601967e-03,  3.254236837567e-03,
  3.270153219708e-03,  3.258079009022e-03,  3.218822165143e-03,
  3.160724633602e-03,  3.097526103314e-03,  3.044681909479e-03,
  3.015119583406e-03,  3.015595627069e-03,  3.044674015911e-03,
  3.092922697300e-03,  3.145325235042e-03,  3.185293245780e-03,
  3.199209648496e-03,  3.180261868129e-03,  3.130491228227e-03,
  3.060451242069e-03,  2.986511653903e-03,  2.926493760558e-03,
  2.894797634664e-03,  2.898349028616e-03,  2.934500145301e-03,
  2.991509053373e-03,  3.051529780597e-03,  3.095354689673e-03,
  3.107651809330e-03,  3.081273406748e-03,  3.019431538554e-03,
  2.935090631766e-03,  2.847672669210e-03,  2.777908084836e-03,
  2.742193359676e-03,  2.747985388865e-03,  2.791518166976e-03,
  2.858525885362e-03,  2.927853454429e-03,  2.977044695097e-03,
  2.988435731169e-03,  2.954105340171e-03,  2.878302659440e-03,
  2.776623704852e-03,  2.672074159671e-03,  2.589006798452e-03,
  2.546526078143e-03,  2.553139435749e-03,  2.604143225854e-03,
  2.682527892720e-03,  2.763252167938e-03,  2.819817430039e-03,
  2.831420422943e-03,  2.788759249169e-03,  2.696880788532e-03,
  2.574216128261e-03,  2.447960511557e-03,  2.346948888391e-03,
  2.293887735815e-03,  2.299028805124e-03,  2.357037084202e-03,
  2.447988826900e-03,  2.542343890347e-03,  2.608657615212e-03,
  2.622023091986e-03,  2.570982335142e-03,  2.460996823311e-03,
  2.313445207076e-03,  2.160295862955e-03,  2.035773856782e-03,
  1.967189110980e-03,  1.967377690381e-03,  2.030839102211e-03,
  2.134711463212e-03,  2.244452053180e-03,  2.322818203632e-03,
  2.339816139038e-03,  2.280962674844e-03,  2.151589596803e-03,
  1.975927794776e-03,  1.791082260642e-03,  1.637388648561e-03,
  1.547655126121e-03,  1.538156981326e-03,  1.603851242365e-03,
  1.719203159876e-03,  1.844539149339e-03,  1.936350438971e-03,
  1.958870131821e-03,  1.893840379415e-03,  1.745802062390e-03,
  1.541383878163e-03,  1.322648938199e-03,  1.136157894393e-03,
  1.020596391918e-03,  9.962611938334e-04,  1.059267056423e-03,
  1.182123606188e-03,  1.320649646217e-03,  1.425486451986e-03,
  1.455202128376e-03,  1.387497275168e-03,  1.225472717563e-03,
  9.971977101273e-04,  7.485906989935e-04,  5.314232441034e-04,
  3.895953828525e-04,  3.473390862094e-04,  4.025362268560e-04,
  5.270024193518e-04,  6.737378879755e-04,  7.892749176577e-04,
  8.278638852808e-04,  7.637162381879e-04,  5.980127755283e-04,
  3.587656806161e-04,  9.352727539280e-05, -1.431430554426e-04,
 -3.041275490840e-04, -3.622613342138e-04]
dQ per increment:
[-4.162499281889e-10, -8.896106024146e-10, -1.150365450901e-09,
 -1.119499371026e-09, -8.017114363872e-10, -2.854011209221e-10,
  2.817411198005e-10,  7.346852466672e-10,  9.387861848575e-10,
  8.293747238465e-10,  4.317194960898e-10, -1.448441436236e-10,
 -7.371924537827e-10, -1.174808945655e-09, -1.329034235095e-09,
 -1.151043532190e-09, -6.872767344384e-10, -6.770972259436e-11,
  5.302931824127e-10,  9.324338183080e-10,  1.017739948740e-09,
  7.544377596605e-10,  2.106795235230e-10, -4.633608275718e-10,
 -1.077278702008e-09, -1.454444851882e-09, -1.483146725226e-09,
 -1.149750651023e-09, -5.444651461455e-10,  1.627159518236e-10,
  7.692836975076e-10,  1.097732246682e-09,  1.046806066742e-09,
  6.219700737515e-10, -6.424148084154e-11, -8.223532087497e-10,
 -1.438696809472e-09, -1.736003174763e-09, -1.624659441484e-09,
 -1.129985244047e-09, -3.872032243446e-10,  3.949908562121e-10,
  9.924150062932e-10,  1.228965977379e-09,  1.027606012869e-09,
  4.342072565215e-10, -3.930365965413e-10, -1.226302503987e-09,
 -1.831469573221e-09, -2.034275635963e-09, -1.771094322090e-09,
 -1.109046903792e-09, -2.297496703519e-10,  6.197848268679e-10,
  1.195609350781e-09,  1.325903041874e-09,  9.609855062317e-10,
  1.898597915169e-10, -7.819716846703e-10, -1.687972207755e-09,
 -2.274458441357e-09, -2.372298596822e-09, -1.946316578391e-09,
 -1.108130204134e-09, -8.788011963100e-11,  8.278031121906e-10,
  1.375126465605e-09,  1.387593028218e-09,  8.449351906071e-10,
 -1.179749739739e-10, -1.245528577086e-09, -2.230182377639e-09,
 -2.797417589890e-09, -2.783264836811e-09, -2.182712286630e-09,
 -1.154690626643e-09,  1.848150256965e-11,  1.007075776070e-09,
  1.524811284832e-09,  1.409685400963e-09,  6.720105674186e-10,
 -5.043356700145e-10, -1.809080356005e-09, -2.888766425070e-09,
 -3.444073949535e-09, -3.314266422069e-09, -2.525231771627e-09,
 -1.286807543984e-09,  6.091396397706e-11,  1.138674581274e-09,
  1.632213696449e-09,  1.380856694505e-09,  4.259249140447e-10,
 -9.957806811111e-10, -2.512438025530e-09, -3.716654182117e-09,
 -4.277095541237e-09, -4.031890774589e-09, -3.037739189859e-09,
 -1.559839068023e-09, -4.252590684109e-12,  1.190366060279e-09,
  1.672683262624e-09,  1.277688897608e-09,  7.696324361237e-11,
 -1.634709982288e-09, -3.414479586117e-09, -4.789137933664e-09,
 -5.384251458313e-09, -5.029593117207e-09, -3.811371310355e-09,
 -2.055589063115e-09, -2.452423984375e-10,  1.107648860436e-09,
  1.601447945608e-09,  1.057747350862e-09, -4.235767115746e-10,
 -2.484049972011e-09, -4.597305546666e-09, -6.208251334891e-09,
 -6.883759853696e-09, -6.434333082561e-09, -4.972713608454e-09,
 -2.891642708429e-09, -7.648842309852e-10,  8.039711157557e-10,
  1.344938719585e-09,  6.533288375360e-10, -1.146929996289e-09,
 -3.627707477732e-09, -6.164185111890e-09, -8.099032094175e-09,
 -8.920022792343e-09, -8.403247392201e-09, -6.682242508838e-09,
 -4.222090052846e-09, -1.702953441999e-09,  1.580449441566e-10,
  7.999735234594e-10, -2.541834012151e-11, -2.177528917650e-09,
 -5.153715727075e-09, -8.214815033292e-09, -1.057815380239e-08,
 -1.162794102119e-08, -1.108636406982e-08, -9.098355708268e-09,
 -6.204550423894e-09, -3.206554669358e-09, -9.581034671690e-10,
 -1.362147177279e-10, -1.053687524819e-09, -3.564473850305e-09,
 -7.090295248710e-09, -1.076435048064e-08, -1.365679795547e-08,
 -1.502321314291e-08, -1.450997250271e-08, -1.225986503723e-08,
 -8.886758989389e-09, -5.322999759505e-09, -2.577055568562e-09,
 -1.464373694244e-09, -2.383343793589e-09, -5.197650157821e-09,
 -9.259487325161e-09, -1.357071213205e-08, -1.704212612827e-08,
 -1.878325633751e-08, -1.834574921275e-08, -1.585348721256e-08,
 -1.198212082093e-08, -7.790004033709e-09, -4.442781968163e-09,
 -2.903410314037e-09, -3.669984503199e-09, -6.633082979418e-09,
 -1.109317028102e-08, -1.593638639276e-08, -1.992480923194e-08,
 -2.202492055533e-08, -2.168710557866e-08, -1.900009278898e-08,
 -1.467697692927e-08, -9.873976274577e-09, -5.887856854034e-09,
 -3.811810043823e-09, -4.241221069929e-09, -7.109023713453e-09,
 -1.169617381929e-08, -1.681661000697e-08, -2.112857068806e-08,
 -2.349046674755e-08, -2.326613114049e-08, -2.049746850095e-08,
 -1.589733521884e-08, -1.066352138058e-08, -6.162604999763e-09,
 -3.567670676247e-09, -3.546470450644e-09]

================================================================================
TRAJECTORY 42
================================================================================

COMP trajectory 42
outcomes: (0, 0, 0, 0, 0, 0, 0, 0, 0, 0, 0, 0, 0, 0, 0, 0, 0, 0, 0, 0, 0, 0, 0, 0, 0, 0, 0, 0, 0, 0, 0, 0, 0, 0, 0, 0, 0, 0, 0, 0, 0, 0, 0, 0, 0, 0, 0, 0, 0, 0, 0, 0, 0, 0, 0, 0, 0, 0, 0, 0, 0, 0, 0, 0, 0, 0, 0, 0, 0, 0, 0, 0, 0, 0, 0, 0, 0, 0, 0, 0, 0, 0, 0, 0, 0, 0, 0, 0, 0, 0, 0, 0, 0, 0, 0, 0, 0, 0, 0, 0, 0, 0, 0, 0, 0, 0, 0, 0, 0, 0, 0, 0, 0, 0, 0, 0, 0, 0, 0, 0, 0, 0, 0, 0, 0, 0, 0, 0, 0, 0, 0, 0, 0, 0, 0, 0, 0, 0, 0, 0, 0, 0, 0, 0, 0, 0, 0, 0, 0, 0, 0, 0, 0, 0, 0, 0, 0, 0, 0, 0, 0, 0, 0, 0, 0, 0, 0, 0, 0, 0, 0, 0, 0, 0, 0, 0, 0, 0, 0, 0, 0, 0, 0, 0, 0, 0, 0, 0, 0, 0, 0, 0, 0, 0, 0, 0, 0, 0, 0, 0, 0)
p_seq: 0.9711646393507506
DeltaW_total: -0.8254703559926213
DeltaQ_total: -4.164499868344711e-06
dW per increment:
[ 1.573221825758e-03,  3.134225698634e-03,  1.495191472248e-03,
 -1.818410173470e-03, -3.643019679057e-03, -2.283259703793e-03,
  8.314121654003e-04,  2.560741646251e-03,  1.138127896114e-03,
 -2.107932878062e-03, -4.075018812387e-03, -2.935493525278e-03,
  8.680979657250e-05,  1.941298909479e-03,  7.505793541434e-04,
 -2.367704122973e-03, -4.427071274868e-03, -3.511588823436e-03,
 -6.325205688213e-04,  1.298855175149e-03,  3.396538452147e-04,
 -2.603516238699e-03, -4.703663861903e-03, -4.002026710845e-03,
 -1.303484448567e-03,  6.567724896147e-04, -8.510182655641e-05,
 -2.821587458538e-03, -4.914835379770e-03, -4.405884661647e-03,
 -1.910183305348e-03,  3.565060464972e-05, -5.132371009751e-04,
 -3.027298470332e-03, -5.073339001779e-03, -4.728865907634e-03,
 -2.444275699512e-03, -5.486423046008e-04, -9.348428529350e-04,
 -3.224521673861e-03, -5.192133571619e-03, -4.980712787173e-03,
 -2.903939336665e-03, -1.085625631404e-03, -1.341595073573e-03,
 -3.415530324414e-03, -5.282703324543e-03, -5.172819604123e-03,
 -3.292147499682e-03, -1.569847932078e-03, -1.727294307221e-03,
 -3.601287952193e-03, -5.354258896261e-03, -5.316473076707e-03,
 -3.614869638918e-03, -1.999957734029e-03, -2.087961498690e-03,
 -3.781885391360e-03, -5.413607311841e-03, -5.421796081443e-03,
 -3.879557404957e-03, -2.377593005731e-03, -2.421629721690e-03,
 -3.956956462901e-03, -5.465411011832e-03, -5.497269492576e-03,
 -4.094047385047e-03, -2.706343493434e-03, -2.727977972208e-03,
 -4.125989748825e-03, -5.512605403135e-03, -5.549645193128e-03,
 -4.265865411639e-03, -2.990908361619e-03, -3.007920527587e-03,
 -4.288519595002e-03, -5.556829053388e-03, -5.584081868419e-03,
 -4.401851463516e-03, -3.236478843183e-03, -3.263222340834e-03,
 -4.444214393502e-03, -5.598794481354e-03, -5.604382314079e-03,
 -4.508010920821e-03, -3.448324470437e-03, -3.496174112369e-03,
 -4.592891503647e-03, -5.638576436994e-03, -5.613257632877e-03,
 -4.589510306330e-03, -3.631540842013e-03, -3.709335560494e-03,
 -4.734486591206e-03, -5.675821051454e-03, -5.612579000513e-03,
 -4.650756018300e-03, -3.790914109564e-03, -3.905341228638e-03,
 -4.868998771144e-03, -5.709890569744e-03, -5.603600587765e-03,
 -4.695514006782e-03, -3.930862912689e-03, -4.086756904949e-03,
 -4.996426192346e-03, -5.739961228311e-03, -5.587150343032e-03,
 -4.727043558887e-03, -4.055426609789e-03, -4.255973341516e-03,
 -5.116701422967e-03, -5.765090719279e-03, -5.563791824187e-03,
 -4.748228901320e-03, -4.168276489178e-03, -4.415125183618e-03,
 -5.229632570476e-03, -5.784269144659e-03, -5.533962658291e-03,
 -4.761698933649e-03, -4.272733115865e-03, -4.566025450544e-03,
 -5.334854257718e-03, -5.796464622374e-03, -5.498095219046e-03,
 -4.769929084116e-03, -4.371777939717e-03, -4.710108795635e-03,
 -5.431791959246e-03, -5.800672190635e-03, -5.456723787063e-03,
 -4.775320974506e-03, -4.468051045418e-03, -4.848379782789e-03,
 -5.519643341266e-03, -5.795972387943e-03, -5.410580380357e-03,
 -4.780256060492e-03, -4.563829901620e-03, -4.981365435036e-03,
 -5.597380761653e-03, -5.781603688753e-03, -5.360678932234e-03,
 -4.787119299504e-03, -4.660986609068e-03, -5.109074308084e-03,
 -5.663779606643e-03, -5.757050613887e-03, -5.308384749725e-03,
 -4.798288702908e-03, -4.760923850927e-03, -5.230967275576e-03,
 -5.717477317724e-03, -5.722146574740e-03, -5.255463397646e-03,
 -4.816086816568e-03, -4.864492816061e-03, -5.345947962631e-03,
 -5.757067431755e-03, -5.677187184443e-03, -5.204100564750e-03,
 -4.842691174211e-03, -4.971899973988e-03, -5.452383086560e-03,
 -5.781231350383e-03, -5.623045821803e-03, -5.156882441717e-03,
 -4.880002986489e-03, -5.082613741926e-03, -5.548164465772e-03,
 -5.788907525879e-03, -5.561278786864e-03, -5.116725168225e-03,
 -4.929477097964e-03, -5.195286585103e-03, -5.630824596562e-03,
 -5.779493037682e-03, -5.494202800431e-03, -5.086742614139e-03,
 -4.991921764532e-03, -5.307712445877e-03, -5.697715810978e-03,
 -5.753066063175e-03, -5.424923524483e-03, -5.070044845191e-03,
 -5.067284018143e-03, -5.416842794922e-03, -5.746258424669e-03,
 -5.710609744664e-03, -5.357291195278e-03, -5.069465751415e-03,
 -5.154444859926e-03, -5.518885912881e-03, -5.774255378167e-03,
 -5.654209111349e-03, -5.295759633523e-03, -5.087227936578e-03,
 -5.251057296700e-03, -5.609511857628e-03]
dQ per increment:
[-2.303445896935e-07, -3.737145369089e-07, -2.283549950933e-07,
  6.305170112452e-08,  2.150937552111e-07,  7.990028732391e-08,
 -2.084242085049e-07, -3.664773042503e-07, -2.399387621110e-07,
  4.614098047476e-08,  2.117009113476e-07,  9.689510160199e-08,
 -1.826187498049e-07, -3.513829642211e-07, -2.450291769021e-07,
  3.033546556530e-08,  2.049763585094e-07,  1.110117306756e-07,
 -1.550299757133e-07, -3.301427211931e-07, -2.439696191038e-07,
  1.639555426841e-08,  1.954990783409e-07,  1.214994547454e-07,
 -1.276947290724e-07, -3.048688196460e-07, -2.376692300205e-07,
  4.792022993260e-09,  1.840388794716e-07,  1.280942077677e-07,
 -1.022653350084e-07, -2.776644927207e-07, -2.273371804587e-07,
 -4.279821998535e-09,  1.714289219086e-07,  1.309683700288e-07,
 -7.985172656823e-08, -2.503246558142e-07, -2.142349204326e-07,
 -1.084738411247e-08,  1.584479067014e-07,  1.306002499210e-07,
 -6.101955821701e-08, -2.241889704440e-07, -1.995010053563e-07,
 -1.509354093793e-08,  1.457387308226e-07,  1.276224479096e-07,
 -4.588924855950e-08, -2.001249774365e-07, -1.840592551367e-07,
 -1.729187853322e-08,  1.337709228935e-07,  1.226934771294e-07,
 -3.427311845569e-08, -1.785916474636e-07, -1.685938165394e-07,
 -1.775376124932e-08,  1.228404726272e-07,  1.164114519568e-07,
 -2.580565765589e-08, -1.597360211165e-07, -1.535663948131e-07,
 -1.679050413463e-08,  1.130923751921e-07,  1.092694205751e-07,
 -2.004501912893e-08, -1.434900750025e-07, -1.392533613949e-07,
 -1.469007675226e-08,  1.045533624044e-07,  1.016422897255e-07,
 -1.654100056014e-08, -1.296522185693e-07, -1.257883024876e-07,
 -1.170519751091e-08,  9.716509228631e-08,  9.379361490171e-08,
 -1.487427096812e-08, -1.179478545097e-07, -1.132015734467e-07,
 -8.050420379803e-09,  9.081268954100e-08,  8.589211769735e-08,
 -1.467435067383e-08, -1.080710673802e-07, -1.014535110436e-07,
 -3.904481047506e-09,  8.534696245392e-08,  7.803175067342e-08,
 -1.562353778208e-08, -9.971068657940e-08, -9.046070717413e-08,
  5.839268157545e-10,  8.060031384417e-08,  7.025135185992e-08,
 -1.745300054696e-08, -9.256527907370e-08, -8.011598286953e-08,
  5.288956048295e-09,  7.639736736547e-08,  6.255220588594e-08,
 -1.993441190199e-08, -8.635090077182e-08, -7.030356236320e-08,
  1.009977830708e-08,  7.256191040736e-08,  5.491314227597e-08,
 -2.287032066462e-08, -8.080429543707e-08, -6.091042770683e-08,
  1.491329992831e-08,  6.892140295544e-08,  4.730323838794e-08,
 -2.608426303207e-08, -7.568391480108e-08, -5.183528438337e-08,
  1.962741622615e-08,  6.531012132754e-08,  3.969257071895e-08,
 -2.941203097436e-08, -7.077007619684e-08, -4.299583785967e-08,
  2.413564253317e-08,  6.157211036167e-08,  3.206142777266e-08,
 -3.269431946441e-08, -6.586573788464e-08, -3.433505970686e-08,
  2.832297230429e-08,  5.756455508273e-08,  2.440847425957e-08,
 -3.577138624894e-08, -6.079799217806e-08, -2.582672045150e-08,
  3.206356326019e-08,  5.316200673948e-08,  1.675781689152e-08,
 -3.847984314433e-08, -5.542129094191e-08, -1.748021510872e-08,
  3.522051618497e-08,  4.826194963982e-08,  9.164972301478e-09,
 -4.065215378820e-08, -4.962225960171e-08, -9.344628259557e-09,
  3.764813782167e-08,  4.279176034263e-08,  1.721530753888e-09,
 -4.211903883306e-08, -4.332600521666e-08, -1.511265309076e-09,
  3.919698187815e-08,  3.671681065437e-08, -5.442147849553e-09,
 -4.271509123407e-08, -3.650385619995e-08,  5.885719669453e-09,
  3.972202878167e-08,  3.004932807617e-08, -1.215687048771e-08,
 -4.228784965515e-08, -2.918145639713e-08,  1.267170678804e-08,
  3.909421967489e-08,  2.285718243237e-08, -1.821821416469e-08,
 -4.071024553055e-08, -2.144663815637e-08,  1.863781259534e-08,
  3.721494434665e-08,  1.527154354364e-08, -2.339443457618e-08,
 -3.789598118555e-08, -1.345526241120e-08,  2.355192775961e-08,
  3.403317385721e-08,  7.491500678483e-09, -2.743986154442e-08,
 -3.381709327410e-08, -5.433546619582e-09,  2.717534480431e-08,
  2.956380423108e-08, -2.156552861635e-10, -3.011402925635e-08,
 -2.852204394194e-08,  2.325176557370e-09,  2.928503450416e-08,
  2.390557781243e-08, -7.521049739598e-09, -3.120651519140e-08,
 -2.215213877783e-08,  9.471303023117e-09,  2.970128797335e-08,
  1.725574105653e-08, -1.404927362381e-08, -3.056650947370e-08,
 -1.495334088931e-08,  1.561900356273e-08]

EXP trajectory 42
outcomes: (0, 0, 0, 0, 0, 0, 0, 0, 0, 0, 0, 0, 0, 0, 0, 0, 0, 0, 0, 0, 0, 0, 0, 0, 0, 0, 0, 0, 0, 0, 0, 0, 0, 0, 0, 0, 0, 0, 0, 0, 0, 0, 0, 0, 0, 0, 0, 0, 0, 0, 0, 0, 0, 0, 0, 0, 0, 0, 0, 0, 0, 0, 0, 0, 0, 0, 0, 0, 0, 0, 0, 0, 0, 0, 0, 0, 0, 0, 0, 0, 0, 0, 0, 0, 0, 0, 0, 0, 0, 0, 0, 0, 0, 0, 0, 0, 0, 0, 0, 0, 0, 0, 0, 0, 0, 0, 0, 0, 0, 0, 0, 0, 0, 0, 0, 0, 0, 0, 0, 0, 0, 0, 0, 0, 0, 0, 0, 0, 0, 0, 0, 0, 0, 0, 0, 0, 0, 0, 0, 0, 0, 0, 0, 0, 0, 0, 0, 0, 0, 0, 0, 0, 0, 0, 0, 0, 0, 0, 0, 0, 0, 0, 0, 0, 0, 0, 0, 0, 0, 0, 0, 0, 0, 0, 0, 0, 0, 0, 0, 0, 0, 0, 0, 0, 0, 0, 0, 0, 0, 0, 0, 0, 0, 0, 0, 0, 0, 0, 0, 0, 0)
p_seq: 0.9922287100657725
DeltaW_total: 0.5301603849893777
DeltaQ_total: -7.719151607382571e-07
dW per increment:
[ 3.471592021139e-03,  3.489908428906e-03,  3.499542792703e-03,
  3.497028079165e-03,  3.482376576295e-03,  3.459130024005e-03,
  3.433383333258e-03,  3.412051153308e-03,  3.400870158988e-03,
  3.402713397428e-03,  3.416710422060e-03,  3.438440127699e-03,
  3.461156066964e-03,  3.477704457890e-03,  3.482589830842e-03,
  3.473592845747e-03,  3.452465789282e-03,  3.424490918368e-03,
  3.397012033791e-03,  3.377347524109e-03,  3.370677421085e-03,
  3.378513174559e-03,  3.398199992864e-03,  3.423611057194e-03,
  3.446852446881e-03,  3.460504343055e-03,  3.459762855192e-03,
  3.443865714532e-03,  3.416381169661e-03,  3.384258974910e-03,
  3.355895587678e-03,  3.338751958154e-03,  3.337198766859e-03,
  3.351209489162e-03,  3.376289061208e-03,  3.404679028904e-03,
  3.427516203855e-03,  3.437344543505e-03,  3.430269528167e-03,
  3.407134656928e-03,  3.373368109511e-03,  3.337520432696e-03,
  3.308886893812e-03,  3.294874975238e-03,  3.298860968572e-03,
  3.319153244814e-03,  3.349376115514e-03,  3.380190563458e-03,
  3.401887676162e-03,  3.407135342613e-03,  3.393102892362e-03,
  3.362350867906e-03,  3.322211620397e-03,  3.282808163888e-03,
  3.254246028792e-03,  3.243755899954e-03,  3.253592696122e-03,
  3.280298007542e-03,  3.315559617075e-03,  3.348456266833e-03,
  3.368481985007e-03,  3.368513748836e-03,  3.346886605744e-03,
  3.307975511301e-03,  3.261091189071e-03,  3.217966880079e-03,
  3.189513415307e-03,  3.182738183902e-03,  3.198694951738e-03,
  3.232059665013e-03,  3.272483945990e-03,  3.307383733533e-03,
  3.325412546804e-03,  3.319662631013e-03,  3.289694066233e-03,
  3.241800872546e-03,  3.187402894879e-03,  3.139972437395e-03,
  3.111321225571e-03,  3.108268423539e-03,  3.130625578207e-03,
  3.171087622738e-03,  3.217101601967e-03,  3.254236837567e-03,
  3.270153219708e-03,  3.258079009022e-03,  3.218822165143e-03,
  3.160724633602e-03,  3.097526103314e-03,  3.044681909479e-03,
  3.015119583406e-03,  3.015595627069e-03,  3.044674015911e-03,
  3.092922697300e-03,  3.145325235042e-03,  3.185293245780e-03,
  3.199209648496e-03,  3.180261868129e-03,  3.130491228227e-03,
  3.060451242069e-03,  2.986511653903e-03,  2.926493760558e-03,
  2.894797634664e-03,  2.898349028616e-03,  2.934500145301e-03,
  2.991509053373e-03,  3.051529780597e-03,  3.095354689673e-03,
  3.107651809330e-03,  3.081273406748e-03,  3.019431538554e-03,
  2.935090631766e-03,  2.847672669210e-03,  2.777908084836e-03,
  2.742193359676e-03,  2.747985388865e-03,  2.791518166976e-03,
  2.858525885362e-03,  2.927853454429e-03,  2.977044695097e-03,
  2.988435731169e-03,  2.954105340171e-03,  2.878302659440e-03,
  2.776623704852e-03,  2.672074159671e-03,  2.589006798452e-03,
  2.546526078143e-03,  2.553139435749e-03,  2.604143225854e-03,
  2.682527892720e-03,  2.763252167938e-03,  2.819817430039e-03,
  2.831420422943e-03,  2.788759249169e-03,  2.696880788532e-03,
  2.574216128261e-03,  2.447960511557e-03,  2.346948888391e-03,
  2.293887735815e-03,  2.299028805124e-03,  2.357037084202e-03,
  2.447988826900e-03,  2.542343890347e-03,  2.608657615212e-03,
  2.622023091986e-03,  2.570982335142e-03,  2.460996823311e-03,
  2.313445207076e-03,  2.160295862955e-03,  2.035773856782e-03,
  1.967189110980e-03,  1.967377690381e-03,  2.030839102211e-03,
  2.134711463212e-03,  2.244452053180e-03,  2.322818203632e-03,
  2.339816139038e-03,  2.280962674844e-03,  2.151589596803e-03,
  1.975927794776e-03,  1.791082260642e-03,  1.637388648561e-03,
  1.547655126121e-03,  1.538156981326e-03,  1.603851242365e-03,
  1.719203159876e-03,  1.844539149339e-03,  1.936350438971e-03,
  1.958870131821e-03,  1.893840379415e-03,  1.745802062390e-03,
  1.541383878163e-03,  1.322648938199e-03,  1.136157894393e-03,
  1.020596391918e-03,  9.962611938334e-04,  1.059267056423e-03,
  1.182123606188e-03,  1.320649646217e-03,  1.425486451986e-03,
  1.455202128376e-03,  1.387497275168e-03,  1.225472717563e-03,
  9.971977101273e-04,  7.485906989935e-04,  5.314232441034e-04,
  3.895953828525e-04,  3.473390862094e-04,  4.025362268560e-04,
  5.270024193518e-04,  6.737378879755e-04,  7.892749176577e-04,
  8.278638852808e-04,  7.637162381879e-04,  5.980127755283e-04,
  3.587656806161e-04,  9.352727539280e-05, -1.431430554426e-04,
 -3.041275490840e-04, -3.622613342138e-04]
dQ per increment:
[-4.162499281889e-10, -8.896106024146e-10, -1.150365450901e-09,
 -1.119499371026e-09, -8.017114363872e-10, -2.854011209221e-10,
  2.817411198005e-10,  7.346852466672e-10,  9.387861848575e-10,
  8.293747238465e-10,  4.317194960898e-10, -1.448441436236e-10,
 -7.371924537827e-10, -1.174808945655e-09, -1.329034235095e-09,
 -1.151043532190e-09, -6.872767344384e-10, -6.770972259436e-11,
  5.302931824127e-10,  9.324338183080e-10,  1.017739948740e-09,
  7.544377596605e-10,  2.106795235230e-10, -4.633608275718e-10,
 -1.077278702008e-09, -1.454444851882e-09, -1.483146725226e-09,
 -1.149750651023e-09, -5.444651461455e-10,  1.627159518236e-10,
  7.692836975076e-10,  1.097732246682e-09,  1.046806066742e-09,
  6.219700737515e-10, -6.424148084154e-11, -8.223532087497e-10,
 -1.438696809472e-09, -1.736003174763e-09, -1.624659441484e-09,
 -1.129985244047e-09, -3.872032243446e-10,  3.949908562121e-10,
  9.924150062932e-10,  1.228965977379e-09,  1.027606012869e-09,
  4.342072565215e-10, -3.930365965413e-10, -1.226302503987e-09,
 -1.831469573221e-09, -2.034275635963e-09, -1.771094322090e-09,
 -1.109046903792e-09, -2.297496703519e-10,  6.197848268679e-10,
  1.195609350781e-09,  1.325903041874e-09,  9.609855062317e-10,
  1.898597915169e-10, -7.819716846703e-10, -1.687972207755e-09,
 -2.274458441357e-09, -2.372298596822e-09, -1.946316578391e-09,
 -1.108130204134e-09, -8.788011963100e-11,  8.278031121906e-10,
  1.375126465605e-09,  1.387593028218e-09,  8.449351906071e-10,
 -1.179749739739e-10, -1.245528577086e-09, -2.230182377639e-09,
 -2.797417589890e-09, -2.783264836811e-09, -2.182712286630e-09,
 -1.154690626643e-09,  1.848150256965e-11,  1.007075776070e-09,
  1.524811284832e-09,  1.409685400963e-09,  6.720105674186e-10,
 -5.043356700145e-10, -1.809080356005e-09, -2.888766425070e-09,
 -3.444073949535e-09, -3.314266422069e-09, -2.525231771627e-09,
 -1.286807543984e-09,  6.091396397706e-11,  1.138674581274e-09,
  1.632213696449e-09,  1.380856694505e-09,  4.259249140447e-10,
 -9.957806811111e-10, -2.512438025530e-09, -3.716654182117e-09,
 -4.277095541237e-09, -4.031890774589e-09, -3.037739189859e-09,
 -1.559839068023e-09, -4.252590684109e-12,  1.190366060279e-09,
  1.672683262624e-09,  1.277688897608e-09,  7.696324361237e-11,
 -1.634709982288e-09, -3.414479586117e-09, -4.789137933664e-09,
 -5.384251458313e-09, -5.029593117207e-09, -3.811371310355e-09,
 -2.055589063115e-09, -2.452423984375e-10,  1.107648860436e-09,
  1.601447945608e-09,  1.057747350862e-09, -4.235767115746e-10,
 -2.484049972011e-09, -4.597305546666e-09, -6.208251334891e-09,
 -6.883759853696e-09, -6.434333082561e-09, -4.972713608454e-09,
 -2.891642708429e-09, -7.648842309852e-10,  8.039711157557e-10,
  1.344938719585e-09,  6.533288375360e-10, -1.146929996289e-09,
 -3.627707477732e-09, -6.164185111890e-09, -8.099032094175e-09,
 -8.920022792343e-09, -8.403247392201e-09, -6.682242508838e-09,
 -4.222090052846e-09, -1.702953441999e-09,  1.580449441566e-10,
  7.999735234594e-10, -2.541834012151e-11, -2.177528917650e-09,
 -5.153715727075e-09, -8.214815033292e-09, -1.057815380239e-08,
 -1.162794102119e-08, -1.108636406982e-08, -9.098355708268e-09,
 -6.204550423894e-09, -3.206554669358e-09, -9.581034671690e-10,
 -1.362147177279e-10, -1.053687524819e-09, -3.564473850305e-09,
 -7.090295248710e-09, -1.076435048064e-08, -1.365679795547e-08,
 -1.502321314291e-08, -1.450997250271e-08, -1.225986503723e-08,
 -8.886758989389e-09, -5.322999759505e-09, -2.577055568562e-09,
 -1.464373694244e-09, -2.383343793589e-09, -5.197650157821e-09,
 -9.259487325161e-09, -1.357071213205e-08, -1.704212612827e-08,
 -1.878325633751e-08, -1.834574921275e-08, -1.585348721256e-08,
 -1.198212082093e-08, -7.790004033709e-09, -4.442781968163e-09,
 -2.903410314037e-09, -3.669984503199e-09, -6.633082979418e-09,
 -1.109317028102e-08, -1.593638639276e-08, -1.992480923194e-08,
 -2.202492055533e-08, -2.168710557866e-08, -1.900009278898e-08,
 -1.467697692927e-08, -9.873976274577e-09, -5.887856854034e-09,
 -3.811810043823e-09, -4.241221069929e-09, -7.109023713453e-09,
 -1.169617381929e-08, -1.681661000697e-08, -2.112857068806e-08,
 -2.349046674755e-08, -2.326613114049e-08, -2.049746850095e-08,
 -1.589733521884e-08, -1.066352138058e-08, -6.162604999763e-09,
 -3.567670676247e-09, -3.546470450644e-09]

================================================================================
TRAJECTORY 43
================================================================================

COMP trajectory 43
outcomes: (0, 0, 0, 0, 0, 0, 0, 0, 0, 0, 0, 0, 0, 0, 0, 0, 0, 0, 0, 0, 0, 0, 0, 0, 0, 0, 0, 0, 0, 0, 0, 0, 0, 0, 0, 0, 0, 0, 0, 0, 0, 0, 0, 0, 0, 0, 0, 0, 0, 0, 0, 0, 0, 0, 0, 0, 0, 0, 0, 0, 0, 0, 0, 0, 0, 0, 0, 0, 0, 0, 0, 0, 0, 0, 0, 0, 0, 0, 0, 0, 0, 0, 0, 0, 0, 0, 0, 0, 0, 0, 0, 0, 0, 0, 0, 0, 0, 0, 0, 0, 0, 0, 0, 0, 0, 0, 0, 0, 0, 0, 0, 0, 0, 0, 0, 0, 0, 0, 0, 0, 0, 0, 0, 0, 0, 0, 0, 0, 0, 0, 0, 0, 0, 0, 0, 0, 0, 0, 0, 0, 0, 0, 0, 0, 0, 0, 0, 0, 0, 0, 0, 0, 0, 0, 0, 0, 0, 0, 0, 0, 0, 0, 0, 0, 0, 0, 0, 0, 0, 0, 0, 0, 0, 0, 0, 0, 0, 0, 0, 0, 0, 0, 0, 0, 0, 0, 0, 0, 0, 0, 0, 0, 0, 0, 0, 0, 0, 0, 0, 0, 0)
p_seq: 0.9711646393507506
DeltaW_total: -0.8254703559926213
DeltaQ_total: -4.164499868344711e-06
dW per increment:
[ 1.573221825758e-03,  3.134225698634e-03,  1.495191472248e-03,
 -1.818410173470e-03, -3.643019679057e-03, -2.283259703793e-03,
  8.314121654003e-04,  2.560741646251e-03,  1.138127896114e-03,
 -2.107932878062e-03, -4.075018812387e-03, -2.935493525278e-03,
  8.680979657250e-05,  1.941298909479e-03,  7.505793541434e-04,
 -2.367704122973e-03, -4.427071274868e-03, -3.511588823436e-03,
 -6.325205688213e-04,  1.298855175149e-03,  3.396538452147e-04,
 -2.603516238699e-03, -4.703663861903e-03, -4.002026710845e-03,
 -1.303484448567e-03,  6.567724896147e-04, -8.510182655641e-05,
 -2.821587458538e-03, -4.914835379770e-03, -4.405884661647e-03,
 -1.910183305348e-03,  3.565060464972e-05, -5.132371009751e-04,
 -3.027298470332e-03, -5.073339001779e-03, -4.728865907634e-03,
 -2.444275699512e-03, -5.486423046008e-04, -9.348428529350e-04,
 -3.224521673861e-03, -5.192133571619e-03, -4.980712787173e-03,
 -2.903939336665e-03, -1.085625631404e-03, -1.341595073573e-03,
 -3.415530324414e-03, -5.282703324543e-03, -5.172819604123e-03,
 -3.292147499682e-03, -1.569847932078e-03, -1.727294307221e-03,
 -3.601287952193e-03, -5.354258896261e-03, -5.316473076707e-03,
 -3.614869638918e-03, -1.999957734029e-03, -2.087961498690e-03,
 -3.781885391360e-03, -5.413607311841e-03, -5.421796081443e-03,
 -3.879557404957e-03, -2.377593005731e-03, -2.421629721690e-03,
 -3.956956462901e-03, -5.465411011832e-03, -5.497269492576e-03,
 -4.094047385047e-03, -2.706343493434e-03, -2.727977972208e-03,
 -4.125989748825e-03, -5.512605403135e-03, -5.549645193128e-03,
 -4.265865411639e-03, -2.990908361619e-03, -3.007920527587e-03,
 -4.288519595002e-03, -5.556829053388e-03, -5.584081868419e-03,
 -4.401851463516e-03, -3.236478843183e-03, -3.263222340834e-03,
 -4.444214393502e-03, -5.598794481354e-03, -5.604382314079e-03,
 -4.508010920821e-03, -3.448324470437e-03, -3.496174112369e-03,
 -4.592891503647e-03, -5.638576436994e-03, -5.613257632877e-03,
 -4.589510306330e-03, -3.631540842013e-03, -3.709335560494e-03,
 -4.734486591206e-03, -5.675821051454e-03, -5.612579000513e-03,
 -4.650756018300e-03, -3.790914109564e-03, -3.905341228638e-03,
 -4.868998771144e-03, -5.709890569744e-03, -5.603600587765e-03,
 -4.695514006782e-03, -3.930862912689e-03, -4.086756904949e-03,
 -4.996426192346e-03, -5.739961228311e-03, -5.587150343032e-03,
 -4.727043558887e-03, -4.055426609789e-03, -4.255973341516e-03,
 -5.116701422967e-03, -5.765090719279e-03, -5.563791824187e-03,
 -4.748228901320e-03, -4.168276489178e-03, -4.415125183618e-03,
 -5.229632570476e-03, -5.784269144659e-03, -5.533962658291e-03,
 -4.761698933649e-03, -4.272733115865e-03, -4.566025450544e-03,
 -5.334854257718e-03, -5.796464622374e-03, -5.498095219046e-03,
 -4.769929084116e-03, -4.371777939717e-03, -4.710108795635e-03,
 -5.431791959246e-03, -5.800672190635e-03, -5.456723787063e-03,
 -4.775320974506e-03, -4.468051045418e-03, -4.848379782789e-03,
 -5.519643341266e-03, -5.795972387943e-03, -5.410580380357e-03,
 -4.780256060492e-03, -4.563829901620e-03, -4.981365435036e-03,
 -5.597380761653e-03, -5.781603688753e-03, -5.360678932234e-03,
 -4.787119299504e-03, -4.660986609068e-03, -5.109074308084e-03,
 -5.663779606643e-03, -5.757050613887e-03, -5.308384749725e-03,
 -4.798288702908e-03, -4.760923850927e-03, -5.230967275576e-03,
 -5.717477317724e-03, -5.722146574740e-03, -5.255463397646e-03,
 -4.816086816568e-03, -4.864492816061e-03, -5.345947962631e-03,
 -5.757067431755e-03, -5.677187184443e-03, -5.204100564750e-03,
 -4.842691174211e-03, -4.971899973988e-03, -5.452383086560e-03,
 -5.781231350383e-03, -5.623045821803e-03, -5.156882441717e-03,
 -4.880002986489e-03, -5.082613741926e-03, -5.548164465772e-03,
 -5.788907525879e-03, -5.561278786864e-03, -5.116725168225e-03,
 -4.929477097964e-03, -5.195286585103e-03, -5.630824596562e-03,
 -5.779493037682e-03, -5.494202800431e-03, -5.086742614139e-03,
 -4.991921764532e-03, -5.307712445877e-03, -5.697715810978e-03,
 -5.753066063175e-03, -5.424923524483e-03, -5.070044845191e-03,
 -5.067284018143e-03, -5.416842794922e-03, -5.746258424669e-03,
 -5.710609744664e-03, -5.357291195278e-03, -5.069465751415e-03,
 -5.154444859926e-03, -5.518885912881e-03, -5.774255378167e-03,
 -5.654209111349e-03, -5.295759633523e-03, -5.087227936578e-03,
 -5.251057296700e-03, -5.609511857628e-03]
dQ per increment:
[-2.303445896935e-07, -3.737145369089e-07, -2.283549950933e-07,
  6.305170112452e-08,  2.150937552111e-07,  7.990028732391e-08,
 -2.084242085049e-07, -3.664773042503e-07, -2.399387621110e-07,
  4.614098047476e-08,  2.117009113476e-07,  9.689510160199e-08,
 -1.826187498049e-07, -3.513829642211e-07, -2.450291769021e-07,
  3.033546556530e-08,  2.049763585094e-07,  1.110117306756e-07,
 -1.550299757133e-07, -3.301427211931e-07, -2.439696191038e-07,
  1.639555426841e-08,  1.954990783409e-07,  1.214994547454e-07,
 -1.276947290724e-07, -3.048688196460e-07, -2.376692300205e-07,
  4.792022993260e-09,  1.840388794716e-07,  1.280942077677e-07,
 -1.022653350084e-07, -2.776644927207e-07, -2.273371804587e-07,
 -4.279821998535e-09,  1.714289219086e-07,  1.309683700288e-07,
 -7.985172656823e-08, -2.503246558142e-07, -2.142349204326e-07,
 -1.084738411247e-08,  1.584479067014e-07,  1.306002499210e-07,
 -6.101955821701e-08, -2.241889704440e-07, -1.995010053563e-07,
 -1.509354093793e-08,  1.457387308226e-07,  1.276224479096e-07,
 -4.588924855950e-08, -2.001249774365e-07, -1.840592551367e-07,
 -1.729187853322e-08,  1.337709228935e-07,  1.226934771294e-07,
 -3.427311845569e-08, -1.785916474636e-07, -1.685938165394e-07,
 -1.775376124932e-08,  1.228404726272e-07,  1.164114519568e-07,
 -2.580565765589e-08, -1.597360211165e-07, -1.535663948131e-07,
 -1.679050413463e-08,  1.130923751921e-07,  1.092694205751e-07,
 -2.004501912893e-08, -1.434900750025e-07, -1.392533613949e-07,
 -1.469007675226e-08,  1.045533624044e-07,  1.016422897255e-07,
 -1.654100056014e-08, -1.296522185693e-07, -1.257883024876e-07,
 -1.170519751091e-08,  9.716509228631e-08,  9.379361490171e-08,
 -1.487427096812e-08, -1.179478545097e-07, -1.132015734467e-07,
 -8.050420379803e-09,  9.081268954100e-08,  8.589211769735e-08,
 -1.467435067383e-08, -1.080710673802e-07, -1.014535110436e-07,
 -3.904481047506e-09,  8.534696245392e-08,  7.803175067342e-08,
 -1.562353778208e-08, -9.971068657940e-08, -9.046070717413e-08,
  5.839268157545e-10,  8.060031384417e-08,  7.025135185992e-08,
 -1.745300054696e-08, -9.256527907370e-08, -8.011598286953e-08,
  5.288956048295e-09,  7.639736736547e-08,  6.255220588594e-08,
 -1.993441190199e-08, -8.635090077182e-08, -7.030356236320e-08,
  1.009977830708e-08,  7.256191040736e-08,  5.491314227597e-08,
 -2.287032066462e-08, -8.080429543707e-08, -6.091042770683e-08,
  1.491329992831e-08,  6.892140295544e-08,  4.730323838794e-08,
 -2.608426303207e-08, -7.568391480108e-08, -5.183528438337e-08,
  1.962741622615e-08,  6.531012132754e-08,  3.969257071895e-08,
 -2.941203097436e-08, -7.077007619684e-08, -4.299583785967e-08,
  2.413564253317e-08,  6.157211036167e-08,  3.206142777266e-08,
 -3.269431946441e-08, -6.586573788464e-08, -3.433505970686e-08,
  2.832297230429e-08,  5.756455508273e-08,  2.440847425957e-08,
 -3.577138624894e-08, -6.079799217806e-08, -2.582672045150e-08,
  3.206356326019e-08,  5.316200673948e-08,  1.675781689152e-08,
 -3.847984314433e-08, -5.542129094191e-08, -1.748021510872e-08,
  3.522051618497e-08,  4.826194963982e-08,  9.164972301478e-09,
 -4.065215378820e-08, -4.962225960171e-08, -9.344628259557e-09,
  3.764813782167e-08,  4.279176034263e-08,  1.721530753888e-09,
 -4.211903883306e-08, -4.332600521666e-08, -1.511265309076e-09,
  3.919698187815e-08,  3.671681065437e-08, -5.442147849553e-09,
 -4.271509123407e-08, -3.650385619995e-08,  5.885719669453e-09,
  3.972202878167e-08,  3.004932807617e-08, -1.215687048771e-08,
 -4.228784965515e-08, -2.918145639713e-08,  1.267170678804e-08,
  3.909421967489e-08,  2.285718243237e-08, -1.821821416469e-08,
 -4.071024553055e-08, -2.144663815637e-08,  1.863781259534e-08,
  3.721494434665e-08,  1.527154354364e-08, -2.339443457618e-08,
 -3.789598118555e-08, -1.345526241120e-08,  2.355192775961e-08,
  3.403317385721e-08,  7.491500678483e-09, -2.743986154442e-08,
 -3.381709327410e-08, -5.433546619582e-09,  2.717534480431e-08,
  2.956380423108e-08, -2.156552861635e-10, -3.011402925635e-08,
 -2.852204394194e-08,  2.325176557370e-09,  2.928503450416e-08,
  2.390557781243e-08, -7.521049739598e-09, -3.120651519140e-08,
 -2.215213877783e-08,  9.471303023117e-09,  2.970128797335e-08,
  1.725574105653e-08, -1.404927362381e-08, -3.056650947370e-08,
 -1.495334088931e-08,  1.561900356273e-08]

EXP trajectory 43
outcomes: (0, 0, 0, 0, 0, 0, 0, 0, 0, 0, 0, 0, 0, 0, 0, 0, 0, 0, 0, 0, 0, 0, 0, 0, 0, 0, 0, 0, 0, 0, 0, 0, 0, 0, 0, 0, 0, 0, 0, 0, 0, 0, 0, 0, 0, 0, 0, 0, 0, 0, 0, 0, 0, 0, 0, 0, 0, 0, 0, 0, 0, 0, 0, 0, 0, 0, 0, 0, 0, 0, 0, 0, 0, 0, 0, 0, 0, 0, 0, 0, 0, 0, 0, 0, 0, 0, 0, 0, 0, 0, 0, 0, 0, 0, 0, 0, 0, 0, 0, 0, 0, 0, 0, 0, 0, 0, 0, 0, 0, 0, 0, 0, 0, 0, 0, 0, 0, 0, 0, 0, 0, 0, 0, 0, 0, 0, 0, 0, 0, 0, 0, 0, 0, 0, 0, 0, 0, 0, 0, 0, 0, 0, 0, 0, 0, 0, 0, 0, 0, 0, 0, 0, 0, 0, 0, 0, 0, 0, 0, 0, 0, 0, 0, 0, 0, 0, 0, 0, 0, 0, 0, 0, 0, 0, 0, 0, 0, 0, 0, 0, 0, 0, 0, 0, 0, 0, 0, 0, 0, 0, 0, 0, 0, 0, 0, 0, 0, 0, 0, 0, 0)
p_seq: 0.9922287100657725
DeltaW_total: 0.5301603849893777
DeltaQ_total: -7.719151607382571e-07
dW per increment:
[ 3.471592021139e-03,  3.489908428906e-03,  3.499542792703e-03,
  3.497028079165e-03,  3.482376576295e-03,  3.459130024005e-03,
  3.433383333258e-03,  3.412051153308e-03,  3.400870158988e-03,
  3.402713397428e-03,  3.416710422060e-03,  3.438440127699e-03,
  3.461156066964e-03,  3.477704457890e-03,  3.482589830842e-03,
  3.473592845747e-03,  3.452465789282e-03,  3.424490918368e-03,
  3.397012033791e-03,  3.377347524109e-03,  3.370677421085e-03,
  3.378513174559e-03,  3.398199992864e-03,  3.423611057194e-03,
  3.446852446881e-03,  3.460504343055e-03,  3.459762855192e-03,
  3.443865714532e-03,  3.416381169661e-03,  3.384258974910e-03,
  3.355895587678e-03,  3.338751958154e-03,  3.337198766859e-03,
  3.351209489162e-03,  3.376289061208e-03,  3.404679028904e-03,
  3.427516203855e-03,  3.437344543505e-03,  3.430269528167e-03,
  3.407134656928e-03,  3.373368109511e-03,  3.337520432696e-03,
  3.308886893812e-03,  3.294874975238e-03,  3.298860968572e-03,
  3.319153244814e-03,  3.349376115514e-03,  3.380190563458e-03,
  3.401887676162e-03,  3.407135342613e-03,  3.393102892362e-03,
  3.362350867906e-03,  3.322211620397e-03,  3.282808163888e-03,
  3.254246028792e-03,  3.243755899954e-03,  3.253592696122e-03,
  3.280298007542e-03,  3.315559617075e-03,  3.348456266833e-03,
  3.368481985007e-03,  3.368513748836e-03,  3.346886605744e-03,
  3.307975511301e-03,  3.261091189071e-03,  3.217966880079e-03,
  3.189513415307e-03,  3.182738183902e-03,  3.198694951738e-03,
  3.232059665013e-03,  3.272483945990e-03,  3.307383733533e-03,
  3.325412546804e-03,  3.319662631013e-03,  3.289694066233e-03,
  3.241800872546e-03,  3.187402894879e-03,  3.139972437395e-03,
  3.111321225571e-03,  3.108268423539e-03,  3.130625578207e-03,
  3.171087622738e-03,  3.217101601967e-03,  3.254236837567e-03,
  3.270153219708e-03,  3.258079009022e-03,  3.218822165143e-03,
  3.160724633602e-03,  3.097526103314e-03,  3.044681909479e-03,
  3.015119583406e-03,  3.015595627069e-03,  3.044674015911e-03,
  3.092922697300e-03,  3.145325235042e-03,  3.185293245780e-03,
  3.199209648496e-03,  3.180261868129e-03,  3.130491228227e-03,
  3.060451242069e-03,  2.986511653903e-03,  2.926493760558e-03,
  2.894797634664e-03,  2.898349028616e-03,  2.934500145301e-03,
  2.991509053373e-03,  3.051529780597e-03,  3.095354689673e-03,
  3.107651809330e-03,  3.081273406748e-03,  3.019431538554e-03,
  2.935090631766e-03,  2.847672669210e-03,  2.777908084836e-03,
  2.742193359676e-03,  2.747985388865e-03,  2.791518166976e-03,
  2.858525885362e-03,  2.927853454429e-03,  2.977044695097e-03,
  2.988435731169e-03,  2.954105340171e-03,  2.878302659440e-03,
  2.776623704852e-03,  2.672074159671e-03,  2.589006798452e-03,
  2.546526078143e-03,  2.553139435749e-03,  2.604143225854e-03,
  2.682527892720e-03,  2.763252167938e-03,  2.819817430039e-03,
  2.831420422943e-03,  2.788759249169e-03,  2.696880788532e-03,
  2.574216128261e-03,  2.447960511557e-03,  2.346948888391e-03,
  2.293887735815e-03,  2.299028805124e-03,  2.357037084202e-03,
  2.447988826900e-03,  2.542343890347e-03,  2.608657615212e-03,
  2.622023091986e-03,  2.570982335142e-03,  2.460996823311e-03,
  2.313445207076e-03,  2.160295862955e-03,  2.035773856782e-03,
  1.967189110980e-03,  1.967377690381e-03,  2.030839102211e-03,
  2.134711463212e-03,  2.244452053180e-03,  2.322818203632e-03,
  2.339816139038e-03,  2.280962674844e-03,  2.151589596803e-03,
  1.975927794776e-03,  1.791082260642e-03,  1.637388648561e-03,
  1.547655126121e-03,  1.538156981326e-03,  1.603851242365e-03,
  1.719203159876e-03,  1.844539149339e-03,  1.936350438971e-03,
  1.958870131821e-03,  1.893840379415e-03,  1.745802062390e-03,
  1.541383878163e-03,  1.322648938199e-03,  1.136157894393e-03,
  1.020596391918e-03,  9.962611938334e-04,  1.059267056423e-03,
  1.182123606188e-03,  1.320649646217e-03,  1.425486451986e-03,
  1.455202128376e-03,  1.387497275168e-03,  1.225472717563e-03,
  9.971977101273e-04,  7.485906989935e-04,  5.314232441034e-04,
  3.895953828525e-04,  3.473390862094e-04,  4.025362268560e-04,
  5.270024193518e-04,  6.737378879755e-04,  7.892749176577e-04,
  8.278638852808e-04,  7.637162381879e-04,  5.980127755283e-04,
  3.587656806161e-04,  9.352727539280e-05, -1.431430554426e-04,
 -3.041275490840e-04, -3.622613342138e-04]
dQ per increment:
[-4.162499281889e-10, -8.896106024146e-10, -1.150365450901e-09,
 -1.119499371026e-09, -8.017114363872e-10, -2.854011209221e-10,
  2.817411198005e-10,  7.346852466672e-10,  9.387861848575e-10,
  8.293747238465e-10,  4.317194960898e-10, -1.448441436236e-10,
 -7.371924537827e-10, -1.174808945655e-09, -1.329034235095e-09,
 -1.151043532190e-09, -6.872767344384e-10, -6.770972259436e-11,
  5.302931824127e-10,  9.324338183080e-10,  1.017739948740e-09,
  7.544377596605e-10,  2.106795235230e-10, -4.633608275718e-10,
 -1.077278702008e-09, -1.454444851882e-09, -1.483146725226e-09,
 -1.149750651023e-09, -5.444651461455e-10,  1.627159518236e-10,
  7.692836975076e-10,  1.097732246682e-09,  1.046806066742e-09,
  6.219700737515e-10, -6.424148084154e-11, -8.223532087497e-10,
 -1.438696809472e-09, -1.736003174763e-09, -1.624659441484e-09,
 -1.129985244047e-09, -3.872032243446e-10,  3.949908562121e-10,
  9.924150062932e-10,  1.228965977379e-09,  1.027606012869e-09,
  4.342072565215e-10, -3.930365965413e-10, -1.226302503987e-09,
 -1.831469573221e-09, -2.034275635963e-09, -1.771094322090e-09,
 -1.109046903792e-09, -2.297496703519e-10,  6.197848268679e-10,
  1.195609350781e-09,  1.325903041874e-09,  9.609855062317e-10,
  1.898597915169e-10, -7.819716846703e-10, -1.687972207755e-09,
 -2.274458441357e-09, -2.372298596822e-09, -1.946316578391e-09,
 -1.108130204134e-09, -8.788011963100e-11,  8.278031121906e-10,
  1.375126465605e-09,  1.387593028218e-09,  8.449351906071e-10,
 -1.179749739739e-10, -1.245528577086e-09, -2.230182377639e-09,
 -2.797417589890e-09, -2.783264836811e-09, -2.182712286630e-09,
 -1.154690626643e-09,  1.848150256965e-11,  1.007075776070e-09,
  1.524811284832e-09,  1.409685400963e-09,  6.720105674186e-10,
 -5.043356700145e-10, -1.809080356005e-09, -2.888766425070e-09,
 -3.444073949535e-09, -3.314266422069e-09, -2.525231771627e-09,
 -1.286807543984e-09,  6.091396397706e-11,  1.138674581274e-09,
  1.632213696449e-09,  1.380856694505e-09,  4.259249140447e-10,
 -9.957806811111e-10, -2.512438025530e-09, -3.716654182117e-09,
 -4.277095541237e-09, -4.031890774589e-09, -3.037739189859e-09,
 -1.559839068023e-09, -4.252590684109e-12,  1.190366060279e-09,
  1.672683262624e-09,  1.277688897608e-09,  7.696324361237e-11,
 -1.634709982288e-09, -3.414479586117e-09, -4.789137933664e-09,
 -5.384251458313e-09, -5.029593117207e-09, -3.811371310355e-09,
 -2.055589063115e-09, -2.452423984375e-10,  1.107648860436e-09,
  1.601447945608e-09,  1.057747350862e-09, -4.235767115746e-10,
 -2.484049972011e-09, -4.597305546666e-09, -6.208251334891e-09,
 -6.883759853696e-09, -6.434333082561e-09, -4.972713608454e-09,
 -2.891642708429e-09, -7.648842309852e-10,  8.039711157557e-10,
  1.344938719585e-09,  6.533288375360e-10, -1.146929996289e-09,
 -3.627707477732e-09, -6.164185111890e-09, -8.099032094175e-09,
 -8.920022792343e-09, -8.403247392201e-09, -6.682242508838e-09,
 -4.222090052846e-09, -1.702953441999e-09,  1.580449441566e-10,
  7.999735234594e-10, -2.541834012151e-11, -2.177528917650e-09,
 -5.153715727075e-09, -8.214815033292e-09, -1.057815380239e-08,
 -1.162794102119e-08, -1.108636406982e-08, -9.098355708268e-09,
 -6.204550423894e-09, -3.206554669358e-09, -9.581034671690e-10,
 -1.362147177279e-10, -1.053687524819e-09, -3.564473850305e-09,
 -7.090295248710e-09, -1.076435048064e-08, -1.365679795547e-08,
 -1.502321314291e-08, -1.450997250271e-08, -1.225986503723e-08,
 -8.886758989389e-09, -5.322999759505e-09, -2.577055568562e-09,
 -1.464373694244e-09, -2.383343793589e-09, -5.197650157821e-09,
 -9.259487325161e-09, -1.357071213205e-08, -1.704212612827e-08,
 -1.878325633751e-08, -1.834574921275e-08, -1.585348721256e-08,
 -1.198212082093e-08, -7.790004033709e-09, -4.442781968163e-09,
 -2.903410314037e-09, -3.669984503199e-09, -6.633082979418e-09,
 -1.109317028102e-08, -1.593638639276e-08, -1.992480923194e-08,
 -2.202492055533e-08, -2.168710557866e-08, -1.900009278898e-08,
 -1.467697692927e-08, -9.873976274577e-09, -5.887856854034e-09,
 -3.811810043823e-09, -4.241221069929e-09, -7.109023713453e-09,
 -1.169617381929e-08, -1.681661000697e-08, -2.112857068806e-08,
 -2.349046674755e-08, -2.326613114049e-08, -2.049746850095e-08,
 -1.589733521884e-08, -1.066352138058e-08, -6.162604999763e-09,
 -3.567670676247e-09, -3.546470450644e-09]

================================================================================
TRAJECTORY 44
================================================================================

COMP trajectory 44
outcomes: (0, 0, 0, 0, 0, 0, 0, 0, 0, 0, 0, 0, 0, 0, 0, 0, 0, 0, 0, 0, 0, 0, 0, 0, 0, 0, 0, 0, 0, 0, 0, 0, 0, 0, 0, 0, 0, 0, 0, 0, 0, 0, 0, 0, 0, 0, 0, 0, 0, 0, 0, 0, 0, 0, 0, 0, 0, 0, 0, 0, 0, 0, 0, 0, 0, 0, 0, 0, 0, 0, 0, 0, 0, 0, 0, 0, 0, 0, 0, 0, 0, 0, 0, 0, 0, 0, 0, 0, 0, 0, 0, 0, 0, 0, 0, 0, 0, 0, 0, 0, 0, 0, 0, 0, 0, 0, 0, 0, 0, 0, 0, 0, 0, 0, 0, 0, 0, 0, 0, 0, 0, 0, 0, 0, 0, 0, 0, 0, 0, 0, 0, 0, 0, 0, 0, 0, 0, 0, 0, 0, 0, 0, 0, 0, 0, 0, 0, 0, 0, 0, 0, 0, 0, 0, 0, 0, 0, 0, 0, 0, 0, 0, 0, 0, 0, 0, 0, 0, 0, 0, 0, 0, 0, 0, 0, 0, 0, 0, 0, 0, 0, 0, 0, 0, 0, 0, 0, 0, 0, 0, 0, 0, 0, 0, 0, 0, 0, 0, 0, 0, 0)
p_seq: 0.9711646393507506
DeltaW_total: -0.8254703559926213
DeltaQ_total: -4.164499868344711e-06
dW per increment:
[ 1.573221825758e-03,  3.134225698634e-03,  1.495191472248e-03,
 -1.818410173470e-03, -3.643019679057e-03, -2.283259703793e-03,
  8.314121654003e-04,  2.560741646251e-03,  1.138127896114e-03,
 -2.107932878062e-03, -4.075018812387e-03, -2.935493525278e-03,
  8.680979657250e-05,  1.941298909479e-03,  7.505793541434e-04,
 -2.367704122973e-03, -4.427071274868e-03, -3.511588823436e-03,
 -6.325205688213e-04,  1.298855175149e-03,  3.396538452147e-04,
 -2.603516238699e-03, -4.703663861903e-03, -4.002026710845e-03,
 -1.303484448567e-03,  6.567724896147e-04, -8.510182655641e-05,
 -2.821587458538e-03, -4.914835379770e-03, -4.405884661647e-03,
 -1.910183305348e-03,  3.565060464972e-05, -5.132371009751e-04,
 -3.027298470332e-03, -5.073339001779e-03, -4.728865907634e-03,
 -2.444275699512e-03, -5.486423046008e-04, -9.348428529350e-04,
 -3.224521673861e-03, -5.192133571619e-03, -4.980712787173e-03,
 -2.903939336665e-03, -1.085625631404e-03, -1.341595073573e-03,
 -3.415530324414e-03, -5.282703324543e-03, -5.172819604123e-03,
 -3.292147499682e-03, -1.569847932078e-03, -1.727294307221e-03,
 -3.601287952193e-03, -5.354258896261e-03, -5.316473076707e-03,
 -3.614869638918e-03, -1.999957734029e-03, -2.087961498690e-03,
 -3.781885391360e-03, -5.413607311841e-03, -5.421796081443e-03,
 -3.879557404957e-03, -2.377593005731e-03, -2.421629721690e-03,
 -3.956956462901e-03, -5.465411011832e-03, -5.497269492576e-03,
 -4.094047385047e-03, -2.706343493434e-03, -2.727977972208e-03,
 -4.125989748825e-03, -5.512605403135e-03, -5.549645193128e-03,
 -4.265865411639e-03, -2.990908361619e-03, -3.007920527587e-03,
 -4.288519595002e-03, -5.556829053388e-03, -5.584081868419e-03,
 -4.401851463516e-03, -3.236478843183e-03, -3.263222340834e-03,
 -4.444214393502e-03, -5.598794481354e-03, -5.604382314079e-03,
 -4.508010920821e-03, -3.448324470437e-03, -3.496174112369e-03,
 -4.592891503647e-03, -5.638576436994e-03, -5.613257632877e-03,
 -4.589510306330e-03, -3.631540842013e-03, -3.709335560494e-03,
 -4.734486591206e-03, -5.675821051454e-03, -5.612579000513e-03,
 -4.650756018300e-03, -3.790914109564e-03, -3.905341228638e-03,
 -4.868998771144e-03, -5.709890569744e-03, -5.603600587765e-03,
 -4.695514006782e-03, -3.930862912689e-03, -4.086756904949e-03,
 -4.996426192346e-03, -5.739961228311e-03, -5.587150343032e-03,
 -4.727043558887e-03, -4.055426609789e-03, -4.255973341516e-03,
 -5.116701422967e-03, -5.765090719279e-03, -5.563791824187e-03,
 -4.748228901320e-03, -4.168276489178e-03, -4.415125183618e-03,
 -5.229632570476e-03, -5.784269144659e-03, -5.533962658291e-03,
 -4.761698933649e-03, -4.272733115865e-03, -4.566025450544e-03,
 -5.334854257718e-03, -5.796464622374e-03, -5.498095219046e-03,
 -4.769929084116e-03, -4.371777939717e-03, -4.710108795635e-03,
 -5.431791959246e-03, -5.800672190635e-03, -5.456723787063e-03,
 -4.775320974506e-03, -4.468051045418e-03, -4.848379782789e-03,
 -5.519643341266e-03, -5.795972387943e-03, -5.410580380357e-03,
 -4.780256060492e-03, -4.563829901620e-03, -4.981365435036e-03,
 -5.597380761653e-03, -5.781603688753e-03, -5.360678932234e-03,
 -4.787119299504e-03, -4.660986609068e-03, -5.109074308084e-03,
 -5.663779606643e-03, -5.757050613887e-03, -5.308384749725e-03,
 -4.798288702908e-03, -4.760923850927e-03, -5.230967275576e-03,
 -5.717477317724e-03, -5.722146574740e-03, -5.255463397646e-03,
 -4.816086816568e-03, -4.864492816061e-03, -5.345947962631e-03,
 -5.757067431755e-03, -5.677187184443e-03, -5.204100564750e-03,
 -4.842691174211e-03, -4.971899973988e-03, -5.452383086560e-03,
 -5.781231350383e-03, -5.623045821803e-03, -5.156882441717e-03,
 -4.880002986489e-03, -5.082613741926e-03, -5.548164465772e-03,
 -5.788907525879e-03, -5.561278786864e-03, -5.116725168225e-03,
 -4.929477097964e-03, -5.195286585103e-03, -5.630824596562e-03,
 -5.779493037682e-03, -5.494202800431e-03, -5.086742614139e-03,
 -4.991921764532e-03, -5.307712445877e-03, -5.697715810978e-03,
 -5.753066063175e-03, -5.424923524483e-03, -5.070044845191e-03,
 -5.067284018143e-03, -5.416842794922e-03, -5.746258424669e-03,
 -5.710609744664e-03, -5.357291195278e-03, -5.069465751415e-03,
 -5.154444859926e-03, -5.518885912881e-03, -5.774255378167e-03,
 -5.654209111349e-03, -5.295759633523e-03, -5.087227936578e-03,
 -5.251057296700e-03, -5.609511857628e-03]
dQ per increment:
[-2.303445896935e-07, -3.737145369089e-07, -2.283549950933e-07,
  6.305170112452e-08,  2.150937552111e-07,  7.990028732391e-08,
 -2.084242085049e-07, -3.664773042503e-07, -2.399387621110e-07,
  4.614098047476e-08,  2.117009113476e-07,  9.689510160199e-08,
 -1.826187498049e-07, -3.513829642211e-07, -2.450291769021e-07,
  3.033546556530e-08,  2.049763585094e-07,  1.110117306756e-07,
 -1.550299757133e-07, -3.301427211931e-07, -2.439696191038e-07,
  1.639555426841e-08,  1.954990783409e-07,  1.214994547454e-07,
 -1.276947290724e-07, -3.048688196460e-07, -2.376692300205e-07,
  4.792022993260e-09,  1.840388794716e-07,  1.280942077677e-07,
 -1.022653350084e-07, -2.776644927207e-07, -2.273371804587e-07,
 -4.279821998535e-09,  1.714289219086e-07,  1.309683700288e-07,
 -7.985172656823e-08, -2.503246558142e-07, -2.142349204326e-07,
 -1.084738411247e-08,  1.584479067014e-07,  1.306002499210e-07,
 -6.101955821701e-08, -2.241889704440e-07, -1.995010053563e-07,
 -1.509354093793e-08,  1.457387308226e-07,  1.276224479096e-07,
 -4.588924855950e-08, -2.001249774365e-07, -1.840592551367e-07,
 -1.729187853322e-08,  1.337709228935e-07,  1.226934771294e-07,
 -3.427311845569e-08, -1.785916474636e-07, -1.685938165394e-07,
 -1.775376124932e-08,  1.228404726272e-07,  1.164114519568e-07,
 -2.580565765589e-08, -1.597360211165e-07, -1.535663948131e-07,
 -1.679050413463e-08,  1.130923751921e-07,  1.092694205751e-07,
 -2.004501912893e-08, -1.434900750025e-07, -1.392533613949e-07,
 -1.469007675226e-08,  1.045533624044e-07,  1.016422897255e-07,
 -1.654100056014e-08, -1.296522185693e-07, -1.257883024876e-07,
 -1.170519751091e-08,  9.716509228631e-08,  9.379361490171e-08,
 -1.487427096812e-08, -1.179478545097e-07, -1.132015734467e-07,
 -8.050420379803e-09,  9.081268954100e-08,  8.589211769735e-08,
 -1.467435067383e-08, -1.080710673802e-07, -1.014535110436e-07,
 -3.904481047506e-09,  8.534696245392e-08,  7.803175067342e-08,
 -1.562353778208e-08, -9.971068657940e-08, -9.046070717413e-08,
  5.839268157545e-10,  8.060031384417e-08,  7.025135185992e-08,
 -1.745300054696e-08, -9.256527907370e-08, -8.011598286953e-08,
  5.288956048295e-09,  7.639736736547e-08,  6.255220588594e-08,
 -1.993441190199e-08, -8.635090077182e-08, -7.030356236320e-08,
  1.009977830708e-08,  7.256191040736e-08,  5.491314227597e-08,
 -2.287032066462e-08, -8.080429543707e-08, -6.091042770683e-08,
  1.491329992831e-08,  6.892140295544e-08,  4.730323838794e-08,
 -2.608426303207e-08, -7.568391480108e-08, -5.183528438337e-08,
  1.962741622615e-08,  6.531012132754e-08,  3.969257071895e-08,
 -2.941203097436e-08, -7.077007619684e-08, -4.299583785967e-08,
  2.413564253317e-08,  6.157211036167e-08,  3.206142777266e-08,
 -3.269431946441e-08, -6.586573788464e-08, -3.433505970686e-08,
  2.832297230429e-08,  5.756455508273e-08,  2.440847425957e-08,
 -3.577138624894e-08, -6.079799217806e-08, -2.582672045150e-08,
  3.206356326019e-08,  5.316200673948e-08,  1.675781689152e-08,
 -3.847984314433e-08, -5.542129094191e-08, -1.748021510872e-08,
  3.522051618497e-08,  4.826194963982e-08,  9.164972301478e-09,
 -4.065215378820e-08, -4.962225960171e-08, -9.344628259557e-09,
  3.764813782167e-08,  4.279176034263e-08,  1.721530753888e-09,
 -4.211903883306e-08, -4.332600521666e-08, -1.511265309076e-09,
  3.919698187815e-08,  3.671681065437e-08, -5.442147849553e-09,
 -4.271509123407e-08, -3.650385619995e-08,  5.885719669453e-09,
  3.972202878167e-08,  3.004932807617e-08, -1.215687048771e-08,
 -4.228784965515e-08, -2.918145639713e-08,  1.267170678804e-08,
  3.909421967489e-08,  2.285718243237e-08, -1.821821416469e-08,
 -4.071024553055e-08, -2.144663815637e-08,  1.863781259534e-08,
  3.721494434665e-08,  1.527154354364e-08, -2.339443457618e-08,
 -3.789598118555e-08, -1.345526241120e-08,  2.355192775961e-08,
  3.403317385721e-08,  7.491500678483e-09, -2.743986154442e-08,
 -3.381709327410e-08, -5.433546619582e-09,  2.717534480431e-08,
  2.956380423108e-08, -2.156552861635e-10, -3.011402925635e-08,
 -2.852204394194e-08,  2.325176557370e-09,  2.928503450416e-08,
  2.390557781243e-08, -7.521049739598e-09, -3.120651519140e-08,
 -2.215213877783e-08,  9.471303023117e-09,  2.970128797335e-08,
  1.725574105653e-08, -1.404927362381e-08, -3.056650947370e-08,
 -1.495334088931e-08,  1.561900356273e-08]

EXP trajectory 44
outcomes: (0, 0, 0, 0, 0, 0, 0, 0, 0, 0, 0, 0, 0, 0, 0, 0, 0, 0, 0, 0, 0, 0, 0, 0, 0, 0, 0, 0, 0, 0, 0, 0, 0, 0, 0, 0, 0, 0, 0, 0, 0, 0, 0, 0, 0, 0, 0, 0, 0, 0, 0, 0, 0, 0, 0, 0, 0, 0, 0, 0, 0, 0, 0, 0, 0, 0, 0, 0, 0, 0, 0, 0, 0, 0, 0, 0, 0, 0, 0, 0, 0, 0, 0, 0, 0, 0, 0, 0, 0, 0, 0, 0, 0, 0, 0, 0, 0, 0, 0, 0, 0, 0, 0, 0, 0, 0, 0, 0, 0, 0, 0, 0, 0, 0, 0, 0, 0, 0, 0, 0, 0, 0, 0, 0, 0, 0, 0, 0, 0, 0, 0, 0, 0, 0, 0, 0, 0, 0, 0, 0, 0, 0, 0, 0, 0, 0, 0, 0, 0, 0, 0, 0, 0, 0, 0, 0, 0, 0, 0, 0, 0, 0, 0, 0, 0, 0, 0, 0, 0, 0, 0, 0, 0, 0, 0, 0, 0, 0, 0, 0, 0, 0, 0, 0, 0, 0, 0, 0, 0, 0, 0, 0, 0, 0, 0, 0, 0, 0, 0, 0, 0)
p_seq: 0.9922287100657725
DeltaW_total: 0.5301603849893777
DeltaQ_total: -7.719151607382571e-07
dW per increment:
[ 3.471592021139e-03,  3.489908428906e-03,  3.499542792703e-03,
  3.497028079165e-03,  3.482376576295e-03,  3.459130024005e-03,
  3.433383333258e-03,  3.412051153308e-03,  3.400870158988e-03,
  3.402713397428e-03,  3.416710422060e-03,  3.438440127699e-03,
  3.461156066964e-03,  3.477704457890e-03,  3.482589830842e-03,
  3.473592845747e-03,  3.452465789282e-03,  3.424490918368e-03,
  3.397012033791e-03,  3.377347524109e-03,  3.370677421085e-03,
  3.378513174559e-03,  3.398199992864e-03,  3.423611057194e-03,
  3.446852446881e-03,  3.460504343055e-03,  3.459762855192e-03,
  3.443865714532e-03,  3.416381169661e-03,  3.384258974910e-03,
  3.355895587678e-03,  3.338751958154e-03,  3.337198766859e-03,
  3.351209489162e-03,  3.376289061208e-03,  3.404679028904e-03,
  3.427516203855e-03,  3.437344543505e-03,  3.430269528167e-03,
  3.407134656928e-03,  3.373368109511e-03,  3.337520432696e-03,
  3.308886893812e-03,  3.294874975238e-03,  3.298860968572e-03,
  3.319153244814e-03,  3.349376115514e-03,  3.380190563458e-03,
  3.401887676162e-03,  3.407135342613e-03,  3.393102892362e-03,
  3.362350867906e-03,  3.322211620397e-03,  3.282808163888e-03,
  3.254246028792e-03,  3.243755899954e-03,  3.253592696122e-03,
  3.280298007542e-03,  3.315559617075e-03,  3.348456266833e-03,
  3.368481985007e-03,  3.368513748836e-03,  3.346886605744e-03,
  3.307975511301e-03,  3.261091189071e-03,  3.217966880079e-03,
  3.189513415307e-03,  3.182738183902e-03,  3.198694951738e-03,
  3.232059665013e-03,  3.272483945990e-03,  3.307383733533e-03,
  3.325412546804e-03,  3.319662631013e-03,  3.289694066233e-03,
  3.241800872546e-03,  3.187402894879e-03,  3.139972437395e-03,
  3.111321225571e-03,  3.108268423539e-03,  3.130625578207e-03,
  3.171087622738e-03,  3.217101601967e-03,  3.254236837567e-03,
  3.270153219708e-03,  3.258079009022e-03,  3.218822165143e-03,
  3.160724633602e-03,  3.097526103314e-03,  3.044681909479e-03,
  3.015119583406e-03,  3.015595627069e-03,  3.044674015911e-03,
  3.092922697300e-03,  3.145325235042e-03,  3.185293245780e-03,
  3.199209648496e-03,  3.180261868129e-03,  3.130491228227e-03,
  3.060451242069e-03,  2.986511653903e-03,  2.926493760558e-03,
  2.894797634664e-03,  2.898349028616e-03,  2.934500145301e-03,
  2.991509053373e-03,  3.051529780597e-03,  3.095354689673e-03,
  3.107651809330e-03,  3.081273406748e-03,  3.019431538554e-03,
  2.935090631766e-03,  2.847672669210e-03,  2.777908084836e-03,
  2.742193359676e-03,  2.747985388865e-03,  2.791518166976e-03,
  2.858525885362e-03,  2.927853454429e-03,  2.977044695097e-03,
  2.988435731169e-03,  2.954105340171e-03,  2.878302659440e-03,
  2.776623704852e-03,  2.672074159671e-03,  2.589006798452e-03,
  2.546526078143e-03,  2.553139435749e-03,  2.604143225854e-03,
  2.682527892720e-03,  2.763252167938e-03,  2.819817430039e-03,
  2.831420422943e-03,  2.788759249169e-03,  2.696880788532e-03,
  2.574216128261e-03,  2.447960511557e-03,  2.346948888391e-03,
  2.293887735815e-03,  2.299028805124e-03,  2.357037084202e-03,
  2.447988826900e-03,  2.542343890347e-03,  2.608657615212e-03,
  2.622023091986e-03,  2.570982335142e-03,  2.460996823311e-03,
  2.313445207076e-03,  2.160295862955e-03,  2.035773856782e-03,
  1.967189110980e-03,  1.967377690381e-03,  2.030839102211e-03,
  2.134711463212e-03,  2.244452053180e-03,  2.322818203632e-03,
  2.339816139038e-03,  2.280962674844e-03,  2.151589596803e-03,
  1.975927794776e-03,  1.791082260642e-03,  1.637388648561e-03,
  1.547655126121e-03,  1.538156981326e-03,  1.603851242365e-03,
  1.719203159876e-03,  1.844539149339e-03,  1.936350438971e-03,
  1.958870131821e-03,  1.893840379415e-03,  1.745802062390e-03,
  1.541383878163e-03,  1.322648938199e-03,  1.136157894393e-03,
  1.020596391918e-03,  9.962611938334e-04,  1.059267056423e-03,
  1.182123606188e-03,  1.320649646217e-03,  1.425486451986e-03,
  1.455202128376e-03,  1.387497275168e-03,  1.225472717563e-03,
  9.971977101273e-04,  7.485906989935e-04,  5.314232441034e-04,
  3.895953828525e-04,  3.473390862094e-04,  4.025362268560e-04,
  5.270024193518e-04,  6.737378879755e-04,  7.892749176577e-04,
  8.278638852808e-04,  7.637162381879e-04,  5.980127755283e-04,
  3.587656806161e-04,  9.352727539280e-05, -1.431430554426e-04,
 -3.041275490840e-04, -3.622613342138e-04]
dQ per increment:
[-4.162499281889e-10, -8.896106024146e-10, -1.150365450901e-09,
 -1.119499371026e-09, -8.017114363872e-10, -2.854011209221e-10,
  2.817411198005e-10,  7.346852466672e-10,  9.387861848575e-10,
  8.293747238465e-10,  4.317194960898e-10, -1.448441436236e-10,
 -7.371924537827e-10, -1.174808945655e-09, -1.329034235095e-09,
 -1.151043532190e-09, -6.872767344384e-10, -6.770972259436e-11,
  5.302931824127e-10,  9.324338183080e-10,  1.017739948740e-09,
  7.544377596605e-10,  2.106795235230e-10, -4.633608275718e-10,
 -1.077278702008e-09, -1.454444851882e-09, -1.483146725226e-09,
 -1.149750651023e-09, -5.444651461455e-10,  1.627159518236e-10,
  7.692836975076e-10,  1.097732246682e-09,  1.046806066742e-09,
  6.219700737515e-10, -6.424148084154e-11, -8.223532087497e-10,
 -1.438696809472e-09, -1.736003174763e-09, -1.624659441484e-09,
 -1.129985244047e-09, -3.872032243446e-10,  3.949908562121e-10,
  9.924150062932e-10,  1.228965977379e-09,  1.027606012869e-09,
  4.342072565215e-10, -3.930365965413e-10, -1.226302503987e-09,
 -1.831469573221e-09, -2.034275635963e-09, -1.771094322090e-09,
 -1.109046903792e-09, -2.297496703519e-10,  6.197848268679e-10,
  1.195609350781e-09,  1.325903041874e-09,  9.609855062317e-10,
  1.898597915169e-10, -7.819716846703e-10, -1.687972207755e-09,
 -2.274458441357e-09, -2.372298596822e-09, -1.946316578391e-09,
 -1.108130204134e-09, -8.788011963100e-11,  8.278031121906e-10,
  1.375126465605e-09,  1.387593028218e-09,  8.449351906071e-10,
 -1.179749739739e-10, -1.245528577086e-09, -2.230182377639e-09,
 -2.797417589890e-09, -2.783264836811e-09, -2.182712286630e-09,
 -1.154690626643e-09,  1.848150256965e-11,  1.007075776070e-09,
  1.524811284832e-09,  1.409685400963e-09,  6.720105674186e-10,
 -5.043356700145e-10, -1.809080356005e-09, -2.888766425070e-09,
 -3.444073949535e-09, -3.314266422069e-09, -2.525231771627e-09,
 -1.286807543984e-09,  6.091396397706e-11,  1.138674581274e-09,
  1.632213696449e-09,  1.380856694505e-09,  4.259249140447e-10,
 -9.957806811111e-10, -2.512438025530e-09, -3.716654182117e-09,
 -4.277095541237e-09, -4.031890774589e-09, -3.037739189859e-09,
 -1.559839068023e-09, -4.252590684109e-12,  1.190366060279e-09,
  1.672683262624e-09,  1.277688897608e-09,  7.696324361237e-11,
 -1.634709982288e-09, -3.414479586117e-09, -4.789137933664e-09,
 -5.384251458313e-09, -5.029593117207e-09, -3.811371310355e-09,
 -2.055589063115e-09, -2.452423984375e-10,  1.107648860436e-09,
  1.601447945608e-09,  1.057747350862e-09, -4.235767115746e-10,
 -2.484049972011e-09, -4.597305546666e-09, -6.208251334891e-09,
 -6.883759853696e-09, -6.434333082561e-09, -4.972713608454e-09,
 -2.891642708429e-09, -7.648842309852e-10,  8.039711157557e-10,
  1.344938719585e-09,  6.533288375360e-10, -1.146929996289e-09,
 -3.627707477732e-09, -6.164185111890e-09, -8.099032094175e-09,
 -8.920022792343e-09, -8.403247392201e-09, -6.682242508838e-09,
 -4.222090052846e-09, -1.702953441999e-09,  1.580449441566e-10,
  7.999735234594e-10, -2.541834012151e-11, -2.177528917650e-09,
 -5.153715727075e-09, -8.214815033292e-09, -1.057815380239e-08,
 -1.162794102119e-08, -1.108636406982e-08, -9.098355708268e-09,
 -6.204550423894e-09, -3.206554669358e-09, -9.581034671690e-10,
 -1.362147177279e-10, -1.053687524819e-09, -3.564473850305e-09,
 -7.090295248710e-09, -1.076435048064e-08, -1.365679795547e-08,
 -1.502321314291e-08, -1.450997250271e-08, -1.225986503723e-08,
 -8.886758989389e-09, -5.322999759505e-09, -2.577055568562e-09,
 -1.464373694244e-09, -2.383343793589e-09, -5.197650157821e-09,
 -9.259487325161e-09, -1.357071213205e-08, -1.704212612827e-08,
 -1.878325633751e-08, -1.834574921275e-08, -1.585348721256e-08,
 -1.198212082093e-08, -7.790004033709e-09, -4.442781968163e-09,
 -2.903410314037e-09, -3.669984503199e-09, -6.633082979418e-09,
 -1.109317028102e-08, -1.593638639276e-08, -1.992480923194e-08,
 -2.202492055533e-08, -2.168710557866e-08, -1.900009278898e-08,
 -1.467697692927e-08, -9.873976274577e-09, -5.887856854034e-09,
 -3.811810043823e-09, -4.241221069929e-09, -7.109023713453e-09,
 -1.169617381929e-08, -1.681661000697e-08, -2.112857068806e-08,
 -2.349046674755e-08, -2.326613114049e-08, -2.049746850095e-08,
 -1.589733521884e-08, -1.066352138058e-08, -6.162604999763e-09,
 -3.567670676247e-09, -3.546470450644e-09]

================================================================================
TRAJECTORY 45
================================================================================

COMP trajectory 45
outcomes: (0, 0, 0, 0, 0, 0, 0, 0, 0, 0, 0, 0, 0, 0, 0, 0, 0, 0, 0, 0, 0, 0, 0, 0, 0, 0, 0, 0, 0, 0, 0, 0, 0, 0, 0, 0, 0, 0, 0, 0, 0, 0, 0, 0, 0, 0, 0, 0, 0, 0, 0, 0, 0, 0, 0, 0, 0, 0, 0, 0, 0, 0, 0, 0, 0, 0, 0, 0, 0, 0, 0, 0, 0, 0, 0, 0, 0, 0, 0, 0, 0, 0, 0, 0, 0, 0, 0, 0, 0, 0, 0, 0, 0, 0, 0, 0, 0, 0, 0, 0, 0, 0, 0, 0, 0, 0, 0, 0, 0, 0, 0, 0, 0, 0, 0, 0, 0, 0, 0, 0, 0, 0, 0, 0, 0, 0, 0, 0, 0, 0, 0, 0, 0, 0, 0, 0, 0, 0, 0, 0, 0, 0, 0, 0, 0, 0, 0, 0, 0, 0, 0, 0, 0, 0, 0, 0, 0, 0, 0, 0, 0, 0, 0, 0, 0, 0, 0, 0, 0, 0, 0, 0, 0, 0, 0, 0, 0, 0, 0, 0, 0, 0, 0, 0, 0, 0, 0, 0, 0, 0, 0, 0, 0, 0, 0, 0, 0, 0, 0, 0, 0)
p_seq: 0.9711646393507506
DeltaW_total: -0.8254703559926213
DeltaQ_total: -4.164499868344711e-06
dW per increment:
[ 1.573221825758e-03,  3.134225698634e-03,  1.495191472248e-03,
 -1.818410173470e-03, -3.643019679057e-03, -2.283259703793e-03,
  8.314121654003e-04,  2.560741646251e-03,  1.138127896114e-03,
 -2.107932878062e-03, -4.075018812387e-03, -2.935493525278e-03,
  8.680979657250e-05,  1.941298909479e-03,  7.505793541434e-04,
 -2.367704122973e-03, -4.427071274868e-03, -3.511588823436e-03,
 -6.325205688213e-04,  1.298855175149e-03,  3.396538452147e-04,
 -2.603516238699e-03, -4.703663861903e-03, -4.002026710845e-03,
 -1.303484448567e-03,  6.567724896147e-04, -8.510182655641e-05,
 -2.821587458538e-03, -4.914835379770e-03, -4.405884661647e-03,
 -1.910183305348e-03,  3.565060464972e-05, -5.132371009751e-04,
 -3.027298470332e-03, -5.073339001779e-03, -4.728865907634e-03,
 -2.444275699512e-03, -5.486423046008e-04, -9.348428529350e-04,
 -3.224521673861e-03, -5.192133571619e-03, -4.980712787173e-03,
 -2.903939336665e-03, -1.085625631404e-03, -1.341595073573e-03,
 -3.415530324414e-03, -5.282703324543e-03, -5.172819604123e-03,
 -3.292147499682e-03, -1.569847932078e-03, -1.727294307221e-03,
 -3.601287952193e-03, -5.354258896261e-03, -5.316473076707e-03,
 -3.614869638918e-03, -1.999957734029e-03, -2.087961498690e-03,
 -3.781885391360e-03, -5.413607311841e-03, -5.421796081443e-03,
 -3.879557404957e-03, -2.377593005731e-03, -2.421629721690e-03,
 -3.956956462901e-03, -5.465411011832e-03, -5.497269492576e-03,
 -4.094047385047e-03, -2.706343493434e-03, -2.727977972208e-03,
 -4.125989748825e-03, -5.512605403135e-03, -5.549645193128e-03,
 -4.265865411639e-03, -2.990908361619e-03, -3.007920527587e-03,
 -4.288519595002e-03, -5.556829053388e-03, -5.584081868419e-03,
 -4.401851463516e-03, -3.236478843183e-03, -3.263222340834e-03,
 -4.444214393502e-03, -5.598794481354e-03, -5.604382314079e-03,
 -4.508010920821e-03, -3.448324470437e-03, -3.496174112369e-03,
 -4.592891503647e-03, -5.638576436994e-03, -5.613257632877e-03,
 -4.589510306330e-03, -3.631540842013e-03, -3.709335560494e-03,
 -4.734486591206e-03, -5.675821051454e-03, -5.612579000513e-03,
 -4.650756018300e-03, -3.790914109564e-03, -3.905341228638e-03,
 -4.868998771144e-03, -5.709890569744e-03, -5.603600587765e-03,
 -4.695514006782e-03, -3.930862912689e-03, -4.086756904949e-03,
 -4.996426192346e-03, -5.739961228311e-03, -5.587150343032e-03,
 -4.727043558887e-03, -4.055426609789e-03, -4.255973341516e-03,
 -5.116701422967e-03, -5.765090719279e-03, -5.563791824187e-03,
 -4.748228901320e-03, -4.168276489178e-03, -4.415125183618e-03,
 -5.229632570476e-03, -5.784269144659e-03, -5.533962658291e-03,
 -4.761698933649e-03, -4.272733115865e-03, -4.566025450544e-03,
 -5.334854257718e-03, -5.796464622374e-03, -5.498095219046e-03,
 -4.769929084116e-03, -4.371777939717e-03, -4.710108795635e-03,
 -5.431791959246e-03, -5.800672190635e-03, -5.456723787063e-03,
 -4.775320974506e-03, -4.468051045418e-03, -4.848379782789e-03,
 -5.519643341266e-03, -5.795972387943e-03, -5.410580380357e-03,
 -4.780256060492e-03, -4.563829901620e-03, -4.981365435036e-03,
 -5.597380761653e-03, -5.781603688753e-03, -5.360678932234e-03,
 -4.787119299504e-03, -4.660986609068e-03, -5.109074308084e-03,
 -5.663779606643e-03, -5.757050613887e-03, -5.308384749725e-03,
 -4.798288702908e-03, -4.760923850927e-03, -5.230967275576e-03,
 -5.717477317724e-03, -5.722146574740e-03, -5.255463397646e-03,
 -4.816086816568e-03, -4.864492816061e-03, -5.345947962631e-03,
 -5.757067431755e-03, -5.677187184443e-03, -5.204100564750e-03,
 -4.842691174211e-03, -4.971899973988e-03, -5.452383086560e-03,
 -5.781231350383e-03, -5.623045821803e-03, -5.156882441717e-03,
 -4.880002986489e-03, -5.082613741926e-03, -5.548164465772e-03,
 -5.788907525879e-03, -5.561278786864e-03, -5.116725168225e-03,
 -4.929477097964e-03, -5.195286585103e-03, -5.630824596562e-03,
 -5.779493037682e-03, -5.494202800431e-03, -5.086742614139e-03,
 -4.991921764532e-03, -5.307712445877e-03, -5.697715810978e-03,
 -5.753066063175e-03, -5.424923524483e-03, -5.070044845191e-03,
 -5.067284018143e-03, -5.416842794922e-03, -5.746258424669e-03,
 -5.710609744664e-03, -5.357291195278e-03, -5.069465751415e-03,
 -5.154444859926e-03, -5.518885912881e-03, -5.774255378167e-03,
 -5.654209111349e-03, -5.295759633523e-03, -5.087227936578e-03,
 -5.251057296700e-03, -5.609511857628e-03]
dQ per increment:
[-2.303445896935e-07, -3.737145369089e-07, -2.283549950933e-07,
  6.305170112452e-08,  2.150937552111e-07,  7.990028732391e-08,
 -2.084242085049e-07, -3.664773042503e-07, -2.399387621110e-07,
  4.614098047476e-08,  2.117009113476e-07,  9.689510160199e-08,
 -1.826187498049e-07, -3.513829642211e-07, -2.450291769021e-07,
  3.033546556530e-08,  2.049763585094e-07,  1.110117306756e-07,
 -1.550299757133e-07, -3.301427211931e-07, -2.439696191038e-07,
  1.639555426841e-08,  1.954990783409e-07,  1.214994547454e-07,
 -1.276947290724e-07, -3.048688196460e-07, -2.376692300205e-07,
  4.792022993260e-09,  1.840388794716e-07,  1.280942077677e-07,
 -1.022653350084e-07, -2.776644927207e-07, -2.273371804587e-07,
 -4.279821998535e-09,  1.714289219086e-07,  1.309683700288e-07,
 -7.985172656823e-08, -2.503246558142e-07, -2.142349204326e-07,
 -1.084738411247e-08,  1.584479067014e-07,  1.306002499210e-07,
 -6.101955821701e-08, -2.241889704440e-07, -1.995010053563e-07,
 -1.509354093793e-08,  1.457387308226e-07,  1.276224479096e-07,
 -4.588924855950e-08, -2.001249774365e-07, -1.840592551367e-07,
 -1.729187853322e-08,  1.337709228935e-07,  1.226934771294e-07,
 -3.427311845569e-08, -1.785916474636e-07, -1.685938165394e-07,
 -1.775376124932e-08,  1.228404726272e-07,  1.164114519568e-07,
 -2.580565765589e-08, -1.597360211165e-07, -1.535663948131e-07,
 -1.679050413463e-08,  1.130923751921e-07,  1.092694205751e-07,
 -2.004501912893e-08, -1.434900750025e-07, -1.392533613949e-07,
 -1.469007675226e-08,  1.045533624044e-07,  1.016422897255e-07,
 -1.654100056014e-08, -1.296522185693e-07, -1.257883024876e-07,
 -1.170519751091e-08,  9.716509228631e-08,  9.379361490171e-08,
 -1.487427096812e-08, -1.179478545097e-07, -1.132015734467e-07,
 -8.050420379803e-09,  9.081268954100e-08,  8.589211769735e-08,
 -1.467435067383e-08, -1.080710673802e-07, -1.014535110436e-07,
 -3.904481047506e-09,  8.534696245392e-08,  7.803175067342e-08,
 -1.562353778208e-08, -9.971068657940e-08, -9.046070717413e-08,
  5.839268157545e-10,  8.060031384417e-08,  7.025135185992e-08,
 -1.745300054696e-08, -9.256527907370e-08, -8.011598286953e-08,
  5.288956048295e-09,  7.639736736547e-08,  6.255220588594e-08,
 -1.993441190199e-08, -8.635090077182e-08, -7.030356236320e-08,
  1.009977830708e-08,  7.256191040736e-08,  5.491314227597e-08,
 -2.287032066462e-08, -8.080429543707e-08, -6.091042770683e-08,
  1.491329992831e-08,  6.892140295544e-08,  4.730323838794e-08,
 -2.608426303207e-08, -7.568391480108e-08, -5.183528438337e-08,
  1.962741622615e-08,  6.531012132754e-08,  3.969257071895e-08,
 -2.941203097436e-08, -7.077007619684e-08, -4.299583785967e-08,
  2.413564253317e-08,  6.157211036167e-08,  3.206142777266e-08,
 -3.269431946441e-08, -6.586573788464e-08, -3.433505970686e-08,
  2.832297230429e-08,  5.756455508273e-08,  2.440847425957e-08,
 -3.577138624894e-08, -6.079799217806e-08, -2.582672045150e-08,
  3.206356326019e-08,  5.316200673948e-08,  1.675781689152e-08,
 -3.847984314433e-08, -5.542129094191e-08, -1.748021510872e-08,
  3.522051618497e-08,  4.826194963982e-08,  9.164972301478e-09,
 -4.065215378820e-08, -4.962225960171e-08, -9.344628259557e-09,
  3.764813782167e-08,  4.279176034263e-08,  1.721530753888e-09,
 -4.211903883306e-08, -4.332600521666e-08, -1.511265309076e-09,
  3.919698187815e-08,  3.671681065437e-08, -5.442147849553e-09,
 -4.271509123407e-08, -3.650385619995e-08,  5.885719669453e-09,
  3.972202878167e-08,  3.004932807617e-08, -1.215687048771e-08,
 -4.228784965515e-08, -2.918145639713e-08,  1.267170678804e-08,
  3.909421967489e-08,  2.285718243237e-08, -1.821821416469e-08,
 -4.071024553055e-08, -2.144663815637e-08,  1.863781259534e-08,
  3.721494434665e-08,  1.527154354364e-08, -2.339443457618e-08,
 -3.789598118555e-08, -1.345526241120e-08,  2.355192775961e-08,
  3.403317385721e-08,  7.491500678483e-09, -2.743986154442e-08,
 -3.381709327410e-08, -5.433546619582e-09,  2.717534480431e-08,
  2.956380423108e-08, -2.156552861635e-10, -3.011402925635e-08,
 -2.852204394194e-08,  2.325176557370e-09,  2.928503450416e-08,
  2.390557781243e-08, -7.521049739598e-09, -3.120651519140e-08,
 -2.215213877783e-08,  9.471303023117e-09,  2.970128797335e-08,
  1.725574105653e-08, -1.404927362381e-08, -3.056650947370e-08,
 -1.495334088931e-08,  1.561900356273e-08]

EXP trajectory 45
outcomes: (0, 0, 0, 0, 0, 0, 0, 0, 0, 0, 0, 0, 0, 0, 0, 0, 0, 0, 0, 0, 0, 0, 0, 0, 0, 0, 0, 0, 0, 0, 0, 0, 0, 0, 0, 0, 0, 0, 0, 0, 0, 0, 0, 0, 0, 0, 0, 0, 0, 0, 0, 0, 0, 0, 0, 0, 0, 0, 0, 0, 0, 0, 0, 0, 0, 0, 0, 0, 0, 0, 0, 0, 0, 0, 0, 0, 0, 0, 0, 0, 0, 0, 0, 0, 0, 0, 0, 0, 0, 0, 0, 0, 0, 0, 0, 0, 0, 0, 0, 0, 0, 0, 0, 0, 0, 0, 0, 0, 0, 0, 0, 0, 0, 0, 0, 0, 0, 0, 0, 0, 0, 0, 0, 0, 0, 0, 0, 0, 0, 0, 0, 0, 0, 0, 0, 0, 0, 0, 0, 0, 0, 0, 0, 0, 0, 0, 0, 0, 0, 0, 0, 0, 0, 0, 0, 0, 0, 0, 0, 0, 0, 0, 0, 0, 0, 0, 0, 0, 0, 0, 0, 0, 0, 0, 0, 0, 0, 0, 0, 0, 0, 0, 0, 0, 0, 0, 0, 0, 0, 0, 0, 0, 0, 0, 0, 0, 0, 0, 0, 0, 0)
p_seq: 0.9922287100657725
DeltaW_total: 0.5301603849893777
DeltaQ_total: -7.719151607382571e-07
dW per increment:
[ 3.471592021139e-03,  3.489908428906e-03,  3.499542792703e-03,
  3.497028079165e-03,  3.482376576295e-03,  3.459130024005e-03,
  3.433383333258e-03,  3.412051153308e-03,  3.400870158988e-03,
  3.402713397428e-03,  3.416710422060e-03,  3.438440127699e-03,
  3.461156066964e-03,  3.477704457890e-03,  3.482589830842e-03,
  3.473592845747e-03,  3.452465789282e-03,  3.424490918368e-03,
  3.397012033791e-03,  3.377347524109e-03,  3.370677421085e-03,
  3.378513174559e-03,  3.398199992864e-03,  3.423611057194e-03,
  3.446852446881e-03,  3.460504343055e-03,  3.459762855192e-03,
  3.443865714532e-03,  3.416381169661e-03,  3.384258974910e-03,
  3.355895587678e-03,  3.338751958154e-03,  3.337198766859e-03,
  3.351209489162e-03,  3.376289061208e-03,  3.404679028904e-03,
  3.427516203855e-03,  3.437344543505e-03,  3.430269528167e-03,
  3.407134656928e-03,  3.373368109511e-03,  3.337520432696e-03,
  3.308886893812e-03,  3.294874975238e-03,  3.298860968572e-03,
  3.319153244814e-03,  3.349376115514e-03,  3.380190563458e-03,
  3.401887676162e-03,  3.407135342613e-03,  3.393102892362e-03,
  3.362350867906e-03,  3.322211620397e-03,  3.282808163888e-03,
  3.254246028792e-03,  3.243755899954e-03,  3.253592696122e-03,
  3.280298007542e-03,  3.315559617075e-03,  3.348456266833e-03,
  3.368481985007e-03,  3.368513748836e-03,  3.346886605744e-03,
  3.307975511301e-03,  3.261091189071e-03,  3.217966880079e-03,
  3.189513415307e-03,  3.182738183902e-03,  3.198694951738e-03,
  3.232059665013e-03,  3.272483945990e-03,  3.307383733533e-03,
  3.325412546804e-03,  3.319662631013e-03,  3.289694066233e-03,
  3.241800872546e-03,  3.187402894879e-03,  3.139972437395e-03,
  3.111321225571e-03,  3.108268423539e-03,  3.130625578207e-03,
  3.171087622738e-03,  3.217101601967e-03,  3.254236837567e-03,
  3.270153219708e-03,  3.258079009022e-03,  3.218822165143e-03,
  3.160724633602e-03,  3.097526103314e-03,  3.044681909479e-03,
  3.015119583406e-03,  3.015595627069e-03,  3.044674015911e-03,
  3.092922697300e-03,  3.145325235042e-03,  3.185293245780e-03,
  3.199209648496e-03,  3.180261868129e-03,  3.130491228227e-03,
  3.060451242069e-03,  2.986511653903e-03,  2.926493760558e-03,
  2.894797634664e-03,  2.898349028616e-03,  2.934500145301e-03,
  2.991509053373e-03,  3.051529780597e-03,  3.095354689673e-03,
  3.107651809330e-03,  3.081273406748e-03,  3.019431538554e-03,
  2.935090631766e-03,  2.847672669210e-03,  2.777908084836e-03,
  2.742193359676e-03,  2.747985388865e-03,  2.791518166976e-03,
  2.858525885362e-03,  2.927853454429e-03,  2.977044695097e-03,
  2.988435731169e-03,  2.954105340171e-03,  2.878302659440e-03,
  2.776623704852e-03,  2.672074159671e-03,  2.589006798452e-03,
  2.546526078143e-03,  2.553139435749e-03,  2.604143225854e-03,
  2.682527892720e-03,  2.763252167938e-03,  2.819817430039e-03,
  2.831420422943e-03,  2.788759249169e-03,  2.696880788532e-03,
  2.574216128261e-03,  2.447960511557e-03,  2.346948888391e-03,
  2.293887735815e-03,  2.299028805124e-03,  2.357037084202e-03,
  2.447988826900e-03,  2.542343890347e-03,  2.608657615212e-03,
  2.622023091986e-03,  2.570982335142e-03,  2.460996823311e-03,
  2.313445207076e-03,  2.160295862955e-03,  2.035773856782e-03,
  1.967189110980e-03,  1.967377690381e-03,  2.030839102211e-03,
  2.134711463212e-03,  2.244452053180e-03,  2.322818203632e-03,
  2.339816139038e-03,  2.280962674844e-03,  2.151589596803e-03,
  1.975927794776e-03,  1.791082260642e-03,  1.637388648561e-03,
  1.547655126121e-03,  1.538156981326e-03,  1.603851242365e-03,
  1.719203159876e-03,  1.844539149339e-03,  1.936350438971e-03,
  1.958870131821e-03,  1.893840379415e-03,  1.745802062390e-03,
  1.541383878163e-03,  1.322648938199e-03,  1.136157894393e-03,
  1.020596391918e-03,  9.962611938334e-04,  1.059267056423e-03,
  1.182123606188e-03,  1.320649646217e-03,  1.425486451986e-03,
  1.455202128376e-03,  1.387497275168e-03,  1.225472717563e-03,
  9.971977101273e-04,  7.485906989935e-04,  5.314232441034e-04,
  3.895953828525e-04,  3.473390862094e-04,  4.025362268560e-04,
  5.270024193518e-04,  6.737378879755e-04,  7.892749176577e-04,
  8.278638852808e-04,  7.637162381879e-04,  5.980127755283e-04,
  3.587656806161e-04,  9.352727539280e-05, -1.431430554426e-04,
 -3.041275490840e-04, -3.622613342138e-04]
dQ per increment:
[-4.162499281889e-10, -8.896106024146e-10, -1.150365450901e-09,
 -1.119499371026e-09, -8.017114363872e-10, -2.854011209221e-10,
  2.817411198005e-10,  7.346852466672e-10,  9.387861848575e-10,
  8.293747238465e-10,  4.317194960898e-10, -1.448441436236e-10,
 -7.371924537827e-10, -1.174808945655e-09, -1.329034235095e-09,
 -1.151043532190e-09, -6.872767344384e-10, -6.770972259436e-11,
  5.302931824127e-10,  9.324338183080e-10,  1.017739948740e-09,
  7.544377596605e-10,  2.106795235230e-10, -4.633608275718e-10,
 -1.077278702008e-09, -1.454444851882e-09, -1.483146725226e-09,
 -1.149750651023e-09, -5.444651461455e-10,  1.627159518236e-10,
  7.692836975076e-10,  1.097732246682e-09,  1.046806066742e-09,
  6.219700737515e-10, -6.424148084154e-11, -8.223532087497e-10,
 -1.438696809472e-09, -1.736003174763e-09, -1.624659441484e-09,
 -1.129985244047e-09, -3.872032243446e-10,  3.949908562121e-10,
  9.924150062932e-10,  1.228965977379e-09,  1.027606012869e-09,
  4.342072565215e-10, -3.930365965413e-10, -1.226302503987e-09,
 -1.831469573221e-09, -2.034275635963e-09, -1.771094322090e-09,
 -1.109046903792e-09, -2.297496703519e-10,  6.197848268679e-10,
  1.195609350781e-09,  1.325903041874e-09,  9.609855062317e-10,
  1.898597915169e-10, -7.819716846703e-10, -1.687972207755e-09,
 -2.274458441357e-09, -2.372298596822e-09, -1.946316578391e-09,
 -1.108130204134e-09, -8.788011963100e-11,  8.278031121906e-10,
  1.375126465605e-09,  1.387593028218e-09,  8.449351906071e-10,
 -1.179749739739e-10, -1.245528577086e-09, -2.230182377639e-09,
 -2.797417589890e-09, -2.783264836811e-09, -2.182712286630e-09,
 -1.154690626643e-09,  1.848150256965e-11,  1.007075776070e-09,
  1.524811284832e-09,  1.409685400963e-09,  6.720105674186e-10,
 -5.043356700145e-10, -1.809080356005e-09, -2.888766425070e-09,
 -3.444073949535e-09, -3.314266422069e-09, -2.525231771627e-09,
 -1.286807543984e-09,  6.091396397706e-11,  1.138674581274e-09,
  1.632213696449e-09,  1.380856694505e-09,  4.259249140447e-10,
 -9.957806811111e-10, -2.512438025530e-09, -3.716654182117e-09,
 -4.277095541237e-09, -4.031890774589e-09, -3.037739189859e-09,
 -1.559839068023e-09, -4.252590684109e-12,  1.190366060279e-09,
  1.672683262624e-09,  1.277688897608e-09,  7.696324361237e-11,
 -1.634709982288e-09, -3.414479586117e-09, -4.789137933664e-09,
 -5.384251458313e-09, -5.029593117207e-09, -3.811371310355e-09,
 -2.055589063115e-09, -2.452423984375e-10,  1.107648860436e-09,
  1.601447945608e-09,  1.057747350862e-09, -4.235767115746e-10,
 -2.484049972011e-09, -4.597305546666e-09, -6.208251334891e-09,
 -6.883759853696e-09, -6.434333082561e-09, -4.972713608454e-09,
 -2.891642708429e-09, -7.648842309852e-10,  8.039711157557e-10,
  1.344938719585e-09,  6.533288375360e-10, -1.146929996289e-09,
 -3.627707477732e-09, -6.164185111890e-09, -8.099032094175e-09,
 -8.920022792343e-09, -8.403247392201e-09, -6.682242508838e-09,
 -4.222090052846e-09, -1.702953441999e-09,  1.580449441566e-10,
  7.999735234594e-10, -2.541834012151e-11, -2.177528917650e-09,
 -5.153715727075e-09, -8.214815033292e-09, -1.057815380239e-08,
 -1.162794102119e-08, -1.108636406982e-08, -9.098355708268e-09,
 -6.204550423894e-09, -3.206554669358e-09, -9.581034671690e-10,
 -1.362147177279e-10, -1.053687524819e-09, -3.564473850305e-09,
 -7.090295248710e-09, -1.076435048064e-08, -1.365679795547e-08,
 -1.502321314291e-08, -1.450997250271e-08, -1.225986503723e-08,
 -8.886758989389e-09, -5.322999759505e-09, -2.577055568562e-09,
 -1.464373694244e-09, -2.383343793589e-09, -5.197650157821e-09,
 -9.259487325161e-09, -1.357071213205e-08, -1.704212612827e-08,
 -1.878325633751e-08, -1.834574921275e-08, -1.585348721256e-08,
 -1.198212082093e-08, -7.790004033709e-09, -4.442781968163e-09,
 -2.903410314037e-09, -3.669984503199e-09, -6.633082979418e-09,
 -1.109317028102e-08, -1.593638639276e-08, -1.992480923194e-08,
 -2.202492055533e-08, -2.168710557866e-08, -1.900009278898e-08,
 -1.467697692927e-08, -9.873976274577e-09, -5.887856854034e-09,
 -3.811810043823e-09, -4.241221069929e-09, -7.109023713453e-09,
 -1.169617381929e-08, -1.681661000697e-08, -2.112857068806e-08,
 -2.349046674755e-08, -2.326613114049e-08, -2.049746850095e-08,
 -1.589733521884e-08, -1.066352138058e-08, -6.162604999763e-09,
 -3.567670676247e-09, -3.546470450644e-09]

================================================================================
TRAJECTORY 46
================================================================================

COMP trajectory 46
outcomes: (0, 0, 0, 0, 0, 0, 0, 0, 0, 0, 0, 0, 0, 0, 0, 0, 0, 0, 0, 0, 0, 0, 0, 0, 0, 0, 0, 0, 0, 0, 0, 0, 0, 0, 0, 0, 0, 0, 0, 0, 0, 0, 0, 0, 0, 0, 0, 0, 0, 0, 0, 0, 0, 0, 0, 0, 0, 0, 0, 0, 0, 0, 0, 0, 0, 0, 0, 0, 0, 0, 0, 0, 0, 0, 0, 0, 0, 0, 0, 0, 0, 0, 0, 0, 0, 0, 0, 0, 0, 0, 0, 0, 0, 0, 0, 0, 0, 0, 0, 0, 0, 0, 0, 0, 0, 0, 0, 0, 0, 0, 0, 0, 0, 0, 0, 0, 0, 0, 0, 0, 0, 0, 0, 0, 0, 0, 0, 0, 0, 0, 0, 0, 0, 0, 0, 0, 0, 0, 0, 0, 0, 0, 0, 0, 0, 0, 0, 0, 0, 0, 0, 0, 0, 0, 0, 0, 0, 0, 0, 0, 0, 0, 0, 0, 0, 0, 0, 0, 0, 0, 0, 0, 0, 0, 0, 0, 0, 0, 0, 0, 0, 0, 0, 0, 0, 0, 0, 0, 0, 0, 0, 0, 0, 0, 0, 0, 0, 0, 0, 0, 0)
p_seq: 0.9711646393507506
DeltaW_total: -0.8254703559926213
DeltaQ_total: -4.164499868344711e-06
dW per increment:
[ 1.573221825758e-03,  3.134225698634e-03,  1.495191472248e-03,
 -1.818410173470e-03, -3.643019679057e-03, -2.283259703793e-03,
  8.314121654003e-04,  2.560741646251e-03,  1.138127896114e-03,
 -2.107932878062e-03, -4.075018812387e-03, -2.935493525278e-03,
  8.680979657250e-05,  1.941298909479e-03,  7.505793541434e-04,
 -2.367704122973e-03, -4.427071274868e-03, -3.511588823436e-03,
 -6.325205688213e-04,  1.298855175149e-03,  3.396538452147e-04,
 -2.603516238699e-03, -4.703663861903e-03, -4.002026710845e-03,
 -1.303484448567e-03,  6.567724896147e-04, -8.510182655641e-05,
 -2.821587458538e-03, -4.914835379770e-03, -4.405884661647e-03,
 -1.910183305348e-03,  3.565060464972e-05, -5.132371009751e-04,
 -3.027298470332e-03, -5.073339001779e-03, -4.728865907634e-03,
 -2.444275699512e-03, -5.486423046008e-04, -9.348428529350e-04,
 -3.224521673861e-03, -5.192133571619e-03, -4.980712787173e-03,
 -2.903939336665e-03, -1.085625631404e-03, -1.341595073573e-03,
 -3.415530324414e-03, -5.282703324543e-03, -5.172819604123e-03,
 -3.292147499682e-03, -1.569847932078e-03, -1.727294307221e-03,
 -3.601287952193e-03, -5.354258896261e-03, -5.316473076707e-03,
 -3.614869638918e-03, -1.999957734029e-03, -2.087961498690e-03,
 -3.781885391360e-03, -5.413607311841e-03, -5.421796081443e-03,
 -3.879557404957e-03, -2.377593005731e-03, -2.421629721690e-03,
 -3.956956462901e-03, -5.465411011832e-03, -5.497269492576e-03,
 -4.094047385047e-03, -2.706343493434e-03, -2.727977972208e-03,
 -4.125989748825e-03, -5.512605403135e-03, -5.549645193128e-03,
 -4.265865411639e-03, -2.990908361619e-03, -3.007920527587e-03,
 -4.288519595002e-03, -5.556829053388e-03, -5.584081868419e-03,
 -4.401851463516e-03, -3.236478843183e-03, -3.263222340834e-03,
 -4.444214393502e-03, -5.598794481354e-03, -5.604382314079e-03,
 -4.508010920821e-03, -3.448324470437e-03, -3.496174112369e-03,
 -4.592891503647e-03, -5.638576436994e-03, -5.613257632877e-03,
 -4.589510306330e-03, -3.631540842013e-03, -3.709335560494e-03,
 -4.734486591206e-03, -5.675821051454e-03, -5.612579000513e-03,
 -4.650756018300e-03, -3.790914109564e-03, -3.905341228638e-03,
 -4.868998771144e-03, -5.709890569744e-03, -5.603600587765e-03,
 -4.695514006782e-03, -3.930862912689e-03, -4.086756904949e-03,
 -4.996426192346e-03, -5.739961228311e-03, -5.587150343032e-03,
 -4.727043558887e-03, -4.055426609789e-03, -4.255973341516e-03,
 -5.116701422967e-03, -5.765090719279e-03, -5.563791824187e-03,
 -4.748228901320e-03, -4.168276489178e-03, -4.415125183618e-03,
 -5.229632570476e-03, -5.784269144659e-03, -5.533962658291e-03,
 -4.761698933649e-03, -4.272733115865e-03, -4.566025450544e-03,
 -5.334854257718e-03, -5.796464622374e-03, -5.498095219046e-03,
 -4.769929084116e-03, -4.371777939717e-03, -4.710108795635e-03,
 -5.431791959246e-03, -5.800672190635e-03, -5.456723787063e-03,
 -4.775320974506e-03, -4.468051045418e-03, -4.848379782789e-03,
 -5.519643341266e-03, -5.795972387943e-03, -5.410580380357e-03,
 -4.780256060492e-03, -4.563829901620e-03, -4.981365435036e-03,
 -5.597380761653e-03, -5.781603688753e-03, -5.360678932234e-03,
 -4.787119299504e-03, -4.660986609068e-03, -5.109074308084e-03,
 -5.663779606643e-03, -5.757050613887e-03, -5.308384749725e-03,
 -4.798288702908e-03, -4.760923850927e-03, -5.230967275576e-03,
 -5.717477317724e-03, -5.722146574740e-03, -5.255463397646e-03,
 -4.816086816568e-03, -4.864492816061e-03, -5.345947962631e-03,
 -5.757067431755e-03, -5.677187184443e-03, -5.204100564750e-03,
 -4.842691174211e-03, -4.971899973988e-03, -5.452383086560e-03,
 -5.781231350383e-03, -5.623045821803e-03, -5.156882441717e-03,
 -4.880002986489e-03, -5.082613741926e-03, -5.548164465772e-03,
 -5.788907525879e-03, -5.561278786864e-03, -5.116725168225e-03,
 -4.929477097964e-03, -5.195286585103e-03, -5.630824596562e-03,
 -5.779493037682e-03, -5.494202800431e-03, -5.086742614139e-03,
 -4.991921764532e-03, -5.307712445877e-03, -5.697715810978e-03,
 -5.753066063175e-03, -5.424923524483e-03, -5.070044845191e-03,
 -5.067284018143e-03, -5.416842794922e-03, -5.746258424669e-03,
 -5.710609744664e-03, -5.357291195278e-03, -5.069465751415e-03,
 -5.154444859926e-03, -5.518885912881e-03, -5.774255378167e-03,
 -5.654209111349e-03, -5.295759633523e-03, -5.087227936578e-03,
 -5.251057296700e-03, -5.609511857628e-03]
dQ per increment:
[-2.303445896935e-07, -3.737145369089e-07, -2.283549950933e-07,
  6.305170112452e-08,  2.150937552111e-07,  7.990028732391e-08,
 -2.084242085049e-07, -3.664773042503e-07, -2.399387621110e-07,
  4.614098047476e-08,  2.117009113476e-07,  9.689510160199e-08,
 -1.826187498049e-07, -3.513829642211e-07, -2.450291769021e-07,
  3.033546556530e-08,  2.049763585094e-07,  1.110117306756e-07,
 -1.550299757133e-07, -3.301427211931e-07, -2.439696191038e-07,
  1.639555426841e-08,  1.954990783409e-07,  1.214994547454e-07,
 -1.276947290724e-07, -3.048688196460e-07, -2.376692300205e-07,
  4.792022993260e-09,  1.840388794716e-07,  1.280942077677e-07,
 -1.022653350084e-07, -2.776644927207e-07, -2.273371804587e-07,
 -4.279821998535e-09,  1.714289219086e-07,  1.309683700288e-07,
 -7.985172656823e-08, -2.503246558142e-07, -2.142349204326e-07,
 -1.084738411247e-08,  1.584479067014e-07,  1.306002499210e-07,
 -6.101955821701e-08, -2.241889704440e-07, -1.995010053563e-07,
 -1.509354093793e-08,  1.457387308226e-07,  1.276224479096e-07,
 -4.588924855950e-08, -2.001249774365e-07, -1.840592551367e-07,
 -1.729187853322e-08,  1.337709228935e-07,  1.226934771294e-07,
 -3.427311845569e-08, -1.785916474636e-07, -1.685938165394e-07,
 -1.775376124932e-08,  1.228404726272e-07,  1.164114519568e-07,
 -2.580565765589e-08, -1.597360211165e-07, -1.535663948131e-07,
 -1.679050413463e-08,  1.130923751921e-07,  1.092694205751e-07,
 -2.004501912893e-08, -1.434900750025e-07, -1.392533613949e-07,
 -1.469007675226e-08,  1.045533624044e-07,  1.016422897255e-07,
 -1.654100056014e-08, -1.296522185693e-07, -1.257883024876e-07,
 -1.170519751091e-08,  9.716509228631e-08,  9.379361490171e-08,
 -1.487427096812e-08, -1.179478545097e-07, -1.132015734467e-07,
 -8.050420379803e-09,  9.081268954100e-08,  8.589211769735e-08,
 -1.467435067383e-08, -1.080710673802e-07, -1.014535110436e-07,
 -3.904481047506e-09,  8.534696245392e-08,  7.803175067342e-08,
 -1.562353778208e-08, -9.971068657940e-08, -9.046070717413e-08,
  5.839268157545e-10,  8.060031384417e-08,  7.025135185992e-08,
 -1.745300054696e-08, -9.256527907370e-08, -8.011598286953e-08,
  5.288956048295e-09,  7.639736736547e-08,  6.255220588594e-08,
 -1.993441190199e-08, -8.635090077182e-08, -7.030356236320e-08,
  1.009977830708e-08,  7.256191040736e-08,  5.491314227597e-08,
 -2.287032066462e-08, -8.080429543707e-08, -6.091042770683e-08,
  1.491329992831e-08,  6.892140295544e-08,  4.730323838794e-08,
 -2.608426303207e-08, -7.568391480108e-08, -5.183528438337e-08,
  1.962741622615e-08,  6.531012132754e-08,  3.969257071895e-08,
 -2.941203097436e-08, -7.077007619684e-08, -4.299583785967e-08,
  2.413564253317e-08,  6.157211036167e-08,  3.206142777266e-08,
 -3.269431946441e-08, -6.586573788464e-08, -3.433505970686e-08,
  2.832297230429e-08,  5.756455508273e-08,  2.440847425957e-08,
 -3.577138624894e-08, -6.079799217806e-08, -2.582672045150e-08,
  3.206356326019e-08,  5.316200673948e-08,  1.675781689152e-08,
 -3.847984314433e-08, -5.542129094191e-08, -1.748021510872e-08,
  3.522051618497e-08,  4.826194963982e-08,  9.164972301478e-09,
 -4.065215378820e-08, -4.962225960171e-08, -9.344628259557e-09,
  3.764813782167e-08,  4.279176034263e-08,  1.721530753888e-09,
 -4.211903883306e-08, -4.332600521666e-08, -1.511265309076e-09,
  3.919698187815e-08,  3.671681065437e-08, -5.442147849553e-09,
 -4.271509123407e-08, -3.650385619995e-08,  5.885719669453e-09,
  3.972202878167e-08,  3.004932807617e-08, -1.215687048771e-08,
 -4.228784965515e-08, -2.918145639713e-08,  1.267170678804e-08,
  3.909421967489e-08,  2.285718243237e-08, -1.821821416469e-08,
 -4.071024553055e-08, -2.144663815637e-08,  1.863781259534e-08,
  3.721494434665e-08,  1.527154354364e-08, -2.339443457618e-08,
 -3.789598118555e-08, -1.345526241120e-08,  2.355192775961e-08,
  3.403317385721e-08,  7.491500678483e-09, -2.743986154442e-08,
 -3.381709327410e-08, -5.433546619582e-09,  2.717534480431e-08,
  2.956380423108e-08, -2.156552861635e-10, -3.011402925635e-08,
 -2.852204394194e-08,  2.325176557370e-09,  2.928503450416e-08,
  2.390557781243e-08, -7.521049739598e-09, -3.120651519140e-08,
 -2.215213877783e-08,  9.471303023117e-09,  2.970128797335e-08,
  1.725574105653e-08, -1.404927362381e-08, -3.056650947370e-08,
 -1.495334088931e-08,  1.561900356273e-08]

EXP trajectory 46
outcomes: (0, 0, 0, 0, 0, 0, 0, 0, 0, 0, 0, 0, 0, 0, 0, 0, 0, 0, 0, 0, 0, 0, 0, 0, 0, 0, 0, 0, 0, 0, 0, 0, 0, 0, 0, 0, 0, 0, 0, 0, 0, 0, 0, 0, 0, 0, 0, 0, 0, 0, 0, 0, 0, 0, 0, 0, 0, 0, 0, 0, 0, 0, 0, 0, 0, 0, 0, 0, 0, 0, 0, 0, 0, 0, 0, 0, 0, 0, 0, 0, 0, 0, 0, 0, 0, 0, 0, 0, 0, 0, 0, 0, 0, 0, 0, 0, 0, 0, 0, 0, 0, 0, 0, 0, 0, 0, 0, 0, 0, 0, 0, 0, 0, 0, 0, 0, 0, 0, 0, 0, 0, 0, 0, 0, 0, 0, 0, 0, 0, 0, 0, 0, 0, 0, 0, 0, 0, 0, 0, 0, 0, 0, 0, 0, 0, 0, 0, 0, 0, 0, 0, 0, 0, 0, 0, 0, 0, 0, 0, 0, 0, 0, 0, 0, 0, 0, 0, 0, 0, 0, 0, 0, 0, 0, 0, 0, 0, 0, 0, 0, 0, 0, 0, 0, 0, 0, 0, 0, 0, 0, 0, 0, 0, 0, 0, 0, 0, 0, 0, 0, 0)
p_seq: 0.9922287100657725
DeltaW_total: 0.5301603849893777
DeltaQ_total: -7.719151607382571e-07
dW per increment:
[ 3.471592021139e-03,  3.489908428906e-03,  3.499542792703e-03,
  3.497028079165e-03,  3.482376576295e-03,  3.459130024005e-03,
  3.433383333258e-03,  3.412051153308e-03,  3.400870158988e-03,
  3.402713397428e-03,  3.416710422060e-03,  3.438440127699e-03,
  3.461156066964e-03,  3.477704457890e-03,  3.482589830842e-03,
  3.473592845747e-03,  3.452465789282e-03,  3.424490918368e-03,
  3.397012033791e-03,  3.377347524109e-03,  3.370677421085e-03,
  3.378513174559e-03,  3.398199992864e-03,  3.423611057194e-03,
  3.446852446881e-03,  3.460504343055e-03,  3.459762855192e-03,
  3.443865714532e-03,  3.416381169661e-03,  3.384258974910e-03,
  3.355895587678e-03,  3.338751958154e-03,  3.337198766859e-03,
  3.351209489162e-03,  3.376289061208e-03,  3.404679028904e-03,
  3.427516203855e-03,  3.437344543505e-03,  3.430269528167e-03,
  3.407134656928e-03,  3.373368109511e-03,  3.337520432696e-03,
  3.308886893812e-03,  3.294874975238e-03,  3.298860968572e-03,
  3.319153244814e-03,  3.349376115514e-03,  3.380190563458e-03,
  3.401887676162e-03,  3.407135342613e-03,  3.393102892362e-03,
  3.362350867906e-03,  3.322211620397e-03,  3.282808163888e-03,
  3.254246028792e-03,  3.243755899954e-03,  3.253592696122e-03,
  3.280298007542e-03,  3.315559617075e-03,  3.348456266833e-03,
  3.368481985007e-03,  3.368513748836e-03,  3.346886605744e-03,
  3.307975511301e-03,  3.261091189071e-03,  3.217966880079e-03,
  3.189513415307e-03,  3.182738183902e-03,  3.198694951738e-03,
  3.232059665013e-03,  3.272483945990e-03,  3.307383733533e-03,
  3.325412546804e-03,  3.319662631013e-03,  3.289694066233e-03,
  3.241800872546e-03,  3.187402894879e-03,  3.139972437395e-03,
  3.111321225571e-03,  3.108268423539e-03,  3.130625578207e-03,
  3.171087622738e-03,  3.217101601967e-03,  3.254236837567e-03,
  3.270153219708e-03,  3.258079009022e-03,  3.218822165143e-03,
  3.160724633602e-03,  3.097526103314e-03,  3.044681909479e-03,
  3.015119583406e-03,  3.015595627069e-03,  3.044674015911e-03,
  3.092922697300e-03,  3.145325235042e-03,  3.185293245780e-03,
  3.199209648496e-03,  3.180261868129e-03,  3.130491228227e-03,
  3.060451242069e-03,  2.986511653903e-03,  2.926493760558e-03,
  2.894797634664e-03,  2.898349028616e-03,  2.934500145301e-03,
  2.991509053373e-03,  3.051529780597e-03,  3.095354689673e-03,
  3.107651809330e-03,  3.081273406748e-03,  3.019431538554e-03,
  2.935090631766e-03,  2.847672669210e-03,  2.777908084836e-03,
  2.742193359676e-03,  2.747985388865e-03,  2.791518166976e-03,
  2.858525885362e-03,  2.927853454429e-03,  2.977044695097e-03,
  2.988435731169e-03,  2.954105340171e-03,  2.878302659440e-03,
  2.776623704852e-03,  2.672074159671e-03,  2.589006798452e-03,
  2.546526078143e-03,  2.553139435749e-03,  2.604143225854e-03,
  2.682527892720e-03,  2.763252167938e-03,  2.819817430039e-03,
  2.831420422943e-03,  2.788759249169e-03,  2.696880788532e-03,
  2.574216128261e-03,  2.447960511557e-03,  2.346948888391e-03,
  2.293887735815e-03,  2.299028805124e-03,  2.357037084202e-03,
  2.447988826900e-03,  2.542343890347e-03,  2.608657615212e-03,
  2.622023091986e-03,  2.570982335142e-03,  2.460996823311e-03,
  2.313445207076e-03,  2.160295862955e-03,  2.035773856782e-03,
  1.967189110980e-03,  1.967377690381e-03,  2.030839102211e-03,
  2.134711463212e-03,  2.244452053180e-03,  2.322818203632e-03,
  2.339816139038e-03,  2.280962674844e-03,  2.151589596803e-03,
  1.975927794776e-03,  1.791082260642e-03,  1.637388648561e-03,
  1.547655126121e-03,  1.538156981326e-03,  1.603851242365e-03,
  1.719203159876e-03,  1.844539149339e-03,  1.936350438971e-03,
  1.958870131821e-03,  1.893840379415e-03,  1.745802062390e-03,
  1.541383878163e-03,  1.322648938199e-03,  1.136157894393e-03,
  1.020596391918e-03,  9.962611938334e-04,  1.059267056423e-03,
  1.182123606188e-03,  1.320649646217e-03,  1.425486451986e-03,
  1.455202128376e-03,  1.387497275168e-03,  1.225472717563e-03,
  9.971977101273e-04,  7.485906989935e-04,  5.314232441034e-04,
  3.895953828525e-04,  3.473390862094e-04,  4.025362268560e-04,
  5.270024193518e-04,  6.737378879755e-04,  7.892749176577e-04,
  8.278638852808e-04,  7.637162381879e-04,  5.980127755283e-04,
  3.587656806161e-04,  9.352727539280e-05, -1.431430554426e-04,
 -3.041275490840e-04, -3.622613342138e-04]
dQ per increment:
[-4.162499281889e-10, -8.896106024146e-10, -1.150365450901e-09,
 -1.119499371026e-09, -8.017114363872e-10, -2.854011209221e-10,
  2.817411198005e-10,  7.346852466672e-10,  9.387861848575e-10,
  8.293747238465e-10,  4.317194960898e-10, -1.448441436236e-10,
 -7.371924537827e-10, -1.174808945655e-09, -1.329034235095e-09,
 -1.151043532190e-09, -6.872767344384e-10, -6.770972259436e-11,
  5.302931824127e-10,  9.324338183080e-10,  1.017739948740e-09,
  7.544377596605e-10,  2.106795235230e-10, -4.633608275718e-10,
 -1.077278702008e-09, -1.454444851882e-09, -1.483146725226e-09,
 -1.149750651023e-09, -5.444651461455e-10,  1.627159518236e-10,
  7.692836975076e-10,  1.097732246682e-09,  1.046806066742e-09,
  6.219700737515e-10, -6.424148084154e-11, -8.223532087497e-10,
 -1.438696809472e-09, -1.736003174763e-09, -1.624659441484e-09,
 -1.129985244047e-09, -3.872032243446e-10,  3.949908562121e-10,
  9.924150062932e-10,  1.228965977379e-09,  1.027606012869e-09,
  4.342072565215e-10, -3.930365965413e-10, -1.226302503987e-09,
 -1.831469573221e-09, -2.034275635963e-09, -1.771094322090e-09,
 -1.109046903792e-09, -2.297496703519e-10,  6.197848268679e-10,
  1.195609350781e-09,  1.325903041874e-09,  9.609855062317e-10,
  1.898597915169e-10, -7.819716846703e-10, -1.687972207755e-09,
 -2.274458441357e-09, -2.372298596822e-09, -1.946316578391e-09,
 -1.108130204134e-09, -8.788011963100e-11,  8.278031121906e-10,
  1.375126465605e-09,  1.387593028218e-09,  8.449351906071e-10,
 -1.179749739739e-10, -1.245528577086e-09, -2.230182377639e-09,
 -2.797417589890e-09, -2.783264836811e-09, -2.182712286630e-09,
 -1.154690626643e-09,  1.848150256965e-11,  1.007075776070e-09,
  1.524811284832e-09,  1.409685400963e-09,  6.720105674186e-10,
 -5.043356700145e-10, -1.809080356005e-09, -2.888766425070e-09,
 -3.444073949535e-09, -3.314266422069e-09, -2.525231771627e-09,
 -1.286807543984e-09,  6.091396397706e-11,  1.138674581274e-09,
  1.632213696449e-09,  1.380856694505e-09,  4.259249140447e-10,
 -9.957806811111e-10, -2.512438025530e-09, -3.716654182117e-09,
 -4.277095541237e-09, -4.031890774589e-09, -3.037739189859e-09,
 -1.559839068023e-09, -4.252590684109e-12,  1.190366060279e-09,
  1.672683262624e-09,  1.277688897608e-09,  7.696324361237e-11,
 -1.634709982288e-09, -3.414479586117e-09, -4.789137933664e-09,
 -5.384251458313e-09, -5.029593117207e-09, -3.811371310355e-09,
 -2.055589063115e-09, -2.452423984375e-10,  1.107648860436e-09,
  1.601447945608e-09,  1.057747350862e-09, -4.235767115746e-10,
 -2.484049972011e-09, -4.597305546666e-09, -6.208251334891e-09,
 -6.883759853696e-09, -6.434333082561e-09, -4.972713608454e-09,
 -2.891642708429e-09, -7.648842309852e-10,  8.039711157557e-10,
  1.344938719585e-09,  6.533288375360e-10, -1.146929996289e-09,
 -3.627707477732e-09, -6.164185111890e-09, -8.099032094175e-09,
 -8.920022792343e-09, -8.403247392201e-09, -6.682242508838e-09,
 -4.222090052846e-09, -1.702953441999e-09,  1.580449441566e-10,
  7.999735234594e-10, -2.541834012151e-11, -2.177528917650e-09,
 -5.153715727075e-09, -8.214815033292e-09, -1.057815380239e-08,
 -1.162794102119e-08, -1.108636406982e-08, -9.098355708268e-09,
 -6.204550423894e-09, -3.206554669358e-09, -9.581034671690e-10,
 -1.362147177279e-10, -1.053687524819e-09, -3.564473850305e-09,
 -7.090295248710e-09, -1.076435048064e-08, -1.365679795547e-08,
 -1.502321314291e-08, -1.450997250271e-08, -1.225986503723e-08,
 -8.886758989389e-09, -5.322999759505e-09, -2.577055568562e-09,
 -1.464373694244e-09, -2.383343793589e-09, -5.197650157821e-09,
 -9.259487325161e-09, -1.357071213205e-08, -1.704212612827e-08,
 -1.878325633751e-08, -1.834574921275e-08, -1.585348721256e-08,
 -1.198212082093e-08, -7.790004033709e-09, -4.442781968163e-09,
 -2.903410314037e-09, -3.669984503199e-09, -6.633082979418e-09,
 -1.109317028102e-08, -1.593638639276e-08, -1.992480923194e-08,
 -2.202492055533e-08, -2.168710557866e-08, -1.900009278898e-08,
 -1.467697692927e-08, -9.873976274577e-09, -5.887856854034e-09,
 -3.811810043823e-09, -4.241221069929e-09, -7.109023713453e-09,
 -1.169617381929e-08, -1.681661000697e-08, -2.112857068806e-08,
 -2.349046674755e-08, -2.326613114049e-08, -2.049746850095e-08,
 -1.589733521884e-08, -1.066352138058e-08, -6.162604999763e-09,
 -3.567670676247e-09, -3.546470450644e-09]

================================================================================
TRAJECTORY 47
================================================================================

COMP trajectory 47
outcomes: (0, 0, 0, 0, 0, 0, 0, 0, 0, 0, 0, 0, 0, 0, 0, 0, 0, 0, 0, 0, 0, 0, 0, 0, 0, 0, 0, 0, 0, 0, 0, 0, 0, 0, 0, 0, 0, 0, 0, 0, 0, 0, 0, 0, 0, 0, 0, 0, 0, 0, 0, 0, 0, 0, 0, 0, 0, 0, 0, 0, 0, 0, 0, 0, 0, 0, 0, 0, 0, 0, 0, 0, 0, 0, 0, 0, 0, 0, 0, 0, 0, 0, 0, 0, 0, 0, 0, 0, 0, 0, 0, 0, 0, 0, 0, 0, 0, 0, 0, 0, 0, 0, 0, 0, 0, 0, 0, 0, 0, 0, 0, 0, 0, 0, 0, 0, 0, 0, 0, 0, 0, 0, 0, 0, 0, 0, 0, 0, 0, 0, 0, 0, 0, 0, 0, 0, 0, 0, 0, 0, 0, 0, 0, 0, 0, 0, 0, 0, 0, 0, 0, 0, 0, 0, 0, 0, 0, 0, 0, 0, 0, 0, 0, 0, 0, 0, 0, 0, 0, 0, 0, 0, 0, 0, 0, 0, 0, 0, 0, 0, 0, 0, 0, 0, 0, 0, 0, 0, 0, 0, 0, 0, 0, 0, 0, 0, 0, 0, 0, 0, 0)
p_seq: 0.9711646393507506
DeltaW_total: -0.8254703559926213
DeltaQ_total: -4.164499868344711e-06
dW per increment:
[ 1.573221825758e-03,  3.134225698634e-03,  1.495191472248e-03,
 -1.818410173470e-03, -3.643019679057e-03, -2.283259703793e-03,
  8.314121654003e-04,  2.560741646251e-03,  1.138127896114e-03,
 -2.107932878062e-03, -4.075018812387e-03, -2.935493525278e-03,
  8.680979657250e-05,  1.941298909479e-03,  7.505793541434e-04,
 -2.367704122973e-03, -4.427071274868e-03, -3.511588823436e-03,
 -6.325205688213e-04,  1.298855175149e-03,  3.396538452147e-04,
 -2.603516238699e-03, -4.703663861903e-03, -4.002026710845e-03,
 -1.303484448567e-03,  6.567724896147e-04, -8.510182655641e-05,
 -2.821587458538e-03, -4.914835379770e-03, -4.405884661647e-03,
 -1.910183305348e-03,  3.565060464972e-05, -5.132371009751e-04,
 -3.027298470332e-03, -5.073339001779e-03, -4.728865907634e-03,
 -2.444275699512e-03, -5.486423046008e-04, -9.348428529350e-04,
 -3.224521673861e-03, -5.192133571619e-03, -4.980712787173e-03,
 -2.903939336665e-03, -1.085625631404e-03, -1.341595073573e-03,
 -3.415530324414e-03, -5.282703324543e-03, -5.172819604123e-03,
 -3.292147499682e-03, -1.569847932078e-03, -1.727294307221e-03,
 -3.601287952193e-03, -5.354258896261e-03, -5.316473076707e-03,
 -3.614869638918e-03, -1.999957734029e-03, -2.087961498690e-03,
 -3.781885391360e-03, -5.413607311841e-03, -5.421796081443e-03,
 -3.879557404957e-03, -2.377593005731e-03, -2.421629721690e-03,
 -3.956956462901e-03, -5.465411011832e-03, -5.497269492576e-03,
 -4.094047385047e-03, -2.706343493434e-03, -2.727977972208e-03,
 -4.125989748825e-03, -5.512605403135e-03, -5.549645193128e-03,
 -4.265865411639e-03, -2.990908361619e-03, -3.007920527587e-03,
 -4.288519595002e-03, -5.556829053388e-03, -5.584081868419e-03,
 -4.401851463516e-03, -3.236478843183e-03, -3.263222340834e-03,
 -4.444214393502e-03, -5.598794481354e-03, -5.604382314079e-03,
 -4.508010920821e-03, -3.448324470437e-03, -3.496174112369e-03,
 -4.592891503647e-03, -5.638576436994e-03, -5.613257632877e-03,
 -4.589510306330e-03, -3.631540842013e-03, -3.709335560494e-03,
 -4.734486591206e-03, -5.675821051454e-03, -5.612579000513e-03,
 -4.650756018300e-03, -3.790914109564e-03, -3.905341228638e-03,
 -4.868998771144e-03, -5.709890569744e-03, -5.603600587765e-03,
 -4.695514006782e-03, -3.930862912689e-03, -4.086756904949e-03,
 -4.996426192346e-03, -5.739961228311e-03, -5.587150343032e-03,
 -4.727043558887e-03, -4.055426609789e-03, -4.255973341516e-03,
 -5.116701422967e-03, -5.765090719279e-03, -5.563791824187e-03,
 -4.748228901320e-03, -4.168276489178e-03, -4.415125183618e-03,
 -5.229632570476e-03, -5.784269144659e-03, -5.533962658291e-03,
 -4.761698933649e-03, -4.272733115865e-03, -4.566025450544e-03,
 -5.334854257718e-03, -5.796464622374e-03, -5.498095219046e-03,
 -4.769929084116e-03, -4.371777939717e-03, -4.710108795635e-03,
 -5.431791959246e-03, -5.800672190635e-03, -5.456723787063e-03,
 -4.775320974506e-03, -4.468051045418e-03, -4.848379782789e-03,
 -5.519643341266e-03, -5.795972387943e-03, -5.410580380357e-03,
 -4.780256060492e-03, -4.563829901620e-03, -4.981365435036e-03,
 -5.597380761653e-03, -5.781603688753e-03, -5.360678932234e-03,
 -4.787119299504e-03, -4.660986609068e-03, -5.109074308084e-03,
 -5.663779606643e-03, -5.757050613887e-03, -5.308384749725e-03,
 -4.798288702908e-03, -4.760923850927e-03, -5.230967275576e-03,
 -5.717477317724e-03, -5.722146574740e-03, -5.255463397646e-03,
 -4.816086816568e-03, -4.864492816061e-03, -5.345947962631e-03,
 -5.757067431755e-03, -5.677187184443e-03, -5.204100564750e-03,
 -4.842691174211e-03, -4.971899973988e-03, -5.452383086560e-03,
 -5.781231350383e-03, -5.623045821803e-03, -5.156882441717e-03,
 -4.880002986489e-03, -5.082613741926e-03, -5.548164465772e-03,
 -5.788907525879e-03, -5.561278786864e-03, -5.116725168225e-03,
 -4.929477097964e-03, -5.195286585103e-03, -5.630824596562e-03,
 -5.779493037682e-03, -5.494202800431e-03, -5.086742614139e-03,
 -4.991921764532e-03, -5.307712445877e-03, -5.697715810978e-03,
 -5.753066063175e-03, -5.424923524483e-03, -5.070044845191e-03,
 -5.067284018143e-03, -5.416842794922e-03, -5.746258424669e-03,
 -5.710609744664e-03, -5.357291195278e-03, -5.069465751415e-03,
 -5.154444859926e-03, -5.518885912881e-03, -5.774255378167e-03,
 -5.654209111349e-03, -5.295759633523e-03, -5.087227936578e-03,
 -5.251057296700e-03, -5.609511857628e-03]
dQ per increment:
[-2.303445896935e-07, -3.737145369089e-07, -2.283549950933e-07,
  6.305170112452e-08,  2.150937552111e-07,  7.990028732391e-08,
 -2.084242085049e-07, -3.664773042503e-07, -2.399387621110e-07,
  4.614098047476e-08,  2.117009113476e-07,  9.689510160199e-08,
 -1.826187498049e-07, -3.513829642211e-07, -2.450291769021e-07,
  3.033546556530e-08,  2.049763585094e-07,  1.110117306756e-07,
 -1.550299757133e-07, -3.301427211931e-07, -2.439696191038e-07,
  1.639555426841e-08,  1.954990783409e-07,  1.214994547454e-07,
 -1.276947290724e-07, -3.048688196460e-07, -2.376692300205e-07,
  4.792022993260e-09,  1.840388794716e-07,  1.280942077677e-07,
 -1.022653350084e-07, -2.776644927207e-07, -2.273371804587e-07,
 -4.279821998535e-09,  1.714289219086e-07,  1.309683700288e-07,
 -7.985172656823e-08, -2.503246558142e-07, -2.142349204326e-07,
 -1.084738411247e-08,  1.584479067014e-07,  1.306002499210e-07,
 -6.101955821701e-08, -2.241889704440e-07, -1.995010053563e-07,
 -1.509354093793e-08,  1.457387308226e-07,  1.276224479096e-07,
 -4.588924855950e-08, -2.001249774365e-07, -1.840592551367e-07,
 -1.729187853322e-08,  1.337709228935e-07,  1.226934771294e-07,
 -3.427311845569e-08, -1.785916474636e-07, -1.685938165394e-07,
 -1.775376124932e-08,  1.228404726272e-07,  1.164114519568e-07,
 -2.580565765589e-08, -1.597360211165e-07, -1.535663948131e-07,
 -1.679050413463e-08,  1.130923751921e-07,  1.092694205751e-07,
 -2.004501912893e-08, -1.434900750025e-07, -1.392533613949e-07,
 -1.469007675226e-08,  1.045533624044e-07,  1.016422897255e-07,
 -1.654100056014e-08, -1.296522185693e-07, -1.257883024876e-07,
 -1.170519751091e-08,  9.716509228631e-08,  9.379361490171e-08,
 -1.487427096812e-08, -1.179478545097e-07, -1.132015734467e-07,
 -8.050420379803e-09,  9.081268954100e-08,  8.589211769735e-08,
 -1.467435067383e-08, -1.080710673802e-07, -1.014535110436e-07,
 -3.904481047506e-09,  8.534696245392e-08,  7.803175067342e-08,
 -1.562353778208e-08, -9.971068657940e-08, -9.046070717413e-08,
  5.839268157545e-10,  8.060031384417e-08,  7.025135185992e-08,
 -1.745300054696e-08, -9.256527907370e-08, -8.011598286953e-08,
  5.288956048295e-09,  7.639736736547e-08,  6.255220588594e-08,
 -1.993441190199e-08, -8.635090077182e-08, -7.030356236320e-08,
  1.009977830708e-08,  7.256191040736e-08,  5.491314227597e-08,
 -2.287032066462e-08, -8.080429543707e-08, -6.091042770683e-08,
  1.491329992831e-08,  6.892140295544e-08,  4.730323838794e-08,
 -2.608426303207e-08, -7.568391480108e-08, -5.183528438337e-08,
  1.962741622615e-08,  6.531012132754e-08,  3.969257071895e-08,
 -2.941203097436e-08, -7.077007619684e-08, -4.299583785967e-08,
  2.413564253317e-08,  6.157211036167e-08,  3.206142777266e-08,
 -3.269431946441e-08, -6.586573788464e-08, -3.433505970686e-08,
  2.832297230429e-08,  5.756455508273e-08,  2.440847425957e-08,
 -3.577138624894e-08, -6.079799217806e-08, -2.582672045150e-08,
  3.206356326019e-08,  5.316200673948e-08,  1.675781689152e-08,
 -3.847984314433e-08, -5.542129094191e-08, -1.748021510872e-08,
  3.522051618497e-08,  4.826194963982e-08,  9.164972301478e-09,
 -4.065215378820e-08, -4.962225960171e-08, -9.344628259557e-09,
  3.764813782167e-08,  4.279176034263e-08,  1.721530753888e-09,
 -4.211903883306e-08, -4.332600521666e-08, -1.511265309076e-09,
  3.919698187815e-08,  3.671681065437e-08, -5.442147849553e-09,
 -4.271509123407e-08, -3.650385619995e-08,  5.885719669453e-09,
  3.972202878167e-08,  3.004932807617e-08, -1.215687048771e-08,
 -4.228784965515e-08, -2.918145639713e-08,  1.267170678804e-08,
  3.909421967489e-08,  2.285718243237e-08, -1.821821416469e-08,
 -4.071024553055e-08, -2.144663815637e-08,  1.863781259534e-08,
  3.721494434665e-08,  1.527154354364e-08, -2.339443457618e-08,
 -3.789598118555e-08, -1.345526241120e-08,  2.355192775961e-08,
  3.403317385721e-08,  7.491500678483e-09, -2.743986154442e-08,
 -3.381709327410e-08, -5.433546619582e-09,  2.717534480431e-08,
  2.956380423108e-08, -2.156552861635e-10, -3.011402925635e-08,
 -2.852204394194e-08,  2.325176557370e-09,  2.928503450416e-08,
  2.390557781243e-08, -7.521049739598e-09, -3.120651519140e-08,
 -2.215213877783e-08,  9.471303023117e-09,  2.970128797335e-08,
  1.725574105653e-08, -1.404927362381e-08, -3.056650947370e-08,
 -1.495334088931e-08,  1.561900356273e-08]

EXP trajectory 47
outcomes: (0, 0, 0, 0, 0, 0, 0, 0, 0, 0, 0, 0, 0, 0, 0, 0, 0, 0, 0, 0, 0, 0, 0, 0, 0, 0, 0, 0, 0, 0, 0, 0, 0, 0, 0, 0, 0, 0, 0, 0, 0, 0, 0, 0, 0, 0, 0, 0, 0, 0, 0, 0, 0, 0, 0, 0, 0, 0, 0, 0, 0, 0, 0, 0, 0, 0, 0, 0, 0, 0, 0, 0, 0, 0, 0, 0, 0, 0, 0, 0, 0, 0, 0, 0, 0, 0, 0, 0, 0, 0, 0, 0, 0, 0, 0, 0, 0, 0, 0, 0, 0, 0, 0, 0, 0, 0, 0, 0, 0, 0, 0, 0, 0, 0, 0, 0, 0, 0, 0, 0, 0, 0, 0, 0, 0, 0, 0, 0, 0, 0, 0, 0, 0, 0, 0, 0, 0, 0, 0, 0, 0, 0, 0, 0, 0, 0, 0, 0, 0, 0, 0, 0, 0, 0, 0, 0, 0, 0, 0, 0, 0, 0, 0, 0, 0, 0, 0, 0, 0, 0, 0, 0, 0, 0, 0, 0, 0, 0, 0, 0, 0, 0, 0, 0, 0, 0, 0, 0, 0, 0, 0, 0, 0, 0, 0, 0, 0, 0, 0, 0, 0)
p_seq: 0.9922287100657725
DeltaW_total: 0.5301603849893777
DeltaQ_total: -7.719151607382571e-07
dW per increment:
[ 3.471592021139e-03,  3.489908428906e-03,  3.499542792703e-03,
  3.497028079165e-03,  3.482376576295e-03,  3.459130024005e-03,
  3.433383333258e-03,  3.412051153308e-03,  3.400870158988e-03,
  3.402713397428e-03,  3.416710422060e-03,  3.438440127699e-03,
  3.461156066964e-03,  3.477704457890e-03,  3.482589830842e-03,
  3.473592845747e-03,  3.452465789282e-03,  3.424490918368e-03,
  3.397012033791e-03,  3.377347524109e-03,  3.370677421085e-03,
  3.378513174559e-03,  3.398199992864e-03,  3.423611057194e-03,
  3.446852446881e-03,  3.460504343055e-03,  3.459762855192e-03,
  3.443865714532e-03,  3.416381169661e-03,  3.384258974910e-03,
  3.355895587678e-03,  3.338751958154e-03,  3.337198766859e-03,
  3.351209489162e-03,  3.376289061208e-03,  3.404679028904e-03,
  3.427516203855e-03,  3.437344543505e-03,  3.430269528167e-03,
  3.407134656928e-03,  3.373368109511e-03,  3.337520432696e-03,
  3.308886893812e-03,  3.294874975238e-03,  3.298860968572e-03,
  3.319153244814e-03,  3.349376115514e-03,  3.380190563458e-03,
  3.401887676162e-03,  3.407135342613e-03,  3.393102892362e-03,
  3.362350867906e-03,  3.322211620397e-03,  3.282808163888e-03,
  3.254246028792e-03,  3.243755899954e-03,  3.253592696122e-03,
  3.280298007542e-03,  3.315559617075e-03,  3.348456266833e-03,
  3.368481985007e-03,  3.368513748836e-03,  3.346886605744e-03,
  3.307975511301e-03,  3.261091189071e-03,  3.217966880079e-03,
  3.189513415307e-03,  3.182738183902e-03,  3.198694951738e-03,
  3.232059665013e-03,  3.272483945990e-03,  3.307383733533e-03,
  3.325412546804e-03,  3.319662631013e-03,  3.289694066233e-03,
  3.241800872546e-03,  3.187402894879e-03,  3.139972437395e-03,
  3.111321225571e-03,  3.108268423539e-03,  3.130625578207e-03,
  3.171087622738e-03,  3.217101601967e-03,  3.254236837567e-03,
  3.270153219708e-03,  3.258079009022e-03,  3.218822165143e-03,
  3.160724633602e-03,  3.097526103314e-03,  3.044681909479e-03,
  3.015119583406e-03,  3.015595627069e-03,  3.044674015911e-03,
  3.092922697300e-03,  3.145325235042e-03,  3.185293245780e-03,
  3.199209648496e-03,  3.180261868129e-03,  3.130491228227e-03,
  3.060451242069e-03,  2.986511653903e-03,  2.926493760558e-03,
  2.894797634664e-03,  2.898349028616e-03,  2.934500145301e-03,
  2.991509053373e-03,  3.051529780597e-03,  3.095354689673e-03,
  3.107651809330e-03,  3.081273406748e-03,  3.019431538554e-03,
  2.935090631766e-03,  2.847672669210e-03,  2.777908084836e-03,
  2.742193359676e-03,  2.747985388865e-03,  2.791518166976e-03,
  2.858525885362e-03,  2.927853454429e-03,  2.977044695097e-03,
  2.988435731169e-03,  2.954105340171e-03,  2.878302659440e-03,
  2.776623704852e-03,  2.672074159671e-03,  2.589006798452e-03,
  2.546526078143e-03,  2.553139435749e-03,  2.604143225854e-03,
  2.682527892720e-03,  2.763252167938e-03,  2.819817430039e-03,
  2.831420422943e-03,  2.788759249169e-03,  2.696880788532e-03,
  2.574216128261e-03,  2.447960511557e-03,  2.346948888391e-03,
  2.293887735815e-03,  2.299028805124e-03,  2.357037084202e-03,
  2.447988826900e-03,  2.542343890347e-03,  2.608657615212e-03,
  2.622023091986e-03,  2.570982335142e-03,  2.460996823311e-03,
  2.313445207076e-03,  2.160295862955e-03,  2.035773856782e-03,
  1.967189110980e-03,  1.967377690381e-03,  2.030839102211e-03,
  2.134711463212e-03,  2.244452053180e-03,  2.322818203632e-03,
  2.339816139038e-03,  2.280962674844e-03,  2.151589596803e-03,
  1.975927794776e-03,  1.791082260642e-03,  1.637388648561e-03,
  1.547655126121e-03,  1.538156981326e-03,  1.603851242365e-03,
  1.719203159876e-03,  1.844539149339e-03,  1.936350438971e-03,
  1.958870131821e-03,  1.893840379415e-03,  1.745802062390e-03,
  1.541383878163e-03,  1.322648938199e-03,  1.136157894393e-03,
  1.020596391918e-03,  9.962611938334e-04,  1.059267056423e-03,
  1.182123606188e-03,  1.320649646217e-03,  1.425486451986e-03,
  1.455202128376e-03,  1.387497275168e-03,  1.225472717563e-03,
  9.971977101273e-04,  7.485906989935e-04,  5.314232441034e-04,
  3.895953828525e-04,  3.473390862094e-04,  4.025362268560e-04,
  5.270024193518e-04,  6.737378879755e-04,  7.892749176577e-04,
  8.278638852808e-04,  7.637162381879e-04,  5.980127755283e-04,
  3.587656806161e-04,  9.352727539280e-05, -1.431430554426e-04,
 -3.041275490840e-04, -3.622613342138e-04]
dQ per increment:
[-4.162499281889e-10, -8.896106024146e-10, -1.150365450901e-09,
 -1.119499371026e-09, -8.017114363872e-10, -2.854011209221e-10,
  2.817411198005e-10,  7.346852466672e-10,  9.387861848575e-10,
  8.293747238465e-10,  4.317194960898e-10, -1.448441436236e-10,
 -7.371924537827e-10, -1.174808945655e-09, -1.329034235095e-09,
 -1.151043532190e-09, -6.872767344384e-10, -6.770972259436e-11,
  5.302931824127e-10,  9.324338183080e-10,  1.017739948740e-09,
  7.544377596605e-10,  2.106795235230e-10, -4.633608275718e-10,
 -1.077278702008e-09, -1.454444851882e-09, -1.483146725226e-09,
 -1.149750651023e-09, -5.444651461455e-10,  1.627159518236e-10,
  7.692836975076e-10,  1.097732246682e-09,  1.046806066742e-09,
  6.219700737515e-10, -6.424148084154e-11, -8.223532087497e-10,
 -1.438696809472e-09, -1.736003174763e-09, -1.624659441484e-09,
 -1.129985244047e-09, -3.872032243446e-10,  3.949908562121e-10,
  9.924150062932e-10,  1.228965977379e-09,  1.027606012869e-09,
  4.342072565215e-10, -3.930365965413e-10, -1.226302503987e-09,
 -1.831469573221e-09, -2.034275635963e-09, -1.771094322090e-09,
 -1.109046903792e-09, -2.297496703519e-10,  6.197848268679e-10,
  1.195609350781e-09,  1.325903041874e-09,  9.609855062317e-10,
  1.898597915169e-10, -7.819716846703e-10, -1.687972207755e-09,
 -2.274458441357e-09, -2.372298596822e-09, -1.946316578391e-09,
 -1.108130204134e-09, -8.788011963100e-11,  8.278031121906e-10,
  1.375126465605e-09,  1.387593028218e-09,  8.449351906071e-10,
 -1.179749739739e-10, -1.245528577086e-09, -2.230182377639e-09,
 -2.797417589890e-09, -2.783264836811e-09, -2.182712286630e-09,
 -1.154690626643e-09,  1.848150256965e-11,  1.007075776070e-09,
  1.524811284832e-09,  1.409685400963e-09,  6.720105674186e-10,
 -5.043356700145e-10, -1.809080356005e-09, -2.888766425070e-09,
 -3.444073949535e-09, -3.314266422069e-09, -2.525231771627e-09,
 -1.286807543984e-09,  6.091396397706e-11,  1.138674581274e-09,
  1.632213696449e-09,  1.380856694505e-09,  4.259249140447e-10,
 -9.957806811111e-10, -2.512438025530e-09, -3.716654182117e-09,
 -4.277095541237e-09, -4.031890774589e-09, -3.037739189859e-09,
 -1.559839068023e-09, -4.252590684109e-12,  1.190366060279e-09,
  1.672683262624e-09,  1.277688897608e-09,  7.696324361237e-11,
 -1.634709982288e-09, -3.414479586117e-09, -4.789137933664e-09,
 -5.384251458313e-09, -5.029593117207e-09, -3.811371310355e-09,
 -2.055589063115e-09, -2.452423984375e-10,  1.107648860436e-09,
  1.601447945608e-09,  1.057747350862e-09, -4.235767115746e-10,
 -2.484049972011e-09, -4.597305546666e-09, -6.208251334891e-09,
 -6.883759853696e-09, -6.434333082561e-09, -4.972713608454e-09,
 -2.891642708429e-09, -7.648842309852e-10,  8.039711157557e-10,
  1.344938719585e-09,  6.533288375360e-10, -1.146929996289e-09,
 -3.627707477732e-09, -6.164185111890e-09, -8.099032094175e-09,
 -8.920022792343e-09, -8.403247392201e-09, -6.682242508838e-09,
 -4.222090052846e-09, -1.702953441999e-09,  1.580449441566e-10,
  7.999735234594e-10, -2.541834012151e-11, -2.177528917650e-09,
 -5.153715727075e-09, -8.214815033292e-09, -1.057815380239e-08,
 -1.162794102119e-08, -1.108636406982e-08, -9.098355708268e-09,
 -6.204550423894e-09, -3.206554669358e-09, -9.581034671690e-10,
 -1.362147177279e-10, -1.053687524819e-09, -3.564473850305e-09,
 -7.090295248710e-09, -1.076435048064e-08, -1.365679795547e-08,
 -1.502321314291e-08, -1.450997250271e-08, -1.225986503723e-08,
 -8.886758989389e-09, -5.322999759505e-09, -2.577055568562e-09,
 -1.464373694244e-09, -2.383343793589e-09, -5.197650157821e-09,
 -9.259487325161e-09, -1.357071213205e-08, -1.704212612827e-08,
 -1.878325633751e-08, -1.834574921275e-08, -1.585348721256e-08,
 -1.198212082093e-08, -7.790004033709e-09, -4.442781968163e-09,
 -2.903410314037e-09, -3.669984503199e-09, -6.633082979418e-09,
 -1.109317028102e-08, -1.593638639276e-08, -1.992480923194e-08,
 -2.202492055533e-08, -2.168710557866e-08, -1.900009278898e-08,
 -1.467697692927e-08, -9.873976274577e-09, -5.887856854034e-09,
 -3.811810043823e-09, -4.241221069929e-09, -7.109023713453e-09,
 -1.169617381929e-08, -1.681661000697e-08, -2.112857068806e-08,
 -2.349046674755e-08, -2.326613114049e-08, -2.049746850095e-08,
 -1.589733521884e-08, -1.066352138058e-08, -6.162604999763e-09,
 -3.567670676247e-09, -3.546470450644e-09]

================================================================================
TRAJECTORY 48
================================================================================

COMP trajectory 48
outcomes: (0, 0, 0, 0, 0, 0, 0, 0, 0, 0, 0, 0, 0, 0, 0, 0, 0, 0, 0, 0, 0, 0, 0, 0, 0, 0, 0, 0, 0, 0, 0, 0, 0, 0, 0, 0, 0, 0, 0, 0, 0, 0, 0, 0, 0, 0, 0, 0, 0, 0, 0, 0, 0, 0, 0, 0, 0, 0, 0, 0, 0, 0, 0, 0, 0, 0, 0, 0, 0, 0, 0, 0, 0, 0, 0, 0, 0, 0, 0, 0, 0, 0, 0, 0, 0, 0, 0, 0, 0, 0, 0, 0, 0, 0, 0, 0, 0, 0, 0, 0, 0, 0, 0, 0, 0, 0, 0, 0, 0, 0, 0, 0, 0, 0, 0, 0, 0, 0, 0, 0, 0, 0, 0, 0, 0, 0, 0, 0, 0, 0, 0, 0, 0, 0, 0, 0, 0, 0, 0, 0, 0, 0, 0, 0, 0, 0, 0, 0, 0, 0, 0, 0, 0, 0, 0, 0, 0, 0, 0, 0, 0, 0, 0, 0, 0, 0, 0, 0, 0, 0, 0, 0, 0, 0, 0, 0, 0, 0, 0, 0, 0, 0, 0, 0, 0, 0, 0, 0, 0, 0, 0, 0, 0, 0, 0, 0, 0, 0, 0, 0, 0)
p_seq: 0.9711646393507506
DeltaW_total: -0.8254703559926213
DeltaQ_total: -4.164499868344711e-06
dW per increment:
[ 1.573221825758e-03,  3.134225698634e-03,  1.495191472248e-03,
 -1.818410173470e-03, -3.643019679057e-03, -2.283259703793e-03,
  8.314121654003e-04,  2.560741646251e-03,  1.138127896114e-03,
 -2.107932878062e-03, -4.075018812387e-03, -2.935493525278e-03,
  8.680979657250e-05,  1.941298909479e-03,  7.505793541434e-04,
 -2.367704122973e-03, -4.427071274868e-03, -3.511588823436e-03,
 -6.325205688213e-04,  1.298855175149e-03,  3.396538452147e-04,
 -2.603516238699e-03, -4.703663861903e-03, -4.002026710845e-03,
 -1.303484448567e-03,  6.567724896147e-04, -8.510182655641e-05,
 -2.821587458538e-03, -4.914835379770e-03, -4.405884661647e-03,
 -1.910183305348e-03,  3.565060464972e-05, -5.132371009751e-04,
 -3.027298470332e-03, -5.073339001779e-03, -4.728865907634e-03,
 -2.444275699512e-03, -5.486423046008e-04, -9.348428529350e-04,
 -3.224521673861e-03, -5.192133571619e-03, -4.980712787173e-03,
 -2.903939336665e-03, -1.085625631404e-03, -1.341595073573e-03,
 -3.415530324414e-03, -5.282703324543e-03, -5.172819604123e-03,
 -3.292147499682e-03, -1.569847932078e-03, -1.727294307221e-03,
 -3.601287952193e-03, -5.354258896261e-03, -5.316473076707e-03,
 -3.614869638918e-03, -1.999957734029e-03, -2.087961498690e-03,
 -3.781885391360e-03, -5.413607311841e-03, -5.421796081443e-03,
 -3.879557404957e-03, -2.377593005731e-03, -2.421629721690e-03,
 -3.956956462901e-03, -5.465411011832e-03, -5.497269492576e-03,
 -4.094047385047e-03, -2.706343493434e-03, -2.727977972208e-03,
 -4.125989748825e-03, -5.512605403135e-03, -5.549645193128e-03,
 -4.265865411639e-03, -2.990908361619e-03, -3.007920527587e-03,
 -4.288519595002e-03, -5.556829053388e-03, -5.584081868419e-03,
 -4.401851463516e-03, -3.236478843183e-03, -3.263222340834e-03,
 -4.444214393502e-03, -5.598794481354e-03, -5.604382314079e-03,
 -4.508010920821e-03, -3.448324470437e-03, -3.496174112369e-03,
 -4.592891503647e-03, -5.638576436994e-03, -5.613257632877e-03,
 -4.589510306330e-03, -3.631540842013e-03, -3.709335560494e-03,
 -4.734486591206e-03, -5.675821051454e-03, -5.612579000513e-03,
 -4.650756018300e-03, -3.790914109564e-03, -3.905341228638e-03,
 -4.868998771144e-03, -5.709890569744e-03, -5.603600587765e-03,
 -4.695514006782e-03, -3.930862912689e-03, -4.086756904949e-03,
 -4.996426192346e-03, -5.739961228311e-03, -5.587150343032e-03,
 -4.727043558887e-03, -4.055426609789e-03, -4.255973341516e-03,
 -5.116701422967e-03, -5.765090719279e-03, -5.563791824187e-03,
 -4.748228901320e-03, -4.168276489178e-03, -4.415125183618e-03,
 -5.229632570476e-03, -5.784269144659e-03, -5.533962658291e-03,
 -4.761698933649e-03, -4.272733115865e-03, -4.566025450544e-03,
 -5.334854257718e-03, -5.796464622374e-03, -5.498095219046e-03,
 -4.769929084116e-03, -4.371777939717e-03, -4.710108795635e-03,
 -5.431791959246e-03, -5.800672190635e-03, -5.456723787063e-03,
 -4.775320974506e-03, -4.468051045418e-03, -4.848379782789e-03,
 -5.519643341266e-03, -5.795972387943e-03, -5.410580380357e-03,
 -4.780256060492e-03, -4.563829901620e-03, -4.981365435036e-03,
 -5.597380761653e-03, -5.781603688753e-03, -5.360678932234e-03,
 -4.787119299504e-03, -4.660986609068e-03, -5.109074308084e-03,
 -5.663779606643e-03, -5.757050613887e-03, -5.308384749725e-03,
 -4.798288702908e-03, -4.760923850927e-03, -5.230967275576e-03,
 -5.717477317724e-03, -5.722146574740e-03, -5.255463397646e-03,
 -4.816086816568e-03, -4.864492816061e-03, -5.345947962631e-03,
 -5.757067431755e-03, -5.677187184443e-03, -5.204100564750e-03,
 -4.842691174211e-03, -4.971899973988e-03, -5.452383086560e-03,
 -5.781231350383e-03, -5.623045821803e-03, -5.156882441717e-03,
 -4.880002986489e-03, -5.082613741926e-03, -5.548164465772e-03,
 -5.788907525879e-03, -5.561278786864e-03, -5.116725168225e-03,
 -4.929477097964e-03, -5.195286585103e-03, -5.630824596562e-03,
 -5.779493037682e-03, -5.494202800431e-03, -5.086742614139e-03,
 -4.991921764532e-03, -5.307712445877e-03, -5.697715810978e-03,
 -5.753066063175e-03, -5.424923524483e-03, -5.070044845191e-03,
 -5.067284018143e-03, -5.416842794922e-03, -5.746258424669e-03,
 -5.710609744664e-03, -5.357291195278e-03, -5.069465751415e-03,
 -5.154444859926e-03, -5.518885912881e-03, -5.774255378167e-03,
 -5.654209111349e-03, -5.295759633523e-03, -5.087227936578e-03,
 -5.251057296700e-03, -5.609511857628e-03]
dQ per increment:
[-2.303445896935e-07, -3.737145369089e-07, -2.283549950933e-07,
  6.305170112452e-08,  2.150937552111e-07,  7.990028732391e-08,
 -2.084242085049e-07, -3.664773042503e-07, -2.399387621110e-07,
  4.614098047476e-08,  2.117009113476e-07,  9.689510160199e-08,
 -1.826187498049e-07, -3.513829642211e-07, -2.450291769021e-07,
  3.033546556530e-08,  2.049763585094e-07,  1.110117306756e-07,
 -1.550299757133e-07, -3.301427211931e-07, -2.439696191038e-07,
  1.639555426841e-08,  1.954990783409e-07,  1.214994547454e-07,
 -1.276947290724e-07, -3.048688196460e-07, -2.376692300205e-07,
  4.792022993260e-09,  1.840388794716e-07,  1.280942077677e-07,
 -1.022653350084e-07, -2.776644927207e-07, -2.273371804587e-07,
 -4.279821998535e-09,  1.714289219086e-07,  1.309683700288e-07,
 -7.985172656823e-08, -2.503246558142e-07, -2.142349204326e-07,
 -1.084738411247e-08,  1.584479067014e-07,  1.306002499210e-07,
 -6.101955821701e-08, -2.241889704440e-07, -1.995010053563e-07,
 -1.509354093793e-08,  1.457387308226e-07,  1.276224479096e-07,
 -4.588924855950e-08, -2.001249774365e-07, -1.840592551367e-07,
 -1.729187853322e-08,  1.337709228935e-07,  1.226934771294e-07,
 -3.427311845569e-08, -1.785916474636e-07, -1.685938165394e-07,
 -1.775376124932e-08,  1.228404726272e-07,  1.164114519568e-07,
 -2.580565765589e-08, -1.597360211165e-07, -1.535663948131e-07,
 -1.679050413463e-08,  1.130923751921e-07,  1.092694205751e-07,
 -2.004501912893e-08, -1.434900750025e-07, -1.392533613949e-07,
 -1.469007675226e-08,  1.045533624044e-07,  1.016422897255e-07,
 -1.654100056014e-08, -1.296522185693e-07, -1.257883024876e-07,
 -1.170519751091e-08,  9.716509228631e-08,  9.379361490171e-08,
 -1.487427096812e-08, -1.179478545097e-07, -1.132015734467e-07,
 -8.050420379803e-09,  9.081268954100e-08,  8.589211769735e-08,
 -1.467435067383e-08, -1.080710673802e-07, -1.014535110436e-07,
 -3.904481047506e-09,  8.534696245392e-08,  7.803175067342e-08,
 -1.562353778208e-08, -9.971068657940e-08, -9.046070717413e-08,
  5.839268157545e-10,  8.060031384417e-08,  7.025135185992e-08,
 -1.745300054696e-08, -9.256527907370e-08, -8.011598286953e-08,
  5.288956048295e-09,  7.639736736547e-08,  6.255220588594e-08,
 -1.993441190199e-08, -8.635090077182e-08, -7.030356236320e-08,
  1.009977830708e-08,  7.256191040736e-08,  5.491314227597e-08,
 -2.287032066462e-08, -8.080429543707e-08, -6.091042770683e-08,
  1.491329992831e-08,  6.892140295544e-08,  4.730323838794e-08,
 -2.608426303207e-08, -7.568391480108e-08, -5.183528438337e-08,
  1.962741622615e-08,  6.531012132754e-08,  3.969257071895e-08,
 -2.941203097436e-08, -7.077007619684e-08, -4.299583785967e-08,
  2.413564253317e-08,  6.157211036167e-08,  3.206142777266e-08,
 -3.269431946441e-08, -6.586573788464e-08, -3.433505970686e-08,
  2.832297230429e-08,  5.756455508273e-08,  2.440847425957e-08,
 -3.577138624894e-08, -6.079799217806e-08, -2.582672045150e-08,
  3.206356326019e-08,  5.316200673948e-08,  1.675781689152e-08,
 -3.847984314433e-08, -5.542129094191e-08, -1.748021510872e-08,
  3.522051618497e-08,  4.826194963982e-08,  9.164972301478e-09,
 -4.065215378820e-08, -4.962225960171e-08, -9.344628259557e-09,
  3.764813782167e-08,  4.279176034263e-08,  1.721530753888e-09,
 -4.211903883306e-08, -4.332600521666e-08, -1.511265309076e-09,
  3.919698187815e-08,  3.671681065437e-08, -5.442147849553e-09,
 -4.271509123407e-08, -3.650385619995e-08,  5.885719669453e-09,
  3.972202878167e-08,  3.004932807617e-08, -1.215687048771e-08,
 -4.228784965515e-08, -2.918145639713e-08,  1.267170678804e-08,
  3.909421967489e-08,  2.285718243237e-08, -1.821821416469e-08,
 -4.071024553055e-08, -2.144663815637e-08,  1.863781259534e-08,
  3.721494434665e-08,  1.527154354364e-08, -2.339443457618e-08,
 -3.789598118555e-08, -1.345526241120e-08,  2.355192775961e-08,
  3.403317385721e-08,  7.491500678483e-09, -2.743986154442e-08,
 -3.381709327410e-08, -5.433546619582e-09,  2.717534480431e-08,
  2.956380423108e-08, -2.156552861635e-10, -3.011402925635e-08,
 -2.852204394194e-08,  2.325176557370e-09,  2.928503450416e-08,
  2.390557781243e-08, -7.521049739598e-09, -3.120651519140e-08,
 -2.215213877783e-08,  9.471303023117e-09,  2.970128797335e-08,
  1.725574105653e-08, -1.404927362381e-08, -3.056650947370e-08,
 -1.495334088931e-08,  1.561900356273e-08]

EXP trajectory 48
outcomes: (0, 0, 0, 0, 0, 0, 0, 0, 0, 0, 0, 0, 0, 0, 0, 0, 0, 0, 0, 0, 0, 0, 0, 0, 0, 0, 0, 0, 0, 0, 0, 0, 0, 0, 0, 0, 0, 0, 0, 0, 0, 0, 0, 0, 0, 0, 0, 0, 0, 0, 0, 0, 0, 0, 0, 0, 0, 0, 0, 0, 0, 0, 0, 0, 0, 0, 0, 0, 0, 0, 0, 0, 0, 0, 0, 0, 0, 0, 0, 0, 0, 0, 0, 0, 0, 0, 0, 0, 0, 0, 0, 0, 0, 0, 0, 0, 0, 0, 0, 0, 0, 0, 0, 0, 0, 0, 0, 0, 0, 0, 0, 0, 0, 0, 0, 0, 0, 0, 0, 0, 0, 0, 0, 0, 0, 0, 0, 0, 0, 0, 0, 0, 0, 0, 0, 0, 0, 0, 0, 0, 0, 0, 0, 0, 0, 0, 0, 0, 0, 0, 0, 0, 0, 0, 0, 0, 0, 0, 0, 0, 0, 0, 0, 0, 0, 0, 0, 0, 0, 0, 0, 0, 0, 0, 0, 0, 0, 0, 0, 0, 0, 0, 0, 0, 0, 0, 0, 0, 0, 0, 0, 0, 0, 0, 0, 0, 0, 0, 0, 0, 0)
p_seq: 0.9922287100657725
DeltaW_total: 0.5301603849893777
DeltaQ_total: -7.719151607382571e-07
dW per increment:
[ 3.471592021139e-03,  3.489908428906e-03,  3.499542792703e-03,
  3.497028079165e-03,  3.482376576295e-03,  3.459130024005e-03,
  3.433383333258e-03,  3.412051153308e-03,  3.400870158988e-03,
  3.402713397428e-03,  3.416710422060e-03,  3.438440127699e-03,
  3.461156066964e-03,  3.477704457890e-03,  3.482589830842e-03,
  3.473592845747e-03,  3.452465789282e-03,  3.424490918368e-03,
  3.397012033791e-03,  3.377347524109e-03,  3.370677421085e-03,
  3.378513174559e-03,  3.398199992864e-03,  3.423611057194e-03,
  3.446852446881e-03,  3.460504343055e-03,  3.459762855192e-03,
  3.443865714532e-03,  3.416381169661e-03,  3.384258974910e-03,
  3.355895587678e-03,  3.338751958154e-03,  3.337198766859e-03,
  3.351209489162e-03,  3.376289061208e-03,  3.404679028904e-03,
  3.427516203855e-03,  3.437344543505e-03,  3.430269528167e-03,
  3.407134656928e-03,  3.373368109511e-03,  3.337520432696e-03,
  3.308886893812e-03,  3.294874975238e-03,  3.298860968572e-03,
  3.319153244814e-03,  3.349376115514e-03,  3.380190563458e-03,
  3.401887676162e-03,  3.407135342613e-03,  3.393102892362e-03,
  3.362350867906e-03,  3.322211620397e-03,  3.282808163888e-03,
  3.254246028792e-03,  3.243755899954e-03,  3.253592696122e-03,
  3.280298007542e-03,  3.315559617075e-03,  3.348456266833e-03,
  3.368481985007e-03,  3.368513748836e-03,  3.346886605744e-03,
  3.307975511301e-03,  3.261091189071e-03,  3.217966880079e-03,
  3.189513415307e-03,  3.182738183902e-03,  3.198694951738e-03,
  3.232059665013e-03,  3.272483945990e-03,  3.307383733533e-03,
  3.325412546804e-03,  3.319662631013e-03,  3.289694066233e-03,
  3.241800872546e-03,  3.187402894879e-03,  3.139972437395e-03,
  3.111321225571e-03,  3.108268423539e-03,  3.130625578207e-03,
  3.171087622738e-03,  3.217101601967e-03,  3.254236837567e-03,
  3.270153219708e-03,  3.258079009022e-03,  3.218822165143e-03,
  3.160724633602e-03,  3.097526103314e-03,  3.044681909479e-03,
  3.015119583406e-03,  3.015595627069e-03,  3.044674015911e-03,
  3.092922697300e-03,  3.145325235042e-03,  3.185293245780e-03,
  3.199209648496e-03,  3.180261868129e-03,  3.130491228227e-03,
  3.060451242069e-03,  2.986511653903e-03,  2.926493760558e-03,
  2.894797634664e-03,  2.898349028616e-03,  2.934500145301e-03,
  2.991509053373e-03,  3.051529780597e-03,  3.095354689673e-03,
  3.107651809330e-03,  3.081273406748e-03,  3.019431538554e-03,
  2.935090631766e-03,  2.847672669210e-03,  2.777908084836e-03,
  2.742193359676e-03,  2.747985388865e-03,  2.791518166976e-03,
  2.858525885362e-03,  2.927853454429e-03,  2.977044695097e-03,
  2.988435731169e-03,  2.954105340171e-03,  2.878302659440e-03,
  2.776623704852e-03,  2.672074159671e-03,  2.589006798452e-03,
  2.546526078143e-03,  2.553139435749e-03,  2.604143225854e-03,
  2.682527892720e-03,  2.763252167938e-03,  2.819817430039e-03,
  2.831420422943e-03,  2.788759249169e-03,  2.696880788532e-03,
  2.574216128261e-03,  2.447960511557e-03,  2.346948888391e-03,
  2.293887735815e-03,  2.299028805124e-03,  2.357037084202e-03,
  2.447988826900e-03,  2.542343890347e-03,  2.608657615212e-03,
  2.622023091986e-03,  2.570982335142e-03,  2.460996823311e-03,
  2.313445207076e-03,  2.160295862955e-03,  2.035773856782e-03,
  1.967189110980e-03,  1.967377690381e-03,  2.030839102211e-03,
  2.134711463212e-03,  2.244452053180e-03,  2.322818203632e-03,
  2.339816139038e-03,  2.280962674844e-03,  2.151589596803e-03,
  1.975927794776e-03,  1.791082260642e-03,  1.637388648561e-03,
  1.547655126121e-03,  1.538156981326e-03,  1.603851242365e-03,
  1.719203159876e-03,  1.844539149339e-03,  1.936350438971e-03,
  1.958870131821e-03,  1.893840379415e-03,  1.745802062390e-03,
  1.541383878163e-03,  1.322648938199e-03,  1.136157894393e-03,
  1.020596391918e-03,  9.962611938334e-04,  1.059267056423e-03,
  1.182123606188e-03,  1.320649646217e-03,  1.425486451986e-03,
  1.455202128376e-03,  1.387497275168e-03,  1.225472717563e-03,
  9.971977101273e-04,  7.485906989935e-04,  5.314232441034e-04,
  3.895953828525e-04,  3.473390862094e-04,  4.025362268560e-04,
  5.270024193518e-04,  6.737378879755e-04,  7.892749176577e-04,
  8.278638852808e-04,  7.637162381879e-04,  5.980127755283e-04,
  3.587656806161e-04,  9.352727539280e-05, -1.431430554426e-04,
 -3.041275490840e-04, -3.622613342138e-04]
dQ per increment:
[-4.162499281889e-10, -8.896106024146e-10, -1.150365450901e-09,
 -1.119499371026e-09, -8.017114363872e-10, -2.854011209221e-10,
  2.817411198005e-10,  7.346852466672e-10,  9.387861848575e-10,
  8.293747238465e-10,  4.317194960898e-10, -1.448441436236e-10,
 -7.371924537827e-10, -1.174808945655e-09, -1.329034235095e-09,
 -1.151043532190e-09, -6.872767344384e-10, -6.770972259436e-11,
  5.302931824127e-10,  9.324338183080e-10,  1.017739948740e-09,
  7.544377596605e-10,  2.106795235230e-10, -4.633608275718e-10,
 -1.077278702008e-09, -1.454444851882e-09, -1.483146725226e-09,
 -1.149750651023e-09, -5.444651461455e-10,  1.627159518236e-10,
  7.692836975076e-10,  1.097732246682e-09,  1.046806066742e-09,
  6.219700737515e-10, -6.424148084154e-11, -8.223532087497e-10,
 -1.438696809472e-09, -1.736003174763e-09, -1.624659441484e-09,
 -1.129985244047e-09, -3.872032243446e-10,  3.949908562121e-10,
  9.924150062932e-10,  1.228965977379e-09,  1.027606012869e-09,
  4.342072565215e-10, -3.930365965413e-10, -1.226302503987e-09,
 -1.831469573221e-09, -2.034275635963e-09, -1.771094322090e-09,
 -1.109046903792e-09, -2.297496703519e-10,  6.197848268679e-10,
  1.195609350781e-09,  1.325903041874e-09,  9.609855062317e-10,
  1.898597915169e-10, -7.819716846703e-10, -1.687972207755e-09,
 -2.274458441357e-09, -2.372298596822e-09, -1.946316578391e-09,
 -1.108130204134e-09, -8.788011963100e-11,  8.278031121906e-10,
  1.375126465605e-09,  1.387593028218e-09,  8.449351906071e-10,
 -1.179749739739e-10, -1.245528577086e-09, -2.230182377639e-09,
 -2.797417589890e-09, -2.783264836811e-09, -2.182712286630e-09,
 -1.154690626643e-09,  1.848150256965e-11,  1.007075776070e-09,
  1.524811284832e-09,  1.409685400963e-09,  6.720105674186e-10,
 -5.043356700145e-10, -1.809080356005e-09, -2.888766425070e-09,
 -3.444073949535e-09, -3.314266422069e-09, -2.525231771627e-09,
 -1.286807543984e-09,  6.091396397706e-11,  1.138674581274e-09,
  1.632213696449e-09,  1.380856694505e-09,  4.259249140447e-10,
 -9.957806811111e-10, -2.512438025530e-09, -3.716654182117e-09,
 -4.277095541237e-09, -4.031890774589e-09, -3.037739189859e-09,
 -1.559839068023e-09, -4.252590684109e-12,  1.190366060279e-09,
  1.672683262624e-09,  1.277688897608e-09,  7.696324361237e-11,
 -1.634709982288e-09, -3.414479586117e-09, -4.789137933664e-09,
 -5.384251458313e-09, -5.029593117207e-09, -3.811371310355e-09,
 -2.055589063115e-09, -2.452423984375e-10,  1.107648860436e-09,
  1.601447945608e-09,  1.057747350862e-09, -4.235767115746e-10,
 -2.484049972011e-09, -4.597305546666e-09, -6.208251334891e-09,
 -6.883759853696e-09, -6.434333082561e-09, -4.972713608454e-09,
 -2.891642708429e-09, -7.648842309852e-10,  8.039711157557e-10,
  1.344938719585e-09,  6.533288375360e-10, -1.146929996289e-09,
 -3.627707477732e-09, -6.164185111890e-09, -8.099032094175e-09,
 -8.920022792343e-09, -8.403247392201e-09, -6.682242508838e-09,
 -4.222090052846e-09, -1.702953441999e-09,  1.580449441566e-10,
  7.999735234594e-10, -2.541834012151e-11, -2.177528917650e-09,
 -5.153715727075e-09, -8.214815033292e-09, -1.057815380239e-08,
 -1.162794102119e-08, -1.108636406982e-08, -9.098355708268e-09,
 -6.204550423894e-09, -3.206554669358e-09, -9.581034671690e-10,
 -1.362147177279e-10, -1.053687524819e-09, -3.564473850305e-09,
 -7.090295248710e-09, -1.076435048064e-08, -1.365679795547e-08,
 -1.502321314291e-08, -1.450997250271e-08, -1.225986503723e-08,
 -8.886758989389e-09, -5.322999759505e-09, -2.577055568562e-09,
 -1.464373694244e-09, -2.383343793589e-09, -5.197650157821e-09,
 -9.259487325161e-09, -1.357071213205e-08, -1.704212612827e-08,
 -1.878325633751e-08, -1.834574921275e-08, -1.585348721256e-08,
 -1.198212082093e-08, -7.790004033709e-09, -4.442781968163e-09,
 -2.903410314037e-09, -3.669984503199e-09, -6.633082979418e-09,
 -1.109317028102e-08, -1.593638639276e-08, -1.992480923194e-08,
 -2.202492055533e-08, -2.168710557866e-08, -1.900009278898e-08,
 -1.467697692927e-08, -9.873976274577e-09, -5.887856854034e-09,
 -3.811810043823e-09, -4.241221069929e-09, -7.109023713453e-09,
 -1.169617381929e-08, -1.681661000697e-08, -2.112857068806e-08,
 -2.349046674755e-08, -2.326613114049e-08, -2.049746850095e-08,
 -1.589733521884e-08, -1.066352138058e-08, -6.162604999763e-09,
 -3.567670676247e-09, -3.546470450644e-09]

================================================================================
TRAJECTORY 49
================================================================================

COMP trajectory 49
outcomes: (0, 0, 0, 0, 0, 0, 0, 0, 0, 0, 0, 0, 0, 0, 0, 0, 0, 0, 0, 0, 0, 0, 0, 0, 0, 0, 0, 0, 0, 0, 0, 0, 0, 0, 0, 0, 0, 0, 0, 0, 0, 0, 0, 0, 0, 0, 0, 0, 0, 0, 0, 0, 0, 0, 0, 0, 0, 0, 0, 0, 0, 0, 0, 0, 0, 0, 0, 0, 0, 0, 0, 0, 0, 0, 0, 0, 0, 0, 0, 0, 0, 0, 0, 0, 0, 0, 0, 0, 0, 0, 0, 0, 0, 0, 0, 0, 0, 0, 0, 0, 0, 0, 0, 0, 0, 0, 0, 0, 0, 0, 0, 0, 0, 0, 0, 0, 0, 0, 0, 0, 0, 0, 0, 0, 0, 0, 0, 0, 0, 0, 0, 0, 0, 0, 0, 0, 0, 0, 0, 0, 0, 0, 0, 0, 0, 0, 0, 0, 0, 0, 0, 0, 0, 0, 0, 0, 0, 0, 0, 0, 0, 0, 0, 0, 0, 0, 0, 0, 0, 0, 0, 0, 0, 0, 0, 0, 0, 0, 0, 0, 0, 0, 0, 0, 0, 0, 0, 0, 0, 0, 0, 0, 0, 0, 0, 0, 0, 0, 0, 0, 0)
p_seq: 0.9711646393507506
DeltaW_total: -0.8254703559926213
DeltaQ_total: -4.164499868344711e-06
dW per increment:
[ 1.573221825758e-03,  3.134225698634e-03,  1.495191472248e-03,
 -1.818410173470e-03, -3.643019679057e-03, -2.283259703793e-03,
  8.314121654003e-04,  2.560741646251e-03,  1.138127896114e-03,
 -2.107932878062e-03, -4.075018812387e-03, -2.935493525278e-03,
  8.680979657250e-05,  1.941298909479e-03,  7.505793541434e-04,
 -2.367704122973e-03, -4.427071274868e-03, -3.511588823436e-03,
 -6.325205688213e-04,  1.298855175149e-03,  3.396538452147e-04,
 -2.603516238699e-03, -4.703663861903e-03, -4.002026710845e-03,
 -1.303484448567e-03,  6.567724896147e-04, -8.510182655641e-05,
 -2.821587458538e-03, -4.914835379770e-03, -4.405884661647e-03,
 -1.910183305348e-03,  3.565060464972e-05, -5.132371009751e-04,
 -3.027298470332e-03, -5.073339001779e-03, -4.728865907634e-03,
 -2.444275699512e-03, -5.486423046008e-04, -9.348428529350e-04,
 -3.224521673861e-03, -5.192133571619e-03, -4.980712787173e-03,
 -2.903939336665e-03, -1.085625631404e-03, -1.341595073573e-03,
 -3.415530324414e-03, -5.282703324543e-03, -5.172819604123e-03,
 -3.292147499682e-03, -1.569847932078e-03, -1.727294307221e-03,
 -3.601287952193e-03, -5.354258896261e-03, -5.316473076707e-03,
 -3.614869638918e-03, -1.999957734029e-03, -2.087961498690e-03,
 -3.781885391360e-03, -5.413607311841e-03, -5.421796081443e-03,
 -3.879557404957e-03, -2.377593005731e-03, -2.421629721690e-03,
 -3.956956462901e-03, -5.465411011832e-03, -5.497269492576e-03,
 -4.094047385047e-03, -2.706343493434e-03, -2.727977972208e-03,
 -4.125989748825e-03, -5.512605403135e-03, -5.549645193128e-03,
 -4.265865411639e-03, -2.990908361619e-03, -3.007920527587e-03,
 -4.288519595002e-03, -5.556829053388e-03, -5.584081868419e-03,
 -4.401851463516e-03, -3.236478843183e-03, -3.263222340834e-03,
 -4.444214393502e-03, -5.598794481354e-03, -5.604382314079e-03,
 -4.508010920821e-03, -3.448324470437e-03, -3.496174112369e-03,
 -4.592891503647e-03, -5.638576436994e-03, -5.613257632877e-03,
 -4.589510306330e-03, -3.631540842013e-03, -3.709335560494e-03,
 -4.734486591206e-03, -5.675821051454e-03, -5.612579000513e-03,
 -4.650756018300e-03, -3.790914109564e-03, -3.905341228638e-03,
 -4.868998771144e-03, -5.709890569744e-03, -5.603600587765e-03,
 -4.695514006782e-03, -3.930862912689e-03, -4.086756904949e-03,
 -4.996426192346e-03, -5.739961228311e-03, -5.587150343032e-03,
 -4.727043558887e-03, -4.055426609789e-03, -4.255973341516e-03,
 -5.116701422967e-03, -5.765090719279e-03, -5.563791824187e-03,
 -4.748228901320e-03, -4.168276489178e-03, -4.415125183618e-03,
 -5.229632570476e-03, -5.784269144659e-03, -5.533962658291e-03,
 -4.761698933649e-03, -4.272733115865e-03, -4.566025450544e-03,
 -5.334854257718e-03, -5.796464622374e-03, -5.498095219046e-03,
 -4.769929084116e-03, -4.371777939717e-03, -4.710108795635e-03,
 -5.431791959246e-03, -5.800672190635e-03, -5.456723787063e-03,
 -4.775320974506e-03, -4.468051045418e-03, -4.848379782789e-03,
 -5.519643341266e-03, -5.795972387943e-03, -5.410580380357e-03,
 -4.780256060492e-03, -4.563829901620e-03, -4.981365435036e-03,
 -5.597380761653e-03, -5.781603688753e-03, -5.360678932234e-03,
 -4.787119299504e-03, -4.660986609068e-03, -5.109074308084e-03,
 -5.663779606643e-03, -5.757050613887e-03, -5.308384749725e-03,
 -4.798288702908e-03, -4.760923850927e-03, -5.230967275576e-03,
 -5.717477317724e-03, -5.722146574740e-03, -5.255463397646e-03,
 -4.816086816568e-03, -4.864492816061e-03, -5.345947962631e-03,
 -5.757067431755e-03, -5.677187184443e-03, -5.204100564750e-03,
 -4.842691174211e-03, -4.971899973988e-03, -5.452383086560e-03,
 -5.781231350383e-03, -5.623045821803e-03, -5.156882441717e-03,
 -4.880002986489e-03, -5.082613741926e-03, -5.548164465772e-03,
 -5.788907525879e-03, -5.561278786864e-03, -5.116725168225e-03,
 -4.929477097964e-03, -5.195286585103e-03, -5.630824596562e-03,
 -5.779493037682e-03, -5.494202800431e-03, -5.086742614139e-03,
 -4.991921764532e-03, -5.307712445877e-03, -5.697715810978e-03,
 -5.753066063175e-03, -5.424923524483e-03, -5.070044845191e-03,
 -5.067284018143e-03, -5.416842794922e-03, -5.746258424669e-03,
 -5.710609744664e-03, -5.357291195278e-03, -5.069465751415e-03,
 -5.154444859926e-03, -5.518885912881e-03, -5.774255378167e-03,
 -5.654209111349e-03, -5.295759633523e-03, -5.087227936578e-03,
 -5.251057296700e-03, -5.609511857628e-03]
dQ per increment:
[-2.303445896935e-07, -3.737145369089e-07, -2.283549950933e-07,
  6.305170112452e-08,  2.150937552111e-07,  7.990028732391e-08,
 -2.084242085049e-07, -3.664773042503e-07, -2.399387621110e-07,
  4.614098047476e-08,  2.117009113476e-07,  9.689510160199e-08,
 -1.826187498049e-07, -3.513829642211e-07, -2.450291769021e-07,
  3.033546556530e-08,  2.049763585094e-07,  1.110117306756e-07,
 -1.550299757133e-07, -3.301427211931e-07, -2.439696191038e-07,
  1.639555426841e-08,  1.954990783409e-07,  1.214994547454e-07,
 -1.276947290724e-07, -3.048688196460e-07, -2.376692300205e-07,
  4.792022993260e-09,  1.840388794716e-07,  1.280942077677e-07,
 -1.022653350084e-07, -2.776644927207e-07, -2.273371804587e-07,
 -4.279821998535e-09,  1.714289219086e-07,  1.309683700288e-07,
 -7.985172656823e-08, -2.503246558142e-07, -2.142349204326e-07,
 -1.084738411247e-08,  1.584479067014e-07,  1.306002499210e-07,
 -6.101955821701e-08, -2.241889704440e-07, -1.995010053563e-07,
 -1.509354093793e-08,  1.457387308226e-07,  1.276224479096e-07,
 -4.588924855950e-08, -2.001249774365e-07, -1.840592551367e-07,
 -1.729187853322e-08,  1.337709228935e-07,  1.226934771294e-07,
 -3.427311845569e-08, -1.785916474636e-07, -1.685938165394e-07,
 -1.775376124932e-08,  1.228404726272e-07,  1.164114519568e-07,
 -2.580565765589e-08, -1.597360211165e-07, -1.535663948131e-07,
 -1.679050413463e-08,  1.130923751921e-07,  1.092694205751e-07,
 -2.004501912893e-08, -1.434900750025e-07, -1.392533613949e-07,
 -1.469007675226e-08,  1.045533624044e-07,  1.016422897255e-07,
 -1.654100056014e-08, -1.296522185693e-07, -1.257883024876e-07,
 -1.170519751091e-08,  9.716509228631e-08,  9.379361490171e-08,
 -1.487427096812e-08, -1.179478545097e-07, -1.132015734467e-07,
 -8.050420379803e-09,  9.081268954100e-08,  8.589211769735e-08,
 -1.467435067383e-08, -1.080710673802e-07, -1.014535110436e-07,
 -3.904481047506e-09,  8.534696245392e-08,  7.803175067342e-08,
 -1.562353778208e-08, -9.971068657940e-08, -9.046070717413e-08,
  5.839268157545e-10,  8.060031384417e-08,  7.025135185992e-08,
 -1.745300054696e-08, -9.256527907370e-08, -8.011598286953e-08,
  5.288956048295e-09,  7.639736736547e-08,  6.255220588594e-08,
 -1.993441190199e-08, -8.635090077182e-08, -7.030356236320e-08,
  1.009977830708e-08,  7.256191040736e-08,  5.491314227597e-08,
 -2.287032066462e-08, -8.080429543707e-08, -6.091042770683e-08,
  1.491329992831e-08,  6.892140295544e-08,  4.730323838794e-08,
 -2.608426303207e-08, -7.568391480108e-08, -5.183528438337e-08,
  1.962741622615e-08,  6.531012132754e-08,  3.969257071895e-08,
 -2.941203097436e-08, -7.077007619684e-08, -4.299583785967e-08,
  2.413564253317e-08,  6.157211036167e-08,  3.206142777266e-08,
 -3.269431946441e-08, -6.586573788464e-08, -3.433505970686e-08,
  2.832297230429e-08,  5.756455508273e-08,  2.440847425957e-08,
 -3.577138624894e-08, -6.079799217806e-08, -2.582672045150e-08,
  3.206356326019e-08,  5.316200673948e-08,  1.675781689152e-08,
 -3.847984314433e-08, -5.542129094191e-08, -1.748021510872e-08,
  3.522051618497e-08,  4.826194963982e-08,  9.164972301478e-09,
 -4.065215378820e-08, -4.962225960171e-08, -9.344628259557e-09,
  3.764813782167e-08,  4.279176034263e-08,  1.721530753888e-09,
 -4.211903883306e-08, -4.332600521666e-08, -1.511265309076e-09,
  3.919698187815e-08,  3.671681065437e-08, -5.442147849553e-09,
 -4.271509123407e-08, -3.650385619995e-08,  5.885719669453e-09,
  3.972202878167e-08,  3.004932807617e-08, -1.215687048771e-08,
 -4.228784965515e-08, -2.918145639713e-08,  1.267170678804e-08,
  3.909421967489e-08,  2.285718243237e-08, -1.821821416469e-08,
 -4.071024553055e-08, -2.144663815637e-08,  1.863781259534e-08,
  3.721494434665e-08,  1.527154354364e-08, -2.339443457618e-08,
 -3.789598118555e-08, -1.345526241120e-08,  2.355192775961e-08,
  3.403317385721e-08,  7.491500678483e-09, -2.743986154442e-08,
 -3.381709327410e-08, -5.433546619582e-09,  2.717534480431e-08,
  2.956380423108e-08, -2.156552861635e-10, -3.011402925635e-08,
 -2.852204394194e-08,  2.325176557370e-09,  2.928503450416e-08,
  2.390557781243e-08, -7.521049739598e-09, -3.120651519140e-08,
 -2.215213877783e-08,  9.471303023117e-09,  2.970128797335e-08,
  1.725574105653e-08, -1.404927362381e-08, -3.056650947370e-08,
 -1.495334088931e-08,  1.561900356273e-08]

EXP trajectory 49
outcomes: (0, 0, 0, 0, 0, 0, 0, 0, 0, 0, 0, 0, 0, 0, 0, 0, 0, 0, 0, 0, 0, 0, 0, 0, 0, 0, 0, 0, 0, 0, 0, 0, 0, 0, 0, 0, 0, 0, 0, 0, 0, 0, 0, 0, 0, 0, 0, 0, 0, 0, 0, 0, 0, 0, 0, 0, 0, 0, 0, 0, 0, 0, 0, 0, 0, 0, 0, 0, 0, 0, 0, 0, 0, 0, 0, 0, 0, 0, 0, 0, 0, 0, 0, 0, 0, 0, 0, 0, 0, 0, 0, 0, 0, 0, 0, 0, 0, 0, 0, 0, 0, 0, 0, 0, 0, 0, 0, 0, 0, 0, 0, 0, 0, 0, 0, 0, 0, 0, 0, 0, 0, 0, 0, 0, 0, 0, 0, 0, 0, 0, 0, 0, 0, 0, 0, 0, 0, 0, 0, 0, 0, 0, 0, 0, 0, 0, 0, 0, 0, 0, 0, 0, 0, 0, 0, 0, 0, 0, 0, 0, 0, 0, 0, 0, 0, 0, 0, 0, 0, 0, 0, 0, 0, 0, 0, 0, 0, 0, 0, 0, 0, 0, 0, 0, 0, 0, 0, 0, 0, 0, 0, 0, 0, 0, 0, 0, 0, 0, 0, 0, 0)
p_seq: 0.9922287100657725
DeltaW_total: 0.5301603849893777
DeltaQ_total: -7.719151607382571e-07
dW per increment:
[ 3.471592021139e-03,  3.489908428906e-03,  3.499542792703e-03,
  3.497028079165e-03,  3.482376576295e-03,  3.459130024005e-03,
  3.433383333258e-03,  3.412051153308e-03,  3.400870158988e-03,
  3.402713397428e-03,  3.416710422060e-03,  3.438440127699e-03,
  3.461156066964e-03,  3.477704457890e-03,  3.482589830842e-03,
  3.473592845747e-03,  3.452465789282e-03,  3.424490918368e-03,
  3.397012033791e-03,  3.377347524109e-03,  3.370677421085e-03,
  3.378513174559e-03,  3.398199992864e-03,  3.423611057194e-03,
  3.446852446881e-03,  3.460504343055e-03,  3.459762855192e-03,
  3.443865714532e-03,  3.416381169661e-03,  3.384258974910e-03,
  3.355895587678e-03,  3.338751958154e-03,  3.337198766859e-03,
  3.351209489162e-03,  3.376289061208e-03,  3.404679028904e-03,
  3.427516203855e-03,  3.437344543505e-03,  3.430269528167e-03,
  3.407134656928e-03,  3.373368109511e-03,  3.337520432696e-03,
  3.308886893812e-03,  3.294874975238e-03,  3.298860968572e-03,
  3.319153244814e-03,  3.349376115514e-03,  3.380190563458e-03,
  3.401887676162e-03,  3.407135342613e-03,  3.393102892362e-03,
  3.362350867906e-03,  3.322211620397e-03,  3.282808163888e-03,
  3.254246028792e-03,  3.243755899954e-03,  3.253592696122e-03,
  3.280298007542e-03,  3.315559617075e-03,  3.348456266833e-03,
  3.368481985007e-03,  3.368513748836e-03,  3.346886605744e-03,
  3.307975511301e-03,  3.261091189071e-03,  3.217966880079e-03,
  3.189513415307e-03,  3.182738183902e-03,  3.198694951738e-03,
  3.232059665013e-03,  3.272483945990e-03,  3.307383733533e-03,
  3.325412546804e-03,  3.319662631013e-03,  3.289694066233e-03,
  3.241800872546e-03,  3.187402894879e-03,  3.139972437395e-03,
  3.111321225571e-03,  3.108268423539e-03,  3.130625578207e-03,
  3.171087622738e-03,  3.217101601967e-03,  3.254236837567e-03,
  3.270153219708e-03,  3.258079009022e-03,  3.218822165143e-03,
  3.160724633602e-03,  3.097526103314e-03,  3.044681909479e-03,
  3.015119583406e-03,  3.015595627069e-03,  3.044674015911e-03,
  3.092922697300e-03,  3.145325235042e-03,  3.185293245780e-03,
  3.199209648496e-03,  3.180261868129e-03,  3.130491228227e-03,
  3.060451242069e-03,  2.986511653903e-03,  2.926493760558e-03,
  2.894797634664e-03,  2.898349028616e-03,  2.934500145301e-03,
  2.991509053373e-03,  3.051529780597e-03,  3.095354689673e-03,
  3.107651809330e-03,  3.081273406748e-03,  3.019431538554e-03,
  2.935090631766e-03,  2.847672669210e-03,  2.777908084836e-03,
  2.742193359676e-03,  2.747985388865e-03,  2.791518166976e-03,
  2.858525885362e-03,  2.927853454429e-03,  2.977044695097e-03,
  2.988435731169e-03,  2.954105340171e-03,  2.878302659440e-03,
  2.776623704852e-03,  2.672074159671e-03,  2.589006798452e-03,
  2.546526078143e-03,  2.553139435749e-03,  2.604143225854e-03,
  2.682527892720e-03,  2.763252167938e-03,  2.819817430039e-03,
  2.831420422943e-03,  2.788759249169e-03,  2.696880788532e-03,
  2.574216128261e-03,  2.447960511557e-03,  2.346948888391e-03,
  2.293887735815e-03,  2.299028805124e-03,  2.357037084202e-03,
  2.447988826900e-03,  2.542343890347e-03,  2.608657615212e-03,
  2.622023091986e-03,  2.570982335142e-03,  2.460996823311e-03,
  2.313445207076e-03,  2.160295862955e-03,  2.035773856782e-03,
  1.967189110980e-03,  1.967377690381e-03,  2.030839102211e-03,
  2.134711463212e-03,  2.244452053180e-03,  2.322818203632e-03,
  2.339816139038e-03,  2.280962674844e-03,  2.151589596803e-03,
  1.975927794776e-03,  1.791082260642e-03,  1.637388648561e-03,
  1.547655126121e-03,  1.538156981326e-03,  1.603851242365e-03,
  1.719203159876e-03,  1.844539149339e-03,  1.936350438971e-03,
  1.958870131821e-03,  1.893840379415e-03,  1.745802062390e-03,
  1.541383878163e-03,  1.322648938199e-03,  1.136157894393e-03,
  1.020596391918e-03,  9.962611938334e-04,  1.059267056423e-03,
  1.182123606188e-03,  1.320649646217e-03,  1.425486451986e-03,
  1.455202128376e-03,  1.387497275168e-03,  1.225472717563e-03,
  9.971977101273e-04,  7.485906989935e-04,  5.314232441034e-04,
  3.895953828525e-04,  3.473390862094e-04,  4.025362268560e-04,
  5.270024193518e-04,  6.737378879755e-04,  7.892749176577e-04,
  8.278638852808e-04,  7.637162381879e-04,  5.980127755283e-04,
  3.587656806161e-04,  9.352727539280e-05, -1.431430554426e-04,
 -3.041275490840e-04, -3.622613342138e-04]
dQ per increment:
[-4.162499281889e-10, -8.896106024146e-10, -1.150365450901e-09,
 -1.119499371026e-09, -8.017114363872e-10, -2.854011209221e-10,
  2.817411198005e-10,  7.346852466672e-10,  9.387861848575e-10,
  8.293747238465e-10,  4.317194960898e-10, -1.448441436236e-10,
 -7.371924537827e-10, -1.174808945655e-09, -1.329034235095e-09,
 -1.151043532190e-09, -6.872767344384e-10, -6.770972259436e-11,
  5.302931824127e-10,  9.324338183080e-10,  1.017739948740e-09,
  7.544377596605e-10,  2.106795235230e-10, -4.633608275718e-10,
 -1.077278702008e-09, -1.454444851882e-09, -1.483146725226e-09,
 -1.149750651023e-09, -5.444651461455e-10,  1.627159518236e-10,
  7.692836975076e-10,  1.097732246682e-09,  1.046806066742e-09,
  6.219700737515e-10, -6.424148084154e-11, -8.223532087497e-10,
 -1.438696809472e-09, -1.736003174763e-09, -1.624659441484e-09,
 -1.129985244047e-09, -3.872032243446e-10,  3.949908562121e-10,
  9.924150062932e-10,  1.228965977379e-09,  1.027606012869e-09,
  4.342072565215e-10, -3.930365965413e-10, -1.226302503987e-09,
 -1.831469573221e-09, -2.034275635963e-09, -1.771094322090e-09,
 -1.109046903792e-09, -2.297496703519e-10,  6.197848268679e-10,
  1.195609350781e-09,  1.325903041874e-09,  9.609855062317e-10,
  1.898597915169e-10, -7.819716846703e-10, -1.687972207755e-09,
 -2.274458441357e-09, -2.372298596822e-09, -1.946316578391e-09,
 -1.108130204134e-09, -8.788011963100e-11,  8.278031121906e-10,
  1.375126465605e-09,  1.387593028218e-09,  8.449351906071e-10,
 -1.179749739739e-10, -1.245528577086e-09, -2.230182377639e-09,
 -2.797417589890e-09, -2.783264836811e-09, -2.182712286630e-09,
 -1.154690626643e-09,  1.848150256965e-11,  1.007075776070e-09,
  1.524811284832e-09,  1.409685400963e-09,  6.720105674186e-10,
 -5.043356700145e-10, -1.809080356005e-09, -2.888766425070e-09,
 -3.444073949535e-09, -3.314266422069e-09, -2.525231771627e-09,
 -1.286807543984e-09,  6.091396397706e-11,  1.138674581274e-09,
  1.632213696449e-09,  1.380856694505e-09,  4.259249140447e-10,
 -9.957806811111e-10, -2.512438025530e-09, -3.716654182117e-09,
 -4.277095541237e-09, -4.031890774589e-09, -3.037739189859e-09,
 -1.559839068023e-09, -4.252590684109e-12,  1.190366060279e-09,
  1.672683262624e-09,  1.277688897608e-09,  7.696324361237e-11,
 -1.634709982288e-09, -3.414479586117e-09, -4.789137933664e-09,
 -5.384251458313e-09, -5.029593117207e-09, -3.811371310355e-09,
 -2.055589063115e-09, -2.452423984375e-10,  1.107648860436e-09,
  1.601447945608e-09,  1.057747350862e-09, -4.235767115746e-10,
 -2.484049972011e-09, -4.597305546666e-09, -6.208251334891e-09,
 -6.883759853696e-09, -6.434333082561e-09, -4.972713608454e-09,
 -2.891642708429e-09, -7.648842309852e-10,  8.039711157557e-10,
  1.344938719585e-09,  6.533288375360e-10, -1.146929996289e-09,
 -3.627707477732e-09, -6.164185111890e-09, -8.099032094175e-09,
 -8.920022792343e-09, -8.403247392201e-09, -6.682242508838e-09,
 -4.222090052846e-09, -1.702953441999e-09,  1.580449441566e-10,
  7.999735234594e-10, -2.541834012151e-11, -2.177528917650e-09,
 -5.153715727075e-09, -8.214815033292e-09, -1.057815380239e-08,
 -1.162794102119e-08, -1.108636406982e-08, -9.098355708268e-09,
 -6.204550423894e-09, -3.206554669358e-09, -9.581034671690e-10,
 -1.362147177279e-10, -1.053687524819e-09, -3.564473850305e-09,
 -7.090295248710e-09, -1.076435048064e-08, -1.365679795547e-08,
 -1.502321314291e-08, -1.450997250271e-08, -1.225986503723e-08,
 -8.886758989389e-09, -5.322999759505e-09, -2.577055568562e-09,
 -1.464373694244e-09, -2.383343793589e-09, -5.197650157821e-09,
 -9.259487325161e-09, -1.357071213205e-08, -1.704212612827e-08,
 -1.878325633751e-08, -1.834574921275e-08, -1.585348721256e-08,
 -1.198212082093e-08, -7.790004033709e-09, -4.442781968163e-09,
 -2.903410314037e-09, -3.669984503199e-09, -6.633082979418e-09,
 -1.109317028102e-08, -1.593638639276e-08, -1.992480923194e-08,
 -2.202492055533e-08, -2.168710557866e-08, -1.900009278898e-08,
 -1.467697692927e-08, -9.873976274577e-09, -5.887856854034e-09,
 -3.811810043823e-09, -4.241221069929e-09, -7.109023713453e-09,
 -1.169617381929e-08, -1.681661000697e-08, -2.112857068806e-08,
 -2.349046674755e-08, -2.326613114049e-08, -2.049746850095e-08,
 -1.589733521884e-08, -1.066352138058e-08, -6.162604999763e-09,
 -3.567670676247e-09, -3.546470450644e-09]

================================================================================
TRAJECTORY 50
================================================================================

COMP trajectory 50
outcomes: (0, 0, 0, 0, 0, 0, 0, 0, 0, 0, 0, 0, 0, 0, 0, 0, 0, 0, 0, 0, 0, 0, 0, 0, 0, 0, 0, 0, 0, 0, 0, 0, 0, 0, 0, 0, 0, 0, 0, 0, 0, 0, 0, 0, 0, 0, 0, 0, 0, 0, 0, 0, 0, 0, 0, 0, 0, 0, 0, 0, 0, 0, 0, 0, 0, 0, 0, 0, 0, 0, 0, 0, 0, 0, 0, 0, 0, 0, 0, 0, 0, 0, 0, 0, 0, 0, 0, 0, 0, 0, 0, 0, 0, 0, 0, 0, 0, 0, 0, 0, 0, 0, 0, 0, 0, 0, 0, 0, 0, 0, 0, 0, 0, 0, 0, 0, 0, 0, 0, 0, 0, 0, 0, 0, 0, 0, 1, 1, 1, 1, 1, 1, 1, 1, 1, 1, 1, 1, 1, 1, 1, 1, 1, 1, 1, 1, 1, 1, 1, 1, 1, 1, 1, 1, 1, 1, 1, 1, 1, 1, 1, 1, 1, 1, 1, 1, 1, 1, 1, 1, 1, 1, 1, 1, 1, 1, 1, 1, 1, 1, 1, 1, 1, 1, 1, 1, 1, 1, 1, 1, 1, 1, 1, 1, 1, 1, 1, 1, 1, 1, 1)
p_seq: 0.0001420882082310917
DeltaW_total: -0.826081685548095
DeltaQ_total: -30.461895476792957
dW per increment:
[ 1.573221825758e-03,  3.134225698634e-03,  1.495191472248e-03,
 -1.818410173470e-03, -3.643019679057e-03, -2.283259703793e-03,
  8.314121654003e-04,  2.560741646251e-03,  1.138127896114e-03,
 -2.107932878062e-03, -4.075018812387e-03, -2.935493525278e-03,
  8.680979657250e-05,  1.941298909479e-03,  7.505793541434e-04,
 -2.367704122973e-03, -4.427071274868e-03, -3.511588823436e-03,
 -6.325205688213e-04,  1.298855175149e-03,  3.396538452147e-04,
 -2.603516238699e-03, -4.703663861903e-03, -4.002026710845e-03,
 -1.303484448567e-03,  6.567724896147e-04, -8.510182655641e-05,
 -2.821587458538e-03, -4.914835379770e-03, -4.405884661647e-03,
 -1.910183305348e-03,  3.565060464972e-05, -5.132371009751e-04,
 -3.027298470332e-03, -5.073339001779e-03, -4.728865907634e-03,
 -2.444275699512e-03, -5.486423046008e-04, -9.348428529350e-04,
 -3.224521673861e-03, -5.192133571619e-03, -4.980712787173e-03,
 -2.903939336665e-03, -1.085625631404e-03, -1.341595073573e-03,
 -3.415530324414e-03, -5.282703324543e-03, -5.172819604123e-03,
 -3.292147499682e-03, -1.569847932078e-03, -1.727294307221e-03,
 -3.601287952193e-03, -5.354258896261e-03, -5.316473076707e-03,
 -3.614869638918e-03, -1.999957734029e-03, -2.087961498690e-03,
 -3.781885391360e-03, -5.413607311841e-03, -5.421796081443e-03,
 -3.879557404957e-03, -2.377593005731e-03, -2.421629721690e-03,
 -3.956956462901e-03, -5.465411011832e-03, -5.497269492576e-03,
 -4.094047385047e-03, -2.706343493434e-03, -2.727977972208e-03,
 -4.125989748825e-03, -5.512605403135e-03, -5.549645193128e-03,
 -4.265865411639e-03, -2.990908361619e-03, -3.007920527587e-03,
 -4.288519595002e-03, -5.556829053388e-03, -5.584081868419e-03,
 -4.401851463516e-03, -3.236478843183e-03, -3.263222340834e-03,
 -4.444214393502e-03, -5.598794481354e-03, -5.604382314079e-03,
 -4.508010920821e-03, -3.448324470437e-03, -3.496174112369e-03,
 -4.592891503647e-03, -5.638576436994e-03, -5.613257632877e-03,
 -4.589510306330e-03, -3.631540842013e-03, -3.709335560494e-03,
 -4.734486591206e-03, -5.675821051454e-03, -5.612579000513e-03,
 -4.650756018300e-03, -3.790914109564e-03, -3.905341228638e-03,
 -4.868998771144e-03, -5.709890569744e-03, -5.603600587765e-03,
 -4.695514006782e-03, -3.930862912689e-03, -4.086756904949e-03,
 -4.996426192346e-03, -5.739961228311e-03, -5.587150343032e-03,
 -4.727043558887e-03, -4.055426609789e-03, -4.255973341516e-03,
 -5.116701422967e-03, -5.765090719279e-03, -5.563791824187e-03,
 -4.748228901320e-03, -4.168276489178e-03, -4.415125183618e-03,
 -5.229632570476e-03, -5.784269144659e-03, -5.533962658291e-03,
 -4.761698933649e-03, -4.272733115865e-03, -4.566025450544e-03,
 -5.334854257718e-03, -5.796464622374e-03, -5.498095219046e-03,
 -4.668772518738e-03, -4.999614666133e-03, -5.391091715648e-03,
 -5.522129297070e-03, -5.297121830868e-03, -4.919495407695e-03,
 -4.714301304929e-03, -4.854494533314e-03, -5.221172670668e-03,
 -5.510154667490e-03, -5.489531246484e-03, -5.190256496231e-03,
 -4.873561512401e-03, -4.808355471958e-03, -5.048229163403e-03,
 -5.392680369290e-03, -5.559613308485e-03, -5.420737870404e-03,
 -5.103648202850e-03, -4.879883501955e-03, -4.937113870412e-03,
 -5.226456483877e-03, -5.508767125619e-03, -5.556475177475e-03,
 -5.340675366336e-03, -5.049941225035e-03, -4.929826666226e-03,
 -5.079644994098e-03, -5.374522801105e-03, -5.573427872470e-03,
 -5.519739838636e-03, -5.267576203410e-03, -5.032317865801e-03,
 -5.010355250477e-03, -5.218864270326e-03, -5.486087302868e-03,
 -5.596226959703e-03, -5.466726425235e-03, -5.212465120559e-03,
 -5.047373585358e-03, -5.107726170369e-03, -5.342978281480e-03,
 -5.561304138709e-03, -5.588950576662e-03, -5.411064378038e-03,
 -5.180062509440e-03, -5.088012832445e-03, -5.209887969976e-03,
 -5.445474186772e-03, -5.604591431496e-03, -5.563146658766e-03,
 -5.362045745308e-03, -5.170369487832e-03, -5.145834873158e-03,
 -5.307679834752e-03, -5.524248691300e-03, -5.622555123256e-03,
 -5.528630751193e-03, -5.324902693497e-03, -5.180381927918e-03,
 -5.212802915343e-03, -5.395112727614e-03, -5.580378921140e-03,
 -5.622362753149e-03, -5.492821217366e-03, -5.301587926297e-03,
 -5.205593320493e-03, -5.282210354142e-03, -5.469061869242e-03,
 -5.616887000510e-03, -5.610653395980e-03, -5.460675494783e-03,
 -5.291726332381e-03, -5.241130060526e-03]
dQ per increment:
[-2.303445896935e-07, -3.737145369089e-07, -2.283549950933e-07,
  6.305170112452e-08,  2.150937552111e-07,  7.990028732391e-08,
 -2.084242085049e-07, -3.664773042503e-07, -2.399387621110e-07,
  4.614098047476e-08,  2.117009113476e-07,  9.689510160199e-08,
 -1.826187498049e-07, -3.513829642211e-07, -2.450291769021e-07,
  3.033546556530e-08,  2.049763585094e-07,  1.110117306756e-07,
 -1.550299757133e-07, -3.301427211931e-07, -2.439696191038e-07,
  1.639555426841e-08,  1.954990783409e-07,  1.214994547454e-07,
 -1.276947290724e-07, -3.048688196460e-07, -2.376692300205e-07,
  4.792022993260e-09,  1.840388794716e-07,  1.280942077677e-07,
 -1.022653350084e-07, -2.776644927207e-07, -2.273371804587e-07,
 -4.279821998535e-09,  1.714289219086e-07,  1.309683700288e-07,
 -7.985172656823e-08, -2.503246558142e-07, -2.142349204326e-07,
 -1.084738411247e-08,  1.584479067014e-07,  1.306002499210e-07,
 -6.101955821701e-08, -2.241889704440e-07, -1.995010053563e-07,
 -1.509354093793e-08,  1.457387308226e-07,  1.276224479096e-07,
 -4.588924855950e-08, -2.001249774365e-07, -1.840592551367e-07,
 -1.729187853322e-08,  1.337709228935e-07,  1.226934771294e-07,
 -3.427311845569e-08, -1.785916474636e-07, -1.685938165394e-07,
 -1.775376124932e-08,  1.228404726272e-07,  1.164114519568e-07,
 -2.580565765589e-08, -1.597360211165e-07, -1.535663948131e-07,
 -1.679050413463e-08,  1.130923751921e-07,  1.092694205751e-07,
 -2.004501912893e-08, -1.434900750025e-07, -1.392533613949e-07,
 -1.469007675226e-08,  1.045533624044e-07,  1.016422897255e-07,
 -1.654100056014e-08, -1.296522185693e-07, -1.257883024876e-07,
 -1.170519751091e-08,  9.716509228631e-08,  9.379361490171e-08,
 -1.487427096812e-08, -1.179478545097e-07, -1.132015734467e-07,
 -8.050420379803e-09,  9.081268954100e-08,  8.589211769735e-08,
 -1.467435067383e-08, -1.080710673802e-07, -1.014535110436e-07,
 -3.904481047506e-09,  8.534696245392e-08,  7.803175067342e-08,
 -1.562353778208e-08, -9.971068657940e-08, -9.046070717413e-08,
  5.839268157545e-10,  8.060031384417e-08,  7.025135185992e-08,
 -1.745300054696e-08, -9.256527907370e-08, -8.011598286953e-08,
  5.288956048295e-09,  7.639736736547e-08,  6.255220588594e-08,
 -1.993441190199e-08, -8.635090077182e-08, -7.030356236320e-08,
  1.009977830708e-08,  7.256191040736e-08,  5.491314227597e-08,
 -2.287032066462e-08, -8.080429543707e-08, -6.091042770683e-08,
  1.491329992831e-08,  6.892140295544e-08,  4.730323838794e-08,
 -2.608426303207e-08, -7.568391480108e-08, -5.183528438337e-08,
  1.962741622615e-08,  6.531012132754e-08,  3.969257071895e-08,
 -2.941203097436e-08, -7.077007619684e-08, -4.299583785967e-08,
  2.413564253317e-08,  6.157211036167e-08, -3.046189161954e+01,
 -3.544332761053e-08, -5.422254313950e-09,  3.201621365939e-08,
  4.537440684901e-08,  2.403863003228e-08, -1.343051427320e-08,
 -3.551319580075e-08, -2.429040387927e-08,  1.001211614570e-08,
  3.824966705000e-08,  3.704836964730e-08,  8.054293310859e-09,
 -2.407267973240e-08, -3.268579351710e-08, -1.127505109069e-08,
  2.165321249213e-08,  3.851801795574e-08,  2.569630233118e-08,
 -5.569365663528e-09, -2.907464158146e-08, -2.565093526474e-08,
  1.198722379171e-09,  2.874543870816e-08,  3.422886684246e-08,
  1.359488330027e-08, -1.562448556647e-08, -2.924921132293e-08,
 -1.647994201607e-08,  1.155599331591e-08,  3.146154160544e-08,
  2.705114885305e-08,  2.444702529823e-09, -2.178812558151e-08,
 -2.585332136568e-08, -6.906371496397e-09,  1.901942526129e-08,
  3.055216695521e-08,  1.855456512392e-08, -6.704174124704e-09,
 -2.436947915078e-08, -2.023856878180e-08,  1.825980483136e-09,
  2.345175389561e-08,  2.702813678510e-08,  1.000225687952e-08,
 -1.338723572969e-08, -2.404501075592e-08, -1.361720816401e-08,
  8.976292327489e-09,  2.515168909690e-08,  2.192014926430e-08,
  2.272666621735e-09, -1.758943079730e-08, -2.163390359043e-08,
 -6.938914764824e-09,  1.423454228187e-08,  2.465823623499e-08,
  1.612686135327e-08, -4.128460046049e-09, -1.959029578922e-08,
 -1.793675356420e-08, -8.549281126785e-10,  1.761111075721e-08,
  2.259310761220e-08,  1.034117281390e-08, -9.004008387839e-09,
 -1.982399103293e-08, -1.363832046429e-08,  4.260244620621e-09,
  1.932153553558e-08,  1.955163166176e-08,  5.034707163329e-09,
 -1.238154037804e-08, -1.877069448486e-08]

EXP trajectory 50
outcomes: (0, 0, 0, 0, 0, 0, 0, 0, 0, 0, 0, 0, 0, 0, 0, 0, 0, 0, 0, 0, 0, 0, 0, 0, 0, 0, 0, 0, 0, 0, 0, 0, 0, 0, 0, 0, 0, 0, 0, 0, 0, 0, 0, 0, 0, 0, 0, 0, 0, 0, 0, 0, 0, 0, 0, 0, 0, 0, 0, 0, 0, 0, 0, 0, 0, 0, 0, 0, 0, 0, 0, 0, 0, 0, 0, 0, 0, 0, 0, 0, 0, 0, 0, 0, 0, 0, 0, 0, 0, 0, 0, 0, 0, 0, 0, 0, 0, 0, 0, 0, 0, 0, 0, 0, 0, 0, 0, 0, 0, 0, 0, 0, 0, 0, 0, 0, 0, 0, 0, 0, 0, 0, 0, 0, 0, 0, 0, 0, 0, 0, 0, 0, 0, 0, 0, 0, 0, 0, 0, 0, 0, 0, 0, 0, 0, 0, 0, 0, 0, 0, 0, 0, 0, 0, 0, 0, 0, 0, 0, 0, 0, 0, 0, 0, 0, 0, 0, 0, 0, 0, 0, 0, 0, 0, 0, 0, 0, 0, 0, 0, 0, 0, 0, 0, 0, 0, 0, 0, 0, 0, 0, 0, 0, 0, 0, 0, 0, 0, 0, 0, 0)
p_seq: 0.9922287100657725
DeltaW_total: 0.5301603849893777
DeltaQ_total: -7.719151607382571e-07
dW per increment:
[ 3.471592021139e-03,  3.489908428906e-03,  3.499542792703e-03,
  3.497028079165e-03,  3.482376576295e-03,  3.459130024005e-03,
  3.433383333258e-03,  3.412051153308e-03,  3.400870158988e-03,
  3.402713397428e-03,  3.416710422060e-03,  3.438440127699e-03,
  3.461156066964e-03,  3.477704457890e-03,  3.482589830842e-03,
  3.473592845747e-03,  3.452465789282e-03,  3.424490918368e-03,
  3.397012033791e-03,  3.377347524109e-03,  3.370677421085e-03,
  3.378513174559e-03,  3.398199992864e-03,  3.423611057194e-03,
  3.446852446881e-03,  3.460504343055e-03,  3.459762855192e-03,
  3.443865714532e-03,  3.416381169661e-03,  3.384258974910e-03,
  3.355895587678e-03,  3.338751958154e-03,  3.337198766859e-03,
  3.351209489162e-03,  3.376289061208e-03,  3.404679028904e-03,
  3.427516203855e-03,  3.437344543505e-03,  3.430269528167e-03,
  3.407134656928e-03,  3.373368109511e-03,  3.337520432696e-03,
  3.308886893812e-03,  3.294874975238e-03,  3.298860968572e-03,
  3.319153244814e-03,  3.349376115514e-03,  3.380190563458e-03,
  3.401887676162e-03,  3.407135342613e-03,  3.393102892362e-03,
  3.362350867906e-03,  3.322211620397e-03,  3.282808163888e-03,
  3.254246028792e-03,  3.243755899954e-03,  3.253592696122e-03,
  3.280298007542e-03,  3.315559617075e-03,  3.348456266833e-03,
  3.368481985007e-03,  3.368513748836e-03,  3.346886605744e-03,
  3.307975511301e-03,  3.261091189071e-03,  3.217966880079e-03,
  3.189513415307e-03,  3.182738183902e-03,  3.198694951738e-03,
  3.232059665013e-03,  3.272483945990e-03,  3.307383733533e-03,
  3.325412546804e-03,  3.319662631013e-03,  3.289694066233e-03,
  3.241800872546e-03,  3.187402894879e-03,  3.139972437395e-03,
  3.111321225571e-03,  3.108268423539e-03,  3.130625578207e-03,
  3.171087622738e-03,  3.217101601967e-03,  3.254236837567e-03,
  3.270153219708e-03,  3.258079009022e-03,  3.218822165143e-03,
  3.160724633602e-03,  3.097526103314e-03,  3.044681909479e-03,
  3.015119583406e-03,  3.015595627069e-03,  3.044674015911e-03,
  3.092922697300e-03,  3.145325235042e-03,  3.185293245780e-03,
  3.199209648496e-03,  3.180261868129e-03,  3.130491228227e-03,
  3.060451242069e-03,  2.986511653903e-03,  2.926493760558e-03,
  2.894797634664e-03,  2.898349028616e-03,  2.934500145301e-03,
  2.991509053373e-03,  3.051529780597e-03,  3.095354689673e-03,
  3.107651809330e-03,  3.081273406748e-03,  3.019431538554e-03,
  2.935090631766e-03,  2.847672669210e-03,  2.777908084836e-03,
  2.742193359676e-03,  2.747985388865e-03,  2.791518166976e-03,
  2.858525885362e-03,  2.927853454429e-03,  2.977044695097e-03,
  2.988435731169e-03,  2.954105340171e-03,  2.878302659440e-03,
  2.776623704852e-03,  2.672074159671e-03,  2.589006798452e-03,
  2.546526078143e-03,  2.553139435749e-03,  2.604143225854e-03,
  2.682527892720e-03,  2.763252167938e-03,  2.819817430039e-03,
  2.831420422943e-03,  2.788759249169e-03,  2.696880788532e-03,
  2.574216128261e-03,  2.447960511557e-03,  2.346948888391e-03,
  2.293887735815e-03,  2.299028805124e-03,  2.357037084202e-03,
  2.447988826900e-03,  2.542343890347e-03,  2.608657615212e-03,
  2.622023091986e-03,  2.570982335142e-03,  2.460996823311e-03,
  2.313445207076e-03,  2.160295862955e-03,  2.035773856782e-03,
  1.967189110980e-03,  1.967377690381e-03,  2.030839102211e-03,
  2.134711463212e-03,  2.244452053180e-03,  2.322818203632e-03,
  2.339816139038e-03,  2.280962674844e-03,  2.151589596803e-03,
  1.975927794776e-03,  1.791082260642e-03,  1.637388648561e-03,
  1.547655126121e-03,  1.538156981326e-03,  1.603851242365e-03,
  1.719203159876e-03,  1.844539149339e-03,  1.936350438971e-03,
  1.958870131821e-03,  1.893840379415e-03,  1.745802062390e-03,
  1.541383878163e-03,  1.322648938199e-03,  1.136157894393e-03,
  1.020596391918e-03,  9.962611938334e-04,  1.059267056423e-03,
  1.182123606188e-03,  1.320649646217e-03,  1.425486451986e-03,
  1.455202128376e-03,  1.387497275168e-03,  1.225472717563e-03,
  9.971977101273e-04,  7.485906989935e-04,  5.314232441034e-04,
  3.895953828525e-04,  3.473390862094e-04,  4.025362268560e-04,
  5.270024193518e-04,  6.737378879755e-04,  7.892749176577e-04,
  8.278638852808e-04,  7.637162381879e-04,  5.980127755283e-04,
  3.587656806161e-04,  9.352727539280e-05, -1.431430554426e-04,
 -3.041275490840e-04, -3.622613342138e-04]
dQ per increment:
[-4.162499281889e-10, -8.896106024146e-10, -1.150365450901e-09,
 -1.119499371026e-09, -8.017114363872e-10, -2.854011209221e-10,
  2.817411198005e-10,  7.346852466672e-10,  9.387861848575e-10,
  8.293747238465e-10,  4.317194960898e-10, -1.448441436236e-10,
 -7.371924537827e-10, -1.174808945655e-09, -1.329034235095e-09,
 -1.151043532190e-09, -6.872767344384e-10, -6.770972259436e-11,
  5.302931824127e-10,  9.324338183080e-10,  1.017739948740e-09,
  7.544377596605e-10,  2.106795235230e-10, -4.633608275718e-10,
 -1.077278702008e-09, -1.454444851882e-09, -1.483146725226e-09,
 -1.149750651023e-09, -5.444651461455e-10,  1.627159518236e-10,
  7.692836975076e-10,  1.097732246682e-09,  1.046806066742e-09,
  6.219700737515e-10, -6.424148084154e-11, -8.223532087497e-10,
 -1.438696809472e-09, -1.736003174763e-09, -1.624659441484e-09,
 -1.129985244047e-09, -3.872032243446e-10,  3.949908562121e-10,
  9.924150062932e-10,  1.228965977379e-09,  1.027606012869e-09,
  4.342072565215e-10, -3.930365965413e-10, -1.226302503987e-09,
 -1.831469573221e-09, -2.034275635963e-09, -1.771094322090e-09,
 -1.109046903792e-09, -2.297496703519e-10,  6.197848268679e-10,
  1.195609350781e-09,  1.325903041874e-09,  9.609855062317e-10,
  1.898597915169e-10, -7.819716846703e-10, -1.687972207755e-09,
 -2.274458441357e-09, -2.372298596822e-09, -1.946316578391e-09,
 -1.108130204134e-09, -8.788011963100e-11,  8.278031121906e-10,
  1.375126465605e-09,  1.387593028218e-09,  8.449351906071e-10,
 -1.179749739739e-10, -1.245528577086e-09, -2.230182377639e-09,
 -2.797417589890e-09, -2.783264836811e-09, -2.182712286630e-09,
 -1.154690626643e-09,  1.848150256965e-11,  1.007075776070e-09,
  1.524811284832e-09,  1.409685400963e-09,  6.720105674186e-10,
 -5.043356700145e-10, -1.809080356005e-09, -2.888766425070e-09,
 -3.444073949535e-09, -3.314266422069e-09, -2.525231771627e-09,
 -1.286807543984e-09,  6.091396397706e-11,  1.138674581274e-09,
  1.632213696449e-09,  1.380856694505e-09,  4.259249140447e-10,
 -9.957806811111e-10, -2.512438025530e-09, -3.716654182117e-09,
 -4.277095541237e-09, -4.031890774589e-09, -3.037739189859e-09,
 -1.559839068023e-09, -4.252590684109e-12,  1.190366060279e-09,
  1.672683262624e-09,  1.277688897608e-09,  7.696324361237e-11,
 -1.634709982288e-09, -3.414479586117e-09, -4.789137933664e-09,
 -5.384251458313e-09, -5.029593117207e-09, -3.811371310355e-09,
 -2.055589063115e-09, -2.452423984375e-10,  1.107648860436e-09,
  1.601447945608e-09,  1.057747350862e-09, -4.235767115746e-10,
 -2.484049972011e-09, -4.597305546666e-09, -6.208251334891e-09,
 -6.883759853696e-09, -6.434333082561e-09, -4.972713608454e-09,
 -2.891642708429e-09, -7.648842309852e-10,  8.039711157557e-10,
  1.344938719585e-09,  6.533288375360e-10, -1.146929996289e-09,
 -3.627707477732e-09, -6.164185111890e-09, -8.099032094175e-09,
 -8.920022792343e-09, -8.403247392201e-09, -6.682242508838e-09,
 -4.222090052846e-09, -1.702953441999e-09,  1.580449441566e-10,
  7.999735234594e-10, -2.541834012151e-11, -2.177528917650e-09,
 -5.153715727075e-09, -8.214815033292e-09, -1.057815380239e-08,
 -1.162794102119e-08, -1.108636406982e-08, -9.098355708268e-09,
 -6.204550423894e-09, -3.206554669358e-09, -9.581034671690e-10,
 -1.362147177279e-10, -1.053687524819e-09, -3.564473850305e-09,
 -7.090295248710e-09, -1.076435048064e-08, -1.365679795547e-08,
 -1.502321314291e-08, -1.450997250271e-08, -1.225986503723e-08,
 -8.886758989389e-09, -5.322999759505e-09, -2.577055568562e-09,
 -1.464373694244e-09, -2.383343793589e-09, -5.197650157821e-09,
 -9.259487325161e-09, -1.357071213205e-08, -1.704212612827e-08,
 -1.878325633751e-08, -1.834574921275e-08, -1.585348721256e-08,
 -1.198212082093e-08, -7.790004033709e-09, -4.442781968163e-09,
 -2.903410314037e-09, -3.669984503199e-09, -6.633082979418e-09,
 -1.109317028102e-08, -1.593638639276e-08, -1.992480923194e-08,
 -2.202492055533e-08, -2.168710557866e-08, -1.900009278898e-08,
 -1.467697692927e-08, -9.873976274577e-09, -5.887856854034e-09,
 -3.811810043823e-09, -4.241221069929e-09, -7.109023713453e-09,
 -1.169617381929e-08, -1.681661000697e-08, -2.112857068806e-08,
 -2.349046674755e-08, -2.326613114049e-08, -2.049746850095e-08,
 -1.589733521884e-08, -1.066352138058e-08, -6.162604999763e-09,
 -3.567670676247e-09, -3.546470450644e-09]

