# tau eta power W_out Q_hot
2.450000000000000000e+01 -1.058453203883966465e+00 -3.146843009483333686e-03 -7.709765373234167551e-02 7.283992664903260472e-02
2.457499999999999929e+01 3.685416513446446163e-01 6.209087931883803049e-03 1.525883359260444827e-01 4.140328111336059047e-01
2.464999999999999858e+01 6.213114764610627727e-01 1.044936787841429203e-02 2.575769182029122861e-01 4.145697093349192119e-01
2.472500000000000142e+01 4.366427445887516301e-01 4.901659636747208830e-03 1.211935345185747304e-01 2.775576510099116989e-01
2.479999999999999716e+01 6.212114159204128461e-01 1.032766899401444879e-02 2.561261910515583162e-01 4.123011658954641723e-01
2.487500000000000000e+01 6.121913191471199944e-01 1.025445044247164095e-02 2.550794547564820824e-01 4.166662394230751243e-01
2.494999999999999929e+01 5.062214666412626629e-01 8.482043975014279258e-03 2.116269971766062685e-01 4.180521987357307956e-01
2.502499999999999858e+01 1.202245006821035567e+01 -6.858591858233900433e-03 -1.716362612523033571e-01 -1.427631308747476235e-02
2.509999999999999787e+01 6.342576883786717801e+00 -6.940568733900124090e-03 -1.742082752208931051e-01 -2.746648222210990031e-02
2.517499999999999716e+01 4.329794178691351858e-01 7.222799669327303017e-03 1.818339816753148375e-01 4.199598737745839361e-01
2.524999999999999645e+01 4.364039629134631171e-01 7.271709920583603604e-03 1.836106754947359754e-01 4.207355823923741855e-01
2.532499999999999574e+01 4.515481780547738189e-01 4.942622422312170291e-03 1.251719128450556884e-01 2.772061076279485059e-01
2.539999999999999858e+01 6.433579495713019902e-01 1.069134762792933041e-02 2.715602297494049688e-01 4.220981957716659072e-01
2.547499999999999432e+01 6.451703980365715019e-01 1.070408336455059943e-02 2.726865237119264762e-01 4.226581451067586426e-01
2.554999999999999716e+01 6.464761718745138941e-01 1.070608936056108296e-02 2.735405831623356487e-01 4.231255459411302766e-01
2.562499999999999645e+01 6.472603545895138089e-01 1.069708288083195784e-02 2.741127488213188634e-01 4.234968925219566027e-01
2.569999999999999574e+01 6.475453201197644004e-01 1.070812342246929387e-02 2.751987719574607860e-01 4.249876624952866333e-01
2.577499999999999503e+01 6.313908085104674717e-01 9.870438292825543802e-03 2.544105469975783684e-01 4.029367288348174037e-01
2.584999999999999432e+01 6.315299963557789997e-01 1.007732979004675143e-02 2.604989750727084719e-01 4.124886807846157577e-01
2.592499999999999716e+01 6.463208622662340863e-01 1.057290311793580503e-02 2.741025133324856977e-01 4.240966512691287660e-01
2.599999999999999289e+01 4.438929255469797885e-01 4.512484516774176169e-03 1.173245974361285526e-01 2.643083290673245989e-01
2.607499999999999574e+01 4.359050811816556070e-01 7.088411762676308583e-03 1.848303367117847262e-01 4.240151002845502504e-01
2.614999999999999503e+01 6.502777635905248044e-01 1.060002847628081085e-02 2.771907446547431375e-01 4.262651441811997066e-01
2.622499999999999432e+01 6.442571359113506979e-01 1.041244188477265069e-02 2.730662884281627178e-01 4.238467425617097328e-01
2.629999999999999361e+01 6.351419382037287731e-01 9.945931567201108867e-03 2.615780002173890839e-01 4.118418017823994859e-01
2.637499999999999289e+01 6.321633492089262507e-01 1.015600029813865622e-02 2.678645078634069865e-01 4.237267285403465422e-01
2.644999999999999218e+01 2.212857194239232217e-01 2.659518482650391046e-03 7.034426386610281856e-02 3.178888545055288950e-01
2.652499999999999147e+01 3.744665523689265640e-01 3.480560797456057082e-03 9.232187515252188170e-02 2.465423802699629185e-01
2.659999999999999432e+01 5.210894492410906853e-01 6.099785958884429253e-03 1.622543065063257739e-01 3.113751520830660979e-01
2.667499999999999005e+01 -4.913217326992158074e-01 -1.911225328547558203e-03 -5.098193563900610403e-02 1.037648698316728790e-01
2.674999999999999289e+01 5.285933000852589547e-01 6.405738074239146311e-03 1.713534934858971237e-01 3.241688713388134468e-01
2.682499999999999218e+01 5.456435735795233111e-01 6.634124236522816014e-03 1.779603826447244685e-01 3.261476745291276291e-01
2.689999999999999147e+01 6.114217762329836603e-01 8.827491012888636149e-03 2.374595082467042539e-01 3.883726708422301499e-01
2.697499999999999076e+01 6.528099828910697289e-01 1.029223577787115318e-02 2.776330601080743143e-01 4.252892378859365330e-01
2.704999999999999005e+01 6.532374882283505935e-01 1.028061512690361078e-02 2.780906391827425717e-01 4.257113901055402105e-01
2.712499999999999289e+01 6.534149360282751617e-01 1.026565806526672821e-02 2.784559750203599027e-01 4.261548973963311671e-01
2.719999999999998863e+01 2.698178792851014807e-01 3.110130787801770446e-03 8.459555742820812352e-02 3.135283608793794086e-01
2.727499999999999147e+01 6.531870566234284636e-01 1.022711851292769890e-02 2.789446574401028833e-01 4.270517221851785616e-01
2.734999999999999076e+01 6.529153194590080478e-01 1.020500852289231951e-02 2.791069831011048219e-01 4.274780737758872018e-01
2.742499999999999005e+01 4.652959718804263178e-01 7.285486869251627147e-03 1.998044773892257986e-01 4.294137268838690291e-01
2.749999999999998934e+01 6.524532111639833598e-01 1.015992257471057085e-02 2.793978708045405934e-01 4.282266774441830792e-01
2.757499999999998863e+01 6.524090617534830105e-01 1.013878726389200527e-02 2.795770588018219316e-01 4.285303120260183229e-01
2.764999999999998792e+01 4.874976741252196044e-01 6.598211071509044005e-03 1.824405361272249948e-01 3.742387826867107359e-01
2.772499999999998721e+01 6.529358314616994230e-01 1.010238573131770276e-02 2.800886444007831821e-01 4.289681020779037013e-01
2.779999999999999005e+01 2.409754065379790255e-01 1.643488242970479480e-03 4.568897315457931541e-02 1.896001497039843664e-01
2.787499999999998579e+01 5.378678427094949477e-01 6.459358413123687283e-03 1.800546157658227120e-01 3.347562383703818201e-01
2.794999999999998863e+01 6.567270912896931989e-01 1.003612544557085096e-02 2.805097062037051892e-01 4.271328378624290600e-01
2.802499999999998792e+01 4.079456002461259723e-01 5.767352656843479676e-03 1.616300582080384407e-01 3.962049305361354801e-01
2.809999999999998721e+01 4.493026345287688961e-01 6.621096340886469152e-03 1.860528071789097071e-01 4.140924020488838675e-01
2.817499999999998650e+01 4.772639260820168428e-01 7.330451741104661995e-03 2.065354778056237572e-01 4.327489812631073463e-01
2.824999999999998579e+01 4.712486558592486885e-01 7.014651848695322572e-03 1.981639147256427647e-01 4.205081802606347452e-01
2.832499999999998863e+01 6.600279576505728718e-01 9.993749485510237604e-03 2.830729541770773405e-01 4.288802480196448608e-01
2.839999999999998437e+01 6.605713383698039731e-01 9.973783985731940471e-03 2.832554651947869484e-01 4.288037472134669237e-01
2.847499999999998721e+01 6.408337775580966733e-01 9.055598798445927203e-03 2.578581757857476564e-01 4.023791891374994822e-01
2.854999999999998650e+01 6.610775105041403199e-01 9.927079596653336224e-03 2.834181224844526392e-01 4.287214706008026788e-01
2.862499999999998579e+01 3.943876843653963959e-01 3.360385440136532710e-03 9.619103322390820665e-02 2.438996881423613206e-01
2.869999999999998508e+01 6.610199585774598763e-01 9.875707016974087996e-03 2.834327913871561577e-01 4.287809886967925976e-01
2.877499999999998437e+01 6.609186316496532543e-01 9.850587928855902842e-03 2.834506676528284475e-01 4.288737736827533675e-01
2.884999999999998366e+01 4.801681506957508061e-01 4.602345827193183615e-03 1.327776771145232626e-01 2.765232906891720299e-01
2.892499999999998295e+01 6.546088705032360178e-01 9.480828065464420515e-03 2.742329517935582217e-01 4.189264217925115497e-01
2.899999999999998579e+01 6.375589882260539465e-01 8.732755121018863365e-03 2.532498985095469335e-01 3.972179879609104569e-01
2.907499999999998508e+01 5.729958290128231990e-01 6.565892882346547645e-03 1.909033355542257837e-01 3.331670596679919272e-01
2.914999999999998437e+01 5.214005734896766109e-01 5.317678540900495562e-03 1.550103294672493526e-01 2.972960471251158698e-01
2.922499999999998010e+01 6.474849763771606259e-01 9.151865455196646348e-03 2.674632679281218062e-01 4.130802685564154419e-01
2.929999999999998295e+01 6.636864614616597713e-01 9.750280507221844445e-03 2.856832188615998636e-01 4.304490681223627213e-01
2.937499999999998579e+01 5.307583455394231375e-01 5.639910767861252595e-03 1.656723788059242253e-01 3.121427674162093324e-01
2.944999999999998153e+01 6.434222903839308394e-01 8.854928486847137015e-03 2.607776439376480182e-01 4.052978080414989526e-01
2.952499999999998082e+01 3.498519073309353522e-01 3.871941568913547186e-03 1.143190748221724062e-01 3.267641891517103492e-01
2.959999999999998010e+01 5.235031053417473768e-01 7.629920628531869885e-03 2.258456506045432022e-01 4.314122462695024751e-01
2.967499999999998295e+01 6.684656719137096470e-01 9.721886087341079577e-03 2.884969696418463458e-01 4.315808301957017035e-01
2.974999999999998224e+01 6.450524937305124329e-01 8.805324903613761731e-03 2.619584158825092324e-01 4.061040278559859829e-01
2.982499999999998153e+01 4.816480709503666580e-01 6.624818025288446016e-03 1.975851976042277691e-01 4.102273205711410853e-01
2.989999999999998082e+01 4.681886664066174375e-01 6.180361175275020727e-03 1.847927991407229964e-01 3.946972927794715202e-01
2.997499999999998010e+01 5.200734472024621802e-01 7.493145666209777983e-03 2.246070413446379366e-01 4.318756178628736508e-01
3.004999999999997939e+01 6.656622120137059007e-01 9.442887753469039400e-03 2.837587769917444547e-01 4.262804345365212022e-01
3.012499999999997868e+01 6.548863840488513555e-01 9.044763260880309477e-03 2.724734932340191484e-01 4.160622359399885339e-01
3.019999999999998153e+01 6.002208042106952357e-01 7.144428081420749026e-03 2.157617280589064768e-01 3.594705923974733652e-01
3.027499999999998082e+01 5.438741227947316847e-01 5.549235774294091969e-03 1.680031130667535288e-01 3.089007290941861439e-01
3.034999999999998010e+01 4.039274312254743649e-01 4.408150081051769031e-03 1.337873549599211120e-01 3.312163141632248342e-01
3.042499999999997584e+01 4.281127817393983181e-01 6.072690281996528071e-03 1.847616018297442153e-01 4.315722625217311981e-01
3.049999999999997868e+01 6.677965929951664714e-01 9.448152276593776988e-03 2.881686444361100108e-01 4.315215852534243224e-01
3.057499999999998153e+01 4.301712453643359857e-01 3.674672060453416499e-03 1.123530982483631480e-01 2.611822604581695018e-01
3.064999999999997726e+01 5.795060934262171726e-01 6.353649341505471747e-03 1.947393523171425667e-01 3.360436663673094237e-01
3.072499999999997655e+01 6.684858489218379329e-01 9.388192623470842726e-03 2.884522183561414321e-01 4.315008594742421044e-01
3.079999999999997584e+01 5.728985065762060014e-01 6.319133190099032217e-03 1.946293022550500407e-01 3.397273688461968089e-01
3.087499999999997868e+01 6.298101206095109150e-01 7.955461697327637083e-03 2.456248799049906006e-01 3.899983056278650828e-01
3.094999999999997797e+01 4.492855892832527398e-01 6.096134830706020045e-03 1.886753730103511995e-01 4.199453031897725785e-01
3.102499999999997726e+01 4.048828825136829845e-01 4.299354690050081335e-03 1.333874792588036762e-01 3.294470698061577330e-01
3.109999999999997655e+01 4.906382995536613389e-01 5.956648195400340157e-03 1.852517588769504453e-01 3.775729677961868203e-01
3.117499999999997584e+01 5.681088017813527014e-01 5.950735638334673713e-03 1.855141835250833093e-01 3.265469271790686356e-01
3.124999999999997513e+01 4.897238594408914181e-01 4.443387239400881095e-03 1.388558512312774162e-01 2.835390772869562648e-01
3.132499999999997442e+01 6.081302786716030750e-01 8.397158770276450315e-03 2.630409984789096045e-01 4.325405389343466300e-01
3.139999999999997726e+01 6.621699576314208358e-01 8.945618907822978916e-03 2.808924337056413201e-01 4.241999058827621294e-01
3.147499999999997655e+01 6.211314630827182715e-01 7.511734504345360559e-03 2.364318435242700467e-01 3.806470249483780988e-01
3.154999999999997584e+01 6.662543541817881332e-01 9.007348894613935106e-03 2.841818576250694228e-01 4.265365859770878787e-01
3.162499999999997158e+01 6.415276795223137096e-01 8.152619504768367567e-03 2.578265918382993682e-01 4.018947273331666126e-01
3.169999999999997442e+01 6.161986027863839421e-01 7.222579289854589787e-03 2.289557634883903070e-01 3.715616401158278181e-01
3.177499999999997726e+01 6.045895934143226125e-01 6.896553726121275665e-03 2.191379946475033869e-01 3.624574373004946226e-01
3.184999999999997300e+01 6.249608710501329822e-01 7.430763299236231231e-03 2.366698110806737532e-01 3.786954064547964904e-01
3.192499999999997229e+01 5.033226946673455826e-01 6.090015930679766598e-03 1.944237585869513785e-01 3.862805326420842289e-01
3.199999999999997158e+01 6.289924046918111689e-01 7.514402921224311999e-03 2.404608934791777619e-01 3.822953849450645425e-01
3.207499999999997442e+01 6.705646388424648663e-01 9.061619344447296998e-03 2.906514404731468382e-01 4.334428385231767766e-01
3.214999999999997726e+01 4.606358735187685016e-01 5.035850580146307431e-03 1.619025961517036594e-01 3.514763079890845243e-01
3.222499999999997300e+01 6.221198811625121561e-01 7.290066212260290501e-03 2.349223836900876661e-01 3.776159399553419282e-01
3.229999999999996874e+01 5.590170040038477950e-01 7.213354502868667660e-03 2.329913504426577298e-01 4.167875910283652674e-01
3.237499999999997158e+01 5.480453833639773453e-01 6.386266510060604681e-03 2.067553782632118864e-01 3.772595929813680193e-01
3.244999999999997442e+01 4.839384247592716792e-01 5.307853699025949501e-03 1.722398525333919128e-01 3.559127436906259212e-01
3.252499999999997016e+01 6.190110975141139837e-01 7.117925326643327610e-03 2.315105212490740083e-01 3.740005989856997060e-01
3.259999999999997300e+01 5.876157886400933394e-01 7.748238850203553567e-03 2.525925865166356310e-01 4.298601082540774998e-01
3.267499999999996874e+01 6.407216480577546669e-01 7.977990382714279446e-03 2.606808357551888555e-01 4.068550462519897049e-01
3.274999999999997158e+01 6.492851247716641128e-01 7.956667651920832154e-03 2.605808656004070523e-01 4.013350308803798061e-01
3.282499999999996732e+01 6.675343992171810514e-01 8.698619075748020152e-03 2.855321711614284830e-01 4.277415088964293677e-01
3.289999999999997016e+01 5.639858108748624366e-01 7.429651919914058780e-03 2.444355481651723228e-01 4.334072656650715949e-01
3.297499999999997300e+01 4.604238448066141354e-01 4.566357258232710443e-03 1.505756305902234971e-01 3.270369949094791839e-01
3.304999999999996874e+01 5.907986518713692625e-01 7.750876661630027968e-03 2.561664736668721742e-01 4.335935311555951799e-01
3.312499999999997158e+01 5.459904851273132964e-01 7.148620300338402213e-03 2.367980474487093590e-01 4.337036155373533708e-01
3.319999999999996732e+01 4.253352003294927353e-01 4.139718309389792995e-03 1.374386478717409821e-01 3.231301988767257827e-01
3.327499999999997016e+01 5.684917326163289042e-01 7.413636719959635669e-03 2.466887618566566687e-01 4.339355309906418601e-01
3.334999999999996589e+01 6.632858397415759555e-01 8.379062729362387815e-03 2.794417420242353289e-01 4.212991221599260427e-01
3.342499999999996874e+01 5.822473941626123972e-01 5.920916530225766097e-03 1.979066350227960402e-01 3.399012808076627978e-01
3.349999999999997158e+01 5.702361069735243371e-01 7.307228057837565280e-03 2.447921399375582174e-01 4.292820762206202012e-01
3.357499999999996732e+01 6.696472928401616675e-01 8.529795906444504264e-03 2.863878975588739495e-01 4.276697608142678853e-01
3.364999999999996305e+01 6.614038530503729696e-01 8.499385882031397499e-03 2.860043349303562632e-01 4.324201221557957830e-01
3.372499999999996589e+01 5.630494905348220058e-01 7.218771995399329497e-03 2.434530855448421294e-01 4.323831024402386980e-01
3.379999999999996874e+01 6.744335854686750453e-01 8.603240092252556134e-03 2.907895151181361104e-01 4.311610829939046541e-01
3.387499999999997158e+01 4.065168452045682668e-01 3.734431166458649243e-03 1.265038557637866434e-01 3.111897016226402579e-01
3.394999999999996732e+01 5.517406351565109501e-01 6.257179662953389968e-03 2.124312495572673321e-01 3.850201272505648920e-01
3.402499999999996305e+01 4.796602719683447646e-01 3.835752091095849178e-03 1.305114648995361337e-01 2.720914624927479042e-01
3.409999999999996589e+01 5.161841746521688146e-01 5.326795921979762989e-03 1.816437409395097458e-01 3.518971519456413621e-01
3.417499999999996874e+01 6.757959827702872957e-01 8.588277358705978179e-03 2.935043787337765497e-01 4.343091498274603834e-01
3.424999999999996447e+01 6.494343695936252159e-01 7.549296286961841053e-03 2.585633978284428425e-01 3.981363012712668681e-01
3.432499999999996021e+01 5.201949713729657754e-01 4.509151413233714045e-03 1.547766222592470431e-01 2.975357909568802084e-01
3.439999999999996305e+01 6.784611543869373262e-01 8.614294272886706058e-03 2.963317229873023706e-01 4.367703605006980627e-01
3.447499999999996589e+01 5.954165909576151217e-01 6.038094064567850992e-03 2.081632928759764578e-01 3.496094936507985196e-01
3.454999999999996874e+01 4.855661443061942140e-01 5.177423397905843265e-03 1.788799783976466884e-01 3.683946677403570624e-01
3.462499999999996447e+01 5.943649559443540120e-01 7.454638820142673802e-03 2.581168691474398091e-01 4.342733644808046134e-01
3.469999999999996021e+01 6.629483824782632650e-01 8.298013540234303390e-03 2.879410698461299933e-01 4.343340710324020137e-01
3.477499999999996305e+01 6.018048399838311635e-01 6.131154717655273520e-03 2.132109053064619175e-01 3.542857935675464143e-01
3.484999999999996589e+01 6.632849621452234778e-01 8.270072285803876933e-03 2.882120191602648429e-01 4.345221671061525459e-01
3.492499999999996163e+01 6.770602752410650460e-01 8.438254630727420880e-03 2.947060429781548363e-01 4.352729790168619051e-01
3.499999999999996447e+01 6.737982459394059598e-01 8.310747447856434503e-03 2.908761606749749040e-01 4.316962272132912615e-01
3.507499999999996021e+01 6.773724285508240239e-01 8.399456603275061439e-03 2.946109403598724530e-01 4.349319930103524579e-01
3.514999999999996305e+01 6.070503117468819543e-01 7.240476485499939760e-03 2.545027484653226146e-01 4.192449020130658566e-01
3.522499999999995879e+01 6.778232589432783284e-01 8.375117517844907211e-03 2.950135145660864877e-01 4.352366353229165652e-01
3.529999999999996163e+01 4.679534121550075754e-01 3.548335858911624667e-03 1.252562558195802200e-01 2.676682177457648804e-01
3.537499999999996447e+01 5.297823445696788758e-01 5.217042961937139178e-03 1.845528947785260998e-01 3.483560686198991507e-01
3.544999999999996021e+01 5.754460001211367803e-01 6.865265639086048574e-03 2.433736669056001389e-01 4.229305040861657261e-01
3.552499999999996305e+01 6.473520725807487830e-01 7.296431368878153641e-03 2.592057243793961518e-01 4.004091982683249951e-01
3.559999999999995879e+01 6.198835410201749552e-01 6.375509112086770978e-03 2.269681243902887946e-01 3.661463958484127978e-01
3.567499999999996163e+01 6.249458748345660952e-01 6.529078346158388203e-03 2.329248699992002569e-01 3.727120689625473271e-01
3.574999999999995737e+01 6.743446118216708252e-01 8.133853514507054933e-03 2.907852631436268487e-01 4.312116654392790793e-01
3.582499999999996021e+01 5.679203983612506335e-01 6.758134570621094489e-03 2.421101709925004286e-01 4.263100457231607798e-01
3.589999999999996305e+01 6.146933507696075161e-01 7.035943708194817257e-03 2.525903791241936869e-01 4.109209556406390740e-01
3.597499999999995879e+01 6.377976397271480913e-01 6.850789784491366323e-03 2.464571624970766095e-01 3.864190569951180820e-01
3.604999999999995453e+01 6.180229105176161530e-01 6.345971070155023014e-03 2.287722570790883259e-01 3.701679228808579802e-01
3.612499999999995737e+01 6.775141650372693558e-01 8.154563323611974113e-03 2.945836000654822318e-01 4.348006510672400293e-01
3.619999999999996021e+01 6.327796106346564864e-01 6.647212624859144027e-03 2.406290970199007617e-01 3.802731519407807070e-01
3.627499999999996305e+01 6.480273212272195105e-01 7.079324131730162055e-03 2.568024828785113733e-01 3.962834196437653445e-01
3.634999999999995879e+01 6.186215071141761834e-01 7.392727622355628816e-03 2.687256490726267488e-01 4.343942879163903426e-01
3.642499999999995453e+01 5.804471762657499312e-01 6.928582141677661760e-03 2.523736045106085291e-01 4.347916827405887696e-01
3.649999999999995737e+01 6.692785563057687126e-01 7.766143119196123115e-03 2.834642238506581702e-01 4.235369879700042195e-01
3.657499999999996021e+01 6.247273396614593244e-01 7.422346665760929697e-03 2.714723293002057058e-01 4.345453001101520218e-01
3.664999999999995595e+01 5.369058750077146946e-01 5.409680324883473466e-03 1.982647839069791029e-01 3.692728895993739324e-01
3.672499999999995168e+01 2.944846999556232636e-01 2.098609158789446413e-03 7.707142135654232451e-02 2.617162160484277633e-01
3.679999999999995453e+01 5.856056541130977289e-01 6.191028328409561160e-03 2.278298424854715565e-01 3.890499363953731637e-01
3.687499999999995737e+01 6.553616980494305633e-01 7.615364713235519591e-03 2.808165738005594658e-01 4.284909762599200533e-01
3.694999999999996021e+01 5.614123913972247637e-01 4.982808011688074148e-03 1.841147560318741050e-01 3.279492203113923976e-01
3.702499999999995595e+01 6.322334493846323289e-01 6.848375648463109026e-03 2.535611083843463121e-01 4.010561425232139765e-01
3.709999999999995168e+01 5.925162855579212406e-01 6.909833181880605836e-03 2.563548110477701369e-01 4.326544557444240158e-01
3.717499999999995453e+01 6.793382737039939112e-01 7.978659293864530724e-03 2.966066592494135401e-01 4.366111416514316668e-01
3.724999999999995737e+01 6.504277409541855404e-01 7.031082245150799964e-03 2.619078136318669925e-01 4.026701155883126715e-01
3.732499999999995310e+01 6.581368301558936373e-01 7.692170275964571417e-03 2.871102555503772802e-01 4.362470574430079573e-01
3.739999999999995595e+01 6.013583364420355126e-01 5.602463473107148310e-03 2.095321338942071066e-01 3.484314113510318944e-01
3.747499999999995168e+01 6.788324724763920015e-01 7.874935038039931889e-03 2.951131905505460784e-01 4.347364077531062909e-01
3.754999999999995453e+01 6.164348301999735824e-01 7.147379935746164294e-03 2.683841165872681289e-01 4.353811683551420675e-01
3.762499999999995026e+01 3.820145149813914953e-01 2.847254755224072099e-03 1.071279601653055691e-01 2.804290307412113381e-01
3.769999999999995310e+01 6.791459276861773198e-01 7.849255165774969567e-03 2.959169197497160120e-01 4.357191991975759571e-01
3.777499999999995595e+01 6.668521461017085095e-01 7.373746356485109260e-03 2.785432686162246929e-01 4.176986911484591447e-01
3.784999999999995168e+01 6.640948950619375291e-01 7.326217279735609128e-03 2.772973240379924542e-01 4.175567770508610832e-01
3.792499999999995453e+01 4.417309396439094704e-01 3.709724415416846936e-03 1.406912984546837553e-01 3.184999868202543771e-01
3.799999999999995026e+01 6.145105834937719669e-01 7.055557063133503261e-03 2.681111683990727856e-01 4.363003267978542432e-01
3.807499999999995310e+01 5.670704118255890380e-01 4.961012104807778662e-03 1.888905358905559329e-01 3.330989096794068627e-01
3.814999999999994884e+01 6.761708876514074262e-01 7.650914712376901371e-03 2.918823962771783798e-01 4.316695699381473128e-01
3.822499999999995168e+01 5.269751073563977428e-01 4.067459077751327777e-03 1.554786232470443119e-01 2.950397866552220139e-01
3.829999999999995453e+01 6.764755452721445961e-01 7.597773200529151817e-03 2.909947135802661844e-01 4.301629461907594543e-01
3.837499999999995026e+01 6.126372881385337976e-01 6.887509715377584420e-03 2.643081853276144644e-01 4.314268661816210715e-01
3.844999999999994600e+01 5.882203086761134125e-01 5.304171811182902853e-03 2.039454061399823548e-01 3.467160231155483885e-01
3.852499999999994884e+01 6.468462175743677767e-01 6.638182058921301282e-03 2.557359638199427909e-01 3.953582116920099088e-01
3.859999999999995168e+01 6.805130014550694328e-01 7.697006032793930058e-03 2.971044328658453137e-01 4.365889148783023144e-01
3.867499999999995453e+01 6.703368006926434530e-01 7.352780755426880505e-03 2.843687957161342705e-01 4.242177893594721305e-01
3.874999999999995026e+01 5.993540729705399972e-01 5.596926118555746281e-03 2.168808870940348577e-01 3.618577012735094689e-01
3.882499999999994600e+01 6.414929263146909033e-01 6.996226251667679238e-03 2.716284842209972794e-01 4.234317684241262203e-01
3.889999999999994884e+01 6.766111443096750611e-01 7.513230416795539136e-03 2.922646632133460987e-01 4.319536644811466930e-01
3.897499999999995168e+01 5.475847419590965659e-01 5.612978790690166357e-03 2.187658483671489629e-01 3.995104896174961340e-01
3.904999999999994742e+01 5.603871045121807670e-01 4.653065291031900468e-03 1.817021996147955010e-01 3.242440772668528925e-01
3.912499999999994316e+01 6.811540939821636442e-01 7.610049798138331274e-03 2.977431983521617864e-01 4.371157730426242227e-01
3.919999999999994600e+01 5.300643724779081634e-01 5.380025539588910964e-03 2.108970011518850329e-01 3.978705457339046792e-01
3.927499999999994884e+01 6.010226194468020200e-01 6.055162799935441022e-03 2.378165189674641411e-01 3.956864704798582766e-01
3.934999999999995168e+01 5.009791918917276821e-01 4.140996374406408741e-03 1.629482073328919478e-01 3.252594318689957520e-01
3.942499999999994742e+01 6.808623558400028752e-01 7.546221597179419288e-03 2.975097864687982208e-01 4.369602518290945370e-01
3.949999999999994316e+01 5.902675642266395073e-01 5.065344610379181496e-03 2.000811121099773660e-01 3.389668079968461423e-01
3.957499999999994600e+01 6.801977286874769657e-01 7.492237510735200341e-03 2.965052994873451642e-01 4.359104521849663794e-01
3.964999999999994884e+01 6.424526770780838447e-01 6.313822049315681931e-03 2.503430442553664648e-01 3.896676801067165963e-01
3.972499999999994458e+01 6.338969934945177798e-01 6.165251460364626693e-03 2.449146142629844425e-01 3.863634261977337836e-01
3.979999999999994742e+01 6.627400749366868515e-01 6.908380694542345934e-03 2.749535516427850101e-01 4.148738880307668020e-01
3.987499999999994316e+01 5.348546649644003725e-01 5.337119425832976063e-03 2.128176371050896076e-01 3.978980666070373040e-01
3.994999999999994600e+01 5.877437711816232424e-01 5.203106419847591466e-03 2.078641014729110115e-01 3.536644906589360149e-01
4.002499999999994174e+01 6.651597201410422988e-01 6.951331903255944696e-03 2.782270594278187792e-01 4.182860912997298786e-01
4.009999999999994458e+01 6.178083438056685139e-01 6.711355008365682724e-03 2.691253358354634972e-01 4.356129834337698625e-01
4.017499999999994742e+01 5.973494405059602830e-01 5.092987551662508418e-03 2.046107748880410249e-01 3.425311233483936402e-01
4.024999999999994316e+01 5.533943359033411946e-01 5.423000038428160696e-03 2.182757515467331766e-01 3.944307655235169685e-01
4.032499999999994600e+01 6.561960888530753433e-01 6.577810659872100445e-03 2.652502148593420817e-01 4.042240107266664162e-01
4.039999999999994174e+01 6.450398208285749169e-01 6.322119341607567930e-03 2.554136214009453676e-01 3.959656646823108694e-01
4.047499999999994458e+01 6.806045287202668881e-01 7.308533762823776238e-03 2.958129040502919249e-01 4.346325826049168839e-01
4.054999999999994031e+01 6.382473590576338562e-01 6.263537377742459285e-03 2.539864406674563480e-01 3.979435826298833301e-01
4.062499999999994316e+01 6.724906517619323454e-01 7.029218327883449829e-03 2.855619945702647655e-01 4.246334039322173792e-01
4.069999999999994600e+01 6.253981535293446914e-01 6.315729174392638312e-03 2.570501773977800219e-01 4.110184463244003217e-01
4.077499999999994174e+01 6.378175915693230502e-01 5.955016901592591859e-03 2.428158141624375821e-01 3.806978944638381712e-01
4.084999999999993747e+01 6.786618739956949975e-01 7.208501263689334228e-03 2.944672766217089066e-01 4.338939432209459879e-01
4.092499999999994031e+01 4.756517201770193437e-01 3.476004459719556679e-03 1.422554825140226464e-01 2.990748829018858856e-01
4.099999999999994316e+01 6.495007043888669784e-01 6.273578050769676798e-03 2.572167000815563931e-01 3.960222034302158800e-01
4.107499999999994600e+01 6.638837364336837021e-01 6.715357790159199279e-03 2.758333212307887417e-01 4.154843779010726212e-01
4.114999999999993463e+01 6.780965123401210271e-01 7.143258545565291280e-03 2.939450891500112739e-01 4.334856230650744324e-01
4.122499999999993747e+01 5.804150659676236002e-01 5.542522631602110270e-03 2.284904954877966521e-01 3.936674095578046040e-01
4.129999999999994031e+01 6.781374900256432747e-01 7.114614644073016282e-03 2.938335848002151529e-01 4.332950015624472684e-01
4.137499999999994316e+01 6.561861842315958038e-01 6.672501343672407326e-03 2.760747430944454628e-01 4.207262355237382234e-01
4.144999999999994600e+01 6.013909998897175591e-01 6.283539644724537958e-03 2.604527182738317626e-01 4.330838311873528301e-01
4.152499999999993463e+01 5.921197374536721902e-01 5.686704602678665545e-03 2.361404086262312019e-01 3.988051633639504989e-01
4.159999999999993747e+01 6.690028262946360327e-01 6.796020540411940730e-03 2.827144544811363014e-01 4.225908222944125825e-01
4.167499999999994031e+01 6.497066891009504186e-01 6.148096351069966964e-03 2.562219154308404967e-01 3.943655186702704762e-01
4.174999999999993605e+01 6.789359298845564217e-01 7.033983724219503540e-03 2.936688204861638285e-01 4.325427592793595899e-01
4.182499999999993889e+01 6.170237423914517461e-01 6.378701800765810941e-03 2.667892028170296692e-01 4.323807731984703473e-01
4.189999999999993463e+01 6.480628004008234244e-01 6.086537272445722603e-03 2.550259117154753952e-01 3.935203680225792811e-01
4.197499999999993747e+01 6.140807537722942078e-01 5.331300865154086147e-03 2.237813538148424319e-01 3.644168172347935775e-01
4.204999999999994031e+01 6.405909941591573231e-01 5.925687268458479200e-03 2.491751496386787057e-01 3.889769789313806125e-01
4.212499999999993605e+01 5.612680124024843620e-01 5.675532675965803790e-03 2.390818139750591209e-01 4.259672895871606246e-01
4.219999999999993889e+01 6.775781936820468587e-01 6.932157144479902423e-03 2.925370314970514585e-01 4.317391471932821578e-01
4.227499999999993463e+01 6.306250592345598038e-01 6.434299814158554905e-03 2.720100246435525060e-01 4.313339926163303750e-01
4.234999999999993747e+01 6.678079321727062867e-01 6.597366047400977582e-03 2.793984521074309724e-01 4.183814516823886054e-01
4.242499999999993321e+01 6.774422245218409966e-01 6.882835147524646487e-03 2.920042811337326683e-01 4.310393869231254893e-01
4.249999999999993605e+01 6.777182142519393437e-01 6.871558244935797172e-03 2.920412254097709548e-01 4.309183658758884428e-01
4.257499999999993889e+01 5.743191201688953029e-01 5.811563844834962030e-03 2.474273306938481465e-01 4.308185501835371523e-01
4.264999999999993463e+01 6.769812796195526783e-01 6.837143940302489904e-03 2.916041890539007309e-01 4.307418799198928228e-01
4.272499999999993747e+01 6.503647113519591683e-01 6.076568758009354143e-03 2.596214001859492582e-01 3.991935534851758227e-01
4.279999999999993321e+01 6.666697277636488561e-01 6.511629002861649834e-03 2.786977213224781647e-01 4.180446624708351600e-01
4.287499999999993605e+01 3.620045134672026932e-01 2.336357759221857535e-03 1.001713389266369880e-01 2.767129557784158145e-01
4.294999999999993179e+01 6.387613935455908054e-01 5.963309957410977726e-03 2.561241626708010699e-01 4.009700104903420881e-01
4.302499999999993463e+01 6.747833109642384919e-01 6.755149672685954905e-03 2.906403146673127713e-01 4.307165129084169486e-01
4.309999999999993747e+01 5.305657906406401336e-01 4.008963479172802935e-03 1.727863259523475525e-01 3.256642795301859516e-01
4.317499999999993321e+01 6.725989289631078005e-01 6.617880531023536371e-03 2.857269919269407321e-01 4.248103581839228760e-01
4.324999999999993605e+01 6.418031327006002984e-01 6.394674847328625164e-03 2.765696871469626172e-01 4.309260473429034621e-01
4.332499999999993179e+01 6.794086036149374896e-01 6.793046648318547785e-03 2.943087460384006260e-01 4.331837195944657770e-01
4.339999999999993463e+01 6.655414760054937373e-01 6.638788907738286948e-03 2.881234385958412192e-01 4.329158271624575782e-01
4.347499999999993747e+01 6.648394593680293507e-01 6.593953341159031201e-03 2.866721215068884776e-01 4.311899925124599298e-01
4.354999999999992610e+01 6.673778987413327979e-01 6.398822518591113818e-03 2.786687206846425457e-01 4.175576104785738707e-01
4.362499999999992895e+01 6.794705810327057449e-01 6.718278155762894173e-03 2.930848845451557994e-01 4.313430084047280011e-01
4.369999999999993179e+01 6.419913593691128906e-01 6.337686264443437995e-03 2.769568897561778265e-01 4.314028307613739788e-01
4.377499999999993463e+01 6.762070028188824633e-01 6.664730489730439147e-03 2.917485771879495537e-01 4.314486185025392939e-01
4.384999999999993747e+01 6.310142603626850422e-01 6.209110760949755788e-03 2.722695068676463936e-01 4.314791661144953272e-01
4.392499999999992610e+01 6.625970074657836495e-01 6.480651105911621086e-03 2.846625998271674618e-01 4.296164887854060366e-01
4.399999999999992895e+01 2.862826584944785369e-01 1.274880263180162496e-03 5.609473157992705961e-02 1.959417726345060728e-01
4.407499999999993179e+01 6.628929266445944268e-01 6.489506230600401541e-03 2.860249871137122701e-01 4.314799202361419006e-01
4.414999999999992752e+01 6.502739062550715321e-01 6.354775795860336841e-03 2.805633513872334284e-01 4.314541129337300385e-01
4.422499999999993037e+01 6.125904378670784522e-01 5.093686362377394632e-03 2.252682793761399127e-01 3.677306491437909441e-01
4.429999999999992610e+01 6.776118905738340858e-01 6.598353293289283862e-03 2.923070508927148037e-01 4.313782785676550935e-01
4.437499999999992895e+01 5.930733204417713011e-01 4.601604282124455332e-03 2.041961900192723611e-01 3.443017633421272539e-01
4.444999999999993179e+01 6.714762973600834073e-01 6.515251507807062574e-03 2.896029295220234889e-01 4.312928552513329850e-01
4.452499999999992752e+01 6.805209225115879113e-01 6.652705409090251334e-03 2.962117083397429740e-01 4.352720078708514073e-01
4.459999999999993037e+01 6.782863158926784042e-01 6.558193414617004280e-03 2.924954262919179371e-01 4.312270783569779331e-01
4.467499999999992610e+01 6.784192764788271601e-01 6.548209266756188467e-03 2.925412489923322479e-01 4.312101072815878178e-01
4.474999999999992895e+01 6.549735775801261983e-01 6.018621131486506619e-03 2.693332956340207529e-01 4.112124593317230126e-01
4.482499999999992468e+01 6.018933846811191923e-01 4.712103061290325717e-03 2.112200197223385034e-01 3.509259697782557419e-01
4.489999999999992752e+01 6.643903810224273121e-01 6.381302622025445195e-03 2.865204877289420082e-01 4.312532148463933956e-01
4.497499999999993037e+01 6.460115259243546237e-01 5.827225703175141491e-03 2.620794760003015700e-01 4.056885449919821474e-01
4.504999999999992610e+01 6.569492006092245706e-01 6.290557832786832122e-03 2.833896303670463412e-01 4.313722128046488247e-01
4.512499999999992895e+01 6.531423699994267640e-01 6.244957689615951782e-03 2.818037157439193807e-01 4.314583292830423966e-01
4.519999999999992468e+01 6.529395552848622497e-01 5.774064460749302186e-03 2.609877136258680341e-01 3.997119052038518028e-01
4.527499999999992752e+01 6.825029509383753190e-01 6.589047623422731627e-03 2.983191311504637122e-01 4.370957381800384400e-01
4.534999999999992326e+01 6.069196079681835609e-01 4.734995114066729675e-03 2.147320284229258247e-01 3.538063783139178131e-01
4.542499999999992610e+01 6.234961191308286965e-01 5.892084454720867420e-03 2.676479363556949487e-01 4.292696107375997272e-01
4.549999999999992895e+01 5.814725401707169228e-01 5.521705492975104330e-03 2.512375999303668728e-01 4.320713061645267139e-01
4.557499999999992468e+01 6.616941786825004668e-01 6.275142019940393133e-03 2.859895975587829486e-01 4.322081208696998966e-01
4.564999999999992752e+01 4.286993342142674801e-01 2.392702074498369302e-03 1.092268497008503925e-01 2.547866091302533054e-01
4.572499999999992326e+01 5.846948786904320183e-01 5.530049660600441959e-03 2.528615207309548030e-01 4.324674799568971606e-01
4.579999999999992610e+01 6.705466896566730783e-01 6.333350829544032168e-03 2.900674679931162236e-01 4.325835508063335944e-01
4.587499999999992895e+01 6.642336930914143345e-01 5.959380173156061770e-03 2.733865654435339021e-01 4.115818999954123369e-01
4.594999999999991758e+01 6.601285872701458945e-01 6.217358727777303785e-03 2.856876335413666146e-01 4.327757334715365833e-01
4.602499999999992042e+01 2.952295565745145511e-01 1.507102860890093769e-03 6.936440917246644577e-02 2.349507616286352352e-01
4.609999999999992326e+01 3.764703101578437683e-01 2.126916588621915495e-03 9.805085473547014985e-02 2.604477752690779191e-01
4.617499999999992610e+01 6.803150850352656098e-01 6.378752589632170032e-03 2.945389008262649932e-01 4.329448329239927729e-01
4.624999999999992895e+01 6.614465448034961836e-01 6.192130612123659603e-03 2.863860408107188338e-01 4.329692899005148643e-01
4.632499999999991758e+01 6.803788468752756113e-01 6.359207624748134703e-03 2.945902932164568000e-01 4.329797943739717159e-01
4.639999999999992042e+01 4.054533820332759664e-01 2.884759556824904956e-03 1.338528434366753617e-01 3.301312786328908233e-01
4.647499999999992326e+01 3.214256226050289933e-01 1.451538104364031570e-03 6.746023340031825910e-02 2.098782071372513602e-01
4.654999999999991900e+01 6.388782712488871862e-01 5.942064648664069880e-03 2.766031093953119635e-01 4.329511924933755473e-01
4.662499999999992184e+01 6.406906604737748756e-01 5.949063951332989042e-03 2.773751067309001561e-01 4.329314033168333298e-01
4.669999999999991758e+01 6.797938028889387585e-01 6.301730160976116296e-03 2.942907985175841068e-01 4.329118583707710632e-01
4.677499999999992042e+01 6.810397441337621149e-01 6.321910040823257131e-03 2.957073421595073359e-01 4.341998315173627443e-01
4.684999999999992326e+01 6.218061807147441389e-01 5.745384357278441288e-03 2.691712571384945463e-01 4.328861074187003721e-01
4.692499999999991900e+01 6.620628146984661733e-01 6.107563527297061798e-03 2.865974185184141376e-01 4.328855391900295335e-01
4.699999999999992184e+01 6.776971400644421495e-01 6.202204152220036279e-03 2.915035951543412107e-01 4.301384466911313265e-01
4.707499999999991758e+01 6.722682845164434928e-01 6.182438548992536496e-03 2.910382946938231408e-01 4.329198645793090883e-01
4.714999999999992042e+01 6.441918476133940974e-01 5.915326349434010637e-03 2.789076373758131444e-01 4.329574154176459855e-01
4.722499999999991616e+01 6.771087457545469368e-01 6.208456520329231308e-03 2.931943591725474363e-01 4.330092632990903412e-01
4.729999999999991900e+01 6.539816019785467116e-01 5.987804517230575427e-03 2.832231536650057224e-01 4.330751091592582869e-01
4.737499999999992184e+01 6.803099993560639547e-01 6.220137306398971881e-03 2.946790048906507975e-01 4.331540109208659173e-01
4.744999999999991758e+01 6.590740959968952595e-01 6.017706691637907807e-03 2.855401825182182218e-01 4.332444322308235951e-01
4.752499999999992042e+01 6.258309786129717667e-01 4.866328493572513215e-03 2.312722616570332956e-01 3.695442852151576973e-01
4.759999999999991616e+01 6.744274992340337782e-01 6.166700634897927420e-03 2.935349502211408446e-01 4.352357377991210585e-01
4.767499999999991900e+01 5.867320654768319876e-01 4.607600126861170764e-03 2.196673360481059545e-01 3.743912238196565045e-01
4.774999999999991473e+01 6.787376220202628874e-01 6.164423460053386483e-03 2.943512202175486703e-01 4.336745314653578376e-01
4.782499999999991758e+01 6.808942432432812941e-01 6.175885322242590132e-03 2.953617155362513458e-01 4.337850091511488149e-01
4.789999999999992042e+01 6.574867666654928833e-01 5.955687202862463246e-03 2.852774170171115120e-01 4.338907358758310462e-01
4.797499999999991616e+01 6.808081323552710451e-01 6.158691461809456119e-03 2.954632228803081295e-01 4.339889740419910491e-01
4.804999999999991900e+01 4.662342712255513333e-01 2.954392313470217794e-03 1.419585506622437210e-01 3.044790128556810194e-01
4.812499999999991473e+01 6.623394337664394449e-01 5.975213588582930710e-03 2.875571539505530350e-01 4.341537575610426858e-01
4.819999999999991758e+01 6.231842860691627628e-01 5.614047878139780123e-03 2.705971077263369384e-01 4.342168340494794165e-01
4.827499999999992042e+01 6.805966089415368403e-01 6.122417625057726721e-03 2.955597108496612613e-01 4.342656236699671823e-01
4.834999999999990905e+01 6.723460307850346318e-01 6.051249840397007057e-03 2.925779297831947456e-01 4.351597486811653592e-01
4.842499999999991189e+01 6.251618117555743925e-01 5.607022669463388939e-03 2.715200727687641091e-01 4.343196715843592459e-01
4.849999999999991473e+01 6.413639959087646947e-01 5.743528127990542125e-03 2.785611142075408164e-01 4.343260862544062739e-01
4.857499999999991758e+01 5.917798809844171393e-01 4.431893274538692244e-03 2.152792158107166287e-01 3.637825866141356501e-01
4.864999999999992042e+01 5.490000828848030645e-01 4.900992999329670079e-03 2.384333094173880507e-01 4.343046874683598180e-01
4.872499999999990905e+01 6.088642088948278408e-01 5.426745559367082347e-03 2.644181773801606017e-01 4.342810326462051562e-01
4.879999999999991189e+01 6.458095650628905560e-01 5.667302281913823812e-03 2.765643513573941004e-01 4.282444335281122005e-01
4.887499999999991473e+01 6.587137867311129158e-01 5.852215411525029352e-03 2.860270282382852969e-01 4.342204975816630341e-01
4.894999999999991047e+01 6.622245983332935015e-01 5.873967913211632086e-03 2.875307293517088691e-01 4.341891407769731259e-01
4.902499999999991331e+01 6.512212477206213990e-01 5.270535612236264093e-03 2.583880083898824065e-01 3.967745359880099354e-01
4.909999999999990905e+01 6.593931268203011564e-01 5.830294547356542657e-03 2.862674622752057196e-01 4.341377709768269311e-01
4.917499999999991189e+01 6.813404542583200163e-01 6.014952196970423971e-03 2.957852742860200834e-01 4.341225776884187759e-01
4.924999999999991473e+01 6.515562655543623016e-01 5.743181149724695296e-03 2.828516716239407591e-01 4.341170311412516636e-01
4.932499999999991047e+01 6.644945815044709381e-01 5.848395379172223289e-03 2.884721020776693790e-01 4.341225799381908668e-01
4.939999999999991331e+01 6.671247724229261156e-01 5.862867668745441740e-03 2.896256628360243113e-01 4.341401710869389197e-01
4.947499999999990905e+01 6.811201179586906518e-01 5.977202015774927407e-03 2.957220697304639989e-01 4.341702174599389452e-01
4.954999999999991189e+01 6.330468529718590309e-01 5.545196315168338975e-03 2.747644774165907133e-01 4.340349788119156615e-01
4.962499999999990763e+01 5.937913829962331302e-01 5.196247434650565732e-03 2.578637789445338280e-01 4.342666234787204149e-01
4.969999999999991047e+01 6.519882603316604630e-01 5.697763016589170795e-03 2.831788219244812943e-01 4.343311669146171505e-01
4.977499999999991331e+01 6.754161071611264333e-01 5.894603312142794246e-03 2.934038798619070798e-01 4.344046236846895725e-01
4.984999999999990905e+01 4.725869960136593884e-01 2.502569533414550004e-03 1.247530912407150971e-01 2.639791028805822393e-01
4.992499999999991189e+01 6.813295029625838772e-01 5.930605175316017164e-03 2.960854633776516254e-01 4.345701486434993543e-01
4.999999999999990763e+01 6.628332755269606968e-01 5.762109719195735585e-03 2.881054859597862450e-01 4.346575475269234268e-01
5.007499999999991047e+01 6.742494255012292381e-01 5.853746934357906967e-03 2.931263777379716773e-01 4.347447200567726155e-01
5.014999999999990621e+01 6.818183769688525020e-01 5.911755246175364256e-03 2.964745255956939829e-01 4.348291797497823019e-01
5.022499999999990905e+01 6.665513380438633506e-01 5.771804568803830596e-03 2.898888844681718480e-01 4.349085628106492685e-01
5.029999999999991189e+01 6.632703586066533985e-01 5.735781698050215413e-03 2.885098194119253279e-01 4.349807219155763516e-01
5.037499999999990763e+01 6.530727735721152394e-01 5.640005301615543323e-03 2.841152670688824600e-01 4.350438091529307827e-01
5.044999999999991047e+01 6.315271806762239315e-01 5.446484997412530740e-03 2.747751681194616769e-01 4.350963450618849371e-01
5.052499999999990621e+01 1.046718554446475907e-01 3.214827539581020560e-04 1.624291614373307713e-02 1.551794040024697119e-01
5.059999999999990905e+01 6.389242591432454654e-01 5.494824194679669670e-03 2.780381042507907852e-01 4.351659844996670357e-01
5.067499999999991189e+01 6.609159299874239890e-01 5.675756271381116914e-03 2.876189490522376158e-01 4.351823522512318076e-01
5.074999999999990052e+01 6.559490129777469924e-01 5.624833331258502489e-03 2.854602915613684289e-01 4.351867079812994921e-01
5.082499999999990337e+01 6.828456155898003921e-01 5.846741521928086605e-03 2.971606378519944247e-01 4.351798284526220417e-01
5.089999999999990621e+01 6.820693047422740074e-01 5.831262322517136512e-03 2.968112522161217015e-01 4.351628934955143468e-01
5.097499999999990905e+01 6.651588718784482435e-01 5.677989652309163755e-03 2.894355225264590992e-01 4.351374307149748488e-01
5.104999999999991189e+01 6.143563116780362821e-01 5.236232226533396594e-03 2.673096551645294250e-01 4.351052476931620561e-01
5.112499999999990052e+01 1.296736792163774687e+00 -1.203699074929669155e-02 -6.153911520577921568e-01 -4.745690534706982766e-01
5.119999999999990337e+01 6.282139971082320029e-01 5.337719408026181736e-03 2.732912336909399942e-01 4.350288833883718120e-01
5.127499999999990621e+01 6.807634056005344991e-01 5.775223628755755262e-03 2.961245915644508120e-01 4.349889978343135510e-01
5.134999999999990195e+01 6.829643760697130528e-01 5.784925249329875112e-03 2.970559115530885252e-01 4.349508143639497781e-01
5.142499999999990479e+01 6.573912544494775467e-01 5.559750807581834327e-03 2.859101852798953125e-01 4.349163201438183135e-01
5.149999999999990052e+01 5.795801522810483108e-01 4.894214537022964322e-03 2.520520486566821816e-01 4.348873018937643442e-01
5.157499999999990337e+01 6.283494851931995528e-01 5.298058704384966608e-03 2.732473776786541464e-01 4.348652845551999602e-01
5.164999999999990621e+01 6.415549718965685155e-01 5.401377166543494014e-03 2.789811306519709433e-01 4.348514825272810080e-01
5.172499999999990195e+01 5.074444414573006101e-01 4.266033325161571084e-03 2.206605737439818471e-01 4.348467649192873097e-01
5.179999999999990479e+01 6.796777452314179957e-01 5.705771801622714495e-03 2.955589793240560592e-01 4.348516357901692775e-01
5.187499999999990052e+01 6.037847957685167355e-01 5.061505881410626774e-03 2.625656175981757601e-01 4.348662295544785672e-01
5.194999999999990337e+01 6.314499588099462546e-01 5.286072673537737902e-03 2.746114753902849648e-01 4.348903211710201666e-01
5.202499999999989910e+01 6.454728131933480384e-01 5.396082619597841745e-03 2.807311982845771547e-01 4.349233500567057931e-01
5.209999999999990195e+01 6.821138771948986879e-01 5.694727286769168430e-03 2.966952916406730978e-01 4.349644561708558843e-01
5.217499999999990479e+01 6.590132538955485453e-01 5.494566753796905310e-03 2.866790203793530001e-01 4.350125262045043684e-01
5.224999999999990052e+01 6.820430873554129692e-01 5.679118213993156021e-03 2.967339266811418463e-01 4.350662475470756241e-01
5.232499999999990337e+01 6.540904857130083183e-01 5.439284817203825402e-03 2.846105780601896340e-01 4.351241674918149838e-01
5.239999999999989910e+01 6.818362085228953928e-01 5.662685552708638173e-03 2.967247229619320859e-01 4.351847544218068187e-01
5.247499999999990195e+01 6.778133690435730330e-01 5.622027043034913234e-03 2.950158690832564989e-01 4.352464595077815690e-01
5.254999999999989768e+01 6.806451677664255850e-01 5.638251820528966327e-03 2.962901331687965989e-01 4.353077744474245225e-01
5.262499999999990052e+01 6.820766458852731695e-01 5.642828646556254622e-03 2.969538575250223467e-01 4.353672850645741721e-01
5.269999999999990337e+01 6.617200854449943881e-01 5.467336227868613459e-03 2.881286192086753850e-01 4.354237169858827805e-01
5.277499999999989910e+01 6.696917217186920679e-01 5.526000075972964561e-03 2.916346540094726381e-01 4.354759728267560415e-01
5.284999999999990195e+01 6.610411920635130834e-01 5.447469224084034237e-03 2.878987484928406948e-01 4.355231594481018265e-01
5.292499999999989768e+01 6.311718286278388268e-01 5.194447010955364694e-03 2.749161080548121472e-01 4.355646047328775583e-01
5.299999999999990052e+01 6.825999742585887597e-01 5.610197279461328138e-03 2.973404558114498553e-01 4.355998637919793470e-01
5.307499999999990337e+01 6.673941461274844889e-01 5.477834277598988069e-03 2.907360542835657480e-01 4.356287150112788664e-01
5.314999999999989200e+01 6.522758465349549617e-01 5.346466990652309556e-03 2.841647205531696585e-01 4.356511467697607998e-01
5.322499999999989484e+01 6.833842727326248090e-01 5.593766194046899225e-03 2.977282056781456188e-01 4.356673361645129194e-01
5.329999999999989768e+01 6.830014150096047620e-01 5.582897406506838467e-03 2.975684317668139123e-01 4.356776211988218628e-01
5.337499999999990052e+01 6.490002624172418466e-01 5.297574450615098393e-03 2.827580363015803622e-01 4.356824683682414268e-01
5.344999999999990337e+01 6.360951306245227199e-01 5.184948119790640936e-03 2.771354770028092718e-01 4.356824375164068397e-01
5.352499999999989200e+01 6.830645584773040735e-01 5.559949564125163911e-03 2.975963004197987871e-01 4.356781459767201659e-01
5.359999999999989484e+01 6.127996381498064249e-01 4.980943314594110140e-03 2.669785616622437630e-01 4.356702338603169467e-01
5.367499999999989768e+01 6.833552683978545428e-01 5.546531905680735647e-03 2.977101000374129391e-01 4.356593324222151065e-01
5.374999999999989342e+01 6.619485010018714144e-01 5.365120762646670774e-03 2.883752409922579751e-01 4.356460367472645423e-01
5.382499999999989626e+01 6.636287172192539829e-01 5.371057406113582261e-03 2.890971648840630071e-01 4.356308842321378605e-01
5.389999999999989200e+01 6.636543937791630210e-01 5.363587578184739191e-03 2.890973704641568442e-01 4.356143395930813234e-01
5.397499999999989484e+01 6.726632049570171468e-01 5.428623079361399872e-03 2.930099307085309857e-01 4.355967868455866698e-01
5.404999999999989768e+01 6.636694697438939583e-01 5.348384291245637280e-03 2.890801709418261423e-01 4.355785283499336580e-01
5.412499999999989342e+01 6.787915442454685033e-01 5.462435156327791717e-03 2.956543028362411674e-01 4.355597905464257957e-01
5.419999999999989626e+01 6.457450533611602816e-01 5.189082575435022791e-03 2.812482755885776786e-01 4.355407356582221556e-01
5.427499999999989200e+01 6.615792939978853981e-01 5.308742370533648010e-03 2.881319921607131684e-01 4.355214783394265599e-01
5.434999999999989484e+01 6.649532232984937119e-01 5.328215806073564528e-03 2.895885290600976880e-01 4.355021058828720815e-01
5.442499999999989058e+01 6.706098264033659717e-01 5.365897625354971480e-03 2.920389782599437378e-01 4.354827006132845346e-01
5.449999999999989342e+01 6.665162681197762673e-01 5.325567255058429907e-03 2.902434154006838796e-01 4.354633626864838902e-01
5.457499999999989626e+01 6.383681604579708457e-01 5.093426170607939958e-03 2.779737332609277800e-01 4.354442318387355404e-01
5.464999999999989200e+01 6.669922880264894660e-01 5.314280965610056542e-03 2.904254547705890088e-01 4.354255063876463216e-01
5.472499999999989484e+01 6.831018311583326730e-01 5.434949875967298380e-03 2.974276319623098130e-01 4.354074581500727570e-01
5.479999999999989058e+01 6.131812482042993118e-01 4.871774721285322858e-03 2.669732547264351830e-01 4.353904420728228475e-01
5.487499999999989342e+01 6.830053602660796086e-01 5.418922828403195495e-03 2.973633902086247893e-01 4.353748996827497830e-01
5.494999999999988916e+01 6.621843439923100760e-01 5.246396247471949575e-03 2.882894737985830513e-01 4.353613558129229011e-01
5.502499999999989200e+01 6.329927471815613993e-01 5.008153585002006469e-03 2.755736510147348550e-01 4.353504084237035388e-01
5.509999999999989484e+01 6.582397249171113573e-01 5.200723535494427424e-03 2.865598668057424137e-01 4.353427117177216532e-01
5.517499999999989058e+01 6.663650033588874866e-01 5.257718948360081204e-03 2.900946429757669254e-01 4.353389531465673423e-01
5.524999999999989342e+01 6.786382615749707581e-01 5.347298863270353968e-03 2.954382621956864741e-01 4.353398252406797120e-01
5.532499999999988916e+01 6.684788135729015091e-01 5.260182073880871438e-03 2.910195732374586397e-01 4.353459935132577563e-01
5.539999999999989200e+01 6.556337699037452227e-01 5.152264393704097251e-03 2.854354474112064111e-01 4.353580619453322198e-01
5.547499999999989484e+01 6.824387574364968456e-01 5.355886857703545147e-03 2.971178234311036004e-01 4.353765377382620150e-01
5.554999999999988347e+01 6.668955931584770180e-01 5.227138429034592672e-03 2.903675397328709940e-01 4.354017970904027202e-01
5.562499999999988631e+01 6.569223631967595622e-01 5.006522327035873438e-03 2.784878044413698905e-01 4.239280317481869398e-01
5.569999999999988916e+01 6.825145608915226259e-01 5.336030346650697150e-03 2.972168903084432268e-01 4.354733324959527696e-01
5.577499999999989200e+01 6.672330111285434961e-01 5.210093279033492335e-03 2.905929526380924832e-01 4.355194479160883203e-01
5.584999999999989484e+01 6.715602858310322221e-01 5.237472716061349932e-03 2.925128511920258578e-01 4.355719916195632258e-01
5.592499999999988347e+01 6.827168237793650452e-01 5.318053702604591364e-03 2.974121533181611765e-01 4.356303271856626358e-01
5.599999999999988631e+01 5.940427160070306245e-01 4.621796539415045681e-03 2.588206062072420099e-01 4.356935944723860921e-01
5.607499999999988916e+01 5.888677282600340845e-01 3.570025995092851977e-03 2.001892076748312821e-01 3.399561532542179076e-01
5.614999999999988489e+01 6.639945087633853937e-01 5.153856267935704935e-03 2.893890294445892186e-01 4.358304558625696323e-01
5.622499999999988773e+01 5.908575031358658247e-01 4.580802139084153186e-03 2.575556002700060132e-01 4.359013787640467763e-01
5.629999999999988347e+01 6.829177291701371555e-01 5.288330048949751311e-03 2.977329817558703740e-01 4.359719612458550220e-01
5.637499999999988631e+01 6.606442003405321728e-01 5.109848229551527260e-03 2.880676939409667625e-01 4.360406006629300446e-01
5.644999999999988916e+01 6.612014446151956992e-01 5.108125782198781259e-03 2.883537004051206498e-01 4.361056721116753909e-01
5.652499999999988489e+01 6.735818143320798645e-01 5.197579889096584464e-03 2.937932032311838526e-01 4.361655807505843141e-01
5.659999999999988773e+01 6.641563397007431702e-01 4.933656199039525118e-03 2.792449408656365595e-01 4.204506140699632022e-01
5.667499999999988347e+01 6.671054714891963000e-01 5.135140702327255224e-03 2.910340993043966096e-01 4.362639968380320199e-01
5.674999999999988631e+01 6.836569740868539968e-01 5.256026276318328909e-03 2.982794911810645599e-01 4.362999318181023378e-01
5.682499999999988205e+01 6.340421649804165449e-01 4.868435709369614214e-03 2.766488591849277645e-01 4.363256490890831119e-01
5.689999999999988489e+01 6.824055754145111896e-01 5.233060584222818008e-03 2.977611472422777572e-01 4.363404373731996078e-01
5.697499999999988773e+01 6.828395770447770463e-01 5.229536887808283394e-03 2.979528641828763647e-01 4.363438707995951349e-01
5.704999999999988347e+01 6.333637130034114326e-01 4.334022344774971468e-03 2.472559747694116350e-01 3.903854447185228227e-01
5.712499999999988631e+01 6.829220975029587359e-01 5.216107966287277832e-03 2.979701675741601719e-01 4.363164827491458064e-01
5.719999999999988205e+01 6.823104603278224989e-01 5.204243451104149584e-03 2.976827254031567671e-01 4.362863281623035605e-01
5.727499999999988489e+01 6.822117627709263221e-01 5.196198026689558512e-03 2.976122419786438877e-01 4.362461309225129646e-01
5.734999999999988063e+01 6.326519869766018545e-01 4.811871805220705768e-03 2.759608480294069022e-01 4.361969198076873777e-01
5.742499999999988347e+01 6.819211563078364513e-01 5.179156417502883691e-03 2.974130572751024770e-01 4.361399474470076809e-01
5.749999999999988631e+01 6.324288312155417202e-01 4.796303382240758167e-03 2.757874444788430690e-01 4.360766474684174554e-01
5.757499999999988205e+01 5.570626332551662507e-01 3.122950572427557383e-03 1.798038792075162817e-01 3.227713877644992069e-01
5.764999999999988489e+01 6.757275997615567187e-01 5.109712718448926848e-03 2.945749382185800513e-01 4.359374077994244701e-01
5.772499999999988063e+01 6.716348502596954928e-01 5.071320558565942452e-03 2.927419792432184309e-01 4.358647844584394582e-01
5.779999999999988347e+01 6.640125687487868911e-01 5.006429119913756616e-03 2.893716031310145098e-01 4.357923580818411358e-01
5.787499999999988631e+01 5.868886204834150577e-01 4.418489888778230103e-03 2.557201023130395434e-01 4.357216912851455959e-01
5.794999999999987494e+01 6.401415611456936494e-01 4.812430936092359363e-03 2.788803727465516413e-01 4.356542203687343573e-01
5.802499999999987779e+01 6.669852462453326192e-01 5.007029968939150782e-03 2.905329139476936495e-01 4.355912152228160750e-01
5.809999999999988063e+01 6.575627324332227186e-01 4.929272991366155134e-03 2.863907607983730008e-01 4.355337470823846813e-01
5.817499999999988347e+01 6.571417450220193857e-01 4.919189320021726160e-03 2.861738386922633159e-01 4.354826654372326300e-01
5.824999999999988631e+01 6.827077973487547524e-01 5.103473253495434576e-03 2.972773170161084888e-01 4.354385846632526924e-01
5.832499999999987494e+01 6.408516227106388907e-01 4.216323665227216314e-03 2.459170777743768799e-01 3.837348132695839742e-01
5.839999999999987779e+01 6.827230975619947850e-01 5.089708850777167545e-03 2.972389968853860198e-01 4.353726978724272723e-01
5.847499999999988063e+01 3.790379788476103684e-01 1.442958667203714414e-03 8.437700806473702464e-02 2.226083209953486630e-01
5.854999999999987637e+01 6.715724464077081901e-01 4.993338039092271030e-03 2.923599421888518624e-01 4.353364164249252655e-01
5.862499999999987921e+01 6.828871241950287274e-01 5.070879592477510987e-03 2.972803161089934143e-01 4.353286298367690654e-01
5.869999999999987494e+01 6.671130526763849877e-01 4.947399674201029968e-03 2.904123608755998509e-01 4.353270554525909275e-01
5.877499999999987779e+01 6.769992336273906730e-01 4.950877961583277642e-03 2.909878521920565841e-01 4.298200614392593821e-01
5.884999999999988063e+01 6.691273808141660062e-01 4.949836680241331138e-03 2.912978886322017402e-01 4.353399621425785293e-01
5.892499999999987637e+01 6.251595724423963940e-01 4.618839995270159274e-03 2.721651467212935493e-01 4.353530821866627987e-01
5.899999999999987921e+01 6.832708590746967570e-01 5.041957235106559777e-03 2.974754768712863928e-01 4.353697701584046120e-01
5.907499999999987494e+01 6.739263339754102411e-01 4.966913443407945661e-03 2.934204116693237552e-01 4.353894437370804393e-01
5.914999999999987779e+01 6.795022750789158072e-01 5.001913485754101198e-03 2.958631826823544531e-01 4.354116145497726187e-01
5.922499999999987352e+01 6.797288442127534802e-01 4.997523793102290682e-03 2.959783466464825930e-01 4.354359082543833859e-01
5.929999999999987637e+01 6.834206763743445601e-01 5.018613607644851864e-03 2.976037869333391095e-01 4.354620766116918951e-01
5.937499999999987921e+01 6.816359405074690070e-01 4.999505456566888037e-03 2.968456364836583594e-01 4.354900011033172591e-01
5.944999999999987494e+01 6.830889708758799417e-01 5.004183272191431442e-03 2.974986955317799886e-01 4.355196880873615228e-01
5.952499999999987779e+01 6.819744891639878404e-01 4.968427877553274058e-03 2.957456694113580475e-01 4.336608980401948088e-01
5.959999999999987352e+01 6.834747600279794666e-01 4.995155957689210308e-03 2.977112950782763168e-01 4.355849147466526183e-01
5.967499999999987637e+01 6.834970028326350366e-01 4.989452990244131608e-03 2.977456071928179515e-01 4.356209404852732225e-01
5.974999999999987210e+01 6.624324321999105480e-01 4.531563542405229843e-03 2.707609216587119061e-01 4.087374175801238296e-01
5.982499999999987494e+01 6.681163928147423325e-01 4.867541995781639839e-03 2.912006998976359728e-01 4.358532480707760781e-01
5.989999999999987779e+01 6.623420998460468612e-01 4.818249056525593377e-03 2.886131184858824472e-01 4.357462987072193705e-01
5.997499999999987352e+01 6.831050753159603195e-01 4.963628161340555810e-03 2.976935989763992430e-01 4.357947404192618612e-01
6.004999999999987637e+01 6.769665372294756400e-01 4.913466818751307218e-03 2.950536824660153767e-01 4.358467756375957736e-01
6.012499999999987210e+01 6.521372979625575939e-01 4.727953576338533338e-03 2.842682087773537036e-01 4.359023930474146269e-01
6.019999999999987494e+01 6.838820023956078131e-01 4.952594348431884307e-03 2.981461797755987631e-01 4.359614359366179581e-01
6.027499999999987779e+01 6.443988691604756180e-01 4.661519825307769427e-03 2.809731074704252540e-01 4.360235886764942670e-01
6.034999999999986642e+01 5.004882750319594731e-01 2.292764765944086888e-03 1.383683536247253265e-01 2.764667236527960648e-01
6.042499999999986926e+01 6.783137114816358837e-01 4.808334935289723319e-03 2.905436384648809600e-01 4.283322503244826329e-01
6.049999999999987210e+01 5.597734826483431458e-01 3.170142857416321461e-03 1.917936428736870536e-01 3.426272390865900963e-01
6.057499999999987494e+01 6.835620104974726718e-01 4.923354390683836422e-03 2.982321922156727645e-01 4.362913497761962134e-01
6.064999999999987779e+01 6.833032536808434365e-01 4.901436370185338447e-03 2.972721158517401818e-01 4.350515151953158188e-01
6.072499999999986642e+01 6.770891483427373680e-01 4.866171668508354441e-03 2.954982745701691949e-01 4.364244727499165810e-01
6.079999999999986926e+01 6.843538405779842071e-01 4.913020379066418593e-03 2.987116390472376315e-01 4.364871230867279905e-01
6.087499999999987210e+01 6.492314746885262666e-01 4.636001957741584661e-03 2.822166191775183908e-01 4.346933723644774705e-01
6.094999999999986784e+01 6.844332767696497122e-01 4.902754493983729409e-03 2.988228864083076752e-01 4.365990032201172433e-01
6.102499999999987068e+01 6.669119320173011456e-01 4.525111470826208813e-03 2.761449275071687914e-01 4.140650575434673408e-01
6.109999999999986642e+01 6.835121308102004578e-01 4.885112058716912890e-03 2.984803467876027128e-01 4.366862464222826534e-01
6.117499999999986926e+01 6.117162538133710248e-01 3.694077572355163736e-03 2.259851954888266734e-01 3.694281361334771363e-01
6.124999999999987210e+01 6.217297707935703910e-01 3.776789808186960078e-03 2.313283757514508210e-01 3.720722195049230852e-01
6.132499999999986784e+01 6.393331819828800278e-01 4.519360206963644183e-03 2.771497646920448865e-01 4.334981704413808368e-01
6.139999999999987068e+01 6.589808095635686369e-01 4.526507781427573616e-03 2.779275777796523794e-01 4.217536743804708443e-01
6.147499999999986642e+01 6.689464149513575375e-01 4.693114321690781618e-03 2.885092029259401780e-01 4.312889589922073719e-01
6.154999999999986926e+01 6.646797150488790162e-01 4.676377621698889209e-03 2.878310426155660240e-01 4.330371998706167846e-01
6.162499999999986500e+01 6.845995594764069381e-01 4.853025422872314816e-03 2.990676916845057542e-01 4.368505464906195512e-01
6.169999999999986784e+01 6.844663026618429402e-01 4.844596344703929088e-03 2.989115944682317894e-01 4.367075388602549291e-01
6.177499999999987068e+01 6.579794331805043361e-01 4.651126177211225080e-03 2.873233195972227927e-01 4.366752289024830591e-01
6.184999999999986642e+01 6.778506357427718232e-01 4.690230809642837242e-03 2.900907755764088325e-01 4.279567802699404400e-01
6.192499999999986926e+01 6.839464837688135068e-01 4.822079591299613388e-03 2.986072786912279398e-01 4.365945081635402847e-01
6.199999999999986500e+01 6.843783030598008521e-01 4.818773290280576639e-03 2.987639439973951427e-01 4.365479482059050342e-01
6.207499999999986784e+01 6.683210566298820599e-01 4.699494513817768955e-03 2.917211219452373605e-01 4.364984748741700393e-01
6.214999999999986358e+01 6.384430748874670991e-01 4.483451699894211440e-03 2.786465231484246408e-01 4.364469349088628825e-01
6.222499999999986642e+01 6.404149556538649701e-01 4.122488251715566467e-03 2.565218314630005603e-01 4.005556541088133304e-01
6.229999999999986926e+01 5.973110957896563544e-01 3.854476420408615815e-03 2.401338809914562722e-01 4.020248120018511395e-01
6.237499999999986500e+01 6.809907647474305881e-01 4.763243022397442746e-03 2.971072835220398556e-01 4.362868028500100914e-01
6.244999999999986784e+01 6.749977055527364156e-01 4.588434566727207439e-03 2.865477386921134739e-01 4.245166114416162317e-01
6.252499999999986358e+01 6.630592969170364670e-01 4.514829776038443293e-03 2.822897317468030520e-01 4.257382907672642158e-01
6.259999999999986642e+01 6.430773550249344606e-01 3.982461643988096864e-03 2.493020989136542909e-01 3.876704675815990098e-01
6.267499999999986926e+01 6.837695719414884632e-01 4.757468290523142809e-03 2.981743251085373636e-01 4.360742819571572504e-01
6.274999999999985789e+01 6.285865985965000124e-01 4.367766283042675592e-03 2.740773342609272856e-01 4.360215996855223985e-01
6.282499999999986073e+01 6.608505298713577281e-01 4.341148992955000743e-03 2.727326854823973745e-01 4.126995033740655239e-01
6.289999999999986358e+01 6.469852473805196569e-01 4.171557591567005667e-03 2.623909725095641132e-01 4.055594367443756676e-01
6.297499999999986642e+01 6.736743302859961036e-01 4.662611292361327521e-03 2.936279461364539323e-01 4.358603748665910715e-01
6.304999999999986926e+01 6.764342395735455371e-01 4.647749825318259545e-03 2.930406264863156807e-01 4.332137691182835759e-01
6.312499999999985789e+01 6.595544653673623969e-01 4.470660335420950995e-03 2.822104336734468921e-01 4.278804078996868432e-01
6.319999999999986073e+01 6.367031570385983663e-01 3.819790973378466795e-03 2.414107895175185980e-01 3.791575192439068376e-01
6.327499999999986358e+01 6.828498103799336416e-01 4.701175057206870463e-03 2.974668517447640603e-01 4.356255903172254751e-01
6.334999999999985931e+01 6.780374352559211948e-01 4.589469577670096320e-03 2.907428977453999641e-01 4.288006570546665785e-01
6.342499999999986215e+01 6.782588662889146303e-01 4.588686614622379707e-03 2.910374485324237481e-01 4.290949414709928078e-01
6.349999999999985789e+01 6.691987652081915483e-01 4.588811682184196217e-03 2.913895418186958075e-01 4.354304833901522231e-01
6.357499999999986073e+01 6.770800394592104698e-01 4.543493018973675940e-03 2.888525686812508653e-01 4.266150999104327823e-01
6.364999999999986358e+01 6.583032575768337225e-01 4.502066665162960182e-03 2.865565432376218080e-01 4.352956482281669648e-01
6.372499999999985931e+01 6.779612184875017933e-01 4.585485985892560554e-03 2.922100944510027665e-01 4.310129937858527271e-01
6.379999999999986215e+01 6.687838477419217886e-01 4.442780323496158153e-03 2.834493846390542249e-01 4.238280957234407120e-01
6.387499999999985789e+01 6.589378836931825134e-01 4.488519155993888655e-03 2.867041610891090109e-01 4.351004369064405131e-01
6.394999999999986073e+01 6.662038283380535830e-01 4.423331529283767820e-03 2.828720512976963253e-01 4.246028606640755987e-01
6.402499999999986358e+01 6.796913610958711383e-01 4.577633791539319555e-03 2.930830035033042957e-01 4.312001303514649830e-01
6.409999999999985221e+01 6.431204478415831760e-01 3.966496483276296496e-03 2.542524245780100056e-01 3.953418452660344973e-01
6.417499999999986926e+01 6.743396023613968948e-01 4.467244299708594303e-03 2.866854029337984056e-01 4.251350535099611694e-01
6.424999999999985789e+01 6.800460759145958711e-01 4.571081600574231248e-03 2.936919928368937338e-01 4.318707264679184643e-01
6.432499999999986073e+01 6.705450051552024338e-01 4.532750984130970613e-03 2.915692070542240666e-01 4.348242173345818751e-01
6.439999999999986358e+01 6.828254130760433860e-01 4.610147314593258765e-03 2.968934870598052278e-01 4.348014607750714244e-01
6.447499999999985221e+01 6.575039637159572070e-01 4.121893777655939381e-03 2.657591013143660863e-01 4.041939151399160934e-01
6.454999999999985505e+01 6.293472629297912624e-01 4.218388807684214648e-03 2.722969975360154393e-01 4.326657373043860666e-01
6.462499999999985789e+01 6.684701640044801163e-01 4.497267935193708169e-03 2.906359403118927709e-01 4.347777297506204564e-01
6.469999999999986073e+01 6.546774123226449804e-01 4.388645174287960846e-03 2.839453427764304649e-01 4.337179463226898957e-01
6.477499999999986358e+01 6.119055742573875634e-01 3.952493360473724286e-03 2.560227574246849436e-01 4.184023944141965767e-01
6.484999999999985221e+01 6.447623121122773027e-01 4.308565821637868297e-03 2.794104935332151207e-01 4.333542582813979527e-01
6.492499999999985505e+01 6.812805711076541648e-01 4.562865581463475609e-03 2.962440478765154817e-01 4.348341350684192252e-01
6.499999999999985789e+01 6.493316938461883847e-01 4.237824189558946943e-03 2.754585723213309745e-01 4.242185849418598220e-01
6.507499999999986073e+01 6.812726105809847610e-01 4.552842030242918066e-03 2.962761951180572506e-01 4.348864030588208696e-01
6.514999999999984936e+01 6.825490452262163998e-01 4.572823465339286367e-03 2.979194487668538338e-01 4.364806468495091574e-01
6.522499999999985221e+01 6.813831812650219533e-01 4.543724189887765087e-03 2.963644102854288143e-01 4.349452972044502985e-01
6.529999999999985505e+01 6.805743640133012917e-01 4.533431234722652865e-03 2.960330596273885728e-01 4.349753315445229473e-01
6.537499999999985789e+01 6.080184921000783005e-01 3.307479848773341429e-03 2.162264951135567381e-01 3.556248665508785489e-01
6.544999999999986073e+01 6.820416159214063301e-01 4.533403536728546242e-03 2.967112614788827152e-01 4.350339547507517945e-01
6.552499999999984936e+01 6.791967939644332208e-01 4.517666104710572721e-03 2.960200715111596104e-01 4.358384405546251728e-01
6.559999999999985221e+01 6.782544344844495532e-01 4.488365533303560403e-03 2.944367789847128769e-01 4.341096261442334847e-01
6.567499999999985505e+01 6.818498612676830994e-01 4.517450021088093189e-03 2.966835301349598497e-01 4.351156273367440819e-01
6.574999999999985789e+01 6.791747079768012396e-01 4.494863139085641425e-03 2.955372513948802959e-01 4.351417211563405885e-01
6.582499999999984652e+01 6.818344698964027284e-01 4.507595803848065893e-03 2.967124937882982261e-01 4.351679284172600415e-01
6.589999999999984936e+01 6.665230056425479610e-01 4.208650705358421389e-03 2.773500814831193484e-01 4.161147914403129366e-01
6.597499999999985221e+01 6.281644736222826708e-01 3.916228256686521761e-03 2.583731592348926798e-01 4.113145045357233798e-01
6.604999999999985505e+01 6.223793099408254648e-01 4.105011653089931517e-03 2.711360196865894023e-01 4.356443335373222370e-01
6.612499999999985789e+01 6.607444449127372055e-01 4.124874679917932448e-03 2.727573382095727084e-01 4.128030743347301801e-01
6.619999999999984652e+01 6.731074097957890912e-01 4.347860527654836757e-03 2.878283669307495352e-01 4.276113481176391229e-01
6.627499999999984936e+01 6.220649981745015600e-01 4.066581797191500848e-03 2.695127086088661139e-01 4.332549000502716741e-01
6.634999999999985221e+01 6.629229246278587340e-01 4.125638596261621723e-03 2.737361208619579767e-01 4.129229970673041206e-01
6.642499999999985505e+01 6.240105856811268836e-01 3.451001816550975255e-03 2.292327956643980258e-01 3.673540175831846444e-01
6.649999999999985789e+01 6.657767485975372157e-01 4.376256993779977823e-03 2.910210900863678951e-01 4.371151301084118534e-01
6.657499999999984652e+01 6.760692262732759250e-01 4.353230280804636088e-03 2.898163059445679757e-01 4.286784469426810906e-01
6.664999999999984936e+01 6.651907625059102491e-01 4.319152788252995576e-03 2.878715333370615026e-01 4.327653803438133995e-01
6.672499999999985221e+01 6.703112071711330167e-01 4.248836699672253921e-03 2.835036287856305126e-01 4.229432922389598781e-01
6.679999999999985505e+01 6.290650577611180960e-01 3.909703932628645802e-03 2.611682226995929446e-01 4.151688596869567149e-01
6.687499999999985789e+01 6.835610308532513724e-01 4.454578633694828219e-03 2.978999461283410310e-01 4.358059232201827449e-01
6.694999999999984652e+01 6.192302357151512338e-01 3.711827866902245743e-03 2.485068756891047892e-01 4.013157971882675978e-01
6.702499999999983515e+01 6.674765722939269841e-01 4.277856270417841784e-03 2.867233165247551341e-01 4.295631164092676979e-01
6.709999999999985221e+01 6.817902355349013677e-01 4.430061722798080831e-03 2.972571415997505850e-01 4.359950115251156055e-01
6.717499999999985505e+01 6.818165847204135099e-01 4.425883001609635416e-03 2.973086906331265933e-01 4.360537676786512273e-01
6.724999999999985789e+01 6.818124389738150493e-01 4.421479997760078412e-03 2.973445298493646582e-01 4.361089837212315246e-01
6.732499999999984652e+01 6.721185863013896533e-01 4.354270383046940016e-03 2.931512535386345819e-01 4.361600162730516761e-01
6.739999999999983515e+01 6.825088109810031334e-01 4.402245133088759574e-03 2.967113219701816851e-01 4.347362513074433110e-01
6.747499999999985221e+01 6.808557948321177777e-01 4.401954823864267195e-03 2.970219017402407902e-01 4.362478868428799617e-01
6.754999999999984084e+01 6.273871175661360766e-01 4.045207311870356245e-03 2.732537539168419238e-01 4.355425004212600260e-01
6.762499999999985789e+01 6.482179167547059695e-01 4.177070580016570105e-03 2.824743979736199506e-01 4.357707349217129211e-01
6.769999999999984652e+01 6.816801288616640697e-01 4.393390373685971545e-03 2.974325282985396113e-01 4.363227204454697139e-01
6.777499999999983515e+01 6.640776390369301785e-01 4.062486780141060828e-03 2.753350415240597426e-01 4.146127279987333325e-01
6.784999999999985221e+01 6.264048615063109171e-01 4.027489492369731340e-03 2.732651620572856821e-01 4.362436801658388652e-01
6.792499999999984084e+01 5.503697542115260077e-01 3.443533831858820032e-03 2.339020355290097886e-01 4.249907153130242365e-01
6.799999999999985789e+01 6.517244201507911283e-01 3.811489197005586260e-03 2.591812653963793123e-01 3.976853672851661248e-01
6.807499999999984652e+01 6.713667550553500396e-01 4.310433671183624103e-03 2.934327721658245292e-01 4.370677725048104367e-01
6.814999999999983515e+01 6.665936509646530617e-01 4.269102502926401359e-03 2.909393355744335219e-01 4.364568056617462721e-01
6.822499999999983800e+01 6.722487463507985650e-01 4.168196948061963017e-03 2.843752367815267634e-01 4.230208510245873077e-01
6.829999999999984084e+01 6.398799915767016122e-01 3.598391701531588726e-03 2.457701532146069345e-01 3.840878859315712268e-01
6.837499999999985789e+01 6.801275178746805095e-01 4.342063551622441474e-03 2.968885953421838142e-01 4.365190167131102195e-01
6.844999999999984652e+01 6.321147712415671194e-01 3.550036311277449900e-03 2.429999855069409076e-01 3.844238365600172735e-01
6.852499999999983515e+01 6.755403380547363446e-01 4.215247128472409885e-03 2.888498094785711956e-01 4.275833628386034868e-01
6.859999999999983800e+01 6.542429708746777539e-01 4.163940739617295883e-03 2.856463347377458106e-01 4.366058902487807147e-01
6.867499999999984084e+01 6.816669280953722154e-01 4.334083873201350495e-03 2.976432099921020313e-01 4.366402383987428859e-01
6.874999999999984368e+01 6.684966462981123403e-01 4.066299171058261955e-03 2.795580680102548454e-01 4.181891854781085716e-01
6.882499999999984652e+01 6.816600959154291983e-01 4.325324775437294419e-03 2.976904776694710986e-01 4.367139567847086457e-01
6.889999999999983515e+01 6.779394645272145414e-01 4.297404927747845022e-03 2.960911995218258319e-01 4.367516791905833307e-01
6.897499999999983800e+01 6.255219184243554498e-01 3.695737068322430333e-03 2.549134642875390266e-01 4.075212343152541106e-01
6.904999999999984084e+01 6.711512737267947282e-01 4.171802998347633358e-03 2.880629970359034342e-01 4.292072567132833028e-01
6.912499999999984368e+01 6.122144367641567664e-01 3.428095283419918104e-03 2.369670864664012999e-01 3.870654990086228042e-01
6.919999999999984652e+01 6.547205434833442972e-01 3.788597966104730388e-03 2.621709792544467676e-01 4.004318817607351311e-01
6.927499999999983515e+01 6.637059052730794884e-01 4.185914615334873981e-03 2.899792349773226974e-01 4.369092284300404860e-01
6.934999999999983800e+01 6.290660290856792125e-01 3.400583060537506423e-03 2.358304352482755162e-01 3.748897958947887687e-01
6.942499999999984084e+01 6.754041595468017745e-01 4.177249022795184209e-03 2.900055134075549823e-01 4.293807038472335358e-01
6.949999999999984368e+01 6.744691209128910181e-01 4.147456978694243589e-03 2.882482600192493027e-01 4.273705809231215236e-01
6.957499999999984652e+01 6.667494342644931793e-01 4.035100050202466981e-03 2.807420859928360102e-01 4.210608536961552018e-01
6.964999999999983515e+01 6.781633683504113552e-01 4.169852843089168724e-03 2.904302505211598939e-01 4.282600094245915257e-01
6.972499999999983800e+01 6.753172604978925353e-01 4.219486247997166796e-03 2.942036786416017957e-01 4.356525382228401133e-01
6.979999999999984084e+01 6.591592354995270409e-01 4.049571662503704747e-03 2.826601020427579325e-01 4.288191484240544415e-01
6.987499999999984368e+01 6.592484814403348770e-01 3.983725481767406811e-03 2.783628180384969397e-01 4.222426382087769992e-01
6.994999999999983231e+01 6.264580956019824010e-01 3.345904337483465892e-03 2.340460084069678759e-01 3.736020175173345725e-01
7.002499999999983515e+01 6.722183300998580968e-01 4.071593899732382435e-03 2.851133628287594313e-01 4.241380367988564215e-01
7.009999999999983800e+01 6.727463870473439078e-01 4.073919084271072390e-03 2.855817278074015420e-01 4.245013177414567185e-01
7.017499999999984084e+01 6.812344398078737928e-01 4.227267702005147419e-03 2.966485109882105453e-01 4.354573017064041762e-01
7.024999999999984368e+01 6.842193794431409293e-01 4.254411974571412763e-03 2.988724412136410935e-01 4.368079159887016671e-01
7.032499999999983231e+01 6.493740986195242204e-01 4.026031215969121287e-03 2.831306452630277803e-01 4.360054487312055582e-01
7.039999999999983515e+01 6.754482466180935507e-01 4.190715852337520246e-03 2.950263960045607092e-01 4.367860861016819585e-01
7.047499999999983800e+01 6.404985895335610913e-01 3.734173171284311740e-03 2.631658542462612660e-01 4.108765554626905292e-01
7.054999999999984084e+01 6.739175510202158881e-01 4.075459648722851505e-03 2.875236782173965500e-01 4.266451849816440545e-01
7.062499999999982947e+01 6.796502647602009617e-01 4.203392294276415975e-03 2.968645807832711592e-01 4.367902083993346340e-01
7.069999999999983231e+01 6.498073700175889256e-01 4.014668149703197637e-03 2.838370381840154000e-01 4.368018143228085126e-01
7.077499999999983515e+01 6.506987723901344056e-01 3.760036437456561013e-03 2.661165788609874960e-01 4.089704639882646431e-01
7.084999999999983800e+01 6.819601563334982686e-01 4.203559262834412162e-03 2.978221737718174111e-01 4.367149180283983467e-01
7.092499999999984084e+01 6.676050709957612739e-01 3.922014681327581735e-03 2.781688912731581365e-01 4.166668339685578593e-01
7.099999999999982947e+01 6.267581777218372840e-01 3.761171277109343503e-03 2.670431606747627473e-01 4.260704848645463505e-01
7.107499999999983231e+01 6.628999049952848388e-01 4.065274401427920216e-03 2.889393780814887291e-01 4.358718049349304957e-01
7.114999999999983515e+01 6.807638835284350876e-01 4.170515716530587974e-03 2.967321932311506316e-01 4.358812216846346677e-01
7.122499999999983800e+01 6.821772419349312333e-01 4.185041627661956719e-03 2.980795899302222107e-01 4.369532895655499072e-01
7.129999999999984084e+01 6.440655856886103869e-01 3.546500632676716745e-03 2.528654951098493475e-01 3.926083006585349144e-01
7.137499999999982947e+01 6.539403050199172895e-01 3.718941892668707529e-03 2.654394775892283675e-01 4.059078107766178611e-01
7.144999999999983231e+01 6.765614501063657027e-01 4.066062271205972238e-03 2.905201492776660066e-01 4.294068916164109906e-01
7.152499999999983515e+01 6.490079919754663251e-01 3.963083482216585296e-03 2.834595460655405796e-01 4.367581748920217333e-01
7.159999999999983800e+01 6.184000365152103607e-01 3.743613251082031270e-03 2.680427087774728268e-01 4.334454931276188194e-01
7.167499999999984084e+01 6.307742517533130311e-01 3.735254495644533580e-03 2.677243659753213434e-01 4.244376894445979764e-01
7.174999999999982947e+01 6.444679144036693508e-01 3.852307418291271972e-03 2.764030572623981108e-01 4.288856762064807704e-01
7.182499999999981810e+01 6.603720205147726174e-01 3.865698661414312086e-03 2.776538063560822778e-01 4.204505910768990828e-01
7.189999999999983515e+01 6.800652894762501122e-01 4.112873957317582374e-03 2.957156375311335017e-01 4.348341874040915211e-01
7.197499999999983800e+01 6.813031183822388925e-01 4.124518252796959342e-03 2.968622012450604641e-01 4.357270548679753053e-01
7.204999999999984084e+01 6.818047357131780117e-01 4.133773222675374975e-03 2.978383606937601291e-01 4.368382105504396984e-01
7.212499999999982947e+01 6.789309022906150348e-01 4.111711218121583827e-03 2.965571716070185548e-01 4.368002260708378492e-01
7.219999999999981810e+01 6.653585863606928941e-01 4.024974492080852367e-03 2.906031583282367992e-01 4.367617165921714451e-01
7.227499999999983515e+01 6.734726134244234386e-01 3.956131150645744894e-03 2.859293789129205843e-01 4.245597715682129514e-01
7.234999999999982379e+01 6.795777053186919936e-01 4.067058166235672061e-03 2.942516583271501673e-01 4.329919242850368555e-01
7.242499999999984084e+01 6.500311195876886661e-01 3.547508083655465799e-03 2.569282729587465397e-01 3.952553427314600132e-01
7.249999999999982947e+01 6.563750513977705259e-01 3.909322618137274670e-03 2.834258898149517591e-01 4.318047878440652854e-01
7.257499999999981810e+01 6.509069577997299572e-01 3.566432301165311028e-03 2.588338242570717984e-01 3.976510331553552158e-01
7.264999999999983515e+01 6.818889135793717582e-01 4.097795377230625639e-03 2.977048341558042877e-01 4.365884651109692705e-01
7.272499999999982379e+01 6.820436331840209476e-01 4.099292903066465397e-03 2.981210763755079984e-01 4.370997130840051370e-01
7.279999999999984084e+01 6.576477374630633754e-01 3.864910501377122158e-03 2.813654845002538929e-01 4.278361628455487620e-01
7.287499999999982947e+01 6.821075102659921452e-01 4.090506584720586883e-03 2.980956673615120511e-01 4.370215294144287332e-01
7.294999999999981810e+01 6.805382660558279007e-01 4.052408277512221067e-03 2.956231838445158022e-01 4.343961222898586882e-01
7.302499999999983515e+01 6.571277492662386255e-01 3.822639828756058643e-03 2.791482734949105593e-01 4.248006172416441961e-01
7.309999999999982379e+01 6.703611700518531391e-01 3.953873859206066647e-03 2.890281791079627460e-01 4.311529247519007013e-01
7.317499999999982663e+01 6.290331971911812259e-01 3.522193378538220586e-03 2.577365004745336696e-01 4.097343377510171969e-01
7.324999999999982947e+01 6.462360856177248314e-01 3.821471021760182527e-03 2.799227523439327125e-01 4.331586529655951923e-01
7.332499999999981810e+01 6.605655630468858508e-01 3.702609714393126621e-03 2.714938573078753414e-01 4.110021358903402922e-01
7.339999999999982094e+01 6.817791286791852201e-01 4.056383267115921606e-03 2.977385318063079378e-01 4.367081937270778091e-01
7.347499999999982379e+01 6.774041475619831942e-01 3.964985352405286240e-03 2.913272987679776937e-01 4.300642383376032107e-01
7.354999999999982663e+01 6.771689215892013891e-01 3.957022829409831757e-03 2.910390291030924281e-01 4.297879300486396326e-01
7.362499999999982947e+01 6.801047596769098647e-01 4.010952262627417129e-03 2.953063603359429301e-01 4.342071660786949727e-01
7.369999999999981810e+01 6.766441443222031005e-01 4.008862900613614257e-03 2.954531957752226656e-01 4.366448719824202462e-01
7.377499999999982094e+01 6.755568665383987481e-01 3.919276569098100425e-03 2.891446288852116409e-01 4.280093108472262653e-01
7.384999999999982379e+01 6.822903703123619490e-01 4.035828022014302692e-03 2.980458994257555450e-01 4.368314611992926144e-01
7.392499999999982663e+01 5.843443349296022493e-01 3.437775860057872696e-03 2.541375804547776340e-01 4.349106601425242746e-01
7.399999999999982947e+01 6.778917076164279187e-01 3.941108651140009557e-03 2.916420401843600185e-01 4.302192177712551580e-01
7.407499999999981810e+01 6.717649800537275340e-01 3.924541408600336866e-03 2.907104048420692255e-01 4.327561178000352005e-01
7.414999999999982094e+01 6.757832907195818750e-01 3.906024217520254541e-03 2.896316957291261707e-01 4.285866485700216000e-01
7.422499999999982379e+01 6.824517605531639219e-01 4.016564021400455438e-03 2.981294644884481260e-01 4.368506050109653427e-01
7.429999999999982663e+01 6.548280400477886065e-01 3.717652024893464569e-03 2.762215454495837719e-01 4.218230261328232977e-01
7.437499999999981526e+01 6.766134160089880556e-01 3.903423986523479709e-03 2.903171589976830669e-01 4.290739026579196702e-01
7.444999999999981810e+01 6.742645940803323468e-01 3.861087762877611369e-03 2.874579839462374498e-01 4.263281602948730820e-01
7.452499999999982094e+01 6.826362335786390068e-01 4.003525993290634605e-03 2.983627746499838418e-01 4.370743303294238880e-01
7.459999999999982379e+01 6.756070957609439098e-01 3.875478908766279151e-03 2.891107265939637516e-01 4.279273092422676283e-01
7.467499999999982663e+01 6.715759081483445581e-01 3.807051779225226543e-03 2.842915916136431465e-01 4.233201164072221134e-01
7.474999999999981526e+01 6.738196704913282931e-01 3.914794924765932320e-03 2.926309206262527329e-01 4.342866993076580640e-01
7.482499999999981810e+01 6.302881086960897550e-01 3.642612940379886307e-03 2.725585132639243291e-01 4.324348016461558863e-01
7.489999999999982094e+01 6.824763941140942203e-01 3.979704065676104886e-03 2.980798345191395526e-01 4.367621167411506189e-01
7.497499999999982379e+01 6.714754269767264638e-01 3.787703004973208380e-03 2.839830327978656310e-01 4.229239394157436327e-01
7.504999999999982663e+01 6.825384539597644240e-01 3.971868876157537073e-03 2.980887591556224958e-01 4.367354797759054885e-01
7.512499999999981526e+01 6.616172116944633030e-01 3.846112150149244222e-03 2.889391752799612689e-01 4.367165336282003985e-01
7.519999999999981810e+01 6.661157265272553696e-01 3.688522187015033302e-03 2.773768684635298243e-01 4.164094276975164877e-01
7.527499999999982094e+01 6.807433232976921600e-01 3.949083319214644235e-03 2.972672468538816171e-01 4.366803708244161308e-01
7.534999999999982379e+01 6.827017685781003875e-01 3.956320451750779295e-03 2.981087460394205024e-01 4.366602809017290365e-01
7.542499999999982663e+01 6.826546803008524122e-01 3.954481232062084101e-03 2.982667469282820338e-01 4.369218516114663498e-01
7.549999999999981526e+01 6.648763074386375704e-01 3.740552030265148313e-03 2.824116782850180085e-01 4.247582221315386319e-01
7.557499999999981810e+01 6.811589354325571222e-01 3.918456922944443810e-03 2.961373819515256134e-01 4.347551893501465092e-01
7.564999999999982094e+01 6.621969785718719859e-01 3.821472307377799232e-03 2.890943800531298180e-01 4.365685580091374085e-01
7.572499999999982379e+01 6.824693850304139886e-01 3.934342468251732054e-03 2.979280834083617435e-01 4.365442464427685687e-01
7.579999999999981242e+01 6.757550852150535636e-01 3.818438996687835516e-03 2.894376759489372120e-01 4.283174219204373689e-01
7.587499999999981526e+01 6.796412266966812554e-01 3.874140489254503973e-03 2.939504096221847718e-01 4.325082088543940051e-01
7.594999999999981810e+01 6.815803517387659660e-01 3.909117244217071192e-03 2.968974546982858786e-01 4.356015456444375933e-01
7.602499999999982094e+01 6.743068428743095311e-01 3.871179111255510646e-03 2.943063919331995182e-01 4.364576676675637756e-01
7.609999999999982379e+01 6.794924997261049260e-01 3.858196829320530152e-03 2.936087787112916514e-01 4.321001023994256451e-01
7.617499999999981242e+01 6.822080325414763280e-01 3.908584850896109318e-03 2.977364510170104062e-01 4.364305854151737663e-01
7.624999999999981526e+01 6.782944294090755832e-01 3.887543312890390495e-03 2.964251776078915546e-01 4.370154976300405503e-01
7.632499999999981810e+01 6.823946482397085234e-01 3.899760613045618121e-03 2.976492287907060996e-01 4.361834160899650259e-01
7.639999999999982094e+01 6.827762858751467157e-01 3.904969818746574766e-03 2.983396941522376000e-01 4.369508729639628442e-01
7.647499999999982379e+01 6.701617544741197419e-01 3.784708206845139450e-03 2.894355601184813720e-01 4.318891046619085516e-01
7.654999999999981242e+01 6.685018302099225984e-01 3.729003122774785829e-03 2.854551890484091636e-01 4.270073411149385434e-01
7.662499999999981526e+01 6.824942524083928985e-01 3.887599033191723504e-03 2.978872759183150976e-01 4.364685488077406639e-01
7.669999999999981810e+01 6.789165734556957821e-01 3.815302115835059876e-03 2.926336722845483962e-01 4.310303853609560587e-01
7.677499999999980673e+01 6.825527351281029942e-01 3.880458228160583133e-03 2.979221804670280083e-01 4.364822894030500056e-01
7.684999999999982379e+01 6.826170203916041013e-01 3.877711436009153093e-03 2.980021238573027365e-01 4.365582969002804736e-01
7.692499999999981242e+01 6.758376911452789182e-01 3.750532498776736490e-03 2.885097124683997372e-01 4.268920130504845201e-01
7.699999999999980105e+01 6.707776036533635855e-01 3.746911753872450915e-03 2.885122050481779832e-01 4.301160376804588070e-01
7.707499999999981810e+01 6.627018247955921426e-01 3.543554122637625290e-03 2.731194340022943257e-01 4.121301975991041866e-01
7.714999999999980673e+01 6.827652659606291419e-01 3.867716533517559334e-03 2.983943305608789398e-01 4.370379476481533465e-01
7.722499999999982379e+01 6.816820557066812780e-01 3.844748781761759757e-03 2.969107246715512183e-01 4.355560223215086957e-01
7.729999999999981242e+01 6.779828385709718575e-01 3.768595788975031158e-03 2.913124544877692124e-01 4.296752630225674219e-01
7.737499999999980105e+01 6.797332901996916421e-01 3.796403931037951006e-03 2.937467541640607083e-01 4.321500188371882878e-01
7.744999999999981810e+01 6.826276357242935244e-01 3.850391438827098240e-03 2.982128169371580650e-01 4.368601582043233345e-01
7.752499999999980673e+01 6.316475037422096817e-01 3.559601134774605016e-03 2.759580779734005507e-01 4.368862005129138804e-01
7.759999999999982379e+01 6.745945248375189163e-01 3.787204146362378992e-03 2.938870417577199579e-01 4.356499066287334854e-01
7.767499999999981242e+01 6.805398709211983865e-01 3.828037757840184983e-03 2.973428328402356602e-01 4.369219873006762178e-01
7.774999999999980105e+01 6.756321033302601364e-01 3.706843438297302562e-03 2.882070773276145248e-01 4.265739829516865811e-01
7.782499999999981810e+01 6.673549359338254439e-01 3.583338703194890919e-03 2.788733345761417182e-01 4.178785823857226189e-01
7.789999999999980673e+01 6.771600130758093083e-01 3.731921226350425405e-03 2.907166635326974280e-01 4.293175289725076338e-01
7.797499999999980957e+01 6.829598460684277450e-01 3.826888229099607418e-03 2.984016096640411675e-01 4.369240906062630270e-01
7.804999999999981242e+01 6.812487132184421590e-01 3.797308909796541163e-03 2.963799604096193363e-01 4.350539746481476566e-01
7.812499999999980105e+01 6.773613333045377383e-01 3.715987791008951505e-03 2.903115461725735980e-01 4.285918488383085867e-01
7.819999999999980389e+01 6.793243517851886848e-01 3.748680018356874942e-03 2.931467774355068778e-01 4.315269674422090307e-01
7.827499999999980673e+01 6.695197853069819738e-01 3.593722893316693770e-03 2.812986594743634994e-01 4.201498830171016552e-01
7.834999999999980957e+01 6.766569987565569377e-01 3.704138768646246527e-03 2.902192725234327142e-01 4.289016045895445162e-01
7.842499999999981242e+01 6.777057180884877852e-01 3.718610771572673172e-03 2.916320497605862094e-01 4.303225455779730035e-01
7.849999999999980105e+01 6.829711457845131228e-01 3.800056882988302707e-03 2.983044653145809910e-01 4.367746238707135853e-01
7.857499999999980389e+01 6.749382113220041557e-01 3.663116798317809543e-03 2.878294024278211793e-01 4.264529665079246357e-01
7.864999999999980673e+01 6.829083173008355656e-01 3.792022579257281825e-03 2.982425758585844910e-01 4.367241814206845318e-01
7.872499999999980957e+01 6.764448022098644708e-01 3.683387360787737132e-03 2.899746699780139103e-01 4.286745482125093876e-01
7.879999999999981242e+01 6.822160985519798437e-01 3.773720537249313986e-03 2.973691783352452322e-01 4.358870729764637852e-01
7.887499999999980105e+01 6.828780805957634925e-01 3.780479560084483350e-03 2.981853253016628624e-01 4.366596816836132433e-01
7.894999999999980389e+01 6.770277216069279236e-01 3.676511020265474123e-03 2.902605450499584627e-01 4.287277105301152691e-01
7.902499999999980673e+01 6.829264411162835335e-01 3.773282341819687771e-03 2.981836370623001109e-01 4.366262881473755297e-01
7.909999999999980957e+01 6.764473360864008411e-01 3.664436230800627824e-03 2.898569058563289502e-01 4.284988503810240323e-01
7.917499999999979821e+01 6.830188565385160171e-01 3.766414021394901088e-03 2.982058301439405312e-01 4.365997033452684306e-01
7.924999999999980105e+01 6.830719225877804890e-01 3.763043345187992977e-03 2.982211851061477015e-01 4.365882643460927692e-01
7.932499999999980389e+01 6.636078424997992053e-01 3.448429804441702305e-03 2.735466942373373511e-01 4.122113644813052979e-01
7.939999999999980673e+01 6.801343101917772804e-01 3.703063213331664761e-03 2.940232191385334648e-01 4.323017009032051883e-01
7.947499999999980957e+01 6.683552255607162484e-01 3.565605716571761032e-03 2.833765143245400298e-01 4.239908711520904983e-01
7.954999999999979821e+01 6.832174968721339559e-01 3.749293504913300736e-03 2.982562983158523195e-01 4.365466336581128592e-01
7.962499999999980105e+01 6.824666453328964710e-01 3.736693832091964040e-03 2.975342463803218873e-01 4.359689201150473425e-01
7.969999999999980389e+01 6.832033763634217660e-01 3.741967880097466382e-03 2.982348400437673241e-01 4.365242479204682891e-01
7.977499999999980673e+01 6.813479482239608309e-01 3.710684558125574087e-03 2.960198606244669461e-01 4.344621003058549702e-01
7.984999999999980957e+01 6.825395100675686333e-01 3.727143803807766911e-03 2.976124327340494702e-01 4.360369302351259635e-01
7.992499999999979821e+01 6.830769703625925171e-01 3.730422771088279330e-03 2.981540399792299567e-01 4.364867400242803397e-01
7.999999999999980105e+01 6.830213858124020154e-01 3.726512538531615969e-03 2.981210030825285351e-01 4.364738927287558634e-01
8.007499999999980389e+01 6.829673745550564057e-01 3.722621817328491088e-03 2.980889420225781850e-01 4.364614667234710810e-01
8.014999999999980673e+01 6.771529933879459895e-01 3.620788011580587402e-03 2.902061591281833719e-01 4.285680813079151830e-01
8.022499999999980957e+01 6.632904357531619333e-01 3.464741796014287820e-03 2.779589105852455777e-01 4.190606340789839179e-01
8.029999999999979821e+01 6.828604469986520042e-01 3.711357077838050439e-03 2.980219733503947088e-01 4.364317404240913856e-01
8.037499999999980105e+01 6.796808898316184511e-01 3.654270539363884979e-03 2.937119946013715399e-01 4.321321946746724540e-01
8.044999999999980389e+01 6.811305694863969418e-01 3.687346754019098227e-03 2.966470463608357200e-01 4.355215573197969148e-01
8.052499999999980673e+01 6.262562422200799173e-01 3.394147278487530481e-03 2.733137096002077326e-01 4.364247270914377586e-01
8.059999999999979536e+01 5.569644806019090622e-01 2.983817276316315034e-03 2.404956724710943794e-01 4.317971447859507705e-01
8.067499999999979821e+01 6.718829533775293461e-01 3.634779161939274365e-03 2.932358088894502224e-01 4.364388282443620315e-01
8.074999999999980105e+01 6.675769422797842578e-01 3.434065777605209858e-03 2.773008115416200070e-01 4.153840463612089584e-01
8.082499999999980389e+01 6.760618579961368280e-01 3.569640342614134772e-03 2.885161806917867500e-01 4.267600327978203767e-01
8.089999999999980673e+01 6.831065226309919192e-01 3.685669318775048383e-03 2.981706478889006862e-01 4.364921692454249991e-01
8.097499999999979536e+01 6.832217489226707352e-01 3.685363353446251527e-03 2.984222975453094673e-01 4.367868821738663532e-01
8.104999999999979821e+01 5.495325113549478502e-01 2.959865566458362747e-03 2.398971041614497146e-01 4.365476094761899795e-01
8.112499999999980105e+01 6.775874146775073825e-01 3.578822554655002215e-03 2.903319797463863594e-01 4.284790027934147205e-01
8.119999999999980389e+01 6.494986366601517291e-01 3.147288880413880510e-03 2.555598570896064903e-01 3.934725073538952733e-01
8.127499999999980673e+01 6.647367270891935132e-01 3.366760731167315387e-03 2.736334784256229113e-01 4.116418835827422296e-01
8.134999999999979536e+01 6.831821718931627707e-01 3.667334099020049497e-03 2.983376289552802652e-01 4.366882527519099777e-01
8.142499999999979821e+01 6.831702079502556257e-01 3.664203006503395470e-03 2.983577298045382298e-01 4.367253231075656772e-01
8.149999999999980105e+01 6.831586416112952476e-01 3.661072539992231943e-03 2.983774120093661830e-01 4.367615277552727715e-01
8.157499999999978968e+01 6.791087053878903657e-01 3.584846043677352139e-03 2.924338160129792419e-01 4.306141471797922948e-01
8.164999999999980673e+01 6.831497642536270565e-01 3.654857421347577559e-03 2.984191084530289917e-01 4.368282389426947354e-01
8.172499999999979536e+01 6.831574161604608841e-01 3.651787760908846003e-03 2.984423547602746973e-01 4.368573738650246563e-01
8.179999999999978400e+01 6.614130217577400828e-01 3.297897508928633332e-03 2.697680162303615070e-01 4.078662006282227637e-01
8.187499999999980105e+01 6.773215037371210778e-01 3.543950333835692301e-03 2.901609335827965985e-01 4.283946869866581686e-01
8.194999999999978968e+01 6.787985597218277878e-01 3.566518668547242598e-03 2.922762048874457674e-01 4.305787051275135058e-01
8.202499999999980673e+01 6.820127182729608384e-01 3.618176719562404744e-03 2.967809454221055354e-01 4.351545615947375323e-01
8.209999999999979536e+01 6.833235734111778870e-01 3.636710222183766206e-03 2.985739092412864615e-01 4.369436689426560716e-01
8.217499999999978400e+01 6.821648662763807325e-01 3.614156867397408119e-03 2.969933405783812264e-01 4.353688606092088742e-01
8.224999999999980105e+01 6.834092236060780312e-01 3.630576272683971699e-03 2.986148984282559482e-01 4.369488852558708336e-01
8.232499999999978968e+01 6.834438427856164289e-01 3.627429301426039233e-03 2.986281172398979056e-01 4.369460935118438805e-01
8.239999999999980673e+01 6.642320230851963547e-01 3.522205801131436838e-03 2.902297580132296995e-01 4.369403279673012563e-01
8.247499999999979536e+01 6.834856058229324960e-01 3.620937641824506590e-03 2.986368320094754392e-01 4.369321452642880299e-01
8.254999999999978400e+01 6.467512483209572061e-01 3.058435975102243281e-03 2.524738897446895391e-01 3.903724815377498381e-01
8.262499999999980105e+01 6.834875405432843110e-01 3.614198712084655020e-03 2.986231685859939144e-01 4.369109177156719759e-01
8.269999999999978968e+01 6.628834989734017080e-01 3.501973179756966061e-03 2.896131819659003570e-01 4.368990665998175871e-01
8.277499999999979252e+01 6.834607776311691918e-01 3.607311622607306621e-03 2.985952195613190696e-01 4.368871328596657388e-01
8.284999999999979536e+01 6.834437329309119846e-01 3.603861061285792717e-03 2.985798889275271817e-01 4.368755971279204564e-01
8.292499999999978400e+01 4.852851709005308045e-01 2.556575651318452897e-03 2.120040358855821427e-01 4.368648551369741506e-01
8.299999999999978684e+01 6.598082491071389777e-01 3.227045539658408672e-03 2.678447797916472251e-01 4.059433633242661710e-01
8.307499999999978968e+01 6.834172442690003013e-01 3.593724390994782088e-03 2.985486537818907715e-01 4.368468256917129589e-01
8.314999999999979252e+01 6.834250873816681837e-01 3.590466330077942032e-03 2.985472753459801343e-01 4.368397954043092835e-01
8.322499999999979536e+01 6.726890356552663874e-01 3.419966241158220975e-03 2.846266904203922365e-01 4.231177785485047416e-01
8.329999999999978400e+01 6.834713222974202473e-01 3.584158874087322103e-03 2.985604342114731580e-01 4.368294974072828851e-01
8.337499999999978684e+01 5.711356188999506811e-01 2.992345336511266322e-03 2.494867924316261920e-01 4.368258329119030225e-01
8.344999999999978968e+01 6.835496878817207689e-01 3.578071337960048778e-03 2.985900531527653223e-01 4.368227481429738934e-01
8.352499999999979252e+01 6.835941538308042409e-01 3.575067321714565493e-03 2.986074980462083417e-01 4.368198533776759263e-01
8.359999999999979536e+01 6.836373790837438902e-01 3.572060247493153741e-03 2.986242366904269252e-01 4.368167186684012160e-01
8.367499999999978400e+01 6.836756808275937791e-01 3.569027247236296763e-03 2.986383549124963510e-01 4.368128972365855067e-01
8.374999999999978684e+01 5.189838672156052990e-01 2.706821240086325700e-03 2.266962788572292054e-01 4.368079494907519122e-01
8.382499999999978968e+01 6.837249087114529722e-01 3.562803970532919026e-03 2.986520428299211938e-01 4.368014665324397861e-01
8.389999999999979252e+01 6.691515198473352299e-01 3.355006792237079545e-03 2.814850698686902630e-01 4.206596884557778360e-01
8.397499999999978115e+01 6.837250601565061370e-01 3.556286631593416538e-03 2.986391698880563883e-01 4.367825421225561278e-01
8.404999999999978400e+01 6.837061220010900442e-01 3.552909738939017108e-03 2.986220635578236138e-01 4.367696206724144270e-01
8.412499999999978684e+01 6.342506856317974284e-01 2.842032366808267766e-03 2.390859728577449106e-01 3.769581622439772683e-01
8.419999999999978968e+01 6.836387197394253601e-01 3.545960879681758337e-03 2.985699060692033058e-01 4.367363893358844895e-01
8.427499999999979252e+01 6.835962365533470031e-01 3.542421372911887592e-03 2.985375612021485825e-01 4.367162152725676538e-01
8.434999999999978115e+01 6.835526341164751551e-01 3.538865376563240205e-03 2.985032945131085302e-01 4.366939422286602035e-01
8.442499999999978400e+01 6.835114915431721450e-01 3.535314157460763083e-03 2.984688977436241730e-01 4.366699045099700083e-01
8.449999999999978684e+01 6.834759787269173437e-01 3.531787523950594056e-03 2.984360457738244321e-01 4.366445274780673125e-01
8.457499999999978968e+01 6.834485482973142734e-01 3.528302121268896054e-03 2.984061519063161416e-01 4.366183125997412651e-01
8.464999999999979252e+01 6.834306974525730105e-01 3.524870072229431463e-03 2.983802516142206596e-01 4.365918193701372463e-01
8.472499999999978115e+01 6.834228409774896207e-01 3.521498179272875700e-03 2.983589332388936199e-01 4.365656447948904617e-01
8.479999999999978400e+01 6.834242908931426053e-01 3.518187668488419444e-03 2.983423142878172118e-01 4.365404014216766604e-01
8.487499999999978684e+01 6.834333548563004124e-01 3.514934541035896146e-03 2.983300691704209306e-01 4.365166947889866922e-01
8.494999999999978968e+01 6.834475372225727874e-01 3.511730452705368651e-03 2.983215019573203231e-01 4.364951012474983516e-01
8.502499999999979252e+01 6.468388919108436497e-01 3.320549806361487461e-03 2.823297472858847801e-01 4.364761470230200668e-01
8.509999999999978115e+01 6.834790237941931190e-01 3.505422474096971542e-03 2.983114525456515009e-01 4.364602894316154114e-01
8.517499999999978400e+01 6.834901086373508239e-01 3.502293197993982827e-03 2.983078231391367297e-01 4.364479008099504398e-01
8.524999999999978684e+01 6.834945634702842554e-01 3.499165498238053940e-03 2.983038587247933693e-01 4.364392559470042787e-01
8.532499999999978968e+01 6.834906563924519896e-01 3.496031863819296179e-03 2.982989187803807285e-01 4.364345232674272657e-01
8.539999999999977831e+01 6.729919868813101225e-01 3.325488004395311947e-03 2.839966755753589034e-01 4.219911694512418765e-01
8.547499999999978115e+01 6.834558353907174144e-01 3.489737989051543490e-03 2.982853546141799317e-01 4.364369124797309318e-01
8.554999999999978400e+01 6.834266214564500563e-01 3.486584734613122974e-03 2.982773240461519260e-01 4.364438180802692191e-01
8.562499999999978684e+01 6.222382339296345100e-01 2.656513689312904603e-03 2.274639846474169058e-01 3.655577112497712111e-01
8.569999999999978968e+01 2.468470677838425220e-01 1.257185344514120647e-03 1.077407840248598703e-01 4.364677490080847710e-01
8.577499999999977831e+01 6.833206855598933371e-01 3.477219959719222205e-03 2.982585420449155311e-01 4.364839940423156373e-01
8.584999999999978115e+01 6.832902100891515840e-01 3.474174243210438780e-03 2.982578587796154146e-01 4.365024617295490406e-01
8.592499999999978400e+01 6.832675589375023506e-01 3.471187042601880501e-03 2.982617466355658165e-01 4.365226224107143227e-01
8.599999999999978684e+01 6.817101010102093461e-01 3.441681624610230111e-03 2.959846197164790471e-01 4.341796010912362114e-01
8.607499999999978968e+01 6.832548448775239702e-01 3.465416231469641006e-03 2.982857021237486084e-01 4.365658060971634447e-01
8.614999999999977831e+01 6.832669510383140299e-01 3.462634535921412741e-03 2.983059652696289366e-01 4.365877272657689434e-01
8.622499999999978115e+01 6.832909806008420350e-01 3.459914291502540554e-03 2.983311097848058147e-01 4.366091727458083493e-01
8.629999999999978400e+01 6.833252854737550397e-01 3.457243297967655792e-03 2.983600966146079392e-01 4.366296739740172517e-01
8.637499999999977263e+01 6.833672891442243991e-01 3.454605160006386528e-03 2.983915206955508603e-01 4.366488203865073192e-01
8.644999999999978968e+01 6.834137349449525001e-01 3.451980636771298343e-03 2.984237260488780130e-01 4.366662693323180022e-01
8.652499999999977831e+01 6.834610069126876297e-01 3.449349328283844978e-03 2.984549506297589083e-01 4.366817530350881049e-01
8.659999999999976694e+01 6.835054580181341155e-01 3.446691368277766780e-03 2.984834724928537852e-01 4.366950826674081965e-01
8.667499999999978400e+01 6.835437816764816654e-01 3.443989300820184465e-03 2.985077726485887428e-01 4.367061491166797094e-01
8.674999999999977263e+01 6.835733154916361354e-01 3.441229585579173335e-03 2.985266665489925142e-01 4.367149211116991836e-01
8.682499999999978968e+01 6.835922978259171279e-01 3.438403836022104008e-03 2.985394130626184417e-01 4.367214405605315264e-01
8.689999999999977831e+01 6.836000269669223472e-01 3.435509544010588966e-03 2.985457793745194266e-01 4.367258156778354161e-01
8.697499999999976694e+01 6.835969181339904832e-01 3.432550272244811688e-03 2.985460599284917027e-01 4.367282122093685270e-01
8.704999999999978400e+01 6.835844523403086237e-01 3.429535291994006280e-03 2.985410471680775002e-01 4.367288432994594904e-01
8.712499999999977263e+01 6.835650165481713669e-01 3.426478670155480750e-03 2.985319541372954966e-01 4.367279584388410463e-01
8.719999999999978968e+01 6.835416617948150142e-01 3.423397947067112999e-03 2.985203009842515298e-01 4.367258320442523600e-01
8.727499999999977831e+01 5.837861308347799261e-01 2.223925256881157698e-03 1.940930767943025437e-01 3.324729152382582820e-01
8.734999999999976694e+01 6.834968357060052790e-01 3.417241683812790361e-03 2.984960610810464265e-01 4.367190094928830035e-01
8.742499999999978400e+01 6.834818896881037498e-01 3.414203223519743716e-03 2.984867168162128603e-01 4.367148878698491887e-01
8.749999999999977263e+01 6.834754374876825800e-01 3.411211499099475221e-03 2.984810061712033225e-01 4.367106552773266093e-01
8.757499999999977547e+01 6.834791042096827196e-01 3.408276406342079356e-03 2.984798062854068235e-01 4.367065568603499259e-01
8.764999999999977831e+01 6.783281021715046322e-01 3.325786817744143514e-03 2.915052145752734525e-01 4.297407311330452839e-01
8.772499999999976694e+01 6.835182395357064511e-01 3.402589223131907616e-03 2.984921395992458093e-01 4.366995967832586478e-01
8.779999999999976978e+01 6.458653910961180689e-01 2.880889275840114398e-03 2.529420784187613735e-01 3.916328106534483489e-01
8.787499999999977263e+01 6.835921219476479571e-01 3.397115156514926917e-03 2.985214943787484199e-01 4.366953403854620941e-01
8.794999999999977547e+01 6.836361819678971052e-01 3.394430401804029215e-03 2.985401538386636133e-01 4.366944900126464857e-01
8.802499999999977831e+01 6.836808887756153919e-01 3.391760610751758803e-03 2.985597277614228107e-01 4.366945641790644372e-01
8.809999999999976694e+01 6.837231119929577661e-01 3.389090350762787290e-03 2.985788599022007883e-01 4.366955784657987616e-01
8.817499999999976978e+01 6.837600522368748601e-01 3.386405667790262641e-03 2.985963197574056371e-01 4.366975209805953884e-01
8.824999999999977263e+01 6.837895167863428103e-01 3.383695470243128223e-03 2.986111252489552781e-01 4.367003557649735690e-01
8.832499999999977547e+01 6.838101280961768058e-01 3.380952574714999551e-03 2.986226361617015934e-01 4.367040262961721098e-01
8.839999999999977831e+01 6.838214455566618000e-01 3.378174315956746290e-03 2.986306095305756303e-01 4.367084587226958137e-01
8.847499999999976694e+01 6.838239908523501276e-01 3.375362675521870453e-03 2.986352127167967163e-01 4.367135647647633068e-01
8.854999999999976978e+01 6.838191737083521016e-01 3.372523914455993668e-03 2.986369926250774798e-01 4.367192440737933112e-01
8.862499999999977263e+01 6.838091254142464326e-01 3.369667748894299673e-03 2.986368042457565597e-01 4.367253859983875053e-01
8.869999999999977547e+01 6.837964629806273509e-01 3.366806183660469610e-03 2.986357084906828829e-01 4.367318707513460074e-01
8.877499999999976410e+01 6.837839930598498261e-01 3.363952050311849219e-03 2.986348432664336361e-01 4.367385699248079733e-01
8.884999999999976694e+01 6.837744243549265244e-01 3.361117592173760386e-03 2.986352980646378441e-01 4.367453467514095244e-01
8.892499999999976978e+01 6.837700585260868547e-01 3.358312946135919626e-03 2.986379787351358672e-01 4.367520557698453265e-01
8.899999999999977263e+01 6.837725511053379668e-01 3.355544976071994732e-03 2.986435028704067518e-01 4.367585425703927049e-01
8.907499999999977547e+01 6.837827264473393951e-01 3.352816376791065579e-03 2.986521187626633989e-01 4.367646435211078870e-01
8.914999999999976410e+01 6.838004864678528527e-01 3.350125244390431741e-03 2.986636655374061977e-01 4.367701858185897845e-01
8.922499999999976694e+01 6.838248105735841298e-01 3.347465099082022090e-03 2.986775734655926495e-01 4.367749880485697345e-01
8.929999999999976978e+01 6.838538544113609285e-01 3.344825396318305919e-03 2.986929078912239355e-01 4.367788613962394484e-01
8.937499999999977263e+01 6.838851324310122326e-01 3.342192451894213795e-03 2.987084503880446107e-01 4.367816117397130271e-01
8.944999999999977547e+01 6.839157665156946342e-01 3.339550692342427470e-03 2.987228094300293790e-01 4.367830426719285786e-01
8.952499999999976410e+01 6.839427786282959998e-01 3.336884121431654259e-03 2.987345509711680780e-01 4.367829594901272428e-01
8.959999999999976694e+01 6.839633892082090938e-01 3.334177815290848088e-03 2.987423322500591949e-01 4.367811742027574717e-01
8.967499999999976978e+01 6.839753038871136948e-01 3.331419359378318297e-03 2.987450310522499208e-01 4.367775113435325429e-01
8.974999999999977263e+01 6.839769457969503419e-01 3.328600019279854324e-03 2.987418517303661591e-01 4.367718145562358156e-01
8.982499999999977547e+01 6.839676202914503067e-01 3.325715580405694781e-03 2.987324020099407784e-01 4.367639536541887413e-01
8.989999999999976410e+01 6.839475895068218847e-01 3.322766746849956012e-03 2.987167305418102492e-01 4.367538319086812781e-01
8.997499999999976694e+01 6.839180505310368252e-01 3.319759069080387495e-03 2.986953222405070996e-01 4.367413932247896646e-01
9.004999999999976978e+01 6.838810259613191667e-01 3.316702443547579673e-03 2.986690550414587975e-01 4.367266289068703067e-01
9.012499999999977263e+01 6.838391621268470333e-01 3.313610160405637377e-03 2.986391157065573232e-01 4.367095835484806621e-01
9.019999999999976126e+01 6.837954757622782820e-01 3.310497697956936956e-03 2.986068923557149146e-01 4.366903598226287153e-01
9.027499999999976410e+01 6.837530591288697446e-01 3.307381310537554301e-03 2.985738478087769376e-01 4.366691217282049342e-01
9.034999999999976694e+01 6.837147777781871216e-01 3.304276574322265181e-03 2.985413884900158799e-01 4.366460959936566133e-01
9.042499999999976978e+01 6.836829968976312344e-01 3.301197064756684462e-03 2.985107445806224336e-01 4.366215715985091728e-01
9.049999999999977263e+01 6.836593550121339291e-01 3.298153251462581509e-03 2.984828692573628928e-01 4.365958968733270051e-01
9.057499999999976126e+01 -2.366841929509345410e-01 -1.140812517047077408e-03 -1.033290937315387570e-01 4.365694744682812045e-01
9.064999999999976410e+01 6.836386034345747209e-01 3.292195021691005693e-03 2.984374787162888953e-01 4.365427540471678580e-01
9.072499999999976694e+01 6.836402469681378546e-01 3.289281436121172398e-03 2.984200582920926159e-01 4.365162226998038908e-01
9.079999999999976978e+01 6.836476919763992965e-01 3.286405838634207273e-03 2.984056501479852574e-01 4.364903935904558829e-01
9.087499999999977263e+01 6.836585223631914676e-01 3.283560483364638717e-03 2.983935589257608045e-01 4.364657927386154102e-01
9.094999999999976126e+01 6.836700131891546572e-01 3.280736160215754101e-03 2.983829537716220504e-01 4.364429447179319910e-01
9.102499999999976410e+01 6.836794326963708812e-01 3.277923534546040973e-03 2.983729897320526181e-01 4.364223574128829330e-01
9.109999999999976694e+01 6.836843351439780836e-01 3.275114433553557615e-03 2.983629248967283321e-01 4.364045065240461652e-01
9.117499999999975557e+01 6.836828312196033819e-01 3.272303020369473747e-03 2.983522278821859608e-01 4.363898203352034599e-01
9.124999999999977263e+01 6.836737972398836405e-01 3.269486675147407432e-03 2.983406591072002012e-01 4.363786652518439335e-01
9.132499999999976126e+01 6.836570098563294895e-01 3.266666526254540046e-03 2.983283205101950886e-01 4.363713327138835085e-01
9.139999999999974989e+01 6.836331865803368935e-01 3.263847543797330792e-03 2.983156655030752002e-01 4.363680279994990308e-01
9.147499999999976694e+01 6.836039300453584655e-01 3.261038191683968135e-03 2.983034685842902434e-01 4.363688613734231225e-01
9.154999999999975557e+01 6.835715792629176724e-01 3.258249659403425480e-03 2.982927563183828124e-01 4.363738419903681054e-01
9.162499999999977263e+01 6.835389865421832578e-01 3.255494766978084178e-03 2.982847080243662408e-01 4.363828748573629346e-01
9.169999999999976126e+01 6.835092335194826729e-01 3.252786609926987087e-03 2.982805321303039214e-01 4.363957610263969888e-01
9.177499999999974989e+01 6.834853217181616758e-01 3.250137114478586931e-03 2.982813336812715210e-01 4.364122011156652547e-01
9.184999999999976694e+01 6.834698705678371455e-01 3.247555659670107661e-03 2.982879873406986126e-01 4.364318021698255778e-01
9.192499999999975557e+01 6.834648400115934663e-01 3.245047844701223500e-03 2.983010231241591814e-01 4.364540875564266731e-01
9.199999999999977263e+01 6.834713209000771172e-01 3.242614604470930341e-03 2.983205436113248732e-01 4.364785097616978859e-01
