# tau eta power W_out Q_hot
2.450000000000000000e+01 5.080531963688752484e-01 6.234839469051533557e-03 1.527535669917625683e-01 3.006645132508031226e-01
2.457499999999999929e+01 6.414124376517493786e-01 1.100680137228983967e-02 2.704921437240228599e-01 4.217132812614475257e-01
2.464999999999999858e+01 6.440514491946641717e-01 1.103777021737738923e-02 2.720810358583526378e-01 4.224523307859467391e-01
2.472500000000000142e+01 4.735158725439596594e-01 8.088054574285468909e-03 1.999771493492081831e-01 4.223240675646896536e-01
2.479999999999999716e+01 2.606956519658499283e-01 2.070657088814419414e-03 5.135229580259759175e-02 1.969817885927937773e-01
2.487500000000000000e+01 6.489694477360175018e-01 1.106390910661285594e-02 2.752147390269947813e-01 4.240796542689392878e-01
2.494999999999999929e+01 6.494523880277996986e-01 1.104721598293075153e-02 2.756280387741222304e-01 4.244006856470655120e-01
2.502499999999999858e+01 4.683919976132995822e-01 7.947471493383082008e-03 1.988854741219115985e-01 4.246133049568232565e-01
2.509999999999999787e+01 6.490011250371020557e-01 1.098201079424852497e-02 2.756484709356379348e-01 4.247272620981661362e-01
2.517499999999999716e+01 6.084753112219368765e-01 9.370015188535210648e-03 2.358901323713739062e-01 3.876741225501172949e-01
2.524999999999999645e+01 6.531541139202892143e-01 1.105085493781203174e-02 2.790340871797537536e-01 4.272101809249371218e-01
2.532499999999999574e+01 6.468961118812116551e-01 1.084689253911503073e-02 2.746975535530881141e-01 4.246393640460314201e-01
2.539999999999999858e+01 4.820075291883765822e-01 8.056261167562623823e-03 2.046290336560906420e-01 4.245349320593666542e-01
2.547499999999999432e+01 6.462624670478486211e-01 1.076714395798272945e-02 2.742929923296100192e-01 4.244297113254785758e-01
2.554999999999999716e+01 6.464616798846914980e-01 1.073669716772868502e-02 2.743226126354678662e-01 4.243447387080985234e-01
2.562499999999999645e+01 6.470257755851864800e-01 1.071345195971050782e-02 2.745322064675816964e-01 4.242987170322354284e-01
2.569999999999999574e+01 5.976870626548042020e-01 8.657460919672184396e-03 2.224967456355750883e-01 3.722629441689599972e-01
2.577499999999999503e+01 6.471412984398404733e-01 1.065828163318699451e-02 2.747172090953947654e-01 4.245088510927926828e-01
2.584999999999999432e+01 6.502842510575679302e-01 1.067943983226918303e-02 2.760635196641583189e-01 4.245274573622099812e-01
2.592499999999999716e+01 6.515435230736754679e-01 1.067471516215416465e-02 2.767419905788466306e-01 4.247482797055647796e-01
2.599999999999999289e+01 4.493219062062230873e-01 6.762036793292870544e-03 1.758129566256145804e-01 3.912850769063606626e-01
2.607499999999999574e+01 6.536483507972459250e-01 1.066387200394859971e-02 2.780604625029596821e-01 4.253976349268121515e-01
2.614999999999999503e+01 6.543363624462664729e-01 1.065474716126034449e-02 2.786216382669579605e-01 4.258079701169566467e-01
2.622499999999999432e+01 6.547357778094528014e-01 1.064198794016765239e-02 2.790861337308966350e-01 4.262576495584740055e-01
2.629999999999999361e+01 4.818439475867861144e-01 5.385178547400611831e-03 1.416301957966360492e-01 2.939337445369212265e-01
2.637499999999999289e+01 5.814112900437427012e-01 7.936072813273473484e-03 2.093139204500877870e-01 3.600100721028998141e-01
2.644999999999999218e+01 6.365930753058374192e-01 9.884453798060723051e-03 2.614438029587060619e-01 4.106921879932499131e-01
2.652499999999999147e+01 6.542408769179532957e-01 1.055947710845916467e-02 2.800901303018792365e-01 4.281146901449336406e-01
2.659999999999999432e+01 4.873180240537750563e-01 5.424539509878875156e-03 1.442927509627780491e-01 2.960956579493466134e-01
2.667499999999999005e+01 5.703935120466117059e-01 7.406336569307061905e-03 1.975640279862658222e-01 3.463644375571389711e-01
2.674999999999999289e+01 6.151818509828262949e-01 8.685856061777843737e-03 2.323466496525572467e-01 3.776877508355550583e-01
2.682499999999999218e+01 6.148059093656030871e-01 9.840143514902040256e-03 2.639618497872471270e-01 4.293417577258166196e-01
2.689999999999999147e+01 6.546089930636262988e-01 1.041697281405731985e-02 2.802165686981418213e-01 4.280670929782131595e-01
2.697499999999999076e+01 4.729931398961815803e-01 5.031425419382280599e-03 1.357227006878369835e-01 2.869443322531635143e-01
2.704999999999999005e+01 4.741291862170801119e-01 4.846500279738575299e-03 1.310978325669284184e-01 2.765023465712259654e-01
2.712499999999999289e+01 6.584835893859417588e-01 1.036911336843910660e-02 2.812622001189106768e-01 4.271362333891983720e-01
2.719999999999998863e+01 6.590223821326074427e-01 1.040564524329312332e-02 2.830335506175728488e-01 4.294748680639214888e-01
2.727499999999999147e+01 6.618993903282422986e-01 1.047194247538318218e-02 2.856222310160762001e-01 4.315191027361928722e-01
2.734999999999999076e+01 6.404337365241425939e-01 9.533054624306402589e-03 2.607290439747800281e-01 4.071132251555759085e-01
2.742499999999999005e+01 5.360404166225973821e-01 8.388625416802538912e-03 2.300580520558095365e-01 4.291804217027600510e-01
2.749999999999998934e+01 5.520187358607743233e-01 6.597617359291134236e-03 1.814344773805061095e-01 3.286744916322297261e-01
2.757499999999998863e+01 6.352135462772365848e-01 9.083216385120398972e-03 2.504696918196949174e-01 3.943078564486065529e-01
2.764999999999998792e+01 3.219556831381203965e-01 2.523218451777068261e-03 6.976699019163590254e-02 2.166974954801638154e-01
2.772499999999998721e+01 6.337562402388660088e-01 9.022787610453596521e-03 2.501567864998258672e-01 3.947208257950098886e-01
2.779999999999999005e+01 6.620921118421677631e-01 1.022122662647577743e-02 2.841501002160264910e-01 4.291700431612502920e-01
2.787499999999998579e+01 6.620389382131919298e-01 1.019618949338496963e-02 2.842187821281059179e-01 4.293082562412376957e-01
2.794999999999998863e+01 6.621069325642404690e-01 1.017426727043743359e-02 2.843707702087261424e-01 4.294937210631535884e-01
2.802499999999998792e+01 6.239469291502558468e-01 8.666581027927890493e-03 2.428809333076790145e-01 3.892653717175192929e-01
2.809999999999998721e+01 6.628128060140467959e-01 1.014222458885107557e-02 2.849965109467150759e-01 4.299803931981893701e-01
2.817499999999998650e+01 6.231201006632344219e-01 8.355216167341583677e-03 2.354082155148490285e-01 3.777894747164889377e-01
2.824999999999998579e+01 6.211796452199028762e-01 8.248116176693656015e-03 2.330092819915956515e-01 3.751077225157762318e-01
2.832499999999998863e+01 5.593301684223556114e-01 6.383124874047707044e-03 1.808020120574012068e-01 3.232473810010474402e-01
2.839999999999998437e+01 6.664499336253432160e-01 1.011716292469057137e-02 2.873274270612120596e-01 4.311313011889927327e-01
2.847499999999998721e+01 5.524106864055007282e-01 6.177708857238612197e-03 1.759102597098693987e-01 3.184410874715434270e-01
2.854999999999998650e+01 6.685122686485757137e-01 1.010648212937318748e-02 2.885400647936043894e-01 4.316152123533942842e-01
2.862499999999998579e+01 5.377031748822211910e-01 8.111136201275090038e-03 2.321812737614993294e-01 4.318019394480169248e-01
2.869999999999998508e+01 6.664438807365826722e-01 1.000163719593955697e-02 2.870469875234651358e-01 4.307144169531699207e-01
2.877499999999998437e+01 5.434919261738668794e-01 8.210315458267707783e-03 2.362518273116531731e-01 4.346924322774108340e-01
2.884999999999998366e+01 5.309732081626894473e-01 7.607423559398285816e-03 2.194741696886404192e-01 4.133432088750396138e-01
2.892499999999998295e+01 6.703831225884382405e-01 1.001476240846356502e-02 2.896770026648084473e-01 4.321066460419336064e-01
2.899999999999998579e+01 6.701296205351525703e-01 9.984531787706037165e-03 2.895514218434749321e-01 4.320827090320895625e-01
2.907499999999998508e+01 6.383881349408071504e-01 8.609686126728278988e-03 2.503266241346245868e-01 3.921229271559620311e-01
2.914999999999998437e+01 6.686575384300601499e-01 9.903194395848562842e-03 2.886781166389854603e-01 4.317279026222785032e-01
2.922499999999998010e+01 6.602730628970108206e-01 9.464017207382765390e-03 2.765859028857611257e-01 4.188962391896076665e-01
2.929999999999998295e+01 6.655501632272776691e-01 9.707112730401694367e-03 2.844184030007694819e-01 4.273432998973570873e-01
2.937499999999998579e+01 6.470029711835586506e-01 8.878615577317190005e-03 2.608093325836923215e-01 4.031037633514964469e-01
2.944999999999998153e+01 6.687025700383151250e-01 9.802081563956828100e-03 2.886713020585284228e-01 4.316886385556858441e-01
2.952499999999998082e+01 6.554256958972084490e-01 9.582581691276660651e-03 2.829257244349432376e-01 4.316671229187128978e-01
2.959999999999998010e+01 6.626888604358048829e-01 9.511099502490755891e-03 2.815285452737261718e-01 4.248276409665076025e-01
2.967499999999998295e+01 6.697297255097154345e-01 9.743435994634307151e-03 2.891364631407729036e-01 4.317211139474479431e-01
2.974999999999998224e+01 5.873436229589368285e-01 7.883763099656800402e-03 2.345419522147896840e-01 3.993266344379587940e-01
2.982499999999998153e+01 6.548461107528699143e-01 9.086118399662869438e-03 2.709934812699449358e-01 4.138277326842279003e-01
2.989999999999998082e+01 3.966403715454294154e-01 3.628381295011599752e-03 1.084886007208467618e-01 2.735188057084122493e-01
2.997499999999998010e+01 5.602499310352972994e-01 7.835770537691773632e-03 2.348772218673107481e-01 4.192365029537377108e-01
3.004999999999997939e+01 6.716441998187188123e-01 9.664557961985934323e-03 2.904199667576771171e-01 4.324015108536087837e-01
3.012499999999997868e+01 6.598826288221255609e-01 9.110254283321916197e-03 2.744464102850725506e-01 4.159018563270148738e-01
3.019999999999998153e+01 6.716028246736046592e-01 9.624484873854848715e-03 2.906594431904162557e-01 4.327847241138021994e-01
3.027499999999998082e+01 6.714218390294556249e-01 9.602147727038804273e-03 2.907050224360996360e-01 4.329692684055608254e-01
3.034999999999998010e+01 6.243847894034436630e-01 8.910884978675684756e-03 2.704453591028068704e-01 4.331389292189495310e-01
3.042499999999997584e+01 6.709475174152820243e-01 9.555072368188546883e-03 2.907130768021363165e-01 4.332873574405073369e-01
3.049999999999997868e+01 6.141429221601586441e-01 8.727065481783733564e-03 2.661754971944036985e-01 4.334096960006801336e-01
3.057499999999998153e+01 6.595672758276157621e-01 8.967983681861312756e-03 2.741961010729094816e-01 4.157212025548903123e-01
3.064999999999997726e+01 6.656917391296486297e-01 9.291179728033442664e-03 2.847746586642248001e-01 4.277875808351629949e-01
3.072499999999997655e+01 5.590533372393983180e-01 7.413801574976357570e-03 2.277890533911484106e-01 4.074549568310767422e-01
3.079999999999997584e+01 -2.045460039924476003e+00 -3.192531902110065222e-03 -9.832998258498992783e-02 4.807230679931568523e-02
3.087499999999997868e+01 6.189496448480411583e-01 8.191907457769544501e-03 2.529251427586345358e-01 4.086360576565649105e-01
3.094999999999997797e+01 5.513704842993809585e-01 6.064954742094477019e-03 1.877103492678239283e-01 3.404432312084041401e-01
3.102499999999997726e+01 6.006041944897082541e-01 8.445221242085590441e-03 2.620129890357052460e-01 4.362490163065203541e-01
3.109999999999997655e+01 5.622803595665156751e-01 7.836853219671584270e-03 2.437261351317860925e-01 4.334601609056454863e-01
3.117499999999997584e+01 6.731252395115580045e-01 9.358198336355526628e-03 2.917418331358833106e-01 4.334138968664744129e-01
3.124999999999997513e+01 5.858119966146720925e-01 8.124075052833247892e-03 2.538773454010387898e-01 4.333768288600463592e-01
3.132499999999997442e+01 5.620876294060581646e-01 7.683140621831503585e-03 2.406743799788716442e-01 4.281794641756933029e-01
3.139999999999997726e+01 5.995723031895802135e-01 6.821501967391388130e-03 2.141951617760894377e-01 3.572465916731356605e-01
3.147499999999997655e+01 6.674646675095819992e-01 9.074277464299576601e-03 2.856128831888289366e-01 4.279071194202631601e-01
3.154999999999997584e+01 6.525494981302669695e-01 8.390963644056580184e-03 2.647349029699849199e-01 4.056932136619872398e-01
3.162499999999997158e+01 6.736679757277537206e-01 9.233807659048425334e-03 2.920191672174061726e-01 4.334763974819229038e-01
3.169999999999997442e+01 6.736236516142422026e-01 9.213168377693415484e-03 2.920574375728810512e-01 4.335617326870981891e-01
3.177499999999997726e+01 6.748759219629270056e-01 9.209869649756651996e-03 2.926436081210174178e-01 4.336257949014414859e-01
3.184999999999997300e+01 5.873841598550796350e-01 7.151848942687635997e-03 2.277863888246010049e-01 3.877979768484067224e-01
3.192499999999997229e+01 5.692753015678166939e-01 7.336245585539152674e-03 2.342096403183372422e-01 4.114171819387044127e-01
3.199999999999997158e+01 6.610895909793789160e-01 8.544371950858904025e-03 2.734199024274847067e-01 4.135897859508324559e-01
3.207499999999997442e+01 6.627348644056186844e-01 8.585892241372222039e-03 2.753924936420137914e-01 4.155394689986661172e-01
3.214999999999997726e+01 6.750860396038815825e-01 9.118483232648860390e-03 2.931592359296606443e-01 4.342546264201773143e-01
3.222499999999997300e+01 6.755864486247172840e-01 9.105988025833912022e-03 2.934404641324975804e-01 4.343492453554250732e-01
3.229999999999996874e+01 6.718218141529324061e-01 8.924608987042961794e-03 2.882648702814873953e-01 4.290793543894471651e-01
3.237499999999997158e+01 6.765305405829877827e-01 9.079220974345535503e-03 2.939397790444364666e-01 4.344811673854949152e-01
3.244999999999997442e+01 6.697270276999981453e-01 8.901110061246787428e-03 2.888410214874580495e-01 4.312817155959896009e-01
3.252499999999997016e+01 6.689864356382171362e-01 8.704294694530340798e-03 2.831071849395990769e-01 4.231882290251716139e-01
3.259999999999997300e+01 6.144486184620184810e-01 7.145125122683178287e-03 2.329310789994714082e-01 3.790895967550618195e-01
3.267499999999996874e+01 6.744758474651457725e-01 8.923504534827587237e-03 2.915755106754911452e-01 4.322994096398071751e-01
3.274999999999997158e+01 6.678603271420641141e-01 8.884618807933388970e-03 2.909712659598182594e-01 4.356768236331010624e-01
3.282499999999996732e+01 6.676459589017851304e-01 8.836298205851710053e-03 2.900514886070820753e-01 4.344390687007070317e-01
3.289999999999997016e+01 6.479552902923272351e-01 8.239653335322132469e-03 2.710845947320978944e-01 4.183692899702958767e-01
3.297499999999997300e+01 6.649032124277369782e-01 8.401706760512607855e-03 2.770462804279030244e-01 4.166715925710961499e-01
3.304999999999996874e+01 6.677884278306942534e-01 8.521824527137933022e-03 2.816463006219084297e-01 4.217597803196954653e-01
3.312499999999997158e+01 6.668797265710836308e-01 8.470225728989205435e-03 2.805762272727672091e-01 4.207298799071532702e-01
3.319999999999996732e+01 6.693827408955393965e-01 8.526003777457744764e-03 2.830633254115968445e-01 4.228721598541638205e-01
3.327499999999997016e+01 6.554263936476435459e-01 8.172846500908857031e-03 2.719514673177420017e-01 4.149229722108853657e-01
3.334999999999996589e+01 6.526953845285297096e-01 7.939587220281742186e-03 2.647852337963958469e-01 4.056796479228388375e-01
3.342499999999996874e+01 6.260303874489324683e-01 7.015599682480644882e-03 2.344964193869153446e-01 3.745767363505881908e-01
3.349999999999997158e+01 5.389205936440238931e-01 5.420428720052024654e-03 1.815843621217426707e-01 3.369408485467629832e-01
3.357499999999996732e+01 6.763762605653824700e-01 8.747484713681530355e-03 2.936967992618570999e-01 4.342210340385928569e-01
3.364999999999996305e+01 6.566179047517919365e-01 7.964580260822624533e-03 2.680081257766810943e-01 4.081645106494481423e-01
3.372499999999996589e+01 1.961497610684104498e-01 1.005642482119589644e-03 3.391529270948312469e-02 1.729050931530556889e-01
3.379999999999996874e+01 6.755151745196754653e-01 8.698719256869437769e-03 2.940167108821867270e-01 4.352481216891198601e-01
3.387499999999997158e+01 6.452892194564961992e-01 7.922159035851510794e-03 2.683631373394697039e-01 4.158803978865512341e-01
3.394999999999996732e+01 6.136900516410439543e-01 7.799859840145015322e-03 2.648052415729229558e-01 4.314967154263261717e-01
3.402499999999996305e+01 6.520651822030132383e-01 7.718112259094596535e-03 2.626087696156933493e-01 4.027339241277462234e-01
3.409999999999996589e+01 6.763378522112879487e-01 8.607288916422942138e-03 2.935085520500220202e-01 4.339673597897784618e-01
3.417499999999996874e+01 6.457543146699310510e-01 7.460610546891355450e-03 2.549663654400118329e-01 3.948349389974027401e-01
3.424999999999996447e+01 6.190215121092895734e-01 6.599184555611928987e-03 2.260220710297083935e-01 3.651279747282897281e-01
3.432499999999996021e+01 6.774242056131489775e-01 8.598419930794557256e-03 2.951407641245228364e-01 4.356808653705923629e-01
3.439999999999996305e+01 6.773063347391120592e-01 8.577065982589905310e-03 2.950510698010924138e-01 4.356242584306280197e-01
3.447499999999996589e+01 5.632766494742276198e-01 6.680554569119066984e-03 2.303121187703796036e-01 4.088792229987822102e-01
3.454999999999996874e+01 6.774150887420220535e-01 8.513129987079518304e-03 2.941286410535970397e-01 4.341926330572319914e-01
3.462499999999996447e+01 6.773057011429178820e-01 8.515051749944817228e-03 2.948336668418389817e-01 4.353036839115965173e-01
3.469999999999996021e+01 5.760578164991466688e-01 6.378729190893622607e-03 2.213419029240084601e-01 3.842355690426367820e-01
3.477499999999996305e+01 6.446648346963446130e-01 7.356722437313382122e-03 2.558300227575726060e-01 3.968419075907495541e-01
3.484999999999996589e+01 6.776947984910717260e-01 8.456769198124802420e-03 2.947184065546490928e-01 4.348836780374548683e-01
3.492499999999996163e+01 6.658586912002664171e-01 8.026127105309057569e-03 2.803124891529185092e-01 4.209789447181828126e-01
3.499999999999996447e+01 6.429346840579622802e-01 7.984234652318867101e-03 2.794482128311600588e-01 4.346447932586058327e-01
3.507499999999996021e+01 6.780110095253566449e-01 8.400143769385519377e-03 2.946350427111967818e-01 4.345579032963738930e-01
3.514999999999996305e+01 5.950653595525577932e-01 7.355779305170045274e-03 2.585556425767268074e-01 4.344995695449996309e-01
3.522499999999995879e+01 5.982452191714973111e-01 7.002431675038586593e-03 2.466606557532339261e-01 4.123069401120017519e-01
3.529999999999996163e+01 6.648692340152155822e-01 7.839143963629188402e-03 2.767217819161100767e-01 4.162048230822141814e-01
3.537499999999996447e+01 5.644591851280348349e-01 6.103348552710462227e-03 2.159059550521323922e-01 3.825005611400565386e-01
3.544999999999996021e+01 6.623954966557211721e-01 7.765041053623919845e-03 2.752707053509676483e-01 4.155685036216951733e-01
3.552499999999996305e+01 2.997306871111745652e-01 1.789719750955507142e-03 6.357979415269432444e-02 2.121230721000937625e-01
3.559999999999995879e+01 6.183295667128173578e-01 7.544015252969538815e-03 2.685669430057152640e-01 4.343427153798888884e-01
3.567499999999996163e+01 6.792856020690363206e-01 8.306859474960827383e-03 2.963472117692271812e-01 4.362630546953786270e-01
3.574999999999995737e+01 6.783272607358359352e-01 8.256929290795118545e-03 2.951852221459251302e-01 4.351663853605324261e-01
3.582499999999996021e+01 6.645746957907306962e-01 7.812592136670001852e-03 2.798861132962024989e-01 4.211507225131190246e-01
3.589999999999996305e+01 6.730461840989304667e-01 7.984091473564649752e-03 2.866288839009706324e-01 4.258680766234599346e-01
3.597499999999995879e+01 6.177857834407820548e-01 7.482611921902837179e-03 2.691869638904542672e-01 4.357286475438248985e-01
3.604999999999995453e+01 6.790705458452728216e-01 8.211244361719032686e-03 2.960153592399707989e-01 4.359125293403880441e-01
3.612499999999995737e+01 6.764488265719448279e-01 8.165824888664748038e-03 2.949904241030136820e-01 4.360868295062959588e-01
3.619999999999996021e+01 6.745049588355022108e-01 8.128494323895561410e-03 2.942514945250189751e-01 4.362480819014716849e-01
3.627499999999996305e+01 6.805201508232497920e-01 8.186761464952334311e-03 2.969747721411456487e-01 4.363937963951317611e-01
3.634999999999995879e+01 6.793548634562837085e-01 8.131491639557623247e-03 2.955797210979191902e-01 4.350888423674906802e-01
3.642499999999995453e+01 6.422222293650945435e-01 6.828302049218255843e-03 2.487209021427746469e-01 3.872816772297992260e-01
3.649999999999995737e+01 6.612259405783792454e-01 7.911659885567788944e-03 2.887755858232239348e-01 4.367275512068231613e-01
3.657499999999996021e+01 6.810894899862538487e-01 8.134067314954295316e-03 2.975035120444530223e-01 4.368053191519038481e-01
3.664999999999995595e+01 6.811189807490118930e-01 8.118947667248847810e-03 2.975594320046699437e-01 4.368685066997402555e-01
3.672499999999995168e+01 6.692952661584119500e-01 7.659193518582720073e-03 2.812838819699500226e-01 4.202687456381536957e-01
3.679999999999995453e+01 6.780892428895662905e-01 8.041351347837653180e-03 2.959217296004252873e-01 4.364052854450297669e-01
3.687499999999995737e+01 5.987729321535382176e-01 5.926730488042208055e-03 2.185481867465561834e-01 3.649934307493307717e-01
3.694999999999996021e+01 6.293584930958137091e-01 6.415626167805267739e-03 2.370573869004043432e-01 3.766651113808273665e-01
3.702499999999995595e+01 6.243082462749512951e-01 7.296136791074546088e-03 2.701394646895347584e-01 4.327020607230018245e-01
3.709999999999995168e+01 6.780740367796538326e-01 7.987809132810892720e-03 2.963477188272837237e-01 4.370433061184800239e-01
3.717499999999995453e+01 6.812551096431358477e-01 8.009211200242598999e-03 2.977424263690182649e-01 4.370498248812925146e-01
3.724999999999995737e+01 6.702627373095655372e-01 7.627977791390558315e-03 2.841421727292979815e-01 4.239265543387427115e-01
3.732499999999995310e+01 6.559608872190221263e-01 7.433356155036674809e-03 2.774500184867435548e-01 4.229673199922122095e-01
3.739999999999995595e+01 5.589244953204649535e-01 4.762765427961767120e-03 1.781274270057698894e-01 3.186967622588069982e-01
3.747499999999995168e+01 6.259274269621056819e-01 6.249227075690829032e-03 2.341897846615135226e-01 3.741484628627587128e-01
3.754999999999995453e+01 6.508960776234375967e-01 6.948780952477434485e-03 2.609267247655273625e-01 4.008730943935432389e-01
3.762499999999995026e+01 6.801036710048732337e-01 7.879565269760791663e-03 2.964686432747494216e-01 4.359168402027712164e-01
3.769999999999995310e+01 6.673662140905722850e-01 7.663758894724420970e-03 2.889237103311103061e-01 4.329312815525581115e-01
3.777499999999995595e+01 6.826460375942750014e-01 7.892422939120898734e-03 2.981362765252916214e-01 4.367362587732274148e-01
3.784999999999995168e+01 6.445346389572076395e-01 6.990864958766882138e-03 2.646042386893261433e-01 4.105353268792958366e-01
3.792499999999995453e+01 6.804178778780830550e-01 7.831180273676461787e-03 2.969975118791794433e-01 4.364928105730862540e-01
3.799999999999995026e+01 6.156664973402536933e-01 5.966031993535545613e-03 2.267092157543504349e-01 3.682338030959276254e-01
3.807499999999995310e+01 5.866033623446791356e-01 6.303926824865415182e-03 2.400220138567503714e-01 4.091725845166859221e-01
3.814999999999994884e+01 6.800629007738131504e-01 7.771965457968420601e-03 2.965004822214948321e-01 4.359897913621227916e-01
3.822499999999995168e+01 6.643845602520657145e-01 7.574478844540445330e-03 2.895344538325581585e-01 4.357934713634969981e-01
3.829999999999995453e+01 6.398688262591860632e-01 6.830800252189404495e-03 2.616196496588538700e-01 4.088645030393806001e-01
3.837499999999995026e+01 6.622444404047428401e-01 7.090439290184703119e-03 2.720956077608376322e-01 4.108688441303356420e-01
3.844999999999994600e+01 5.982839045719925419e-01 6.371750763570225955e-03 2.449938168592749044e-01 4.094942467732631264e-01
3.852499999999994884e+01 5.745084101814461608e-01 5.448956391777129427e-03 2.099210449932136235e-01 3.653924664512997467e-01
3.859999999999995168e+01 6.150389921720965658e-01 5.816846281208237768e-03 2.245302664546376947e-01 3.650667182281850387e-01
3.867499999999995453e+01 6.797792009176846229e-01 7.638365591809059482e-03 2.954137892632150431e-01 4.345731509060793973e-01
3.874999999999995026e+01 6.733486003295439115e-01 7.414418076087619588e-03 2.873087004483948492e-01 4.266864151908579261e-01
3.882499999999994600e+01 6.089089118023447433e-01 6.810414012249089641e-03 2.644143240255705241e-01 4.342428217102542454e-01
3.889999999999994884e+01 6.793044657487453675e-01 7.580690047953137292e-03 2.948888428653766436e-01 4.341040840064892548e-01
3.897499999999995168e+01 6.152748479468741483e-01 6.112291725772553766e-03 2.382265700119849949e-01 3.871872396652148440e-01
3.904999999999994742e+01 6.805816033073602833e-01 7.561889208812808648e-03 2.952917736041398289e-01 4.338815098279726334e-01
3.912499999999994316e+01 6.787280291918125208e-01 7.525347934384036229e-03 2.944292379327749787e-01 4.337956077684947953e-01
3.919999999999994600e+01 6.785951443111205572e-01 7.508236194432810727e-03 2.943228588217657871e-01 4.337237914081292223e-01
3.927499999999994884e+01 6.802687954951279758e-01 7.511328544577640202e-03 2.950074285882864356e-01 4.336630322335566223e-01
3.934999999999995168e+01 6.696547417537186409e-01 7.174455149160871743e-03 2.823148101194798976e-01 4.215826343290612344e-01
3.942499999999994742e+01 6.785698734270260157e-01 7.462293907833119494e-03 2.942009373163203545e-01 4.335602696749533691e-01
3.949999999999994316e+01 6.786917281408350044e-01 7.448608664357527984e-03 2.942200422421219486e-01 4.335105763674027002e-01
3.957499999999994600e+01 6.577983991655731444e-01 6.732795136758172247e-03 2.664503675372043023e-01 4.050638734834266508e-01
3.964999999999994884e+01 6.159542687551426976e-01 5.676913978715642829e-03 2.250896392560749470e-01 3.654323878800063152e-01
3.972499999999994458e+01 6.792652503282988752e-01 7.409521607482262920e-03 2.943432458572324828e-01 4.333259293258002742e-01
3.979999999999994742e+01 6.429346124273723762e-01 6.998680078318150755e-03 2.785474671170620198e-01 4.332438505144681207e-01
3.987499999999994316e+01 6.779295384158477988e-01 7.364128439687057763e-03 2.936446215325210218e-01 4.331491768579596724e-01
3.994999999999994600e+01 6.567756981277806938e-01 7.017563486603684529e-03 2.803516612898168114e-01 4.268605889179417634e-01
4.002499999999994174e+01 6.526362135015932875e-01 6.832273032291417622e-03 2.734617281174636094e-01 4.190109627080876309e-01
4.009999999999994458e+01 6.070669866461124720e-01 5.373609583904521633e-03 2.154817443145710110e-01 3.549554646432870886e-01
4.017499999999994742e+01 6.794234297517198762e-01 7.316966542699762134e-03 2.939591308529625469e-01 4.326596905266916204e-01
4.024999999999994316e+01 5.024115133887847584e-01 3.734140465961006700e-03 1.502991537549303036e-01 2.991554726545910814e-01
4.032499999999994600e+01 6.643697475294223498e-01 7.123689752070226297e-03 2.872627892522314763e-01 4.323839101952933750e-01
4.039999999999994174e+01 6.578308781225657986e-01 7.038328256480432324e-03 2.843484615618090405e-01 4.322516181869312524e-01
4.047499999999994458e+01 6.784473609749831491e-01 7.243402410598498257e-03 2.931767125689738185e-01 4.321289011245550427e-01
4.054999999999994031e+01 6.289704676085891011e-01 6.701055487644454363e-03 2.717278000239822244e-01 4.320199659884182974e-01
4.062499999999994316e+01 6.166055754543466882e-01 6.555805060210064851e-03 2.663295805710335085e-01 4.319285961285513897e-01
4.069999999999994600e+01 5.162528163554306326e-01 3.663906173979796042e-03 1.491209812809775048e-01 2.888526252190175558e-01
4.077499999999994174e+01 6.740791447983500717e-01 7.034866138138737290e-03 2.868466667826066185e-01 4.255385572986632448e-01
4.084999999999993747e+01 6.285798977703174195e-01 6.099297723477807229e-03 2.491563120040680701e-01 3.963797011133651793e-01
4.092499999999994031e+01 6.488458233546171572e-01 6.282749273537908269e-03 2.571215140195385329e-01 3.962752086315157740e-01
4.099999999999994316e+01 3.253872962779711386e-01 1.711029676134364404e-03 7.015221672150884213e-02 2.155960528390738484e-01
4.107499999999994600e+01 6.787242143626790458e-01 7.136103512103920445e-03 2.931154517596681330e-01 4.318623758471665242e-01
4.114999999999993463e+01 6.564831861157577331e-01 6.890760164238914250e-03 2.835547807584308799e-01 4.319299972268164645e-01
4.122499999999993747e+01 6.280789368495016678e-01 6.581897934458878947e-03 2.713387423480668748e-01 4.320137588264391093e-01
4.129999999999994031e+01 6.306197860769977570e-01 6.597985976421342873e-03 2.724968208262010805e-01 4.321095323084734874e-01
4.137499999999994316e+01 6.793442035777313981e-01 7.096585864990252041e-03 2.936212401639712866e-01 4.322127702240338154e-01
4.144999999999994600e+01 6.805605847558831023e-01 7.098168740703761533e-03 2.942190943021705252e-01 4.323187397161809553e-01
4.152499999999993463e+01 5.704043390390324264e-01 4.927613239328922090e-03 2.046191397631331732e-01 3.587264783221278952e-01
4.159999999999993747e+01 6.806597384658452654e-01 7.076905427524670701e-03 2.943992657850258432e-01 4.325204638202623242e-01
4.167499999999994031e+01 6.646195326442461138e-01 6.899093162339314106e-03 2.875197075404904989e-01 4.326079710546100743e-01
4.174999999999993605e+01 6.693208127509495675e-01 6.936602473213458048e-03 2.896031532566614164e-01 4.326821275232346498e-01
4.182499999999993889e+01 6.787633472434283499e-01 7.022796923470546980e-03 2.937284813241551884e-01 4.327406341503791110e-01
4.189999999999993463e+01 6.786533035880237819e-01 7.009762312666274926e-03 2.937090409007164782e-01 4.327821574696296691e-01
4.197499999999993747e+01 5.817881710483522317e-01 4.644914127322370516e-03 1.949702704943562237e-01 3.351224383662353423e-01
4.204999999999994031e+01 6.785830655029851943e-01 6.984548427688794248e-03 2.937002613843133769e-01 4.328140154317207111e-01
4.212499999999993605e+01 6.786346162724271602e-01 6.972525182086413906e-03 2.937176232953897514e-01 4.328067213970138161e-01
4.219999999999993889e+01 6.787392867701664834e-01 6.960889990350554654e-03 2.937495575927929758e-01 4.327870263567960007e-01
4.227499999999993463e+01 6.788850668485802986e-01 6.949569597700228779e-03 2.937930547427767269e-01 4.327581634790986786e-01
4.234999999999993747e+01 6.443145490932312702e-01 6.583478089130013512e-03 2.788102970746556553e-01 4.327238884595049906e-01
4.242499999999993321e+01 5.763744890859836545e+00 -3.931975048198098170e-03 -1.668140414198040489e-01 -2.894195433325618544e-02
4.249999999999993605e+01 6.714225832767828361e-01 6.835168078703874987e-03 2.904946433449142607e-01 4.326554551191833520e-01
4.257499999999993889e+01 6.357531406276268893e-01 6.406044141022128498e-03 2.727373293040167290e-01 4.289987919442529996e-01
4.264999999999993463e+01 6.607638635695636253e-01 6.319562855476892373e-03 2.695293557860890532e-01 4.079057143501214622e-01
4.272499999999993747e+01 6.739023625764708481e-01 6.823598446266764157e-03 2.915382436167470726e-01 4.326119921914725053e-01
4.279999999999993321e+01 6.796303271879786667e-01 6.869760561588621889e-03 2.940257520359925714e-01 4.326260030986935345e-01
4.287499999999993605e+01 6.621648076841860631e-01 6.681996092143151558e-03 2.864905824506371879e-01 4.326575183791351309e-01
4.294999999999993179e+01 6.655221169845615403e-01 6.406748757531802348e-03 2.751698591359904578e-01 4.134646349286896783e-01
4.302499999999993463e+01 6.753181416716844687e-01 6.792808016225265061e-03 2.922605648980916015e-01 4.327746388903886965e-01
4.309999999999993747e+01 6.442194120907607235e-01 6.469976245226257382e-03 2.788559761692512851e-01 4.328586983497552665e-01
4.317499999999993321e+01 6.382823065770104609e-01 5.979094654625281835e-03 2.581474117134461288e-01 4.044408078579567745e-01
4.324999999999993605e+01 6.807605039102551103e-01 6.845697505803249525e-03 2.960764171259900879e-01 4.349200863230777703e-01
4.332499999999993179e+01 6.510521339958048603e-01 6.219005369195597377e-03 2.694384076203988343e-01 4.138507402882347641e-01
4.339999999999993463e+01 6.601844934263172426e-01 6.591336616346373835e-03 2.860640091494321968e-01 4.333091915939700778e-01
4.347499999999993747e+01 6.761849074254379088e-01 6.741362477150017289e-03 2.930807336940965957e-01 4.334328235896247605e-01
4.354999999999992610e+01 6.799741654544104730e-01 6.769342374817501062e-03 2.948048604233016734e-01 4.335530309835972096e-01
4.362499999999992895e+01 6.294853622469238630e-01 6.257568875776071265e-03 2.729864422057306506e-01 4.336660684711015623e-01
4.369999999999993179e+01 6.290997167466403361e-01 6.244478377684989541e-03 2.728837051048336182e-01 4.337686027201520522e-01
4.377499999999993463e+01 6.795645395134399802e-01 6.735223993698105822e-03 2.948344303241341446e-01 4.338578798346836018e-01
4.384999999999993747e+01 6.304199381690968051e-01 6.238524438209502171e-03 2.735592966154862804e-01 4.339318604198552087e-01
4.392499999999992610e+01 6.811064486960061171e-01 6.729491664594480782e-03 2.955929213673120781e-01 4.339893153753447419e-01
4.399999999999992895e+01 6.812023255393500065e-01 6.719594598053774646e-03 2.956621623143655953e-01 4.340298780986567850e-01
4.407499999999993179e+01 6.812321118414760290e-01 6.708827168402679494e-03 2.956915574473476527e-01 4.340540504587305781e-01
4.414999999999992752e+01 6.597646604477940269e-01 6.486512701725004326e-03 2.863795357811584896e-01 4.340631636541241734e-01
4.422499999999993037e+01 6.651345697264055001e-01 6.528159253941729148e-03 2.887078430055725065e-01 4.340592958870394535e-01
4.429999999999992610e+01 6.608734955663291277e-01 6.475145303736628589e-03 2.868489369555321522e-01 4.340451521810838598e-01
4.437499999999992895e+01 6.501942477225683970e-01 6.359433276403086456e-03 2.821998516403865231e-01 4.340239130519014665e-01
4.444999999999993179e+01 6.266485640170135207e-01 6.118445174327073743e-03 2.719648879988380008e-01 4.339990604230510307e-01
4.452499999999992752e+01 6.266739243964909445e-01 6.108036134449441011e-03 2.719603088863609130e-01 4.339741902429852249e-01
4.459999999999993037e+01 6.805157241678505553e-01 6.621338985043030700e-03 2.953117187329187265e-01 4.339528217280097522e-01
4.467499999999992610e+01 6.760314511923941616e-01 6.458814767707028379e-03 2.885475497473110051e-01 4.268256295448482618e-01
4.474999999999992895e+01 6.674030980971022986e-01 6.471695166818962688e-03 2.896083587151481176e-01 4.339331950074529209e-01
4.482499999999992468e+01 6.805682223399530661e-01 6.588416985883954920e-03 2.953257913922477940e-01 4.339400249645046781e-01
4.489999999999992752e+01 6.806778738780194793e-01 6.578778615645750928e-03 2.953871598424937517e-01 4.339602786845227489e-01
4.497499999999993037e+01 6.735976180542475600e-01 6.500007705947231582e-03 2.923378465749763011e-01 4.339947748322250387e-01
4.504999999999992610e+01 5.492378716007930706e-01 3.767128099180440132e-03 1.697091208680785446e-01 3.089902019564841340e-01
4.512499999999992895e+01 6.811211535934346140e-01 6.552435704886660876e-03 2.956786611830101164e-01 4.341058262881415386e-01
4.519999999999992468e+01 6.701800725047093454e-01 6.437585815541833727e-03 2.909788788624904088e-01 4.341801417266785146e-01
4.527499999999992752e+01 6.813595170950796920e-01 6.535398154088040493e-03 2.958901514263355681e-01 4.342643553110389076e-01
4.534999999999992326e+01 6.814271994346412509e-01 6.526612152281072513e-03 2.959818611059461535e-01 4.343558069761714879e-01
4.542499999999992610e+01 6.814555781467159790e-01 6.517542474880611697e-03 2.960593669214512946e-01 4.344514542336174179e-01
4.549999999999992895e+01 6.814474941744262937e-01 6.508168564253871864e-03 2.961216696735506915e-01 4.345480351825229404e-01
4.557499999999992468e+01 6.814104844211303913e-01 6.498514096650208176e-03 2.961697799548327348e-01 4.346422409488370775e-01
4.564999999999992752e+01 6.813556005280105854e-01 6.488638014243574767e-03 2.962063253502187354e-01 4.347308881304802197e-01
4.572499999999992326e+01 6.828027793885004249e-01 6.492951684136776154e-03 2.968902157571535749e-01 4.348110826716908850e-01
4.579999999999992610e+01 6.812441897202909935e-01 6.468552905252970484e-03 2.962597230605855669e-01 4.348803667334403267e-01
4.587499999999992895e+01 6.812122148475079353e-01 6.458513109357254950e-03 2.962842888917636142e-01 4.349368411693674830e-01
4.594999999999991758e+01 6.812082181124556879e-01 6.448562459515029023e-03 2.963114450147150691e-01 4.349792576427772284e-01
4.602499999999992042e+01 6.812363734384527802e-01 6.438732057379376386e-03 2.963426429408853036e-01 4.350070760977339246e-01
4.609999999999992326e+01 6.812962150932081462e-01 6.429019738792189111e-03 2.963778099583194159e-01 4.350204850584293292e-01
4.617499999999992610e+01 6.813827944402125469e-01 6.419391555246648125e-03 2.964154050635134929e-01 4.350203842570349311e-01
4.624999999999992895e+01 6.316062174591772216e-01 5.940626302852388199e-03 2.747539665069225201e-01 4.350083310012393678e-01
4.632499999999991758e+01 6.671174572362078559e-01 6.264156650030072195e-03 2.901870568126425631e-01 4.349864535322680581e-01
4.639999999999992042e+01 6.482289924432685924e-01 6.076550772555153537e-03 2.819519558465586329e-01 4.349573362706919966e-01
4.647499999999992326e+01 6.580123027293256488e-01 6.157832510010349293e-03 2.861852659027305235e-01 4.349238832096020135e-01
4.654999999999991900e+01 6.620316212190808791e-01 6.184970571605553392e-03 2.879103801082379954e-01 4.348891667411187156e-01
4.662499999999992184e+01 6.818902432213108655e-01 6.359769385270176364e-03 2.965242475882214901e-01 4.348562698117137693e-01
4.669999999999991758e+01 6.818894256531161657e-01 6.349137120839978138e-03 2.965047035432264444e-01 4.348281295889478981e-01
4.677499999999992042e+01 6.818589256200017212e-01 6.338370927276616891e-03 2.964773001233632632e-01 4.348073904785831334e-01
4.684999999999992326e+01 6.624800352475547216e-01 6.148214532924188222e-03 2.880438508674977305e-01 4.347962739131630561e-01
4.692499999999991900e+01 6.729241971028877556e-01 6.235163906406011175e-03 2.925850663081015490e-01 4.347964712336928050e-01
4.699999999999992184e+01 6.324233699989436630e-01 5.850710935952135525e-03 2.749834139897499030e-01 4.348090646780007340e-01
4.707499999999991758e+01 6.830974351230858499e-01 6.309810263168399297e-03 2.970343181386518872e-01 4.348344802160323264e-01
4.714999999999992042e+01 6.816016699948759250e-01 6.286528197004840821e-03 2.964098044887777395e-01 4.348724739641645076e-01
4.722499999999991616e+01 6.642823267239862384e-01 6.117757530499833007e-03 2.889110993778540859e-01 4.349221524568703257e-01
4.729999999999991900e+01 6.323924187210856473e-01 5.815630761724582300e-03 2.750793350295722695e-01 4.349820252207909355e-01
4.737499999999992184e+01 6.817409418310997893e-01 6.260505660716866178e-03 2.965914556764610577e-01 4.350500864446265048e-01
4.744999999999991758e+01 1.485305769402944343e+00 -9.205091935701192191e-03 -4.367816123490207980e-01 -2.940684816195092699e-01
4.752499999999992042e+01 6.830174881822402844e-01 6.254598179498314751e-03 2.972497784806569232e-01 4.352008310530195434e-01
4.759999999999991616e+01 6.656538863296419528e-01 6.087068754658194608e-03 2.897444727217295402e-01 4.352779705371443431e-01
4.767499999999991900e+01 6.595060306418242257e-01 6.022393144235529787e-03 2.871175931514283741e-01 4.353524908210598121e-01
4.774999999999991473e+01 6.824639559808246547e-01 6.223237741370957199e-03 2.971596021504626650e-01 4.354216798503158237e-01
4.782499999999991758e+01 6.350841400632268874e-01 5.782925382258903742e-03 2.765684064065315750e-01 4.354830942227549961e-01
4.789999999999992042e+01 6.826657690121146205e-01 6.207194451333647618e-03 2.973246142188812335e-01 4.355346755545390081e-01
4.797499999999991616e+01 6.779192939851493849e-01 6.154968047782108376e-03 2.952845920923461431e-01 4.355748460211469886e-01
4.804999999999991900e+01 6.827083510489366791e-01 6.189167912822720816e-03 2.973895182111312430e-01 4.356025786914891618e-01
4.812499999999991473e+01 6.674816915215843194e-01 6.041904737227483772e-03 2.907666654790721505e-01 4.356174396577732200e-01
4.819999999999991758e+01 6.810186066514006820e-01 6.154876624637922213e-03 2.966650533075473328e-01 4.356196004192349758e-01
4.827499999999992042e+01 6.649992005360392255e-01 6.000625217649492062e-03 2.896801823820287503e-01 4.356098205058364092e-01
4.834999999999990905e+01 6.615685911206957703e-01 5.960129614364003889e-03 2.881722668544990373e-01 4.355894017978330091e-01
4.842499999999991189e+01 6.699791099455728594e-01 6.026147233226085941e-03 2.918161797689726722e-01 4.355601173784044988e-01
4.849999999999991473e+01 6.694981176244592103e-01 6.012011914672927074e-03 2.915825778616364383e-01 4.355241190165578535e-01
4.857499999999991758e+01 6.821603131626193806e-01 6.115692941264782960e-03 2.970697846219363392e-01 4.354838281996599170e-01
4.864999999999992042e+01 6.768948707130316711e-01 6.058547422554860090e-03 2.947483321072934537e-01 4.354418165361625959e-01
4.872499999999990905e+01 6.821211397363052820e-01 6.095351650784310710e-03 2.969960091844650041e-01 4.354006816139400771e-01
4.879999999999991189e+01 6.771787925207982672e-01 6.041363514222151954e-03 2.948185394940404658e-01 4.353629244598437031e-01
4.887499999999991473e+01 6.821889845855964030e-01 6.076274169271087162e-03 2.969779000231238530e-01 4.353308346125326356e-01
4.894999999999991047e+01 6.822486396108583540e-01 6.067154058344175795e-03 2.969871911559468503e-01 4.353063881891251485e-01
4.902499999999991331e+01 6.823140153721465317e-01 6.058240932101970587e-03 2.970052616962985947e-01 4.352911636064026868e-01
4.909999999999990905e+01 6.681029843809925817e-01 5.922934048171285028e-03 2.908160617652095770e-01 4.352862785587688910e-01
4.917499999999991189e+01 6.786067162175316581e-01 6.006961112696143114e-03 2.953923127168323060e-01 4.352923507201812425e-01
4.924999999999991473e+01 6.270717496488259490e-01 5.542543743915919786e-03 2.729702793878585609e-01 4.353094833896248295e-01
4.932499999999991047e+01 6.341117927431162427e-01 5.596604166930777176e-03 2.760525005338601012e-01 4.353372760025158161e-01
4.939999999999991331e+01 6.824806430659889900e-01 6.014876785334083951e-03 2.971349131955032252e-01 4.353748581947302077e-01
4.947499999999990905e+01 6.718102469084329398e-01 5.912486155664224349e-03 2.925202525514869478e-01 4.354209449731081261e-01
4.954999999999991189e+01 6.834276043720542981e-01 6.006355011078503246e-03 2.976148907989393244e-01 4.354739095919212821e-01
4.962499999999990763e+01 6.824246179130901702e-01 5.989272944446549091e-03 2.972176698681594509e-01 4.355318698453101156e-01
4.969999999999991047e+01 6.742536779964573013e-01 5.909457467811182058e-03 2.937000361502152268e-01 4.355927831538776163e-01
4.977499999999991331e+01 6.721695454568507033e-01 5.883148524022201002e-03 2.928337177832045501e-01 4.356545454379005533e-01
4.984999999999990905e+01 6.561386259855577219e-01 5.734994975526921598e-03 2.858894995300165220e-01 4.357150885616498659e-01
4.992499999999991189e+01 6.824892706185334834e-01 5.957136434671261686e-03 2.974100365009622049e-01 4.357724718975030109e-01
4.999999999999990763e+01 6.825625246828506132e-01 5.949555747537318105e-03 2.974777873768653658e-01 4.358249634567719077e-01
5.007499999999991047e+01 6.826567453872093294e-01 5.942093888902656197e-03 2.975503514867999799e-01 4.358711072546813114e-01
5.014999999999990621e+01 6.659211315809697718e-01 5.788265801567156303e-03 2.902815299485923539e-01 4.359097739689266060e-01
5.022499999999990905e+01 6.828820668875975608e-01 5.927242215008009761e-03 2.976957402487767634e-01 4.359401933127312612e-01
5.029999999999991189e+01 6.379161334840478537e-01 5.528969633556781588e-03 2.781071725679056250e-01 4.359619673655112937e-01
5.037499999999990763e+01 6.830987877308500877e-01 5.911941210718727607e-03 2.978140384899553572e-01 4.359750651574835212e-01
5.044999999999991047e+01 6.346147425822660226e-01 5.484226133568042075e-03 2.766792084385072403e-01 4.359797998273589048e-01
5.052499999999990621e+01 6.832412282752501342e-01 5.895642113680408386e-03 2.978773177937020789e-01 4.359767904311819819e-01
5.059999999999990905e+01 6.832721735924972561e-01 5.887036743739144061e-03 2.978840592332001602e-01 4.359669114973470094e-01
5.067499999999991189e+01 6.440109646772766983e-01 5.540352725392936814e-03 2.807573743592866045e-01 4.359512333768699177e-01
5.074999999999990052e+01 6.313868876936181707e-01 5.423469763245217234e-03 2.752410904846942508e-01 4.359309574674847809e-01
5.082499999999990337e+01 6.832144795754627742e-01 5.859679551948955741e-03 2.978182132278051064e-01 4.359073499333093737e-01
5.089999999999990621e+01 6.304857020893549491e-01 5.399158460035784896e-03 2.748171656158209242e-01 4.358816777368770823e-01
5.097499999999990905e+01 6.780311162443773965e-01 5.797417441672418278e-03 2.955233540892510113e-01 4.358551503154581841e-01
5.104999999999991189e+01 6.828397080881722925e-01 5.829603492319869809e-03 2.976012582829288267e-01 4.358288698765901414e-01
5.112499999999990052e+01 6.403304397998909048e-01 5.458355679736316517e-03 2.790584341265186508e-01 4.358037925133262935e-01
5.119999999999990337e+01 6.824125564176400927e-01 5.808246535863968198e-03 2.973822226362345944e-01 4.357807016291697644e-01
5.127499999999990621e+01 6.790896836658592006e-01 5.771238470995102010e-03 2.959202526002733258e-01 4.357601944456552800e-01
5.134999999999990195e+01 -2.825236375414322598e+00 -2.128138170170108812e-03 -1.092798950382348755e-01 3.867991223290437319e-02
5.142499999999990479e+01 6.746835750208455273e-01 5.731525745858649483e-03 2.947437114807804903e-01 4.368621415923366058e-01
5.149999999999990052e+01 6.833058374682761116e-01 5.781131223637888707e-03 2.977282580173506998e-01 4.357174221143300663e-01
5.157499999999990337e+01 6.831680931526500355e-01 5.771458536395171479e-03 2.976629740145804170e-01 4.357097133165868108e-01
5.164999999999990621e+01 6.784236963282052058e-01 5.722994968813962559e-03 2.955926901392406103e-01 4.357051378645240280e-01
5.172499999999990195e+01 6.832394769610621310e-01 5.755240974538010194e-03 2.976898394079779964e-01 4.357035116472688374e-01
5.179999999999990479e+01 6.815963110435413475e-01 5.733101793208695771e-03 2.969746728882098896e-01 4.357046364196632826e-01
5.187499999999990052e+01 6.434716088073928475e-01 5.404644675622793937e-03 2.803659425479319012e-01 4.357083338417381824e-01
5.194999999999990337e+01 6.709154295660679779e-01 5.627094578602406458e-03 2.923275633583944932e-01 4.357144738010645391e-01
5.202499999999989910e+01 6.613497319218683002e-01 5.538977141585413148e-03 2.881652857909805521e-01 4.357229947815633442e-01
5.209999999999990195e+01 6.830803609573453672e-01 5.712884451876858519e-03 2.976412799427837763e-01 4.357339150047235266e-01
5.217499999999990479e+01 6.634671253211675834e-01 5.541045147794134221e-03 2.891040305861584114e-01 4.357473332928297194e-01
5.224999999999990052e+01 6.541856560857569614e-01 5.455888586857062829e-03 2.850701786632809931e-01 4.357634197743878168e-01
5.232499999999990337e+01 6.826025736923919673e-01 5.684972493043559047e-03 2.974661856985036934e-01 4.357823969069208880e-01
5.239999999999989910e+01 6.806707642967360083e-01 5.661057068727233695e-03 2.966393904013064908e-01 4.358045121973060376e-01
5.247499999999990195e+01 7.798927816999089158e-02 2.645328439238097892e-04 1.388136098490189152e-02 1.779906329514309160e-01
5.254999999999989768e+01 6.612545999489777282e-01 5.484563518388985842e-03 2.882138128913406261e-01 4.358590668610534680e-01
5.262499999999990052e+01 6.827652794203936670e-01 5.655330947281579645e-03 2.976117911006925798e-01 4.358918065566225741e-01
5.269999999999990337e+01 6.763319097571499627e-01 5.594538102555131516e-03 2.948321580046548984e-01 4.359282088442641978e-01
5.277499999999989910e+01 6.407177656342178951e-01 5.271252674607865805e-03 2.781903599024295737e-01 4.341854944931351490e-01
5.284999999999990195e+01 6.829157198767851211e-01 5.634037117988440792e-03 2.977588616856885473e-01 4.360111402025005356e-01
5.292499999999989768e+01 6.553639114591726100e-01 4.969815371034585691e-03 2.630274785120049197e-01 4.013456858287669515e-01
5.299999999999990052e+01 6.662737983006538078e-01 5.482355299675338751e-03 2.905648308827923909e-01 4.361042436666194844e-01
5.307499999999990337e+01 6.830932487839631584e-01 5.613432064896768312e-03 2.979329068443954398e-01 4.361526151440862087e-01
5.314999999999989200e+01 6.737833940072471828e-01 5.529724017242350527e-03 2.939048315164303204e-01 4.362007644154985986e-01
5.322499999999989484e+01 6.642970287078691083e-01 5.444769759065361259e-03 2.897978704262532679e-01 4.362474283378054984e-01
5.329999999999989768e+01 6.728419245603889376e-01 5.507599258521840395e-03 2.935550404792135470e-01 4.362912442933932766e-01
5.337499999999990052e+01 6.800584709571233510e-01 5.559352855386510799e-03 2.967304586562544699e-01 4.363308029067443083e-01
5.344999999999990337e+01 6.780301047490674415e-01 5.535423917303478221e-03 2.958684083798703846e-01 4.363647075661463703e-01
5.352499999999989200e+01 6.604638656682224607e-01 5.384790435964803730e-03 2.882209080850155480e-01 4.363916378580512401e-01
5.359999999999989484e+01 6.767361689686365311e-01 5.509975959493183112e-03 2.953347114288340514e-01 4.364104136460325578e-01
5.367499999999989768e+01 6.598973715410788587e-01 5.365485757267731727e-03 2.879924480213449378e-01 4.364200562714581344e-01
5.374999999999989342e+01 6.594425545761857244e-01 5.354303563074134555e-03 2.877938165152341687e-01 4.364198435756017069e-01
5.382499999999989626e+01 6.829649988481475420e-01 5.537432699130242532e-03 2.980523150306847446e-01 4.364093555795157120e-01
5.389999999999989200e+01 6.582847896384526054e-01 5.329645959721631202e-03 2.872679172289953620e-01 4.363885080601216382e-01
5.397499999999989484e+01 6.837512588160874483e-01 5.527745050615691901e-03 2.983600391069813895e-01 4.363575719386471041e-01
5.404999999999989768e+01 6.726313854016057192e-01 5.429798838631113775e-03 2.934806272280111594e-01 4.363171769821351242e-01
5.412499999999989342e+01 6.713447502176397297e-01 5.411296672951038111e-03 2.928864324234743410e-01 4.362682993030406742e-01
5.419999999999989626e+01 5.751427102544104386e-01 4.628861360695433330e-03 2.508842857496920153e-01 4.362122326799814376e-01
5.427499999999989200e+01 6.774677251878004069e-01 5.415385139846382728e-03 2.939200284651618533e-01 4.338509681530355877e-01
5.434999999999989484e+01 5.118098814694055365e-01 2.687349776118041697e-03 1.460574603320152764e-01 2.853744439491564533e-01
5.442499999999989058e+01 6.832259867966934408e-01 5.473560936246835845e-03 2.978985539552334583e-01 4.360175984404977001e-01
5.449999999999989342e+01 6.787793469205488650e-01 5.429615607703796622e-03 2.959140506198563170e-01 4.359502862930993983e-01
5.457499999999989626e+01 5.972078300437373422e-01 4.232521748119107835e-03 2.309898744035998597e-01 3.867830640912444107e-01
5.464999999999989200e+01 6.831839959089784919e-01 5.448269843486322830e-03 2.977479469465269535e-01 4.358239489354143181e-01
5.472499999999989484e+01 6.684942265751786517e-01 5.323139496362572741e-03 2.913088089384412438e-01 4.357686235090928450e-01
5.479999999999989058e+01 6.812314239780632441e-01 5.378404165884110959e-03 2.947365482904487077e-01 4.326526022087021639e-01
5.487499999999989342e+01 6.684482177563392247e-01 5.307160325722545292e-03 2.912304228740241197e-01 4.356813514314470948e-01
5.494999999999988916e+01 6.830431863621613253e-01 5.415266135215736354e-03 2.975688741301041329e-01 4.356516250677127111e-01
5.502499999999989200e+01 6.830319059874937482e-01 5.407553214732816436e-03 2.975506156406726443e-01 4.356320883875676175e-01
5.509999999999989484e+01 6.807881240195409189e-01 5.382340331050216968e-03 2.965669522408663772e-01 4.356229813320802169e-01
5.517499999999989058e+01 6.840983729511421751e-01 5.415330148828945145e-03 2.987908409616364391e-01 4.367658991391518697e-01
5.524999999999989342e+01 6.360825937762103477e-01 5.015384794107963749e-03 2.771000098744644813e-01 4.356352659006341721e-01
5.532499999999988916e+01 6.833513078720139244e-01 5.381034505313310110e-03 2.977057340064582780e-01 4.356554682444774285e-01
5.539999999999989200e+01 6.566244391556175231e-01 4.760273134837645151e-03 2.637191316700050470e-01 4.016285656518255309e-01
5.547499999999989484e+01 6.701526405459370395e-01 5.263601817421015121e-03 2.919983108214302403e-01 4.357191080879052048e-01
5.554999999999988347e+01 6.553000855842324723e-01 5.143664807626206412e-03 2.857305800636351645e-01 4.360301277984607871e-01
5.562499999999988631e+01 6.763186984499136578e-01 5.298756012934746976e-03 2.947433032194947122e-01 4.358053442778243580e-01
5.569999999999988916e+01 6.802929677373356077e-01 5.323305756626118927e-03 2.965081306440742193e-01 4.358535876539553211e-01
5.577499999999989200e+01 6.821669994032282247e-01 5.331403089434806099e-03 2.973590073132257317e-01 4.359035361918132123e-01
5.584999999999989484e+01 6.838238864352234048e-01 5.337794010162233774e-03 2.981157954675601740e-01 4.359540539328612407e-01
5.592499999999988347e+01 6.696593435232593983e-01 5.220818440659181353e-03 2.919742712938641072e-01 4.360041775236171424e-01
5.599999999999988631e+01 6.733331462171516790e-01 5.243018525707468340e-03 2.936090374396176372e-01 4.360531470775507734e-01
5.607499999999988916e+01 6.555050529559273143e-01 4.908011827134400352e-03 2.752167632065609659e-01 4.198545258583461504e-01
5.614999999999988489e+01 6.804993989298756540e-01 5.250087953671221490e-03 2.947924385986384621e-01 4.332001454552589781e-01
5.622499999999988773e+01 6.812586947297183393e-01 5.239851969852895273e-03 2.946106770049784496e-01 4.324505203149912047e-01
5.629999999999988347e+01 6.831032466958821825e-01 5.292896659105132511e-03 2.979900819076183316e-01 4.362299306129394649e-01
5.637499999999988631e+01 6.347023596059139239e-01 4.911771143554002558e-03 2.769010982178563562e-01 4.362692119023852122e-01
5.644999999999988916e+01 6.509903369209922852e-01 5.031561423038927172e-03 2.840316423305468962e-01 4.363070021498929307e-01
5.652499999999988489e+01 6.597194333175270264e-01 5.085846930451330336e-03 2.874774977437608570e-01 4.357572071177659989e-01
5.659999999999988773e+01 6.423309037194138149e-01 4.952299038620999044e-03 2.803001255859479679e-01 4.363796354229129149e-01
5.667499999999988347e+01 6.837702292834393347e-01 5.256957960306798093e-03 2.979380924003871556e-01 4.357283772249239129e-01
5.674999999999988631e+01 6.530203367138743831e-01 5.022222266253610970e-03 2.850111136098918418e-01 4.364505936279463039e-01
5.682499999999988205e+01 6.843075714906328155e-01 5.256324385232103748e-03 2.986906331908136814e-01 4.364859394148941085e-01
5.689999999999988489e+01 6.283947932674822656e-01 4.144013259748603913e-03 2.357943544796951008e-01 3.752328265701064813e-01
5.697499999999988773e+01 6.843855621345220630e-01 5.243925622368243722e-03 2.987726623344301169e-01 4.365560567972702199e-01
5.704999999999988347e+01 5.122992340413471402e-01 2.803131784215442089e-03 1.599186682894906397e-01 3.121587105019637542e-01
5.712499999999988631e+01 6.844392987441583198e-01 5.231368109495835271e-03 2.988419032549489707e-01 4.366229464077797107e-01
5.719999999999988205e+01 5.368454055037623629e-01 2.795063275910790283e-03 1.598776193820968805e-01 2.978094210046777213e-01
5.727499999999988489e+01 6.651376961689007272e-01 4.927156754211248386e-03 2.822029030974486652e-01 4.242774161243567654e-01
5.734999999999988063e+01 6.781375036722447902e-01 5.163840765569509966e-03 2.961462679054107650e-01 4.367053382267193085e-01
5.742499999999988347e+01 6.674262802561780061e-01 5.075862827836069222e-03 2.914814228884856639e-01 4.367245215106100309e-01
5.749999999999988631e+01 6.670223628159371865e-01 5.066331447295170827e-03 2.913140582194717609e-01 4.367380682555301319e-01
5.757499999999988205e+01 6.748091402422867757e-01 5.118882248321120557e-03 2.947196454470879523e-01 4.367451889304142520e-01
5.764999999999988489e+01 6.844976233017692202e-01 5.185621479014204671e-03 2.989510782651683130e-01 4.367452392648732973e-01
5.772499999999988063e+01 6.844973755338843446e-01 5.178793485092094209e-03 2.989458539269405080e-01 4.367377649823318553e-01
5.779999999999988347e+01 6.844923493257840663e-01 5.171855284796987584e-03 2.989332354612652676e-01 4.367225371557630353e-01
5.787499999999988631e+01 6.059021973395762872e-01 4.472709770865238889e-03 2.588580779888252081e-01 4.272274950073318145e-01
5.794999999999987494e+01 6.820137286560217227e-01 5.099324559745141427e-03 2.955058582372303011e-01 4.332843252577261439e-01
5.802499999999987779e+01 6.819520366917208865e-01 5.091608295703027240e-03 2.954405713581675919e-01 4.332277865044674159e-01
5.809999999999988063e+01 6.843827847116503715e-01 5.142746077722556812e-03 2.987935471156799583e-01 4.365883446959730740e-01
5.817499999999988347e+01 6.605998268441021226e-01 4.610818105703598686e-03 2.682343432993062882e-01 4.060466448814375462e-01
5.824999999999988631e+01 6.842606509250086511e-01 5.127397342903981803e-03 2.986708952241563519e-01 4.364870240900190490e-01
5.832499999999987494e+01 6.496291551996615787e-01 4.858636218955820867e-03 2.833799574705976321e-01 4.362180410198825964e-01
5.839999999999987779e+01 6.836136982870458789e-01 5.098599414087533893e-03 2.977582057827113937e-01 4.355650077358225181e-01
5.847499999999988063e+01 6.753065435023118956e-01 4.900909539231826026e-03 2.865806853065804294e-01 4.243712548975165366e-01
5.854999999999987637e+01 6.648684153241191108e-01 4.814469096746640253e-03 2.818871656145152116e-01 4.239743671341298370e-01
5.862499999999987921e+01 6.831391322641550135e-01 5.071123236409191999e-03 2.972945997344882407e-01 4.351889471609582394e-01
5.869999999999987494e+01 6.585979003764971251e-01 4.614543593051587470e-03 2.708737089121275865e-01 4.112884489265433152e-01
5.877499999999987779e+01 6.697760866504406385e-01 4.820753420938338543e-03 2.833397823156502682e-01 4.230365758990237701e-01
5.884999999999988063e+01 6.837406512120395297e-01 5.066398696675613635e-03 2.981575632993592739e-01 4.360682120784062921e-01
5.892499999999987637e+01 6.596129943165087717e-01 4.825121224485898544e-03 2.843202681528309572e-01 4.310410355809374816e-01
5.899999999999987921e+01 6.812998407064937423e-01 5.000879822957022582e-03 2.950519095544636983e-01 4.330720366065270444e-01
5.907499999999987494e+01 6.718155475381971664e-01 4.870065397287690404e-03 2.876991133447697191e-01 4.282412254360816739e-01
5.914999999999987779e+01 6.665119488367611256e-01 4.760620582911549020e-03 2.815907074792175502e-01 4.224841099558192536e-01
5.922499999999987352e+01 6.537230085818828140e-01 4.630404884829592699e-03 2.742357293040320609e-01 4.194983589439966187e-01
5.929999999999987637e+01 6.742824537696214815e-01 4.884993133930019653e-03 2.896800928420495413e-01 4.296123845764834304e-01
5.937499999999987921e+01 6.835019347406847690e-01 5.018260465475097784e-03 2.979592151375832776e-01 4.359303170818772388e-01
5.944999999999987494e+01 5.896282263323946449e-01 3.930605481447706565e-03 2.336744958720656795e-01 3.963081912234217574e-01
5.952499999999987779e+01 6.768877416377422351e-01 4.865474994163714734e-03 2.896173990275945354e-01 4.278662194810323172e-01
5.959999999999987352e+01 6.714829292777477754e-01 4.743829554675007068e-03 2.827322414586298516e-01 4.210564842843270150e-01
5.967499999999987637e+01 6.674476231890739131e-01 4.646612516633779645e-03 2.772866019301202245e-01 4.154432382352956088e-01
5.974999999999987210e+01 6.835161315354366662e-01 4.993638286640540193e-03 2.983698876267716349e-01 4.365220861086623327e-01
5.982499999999987494e+01 6.508443976309916668e-01 4.622546126354782486e-03 2.765438220091742672e-01 4.249000575494942256e-01
5.989999999999987779e+01 6.817171783804351071e-01 4.959606495894783654e-03 2.970804291040969325e-01 4.357825188003550121e-01
5.997499999999987352e+01 6.826967743838838754e-01 4.960334398138823396e-03 2.974960555283753250e-01 4.357660189574761311e-01
6.004999999999987637e+01 6.720287736920984578e-01 4.816750905989005890e-03 2.892458919046392296e-01 4.304070052172531136e-01
6.012499999999987210e+01 6.787394158846098424e-01 4.851984061028749053e-03 2.917255416693529391e-01 4.298049219510012842e-01
6.019999999999987494e+01 6.796651736496933660e-01 4.875673638356674451e-03 2.935155530290711745e-01 4.318531600684195060e-01
6.027499999999987779e+01 6.694485085981531913e-01 4.651410317454766387e-03 2.803637568845854799e-01 4.187980901946831702e-01
6.034999999999986642e+01 6.826600723501226042e-01 4.928553275765189777e-03 2.974381901924285643e-01 4.357046826665416650e-01
6.042499999999986926e+01 6.690867429868108118e-01 4.632111873759646621e-03 2.798953599719260499e-01 4.183244742265703753e-01
6.049999999999987210e+01 6.749721624476311410e-01 4.860965033811812802e-03 2.940883845456140344e-01 4.357044644317925597e-01
6.057499999999987494e+01 6.751291348084792476e-01 4.856162096537358641e-03 2.941620189977498523e-01 4.357122272336799718e-01
6.064999999999987779e+01 6.757309604665648894e-01 4.755971021027405841e-03 2.884496424253115698e-01 4.268705436053259472e-01
6.072499999999986642e+01 6.740107878554614240e-01 4.831033022665616981e-03 2.933644803013689684e-01 4.352519063304364777e-01
6.079999999999986926e+01 6.826089619100290662e-01 4.892440952778209264e-03 2.974604099289145376e-01 4.357698573083210736e-01
6.087499999999987210e+01 6.813275039399190325e-01 4.855708340420403051e-03 2.955912452230914367e-01 4.338460483596701112e-01
6.094999999999986784e+01 6.688846165686900269e-01 4.599595028923120568e-03 2.803453170128635819e-01 4.191235828550019527e-01
6.102499999999987068e+01 6.461087066922631683e-01 4.594591752479120113e-03 2.803849616950376822e-01 4.339594232222333536e-01
6.109999999999986642e+01 6.532567641745250508e-01 4.255099714355068188e-03 2.599865925470941086e-01 3.979853050210984122e-01
6.117499999999986926e+01 6.540200722660866051e-01 4.526498782760959676e-03 2.769085630354011229e-01 4.233945941077195130e-01
6.124999999999987210e+01 6.679210307966939597e-01 4.661922137449031958e-03 2.855427309187525964e-01 4.275097170965828086e-01
6.132499999999986784e+01 6.569128298783921682e-01 4.670964120003094806e-03 2.864468746591891657e-01 4.360500535698416114e-01
6.139999999999987068e+01 6.767575387800992548e-01 4.721325307742613685e-03 2.898893738953958188e-01 4.283504169276648454e-01
6.147499999999986642e+01 6.755406119633339257e-01 4.785627839383549409e-03 2.941964714261030567e-01 4.354978312422629894e-01
6.154999999999986926e+01 6.829537593360508474e-01 4.845383727048270528e-03 2.982333683998203977e-01 4.366816410671123805e-01
6.162499999999986500e+01 6.753273586316886901e-01 4.780337353744465965e-03 2.945882894245021033e-01 4.362155414840304668e-01
6.169999999999986784e+01 6.762147205034381159e-01 4.712153677475866380e-03 2.907398819002603441e-01 4.299520153654834975e-01
6.177499999999987068e+01 6.785712953794895697e-01 4.725037350537858796e-03 2.918891823294755827e-01 4.301525636539594299e-01
6.184999999999986642e+01 6.827149729479876639e-01 4.816105446276502076e-03 2.978761218522010257e-01 4.363111014922688158e-01
6.192499999999986926e+01 6.830421071236925101e-01 4.817977043481457347e-03 2.983532284175886007e-01 4.368006383588290964e-01
6.199999999999986500e+01 6.804372925172111897e-01 4.753288263352413272e-03 2.947038723278490036e-01 4.331095246670282339e-01
6.207499999999986784e+01 6.784410160233722564e-01 4.713760972945100353e-03 2.926067123955664595e-01 4.312927807794659785e-01
6.214999999999986358e+01 6.612885207430573287e-01 4.576072212561133230e-03 2.844028880106738155e-01 4.300738317536562105e-01
6.222499999999986642e+01 6.618743180266334347e-01 4.422694964105415745e-03 2.752021941414588557e-01 4.157922231549477932e-01
6.229999999999986926e+01 6.762094239752400870e-01 4.737267431958169621e-03 2.951317610109933653e-01 4.364502335326811977e-01
6.237499999999986500e+01 6.793289492616368941e-01 4.720024334997363798e-03 2.944115178954599399e-01 4.333857966975440124e-01
6.244999999999986784e+01 6.810670026719275461e-01 4.760347020443274520e-03 2.972836714266818836e-01 4.364969529582164998e-01
6.252499999999986358e+01 6.437003988901707219e-01 4.012965502092734858e-03 2.509106680183477156e-01 3.897941782403004929e-01
6.259999999999986642e+01 6.824498586011145118e-01 4.759148850069451833e-03 2.979227180143469988e-01 4.365488749972472604e-01
6.267499999999986926e+01 6.360682896961211696e-01 4.400095588461181394e-03 2.757759910068039444e-01 4.335634954205227487e-01
6.274999999999985789e+01 6.545816818241524393e-01 4.174588303575743446e-03 2.619554160493773320e-01 4.001875141378449241e-01
6.282499999999986073e+01 6.403525810411749841e-01 3.958988512360938489e-03 2.487234532890754135e-01 3.884164141021591021e-01
6.289999999999986358e+01 6.827437442180047666e-01 4.740821353196414054e-03 2.981976631160537794e-01 4.367636695926095936e-01
6.297499999999986642e+01 6.679466038231764990e-01 4.441827081563988824e-03 2.797240604614915638e-01 4.187820685971210821e-01
6.304999999999986926e+01 6.629712788286290515e-01 4.416310113393620562e-03 2.784483526494672123e-01 4.200006267864933029e-01
6.312499999999985789e+01 6.183132231142448587e-01 4.240859785243868661e-03 2.677042739435185892e-01 4.329589986692800041e-01
6.319999999999986073e+01 6.570425321111904582e-01 4.219223054782515574e-03 2.666548970622544257e-01 4.058411503520882313e-01
6.327499999999986358e+01 6.755732283677454708e-01 4.650498921684131232e-03 2.942603192695627534e-01 4.355713147196877411e-01
6.334999999999985931e+01 6.821559950163693653e-01 4.697328085414479056e-03 2.975757342110065817e-01 4.362282767944680728e-01
6.342499999999986215e+01 6.818356409604949819e-01 4.685047801190083371e-03 2.971491567904803732e-01 4.358076036798096409e-01
6.349999999999985789e+01 6.819001781061699852e-01 4.685500511828605101e-03 2.975292825011157660e-01 4.363238081671116375e-01
6.357499999999986073e+01 6.759873775499053439e-01 4.562092007667621976e-03 2.900349993874684618e-01 4.290538684889221854e-01
6.364999999999986358e+01 6.810943301458676213e-01 4.646870567362942211e-03 2.957733116126506356e-01 4.342618907858268318e-01
6.372499999999985931e+01 6.813434259047814745e-01 4.661586656176977018e-03 2.970596096648772111e-01 4.359910118313691796e-01
6.379999999999986215e+01 6.459328275158841004e-01 4.320084085371818199e-03 2.756213646467213785e-01 4.267028286930402148e-01
6.387499999999985789e+01 6.757016819363123039e-01 4.617022646306971623e-03 2.949123215328571801e-01 4.364534370963041310e-01
6.394999999999986073e+01 6.752713589592717058e-01 4.522245985457946406e-03 2.891976307700350191e-01 4.282687647462887215e-01
6.402499999999986358e+01 6.819525770543932719e-01 4.628368113155906412e-03 2.963312684448062839e-01 4.345335415033860782e-01
6.409999999999985221e+01 6.793123941611263206e-01 4.629045959610091077e-03 2.967218460110061518e-01 4.367973388405844704e-01
6.417499999999986926e+01 6.794445559735693418e-01 4.591466429342769447e-03 2.946573581030715872e-01 4.336738818679030660e-01
6.424999999999985789e+01 6.422133759084595050e-01 3.897464900288220933e-03 2.504121198435176332e-01 3.899204364737665074e-01
6.432499999999986073e+01 6.728061627479560158e-01 4.525114608180761180e-03 2.910779971712268432e-01 4.326327749174754822e-01
6.439999999999986358e+01 6.759795152700953658e-01 4.584973357915109009e-03 2.952722842497323974e-01 4.368065563817462582e-01
6.447499999999985221e+01 6.715940773189230661e-01 4.417133994354301325e-03 2.847947142859929004e-01 4.240578109665953388e-01
6.454999999999985505e+01 6.810177437472049178e-01 4.596747201489378119e-03 2.967200318561387107e-01 4.357008823639135220e-01
6.462499999999985789e+01 6.512792731767416132e-01 4.109936411243029011e-03 2.656046405765801754e-01 4.078198885111785632e-01
6.469999999999986073e+01 6.769874455635245258e-01 4.570915170751556171e-03 2.957382115476250295e-01 4.368444547763399854e-01
6.477499999999986358e+01 6.790123394167254522e-01 4.527569017736648473e-03 2.932732831238907822e-01 4.319115664021861423e-01
6.484999999999985221e+01 6.813781445541617909e-01 4.581936561413122583e-03 2.971385860076403151e-01 4.360847033068011580e-01
6.492499999999985505e+01 6.386209112606592297e-01 4.159746064245695325e-03 2.700715132211511937e-01 4.228980111033647793e-01
6.499999999999985789e+01 6.774125937605157688e-01 4.482519228105746011e-03 2.913637498268728532e-01 4.301126854011191325e-01
6.507499999999986073e+01 6.829489501370717974e-01 4.584825115094202236e-03 2.983574943647545608e-01 4.368664660877983330e-01
6.514999999999984936e+01 6.820659429865089107e-01 4.573554554825017167e-03 2.979670792468491758e-01 4.368596355099684247e-01
6.522499999999985221e+01 6.753940273618593837e-01 4.435928401308459126e-03 2.893334299753436145e-01 4.283920470921279700e-01
6.529999999999985505e+01 6.698875593299904452e-01 4.481291175581015099e-03 2.926283137654396294e-01 4.368319872339788135e-01
6.537499999999985789e+01 6.501843693520639178e-01 3.943818145635212200e-03 2.578271112709014101e-01 3.965446163029680005e-01
6.544999999999986073e+01 6.822188897105053718e-01 4.552861869503073769e-03 2.979848093589755331e-01 4.367876847934000217e-01
6.552499999999984936e+01 6.789407119505689314e-01 4.471609828197361906e-03 2.930022339926314778e-01 4.315579090121846040e-01
6.559999999999985221e+01 6.750540418464932024e-01 4.494180464433141647e-03 2.948182384668134315e-01 4.367327949928116460e-01
6.567499999999985505e+01 6.827221287605648170e-01 4.539742823017897146e-03 2.981476099016997505e-01 4.367041836522367881e-01
6.574999999999985789e+01 6.613466837779472529e-01 4.112749118603539061e-03 2.704132545481821026e-01 4.088827557181425876e-01
6.582499999999984652e+01 6.833018290744156120e-01 4.516834933533896840e-03 2.973206594998680785e-01 4.351234649885418193e-01
6.589999999999984936e+01 6.478531855286792096e-01 4.288379860236974685e-03 2.826042327896159945e-01 4.362164748159683691e-01
6.597499999999985221e+01 6.823132128309060684e-01 4.513682470577407534e-03 2.977902009963437902e-01 4.364420846561321010e-01
6.604999999999985505e+01 6.568694230875977702e-01 4.340870983247304034e-03 2.867145284434837738e-01 4.364863371106384449e-01
6.612499999999985789e+01 6.822705538055472418e-01 4.504736152414589266e-03 2.978756780784140856e-01 4.365946564994377943e-01
6.619999999999984652e+01 6.822371708682414271e-01 4.499419955159101280e-03 2.978616010315318086e-01 4.365953861066549924e-01
6.627499999999984936e+01 6.823242973481906670e-01 4.495232198453436023e-03 2.979215139525007716e-01 4.366274440326300965e-01
6.634999999999985221e+01 6.687125308302598325e-01 4.403900032856627664e-03 2.921987671800365671e-01 4.369572180997544075e-01
6.642499999999985505e+01 6.822311007917629677e-01 4.484529443112553714e-03 2.978848682587507124e-01 4.366333752786124567e-01
6.649999999999985789e+01 6.823076051594737512e-01 4.475917965381988155e-03 2.976485446979015848e-01 4.362380580945350306e-01
6.657499999999984652e+01 6.576393241643734289e-01 4.085182241803288032e-03 2.719710077480532728e-01 4.135564856825313385e-01
6.664999999999984936e+01 6.746216028194291781e-01 4.306587456214157339e-03 2.870340539566729188e-01 4.254741513717892887e-01
6.672499999999985221e+01 6.830092879327797073e-01 4.457147864006168539e-03 2.974031912258109367e-01 4.354306690703168004e-01
6.679999999999985505e+01 6.804794474579475283e-01 4.432119733124847277e-03 2.960655981727391417e-01 4.350838210892996605e-01
6.687499999999985789e+01 6.338920073002440869e-01 4.140086305825822419e-03 2.768682717021012651e-01 4.367751423168869662e-01
6.694999999999984652e+01 6.827172387102713458e-01 4.454532532622492748e-03 2.982309530590752100e-01 4.368293872620919727e-01
6.702499999999983515e+01 6.735614157904604715e-01 4.382093926405529645e-03 2.937098454173299178e-01 4.360550330405218444e-01
6.709999999999985221e+01 6.664028519380372773e-01 4.312327484985646608e-03 2.893571742425362636e-01 4.342075868988642395e-01
6.717499999999985505e+01 6.794912116423440507e-01 4.401000992064374624e-03 2.956372416419237314e-01 4.350861888667588717e-01
6.724999999999985789e+01 6.823851137816672185e-01 4.426871862672186915e-03 2.977071327647039523e-01 4.362743658267389524e-01
6.732499999999984652e+01 6.806133599061199302e-01 4.387879260322402435e-03 2.954139712012050500e-01 4.340408058430602067e-01
6.739999999999983515e+01 6.767625132777853603e-01 4.313239671584110334e-03 2.907123538647683469e-01 4.295633226739347110e-01
6.747499999999985221e+01 6.791406193300376648e-01 4.371304418263876126e-03 2.949537656223544246e-01 4.343044094657775300e-01
6.754999999999984084e+01 6.539107221868584174e-01 4.210041472263988636e-03 2.843883014514317908e-01 4.349038665406167459e-01
6.762499999999985789e+01 6.191946871473371639e-01 3.978054760129011783e-03 2.690159531537238413e-01 4.344610164423319265e-01
6.769999999999984652e+01 6.389849808009757659e-01 4.046806822974645043e-03 2.739688219153828541e-01 4.287562777640868128e-01
6.777499999999983515e+01 6.827644931186304111e-01 4.402537633285766479e-03 2.983819880959420745e-01 4.370203651526122224e-01
6.784999999999985221e+01 6.821804626952998607e-01 4.388542266827450376e-03 2.977625928042418879e-01 4.364865443782716681e-01
6.792499999999984084e+01 6.821962208704556163e-01 4.383438371814860068e-03 2.977450514055236530e-01 4.364507487678730424e-01
6.799999999999985789e+01 6.798802609409712039e-01 4.328041020228624684e-03 2.943067893755458853e-01 4.328803265566468772e-01
6.807499999999984652e+01 6.822684498829582056e-01 4.373713266181545115e-03 2.977405305953080283e-01 4.363979173394062494e-01
6.814999999999983515e+01 6.816640442742157857e-01 4.360158973681289504e-03 2.971448340563791479e-01 4.359109689770368501e-01
6.822499999999983800e+01 6.823511459153021042e-01 4.364416806997678186e-03 2.977623366574159158e-01 4.363769863066605526e-01
6.829999999999984084e+01 6.823808024611814904e-01 4.359840700797782895e-03 2.977771198644878492e-01 4.363796853464784742e-01
6.837499999999985789e+01 6.788587508211048061e-01 4.294103405008819520e-03 2.936093203174774402e-01 4.325042874712097252e-01
6.844999999999984652e+01 6.811390656309518343e-01 4.305626397096612434e-03 2.947201268812624786e-01 4.326871585441333101e-01
6.852499999999983515e+01 6.722567795751898112e-01 4.154444563401151445e-03 2.846833137070632347e-01 4.234740687731841646e-01
6.859999999999983800e+01 6.823662502415235309e-01 4.341569589430378621e-03 2.978316738349232606e-01 4.364689398537893172e-01
6.867499999999984084e+01 6.690596841433610331e-01 4.070453781608758537e-03 2.795384134519808272e-01 4.178078878118196005e-01
6.874999999999984368e+01 6.824197059033544344e-01 4.334438206267077556e-03 2.979926266808609059e-01 4.366706062310914405e-01
6.882499999999984652e+01 6.823000813329355152e-01 4.328105728522690585e-03 2.978818767655735389e-01 4.365848472180071660e-01
6.889999999999983515e+01 6.822975632156690340e-01 4.323769160924432510e-03 2.979076951876926671e-01 4.366242989109523354e-01
6.897499999999983800e+01 6.821141996693503851e-01 4.311522415268055977e-03 2.973872585931134349e-01 4.359786949711201287e-01
6.904999999999984084e+01 6.746618423347559013e-01 4.249718623900350205e-03 2.934430709803185211e-01 4.349483734915557953e-01
6.912499999999984368e+01 6.807053621209225858e-01 4.270564580261960140e-03 2.952027766106073425e-01 4.336718836631796581e-01
6.919999999999984652e+01 6.824680590367211419e-01 4.307297263062293165e-03 2.980649706039100177e-01 4.367456713280001845e-01
6.927499999999983515e+01 6.131010952082412979e-01 3.856777208868748721e-03 2.671782411443819338e-01 4.357817058761478402e-01
6.934999999999983800e+01 6.826284005851231962e-01 4.299238447165306884e-03 2.981521863109133363e-01 4.367708493454837138e-01
6.942499999999984084e+01 6.827065668252159103e-01 4.295109548764127969e-03 2.981879804229489173e-01 4.367732711428421455e-01
6.949999999999984368e+01 6.823205273339015831e-01 4.281129259086050194e-03 2.975384835064798228e-01 4.360684921338675579e-01
6.957499999999984652e+01 6.806976923734684437e-01 4.240850748544512834e-03 2.950571908299838286e-01 4.334628927581248847e-01
6.964999999999983515e+01 6.828562917950916633e-01 4.281891932424501668e-03 2.982337730933658504e-01 4.367445635001316329e-01
6.972499999999983800e+01 6.439563907187356717e-01 4.036593832081927444e-03 2.814515049419117343e-01 4.370660948449890393e-01
6.979999999999984084e+01 6.828554613958462971e-01 4.272286925038929276e-03 2.982056273677166081e-01 4.367038769202271631e-01
6.987499999999984368e+01 6.814034654602386665e-01 4.241979540240298566e-03 2.964083203742902128e-01 4.349967902996910718e-01
6.994999999999983231e+01 6.714111739821068126e-01 4.159530412967120394e-03 2.909591523870493912e-01 4.333546471402686118e-01
7.002499999999983515e+01 6.827495516283769161e-01 4.257197499048739724e-03 2.981102548708872702e-01 4.366319306396992950e-01
7.009999999999983800e+01 6.713821346667754320e-01 4.016680641347867946e-03 2.815693129584848631e-01 4.193875565340073885e-01
7.017499999999984084e+01 6.760308493283417874e-01 4.119443723510316305e-03 2.890819632973358200e-01 4.276165260572767912e-01
7.024999999999984368e+01 6.807562974759127084e-01 4.198110046720202049e-03 2.949172307820935313e-01 4.332199817696561484e-01
7.032499999999983231e+01 6.812965320367618816e-01 4.205978991305217574e-03 2.957854725635387094e-01 4.341508559852444993e-01
7.039999999999983515e+01 6.827055243288239206e-01 4.233373167315987798e-03 2.980294709790448637e-01 4.365417597463288057e-01
7.047499999999983800e+01 6.306100450653308043e-01 3.906087263727560550e-03 2.752814999111992122e-01 4.365320566415655801e-01
7.054999999999984084e+01 6.838909146944963657e-01 4.233561538550904661e-03 2.986777665447656327e-01 4.367330521976434676e-01
7.062499999999982947e+01 5.953231315404554636e-01 3.683745155425560865e-03 2.601645016019296097e-01 4.370139304493831922e-01
7.069999999999983231e+01 5.827623139548836484e-01 3.502027196252599246e-03 2.475933227750581889e-01 4.248615891010179557e-01
7.077499999999983515e+01 6.513404275035259428e-01 3.658983742384758903e-03 2.589645743672807088e-01 3.975871348257111748e-01
7.084999999999983800e+01 6.830532407550317098e-01 4.208380595115061677e-03 2.981637651639014175e-01 4.365161416031316799e-01
7.092499999999984084e+01 6.811349410079878819e-01 4.164417823123549474e-03 2.953613341050370655e-01 4.336311592941364812e-01
7.099999999999982947e+01 6.620169444524146574e-01 3.830852315310951436e-03 2.719905143870768871e-01 4.108512881223199686e-01
7.107499999999983231e+01 6.830880763579841863e-01 4.195287079620629335e-03 2.981800291840355221e-01 4.365176900376300795e-01
7.114999999999983515e+01 6.483374323470972866e-01 3.596662432425905016e-03 2.559025320671025616e-01 3.947057801995014770e-01
7.122499999999983800e+01 6.711239667925137375e-01 3.974709585407522686e-03 2.830986902206501510e-01 4.218277162320052120e-01
7.129999999999984084e+01 6.734874397041684668e-01 4.012537916528814697e-03 2.860939534485038571e-01 4.247947869290206180e-01
7.137499999999982947e+01 6.829187608658005004e-01 4.176643835050535512e-03 2.981079537267312674e-01 4.365203752036211360e-01
7.144999999999983231e+01 6.828728008632803936e-01 4.171996117842305223e-03 2.980891226198320032e-01 4.365221784247241277e-01
7.152499999999983515e+01 6.817385259077295423e-01 4.148184244628347166e-03 2.966988780970418738e-01 4.352091994536902986e-01
7.159999999999983800e+01 6.813361211606702161e-01 4.136520621045230300e-03 2.961748764668378220e-01 4.346971594024661156e-01
7.167499999999984084e+01 6.828187601193472789e-01 4.158709312028499409e-03 2.980754899396420576e-01 4.365367610689879219e-01
7.174999999999982947e+01 6.809124001599105025e-01 4.120584935541016236e-03 2.956519691250671933e-01 4.341997135837650790e-01
7.182499999999981810e+01 6.828718404504267037e-01 4.150552365570892195e-03 2.981134236571285623e-01 4.365583788906730045e-01
7.189999999999983515e+01 6.680433541433999922e-01 4.031810763341645357e-03 2.898871938842636498e-01 4.339347021212001110e-01
7.197499999999983800e+01 6.829750020610647621e-01 4.142846441572552336e-03 2.981813726321838054e-01 4.365919275703203928e-01
7.204999999999984084e+01 6.825061441371037541e-01 4.127352622412008148e-03 2.973757564447845336e-01 4.357114716099124707e-01
7.212499999999982947e+01 6.213283085769929492e-01 3.761453870255412543e-03 2.712948603921709889e-01 4.366368901064694441e-01
7.219999999999981810e+01 6.634967531830283649e-01 4.012801963223617055e-03 2.897243017447443947e-01 4.366627272173292940e-01
7.227499999999983515e+01 6.751486741766116184e-01 3.975290016317510090e-03 2.873140859293473737e-01 4.255567653743019818e-01
7.234999999999982379e+01 6.435337193011857471e-01 3.469741518255385800e-03 2.510357988457765366e-01 3.900895808822212318e-01
7.242499999999984084e+01 6.634920716128057672e-01 4.001064493972508219e-03 2.897770959759582432e-01 4.367453785417100276e-01
7.249999999999982947e+01 6.823098458558852775e-01 4.102823270250949457e-03 2.974546870931931153e-01 4.359525058883882975e-01
7.257499999999981810e+01 6.708355630232104572e-01 4.037452503328342948e-03 2.930181154290537604e-01 4.367957388969188059e-01
7.264999999999983515e+01 6.831218278878046224e-01 4.107349867123789161e-03 2.983989678465426287e-01 4.368166199127097027e-01
7.272499999999982379e+01 6.830987099359042691e-01 4.103133325608023310e-03 2.984003711048427432e-01 4.368334572507711067e-01
7.279999999999984084e+01 6.830812137862014577e-01 4.098914355584404312e-03 2.984009650865440122e-01 4.368455156782293791e-01
7.287499999999982947e+01 6.797877080666857585e-01 4.034592188524498135e-03 2.940209057387220826e-01 4.325187146659604798e-01
7.294999999999981810e+01 6.769682463393953409e-01 3.977538302787137457e-03 2.901614191883209459e-01 4.286189503825703628e-01
7.302499999999983515e+01 5.616967172871490943e-01 3.107777377812935820e-03 2.269454430147891388e-01 4.040355516245089929e-01
7.309999999999982379e+01 6.803508143780772066e-01 4.029334868301915479e-03 2.945443788728693280e-01 4.329301481649852068e-01
7.317499999999982663e+01 6.831549547184185833e-01 4.078125722262492155e-03 2.984168497265571318e-01 4.368216136989857556e-01
7.324999999999982947e+01 6.831943050835415088e-01 4.073988800331920269e-03 2.984196796243124838e-01 4.368005959707487729e-01
7.332499999999981810e+01 6.697291046975547557e-01 3.819706653162525337e-03 2.800799903431414606e-01 4.181989230849146866e-01
7.339999999999982094e+01 6.832662059135928834e-01 4.065591469029645327e-03 2.984144138267752489e-01 4.367469241768899835e-01
7.347499999999982379e+01 6.824279792402325739e-01 4.044265577254559270e-03 2.971524132887780612e-01 4.354341004886796984e-01
7.354999999999982663e+01 6.757838085537127837e-01 3.966855846191638495e-03 2.917622474873943217e-01 4.317390322088553445e-01
7.362499999999982947e+01 6.551270258129584523e-01 3.885403235738374515e-03 2.860628132312371674e-01 4.366524383210368399e-01
7.369999999999981810e+01 6.832810573697579715e-01 4.047968692897482325e-03 2.983352926665436833e-01 4.366216353413400197e-01
7.377499999999982094e+01 6.795173714976903145e-01 3.970836525028111422e-03 2.929484646339481912e-01 4.311125468187444465e-01
7.384999999999982379e+01 6.832181622434763124e-01 4.038872007588669918e-03 2.982706977604225873e-01 4.365672844249254281e-01
7.392499999999982663e+01 6.818978041714622851e-01 4.006964656197486985e-03 2.962148622093985217e-01 4.343977358444692793e-01
7.399999999999982947e+01 6.818141011865574974e-01 4.004322573088230780e-03 2.963198704085283630e-01 4.346050776785702618e-01
7.407499999999981810e+01 6.809513604333464754e-01 4.012763632610875063e-03 2.972454660856498343e-01 4.365149750144967644e-01
7.414999999999982094e+01 6.753763913602149893e-01 3.873171115677693458e-03 2.871956382275002717e-01 4.252378997866438359e-01
7.422499999999982379e+01 6.831108699157257824e-01 4.017249924799189131e-03 2.981803756682190887e-01 4.365036318409119542e-01
7.429999999999982663e+01 6.803352608936625856e-01 3.958160649603337765e-03 2.940913362655273033e-01 4.322741347835185044e-01
7.437499999999981526e+01 6.831693616442566785e-01 4.009549269125066255e-03 2.982102268911760445e-01 4.365099543888233402e-01
7.444999999999981810e+01 6.832215106288411777e-01 4.005894360257787438e-03 2.982388351211915367e-01 4.365185089776970617e-01
7.452499999999982094e+01 6.832839723515821140e-01 4.002331772804155335e-03 2.982737753682289661e-01 4.365297408362930343e-01
7.459999999999982379e+01 6.833514589529516847e-01 3.998823141030216459e-03 2.983122063208534236e-01 4.365428688451692407e-01
7.467499999999982663e+01 4.687292206231670200e-01 2.740235223373695995e-03 2.046270653054302890e-01 4.365570916047911698e-01
7.474999999999981526e+01 6.765670065151004886e-01 3.951437622861717416e-03 2.953699623089126591e-01 4.365716321733170702e-01
7.482499999999981810e+01 6.835268973162822448e-01 3.988214147508750348e-03 2.984181235873415439e-01 4.365857799583521270e-01
7.489999999999982094e+01 6.835603714803363262e-01 3.984535714681497129e-03 2.984417250296433899e-01 4.365989274412297450e-01
7.497499999999982379e+01 6.835767517085247214e-01 3.980751661126491481e-03 2.984568557929579979e-01 4.366106001220755317e-01
7.504999999999982663e+01 6.795434814703525950e-01 3.906860734885614014e-03 2.932098981531646720e-01 4.314807016009275520e-01
7.512499999999981526e+01 6.835599035776177557e-01 3.972867508866239662e-03 2.984616716035755069e-01 4.366284067299529559e-01
7.519999999999981810e+01 6.835318991662228116e-01 3.968797093010283973e-03 2.984535413943726345e-01 4.366344010549155774e-01
7.527499999999982094e+01 6.822625017756545063e-01 3.941210353466657532e-03 2.966746093572019127e-01 4.348393889229986709e-01
7.534999999999982379e+01 6.834590643717693981e-01 3.960538039783215343e-03 2.984265412976645493e-01 4.366414271964862426e-01
7.542499999999982663e+01 6.834245766719212467e-01 3.956416336102254461e-03 2.984127021505118549e-01 4.366432117552676573e-01
7.549999999999981526e+01 6.833976371496419677e-01 3.952342071460189510e-03 2.984018263952435968e-01 4.366445099808023977e-01
7.557499999999981810e+01 6.282985220173893381e-01 3.105166356224568856e-03 2.346729473716712144e-01 3.735054900625346397e-01
7.564999999999982094e+01 6.760178830133576344e-01 3.817649368811820276e-03 2.888051747506135136e-01 4.272152882454248735e-01
7.572499999999982379e+01 6.833885248827770154e-01 3.940606375200629390e-03 2.984024177620669960e-01 4.366511975208429708e-01
7.579999999999981242e+01 6.821092551991787545e-01 3.915100814510779487e-03 2.967646417399163461e-01 4.350690735800964992e-01
7.587499999999981526e+01 6.834408828512095191e-01 3.933225423825937282e-03 2.984334790327922704e-01 4.366631943172231689e-01
7.594999999999981810e+01 6.826047448416678876e-01 3.915249706178114235e-03 2.973632151842270366e-01 4.356301614240921660e-01
7.602499999999982094e+01 6.835132830801172732e-01 3.926071438605726119e-03 2.984795811199996152e-01 4.366843900603664674e-01
7.609999999999982379e+01 6.835465202073719437e-01 3.922520506414125564e-03 2.985038105381142559e-01 4.366986031141746327e-01
7.617499999999981242e+01 6.757391989430704404e-01 3.787950817238725041e-03 2.885471535031591817e-01 4.270096421141148513e-01
7.624999999999981526e+01 6.835893226704653491e-01 3.915359397434089311e-03 2.985461540543485892e-01 4.367332024556318526e-01
7.632499999999981810e+01 6.835950215788106910e-01 3.911719388905782711e-03 2.985619823582331689e-01 4.367527160579421919e-01
7.639999999999982094e+01 6.835900289510848937e-01 3.908031559491469825e-03 2.985736111451475772e-01 4.367729172458604814e-01
7.647499999999982379e+01 6.835759428428880291e-01 3.904298880391383550e-03 2.985812568779303566e-01 4.367931025134917378e-01
7.654999999999981242e+01 6.807037645567711737e-01 3.852639190037723555e-03 2.949195299973870199e-01 4.332567929742814350e-01
7.662499999999981526e+01 6.675214622045980706e-01 3.630162527563830874e-03 2.781612036745778616e-01 4.167075059368208212e-01
7.669999999999981810e+01 6.835100840872537775e-01 3.892942316580605844e-03 2.985886756817317522e-01 4.368460431428181634e-01
7.677499999999980673e+01 6.834925280695355321e-01 3.889152678024694870e-03 2.985896968553451991e-01 4.368587579131048004e-01
7.684999999999982379e+01 6.834825636867301046e-01 3.885382697138174170e-03 2.985916602750680049e-01 4.368679994767585284e-01
7.692499999999981242e+01 6.834820751186487797e-01 3.881639288431637611e-03 2.985951022626029960e-01 4.368733477183999181e-01
7.699999999999980105e+01 6.834916494951334132e-01 3.877923387966339744e-03 2.986001008734073814e-01 4.368745413261021504e-01
7.707499999999981810e+01 5.948991167015132975e-01 3.364988340665340302e-03 2.593564763567804965e-01 4.359671565740631527e-01
7.714999999999980673e+01 6.835366098773795196e-01 3.870547526146343297e-03 2.986127416421896497e-01 4.368642986010041751e-01
7.722499999999982379e+01 6.835669341846567493e-01 3.866862066519184248e-03 2.986184230869433076e-01 4.368532299519851114e-01
7.729999999999981242e+01 6.835978670740494589e-01 3.863156828551127849e-03 2.986220228470014559e-01 4.368387281914292153e-01
7.737499999999980105e+01 6.836256825595055098e-01 3.859416026209300851e-03 2.986223150279438965e-01 4.368213814172357545e-01
7.744999999999981810e+01 6.836470315336475867e-01 3.855627124644525096e-03 2.986183208037177517e-01 4.368018978065589808e-01
7.752499999999980673e+01 6.836593867375072575e-01 3.851783037290606917e-03 2.986094799659535504e-01 4.367810722104594201e-01
7.759999999999982379e+01 6.836613887386838728e-01 3.847883713364618971e-03 2.985957761570937619e-01 4.367597484304121536e-01
7.767499999999981242e+01 6.836530427570783885e-01 3.843936855421116808e-03 2.985777952448345207e-01 4.367387791338007696e-01
7.774999999999980105e+01 6.836357474258984990e-01 3.839957685182755331e-03 2.985567100229584714e-01 4.367189854350324030e-01
7.782499999999981810e+01 6.836121505201590010e-01 3.835967755279796627e-03 2.985341905546494701e-01 4.367011182108092027e-01
7.789999999999980673e+01 6.835858392087286184e-01 3.831992873224757904e-03 2.985122448242079063e-01 4.366858230558797183e-01
7.797499999999980957e+01 6.835609159937221513e-01 3.828060446352036812e-03 2.984930133042993372e-01 4.366736106764780301e-01
7.804999999999981242e+01 6.835415120112560139e-01 3.824196553965403256e-03 2.984785410369990011e-01 4.366648342377249525e-01
7.812499999999980105e+01 6.835312718413431021e-01 3.820422946691335968e-03 2.984705427102598563e-01 4.366596745547860481e-01
7.819999999999980389e+01 6.798900468432576005e-01 3.752545126518871260e-03 2.934490288937749991e-01 4.316124794829170330e-01
7.827499999999980673e+01 6.835478582752378962e-01 3.813197508311825731e-03 2.984780349631074303e-01 4.366600397465104089e-01
7.834999999999980957e+01 6.835760857870819551e-01 3.809748420880797182e-03 2.984937887760097386e-01 4.366650545305700293e-01
7.842499999999981242e+01 6.836160603924926749e-01 3.806394247143748879e-03 2.985164688322478055e-01 4.366726970411680675e-01
7.849999999999980105e+01 6.836649159430590039e-01 3.803113560128447857e-03 2.985444144700823976e-01 4.366823680841734889e-01
7.857499999999980389e+01 6.837187510142290758e-01 3.799878515160193607e-03 2.985754543287114648e-01 4.366933828943616591e-01
7.864999999999980673e+01 6.837730734565968804e-01 3.796657659788448425e-03 2.986071249423607465e-01 4.367050071639229092e-01
7.872499999999980957e+01 6.838232935196579820e-01 3.793419016946526778e-03 2.986369121091145828e-01 4.367164952396135336e-01
7.879999999999981242e+01 6.838652389833378420e-01 3.790133274344791459e-03 2.986625020183688584e-01 4.367271283774750712e-01
7.887499999999980105e+01 6.838956118721384314e-01 3.786776618604839606e-03 2.986820057924559624e-01 4.367362512749939363e-01
7.894999999999980389e+01 6.839123457939579875e-01 3.783332972078190873e-03 2.986941381455724409e-01 4.367433048731070855e-01
7.902499999999980673e+01 6.839148166887283331e-01 3.779795362879848422e-03 2.986983285515792952e-01 4.367478540642972251e-01
7.909999999999980957e+01 6.839038805503477869e-01 3.776166273094741337e-03 2.986947522017933121e-01 4.367496086751680995e-01
7.917499999999979821e+01 6.838817467353192070e-01 3.772457013029137558e-03 2.986842840065812021e-01 4.367484370396277349e-01
7.924999999999980105e+01 6.838516896534202472e-01 3.768686135486135590e-03 2.986683762372754902e-01 4.367443712665859401e-01
7.932499999999980389e+01 6.838176441457011201e-01 3.764877146375680047e-03 2.986488796362500864e-01 4.367376042327111296e-01
7.939999999999980673e+01 6.837837337417831396e-01 3.761055788494448680e-03 2.986278296064585058e-01 4.367284784215548221e-01
7.947499999999980957e+01 6.837537845667355230e-01 3.757247197677392268e-03 2.986072210354100420e-01 4.367174672746041431e-01
7.954999999999979821e+01 6.837308850350893863e-01 3.753473271448834123e-03 2.985887987437539914e-01 4.367051500510032991e-01
7.962499999999980105e+01 6.837170463027040235e-01 3.749750561911418048e-03 2.985738884921959047e-01 4.366921815197911672e-01
7.969999999999980389e+01 6.837129983988379234e-01 3.746088893937380565e-03 2.985632848468084966e-01 4.366792580307859994e-01
7.977499999999980673e+01 6.837181462888425321e-01 3.742490851084293978e-03 2.985572076452488455e-01 4.366670816999507210e-01
7.984999999999980957e+01 6.837306987258238156e-01 3.738952207912100978e-03 2.985553338017805647e-01 4.366563244244520137e-01
7.992499999999979821e+01 6.837479186516315366e-01 3.735463039083872054e-03 2.985568833987777282e-01 4.366475937324088008e-01
7.999999999999980105e+01 6.837665197853010079e-01 3.732009645892579112e-03 2.985607716714056004e-01 4.366414017538502446e-01
8.007499999999980389e+01 6.837830990170985501e-01 3.728576708976940896e-03 2.985657799713278271e-01 4.366381392001353889e-01
8.014999999999980673e+01 6.837945904901849836e-01 3.725149597186297890e-03 2.985707402144810452e-01 4.366380552973483375e-01
8.022499999999980957e+01 6.837986658679955365e-01 3.721716430656342965e-03 2.985747006494043898e-01 4.366412447886275361e-01
8.029999999999979821e+01 6.837940408785075919e-01 3.718269686436544933e-03 2.985770558208538095e-01 4.366476423767243764e-01
8.037499999999980105e+01 6.837806425528337728e-01 3.714807105313423004e-03 2.985776210895656479e-01 4.366570249412923266e-01
8.044999999999980389e+01 6.837596243952650532e-01 3.711331833477841003e-03 2.985766460032915903e-01 4.366690213207026217e-01
8.052499999999980673e+01 6.837332202075966370e-01 3.707851747813988540e-03 2.985747619927207053e-01 4.366831289871607735e-01
8.059999999999979536e+01 6.837044634044920910e-01 3.704378108756107776e-03 2.985728755657415245e-01 4.366987368767554223e-01
8.067499999999979821e+01 6.836767961092635737e-01 3.700923665087675531e-03 2.985720166809474607e-01 4.367151530958648942e-01
8.074999999999980105e+01 6.836536329383555710e-01 3.697500553699210445e-03 2.985731697112105065e-01 4.367316362058044632e-01
8.082499999999980389e+01 6.836379144796606022e-01 3.694118170720195066e-03 2.985771011484590343e-01 4.367474284625011416e-01
8.089999999999980673e+01 6.836317211392376469e-01 3.690781383076526846e-03 2.985842138908902932e-01 4.367617895104616288e-01
8.097499999999979536e+01 6.836359901916566617e-01 3.687489295282376199e-03 2.985944456854896512e-01 4.367740288245781088e-01
8.104999999999979821e+01 6.836503694952055232e-01 3.684234737473594118e-03 2.986072254722340613e-01 4.367835355559304134e-01
8.112499999999980105e+01 6.836732339553884819e-01 3.681004598375643613e-03 2.986214980432233546e-01 4.367898042688463933e-01
8.119999999999980389e+01 6.837018546398672125e-01 3.677780935782112674e-03 2.986358119855068161e-01 4.367924555986616442e-01
8.127499999999980673e+01 6.837327169511627778e-01 3.674542832116911226e-03 2.986484686803012600e-01 4.367912508443455577e-01
8.134999999999979536e+01 6.837619210814126491e-01 3.671268628751847996e-03 2.986577029489621005e-01 4.367861001627819650e-01
8.142499999999979821e+01 6.837856614209069095e-01 3.667938513907779540e-03 2.986618934949402115e-01 4.367770638453001286e-01
8.149999999999980105e+01 6.838006817608430765e-01 3.664536911561169352e-03 2.986597582922345673e-01 4.367643470655236393e-01
8.157499999999978968e+01 6.838046824209764729e-01 3.661054546553597910e-03 2.986505246351089937e-01 4.367482883822200179e-01
8.164999999999980673e+01 6.837966154905628091e-01 3.657489852072587713e-03 2.986340464217260848e-01 4.367293426971453063e-01
8.172499999999979536e+01 6.837768369199663798e-01 3.653849565005141443e-03 2.986108557000444197e-01 4.367080596720999131e-01
8.179999999999978400e+01 6.837470937850795849e-01 3.650148407946259867e-03 2.985821397700032520e-01 4.366850586773474152e-01
8.187499999999980105e+01 6.837103446015450059e-01 3.646407863644117106e-03 2.985496438358613558e-01 4.366610015383797228e-01
8.194999999999978968e+01 6.836704426542642432e-01 3.642654219690226024e-03 2.985155133036132558e-01 4.366365644603040774e-01
8.202499999999980673e+01 6.836317017793036577e-01 3.638916002288120500e-03 2.984820850876823695e-01 4.366124103238868681e-01
8.209999999999979536e+01 6.835984097774531199e-01 3.635221161165736251e-03 2.984516573317061994e-01 4.365891626764721867e-01
8.217499999999978400e+01 6.835743430068165205e-01 3.631594301203493712e-03 2.984262617013963004e-01 4.365673825449888357e-01
8.224999999999980105e+01 6.835623313497327658e-01 3.628054228247422179e-03 2.984074602733497450e-01 4.365475489032978329e-01
8.232499999999978968e+01 6.835639406121466477e-01 3.624612168465984798e-03 2.983961967689614525e-01 4.365300435563366221e-01
8.239999999999980673e+01 6.835792849567987606e-01 3.621270728064037228e-03 2.983927079924759695e-01 4.365151410510252350e-01
8.247499999999979536e+01 6.836070241423383154e-01 3.618023877066557561e-03 2.983965192610635864e-01 4.365030035135105679e-01
8.254999999999978400e+01 6.836445173703734612e-01 3.614857803357590920e-03 2.984065116671683615e-01 4.364936806850784334e-01
8.262499999999980105e+01 6.836881296243800810e-01 3.611752605776074893e-03 2.984210590522474726e-01 4.364871146968731797e-01
8.269999999999978968e+01 6.818235272389876478e-01 3.598603147670315344e-03 2.976044803123343296e-01 4.364831491184671952e-01
8.277499999999979252e+01 6.837767874936978574e-01 3.605629070826030756e-03 2.984559463376239563e-01 4.364815416322899155e-01
8.284999999999979536e+01 6.838136324923350662e-01 3.602562799126202402e-03 2.984723279076051394e-01 4.364819794828391775e-01
8.292499999999978400e+01 6.838411283541364627e-01 3.599466713755884208e-03 2.984857772382059071e-01 4.364840967617715228e-01
8.299999999999978684e+01 6.838573832920714635e-01 3.596327646177988578e-03 2.984951946327722982e-01 4.364874927515212111e-01
8.307499999999978968e+01 6.838618763354028518e-01 3.593139539694647881e-03 2.985000672601321181e-01 4.364917501465332972e-01
8.314999999999979252e+01 6.838554794643736390e-01 3.589903678440965491e-03 2.985004908623655195e-01 4.364964525782034088e-01
8.322499999999979536e+01 6.838403207466318134e-01 3.586628067587502560e-03 2.984971209249691615e-01 4.365012004543158408e-01
8.329999999999978400e+01 6.838195030051861245e-01 3.583326042612163323e-03 2.984910593495924136e-01 4.365056247120939759e-01
8.337499999999978684e+01 6.219016410432611774e-01 2.727731805266859436e-03 2.274246392641238179e-01 3.656922964258644271e-01
8.344999999999978968e+01 6.837756540758908042e-01 3.576709930481692962e-03 2.984764436986965253e-01 4.365122418727842568e-01
8.352499999999979252e+01 6.837597944110231918e-01 3.573429246715160816e-03 2.984706778318830800e-01 4.365139340914007127e-01
8.359999999999979536e+01 3.281340973662520977e-01 1.713340056069211168e-03 1.432352286873856961e-01 4.365143087446697878e-01
8.367499999999978400e+01 6.837528602068958516e-01 3.566981631315441648e-03 2.984671880003187949e-01 4.365132570121988409e-01
8.374999999999978684e+01 6.800750635138352873e-01 3.504224449711974918e-03 2.934787976633771445e-01 4.315388306505766880e-01
8.382499999999978968e+01 6.837821593359033612e-01 3.560697859294205490e-03 2.984754980553360193e-01 4.365067060907507068e-01
8.389999999999979252e+01 6.774619323519399661e-01 3.458985605701253834e-03 2.902088923183344660e-01 4.283766783925677668e-01
8.397499999999978115e+01 6.838338065239960573e-01 3.554505902470915177e-03 2.984896331599943275e-01 4.364944088933693234e-01
8.404999999999978400e+01 6.838595730607890388e-01 3.551402092639613373e-03 2.984953458863587317e-01 4.364863162628055404e-01
8.412499999999978684e+01 6.838801634970236298e-01 3.548267804819353003e-03 2.984980290804273295e-01 4.364770979085818015e-01
8.419999999999978968e+01 6.449855472310553894e-01 2.975104853027570571e-03 2.505038286249208213e-01 3.883867316102541656e-01
8.427499999999979252e+01 6.839840900856040129e-01 3.544923065598614819e-03 2.987483913533225399e-01 4.367768135015138720e-01
8.434999999999978115e+01 6.838811645097835346e-01 3.538542208191881693e-03 2.984760352609844292e-01 4.364442987327141754e-01
8.442499999999978400e+01 6.838568203467535467e-01 3.535175268831225719e-03 2.984571720710754716e-01 4.364322518853304134e-01
8.449999999999978684e+01 6.838213111882306405e-01 3.531754772938430070e-03 2.984332783132965794e-01 4.364199732159984579e-01
8.457499999999978968e+01 6.779944130347645981e-01 3.439324169461423740e-03 2.908808416321991830e-01 4.290313253912965141e-01
8.464999999999979252e+01 6.837285064861606809e-01 3.524820867415021011e-03 2.983760864266807866e-01 4.363955628530170050e-01
8.472499999999978115e+01 6.836791204218817253e-01 3.521351957872476904e-03 2.983465446307448365e-01 4.363838761766520857e-01
8.479999999999978400e+01 6.836335126413765062e-01 3.517913957086943235e-03 2.983191035609720210e-01 4.363728489674928435e-01
8.487499999999978684e+01 6.835956585643850891e-01 3.514529219645681161e-03 2.982956675174264216e-01 4.363627296052102755e-01
8.494999999999978968e+01 6.691185960007250966e-01 3.436991475498373232e-03 2.919724258435860698e-01 4.363537758308986825e-01
8.502499999999979252e+01 6.835546719753183842e-01 3.507986114904694096e-03 2.982665194197708924e-01 4.363462523895098588e-01
8.509999999999978115e+01 6.835541522928700875e-01 3.504845015375790407e-03 2.982623108084789809e-01 4.363404271746533780e-01
8.517499999999978400e+01 6.835663584843992835e-01 3.501790399632769002e-03 2.982649972887203571e-01 4.363365656993892783e-01
8.524999999999978684e+01 6.835891910992087928e-01 3.498813346332405819e-03 2.982738377748368475e-01 4.363349240429236220e-01
8.532499999999978968e+01 6.836195178405034545e-01 3.495899541944456120e-03 2.982876284164099889e-01 4.363357403233241727e-01
8.539999999999977831e+01 5.899832382368602746e-01 3.014435936333433735e-03 2.574328289628745603e-01 4.363392250468022815e-01
8.547499999999978115e+01 6.836873480573673056e-01 3.490189323629286008e-03 2.983239324372124468e-01 4.363455507621598617e-01
8.554999999999978400e+01 6.837171959395488274e-01 3.487356034226875290e-03 2.983433087281084362e-01 4.363548415922635648e-01
8.562499999999978684e+01 6.765165313989286444e-01 3.368487440566816406e-03 2.884267370985329482e-01 4.263410038216099429e-01
8.569999999999978968e+01 6.821796584157751031e-01 3.473643803453844037e-03 2.976912739559937071e-01 4.363825134383539917e-01
8.577499999999977831e+01 6.826203242990382947e-01 3.460217045788829132e-03 2.968001171025360652e-01 4.347953123243303852e-01
8.584999999999978115e+01 6.805817325417667929e-01 3.429516586444531032e-03 2.944239989462622553e-01 4.326063790261865383e-01
8.592499999999978400e+01 6.837435617529139531e-01 3.472992120112404230e-03 2.984168479206575908e-01 4.364455690896833495e-01
8.599999999999978684e+01 6.837283430430283193e-01 3.470091975774458864e-03 2.984279099166027294e-01 4.364714626110243190e-01
8.607499999999978968e+01 6.837124497886799546e-01 3.467208094882350076e-03 2.984399367669975378e-01 4.364991991285789297e-01
8.614999999999977831e+01 6.836994646881005000e-01 3.464354911418029807e-03 2.984541756186624983e-01 4.365283154855408299e-01
8.622499999999978115e+01 6.839026689901158695e-01 3.464894899207389585e-03 2.987605626841564055e-01 4.368466102425376807e-01
8.629999999999978400e+01 6.829012209736259331e-01 3.454772492593727578e-03 2.981468661108379603e-01 4.365885679421747101e-01
8.637499999999977263e+01 6.837068515587659823e-01 3.456082193032096895e-03 2.985190994231465833e-01 4.366185577087028369e-01
8.644999999999978968e+01 6.837296571456381589e-01 3.453429297368858317e-03 2.985489627575370619e-01 4.366476715430006594e-01
8.652499999999977831e+01 6.837620421409410509e-01 3.450817904992897148e-03 2.985820192295096653e-01 4.366753356103440509e-01
8.659999999999976694e+01 6.838018389029048016e-01 3.448232746528793937e-03 2.986169558493927401e-01 4.367010131597413025e-01
8.667499999999978400e+01 6.840702666535871668e-01 3.448247847312747513e-03 2.988768821658316366e-01 4.369096227905235885e-01
8.674999999999977263e+01 6.838907176051569614e-01 3.443061165347848993e-03 2.986855560939251086e-01 4.367445681085712073e-01
8.682499999999978968e+01 6.818439291621903875e-01 3.406951506719604721e-03 2.958085645709289668e-01 4.338361785143428628e-01
8.689999999999977831e+01 6.833587363164651540e-01 3.434687723311593416e-03 2.984743631557766896e-01 4.367755137874647087e-01
8.697499999999976694e+01 6.839927747616770803e-01 3.434991051588983171e-03 2.987583467119510061e-01 4.367858225052846377e-01
8.704999999999978400e+01 6.840070193496258222e-01 3.432156978544446003e-03 2.987692649822932811e-01 4.367926885697341888e-01
8.712499999999977263e+01 6.840094545821203686e-01 3.429242723162414380e-03 2.987727722555245657e-01 4.367962610079020314e-01
8.719999999999978968e+01 6.621291841153581492e-01 3.316696222870280444e-03 2.892159106342877539e-01 4.367968027579036683e-01
8.727499999999977831e+01 6.839829164826054519e-01 3.423203661999477034e-03 2.987600996010035814e-01 4.367946806879078325e-01
8.734999999999976694e+01 6.835903154852404073e-01 3.420366956120445608e-03 2.987690536171201394e-01 4.370586400204362620e-01
8.742499999999978400e+01 6.839315117683928413e-01 3.416992574590742814e-03 2.987305758335949690e-01 4.367843427204993745e-01
8.749999999999977263e+01 6.830515287577872963e-01 3.409615508391002428e-03 2.983413569842119362e-01 4.367772333762024450e-01
8.757499999999977547e+01 6.838829560604777758e-01 3.410782815924683509e-03 2.986993051046034076e-01 4.367696291559407529e-01
8.764999999999977831e+01 6.838679499118591743e-01 3.407731074810127925e-03 2.986876287071069669e-01 4.367621391609353143e-01
8.772499999999976694e+01 6.835951442242365061e-01 3.403406527644769336e-03 2.985638376376366088e-01 4.367553517022937370e-01
8.779999999999976978e+01 6.838664586052559669e-01 3.401805772969852121e-03 2.986785468667522148e-01 4.367498114703657341e-01
8.787499999999977263e+01 6.710639297039110440e-01 3.323219788785125844e-03 2.920279389394921932e-01 4.351715626681673665e-01
8.794999999999977547e+01 6.841745340665168484e-01 3.400004565491877156e-03 2.990304015350098155e-01 4.370674245322575535e-01
8.802499999999977831e+01 6.839337878155754558e-01 3.393407558925041426e-03 2.987047003743760198e-01 4.367450558750908263e-01
8.809999999999976694e+01 6.839677952005279726e-01 3.390713494214522665e-03 2.987218588402986708e-01 4.367484272453476812e-01
8.817499999999976978e+01 6.840031106981455666e-01 3.388051575998239119e-03 2.987414477136439706e-01 4.367545162312577167e-01
8.824999999999977263e+01 6.823280265226963071e-01 3.358527059886216252e-03 2.963900130349578221e-01 4.343805347487056379e-01
8.832499999999977547e+01 6.840673845015036170e-01 3.382771625762913403e-03 2.987833038455085521e-01 4.367746666700666469e-01
8.839999999999977831e+01 6.840926008079675213e-01 3.380132405917167168e-03 2.988037046830768206e-01 4.367883884874153022e-01
8.847499999999976694e+01 6.841120383181065190e-01 3.377485074129589135e-03 2.988229919336146123e-01 4.368041712411211419e-01
8.854999999999976978e+01 6.841259244738149281e-01 3.374827969879309192e-03 2.988410167328120481e-01 4.368216523334663703e-01
8.862499999999977263e+01 6.680038311915049709e-01 3.138900703570173065e-03 2.781850748539058671e-01 4.164423344065448784e-01
8.869999999999977547e+01 6.826946060449917697e-01 3.346791305304650920e-03 2.968603887805217889e-01 4.348362886595851240e-01
8.877499999999976410e+01 6.823476080100467911e-01 3.338484073138438517e-03 2.963739235928640747e-01 4.343444896908033037e-01
8.884999999999976694e+01 6.841541901822320026e-01 3.364175866252707217e-03 2.989070257165522548e-01 4.369000877374369374e-01
8.892499999999976978e+01 6.819290950504353077e-01 3.339919328589032507e-03 2.970023262947789622e-01 4.355325626234098912e-01
8.899999999999977263e+01 6.841781915189626417e-01 3.358918709073246533e-03 2.989437651075181890e-01 4.369384596194523240e-01
8.907499999999977547e+01 6.055708136423112453e-01 2.956574359750418265e-03 2.633568610947678579e-01 4.348902806440787527e-01
8.914999999999976410e+01 6.833031722889632009e-01 3.337886907590359616e-03 2.975726178116797627e-01 4.354913453933721978e-01
8.922499999999976694e+01 6.842499717872239096e-01 3.351174724036603842e-03 2.990085647521651957e-01 4.369873249262560821e-01
8.929999999999976978e+01 6.843567108320302017e-01 3.349627025193304894e-03 2.991216933497613528e-01 4.370844745368155926e-01
8.937499999999977263e+01 6.843131379634450617e-01 3.346048233680637678e-03 2.990530608852062233e-01 4.370120114531268474e-01
8.944999999999977547e+01 6.757930690099142046e-01 3.301691743381286910e-03 2.953363264454553772e-01 4.370218340329303786e-01
8.952499999999976410e+01 6.843720764263564460e-01 3.340867405405198963e-03 2.990911544688996671e-01 4.370300378570225464e-01
8.959999999999976694e+01 6.843954879939248004e-01 3.338236167923532786e-03 2.991059606459477438e-01 4.370367220314036460e-01
8.967499999999976978e+01 6.842548773814597363e-01 3.333181766012842731e-03 2.989030748672009130e-01 4.368300245239872259e-01
8.974999999999977263e+01 6.831367296328567651e-01 3.312016126382386419e-03 2.972534473428184443e-01 4.351302374014840990e-01
8.982499999999977547e+01 6.844312402997481115e-01 3.330141905927440273e-03 2.991299966999315663e-01 4.370490110429894326e-01
8.989999999999976410e+01 6.844325448746584328e-01 3.327385310787577509e-03 2.991319394398024301e-01 4.370510164658857333e-01
8.997499999999976694e+01 6.833979628855614274e-01 3.319595364843401421e-03 2.986805929517842850e-01 4.370522143359094613e-01
9.004999999999976978e+01 6.837077569592162618e-01 3.309719998456958634e-03 2.980402858610483596e-01 4.359176604732111215e-01
9.012499999999977263e+01 6.844221229128725215e-01 3.319040269010870101e-03 2.991285042446039100e-01 4.370526524939393198e-01
9.019999999999976126e+01 6.703851888115827107e-01 3.110953912620756379e-03 2.806080429183914760e-01 4.185773307668625431e-01
9.027499999999976410e+01 6.841197671767808020e-01 3.308316632202737591e-03 2.986582839721013682e-01 4.365584774791724243e-01
9.034999999999976694e+01 6.844197180994804341e-01 3.310740164942229963e-03 2.991253739025296898e-01 4.370496144283379514e-01
9.042499999999976978e+01 6.833510499197132937e-01 3.291240219508104366e-03 2.976103968490195761e-01 4.355161185220769449e-01
9.049999999999977263e+01 6.838615982341781363e-01 3.295897938756209376e-03 2.982787634574362023e-01 4.361683186007691559e-01
9.057499999999976126e+01 6.772529901298398602e-01 3.261595124036740026e-03 2.954189783596269381e-01 4.362018073969530230e-01
9.064999999999976410e+01 6.830425846187718752e-01 3.278805167533118542e-03 2.972236884368764098e-01 4.351466440452853024e-01
9.072499999999976694e+01 6.843660458549478687e-01 3.296292694306131831e-03 2.990561546909230595e-01 4.369827470287857007e-01
9.079999999999976978e+01 6.844421622595407984e-01 3.294323215841378234e-03 2.991245479983963840e-01 4.370340760582311912e-01
9.087499999999977263e+01 6.844360872678063590e-01 3.291549750685948249e-03 2.991195835935848146e-01 4.370307018550663170e-01
9.094999999999976126e+01 6.783896137748846034e-01 3.212090945402569508e-03 2.921396714843629283e-01 4.306370049782424214e-01
9.102499999999976410e+01 6.819973166679934584e-01 3.248028043765443986e-03 2.956517526837487697e-01 4.335086743862901493e-01
9.109999999999976694e+01 6.843875748769278067e-01 3.283113643507809369e-03 2.990916529235606580e-01 4.370208693185959059e-01
9.117499999999975557e+01 6.831438615086434796e-01 3.262822567036111066e-03 2.974878475495166263e-01 4.354688145664508125e-01
9.124999999999977263e+01 6.843163221211049363e-01 3.276975284774973681e-03 2.990239947357156147e-01 4.369675032868742259e-01
9.132499999999976126e+01 6.843139756950078478e-01 3.274622795848295288e-03 2.990549268308447806e-01 4.370142032056505421e-01
9.139999999999974989e+01 6.825208459833346231e-01 3.246491715246206666e-03 2.967293427735024913e-01 4.347549888326016632e-01
9.147499999999976694e+01 6.842722151834229605e-01 3.269046549713587862e-03 2.990360331350496725e-01 4.370132624117894493e-01
9.154999999999975557e+01 6.840937874914874151e-01 3.263206798515776771e-03 2.987465824041185547e-01 4.367041301450731994e-01
9.162499999999977263e+01 6.842473071826952191e-01 3.263596021744270999e-03 2.990269854923180981e-01 4.370159478208620607e-01
9.169999999999976126e+01 6.842414866190532630e-01 3.260919612863918179e-03 2.990263284996205195e-01 4.370187051608891426e-01
9.177499999999974989e+01 6.842390607930204371e-01 3.258270372087179387e-03 2.990277633983000616e-01 4.370223515911710876e-01
9.184999999999976694e+01 6.834935829605141011e-01 3.245579919928632141e-03 2.981065156454441034e-01 4.361511550031128004e-01
9.192499999999975557e+01 6.842387436893044850e-01 3.253023161643280644e-03 2.990341541340577614e-01 4.370318940458034485e-01
9.199999999999977263e+01 6.820676568735122292e-01 3.220319631836771404e-03 2.962694061289822267e-01 4.343695279248883656e-01
