# tau eta power W_out Q_hot
2.450000000000000000e+01 6.787381545892365864e-01 1.204374464416202613e-02 2.950717437819696531e-01 4.347357545569884851e-01
2.457499999999999929e+01 6.796786871932036789e-01 1.205236673319938501e-02 2.961869124683749188e-01 4.357749007718725309e-01
2.464999999999999858e+01 6.791489864808224475e-01 1.198208254799453497e-02 2.953583348080652815e-01 4.348947590108868111e-01
2.472500000000000142e+01 6.787954664898494528e-01 1.193770450319349592e-02 2.951597438414591545e-01 4.348286905446987483e-01
2.479999999999999716e+01 6.783328300832768276e-01 1.188999422428525625e-02 2.948718567622743425e-01 4.347008484405418538e-01
2.487500000000000000e+01 6.751134218274065235e-01 1.168218575150014801e-02 2.905943705685661849e-01 4.304378511420810516e-01
2.494999999999999929e+01 6.779643797231190705e-01 1.180505419664904659e-02 2.945361022063937018e-01 4.344418541969451986e-01
2.502499999999999858e+01 6.781873191393242850e-01 1.177228308239052640e-02 2.946013841368229080e-01 4.343953002699850185e-01
2.509999999999999787e+01 6.785254180323569972e-01 1.174406591737502115e-02 2.947760545261129961e-01 4.344362741500952252e-01
2.517499999999999716e+01 6.787852750272601599e-01 1.171696582318739431e-02 2.949746145987426349e-01 4.345624830870062905e-01
2.524999999999999645e+01 6.748457665877272138e-01 1.145940322925644191e-02 2.893499315387251247e-01 4.287645353423296668e-01
2.532499999999999574e+01 6.794481653869648419e-01 1.170099895932978119e-02 2.963277986450266743e-01 4.361301034292434098e-01
2.539999999999999858e+01 6.784508341059771741e-01 1.162343815809778989e-02 2.952353292156838505e-01 4.351609790630263097e-01
2.547499999999999432e+01 6.783043315975286758e-01 1.159050540647380174e-02 2.952681252299200754e-01 4.353033166315045666e-01
2.554999999999999716e+01 6.783699638541332844e-01 1.155933764498245746e-02 2.953410768293017741e-01 4.353687406077542121e-01
2.562499999999999645e+01 6.786580394734678112e-01 1.152999315074402717e-02 2.954560744878156342e-01 4.353533846251098627e-01
2.569999999999999574e+01 6.790632844702931825e-01 1.150107697158148784e-02 2.955776781696441979e-01 4.352726541535978932e-01
2.577499999999999503e+01 6.794252873057445852e-01 1.147067262974976222e-02 2.956565870318000888e-01 4.351568782554795511e-01
2.584999999999999432e+01 6.796175041235094083e-01 1.143764803375286847e-02 2.956632016725115886e-01 4.350435353395188942e-01
2.592499999999999716e+01 6.534634537588683845e-01 1.074105604738525080e-02 2.784618780284625617e-01 4.261322900717513518e-01
2.599999999999999289e+01 6.795133772203215683e-01 1.136761246174707723e-02 2.955579240054239110e-01 4.349552693347402688e-01
2.607499999999999574e+01 6.794645332523790993e-01 1.133563262625190103e-02 2.955766207295182912e-01 4.350140533674181631e-01
2.614999999999999503e+01 6.796042922359967209e-01 1.130860221832489208e-02 2.957199480091958765e-01 4.351354919143231581e-01
2.622499999999999432e+01 6.799708357721943042e-01 1.128649777932032479e-02 2.959884042626754752e-01 4.352957343038728610e-01
2.629999999999999361e+01 6.804819261778156658e-01 1.126707804281290061e-02 2.963241525259792120e-01 4.354621939636162953e-01
2.637499999999999289e+01 6.809735539308960917e-01 1.124675705811066864e-02 2.966332174076687922e-01 4.356016701314814332e-01
2.644999999999999218e+01 6.820202950676316211e-01 1.126825239211587046e-02 2.980452757714646683e-01 4.370035289666994727e-01
2.652499999999999147e+01 6.813165626385844220e-01 1.119156693279325758e-02 2.968563128923410455e-01 4.357098141613993669e-01
2.659999999999999432e+01 6.811142452444400863e-01 1.115566680885254208e-02 2.967407371154775486e-01 4.356695505744156982e-01
2.667499999999999005e+01 6.537110891469846141e-01 1.040080425348354105e-02 2.774414534616733707e-01 4.244098930977314721e-01
2.674999999999999289e+01 6.794938005227987299e-01 1.101039493053443744e-02 2.945280643917961294e-01 4.334521730223114266e-01
2.682499999999999218e+01 6.835480260603342684e-01 1.109479188885844313e-02 2.976177924186276247e-01 4.354014364344869215e-01
2.689999999999999147e+01 6.701982175437337652e-01 1.084669039028116240e-02 2.917759714985631581e-01 4.353577253128449454e-01
2.697499999999999076e+01 6.733455691090183270e-01 1.064208445366257583e-02 2.870702281375479004e-01 4.263341756557540441e-01
2.704999999999999005e+01 6.809271380021321152e-01 1.096128185589342018e-02 2.965026742019168937e-01 4.354396493461367701e-01
2.712499999999999289e+01 6.809779652391841909e-01 1.093464648221127884e-02 2.966022858299808274e-01 4.355534260580712358e-01
2.719999999999998863e+01 6.808857143904727405e-01 1.090639060083309526e-02 2.966538243426600774e-01 4.356881310224343107e-01
2.727499999999999147e+01 6.807154957644802051e-01 1.087687216963233866e-02 2.966666884267219473e-01 4.358159763845970147e-01
2.734999999999999076e+01 6.819402885870997633e-01 1.086894484368674044e-02 2.972656414748322540e-01 4.359115401301949522e-01
2.742499999999999005e+01 6.805683496166008428e-01 1.081856346592207849e-02 2.966991030529129159e-01 4.359578332140464085e-01
2.749999999999998934e+01 6.807118069303176311e-01 1.079114245931201040e-02 2.967564176310801827e-01 4.359501548376378266e-01
2.757499999999998863e+01 6.809544501100586178e-01 1.076431239013203069e-02 2.968259141578906135e-01 4.358968710901535148e-01
2.764999999999998792e+01 6.739082006900781741e-01 1.038621753954807429e-02 2.871789149685041176e-01 4.261395167389779859e-01
2.772499999999998721e+01 6.813347911425733372e-01 1.070808616716357846e-02 2.968816889846100926e-01 4.357354018084860225e-01
2.779999999999999005e+01 6.813460218870172058e-01 1.067792839356197440e-02 2.968464093410227989e-01 4.356764401719024349e-01
2.787499999999998579e+01 6.812733778370735349e-01 1.064761935558131492e-02 2.968023895368290255e-01 4.356582822583290326e-01
2.794999999999998863e+01 6.814853220394838651e-01 1.062309078942579380e-02 2.969153875644507945e-01 4.356886024718344963e-01
2.802499999999998792e+01 6.812737481616770729e-01 1.059318191639991094e-02 2.968739232071073708e-01 4.357630453370331391e-01
2.809999999999998721e+01 6.814862442001781151e-01 1.057071549437575524e-02 2.970371053919586002e-01 4.358666193483835549e-01
2.817499999999998650e+01 6.819117366869470453e-01 1.054215331629594632e-02 2.970251696866381685e-01 4.355771483414089817e-01
2.824999999999998579e+01 6.821519627512765416e-01 1.052984430764519405e-02 2.974681016909765940e-01 4.360730715942221503e-01
2.832499999999998863e+01 6.702288043073009183e-01 9.922477033216213493e-03 2.810541619658490919e-01 4.193406194416337551e-01
2.839999999999998437e+01 6.728471669622080320e-01 1.001289594704908581e-02 2.843662448961938871e-01 4.226312584179550136e-01
2.847499999999998721e+01 6.823128728238020413e-01 1.045035548838987166e-02 2.975738725319014844e-01 4.361252504300118238e-01
2.854999999999998650e+01 6.820974071845954390e-01 1.041822400800247392e-02 2.974402954284705025e-01 4.360671838002962986e-01
2.862499999999998579e+01 6.819003610656076964e-01 1.038622594083061200e-02 2.973057175562761056e-01 4.359958353617464089e-01
2.869999999999998508e+01 6.818100488399229109e-01 1.035620735388813329e-02 2.972231510565892521e-01 4.359324881795223483e-01
2.877499999999998437e+01 6.818504162124352508e-01 1.032895789885091530e-02 2.972157635394349073e-01 4.358958452946595785e-01
2.884999999999998366e+01 6.807081978291811275e-01 1.024832755266981595e-02 2.956642498945240005e-01 4.343480082029492761e-01
2.892499999999998295e+01 6.697636149854037102e-01 9.714037650285082745e-03 2.809785390344958778e-01 4.195189657184039134e-01
2.899999999999998579e+01 6.821448131908587342e-01 1.025602978259836616e-02 2.974248636953524816e-01 4.360142567149233317e-01
2.907499999999998508e+01 6.820872875042081063e-01 1.023085665463788207e-02 2.974621572335962583e-01 4.361057047728089664e-01
2.914999999999998437e+01 6.819624762301176313e-01 1.020474793099837921e-02 2.974684021886025986e-01 4.361946772101087388e-01
2.922499999999998010e+01 6.818461628963310428e-01 1.017841476482576370e-02 2.974641715020327482e-01 4.362628811145186081e-01
2.929999999999998295e+01 6.818106683223443820e-01 1.015263734609261545e-02 2.974722742405134790e-01 4.362974767943575971e-01
2.937499999999998579e+01 6.818852654092569798e-01 1.012774402321753656e-02 2.975024806820150136e-01 4.362940450157089534e-01
2.944999999999998153e+01 6.820413002522799362e-01 1.010341563624108166e-02 2.975455904872996715e-01 4.362574383358319707e-01
2.952499999999998082e+01 6.822094179930940916e-01 1.007891609288832924e-02 2.975799976425277382e-01 4.362003657439101900e-01
2.959999999999998010e+01 6.819357863894259797e-01 1.003558021431711841e-02 2.970531743437865302e-01 4.356028533369143974e-01
2.967499999999998295e+01 6.823366787551256030e-01 1.002739990910759757e-02 2.975630923027677843e-01 4.360942355402179782e-01
2.974999999999998224e+01 6.790032203571267910e-01 9.855180019191596072e-03 2.931916055709498092e-01 4.317970766276240657e-01
2.982499999999998153e+01 6.822352717277541112e-01 9.975451675602160784e-03 2.975178462248342370e-01 4.360927359726993191e-01
2.989999999999998082e+01 6.641153497821649099e-01 9.687230477213685034e-03 2.896481912686890148e-01 4.361413892386253321e-01
2.997499999999998010e+01 6.706235590609392894e-01 9.383455578455081325e-03 2.812690809641908984e-01 4.194142558278840527e-01
3.004999999999997939e+01 6.826101343657334786e-01 9.910692208306199139e-03 2.978163008596010908e-01 4.362904766075961227e-01
3.012499999999997868e+01 6.828548510542965522e-01 9.891121968031432038e-03 2.979700492869467032e-01 4.363592772708498879e-01
3.019999999999998153e+01 6.830353172941215911e-01 9.870196633628310762e-03 2.980799383355747789e-01 4.364048692480987368e-01
3.027499999999998082e+01 6.830910818293816078e-01 9.846874971713458213e-03 2.981141397686247752e-01 4.364193117120593879e-01
3.034999999999998010e+01 6.832611527406604601e-01 9.835848135008798745e-03 2.985179908975168495e-01 4.369017464261176209e-01
3.042499999999997584e+01 6.828626070584868923e-01 9.793750870225919475e-03 2.979748702266233895e-01 4.363613809667893362e-01
3.049999999999997868e+01 6.795465418724988549e-01 9.607752101586583549e-03 2.930364390983906109e-01 4.312235013232870173e-01
3.057499999999998153e+01 6.826260239305245170e-01 9.740092485089635668e-03 2.978033277316154415e-01 4.362613162868881345e-01
3.064999999999997726e+01 6.789874896148052619e-01 9.536590790793941785e-03 2.922965077378341103e-01 4.304887972290272202e-01
3.072499999999997655e+01 6.827215213916115744e-01 9.693166015588908224e-03 2.978225258289689537e-01 4.362284130459347931e-01
3.079999999999997584e+01 6.779355591777365131e-01 9.602359116552197996e-03 2.957526607898074422e-01 4.362548280378209520e-01
3.087499999999997868e+01 6.791750013723543145e-01 9.506916613264167551e-03 2.935260504345309496e-01 4.321802920328729480e-01
3.094999999999997797e+01 6.828182654693651932e-01 9.627188968947543793e-03 2.979614985889262879e-01 4.363701348617400333e-01
3.102499999999997726e+01 6.827253016400322005e-01 9.604024396428054514e-03 2.979648568991801749e-01 4.364344725227167765e-01
3.109999999999997655e+01 6.809914412500671643e-01 9.557642884324870150e-03 2.972426937025032245e-01 4.364852121443221211e-01
3.117499999999997584e+01 6.825847510278137964e-01 9.557555216503928197e-03 2.979567838745097452e-01 4.365125113414212166e-01
3.124999999999997513e+01 6.826223663597315028e-01 9.535140692430851481e-03 2.979731466384638594e-01 4.365124281342938062e-01
3.132499999999997442e+01 6.827273934789447329e-01 9.513236271830576712e-03 2.980021262150925887e-01 4.364877241801825569e-01
3.139999999999997726e+01 6.830213903943294085e-01 9.498558193802924057e-03 2.982547272854115805e-01 4.366696731316421776e-01
3.147499999999997655e+01 6.786597222480885705e-01 9.279284927692107651e-03 2.920654930991088971e-01 4.303563089491001525e-01
3.154999999999997584e+01 6.829641333183281704e-01 9.446057656913841791e-03 2.980231190756315041e-01 4.363671597622880705e-01
3.162499999999997158e+01 6.829313372250951364e-01 9.422855477481841338e-03 2.979978044753629485e-01 4.363510476561166529e-01
3.169999999999997442e+01 6.826938835214698686e-01 9.395512809171330595e-03 2.978377560507309285e-01 4.362683821252725802e-01
3.177499999999997726e+01 6.828902992032481745e-01 9.378682858673883030e-03 2.980076478343623991e-01 4.363916842603537960e-01
3.184999999999997300e+01 6.829724384832114303e-01 9.358780860602711194e-03 2.980771704101961017e-01 4.364409947086368424e-01
3.192499999999997229e+01 6.831279029447071549e-01 9.340115142604936069e-03 2.981831759276623028e-01 4.364968472848304026e-01
3.199999999999997158e+01 6.833100163384769887e-01 9.321786516055774810e-03 2.982971685137845164e-01 4.365473377841183056e-01
3.207499999999997442e+01 6.834545071435299546e-01 9.302698472528552615e-03 2.983840535063531085e-01 4.365821724600764120e-01
3.214999999999997726e+01 6.752911794271238000e-01 8.926801640325840795e-03 2.869966727364755554e-01 4.249969220387954660e-01
3.222499999999997300e+01 6.836290462037059035e-01 9.268758609252327613e-03 2.986857461831560201e-01 4.369120180627235062e-01
3.229999999999996874e+01 6.833579832617785454e-01 9.236077137850566554e-03 2.983252915525730353e-01 4.365578494138869781e-01
3.237499999999997158e+01 6.443439042437136832e-01 7.767141346988424948e-03 2.514612011087500321e-01 3.902593001231194902e-01
3.244999999999997442e+01 6.831643128382468566e-01 9.189278248837886437e-03 2.981920791747891819e-01 4.364866161347515372e-01
3.252499999999997016e+01 6.831621014755751009e-01 9.167580304153516435e-03 2.981755493925928313e-01 4.364638330325374960e-01
3.259999999999997300e+01 6.832173859051302589e-01 9.147143977482861954e-03 2.981968936659410430e-01 4.364597561739271270e-01
3.267499999999996874e+01 6.830783897810223104e-01 9.124639426625939798e-03 2.981475932650022864e-01 4.364763952795825963e-01
3.274999999999997158e+01 6.788475110957918890e-01 9.048065400213163925e-03 2.963241418569808605e-01 4.365106110187486066e-01
3.282499999999996732e+01 6.814323548782801332e-01 9.019531539849249407e-03 2.960661227955513342e-01 4.344761745990703972e-01
3.289999999999997016e+01 6.832299765532946489e-01 9.066815129704018997e-03 2.982982177672619528e-01 4.366000146423515416e-01
3.297499999999997300e+01 6.831480173205651818e-01 9.045854427570634154e-03 2.982870497491414419e-01 4.366360469273983247e-01
3.304999999999996874e+01 6.837916432200614736e-01 9.034245686131077077e-03 2.985818199266317974e-01 4.366561406345538243e-01
3.312499999999997158e+01 6.758622014043373927e-01 8.909291509015229010e-03 2.951202812361292116e-01 4.366574734064351815e-01
3.319999999999996732e+01 6.829781138370294435e-01 8.982437239612679758e-03 2.982169163551406932e-01 4.366419806335118947e-01
3.327499999999997016e+01 6.832831720565343270e-01 8.965655595669001429e-03 2.983321899458857285e-01 4.366157431449255166e-01
3.334999999999996589e+01 6.833622331146307349e-01 8.945946278700930149e-03 2.983473083946757143e-01 4.365873528521869718e-01
3.342499999999996874e+01 6.833947203540612358e-01 8.925854406095447627e-03 2.983466835237400527e-01 4.365656839859241023e-01
3.349999999999997158e+01 6.833813164645647920e-01 8.905532333361665387e-03 2.983353331676155129e-01 4.365576377051639811e-01
3.357499999999996732e+01 6.811123895967583497e-01 8.856315739861052652e-03 2.973508009658345497e-01 4.365664250240350319e-01
3.364999999999996305e+01 6.833467109047043353e-01 8.866059270233345169e-03 2.983428944433518248e-01 4.365908106126189514e-01
3.372499999999996589e+01 6.818079815378723652e-01 8.827123721666590289e-03 2.976947475132054599e-01 4.366254951162806819e-01
3.379999999999996874e+01 6.835034177272365508e-01 8.830187275830961996e-03 2.984603299230862428e-01 4.366625274757467423e-01
3.387499999999997158e+01 6.836354120523822075e-01 8.812961208627970167e-03 2.985390609422722275e-01 4.366933831675139377e-01
3.394999999999996732e+01 6.837457351519159454e-01 8.795269736890940285e-03 2.985994075674470727e-01 4.367111810958552720e-01
3.402499999999996305e+01 6.837937341658104629e-01 8.776524843070098933e-03 2.986212577854597816e-01 4.367124804817943406e-01
3.409999999999996589e+01 6.803136469510705497e-01 8.712368016909968066e-03 2.970917493766296325e-01 4.366982063465750796e-01
3.417499999999996874e+01 6.794026588076531592e-01 8.681115323151182561e-03 2.966771161686914127e-01 4.366734694405783879e-01
3.424999999999996447e+01 6.687384786608440157e-01 8.525611576114295806e-03 2.920021964819143889e-01 4.366463210949845797e-01
3.432499999999996021e+01 6.835212577582276960e-01 8.694624309712226107e-03 2.984429794308718353e-01 4.366257465198483123e-01
3.439999999999996305e+01 6.835150270315831778e-01 8.675462588581400736e-03 2.984359130471998522e-01 4.366193883743393345e-01
3.447499999999996589e+01 6.835608129713663939e-01 8.657410418985921410e-03 2.984642241945393293e-01 4.366315601053064599e-01
3.454999999999996874e+01 6.836272654841849539e-01 8.640060097077286935e-03 2.985140763540199416e-01 4.366620400118107481e-01
3.462499999999996447e+01 6.836752887923488453e-01 8.622817795109016456e-03 2.985650661556493723e-01 4.367059495203312602e-01
3.469999999999996021e+01 6.836787978761490470e-01 8.605186407286394626e-03 2.985999683328375287e-01 4.367547586095100742e-01
3.477499999999996305e+01 6.830556940942856814e-01 8.568867703747300862e-03 2.979823743978120554e-01 4.362490159648387822e-01
3.484999999999996589e+01 6.835750469964477771e-01 8.568256926284968655e-03 2.986037538810308867e-01 4.368265857466014368e-01
3.492499999999996163e+01 6.758387847296742912e-01 8.250100128355088505e-03 2.881347469828011709e-01 4.263365073048462350e-01
3.499999999999996447e+01 6.832130321369017656e-01 8.526804473414095059e-03 2.984381565694930183e-01 4.368156673417965541e-01
3.507499999999996021e+01 6.835417361377859047e-01 8.511911728901755403e-03 2.985553038912287516e-01 4.367769926941915681e-01
3.514999999999996305e+01 6.835914987567919265e-01 8.493350454727831983e-03 2.985412684836830088e-01 4.367246652812719621e-01
3.522499999999995879e+01 6.654508842375397304e-01 7.794947817092828281e-03 2.745770368570945585e-01 4.126180359226653271e-01
3.529999999999996163e+01 6.836441388346879977e-01 8.455928290158806412e-03 2.984942686426055314e-01 4.366222888291073634e-01
3.537499999999996447e+01 6.808579678320513251e-01 8.403059001357271116e-03 2.972582121730131810e-01 4.365935719596931719e-01
3.544999999999996021e+01 6.835917536287766660e-01 8.418870299993263043e-03 2.984489521347608587e-01 4.365894564269905964e-01
3.552499999999996305e+01 6.788038943679167714e-01 8.240212362006563845e-03 2.927335441602828547e-01 4.312490641098459809e-01
3.559999999999995879e+01 6.712660060879187540e-01 8.233499310778864475e-03 2.931125754637272651e-01 4.366563669326299912e-01
3.567499999999996163e+01 6.837122235381195567e-01 8.369686851656180787e-03 2.985885784328339287e-01 4.367167474170314811e-01
3.574999999999995737e+01 6.838385061152260080e-01 8.354940072252813044e-03 2.986891075830376829e-01 4.367831072863114228e-01
3.582499999999996021e+01 6.839628107138060464e-01 8.340161565371855684e-03 2.987862880794464049e-01 4.368458100340619765e-01
3.589999999999996305e+01 6.840494757683379667e-01 8.324770238113600451e-03 2.988592515482779710e-01 4.368971282561006642e-01
3.597499999999995879e+01 6.840798238343066551e-01 8.308459548735835226e-03 2.988968322657713506e-01 4.369326821984567122e-01
3.604999999999995453e+01 6.840597129751615491e-01 8.291297116601387823e-03 2.989012610534796943e-01 4.369520019728642124e-01
3.612499999999995737e+01 6.840146182635820082e-01 8.273653891965373694e-03 2.988857468472487788e-01 4.369581275996567982e-01
3.619999999999996021e+01 6.842109801554648874e-01 8.258849814698257172e-03 2.989703632920766019e-01 4.369563949765103428e-01
3.627499999999996305e+01 6.839618132163154396e-01 8.238704067377224799e-03 2.988589900441085412e-01 4.369527424911789915e-01
3.634999999999995879e+01 6.839745160240666699e-01 8.221843785960383094e-03 2.988640216196595256e-01 4.369519837624236125e-01
3.642499999999995453e+01 6.839960534057247799e-01 8.205257524431729468e-03 2.988765053274253791e-01 4.369564763411599717e-01
3.649999999999995737e+01 6.840030506183809589e-01 8.188650512842760021e-03 2.988857437187604216e-01 4.369655127247594750e-01
3.657499999999996021e+01 6.839804309503321189e-01 8.171776809674407768e-03 2.988827368138411433e-01 4.369755672666968405e-01
3.664999999999995595e+01 6.839303952373274598e-01 8.154564942238953090e-03 2.988648051330573541e-01 4.369813174180534610e-01
3.672499999999995168e+01 6.718173897901277281e-01 7.993706141615193259e-03 2.935688580508175605e-01 4.369771644978212577e-01
3.679999999999995453e+01 6.838266147245910531e-01 8.119676541227039898e-03 2.988040967171546880e-01 4.369588581127352711e-01
3.687499999999995737e+01 6.838122370670463024e-01 8.102360062688657508e-03 2.987745273116438893e-01 4.369248035003352459e-01
3.694999999999996021e+01 6.838263849052130805e-01 8.085191518352144446e-03 2.987478266031113883e-01 4.368767178302451204e-01
3.702499999999995595e+01 6.728035758280159762e-01 7.937709486589901442e-03 2.938936937409907246e-01 4.368194586054291451e-01
3.709999999999995168e+01 6.838618330443477777e-01 8.050769118917800241e-03 2.986835343118500186e-01 4.367600586542467189e-01
3.717499999999995453e+01 6.838433053175940746e-01 8.033318315932352557e-03 2.986386083947848435e-01 4.367061958091255081e-01
3.724999999999995737e+01 6.837982383428371502e-01 8.015849484085070878e-03 2.985903932821685203e-01 4.366644670009572904e-01
3.732499999999995310e+01 6.824047836087421270e-01 7.982972920830520847e-03 2.979644642699987855e-01 4.366388856395197471e-01
3.739999999999995595e+01 6.837228209494428111e-01 7.982189147686283986e-03 2.985338741234666582e-01 4.366299690112895315e-01
3.747499999999995168e+01 6.837438239838120602e-01 7.966544075337502612e-03 2.985462392232725026e-01 4.366346411493740032e-01
3.754999999999995453e+01 6.825507168517933598e-01 7.936982949669236023e-03 2.980337097600794793e-01 4.366469808056673285e-01
3.762499999999995026e+01 6.839047333398149409e-01 7.937105526854622284e-03 2.986335954479047983e-01 4.366596411601691985e-01
3.769999999999995310e+01 6.839849226775908120e-01 7.922352551224030523e-03 2.986726911811455887e-01 4.366656066217567966e-01
3.777499999999995595e+01 6.840186247443009737e-01 7.906908918925512758e-03 2.986834844124108823e-01 4.366598709560933211e-01
3.784999999999995168e+01 6.839911786824598439e-01 7.890577156411936535e-03 2.986583453701914248e-01 4.366406390583618125e-01
3.792499999999995453e+01 6.839144999429008775e-01 7.873533314150988477e-03 2.986037509391759048e-01 4.366097676889522661e-01
3.799999999999995026e+01 6.838214671256815924e-01 7.856251016029469278e-03 2.985375386091194683e-01 4.365723408245245629e-01
3.807499999999995310e+01 6.837501522910782725e-01 7.839296146207472282e-03 2.984812007668491418e-01 4.365354797607169379e-01
3.814999999999994884e+01 6.837258238138556043e-01 7.823089952506565026e-03 2.984508816881250581e-01 4.365066687453044714e-01
3.822499999999995168e+01 6.837496668973697123e-01 7.807750244233573923e-03 2.984512530858279833e-01 4.364919904679460672e-01
3.829999999999995453e+01 6.837997729944815806e-01 7.793080071716867660e-03 2.984749667467556655e-01 4.364946853370254565e-01
3.837499999999995026e+01 6.838435706318891638e-01 7.778698281125219147e-03 2.985075465381799020e-01 4.365143716454790712e-01
3.844999999999994600e+01 6.827522595300302699e-01 7.751717131396494362e-03 2.980535237021948447e-01 4.365471070097355355e-01
3.852499999999994884e+01 6.822325380387419536e-01 7.731430539997976963e-03 2.978533615534216805e-01 4.365862736621738960e-01
3.859999999999995168e+01 6.785468524040630944e-01 7.665569860066425746e-03 2.958909965985636603e-01 4.360656829373450449e-01
3.867499999999995453e+01 6.820299670808991355e-01 7.700339857496441530e-03 2.978106439886745171e-01 4.366533119700143906e-01
3.874999999999995026e+01 6.837239643092003494e-01 7.704800969408182564e-03 2.985610375645666448e-01 4.366689675214432964e-01
3.882499999999994600e+01 6.837539211807593942e-01 7.690260547302254709e-03 2.985743657490096403e-01 4.366693286868589263e-01
3.889999999999994884e+01 6.838127632066948181e-01 7.675864996540897670e-03 2.985911483654405396e-01 4.366562960381392688e-01
3.897499999999995168e+01 6.838736520744549408e-01 7.661400552229645326e-03 2.986030865231500409e-01 4.366348749032378240e-01
3.904999999999994742e+01 6.839098776628120824e-01 7.646689617547821824e-03 2.986032295652421009e-01 4.366119562210247773e-01
3.912499999999994316e+01 6.839094464475946600e-01 7.631724642371896447e-03 2.985912266328000220e-01 4.365946810411250878e-01
3.919999999999994600e+01 6.838818046271826212e-01 7.616712198035630738e-03 2.985751181629963114e-01 4.365887732979885083e-01
3.927499999999994884e+01 6.838531141652675061e-01 7.601995519696055567e-03 2.985683740360621785e-01 4.365972280472891764e-01
3.934999999999995168e+01 6.810194285447062068e-01 7.556454060995912957e-03 2.973464673001887659e-01 4.366196540612631849e-01
3.942499999999994742e+01 6.838961020649563238e-01 7.574505620254590350e-03 2.986248840785368230e-01 4.366524142729701907e-01
3.949999999999994316e+01 6.839783194403846744e-01 7.561675013333163040e-03 2.986861630266595125e-01 4.366895185669593671e-01
3.957499999999994600e+01 6.840730731236709383e-01 7.548987061401079592e-03 2.987511629549473025e-01 4.367240499480049554e-01
3.964999999999994884e+01 6.829387538059349394e-01 7.522657066897866021e-03 2.982733527024999942e-01 4.367497832569300353e-01
3.972499999999994458e+01 6.843687411701668832e-01 7.524397278742356830e-03 2.989066818980397056e-01 4.367626162862940919e-01
3.979999999999994742e+01 6.841455338364753613e-01 7.507749185845554417e-03 2.988084175966526645e-01 4.367614824890078684e-01
3.987499999999994316e+01 6.840835120280410742e-01 7.492726663654084712e-03 2.987724757132061981e-01 4.367485408725350071e-01
3.994999999999994600e+01 6.840169881085831349e-01 7.477591710582819594e-03 2.987297888377832278e-01 4.367286105917034256e-01
4.002499999999994174e+01 6.839751720405625735e-01 7.462771416581067373e-03 2.986974259486567806e-01 4.367079949079537560e-01
4.009999999999994458e+01 6.839719676194779829e-01 7.448522607647097525e-03 2.986857565666481973e-01 4.366929796936056540e-01
4.017499999999994742e+01 6.797139613163015737e-01 7.388255811092706710e-03 2.968231772106491029e-01 4.366883631988895953e-01
4.024999999999994316e+01 6.840389920037303062e-01 7.421548781850599921e-03 2.987173384694862266e-01 4.366963608236198446e-01
4.032499999999994600e+01 6.840624119786730128e-01 7.408334597595819977e-03 2.987410926480510431e-01 4.367161349853043717e-01
4.039999999999994174e+01 6.840569538173626452e-01 7.394995155432509439e-03 2.987578042794729605e-01 4.367440497640767139e-01
4.047499999999994458e+01 6.840263986976079513e-01 7.381478486405944513e-03 2.987653417372801989e-01 4.367745781539015826e-01
4.054999999999994031e+01 6.839893845045005305e-01 7.367883683644511211e-03 2.987676833717844982e-01 4.368016377742754974e-01
4.062499999999994316e+01 6.839686641015769730e-01 7.354368370949966073e-03 2.987712150698419444e-01 4.368200339445245106e-01
4.069999999999994600e+01 6.839784475741503833e-01 7.341032600699631469e-03 2.987800268484746002e-01 4.368266688930775299e-01
4.077499999999994174e+01 6.840166806268094257e-01 7.327848244495169423e-03 2.987930121692901064e-01 4.368212364287468175e-01
4.084999999999993747e+01 6.840663149874423032e-01 7.314674170435380395e-03 2.988044398622848874e-01 4.368062471659201473e-01
4.092499999999994031e+01 6.841047779518694139e-01 7.301347727270868226e-03 2.988076557385598298e-01 4.367863891159412537e-01
4.099999999999994316e+01 6.841164407103010880e-01 7.287798760701727149e-03 2.987997491887703916e-01 4.367673855031667385e-01
4.107499999999994600e+01 6.841013483106852533e-01 7.274118789923665097e-03 2.987844292961141512e-01 4.367546271234959421e-01
4.114999999999993463e+01 6.840754784460431059e-01 7.260541162175697047e-03 2.987712688235294456e-01 4.367519056555324575e-01
4.122499999999993747e+01 6.840623237772285314e-01 7.247336168993256077e-03 2.987714335667465138e-01 4.367605453213708744e-01
4.129999999999994031e+01 6.830700349123132176e-01 7.223988784448588316e-03 2.983507367977262792e-01 4.367791317855511668e-01
4.137499999999994316e+01 6.840878433234729439e-01 7.222047926793887830e-03 2.988122329710967140e-01 4.368038927857433862e-01
4.144999999999994600e+01 6.842816923791827932e-01 7.211447982916685713e-03 2.989145188918962415e-01 4.368296305759674647e-01
4.152499999999993463e+01 6.842676315577370660e-01 7.198626933052082282e-03 2.989229833949872406e-01 4.368509770285177174e-01
4.159999999999993747e+01 6.843009862229270102e-01 7.186207690205261879e-03 2.989462399125384362e-01 4.368636695419721439e-01
4.167499999999994031e+01 6.842921687467587999e-01 7.173213473242308520e-03 2.989436714973727760e-01 4.368655453778912401e-01
4.174999999999993605e+01 6.842484704447484578e-01 7.159730537594956833e-03 2.989187499445890017e-01 4.368570232247614982e-01
4.182499999999993889e+01 6.841915911585675358e-01 7.146035035498922612e-03 2.988829153597419852e-01 4.368409656330797808e-01
4.189999999999993463e+01 6.836185727445240889e-01 7.126959603176807531e-03 2.986196073731077760e-01 4.368219637073922357e-01
4.197499999999993747e+01 6.841302280105227007e-01 7.119277104666673142e-03 2.988316564683831666e-01 4.368052225047813764e-01
4.204999999999994031e+01 6.841427432464644021e-01 7.106548068893766418e-03 2.988303462969824631e-01 4.367953168354048454e-01
4.212499999999993605e+01 6.805670198603077647e-01 7.056815418005713512e-03 2.972683494834902351e-01 4.367951146743889179e-01
4.219999999999993889e+01 6.841920236330656380e-01 7.081956867865498578e-03 2.988585798239236091e-01 4.368051212245678272e-01
4.227499999999993463e+01 6.826966802627308928e-01 7.054237269536822209e-03 2.982178805696686918e-01 4.368233934503705229e-01
4.234999999999993747e+01 6.841730722376185847e-01 7.057338737362202352e-03 2.988782955272888398e-01 4.368460374358114073e-01
4.242499999999993321e+01 6.845473533815322753e-01 7.049073526041792041e-03 2.990569443423225504e-01 4.368681623923293955e-01
4.249999999999993605e+01 6.841193120541095851e-01 7.032506013339693066e-03 2.988815055669364895e-01 4.368850583526530107e-01
4.257499999999993889e+01 6.841191973555464934e-01 7.020249069814449468e-03 2.988871041473497581e-01 4.368933152332135084e-01
4.264999999999993463e+01 6.841445208765879471e-01 7.008136116542180299e-03 2.988970053705235497e-01 4.368916160982326269e-01
4.272499999999993747e+01 6.841845226740663755e-01 6.996073371639545749e-03 2.989072348032991711e-01 4.368810239013450891e-01
4.279999999999993321e+01 6.842208971655461269e-01 6.983924156404312106e-03 2.989119538941040766e-01 4.368646954987445152e-01
4.287499999999993605e+01 6.798420683684806010e-01 6.926811385052446257e-03 2.969870381341231935e-01 4.368471031027069684e-01
4.294999999999993179e+01 6.842309276163844878e-01 6.959129581388273991e-03 2.988946155206259059e-01 4.368329513573256939e-01
4.302499999999993463e+01 6.842096203961681722e-01 6.946672593738842903e-03 2.988805883456132628e-01 4.368260536479400269e-01
4.309999999999993747e+01 6.837432861853307564e-01 6.929895817615693183e-03 2.986785097392359312e-01 4.368284351362218265e-01
4.317499999999993321e+01 6.841974566636962463e-01 6.922634171326151609e-03 2.988847303470061334e-01 4.368398733962511882e-01
4.324999999999993605e+01 6.842314501102275681e-01 6.911259412219757786e-03 2.989119695785040776e-01 4.368579806297273604e-01
4.332499999999993179e+01 6.842866038314047161e-01 6.900180290972529606e-03 2.989503111063843699e-01 4.368788011229868817e-01
4.339999999999993463e+01 6.843433061495066694e-01 6.889125988480940613e-03 2.989880679000723740e-01 4.368977751566597845e-01
4.347499999999993747e+01 6.817390853650835414e-01 6.851275284092887656e-03 2.978591929759378809e-01 4.369108349075055964e-01
4.354999999999992610e+01 6.843821972933301634e-01 6.866064317925278833e-03 2.990171010456453837e-01 4.369153701370828147e-01
4.362499999999992895e+01 6.845018356772586410e-01 6.855387205703381524e-03 2.990662668488095477e-01 4.369108324638865115e-01
4.369999999999993179e+01 6.843048696060367586e-01 6.841464656787104096e-03 2.989720055015959721e-01 4.368988425783351115e-01
4.377499999999993463e+01 6.800312530744316852e-01 6.786840463829451990e-03 2.970939413041338018e-01 4.368827755503406074e-01
4.384999999999993747e+01 6.832585032206455189e-01 6.783615808921498146e-03 2.974615532212072644e-01 4.353572649576636922e-01
4.392499999999992610e+01 6.842418681781372580e-01 6.805118477068917114e-03 2.989148291052516893e-01 4.368555082739126183e-01
4.399999999999992895e+01 6.842617669177569750e-01 6.793655263601492203e-03 2.989208315984651643e-01 4.368515764733544859e-01
4.407499999999993179e+01 6.837064157713674817e-01 6.766539886545315692e-03 2.982352454994843249e-01 4.362036666907841975e-01
4.414999999999992752e+01 6.842886530031399017e-01 6.771110705229803697e-03 2.989445376358953466e-01 4.368690556593572971e-01
4.422499999999993037e+01 6.842759305237624545e-01 6.759777459360495622e-03 2.989511581402174434e-01 4.368868533946422827e-01
4.429999999999992610e+01 6.842510656608128405e-01 6.748381036971256262e-03 2.989532799378261663e-01 4.369058302439224883e-01
4.437499999999992895e+01 6.842287982987428352e-01 6.737002342486819034e-03 2.989544789478520981e-01 4.369218011448340877e-01
4.444999999999993179e+01 6.842231789625131677e-01 6.725726759301340132e-03 2.989585544509441029e-01 4.369313458574358711e-01
4.452499999999992752e+01 6.842396543375327544e-01 6.714578862075058600e-03 2.989666238338914983e-01 4.369326184746556985e-01
4.459999999999993037e+01 6.842719467470412820e-01 6.703498866321243484e-03 2.989760494379269939e-01 4.369257732385910531e-01
4.467499999999992610e+01 6.670173815686767371e-01 6.180223416367240478e-03 2.761014811262060276e-01 4.139344622127787421e-01
4.474999999999992895e+01 6.843252314480913201e-01 6.681117230335601592e-03 2.989799960575176829e-01 4.368975193634906384e-01
4.482499999999992468e+01 6.830192941228933057e-01 6.656999203099139319e-03 2.983999892789184205e-01 4.368836895919785412e-01
4.489999999999992752e+01 6.840533134128026216e-01 6.655809183757040344e-03 2.988458323506906211e-01 4.368750600150188013e-01
4.497499999999993037e+01 6.842242921382664100e-01 6.646354467461781240e-03 2.989197921740931463e-01 4.368739835879550393e-01
4.504999999999992610e+01 6.834166827008723022e-01 6.627563671075140279e-03 2.985717433819345956e-01 4.368809701893358599e-01
4.512499999999992895e+01 6.841833617051640282e-01 6.621851535233199554e-03 2.988110505273976480e-01 4.367411826307531220e-01
4.519999999999992468e+01 6.843517192055109666e-01 6.615074109372649259e-03 2.990013497436432299e-01 4.369118120880369771e-01
4.527499999999992752e+01 6.844618611710873157e-01 6.605435667412304888e-03 2.990610998420916156e-01 4.369288002846642982e-01
4.534999999999992326e+01 6.844377721237010492e-01 6.594475574039840651e-03 2.990594672827062706e-01 4.369417929036448767e-01
4.542499999999992610e+01 6.844476333020186321e-01 6.583776477141713677e-03 2.990680464741618527e-01 4.369480321399480949e-01
4.549999999999992895e+01 6.844281510183757300e-01 6.572712602950355962e-03 2.990584234342407166e-01 4.369464099179221073e-01
4.557499999999992468e+01 6.789164120330174468e-01 6.508923479321469460e-03 2.966441875700754904e-01 4.369377176812878627e-01
4.564999999999992752e+01 6.843495994447226227e-01 6.550034226705542077e-03 2.990090624491075211e-01 4.369244355395572321e-01
4.572499999999992326e+01 6.828979044925661546e-01 6.492652132303848231e-03 2.968765187495929769e-01 4.347304579447932582e-01
4.579999999999992610e+01 6.843212432822836089e-01 6.527924538238791263e-03 2.989789438513361652e-01 4.368985279739545646e-01
4.587499999999992895e+01 6.843353669115035398e-01 6.517300174573462633e-03 2.989811455085571446e-01 4.368927282801395862e-01
4.594999999999991758e+01 6.842263192910118530e-01 6.504658592221463677e-03 2.988890623125757262e-01 4.368277774264536228e-01
4.602499999999992042e+01 6.843865980516934400e-01 6.496702061346301335e-03 2.990107123734629946e-01 4.369032257859584156e-01
4.609999999999992326e+01 6.843561686013345247e-01 6.486055007571218944e-03 2.990071358490327125e-01 4.369174262871540204e-01
4.617499999999992610e+01 6.843367424968112012e-01 6.475578338991355015e-03 2.990098298029253421e-01 4.369337655493759076e-01
4.624999999999992895e+01 6.758958493524552802e-01 6.385550809150522880e-03 2.953317249232112474e-01 4.369485701179478543e-01
4.632499999999991758e+01 6.843077411072252536e-01 6.454703363336436461e-03 2.990141333065599039e-01 4.369585719178747385e-01
4.639999999999992042e+01 6.843178468180258767e-01 6.444411302801954233e-03 2.990206844500101768e-01 4.369616923486812077e-01
4.647499999999992326e+01 6.843435260145873666e-01 6.434191666251559694e-03 2.990290576890407559e-01 4.369575313008319251e-01
4.654999999999991900e+01 6.843733432663838823e-01 6.423956719958956799e-03 2.990351853140889027e-01 4.369474472615353378e-01
4.662499999999992184e+01 6.660280679784816860e-01 5.892572443977607717e-03 2.747411902004555095e-01 4.125069248723192694e-01
4.669999999999991758e+01 6.843967669203007143e-01 6.403159391190438830e-03 2.990275435685929573e-01 4.369213269580147774e-01
4.677499999999992042e+01 6.843841968468815651e-01 6.392641068077012899e-03 2.990157859593017831e-01 4.369121720474224979e-01
4.684999999999992326e+01 6.843672292565300408e-01 6.382205579979640872e-03 2.990063314220456903e-01 4.369091894520936714e-01
4.692499999999991900e+01 6.830718097427351809e-01 6.360003430954399260e-03 2.984431609975346511e-01 4.369133036099631662e-01
4.699999999999992184e+01 6.843736246207325902e-01 6.362107762424599675e-03 2.990190648339556834e-01 4.369237125403051536e-01
4.707499999999991758e+01 6.843564279842407894e-01 6.352021169337883355e-03 2.990213965465803314e-01 4.369380988023190415e-01
4.714999999999992042e+01 6.775201638124042081e-01 6.278782738300522394e-03 2.960446061108691351e-01 4.369532036434560229e-01
4.722499999999991616e+01 6.844843142557247573e-01 6.333427546643754548e-03 2.990961158902507577e-01 4.369656245745725531e-01
4.729999999999991900e+01 6.844983252965666232e-01 6.323616070554961832e-03 2.991070401372492027e-01 4.369726397908391125e-01
4.737499999999992184e+01 6.844865025316303475e-01 6.313499185500889149e-03 2.991020239131041425e-01 4.369728589341796976e-01
4.744999999999991758e+01 6.844555107318386344e-01 6.303143562985828730e-03 2.990841620636770504e-01 4.369665484085124008e-01
4.752499999999992042e+01 6.844198281132516382e-01 6.292709988185471448e-03 2.990610421885140369e-01 4.369555496557415708e-01
4.759999999999991616e+01 6.843944483200307127e-01 6.282378993420194985e-03 2.990412400868007747e-01 4.369428197742563080e-01
4.767499999999991900e+01 6.843876519568445893e-01 6.272274009303787333e-03 2.990306633935575498e-01 4.369317046246379843e-01
4.774999999999991473e+01 6.840025309733163139e-01 6.252226439792794681e-03 2.985438125001054210e-01 4.364659471000582602e-01
4.782499999999991758e+01 6.844139877681295614e-01 6.252744289572381882e-03 2.990374956487986680e-01 4.369248744081902780e-01
4.789999999999992042e+01 6.830118687064239413e-01 6.230254500253383163e-03 2.984291905621365704e-01 4.369311929049495280e-01
4.797499999999991616e+01 6.844221887776312796e-01 6.233523641239671099e-03 2.990532966884726918e-01 4.369427256918391178e-01
4.804999999999991900e+01 6.835709769609183972e-01 6.199367830330428444e-03 2.978796242473765732e-01 4.357698531492906757e-01
4.812499999999991473e+01 6.843897935414681166e-01 6.214193819895118612e-03 2.990580775824520643e-01 4.369703937794503501e-01
4.819999999999991758e+01 6.831166748839810898e-01 6.193122611811320045e-03 2.985085098893051070e-01 4.369802712545453605e-01
4.827499999999992042e+01 6.838330062423048084e-01 6.190043178151563921e-03 2.988243344252662359e-01 4.369843685482809881e-01
4.834999999999990905e+01 6.844061602404082345e-01 6.185587516623157651e-03 2.990731564287291144e-01 4.369819762049994560e-01
4.842499999999991189e+01 6.844319553936755174e-01 6.176126884613805483e-03 2.990789443874229958e-01 4.369739636358694890e-01
4.849999999999991473e+01 6.844514743483102182e-01 6.166591007295388165e-03 2.990796638538257834e-01 4.369625533184654520e-01
4.857499999999991758e+01 6.837064702398316651e-01 6.134611683691034226e-03 2.979887625352914959e-01 4.358431220210078338e-01
4.864999999999992042e+01 6.820779487674352159e-01 6.125967090047815082e-03 2.980282989308257191e-01 4.369417006800830894e-01
4.872499999999990905e+01 6.844311053083277363e-01 6.137584035304450951e-03 2.990537821202088331e-01 4.369377426022869049e-01
4.879999999999991189e+01 6.840750051081460059e-01 6.116894463434553210e-03 2.985044498156056436e-01 4.363621643629777558e-01
4.887499999999991473e+01 6.810638136637182649e-01 6.088789541873250964e-03 2.975895888590546212e-01 4.369481726803243760e-01
4.894999999999991047e+01 6.823463541639978036e-01 6.051113502206782561e-03 2.962020059330214838e-01 4.340933370940692759e-01
4.902499999999991331e+01 6.844906518358209180e-01 6.101060445516724370e-03 2.991044883414568645e-01 4.369738104373685483e-01
4.909999999999990905e+01 6.845229042765513805e-01 6.092190694395580031e-03 2.991265630948224397e-01 4.369854700639403400e-01
4.917499999999991189e+01 6.845386034236078387e-01 6.083139790069367996e-03 2.991383991766606298e-01 4.369927388763304998e-01
4.924999999999991473e+01 6.845319417484835300e-01 6.073836024577798122e-03 2.991364242104560534e-01 4.369941064347984128e-01
4.932499999999991047e+01 6.808491389149637918e-01 6.027255489962374951e-03 2.972943770423935872e-01 4.366523507926839409e-01
4.939999999999991331e+01 6.839277363558686762e-01 6.039026432462913860e-03 2.983279057636674114e-01 4.361979927195673845e-01
4.947499999999990905e+01 6.781291400858904250e-01 5.874660148075552986e-03 2.906488108260374403e-01 4.286039245994125446e-01
4.954999999999991189e+01 6.844429071440114587e-01 6.035786150532673582e-03 2.990732037588934578e-01 4.369585843278618320e-01
4.962499999999990763e+01 6.844499796604539554e-01 6.026631793871871194e-03 2.990716027708910651e-01 4.369517300873561050e-01
4.969999999999991047e+01 6.768470825829223658e-01 5.815987726188911848e-03 2.890545899915883954e-01 4.270604061533729845e-01
4.977499999999991331e+01 6.844767910999447480e-01 6.008747340150763505e-03 2.990853988560037147e-01 4.369547700446900773e-01
4.984999999999990905e+01 6.844781264378192454e-01 5.999848607785416947e-03 2.990924530981025065e-01 4.369642236117142753e-01
4.992499999999991189e+01 6.746224007097811892e-01 5.904740028182157464e-03 2.947941459069937098e-01 4.369765154504742233e-01
4.999999999999990763e+01 6.799629422806122703e-01 5.857638504548972128e-03 2.928819252274480478e-01 4.307321870293621124e-01
5.007499999999991047e+01 6.844458021593839980e-01 5.973075045951528605e-03 2.991017329260222679e-01 4.369984182566024611e-01
5.014999999999990621e+01 6.844496406073101724e-01 5.964240351474098950e-03 2.991066536264255227e-01 4.370031568152027424e-01
5.022499999999990905e+01 6.845557810870259718e-01 5.957519122036711995e-03 2.992163979042933297e-01 4.370957139959565363e-01
5.029999999999991189e+01 6.840783416410314288e-01 5.936586817917915461e-03 2.986103169412706038e-01 4.365147948185819082e-01
5.037499999999990763e+01 6.800818011498698246e-01 5.821693878226372014e-03 2.932678291156529671e-01 4.312243448064645990e-01
5.044999999999991047e+01 6.845131804955921773e-01 5.928951494129522035e-03 2.991156028788338750e-01 4.369756659211034844e-01
5.052499999999990621e+01 6.790643500195797655e-01 5.872908180809539684e-03 2.967286858354014623e-01 4.369669617126060723e-01
5.059999999999990905e+01 6.838538195557859467e-01 5.894723787949821860e-03 2.982730236702604287e-01 4.361648866186211837e-01
5.067499999999991189e+01 6.844808882755079038e-01 5.902180232475707881e-03 2.990929832807059929e-01 4.369632350645255014e-01
5.074999999999990052e+01 6.755436021930459889e-01 5.652781523375384649e-03 2.868786623113002143e-01 4.246634286521162593e-01
5.082499999999990337e+01 6.744958515648512565e-01 5.636802949151077831e-03 2.864905098906029846e-01 4.247476233188627326e-01
5.089999999999990621e+01 6.840029451236164793e-01 5.863466437438944780e-03 2.984504416656417192e-01 4.363291763483624353e-01
5.097499999999990905e+01 6.845574234365411348e-01 5.868617926302123131e-03 2.991527987932501853e-01 4.370017598983525486e-01
5.104999999999991189e+01 6.839106410804720593e-01 5.854556306061645121e-03 2.988750994244464554e-01 4.370089913387960046e-01
5.112499999999990052e+01 6.836239954761923476e-01 5.825087997303213597e-03 2.978076238621262251e-01 4.356307353645218483e-01
5.119999999999990337e+01 6.845448390737087774e-01 5.842809376062693162e-03 2.991518400544093126e-01 4.370083929917671361e-01
5.127499999999990621e+01 6.806138908396335285e-01 5.746944768910596142e-03 2.946745930258902746e-01 4.329541271371459832e-01
5.134999999999990195e+01 6.834266415803974537e-01 5.794489518940149422e-03 2.975470367975761032e-01 4.353752380936016242e-01
5.142499999999990479e+01 6.844819520803602231e-01 5.816370946003838159e-03 2.991068758982468045e-01 4.369828524903615619e-01
5.149999999999990052e+01 6.845362749219228160e-01 5.808873518370113315e-03 2.991569861960602372e-01 4.370213780565268546e-01
5.157499999999990337e+01 6.831240698598917138e-01 5.761434375760265091e-03 2.971459779298351034e-01 4.349809808206283046e-01
5.164999999999990621e+01 6.845117686938938517e-01 5.791215947333785800e-03 2.991163036797894748e-01 4.369775909777688372e-01
5.172499999999990195e+01 6.826055057725334274e-01 5.734989004769834933e-03 2.966423062717191694e-01 4.345735622744451021e-01
5.179999999999990479e+01 6.840249850943310728e-01 5.761001602646372878e-03 2.984198830170815553e-01 4.362704426299979232e-01
5.187499999999990052e+01 6.845163586779761111e-01 5.766194642452163177e-03 2.991213470772053906e-01 4.369820286762847728e-01
5.194999999999990337e+01 6.775081177753656814e-01 5.573110192311932047e-03 2.895230744906043263e-01 4.273352110396387293e-01
5.202499999999989910e+01 6.844997170757146643e-01 5.749902770636942592e-03 2.991386916423863784e-01 4.370179916514088658e-01
5.209999999999990195e+01 6.845157367006667881e-01 5.741753037097004769e-03 2.991453332327533854e-01 4.370174667928302670e-01
5.217499999999990479e+01 6.845385152159059183e-01 5.733624393669915775e-03 2.991518527397273308e-01 4.370124486645923234e-01
5.224999999999990052e+01 6.822460181836900173e-01 5.706114814236475964e-03 2.981444990438553155e-01 4.370043812605762801e-01
5.232499999999990337e+01 6.845712158430968808e-01 5.717238637718536319e-03 2.991545117186218405e-01 4.369954575875533154e-01
5.239999999999989910e+01 6.845714193693434035e-01 5.708960863729912148e-03 2.991495492594468120e-01 4.369880786653878024e-01
5.247499999999990195e+01 6.845643529465177402e-01 5.700692722949484391e-03 2.991438506367736228e-01 4.369842650281039464e-01
5.254999999999989768e+01 6.845584509349547098e-01 5.692519274279390050e-03 2.991418878633813616e-01 4.369851653351441989e-01
5.262499999999990052e+01 6.778223541249982498e-01 5.628543841914418998e-03 2.962021196807457235e-01 4.369907806642249204e-01
5.269999999999990337e+01 6.845769167151556367e-01 5.676662078459104518e-03 2.991600915347942813e-01 4.369999692222623633e-01
5.277499999999989910e+01 6.846001757432382817e-01 5.668926973198949726e-03 2.991776210105739908e-01 4.370107277372093924e-01
5.284999999999990195e+01 6.846221626129858073e-01 5.661192840988123545e-03 2.991940416462217645e-01 4.370206779521903506e-01
5.292499999999989768e+01 6.846328880573663289e-01 5.653348983534169786e-03 2.992034949535453681e-01 4.370276394441552359e-01
5.299999999999990052e+01 6.846266216604565136e-01 5.645329672065875319e-03 2.992024726194908446e-01 4.370301462917426383e-01
5.307499999999990337e+01 6.846047455310522167e-01 5.637141732250074838e-03 2.991912974391721658e-01 4.370277877742252404e-01
5.314999999999989200e+01 6.826223629895887823e-01 5.612803495895021637e-03 2.983205058068197912e-01 4.370212902201238148e-01
5.322499999999989484e+01 6.772112127804493786e-01 5.437856119727467984e-03 2.894298919724939134e-01 4.273849672160205948e-01
5.329999999999989768e+01 6.845305242712703686e-01 5.612419536915544578e-03 2.991419613175979597e-01 4.370031002431266076e-01
5.337499999999990052e+01 6.845252982885102755e-01 5.604397063593172072e-03 2.991346932692849903e-01 4.369958188794466070e-01
5.344999999999990337e+01 6.845275589354908874e-01 5.596504834747361053e-03 2.991331834172459292e-01 4.369921700193167835e-01
5.352499999999989200e+01 6.835836412385210004e-01 5.564010325420528508e-03 2.978136526681331997e-01 4.356652715219349048e-01
5.359999999999989484e+01 6.833158801660811354e-01 5.551347633105083862e-03 2.975522331344319094e-01 4.354534144034692966e-01
5.367499999999989768e+01 6.838013577438079027e-01 5.556433658828074072e-03 2.982415766375963173e-01 4.361523610038444687e-01
5.374999999999989342e+01 6.844960280622286453e-01 5.565299543604656195e-03 2.991348504687496579e-01 4.370147352287555020e-01
5.382499999999989626e+01 6.787242939965443256e-01 5.410694135824098243e-03 2.912306118607315142e-01 4.290852919760291817e-01
5.389999999999989200e+01 6.842866552868331897e-01 5.548289425460397467e-03 2.990528000323148250e-01 4.370285431139389054e-01
5.397499999999989484e+01 6.844930571490848159e-01 5.542280582959710142e-03 2.991445944652497690e-01 4.370308673563289559e-01
5.404999999999989768e+01 6.539608270042621685e-01 5.197576412677604521e-03 2.809290051052240056e-01 4.295807845129431257e-01
5.412499999999989342e+01 6.845370684126206307e-01 5.527222320151589305e-03 2.991609080782041685e-01 4.370266007243861495e-01
5.419999999999989626e+01 6.845549854080842378e-01 5.519666701097005433e-03 2.991659351994571114e-01 4.370225059731543960e-01
5.427499999999989200e+01 6.845641766125122318e-01 5.512073588473618939e-03 2.991677940144050751e-01 4.370193536781354915e-01
5.434999999999989484e+01 6.828066038705198348e-01 5.461966972288359590e-03 2.968579049438717643e-01 4.347613266496244133e-01
5.442499999999989058e+01 6.845688521696368101e-01 5.496939510238297091e-03 2.991709328447187399e-01 4.370209539866471982e-01
5.449999999999989342e+01 6.845776158879067763e-01 5.489512463871509991e-03 2.991784292809966939e-01 4.370263098552500391e-01
5.457499999999989626e+01 6.845966085778784072e-01 5.482212118400873503e-03 2.991917263617270839e-01 4.370336087162950411e-01
5.464999999999989200e+01 6.846239058031681202e-01 5.475001345419539499e-03 2.992088235271772589e-01 4.370411564524024906e-01
5.472499999999989484e+01 6.842385356557795228e-01 5.457439965624602540e-03 2.986584021188057880e-01 4.364828733777311731e-01
5.479999999999989058e+01 6.846748071907541311e-01 5.460525237232803641e-03 2.992367830003570539e-01 4.370495012488287423e-01
5.487499999999989342e+01 6.725851733078492822e-01 5.157606522443031888e-03 2.830236579190608115e-01 4.207997279022948622e-01
5.494999999999988916e+01 6.846802866676872101e-01 5.445558957370283393e-03 2.992334647074964549e-01 4.370411570688770286e-01
5.502499999999989200e+01 6.836763584611150746e-01 5.430038479163031180e-03 2.987878673159451992e-01 4.370311531445754127e-01
5.509999999999989484e+01 6.846542821338345020e-01 5.430256335906694445e-03 2.992071241084582889e-01 4.370192839164482868e-01
5.517499999999989058e+01 6.846463973775360756e-01 5.422668828266308250e-03 2.991957525995929679e-01 4.370077075489331442e-01
5.524999999999989342e+01 6.804103081484091931e-01 5.312220905199771352e-03 2.935002050122867967e-01 4.313576697727944387e-01
5.532499999999988916e+01 6.846538956692062028e-01 5.407849238276597401e-03 2.991892591076521501e-01 4.369934371222899960e-01
5.539999999999989200e+01 6.846580712868021168e-01 5.400928881516337508e-03 2.992114600360045173e-01 4.370231982712803331e-01
5.547499999999989484e+01 6.846679324027792335e-01 5.393388505004535413e-03 2.991982273151260197e-01 4.369975767159378077e-01
5.554999999999988347e+01 6.846682570400706158e-01 5.386208094292165190e-03 2.992038596379291704e-01 4.370055958654120998e-01
5.562499999999988631e+01 6.846652398008504781e-01 5.379044940917834458e-03 2.992093748385539209e-01 4.370155770221157421e-01
5.569999999999988916e+01 6.846630677902729722e-01 5.371909316442318762e-03 2.992153489258365662e-01 4.370256889882260243e-01
5.577499999999989200e+01 6.846656968593102244e-01 5.364812817514775546e-03 2.992224348968860470e-01 4.370343603739392790e-01
5.584999999999989484e+01 6.846744333298756535e-01 5.357753750971505288e-03 2.992305469917579952e-01 4.370406319051042265e-01
5.592499999999988347e+01 6.846871168873358560e-01 5.350713131048889619e-03 2.992386318539085321e-01 4.370443440126065004e-01
5.599999999999988631e+01 6.829878353605688401e-01 5.301423966847739443e-03 2.968797421434727912e-01 4.346779353496705856e-01
5.607499999999988916e+01 6.847070218928348329e-01 5.336589037122617570e-03 2.992492302566501783e-01 4.370471175093139093e-01
5.614999999999988489e+01 6.847086476989130421e-01 5.329493330982424011e-03 2.992510505346624994e-01 4.370487382339183768e-01
5.622499999999988773e+01 6.847061851487593609e-01 5.322406789984518785e-03 2.992523217668789925e-01 4.370521666922920767e-01
5.629999999999988347e+01 6.847038286277739028e-01 5.315369978992364949e-03 2.992553298172695442e-01 4.370580640932182348e-01
5.637499999999988631e+01 6.769026318771212969e-01 5.123710242304187201e-03 2.888491649098979819e-01 4.267218818589746943e-01
5.644999999999988916e+01 6.847122887265453262e-01 5.301532331695538516e-03 2.992715001242125528e-01 4.370762801421446131e-01
5.652499999999988489e+01 6.847217972281840481e-01 5.294694935296696825e-03 2.992826312176452008e-01 4.370864669843554373e-01
5.659999999999988773e+01 6.847290136105986802e-01 5.287842422685365071e-03 2.992918811239910770e-01 4.370953693722062772e-01
5.667499999999988347e+01 6.847290368266721883e-01 5.280920176988944913e-03 2.992961510308478346e-01 4.371015904596575741e-01
5.674999999999988631e+01 6.847196683555839547e-01 5.273900731061108120e-03 2.992938664877172750e-01 4.371042345059233947e-01
5.682499999999988205e+01 6.847025811150426744e-01 5.266795115946328390e-03 2.992856324636494758e-01 4.371031170588854375e-01
5.689999999999988489e+01 6.846823900550518260e-01 5.259645837300391640e-03 2.992738481423916630e-01 4.370987957180095806e-01
5.697499999999988773e+01 6.846641271362539083e-01 5.252505397989735980e-03 2.992614950504646210e-01 4.370924124536600397e-01
5.704999999999988347e+01 6.693929218879134391e-01 4.893950109508508374e-03 2.791998537474598141e-01 4.170941230750128126e-01
5.712499999999988631e+01 6.846407278826933673e-01 5.238374153759998292e-03 2.992421235335392948e-01 4.370790567177761377e-01
5.719999999999988205e+01 6.846309669904706574e-01 5.231374196726091587e-03 2.992346040527318340e-01 4.370743049618683873e-01
5.727499999999988489e+01 6.842499837740568802e-01 5.215451758366255498e-03 2.987149994604266778e-01 4.365582850478575971e-01
5.734999999999988063e+01 6.845976891634687478e-01 5.217383116943639584e-03 2.992169217567171025e-01 4.370697221054595794e-01
5.742499999999988347e+01 6.845457835233565991e-01 5.209932325347164592e-03 2.991803637830603435e-01 4.370494581723654015e-01
5.749999999999988631e+01 6.845533739894443803e-01 5.203388732442867405e-03 2.991948521154642604e-01 4.370657767294530149e-01
5.757499999999988205e+01 6.646032567379863698e-01 5.045107301383957785e-03 2.904720528771808086e-01 4.370608328085529015e-01
5.764999999999988489e+01 6.845344044073308210e-01 5.189550601947466070e-03 2.991775922022708034e-01 4.370526744543956621e-01
5.772499999999988063e+01 6.423798988763874673e-01 4.863516496221762485e-03 2.807464897444006402e-01 4.370412122724662285e-01
5.779999999999988347e+01 6.845405410870119001e-01 5.175827174206604035e-03 2.991628106691410771e-01 4.370271630575558452e-01
5.787499999999988631e+01 6.845381486888371114e-01 5.168921602193865018e-03 2.991513377269693352e-01 4.370119303065331806e-01
5.794999999999987494e+01 6.845257960281430076e-01 5.161966012632981937e-03 2.991359304320806434e-01 4.369973084546578956e-01
5.802499999999987779e+01 6.845051529434542648e-01 5.154994185211589537e-03 2.991185375969018789e-01 4.369850779218480419e-01
5.809999999999988063e+01 6.841712124783161375e-01 5.145728082314848968e-03 2.989668015824921143e-01 4.369765873362692066e-01
5.817499999999988347e+01 6.844692130709386646e-01 5.141283591303742045e-03 2.990941729240945701e-01 4.369724265349774761e-01
5.824999999999988631e+01 6.844696332511761572e-01 5.134665254641324582e-03 2.990942510828565881e-01 4.369722724764030231e-01
5.832499999999987494e+01 6.844847385354050351e-01 5.128207166972996271e-03 2.991026830136993553e-01 4.369749479786659285e-01
5.839999999999987779e+01 6.845243912140512865e-01 5.121995994994681112e-03 2.991245661076887830e-01 4.369816035001626298e-01
5.847499999999988063e+01 6.845269460775238457e-01 5.115444820521875512e-03 2.991256358800160609e-01 4.369815353421303561e-01
5.854999999999987637e+01 6.845321830565987975e-01 5.108934646436533514e-03 2.991281235488584267e-01 4.369818263520939272e-01
5.862499999999987921e+01 6.845185391117146745e-01 5.102258890150705023e-03 2.991199274350844206e-01 4.369785628059775773e-01
5.869999999999987494e+01 6.844894315643467175e-01 5.095442782683536412e-03 2.991024913435229582e-01 4.369716719510887692e-01
5.877499999999987779e+01 6.824295217897093924e-01 5.042913782258223038e-03 2.963972575522264563e-01 4.343265466811989106e-01
5.884999999999988063e+01 6.844273409952340570e-01 5.081757136336397147e-03 2.990614074733963790e-01 4.369512869525749577e-01
5.892499999999987637e+01 6.844149073296023067e-01 5.075082639777909327e-03 2.990492445489126849e-01 4.369414537093005979e-01
5.899999999999987921e+01 6.844185888780678351e-01 5.068577513014834064e-03 2.990460732678745792e-01 4.369344698221674927e-01
5.907499999999987494e+01 6.844316543666655317e-01 5.062207481790172853e-03 2.990499069867538218e-01 4.369317302594336594e-01
5.914999999999987779e+01 6.844434263623678794e-01 5.055899196928947958e-03 2.990564374983466500e-01 4.369337566550254293e-01
5.922499999999987352e+01 6.530228765589601858e-01 4.391498005435303005e-03 2.600864693719052712e-01 3.982807933810915690e-01
5.929999999999987637e+01 6.844331687607312364e-01 5.043213744653126003e-03 2.990625750579297693e-01 4.369492723437518045e-01
5.937499999999987921e+01 6.844132211184998926e-01 5.036813267444044569e-03 2.990607877544895210e-01 4.369593960586419801e-01
5.944999999999987494e+01 6.843949106524900294e-01 5.030427095294178440e-03 2.990588908152382874e-01 4.369683148726526967e-01
5.952499999999987779e+01 6.843879709034323966e-01 5.024106127391291497e-03 2.990599172329659883e-01 4.369742455265385184e-01
5.959999999999987352e+01 6.843968691765949242e-01 5.017870913394891635e-03 2.990651064383349489e-01 4.369761463084179676e-01
5.967499999999987637e+01 6.844184031515726518e-01 5.011696895593898901e-03 2.990730122445652839e-01 4.369739487825139435e-01
5.974999999999987210e+01 6.844432868627955413e-01 5.005526336104285622e-03 2.990801985822304498e-01 4.369685616365530656e-01
5.982499999999987494e+01 6.844608951268490449e-01 4.999300661580390222e-03 2.990831620790461720e-01 4.369616499765380802e-01
5.989999999999987779e+01 6.844647462880247835e-01 4.992995931889898653e-03 2.990804563202043020e-01 4.369552382970361970e-01
5.997499999999987352e+01 6.781043352789121181e-01 4.940367277681614877e-03 2.962985274789542434e-01 4.369512360617533453e-01
6.004999999999987637e+01 6.844424754917624032e-01 4.980313376197573194e-03 2.990678182406636409e-01 4.369509914266901385e-01
6.012499999999987210e+01 6.844355567065391055e-01 4.974096052154920039e-03 2.990675251358139164e-01 4.369549802101282410e-01
6.019999999999987494e+01 6.829088272986020280e-01 4.932674754988747474e-03 2.969470202503219358e-01 4.348267416969290311e-01
6.027499999999987779e+01 6.844672553156868622e-01 4.962149654864096877e-03 2.990935704469328549e-01 4.369727961770593083e-01
6.034999999999986642e+01 6.845000803145050439e-01 4.956340641686149580e-03 2.991151577257584737e-01 4.369833785677936233e-01
6.042499999999986926e+01 6.845909131120528901e-01 4.951925034285426311e-03 2.992200701966962750e-01 4.370786472120765098e-01
6.049999999999987210e+01 6.845462825130833595e-01 4.944556509521112059e-03 2.991456688260266672e-01 4.369984564488658130e-01
6.057499999999987494e+01 6.845434409754296290e-01 4.938436756330878176e-03 2.991458065147423184e-01 4.370004715675591123e-01
6.064999999999987779e+01 6.845247495702553309e-01 4.932173767185328052e-03 2.991363389797895289e-01 4.369985733424355256e-01
6.072499999999986642e+01 6.844999291467135372e-01 4.925848890315847987e-03 2.991221738644291861e-01 4.369937250940405526e-01
6.079999999999986926e+01 6.844804428973138011e-01 4.919563091720919983e-03 2.991094359766313104e-01 4.369875561536005759e-01
6.087499999999987210e+01 6.844740212901251342e-01 4.913393133609307052e-03 2.991028070084659207e-01 4.369819711268289053e-01
6.094999999999986784e+01 6.844812565758401357e-01 4.907362254844720162e-03 2.991037294327850704e-01 4.369786996492350806e-01
6.102499999999987068e+01 6.844958903692159868e-01 4.901438036831922210e-03 2.991102561976674012e-01 4.369788926509519111e-01
6.109999999999986642e+01 6.845085071792048614e-01 4.895556215622917651e-03 2.991184847745596009e-01 4.369828594347187067e-01
6.117499999999986926e+01 6.845116405857233355e-01 4.889656659737474757e-03 2.991247461594394030e-01 4.369900063401173651e-01
6.124999999999987210e+01 6.845036290163596382e-01 4.883712530477478039e-03 2.991273924917449145e-01 4.369989870201195781e-01
6.132499999999986784e+01 6.844892944243391453e-01 4.877738574089638193e-03 2.991273180560464207e-01 4.370080299175677085e-01
6.139999999999987068e+01 6.844771839811968350e-01 4.871775947695168932e-03 2.991270431884827108e-01 4.370153603201768489e-01
6.147499999999986642e+01 6.844749155405952523e-01 4.865863634996088483e-03 2.991289669613839131e-01 4.370196192290453641e-01
6.154999999999986926e+01 6.844851112125327486e-01 4.860013081378991920e-03 2.991338051588763314e-01 4.370201780269187264e-01
6.162499999999986500e+01 6.845040380384148637e-01 4.854200272024810150e-03 2.991400917635282930e-01 4.370172784090140539e-01
6.169999999999986784e+01 6.845236476272595905e-01 4.848379640384726900e-03 2.991450238117370208e-01 4.370119642303855745e-01
6.177499999999987068e+01 6.845358843365688672e-01 4.842511851256412446e-03 2.991461696113641988e-01 4.370058260733656885e-01
6.184999999999986642e+01 6.845369920502130112e-01 4.836589953256147274e-03 2.991430886088920493e-01 4.370006180571012200e-01
6.192499999999986926e+01 6.845295332582835846e-01 4.830648832779341900e-03 2.991379289698601340e-01 4.369978422201847845e-01
6.199999999999986500e+01 6.845210605016697203e-01 4.824751703205741420e-03 2.991346055987553765e-01 4.369983961918227910e-01
6.207499999999986784e+01 6.845201248403997019e-01 4.818959576413229043e-03 2.991369157058505479e-01 4.370023683023143146e-01
6.214999999999986358e+01 6.845316940919773385e-01 4.813298944731949497e-03 2.991465294150900123e-01 4.370090267506227533e-01
6.222499999999986642e+01 6.845543651547130182e-01 4.807744420690885853e-03 2.991618965774897054e-01 4.370170023090532707e-01
6.229999999999986926e+01 6.845808133564988962e-01 4.802225848654218324e-03 2.991786703711571960e-01 4.370246208103387153e-01
6.237499999999986500e+01 6.846012662749416666e-01 4.796657305806500092e-03 2.991914994496798208e-01 4.370303038988566091e-01
6.244999999999986784e+01 6.846082281820468074e-01 4.790974352182017851e-03 2.991963482937664009e-01 4.370329423125278723e-01
6.252499999999986358e+01 6.846000778256382535e-01 4.785161893825650228e-03 2.991922474114481201e-01 4.370321551258278259e-01
6.259999999999986642e+01 6.845817284697658378e-01 4.779259393361769484e-03 2.991816380244460838e-01 4.370283716061219570e-01
6.267499999999986926e+01 6.845620902969151711e-01 4.773341656742281607e-03 2.991691883363218896e-01 4.370227223750634549e-01
6.274999999999985789e+01 6.845496550758282117e-01 4.767484856118168329e-03 2.991596747214143592e-01 4.370167635075006274e-01
6.282499999999986073e+01 6.845484848270667610e-01 4.761734544142794297e-03 2.991559727357704368e-01 4.370121026728214231e-01
6.289999999999986358e+01 6.845565835324981530e-01 4.756090375725526356e-03 2.991580846331349797e-01 4.370100176224993582e-01
6.297499999999986642e+01 6.845674071513268011e-01 4.750513594239595509e-03 2.991635935972378757e-01 4.370111554713652646e-01
6.304999999999986926e+01 6.845736054407330906e-01 4.744951603107845639e-03 2.991691985759490358e-01 4.370153862174424586e-01
6.312499999999985789e+01 6.845709968770401499e-01 4.739365962075739978e-03 2.991724763560303924e-01 4.370218395474421702e-01
6.319999999999986073e+01 6.845607068670884754e-01 4.733749428666764181e-03 2.991729638917388634e-01 4.370291208516954296e-01
6.327499999999986358e+01 6.845483981265357842e-01 4.728124086340064654e-03 2.991720515631669519e-01 4.370356462478585668e-01
6.334999999999985931e+01 6.845411057564810831e-01 4.722523444314085696e-03 2.991718601972966907e-01 4.370400224054977745e-01
6.342499999999986215e+01 6.845433911782295988e-01 4.716969419367750271e-03 2.991737854233988969e-01 4.370413757241360386e-01
6.349999999999985789e+01 6.845548892163650923e-01 4.711457717204894924e-03 2.991775650425101407e-01 4.370395562947327894e-01
6.357499999999986073e+01 6.845705316340764401e-01 4.705959835047292608e-03 2.991813965131310260e-01 4.370351668497651776e-01
6.364999999999986358e+01 6.845833015123594656e-01 4.700440525260165398e-03 2.991830394328088838e-01 4.370294144947201032e-01
6.372499999999985931e+01 6.845880425846145867e-01 4.694880812645223916e-03 2.991812797858162121e-01 4.370238175009281134e-01
6.379999999999986215e+01 6.845842669010371306e-01 4.689293227699589846e-03 2.991769079272331711e-01 4.370198416646958739e-01
6.387499999999985789e+01 6.845764874286693891e-01 4.683720168215077008e-03 2.991726257447373527e-01 4.370185526944644905e-01
6.394999999999986073e+01 6.845718388717136893e-01 4.678214776282514815e-03 2.991718349432661572e-01 4.370203650742488510e-01
6.402499999999986358e+01 6.845762580321468338e-01 4.672813808684359548e-03 2.991769041010154950e-01 4.370249487778270492e-01
6.409999999999985221e+01 6.845912010234406209e-01 4.667516251614020444e-03 2.991877917284579969e-01 4.370313134045287207e-01
6.417499999999986926e+01 6.846126254781179643e-01 4.662279179757087763e-03 2.992017663609104483e-01 4.370380492938684691e-01
6.424999999999985789e+01 6.846327988464585568e-01 4.657033902959577427e-03 2.992144282651522103e-01 4.370436659904406995e-01
6.432499999999986073e+01 6.846440104469859733e-01 4.651715123470472404e-03 2.992215753172374759e-01 4.370469481240091825e-01
6.439999999999986358e+01 6.846423089077702251e-01 4.646289341354622147e-03 2.992210335832370394e-01 4.370472430495758731e-01
6.447499999999985221e+01 6.846293678296453411e-01 4.640768923735650447e-03 2.992135763578553931e-01 4.370446118991319073e-01
6.454999999999985505e+01 6.846115688686824630e-01 4.635205440495207899e-03 2.992025111839650142e-01 4.370398117554393780e-01
6.462499999999985789e+01 6.845967896817675147e-01 4.629665737623665095e-03 2.991921482939287058e-01 4.370341094252094827e-01
6.469999999999986073e+01 6.845905827107149344e-01 4.624202813552752943e-03 2.991859220368624506e-01 4.370289770160166176e-01
6.477499999999986358e+01 6.845936667018147626e-01 4.618835260541448613e-03 2.991850540015716930e-01 4.370257403095233473e-01
6.484999999999985221e+01 6.846019741471059961e-01 4.613544457625505871e-03 2.991883580770133833e-01 4.370252634017738891e-01
6.492499999999985505e+01 6.846091223194045172e-01 4.608289283056258775e-03 2.991931817024269247e-01 4.370277461229011839e-01
6.499999999999985789e+01 6.846099604782348580e-01 4.603029627176439924e-03 2.991969257664679471e-01 4.370326799765865133e-01
6.507499999999986073e+01 6.846033082789335644e-01 4.597746098238313095e-03 2.991983273428575618e-01 4.370389738475419783e-01
6.514999999999984936e+01 6.845924704413893780e-01 4.592446118966729725e-03 2.991978646506817663e-01 4.370452167809772415e-01
6.522499999999985221e+01 6.845833276810684431e-01 4.587154533564260887e-03 2.991971544517282311e-01 4.370500161977612374e-01
6.529999999999985505e+01 6.845810787841858369e-01 4.581895176568206128e-03 2.991977550299032007e-01 4.370523292307137986e-01
6.537499999999985789e+01 6.845873932210393420e-01 4.576674427852195706e-03 2.992000907208366423e-01 4.370517098088468888e-01
6.544999999999986073e+01 6.845995106073061720e-01 4.571476369017383155e-03 2.992031283521870977e-01 4.370484111020834783e-01
6.552499999999984936e+01 6.846117447042787685e-01 4.566272291969266164e-03 2.992049919312854689e-01 4.370433230889552711e-01
6.559999999999985221e+01 6.846185881491243519e-01 4.561039203616788600e-03 2.992041717572606618e-01 4.370377564041362239e-01
6.567499999999985505e+01 6.846177362253902388e-01 4.555776650675490147e-03 2.992006315331121602e-01 4.370331291484524927e-01
6.574999999999985789e+01 6.846114029817428337e-01 4.550511812651690004e-03 2.991961516818479883e-01 4.370306284393380425e-01
6.582499999999984652e+01 6.846052097517264512e-01 4.545289036373196222e-03 2.991936508192649669e-01 4.370309290047152961e-01
6.589999999999984936e+01 6.846052004030254157e-01 4.540148303219635091e-03 2.991957731821732747e-01 4.370340350994083023e-01
6.597499999999985221e+01 6.846145399794416608e-01 4.535103405989225275e-03 2.992034472101384734e-01 4.370392823078564359e-01
6.604999999999985505e+01 6.846316398630574174e-01 4.530131354327430852e-03 2.992151759533261401e-01 4.370454979456928069e-01
6.612499999999985789e+01 6.846507079421997322e-01 4.525179129360112733e-03 2.992274699289367845e-01 4.370512824390425655e-01
6.619999999999984652e+01 6.846644705604720826e-01 4.520185267137408029e-03 2.992362646844957119e-01 4.370553425089203081e-01
6.627499999999984936e+01 6.846676885580522676e-01 4.515106267926596341e-03 2.992386679068345101e-01 4.370567983674643053e-01
6.634999999999985221e+01 6.846596776905292669e-01 4.509935239586355601e-03 2.992342031465540231e-01 4.370553910169219236e-01
6.642499999999985505e+01 6.846445678837324023e-01 4.504704004560906340e-03 2.992249635029575749e-01 4.370515411053002008e-01
6.649999999999985789e+01 6.846291916653273191e-01 4.499467956475129184e-03 2.992146191055954363e-01 4.370462474405603093e-01
6.657499999999984652e+01 6.846197155300441928e-01 4.494281344246943595e-03 2.992067804932395658e-01 4.370408472119278742e-01
6.664999999999984936e+01 6.846187388333779822e-01 4.489174990442423678e-03 2.992035131129868741e-01 4.370366981523811645e-01
6.672499999999985221e+01 6.846243164500130929e-01 4.484146724012760821e-03 2.992046901597508191e-01 4.370348568850415116e-01
6.679999999999985505e+01 6.846313351060983043e-01 4.479168018586296950e-03 2.992084236415639698e-01 4.370358297947247728e-01
6.687499999999985789e+01 6.846344528907577498e-01 4.474202146410253753e-03 2.992122685411851002e-01 4.370394555485922483e-01
6.694999999999984652e+01 6.846310118160159330e-01 4.469223650925596009e-03 2.992145234294679712e-01 4.370449457668991178e-01
6.702499999999983515e+01 6.846223975893284130e-01 4.464229078758279526e-03 2.992149540037729594e-01 4.370510737851399097e-01
6.709999999999985221e+01 6.846131684867454714e-01 4.459234159839208997e-03 2.992146121252102775e-01 4.370564661889106972e-01
6.717499999999985505e+01 6.846084772534349883e-01 4.454260232143538584e-03 2.992149310942415763e-01 4.370599270033217465e-01
6.724999999999985789e+01 6.846112020170330714e-01 4.449318424283803253e-03 2.992166640330851113e-01 4.370607187722304054e-01
6.732499999999984652e+01 6.846203441504959963e-01 4.444401049784694330e-03 2.992193006767538410e-01 4.370587336957346691e-01
6.739999999999983515e+01 6.846315539530454242e-01 4.439485344081274716e-03 2.992213121910771711e-01 4.370545156199430181e-01
6.747499999999985221e+01 6.846394989202777559e-01 4.434547556952916567e-03 2.992210964053974021e-01 4.370491285958363337e-01
6.754999999999984084e+01 6.846407967469372302e-01 4.429579372831006848e-03 2.992180866347338153e-01 4.370439039806933157e-01
6.762499999999985789e+01 6.846359316251986460e-01 4.424597034676690938e-03 2.992133744700106179e-01 4.370401269470820527e-01
6.769999999999984652e+01 6.846290989098524626e-01 4.419637164802419672e-03 2.992094360571231348e-01 4.370387360595099357e-01
6.777499999999983515e+01 6.846260344204621040e-01 4.414740466609922039e-03 2.992090351244867108e-01 4.370401066879789909e-01
6.784999999999985221e+01 6.846309391719276327e-01 4.409931064947299889e-03 2.992138227566736308e-01 4.370439687090064695e-01
6.792499999999984084e+01 6.846441230376132392e-01 4.405202133331929254e-03 2.992233549065705933e-01 4.370494755421010513e-01
6.799999999999985789e+01 6.846616106413508929e-01 4.400515579098445221e-03 2.992350593786936575e-01 4.370554077048189878e-01
6.807499999999984652e+01 6.822466938201084963e-01 4.380213795632775797e-03 2.981830541377005206e-01 4.370604604444209840e-01
6.814999999999983515e+01 6.663501514944799586e-01 4.039050176608312802e-03 2.752612695358558348e-01 4.130880272458917757e-01
6.822499999999983800e+01 6.846812184865272988e-01 4.386215444951728840e-03 2.992495487318309610e-01 4.370640535362069201e-01
6.829999999999984084e+01 6.846698295888612451e-01 4.381305117086169154e-03 2.992431394969846670e-01 4.370619626640738220e-01
6.837499999999985789e+01 6.846555884112074386e-01 4.376367175498842819e-03 2.992341056247327380e-01 4.370578590019647547e-01
6.844999999999984652e+01 6.846445568719273789e-01 4.371450765537554170e-03 2.992258049010448895e-01 4.370527770909006238e-01
6.852499999999983515e+01 6.846404440861145746e-01 4.366591834830056175e-03 2.992207054817288547e-01 4.370479542457363920e-01
6.859999999999983800e+01 6.846429849992606842e-01 4.361799976466363034e-03 2.992194783855918194e-01 4.370445399158146005e-01
6.867499999999984084e+01 6.846484357257783815e-01 4.357059103102843035e-03 2.992210339055870749e-01 4.370433324489969573e-01
6.874999999999984368e+01 6.846518513426024244e-01 4.352340311130406710e-03 2.992233963902147797e-01 4.370446027472760786e-01
6.882499999999984652e+01 6.841089036446624805e-01 4.336975542031440423e-03 2.984923416803132445e-01 4.363228428837334638e-01
6.889999999999983515e+01 6.846426781221317537e-01 4.342888953972982684e-03 2.992250489287378024e-01 4.370528722361649021e-01
6.897499999999983800e+01 6.846336445509310087e-01 4.338160362503010008e-03 2.992246110036443918e-01 4.370579993916506867e-01
6.904999999999984084e+01 6.846276512056593821e-01 4.333453294027919331e-03 2.992249499526271617e-01 4.370623205558216706e-01
6.912499999999984368e+01 6.842016941324655654e-01 4.320709993691809227e-03 2.986690783139456240e-01 4.365219801050674864e-01
6.919999999999984652e+01 6.846357231786591724e-01 4.324142119741156663e-03 2.992306346860873489e-01 4.370654708124273591e-01
6.927499999999983515e+01 6.846468208971703273e-01 4.319515313266741874e-03 2.992344233265528120e-01 4.370639199557401766e-01
6.934999999999983800e+01 6.846565172864780280e-01 4.314874708845623484e-03 2.992365610584433178e-01 4.370608524175269016e-01
6.942499999999984084e+01 6.846606781226531879e-01 4.310202910975004589e-03 2.992358370944390167e-01 4.370571388953530256e-01
6.949999999999984368e+01 6.846583075423262610e-01 4.305503338920426901e-03 2.992324820549689957e-01 4.370537518621581130e-01
6.957499999999984652e+01 6.846521251636180638e-01 4.300801379198674994e-03 2.992282559577471579e-01 4.370515258186595808e-01
6.964999999999983515e+01 6.837053058710150788e-01 4.276843549301565829e-03 2.978821532088533619e-01 4.356879355051407887e-01
6.972499999999983800e+01 6.846480118029316664e-01 4.291529013227904539e-03 2.992268604473149463e-01 4.370521133324258845e-01
6.979999999999984084e+01 6.846564368799586964e-01 4.286995006731156473e-03 2.992322514698340097e-01 4.370546092189864229e-01
6.987499999999984368e+01 6.846701872845935011e-01 4.282510403237569860e-03 2.992404144262245103e-01 4.370577542057351716e-01
6.994999999999983231e+01 6.846840782884854315e-01 4.278034635550533211e-03 2.992485227567590611e-01 4.370607295335315334e-01
7.002499999999983515e+01 6.846925266364158880e-01 4.273525736764274829e-03 2.992536397169176521e-01 4.370628100572605534e-01
7.009999999999983800e+01 6.846923248244957128e-01 4.268959485046235069e-03 2.992540599017403657e-01 4.370635525649376740e-01
7.017499999999984084e+01 6.846842062689517672e-01 4.264340133099009389e-03 2.992500688402223163e-01 4.370629059357526436e-01
7.024999999999984368e+01 6.846724047764696230e-01 4.259697560448525051e-03 2.992437536215082350e-01 4.370612157491650107e-01
7.032499999999983231e+01 6.831535766426255485e-01 4.245695038859423343e-03 2.985785036077882593e-01 4.370591237700304221e-01
7.039999999999983515e+01 6.742738788363649149e-01 4.053417941445377516e-03 2.853606230777538943e-01 4.232117423415807655e-01
7.047499999999983800e+01 6.846608866562677864e-01 4.245982404071363750e-03 2.992356099269286585e-01 4.370566739810844981e-01
7.054999999999984084e+01 6.846669540395363684e-01 4.241512874014736686e-03 2.992387332617389983e-01 4.370573627020113427e-01
7.062499999999982947e+01 6.846718978350671003e-01 4.237059352027507456e-03 2.992423167369420156e-01 4.370594407089678501e-01
7.069999999999983231e+01 6.846718196953998081e-01 4.232593591850385313e-03 2.992443669438215048e-01 4.370624850266961459e-01
7.077499999999983515e+01 6.846657563772499122e-01 4.228102593777485589e-03 2.992439610746008283e-01 4.370657628007874607e-01
7.084999999999983800e+01 6.846561510972571929e-01 4.223593177436806879e-03 2.992415766213970540e-01 4.370684118470572477e-01
7.092499999999984084e+01 6.846474944176038635e-01 4.219085659269969368e-03 2.992386503837218825e-01 4.370696640586840820e-01
7.099999999999982947e+01 6.846438837747346184e-01 4.214600752900838666e-03 2.992366534559588453e-01 4.370690523168616615e-01
7.107499999999983231e+01 6.846468318679254095e-01 4.210147428024073671e-03 2.992362284468103040e-01 4.370665495236464859e-01
7.114999999999983515e+01 6.846545131925736438e-01 4.205718656984122270e-03 2.992368824444195941e-01 4.370626011783155240e-01
7.122499999999983800e+01 6.652584769764338102e-01 4.082226290774764073e-03 2.907565675604318889e-01 4.370580422844152491e-01
7.129999999999984084e+01 6.826793129005118699e-01 4.184679752285079893e-03 2.983676663379255523e-01 4.370539149197966711e-01
7.137499999999982947e+01 6.846674143556072956e-01 4.192430605076273402e-03 2.992347344373182949e-01 4.370512283236831497e-01
7.144999999999983231e+01 6.846634974636853777e-01 4.188001036341932291e-03 2.992326740466303425e-01 4.370507193024434356e-01
7.152499999999983515e+01 6.846600264679990611e-01 4.183607030899022701e-03 2.992324928850519372e-01 4.370526704015748609e-01
7.159999999999983800e+01 6.846083596027101592e-01 4.178116268524908854e-03 2.991531248263827880e-01 4.369697223679629428e-01
7.167499999999984084e+01 6.846695294811743215e-01 4.175003070871539587e-03 2.992433451047169513e-01 4.370624545413553941e-01
7.174999999999982947e+01 6.846832072636707123e-01 4.170779682580974708e-03 2.992534422251842408e-01 4.370684705721752938e-01
7.182499999999981810e+01 6.846978699092381992e-01 4.166563669748437997e-03 2.992634355796808254e-01 4.370737061287344183e-01
7.189999999999983515e+01 6.844838545683009645e-01 4.158383765365488739e-03 2.989877927297779348e-01 4.368076627875282503e-01
7.197499999999983800e+01 6.847100445432081628e-01 4.157996910772600307e-03 2.992718276528572030e-01 4.370781910356097422e-01
7.204999999999984084e+01 6.814319153738143120e-01 4.103792383820767907e-03 2.956782412542856564e-01 4.339072394225693130e-01
7.212499999999982947e+01 6.846919294822099156e-01 4.149191943721676316e-03 2.992604689409251728e-01 4.370731653975201692e-01
7.219999999999981810e+01 6.846803596251064272e-01 4.144766554067272346e-03 2.992521452036562835e-01 4.370683940277042545e-01
7.227499999999983515e+01 6.846733047858465371e-01 4.140376352973003556e-03 2.992457009111231248e-01 4.370634853431620281e-01
7.234999999999982379e+01 6.832337413130863402e-01 4.109291675892487103e-03 2.973072527508207052e-01 4.351472047903179874e-01
7.242499999999984084e+01 6.846757981499848045e-01 4.131756927921953135e-03 2.992424955047467972e-01 4.370572120605245026e-01
7.249999999999982947e+01 6.840788177589149921e-01 4.123881845649015471e-03 2.989814338095528878e-01 4.370569970124711379e-01
7.257499999999981810e+01 6.837755276763334278e-01 4.106976395636821944e-03 2.980638119133416364e-01 4.359088616789905668e-01
7.264999999999983515e+01 6.846752080159075327e-01 4.119000276101928912e-03 2.992453700588044718e-01 4.370617871880821403e-01
7.272499999999982379e+01 6.846670866034906267e-01 4.114737348655118053e-03 2.992442736809427517e-01 4.370653702158218135e-01
7.279999999999984084e+01 6.846593504791606000e-01 4.110481787374769581e-03 2.992430741208825795e-01 4.370685566646486664e-01
7.287499999999982947e+01 6.846559375577813134e-01 4.106250300290322647e-03 2.992429906336565582e-01 4.370706134545164212e-01
7.294999999999981810e+01 6.846587485984586552e-01 4.102050606850786950e-03 2.992445917697641455e-01 4.370711575399239823e-01
7.302499999999983515e+01 6.846666119858697552e-01 4.097876087081779584e-03 2.992474012591462840e-01 4.370702412246768032e-01
7.309999999999982379e+01 6.846759261278990705e-01 4.093709444646716211e-03 2.992501604036742480e-01 4.370683252966800492e-01
7.317499999999982663e+01 6.846826279846478513e-01 4.089533305404086799e-03 2.992515996229433428e-01 4.370661491789057385e-01
7.324999999999982947e+01 6.846844095621235082e-01 4.085341571260843463e-03 2.992512700948560811e-01 4.370645306298654997e-01
7.332499999999981810e+01 6.846819734711444561e-01 4.081144805429683109e-03 2.992499428581307797e-01 4.370641472288484541e-01
7.339999999999982094e+01 6.846786359722678572e-01 4.076966081043035574e-03 2.992493103485580619e-01 4.370653539139767174e-01
7.347499999999982379e+01 6.841841873741603131e-01 4.069888679932590070e-03 2.990350707580463618e-01 4.370680823620275435e-01
7.354999999999982663e+01 6.846840518393276787e-01 4.068744052842398866e-03 2.992561250865577449e-01 4.370718498300630861e-01
7.362499999999982947e+01 6.846948083589853296e-01 4.064700559459690464e-03 2.992635786902190231e-01 4.370758694774785069e-01
7.369999999999981810e+01 6.846624266752654453e-01 4.059929460191119034e-03 2.992168012160847379e-01 4.370282193943189619e-01
7.377499999999982094e+01 6.845751168527410835e-01 4.055776361162635041e-03 2.992149010447726631e-01 4.370811817122134402e-01
7.384999999999982379e+01 6.847187537961326731e-01 4.052507728022632962e-03 2.992776957144707151e-01 4.370812016689370472e-01
7.392499999999982663e+01 6.846766683827608668e-01 4.047802989537646785e-03 2.992338360015698306e-01 4.370440089748851564e-01
7.399999999999982947e+01 6.847028372549283093e-01 4.044148544715530508e-03 2.992669923089485984e-01 4.370757298286550574e-01
7.407499999999981810e+01 6.846918228402707474e-01 4.039948880412152707e-03 2.992592133165294932e-01 4.370713996190700446e-01
7.414999999999982094e+01 6.759758414515711911e-01 3.878658708049188397e-03 2.876025432018466388e-01 4.254627540893431425e-01
7.422499999999982379e+01 6.846833262506515361e-01 4.031667026037624377e-03 2.992504850076419531e-01 4.370640755140737799e-01
7.429999999999982663e+01 6.846866293550027960e-01 4.027603795507721587e-03 2.992509620062230313e-01 4.370626636715941871e-01
7.437499999999981526e+01 6.846910649034335661e-01 4.023573727239567084e-03 2.992532959634420786e-01 4.370632410774160093e-01
7.444999999999981810e+01 6.846928533164111652e-01 4.019552785234270856e-03 2.992557048606907522e-01 4.370656176871153820e-01
7.452499999999982094e+01 6.846900272405619381e-01 4.015523943461223218e-03 2.992569218864469249e-01 4.370691991710647928e-01
7.459999999999982379e+01 6.846834679153445125e-01 4.011484590356601335e-03 2.992567504406017376e-01 4.370731359291449847e-01
7.467499999999982663e+01 6.676978529126726958e-01 3.707959324240136297e-03 2.768918625376315390e-01 4.146963500477900411e-01
7.474999999999981526e+01 6.846723837211268204e-01 4.003420511486902901e-03 2.992556832336452644e-01 4.370786530153591976e-01
7.482499999999981810e+01 6.846736968123141587e-01 3.999419605452548925e-03 2.992565719779862743e-01 4.370791128259449154e-01
7.489999999999982094e+01 6.847245788252008802e-01 3.995701080826663011e-03 2.992780109539163735e-01 4.370779437586352900e-01
7.497499999999982379e+01 6.846875465172660435e-01 3.991466629096830990e-03 2.992602105165341753e-01 4.370755858475185995e-01
7.504999999999982663e+01 6.846934424227679727e-01 3.987486438631482853e-03 2.992608572192920757e-01 4.370727666974086323e-01
7.512499999999981526e+01 6.806427780981996190e-01 3.910578001593435944e-03 2.937821723697061627e-01 4.316246081249403566e-01
7.519999999999981810e+01 6.846925912497417999e-01 3.979492962291157621e-03 2.992578707642943314e-01 4.370689482970321338e-01
7.527499999999982094e+01 6.846888873262977349e-01 3.975507888320588615e-03 2.992563562933315824e-01 4.370691007735268419e-01
7.534999999999982379e+01 6.846877144229794876e-01 3.971559575692898240e-03 2.992570140284591673e-01 4.370708101293419579e-01
7.542499999999982663e+01 6.842790592081032797e-01 3.965456947107578144e-03 2.990945902355883756e-01 4.370944663741749281e-01
7.549999999999981526e+01 6.783796650734873479e-01 3.849523715839298522e-03 2.906390405458663118e-01 4.284312391857766356e-01
7.557499999999981810e+01 6.847285494944497231e-01 3.960189755716710808e-03 2.992913407882896726e-01 4.370948765160487248e-01
7.564999999999982094e+01 6.811557005809851795e-01 3.892206756340509805e-03 2.944454411171588681e-01 4.322733273259175002e-01
7.572499999999982379e+01 6.845627503194884333e-01 3.951281207135245652e-03 2.992107694103157689e-01 4.370830420887972245e-01
7.579999999999981242e+01 6.847224374206062336e-01 3.948283193124246977e-03 2.992798660388171772e-01 4.370820199294531694e-01
7.587499999999981526e+01 6.847138974541951972e-01 3.944309851178043856e-03 2.992745099581333168e-01 4.370796489904072435e-01
7.594999999999981810e+01 6.847041276740781779e-01 3.940330744228619404e-03 2.992681200241629202e-01 4.370765531102738244e-01
7.602499999999982094e+01 6.846447952179991470e-01 3.935412542643212594e-03 2.991897385544495247e-01 4.369999460219133325e-01
7.609999999999982379e+01 6.846954850437776408e-01 3.932468232160554397e-03 2.992608324674175257e-01 4.370714266478382681e-01
7.617499999999981242e+01 6.846983100121313282e-01 3.928607071273596159e-03 2.992616436542654412e-01 4.370708080891322345e-01
7.624999999999981526e+01 6.793095516239648912e-01 3.893864315417310679e-03 2.969071540505692219e-01 4.370719554005677021e-01
7.632499999999981810e+01 6.766115118070543666e-01 3.776607538411695837e-03 2.882495703692720124e-01 4.260193114353493238e-01
7.639999999999982094e+01 6.764425363530702784e-01 3.772509333041884714e-03 2.882197130443993061e-01 4.260815923822427465e-01
7.647499999999982379e+01 6.835826986793436255e-01 3.892873551685642735e-03 2.977075048651588451e-01 4.355105906576025032e-01
7.654999999999981242e+01 6.846945866252993618e-01 3.909485769673713522e-03 2.992711356685220370e-01 4.370870480275884651e-01
7.662499999999981526e+01 6.846910447617055029e-01 3.905665999190808656e-03 2.992716571879949772e-01 4.370900707371616623e-01
7.669999999999981810e+01 6.846917629993239940e-01 3.901865911467727703e-03 2.992731154095740198e-01 4.370917419812300198e-01
7.677499999999980673e+01 6.846967160374737293e-01 3.898085293405117828e-03 2.992754984011771757e-01 4.370920604573159673e-01
7.684999999999982379e+01 6.847037688308003078e-01 3.894314997711630175e-03 2.992781075741380858e-01 4.370913688487287896e-01
7.692499999999981242e+01 6.847099243456962192e-01 3.890543182017817698e-03 2.992800342767198973e-01 4.370902533108596000e-01
7.699999999999980105e+01 6.846444393816624174e-01 3.885537508702983922e-03 2.991863881701289918e-01 4.369952795356661368e-01
7.707499999999981810e+01 6.847129567968994746e-01 3.882980582150931479e-03 2.992807283692823228e-01 4.370893312276773468e-01
7.714999999999980673e+01 6.847116625869203999e-01 3.879208184178056795e-03 2.992809114093363254e-01 4.370904247177829216e-01
7.722499999999982379e+01 6.847120019129272483e-01 3.875462454476171197e-03 2.992825880469216493e-01 4.370926567824066078e-01
7.729999999999981242e+01 6.842370575064593563e-01 3.869043558208384859e-03 2.990770670495074279e-01 4.370956874791659397e-01
7.737499999999980105e+01 6.847238086162755755e-01 3.868071648729307522e-03 2.992920438204293987e-01 4.370989296038264582e-01
7.744999999999981810e+01 6.847254996443637998e-01 3.864162326681176013e-03 2.992793722014563951e-01 4.370793439953640225e-01
7.752499999999980673e+01 6.847403625556904849e-01 3.860720111357334589e-03 2.993023266329766230e-01 4.371033796165829655e-01
7.759999999999982379e+01 6.847429467132255532e-01 3.857005208512507329e-03 2.993036041805698932e-01 4.371035957613449430e-01
7.767499999999981242e+01 6.847400201321426350e-01 3.853253069115907502e-03 2.993014321435774061e-01 4.371022918827170978e-01
7.774999999999980105e+01 6.847332364229891111e-01 3.849475595075676874e-03 2.992967275171330988e-01 4.370997515479804196e-01
7.782499999999981810e+01 6.847257972486175959e-01 3.845695685197203766e-03 2.992912667004716809e-01 4.370965252121233879e-01
7.789999999999980673e+01 6.847207600042757303e-01 3.841936436992849681e-03 2.992868484417422481e-01 4.370932881308773887e-01
7.797499999999980957e+01 6.847194637485540802e-01 3.838210801169500419e-03 2.992844872211910534e-01 4.370906671510884633e-01
7.804999999999981242e+01 6.844226556000032602e-01 3.832846492518084472e-03 2.991536687410357720e-01 4.370890798154261625e-01
7.812499999999980105e+01 6.844682389686879143e-01 3.829418015603455391e-03 2.991732824690191972e-01 4.370886265223846712e-01
7.819999999999980389e+01 6.847213653249398790e-01 3.827163942245854870e-03 2.992842202836251131e-01 4.370890634347263659e-01
7.827499999999980673e+01 6.846045673565874790e-01 3.822851704891244273e-03 2.992337172003614043e-01 4.370898639425825349e-01
7.834999999999980957e+01 6.847086168861106215e-01 3.819777044345981209e-03 2.992795314245069171e-01 4.370903535368927395e-01
7.842499999999981242e+01 6.847007641273241685e-01 3.816076241537660375e-03 2.992757792425903007e-01 4.370898864470059153e-01
7.849999999999980105e+01 6.846958154071742797e-01 3.812386441334458202e-03 2.992723356447541949e-01 4.370880161824607923e-01
7.857499999999980389e+01 6.846952873528657779e-01 3.808714989323699722e-03 2.992697802861089551e-01 4.370846211650303847e-01
7.864999999999980673e+01 6.846983742751395763e-01 3.805059514360101779e-03 2.992679308044212672e-01 4.370799494321031542e-01
7.872499999999980957e+01 6.847023708564103917e-01 3.801409916444679210e-03 2.992659956721066550e-01 4.370745719746690350e-01
7.879999999999981242e+01 6.847041863019038832e-01 3.797755683770535733e-03 2.992631478811175194e-01 4.370692539466446425e-01
7.887499999999980105e+01 6.846839366717069053e-01 3.794014054769907860e-03 2.992528585699757437e-01 4.370671525093218213e-01
7.894999999999980389e+01 6.842339880012662245e-01 3.782117452671952644e-03 2.985981728884499198e-01 4.363977500747848737e-01
7.902499999999980673e+01 6.845120434012047506e-01 3.785803598177269347e-03 2.991731293459579666e-01 4.370604319237773039e-01
7.909999999999980957e+01 6.846897650046578354e-01 3.783198667649233411e-03 2.992510146110536340e-01 4.370607389012421962e-01
7.917499999999979821e+01 6.846987770076818913e-01 3.779714903183927811e-03 2.992589274595867099e-01 4.370665429949047720e-01
7.924999999999980105e+01 6.847024868595837921e-01 3.776136339204453837e-03 2.992588048819522228e-01 4.370639958597420938e-01
7.932499999999980389e+01 6.833738015979697877e-01 3.750083510336096708e-03 2.974753744574101244e-01 4.353040367684676282e-01
7.939999999999980673e+01 6.847215198916839496e-01 3.769121142070142386e-03 2.992682186803685696e-01 4.370655952623042628e-01
7.947499999999980957e+01 6.847233867496324011e-01 3.765562894897476944e-03 2.992681110719762616e-01 4.370642464727190202e-01
7.954999999999979821e+01 6.847179809672463424e-01 3.761957697209597148e-03 2.992637348130227082e-01 4.370613057222139108e-01
7.962499999999980105e+01 6.840045005974220160e-01 3.746386727907364579e-03 2.983060432096231729e-01 4.361170766406905486e-01
7.969999999999980389e+01 6.838619941702267502e-01 3.748873953579354157e-03 2.987852541002737894e-01 4.369086989002933796e-01
7.977499999999980673e+01 6.846893157687788944e-01 3.751078256485622809e-03 2.992422679111398365e-01 4.370482509649596947e-01
7.984999999999980957e+01 6.846880841968042697e-01 3.747521822262398546e-03 2.992396175076518228e-01 4.370451661338383698e-01
7.992499999999979821e+01 6.846919708390358794e-01 3.744015109395386690e-03 2.992404076184255191e-01 4.370438392197444344e-01
7.999999999999980105e+01 6.846975576955375287e-01 3.740540938381763884e-03 2.992432750705403821e-01 4.370444610284472953e-01
8.007499999999980389e+01 6.847007820257874355e-01 3.737074999423489231e-03 2.992462805788351776e-01 4.370467924594320652e-01
8.014999999999980673e+01 6.846990972755189198e-01 3.733598124434149047e-03 2.992478896733963278e-01 4.370502179192748970e-01
8.022499999999980957e+01 6.836686664867011043e-01 3.724525384221289565e-03 2.988000489491522416e-01 4.370538882301761574e-01
8.029999999999979821e+01 6.846847298039852037e-01 3.726602719164313904e-03 2.992461983488936550e-01 4.370569187873713513e-01
8.037499999999980105e+01 6.846788555334082371e-01 3.723107681052203154e-03 2.992447798645700985e-01 4.370585968095063167e-01
8.044999999999980389e+01 6.846779837991719964e-01 3.719631638266434649e-03 2.992443652985339320e-01 4.370585477834022514e-01
8.052499999999980673e+01 6.649085393686775536e-01 3.467798042821179996e-03 2.792444373981748384e-01 4.199742082772978113e-01
8.059999999999979536e+01 6.840712300883597941e-01 3.709379457314383038e-03 2.989759842595385297e-01 4.370538784695280343e-01
8.067499999999979821e+01 6.846956552660374840e-01 3.709284945848014686e-03 2.992465630062878246e-01 4.370504773978973745e-01
8.074999999999980105e+01 6.846978083190136122e-01 3.705826151509682576e-03 2.992454617344061374e-01 4.370474946737116784e-01
8.082499999999980389e+01 6.834618551461932867e-01 3.695689150680707327e-03 2.987040756037674383e-01 4.370457156528132492e-01
8.089999999999980673e+01 6.841379948767158936e-01 3.689728678001498452e-03 2.984990500503205135e-01 4.363140949423677251e-01
8.097499999999979536e+01 6.846873245293478849e-01 3.695471633814474514e-03 2.992408155481263154e-01 4.370474008027293022e-01
8.104999999999979821e+01 6.720424136717607633e-01 3.486849981985098903e-03 2.826091910398915719e-01 4.205228498835844042e-01
8.112499999999980105e+01 6.846967935154129048e-01 3.688752012862098108e-03 2.992500070434369608e-01 4.370547808570987014e-01
8.119999999999980389e+01 6.847086043171261016e-01 3.685443239669062426e-03 2.992579910611271599e-01 4.370589023918916016e-01
8.127499999999980673e+01 6.847552187134601231e-01 3.682782495402536164e-03 2.993181473138404325e-01 4.371170005483256960e-01
8.134999999999979536e+01 6.847271743859261184e-01 3.678790578748762381e-03 2.992696135812110692e-01 4.370640231265842113e-01
8.142499999999979821e+01 6.758588574341217736e-01 3.575035082002420324e-03 2.910972315520463649e-01 4.307071341155288557e-01
8.149999999999980105e+01 6.847203047523585662e-01 3.671971167029363867e-03 2.992656501128924118e-01 4.370626196358047277e-01
8.157499999999978968e+01 6.847105961831659870e-01 3.668521509731811989e-03 2.992596421563717968e-01 4.370600423369485066e-01
8.164999999999980673e+01 6.841467395290634634e-01 3.662109328799523396e-03 2.990112266964803922e-01 4.370571537069760093e-01
8.172499999999979536e+01 6.846989162606530455e-01 3.661681712551388950e-03 2.992509379582615203e-01 4.370547854706138269e-01
8.179999999999978400e+01 6.847009058571520423e-01 3.658325431426549465e-03 2.992510202906909500e-01 4.370536357273684946e-01
8.187499999999980105e+01 6.847061222874248898e-01 3.655006054085951136e-03 2.992536206782865360e-01 4.370541038519680788e-01
8.194999999999978968e+01 6.847108640925094747e-01 3.651703812517911527e-03 2.992571274358420963e-01 4.370561986517716990e-01
8.202499999999980673e+01 6.847119683911858656e-01 3.648398630743151030e-03 2.992598976867062444e-01 4.370595396336561800e-01
8.209999999999979536e+01 6.847084812725967584e-01 3.645079811929062465e-03 2.992610525593752957e-01 4.370634521762747360e-01
8.217499999999978400e+01 6.847020908527243765e-01 3.641749657386745415e-03 2.992607780957550201e-01 4.370671304991302630e-01
8.224999999999980105e+01 6.846961403375890765e-01 3.638419777165060546e-03 2.992600266718254964e-01 4.370698314792245132e-01
8.232499999999978968e+01 6.846937804532533534e-01 3.635102700887124678e-03 2.992598298505317889e-01 4.370710504372157246e-01
8.239999999999980673e+01 6.846897883667699691e-01 3.631597733875555241e-03 2.992436532713450559e-01 4.370499726381901762e-01
8.247499999999979536e+01 6.844916420591242723e-01 3.627401858925888897e-03 2.991699683149119382e-01 4.370688404827455242e-01
8.254999999999978400e+01 6.847087805045254383e-01 3.625234125625134175e-03 2.992630770703540444e-01 4.370662179179928275e-01
8.262499999999980105e+01 6.845985374846466076e-01 3.621337982920419182e-03 2.992130508387988996e-01 4.370635262210288974e-01
8.269999999999978968e+01 6.833800318921881001e-01 3.611597559823415300e-03 2.986791181973956766e-01 4.370615239816022513e-01
8.277499999999979252e+01 6.847087466009703638e-01 3.615334918103381076e-03 2.992593478460066070e-01 4.370607931205628960e-01
8.284999999999979536e+01 6.847052091412120234e-01 3.612050151220716401e-03 2.992583550286356253e-01 4.370616011582252325e-01
8.292499999999978400e+01 6.847049893787450214e-01 3.608800630014458253e-03 2.992597922439481639e-01 4.370638404657694598e-01
8.299999999999978684e+01 6.847099398857960928e-01 3.605592276289236627e-03 2.992641589320058637e-01 4.370670578871991285e-01
8.307499999999978968e+01 6.847192715760399562e-01 3.602415169981563418e-03 2.992706402462176341e-01 4.370705669746624000e-01
8.314999999999979252e+01 6.846238290642795432e-01 3.598689259519489200e-03 2.992310119290447767e-01 4.370736150654053187e-01
8.322499999999979536e+01 6.847375014338933363e-01 3.596059241833577443e-03 2.992820304015987309e-01 4.370755651251450047e-01
8.329999999999978400e+01 6.847393963345805856e-01 3.592835396393825702e-03 2.992831885196048924e-01 4.370760469189766684e-01
8.337499999999978684e+01 6.847350967100420682e-01 3.589572693389423644e-03 2.992806233113424197e-01 4.370750451514767154e-01
8.344999999999978968e+01 6.847269155651957151e-01 3.586286135808891204e-03 2.992755780332512217e-01 4.370728990348210496e-01
8.352499999999979252e+01 6.847186923560382166e-01 3.583000874499500405e-03 2.992701480425700167e-01 4.370702178624857881e-01
8.359999999999979536e+01 6.847138773224245023e-01 3.579740931599893674e-03 2.992663418817503862e-01 4.370677326594171186e-01
8.367499999999978400e+01 6.847138799506601314e-01 3.576519128438311428e-03 2.992652380720749461e-01 4.370661189074182551e-01
8.374999999999978684e+01 6.685163624072169020e-01 3.488784021445196296e-03 2.921856617960344460e-01 4.370658344754976277e-01
8.382499999999978968e+01 6.847217987564745423e-01 3.570167728143704144e-03 2.992693098116452344e-01 4.370670107993482878e-01
8.389999999999979252e+01 6.847236341080487065e-01 3.567005532769941707e-03 2.992717641993973832e-01 4.370694237672138049e-01
8.397499999999978115e+01 6.847214848299688628e-01 3.563834061407970388e-03 2.992729653067335294e-01 4.370725498427283640e-01
8.404999999999978400e+01 6.805409358340235304e-01 3.516949204396790842e-03 2.955995806295494965e-01 4.343597351234768089e-01
8.412499999999978684e+01 6.847102887755400769e-01 3.557467032378660004e-03 2.992719140988540083e-01 4.370781613841946411e-01
8.419999999999978968e+01 6.844664622654836883e-01 3.553042796298314793e-03 2.991662034483173471e-01 4.370794187024460431e-01
8.427499999999979252e+01 6.847076872804566117e-01 3.551130323158532050e-03 2.992715079841845593e-01 4.370792289083834659e-01
8.434999999999978115e+01 6.847121998375578222e-01 3.547983822839402730e-03 2.992724354565028388e-01 4.370777029056918672e-01
8.442499999999978400e+01 6.847180452670895701e-01 3.544842482792123859e-03 2.992733266097242772e-01 4.370752730680349529e-01
8.449999999999978684e+01 6.836787471622299828e-01 3.536298685265047616e-03 2.988172389048957545e-01 4.370725873009907447e-01
8.457499999999978968e+01 6.844589350096815794e-01 3.537176559517898108e-03 2.991567075212254734e-01 4.370703518056842096e-01
8.464999999999979252e+01 6.847204940020374941e-01 3.535383485192071865e-03 2.992702120215081640e-01 4.370691612753416777e-01
8.472499999999978115e+01 6.847170490115380703e-01 3.532237700554746295e-03 2.992688391795000902e-01 4.370693553074609383e-01
8.479999999999978400e+01 6.844583369431694875e-01 3.527793007066854034e-03 2.991568469992684776e-01 4.370709374880584752e-01
8.487499999999978684e+01 6.847188304826835603e-01 3.526038381101826314e-03 2.992725075960167569e-01 4.370735757114325715e-01
8.494999999999978968e+01 6.847262615521464424e-01 3.522988608736183323e-03 2.992778823121380327e-01 4.370766817585337027e-01
8.502499999999979252e+01 6.847357305868133626e-01 3.519952812528173887e-03 2.992839878852072699e-01 4.370795542226533770e-01
8.509999999999978115e+01 6.847436376142504999e-01 3.516907263493666662e-03 2.992888081233102682e-01 4.370815465567191582e-01
8.517499999999978400e+01 6.847468588294600700e-01 3.513832453776575930e-03 2.992906792504190783e-01 4.370822230014187459e-01
8.524999999999978684e+01 6.827693445983127329e-01 3.500596176988149746e-03 2.984258240882390334e-01 4.370814630873755546e-01
8.532499999999978968e+01 6.828416272290288580e-01 3.497873663065692064e-03 2.984560703010794569e-01 4.370794901772672159e-01
8.539999999999977831e+01 6.847292662377699735e-01 3.504441319031302311e-03 2.992792886452724233e-01 4.370768176591252607e-01
8.547499999999978115e+01 6.843273083381903321e-01 3.499289393391787507e-03 2.991017609001622723e-01 4.370741270379758792e-01
8.554999999999978400e+01 6.847220050436101380e-01 3.498221940216447810e-03 2.992728869855163509e-01 4.370721033953853807e-01
8.562499999999978684e+01 6.845663178690689632e-01 3.494356463603815171e-03 2.992042721960759266e-01 4.370712732806438239e-01
8.569999999999978968e+01 6.847284327460467779e-01 3.492130011143803735e-03 2.992755419550232610e-01 4.370718779046510738e-01
8.577499999999977831e+01 6.847310885604092068e-01 3.489105567582325047e-03 2.992780300593731457e-01 4.370738163628302142e-01
8.584999999999978115e+01 6.846399683196788821e-01 3.485616270817440930e-03 2.992401568496765307e-01 4.370766690470988536e-01
8.592499999999978400e+01 6.847265300482288097e-01 3.483039093896527980e-03 2.992801341430584294e-01 4.370797990286408030e-01
8.599999999999978684e+01 6.846702670855073780e-01 3.479737135980918040e-03 2.992573936943582202e-01 4.370825024551335813e-01
8.607499999999978968e+01 6.847175688177190578e-01 3.476958637507548966e-03 2.992792147234615285e-01 4.370841765316725303e-01
8.614999999999977831e+01 6.847172581911791234e-01 3.473932375125967503e-03 2.992792741171013127e-01 4.370844615596645166e-01
8.622499999999978115e+01 6.847205581222025605e-01 3.470918406711440054e-03 2.992799396186931471e-01 4.370833270136463833e-01
8.629999999999978400e+01 6.817965039208382372e-01 3.453074738557969110e-03 2.980003499375519782e-01 4.370810765731824588e-01
8.637499999999977263e+01 6.781566625061936637e-01 3.431635832612675140e-03 2.964075450419190183e-01 4.370782762002458077e-01
8.644999999999978968e+01 6.847314966082733712e-01 3.461879039360459941e-03 2.992794429527110278e-01 4.370756193269216272e-01
8.652499999999977831e+01 6.847296471244554983e-01 3.458854238612528963e-03 2.992773629959483150e-01 4.370737622545969314e-01
8.659999999999976694e+01 6.847261846121944773e-01 3.455836527065903399e-03 2.992754432439064249e-01 4.370731687636654206e-01
8.667499999999978400e+01 6.847330902176965717e-01 3.452887599124267962e-03 2.992790326540951673e-01 4.370740028920548359e-01
8.674999999999977263e+01 6.847252840431242715e-01 3.449879545436952862e-03 2.992770505666548786e-01 4.370760910120069509e-01
8.682499999999978968e+01 6.847309756694724969e-01 3.446950831562767704e-03 2.992815059504365660e-01 4.370789647099347364e-01
8.689999999999977831e+01 6.847394404010316293e-01 3.444042196929576402e-03 2.992872669131794172e-01 4.370819749157368594e-01
8.697499999999976694e+01 6.847475488617772443e-01 3.441132545000864709e-03 2.992925031014493920e-01 4.370844460837411960e-01
8.704999999999978400e+01 6.821762129689425969e-01 3.425267779544020983e-03 2.981695602093062947e-01 4.370858358013152145e-01
8.712499999999977263e+01 6.847513229989861117e-01 3.435238146749583152e-03 2.992951235355566508e-01 4.370858638501671223e-01
8.719999999999978968e+01 6.847458445092048374e-01 3.432245943857760179e-03 2.992918463043959809e-01 4.370845748160983590e-01
8.727499999999977831e+01 6.847382343948107408e-01 3.429240675780222212e-03 2.992869799787181151e-01 4.370823256908322740e-01
8.734999999999976694e+01 6.837297961993291651e-01 3.421229678862760734e-03 2.988444124486613340e-01 4.370796974329002049e-01
8.742499999999978400e+01 6.847288393597575906e-01 3.423271030729405431e-03 2.992794698615175442e-01 4.370773547983651808e-01
8.749999999999977263e+01 6.846390517540636989e-01 3.419876803519429024e-03 2.992392203079492496e-01 4.370758862517268306e-01
8.757499999999977547e+01 6.846492799328119938e-01 3.416997294668749647e-03 2.992435380806149903e-01 4.370756631920816870e-01
8.764999999999977831e+01 6.846072366792602670e-01 3.413872311103520202e-03 2.992259080682228012e-01 4.370767529710041233e-01
8.772499999999976694e+01 6.847361918251976265e-01 3.411612935172267380e-03 2.992837447379863569e-01 4.370789047096093616e-01
8.779999999999976978e+01 6.847333472058706461e-01 3.408705628902555188e-03 2.992843542176435445e-01 4.370816105844795296e-01
8.787499999999977263e+01 6.847287168219283737e-01 3.405793734844710530e-03 2.992841244494781616e-01 4.370842307279927397e-01
8.794999999999977547e+01 6.847247461888318343e-01 3.402884609756081681e-03 2.992837014280466112e-01 4.370861475269521290e-01
8.802499999999977831e+01 6.847236158774436809e-01 3.399985614910961025e-03 2.992837337525365848e-01 4.370869162574704259e-01
8.809999999999976694e+01 6.847260411593275586e-01 3.397098990970862965e-03 2.992844211045322389e-01 4.370863719419900706e-01
8.817499999999976978e+01 6.847308812817543000e-01 3.394220258117214544e-03 2.992853712594846227e-01 4.370846699644237998e-01
8.824999999999977263e+01 6.847357751766224299e-01 3.391341116444627352e-03 2.992858535262375996e-01 4.370822503746632504e-01
8.832499999999977547e+01 6.834528815959952652e-01 3.382093427450428864e-03 2.987234019795583784e-01 4.370797314980678916e-01
8.839999999999977831e+01 6.847379909889188543e-01 3.385562770020195990e-03 2.992837488697845938e-01 4.370777623095662423e-01
8.847499999999976694e+01 6.847353860634362022e-01 3.382673036564527117e-03 2.992819969100457556e-01 4.370768664821409466e-01
8.854999999999976978e+01 6.847330204095304351e-01 3.379799772105221076e-03 2.992812698199165400e-01 4.370773146604206016e-01
8.862499999999977263e+01 6.847333960474650816e-01 3.376954892413604973e-03 2.992826273401549830e-01 4.370790574371357096e-01
8.869999999999977547e+01 6.780902653146948511e-01 3.341385228121077685e-03 2.963808697343388587e-01 4.370817351238503456e-01
8.877499999999976410e+01 6.843882232175190206e-01 3.369593476846300013e-03 2.991356609070294770e-01 4.370847579765486657e-01
8.884999999999976694e+01 6.847532431789233875e-01 3.368565512280093360e-03 2.992970457660855121e-01 4.370874453644323365e-01
8.892499999999976978e+01 6.810328222835323464e-01 3.347451000088634381e-03 2.976720801828810492e-01 4.370891834328538561e-01
8.899999999999977263e+01 6.843161658705256833e-01 3.360757963176960305e-03 2.991074587227486870e-01 4.370895700560441521e-01
8.907499999999977547e+01 6.847553508138422007e-01 3.360075162642582255e-03 2.992986951123872696e-01 4.370885087011969761e-01
8.914999999999976410e+01 6.846855051695595051e-01 3.356888482659187937e-03 2.992666082290658114e-01 4.370862329778015254e-01
8.922499999999976694e+01 6.810793561800558837e-01 3.336378603761105000e-03 2.976883809205838061e-01 4.370832535436360855e-01
8.929999999999976978e+01 6.846694049628384571e-01 3.351125063020389191e-03 2.992554681277199702e-01 4.370802404175815892e-01
8.937499999999977263e+01 6.847361196665658900e-01 3.348621035126003211e-03 2.992830050143857612e-01 4.370778704650813973e-01
8.944999999999977547e+01 6.847380908626532481e-01 3.345813824338295106e-03 2.992830465870597312e-01 4.370766729363838032e-01
8.952499999999976410e+01 6.847405265794909157e-01 3.343024577377967481e-03 2.992842752897617586e-01 4.370769126004375726e-01
8.959999999999976694e+01 6.845277968210380370e-01 3.339200947064659402e-03 2.991924048569927219e-01 4.370785324517846293e-01
8.967499999999976978e+01 6.844048155700502845e-01 3.335828943237004445e-03 2.991404604847776039e-01 4.370811742983125581e-01
8.974999999999977263e+01 6.847351444068340287e-01 3.334673627707087501e-03 2.992869580867103529e-01 4.370842661303355192e-01
8.982499999999977547e+01 6.847312524052900917e-01 3.331892426498288436e-03 2.992872372102080014e-01 4.370871581498384506e-01
8.989999999999976410e+01 6.847695421633327451e-01 3.329315037467688466e-03 2.993054218683444123e-01 4.370892737471571143e-01
8.997499999999976694e+01 6.847313574228726107e-01 3.326361683366023392e-03 2.992893924608571732e-01 4.370902386992971955e-01
9.004999999999976978e+01 6.811841359731235501e-01 3.306371426332346385e-03 2.977387469412270393e-01 4.370899602878808854e-01
9.012499999999977263e+01 6.843086206951685124e-01 3.318763070879923206e-03 2.991035217630523269e-01 4.370886362051117358e-01
9.019999999999976126e+01 6.847371132288460061e-01 3.317537615754765495e-03 2.992418929410790573e-01 4.370171955920686413e-01
9.027499999999976410e+01 6.847747891859959912e-01 3.315475782142829689e-03 2.993045762329431536e-01 4.370846896813065374e-01
9.034999999999976694e+01 6.847410787373783281e-01 3.312548775043533487e-03 2.992887818251824816e-01 4.370831415241701601e-01
9.042499999999976978e+01 6.847377135791627989e-01 3.309779619323330573e-03 2.992868220773113874e-01 4.370824275369940004e-01
9.049999999999977263e+01 6.847362172253639301e-01 3.307031412878887536e-03 2.992863428655385682e-01 4.370826828443279410e-01
9.057499999999976126e+01 6.847383000518834084e-01 3.304311342968763079e-03 2.992879998893949178e-01 4.370837732703392042e-01
9.064999999999976410e+01 6.830222179477526412e-01 3.275847805245190973e-03 2.969556035454757881e-01 4.347671213942724266e-01
9.072499999999976694e+01 6.847509847163619767e-01 3.298932747700226899e-03 2.992956735351023356e-01 4.370868829915984799e-01
9.079999999999976978e+01 6.847567792543737264e-01 3.296243563054101090e-03 2.992989155253116262e-01 4.370879187953653489e-01
9.087499999999977263e+01 6.847588581838580657e-01 3.293534393971455591e-03 2.992999380521552677e-01 4.370880850610232016e-01
9.094999999999976126e+01 6.847564838825497269e-01 3.290800765650777129e-03 2.992983296359373879e-01 4.370872517174637095e-01
9.102499999999976410e+01 6.847509303707766115e-01 3.288049921517416981e-03 2.992947441061221125e-01 4.370855603570498737e-01
9.109999999999976694e+01 6.847448321277734840e-01 3.285297452535214120e-03 2.992905979259572469e-01 4.370833979074260078e-01
9.117499999999975557e+01 6.847408849320506530e-01 3.282560357350817245e-03 2.992874405814599514e-01 4.370813064728263364e-01
9.124999999999977263e+01 6.847295215730524465e-01 3.279700423521754969e-03 2.992726636463594048e-01 4.370669793217475396e-01
9.132499999999976126e+01 6.847434749240923768e-01 3.277167668772818041e-03 2.992873373506768075e-01 4.370795024864668754e-01
9.139999999999974989e+01 6.847477742825026636e-01 3.274506361260667592e-03 2.992898814192241908e-01 4.370804735113279493e-01
9.147499999999976694e+01 6.803508524713360872e-01 3.250829090892117402e-03 2.973695910893556782e-01 4.370827052089042430e-01
9.154999999999975557e+01 6.817253017472884036e-01 3.254751279947127717e-03 2.979724796791587416e-01 4.370858451570504011e-01
9.162499999999977263e+01 6.847509788390242491e-01 3.266546725622547238e-03 2.992973437351651445e-01 4.370893258781685109e-01
9.169999999999976126e+01 6.847489066688413617e-01 3.263888805972412453e-03 2.992986035076694584e-01 4.370924883453905507e-01
9.177499999999974989e+01 6.826430395741105439e-01 3.251208638397487874e-03 2.983796727889286293e-01 4.370947266598992353e-01
9.184999999999976694e+01 6.847253625083059569e-01 3.258111204840663695e-03 2.992575141646142134e-01 4.370475091916638521e-01
9.192499999999975557e+01 6.847527962546379188e-01 3.255937453705333266e-03 2.993020504318619768e-01 4.370950393615640195e-01
9.199999999999977263e+01 6.845926913825000071e-01 3.252508379154800747e-03 2.992307708822409262e-01 4.370931426071167358e-01
