# tau eta power W_out Q_hot
2.450000000000000000e+01 6.834905631968350992e-01 1.217880377286214080e-02 2.983806924351224410e-01 4.365542240108343242e-01
2.457499999999999929e+01 6.834683349930761320e-01 1.214201654086181047e-02 2.983900564916790454e-01 4.365821227031708718e-01
2.464999999999999858e+01 6.836871410822191741e-01 1.211152579310169342e-02 2.985491107999567184e-01 4.366750416387510381e-01
2.472500000000000142e+01 6.839036209437204805e-01 1.208046824221500545e-02 2.986895772887659950e-01 4.367422077347732357e-01
2.479999999999999716e+01 6.838098646168446759e-01 1.204179363817514496e-02 2.986364822267435493e-01 4.367244429766699021e-01
2.487500000000000000e+01 6.836296014782236030e-01 1.200043456633118587e-02 2.985108098374882335e-01 4.366557697209327293e-01
2.494999999999999929e+01 6.836551432941483375e-01 1.196390257347168702e-02 2.984993692081185923e-01 4.366227214642437460e-01
2.502499999999999858e+01 6.837134390198192913e-01 1.193033373895325405e-02 2.985566018173051450e-01 4.366692020056237022e-01
2.509999999999999787e+01 6.836172031018677986e-01 1.189524305762166244e-02 2.985706007463037048e-01 4.367511516555747653e-01
2.517499999999999716e+01 6.835711947343623418e-01 1.186000590775985672e-02 2.985756487278543592e-01 4.367879322999876912e-01
2.524999999999999645e+01 6.837018555981863033e-01 1.182605692767443872e-02 2.986079374237795570e-01 4.367516849321999572e-01
2.532499999999999574e+01 6.837845105572510906e-01 1.179097741539831580e-02 2.986065030449622792e-01 4.366967932654872708e-01
2.539999999999999858e+01 6.837509377160988500e-01 1.175563999811975874e-02 2.985932559522418428e-01 4.366988613567666655e-01
2.547499999999999432e+01 6.838430176371906866e-01 1.172454538857207323e-02 2.986827937738735228e-01 4.367709928601451463e-01
2.554999999999999716e+01 6.840589368886833554e-01 1.169588922054864109e-02 2.988299695850177295e-01 4.368482793956190990e-01
2.562499999999999645e+01 6.840908805178775864e-01 1.166241946995280089e-02 2.988494989175404237e-01 4.368564286243696859e-01
2.569999999999999574e+01 6.839215602890815759e-01 1.162374068611798060e-02 2.987301356332320301e-01 4.367900545597130368e-01
2.577499999999999503e+01 6.838479729749739056e-01 1.158673986196640318e-02 2.986482199421840455e-01 4.367172701309057770e-01
2.584999999999999432e+01 6.839013766102780556e-01 1.155376163506720115e-02 2.986647382664870953e-01 4.367073213784178898e-01
2.592499999999999716e+01 6.838614959739844901e-01 1.152104357619355632e-02 2.986830547128178637e-01 4.367595726199218209e-01
2.599999999999999289e+01 6.837672270168818622e-01 1.148751279694266818e-02 2.986753327205092789e-01 4.368084940595363674e-01
2.607499999999999574e+01 6.838181502893876385e-01 1.145501434724672911e-02 2.986894991044584113e-01 4.367966819512685284e-01
2.614999999999999503e+01 6.839246038755478763e-01 1.142235860306748188e-02 2.986946774702146090e-01 4.367362656316534086e-01
2.622499999999999432e+01 6.839041828036006576e-01 1.138824937648865755e-02 2.986568398984149608e-01 4.366939805428582400e-01
2.629999999999999361e+01 6.838914608168625842e-01 1.135619305862594491e-02 2.986678774418622950e-01 4.367182433965814958e-01
2.637499999999999289e+01 6.840514583678722893e-01 1.132834806336635060e-02 2.987851801712874122e-01 4.367875786482212086e-01
2.644999999999999218e+01 6.841909038429906387e-01 1.129974701192787596e-02 2.988783084654922373e-01 4.368346711228411339e-01
2.652499999999999147e+01 6.841096087740841103e-01 1.126603812692705299e-02 2.988316613167399938e-01 4.368183950116452663e-01
2.659999999999999432e+01 6.839840290582278604e-01 1.123086499292252211e-02 2.987410088117390394e-01 4.367660590307541613e-01
2.667499999999999005e+01 6.840075301940817809e-01 1.119905636713473124e-02 2.987348285933189018e-01 4.367420173116445814e-01
2.674999999999999289e+01 6.840451561659767199e-01 1.116919646366413069e-02 2.987760054030154100e-01 4.367781903136821464e-01
2.682499999999999218e+01 6.842773194766603728e-01 1.114335854504929814e-02 2.989205929709473075e-01 4.368412987874034648e-01
2.689999999999999147e+01 6.839531354744770031e-01 1.110776310220874287e-02 2.987988274494151053e-01 4.368703233477103653e-01
2.697499999999999076e+01 6.800998656604575476e-01 1.101376445419282972e-02 2.970962961518515133e-01 4.368421626775882416e-01
2.704999999999999005e+01 6.840910577838857920e-01 1.104648738114707637e-02 2.988074836600282946e-01 4.367948977845371727e-01
2.712499999999999289e+01 6.840508739593822440e-01 1.101505579753668009e-02 2.987833885081823126e-01 4.367853326153685600e-01
2.719999999999998863e+01 6.841113824924818232e-01 1.098672885047335956e-02 2.988390247328752691e-01 4.368280259335685090e-01
2.727499999999999147e+01 6.842647078849909414e-01 1.096030750234409414e-02 2.989423871264350607e-01 4.368812006254754188e-01
2.734999999999999076e+01 6.842855202804158932e-01 1.093088019119321970e-02 2.989595732291344676e-01 4.368930283759661082e-01
2.742499999999999005e+01 6.841665536667640435e-01 1.089819699445548906e-02 2.988830525729416765e-01 4.368571526495844681e-01
2.749999999999998934e+01 6.841218251065368516e-01 1.086679172819190152e-02 2.988367725252771834e-01 4.368180659617750816e-01
2.757499999999998863e+01 6.792730073817098146e-01 1.076052569188575003e-02 2.967214959537494146e-01 4.368221506364231566e-01
2.764999999999998792e+01 6.841476142863447407e-01 1.080948747964728847e-02 2.988823288122474109e-01 4.368681883426878132e-01
2.772499999999998721e+01 6.840879958444586739e-01 1.078034095673002443e-02 2.988849530253397946e-01 4.369100975911546225e-01
2.779999999999999005e+01 6.841286042695108316e-01 1.075182996145995599e-02 2.989008729285866917e-01 4.369074338701899873e-01
2.787499999999998579e+01 6.842035534563726262e-01 1.072311775667377821e-02 2.989069074672814352e-01 4.368683938534102529e-01
2.794999999999998863e+01 6.841884251842539344e-01 1.069340404586274079e-02 2.988806430818634619e-01 4.368396659171397411e-01
2.802499999999998792e+01 6.841812755831746529e-01 1.066506122199127778e-02 2.988883407463054365e-01 4.368554817457440675e-01
2.809999999999998721e+01 6.842920391514050182e-01 1.063943631047972911e-02 2.989681603244802588e-01 4.369014152133533502e-01
2.817499999999998650e+01 6.843810171151505362e-01 1.061321727301403443e-02 2.990273966671702643e-01 4.369311672723636963e-01
2.824999999999998579e+01 6.843165854403854276e-01 1.058369924444502695e-02 2.989895036555718644e-01 4.369169329180587202e-01
2.832499999999998863e+01 6.842293258956472224e-01 1.055340369949627974e-02 2.989251597882319755e-01 4.368786143402182409e-01
2.839999999999998437e+01 6.842463785876250482e-01 1.052537756559637251e-02 2.989207228629368052e-01 4.368612421156670145e-01
2.847499999999998721e+01 6.842663689318501108e-01 1.049855997877354244e-02 2.989464953955764948e-01 4.368861440059320644e-01
2.854999999999998650e+01 6.842139102074518142e-01 1.047119947978161422e-02 2.989527451477649311e-01 4.369287743026494253e-01
2.862499999999998579e+01 6.842012806972657124e-01 1.044398778881245639e-02 2.989591504547564060e-01 4.369462011969472148e-01
2.869999999999998508e+01 6.842694127286375050e-01 1.041719203332171044e-02 2.989734113563329299e-01 4.369235359565861732e-01
2.877499999999998437e+01 6.842947276483245522e-01 1.038960661549150760e-02 2.989609303607679847e-01 4.368891331198611061e-01
2.884999999999998366e+01 6.842650718487930384e-01 1.036200529778347375e-02 2.989438528410530704e-01 4.368831102738396366e-01
2.892499999999998295e+01 6.843136932557618568e-01 1.033660483583232446e-02 2.989862948764497874e-01 4.369140904574940754e-01
2.899999999999998579e+01 6.844217076521659227e-01 1.031236548507801463e-02 2.990585990672622874e-01 4.369507800872509118e-01
2.907499999999998508e+01 6.844267441018724307e-01 1.028597499565437300e-02 2.990647229986507227e-01 4.369565122577047100e-01
2.914999999999998437e+01 6.843378268373896400e-01 1.025752367919671032e-02 2.990068152485839681e-01 4.369286681556375784e-01
2.922499999999998010e+01 6.835764949131160062e-01 1.021916163589597915e-02 2.986549988090597685e-01 4.369006263842050708e-01
2.929999999999998295e+01 6.843426258236703363e-01 1.020453155560661039e-02 2.989927745792735347e-01 4.369050871548557646e-01
2.937499999999998579e+01 6.843216766717479249e-01 1.017895675590860249e-02 2.990068547048150283e-01 4.369390374407812194e-01
2.944999999999998153e+01 6.842076382113414512e-01 1.014748894190625229e-02 2.988435493391389253e-01 4.367731849945098999e-01
2.952499999999998082e+01 6.843138315611967393e-01 1.012768859438584190e-02 2.990200057492418129e-01 4.369632644528844145e-01
2.959999999999998010e+01 6.843656525131555091e-01 1.010210235524370247e-02 2.990222297152134168e-01 4.369334267684705786e-01
2.967499999999998295e+01 6.843501464883239294e-01 1.007587990125253206e-02 2.990017360696687332e-01 4.369133806779570417e-01
2.974999999999998224e+01 6.841821314334528559e-01 1.004112398333142225e-02 2.987234385041096507e-01 4.366139143070634776e-01
2.982499999999998153e+01 6.844341456456984885e-01 1.002752115630716444e-02 2.990708184868610120e-01 4.369606928431604698e-01
2.989999999999998082e+01 6.844927184297266987e-01 1.000367887679454865e-02 2.991099984161568193e-01 4.369805410090200626e-01
2.997499999999998010e+01 6.844378693591240959e-01 9.977552655987022290e-03 2.990771408632107997e-01 4.369675528667821274e-01
3.004999999999997939e+01 6.843762265386112986e-01 9.951095537680082828e-03 2.990304209072862651e-01 4.369386447271857432e-01
3.012499999999997868e+01 6.843922409437550591e-01 9.926297609433865077e-03 2.990297154841949911e-01 4.369273898719870930e-01
3.019999999999998153e+01 6.844026365245916566e-01 9.902254061193251078e-03 2.990480726480360119e-01 4.369475754310463422e-01
3.027499999999998082e+01 6.843610858663660146e-01 9.877830790574752134e-03 2.990513271846504395e-01 4.369788600794956013e-01
3.034999999999998010e+01 6.843562810799803664e-01 9.853589918171945863e-03 2.990564540165183693e-01 4.369894195236703194e-01
3.042499999999997584e+01 6.844080896254067792e-01 9.829616332999415590e-03 2.990660769315069967e-01 4.369704003574725881e-01
3.049999999999997868e+01 6.844216889969974016e-01 9.805067766246462757e-03 2.990545668705169025e-01 4.369449006047335660e-01
3.057499999999998153e+01 6.843997418694603985e-01 9.780646841526555516e-03 2.990432771796742717e-01 4.369424166684044986e-01
3.064999999999997726e+01 6.844422044818817552e-01 9.757868129805530311e-03 2.990786581785392917e-01 4.369670020640236130e-01
3.072499999999997655e+01 6.845215684603944695e-01 9.735768023317707687e-03 2.991314725164363475e-01 4.369934948715114564e-01
3.079999999999997584e+01 6.845167053896404896e-01 9.712030309428484540e-03 2.991305335303970914e-01 4.369952276915229916e-01
3.087499999999997868e+01 6.844484134676570575e-01 9.686972893311031341e-03 2.990852880809778958e-01 4.369727245998077936e-01
3.094999999999997797e+01 6.844326541443224166e-01 9.662829533063240633e-03 2.990645740483071080e-01 4.369525215336161894e-01
3.102499999999997726e+01 6.844566277282382316e-01 9.639930239659883632e-03 2.990788356854476859e-01 4.369580533950153667e-01
3.109999999999997655e+01 6.844361897847627274e-01 9.616978405043722505e-03 2.990880283968595510e-01 4.369845324673946596e-01
3.117499999999997584e+01 6.844061792833880942e-01 9.593864933294270550e-03 2.990887392954486579e-01 4.370047324946882417e-01
3.124999999999997513e+01 6.835373591696173312e-01 9.530782526261227100e-03 2.978369539456631188e-01 4.357288595132310371e-01
3.132499999999997442e+01 6.844720626814544406e-01 9.548200617626420236e-03 2.990973843471473881e-01 4.369752991457650504e-01
3.139999999999997726e+01 6.844569920279309772e-01 9.524886004765040562e-03 2.990814205496220568e-01 4.369615973437485090e-01
3.147499999999997655e+01 6.844606744213103111e-01 9.502505955919943528e-03 2.990913749625799811e-01 4.369737899338806963e-01
3.154999999999997584e+01 6.845285599422755718e-01 9.481420941569987729e-03 2.991388307065329100e-01 4.369997808882634116e-01
3.162499999999997158e+01 6.845669282580720827e-01 9.459749260510005864e-03 2.991645703636286457e-01 4.370128880237811320e-01
3.169999999999997442e+01 6.845198103663227007e-01 9.436458862180587340e-03 2.991357459311243527e-01 4.370008601665465453e-01
3.177499999999997726e+01 6.844763917529681496e-01 9.413111582922590453e-03 2.991016205473651102e-01 4.369787243959654122e-01
3.184999999999997300e+01 6.844917604896311181e-01 9.391012377145483911e-03 2.991037442120834111e-01 4.369720155552030416e-01
3.192499999999997229e+01 6.844961935441258305e-01 9.369377166505632112e-03 2.991173660406920565e-01 4.369890860779630515e-01
3.199999999999997158e+01 6.844629704751581389e-01 9.347465170152809491e-03 2.991188854448896262e-01 4.370125168893206347e-01
3.207499999999997442e+01 6.844632651793695066e-01 9.325738533430882882e-03 2.991230634597953353e-01 4.370184328028291487e-01
3.214999999999997726e+01 6.845032837672770931e-01 9.304184213859215125e-03 2.991295224755735616e-01 4.370023191550882480e-01
3.222499999999997300e+01 6.845095157602131275e-01 9.282213008974190410e-03 2.991193142141930217e-01 4.369834272968323718e-01
3.229999999999996874e+01 6.844935912902256891e-01 9.260446537822746710e-03 2.991124231716744131e-01 4.369835261830092854e-01
3.237499999999997158e+01 6.845309595562873994e-01 9.239919262186960594e-03 2.991423861133025719e-01 4.370034429227371842e-01
3.244999999999997442e+01 6.845899700756090667e-01 9.219763898343088029e-03 2.991813385012329629e-01 4.370226728098135505e-01
3.252499999999997016e+01 6.845797987184596423e-01 9.198351823650257816e-03 2.991763930642243885e-01 4.370219419624792323e-01
3.259999999999997300e+01 6.845274617393934946e-01 9.176109534793898403e-03 2.991411708342808229e-01 4.370039005800572252e-01
3.267499999999996874e+01 6.845202212142970088e-01 9.154653553059903873e-03 2.991283048462320959e-01 4.369897273678734484e-01
3.274999999999997158e+01 6.845386513375575355e-01 9.134063106317077962e-03 2.991405667318840500e-01 4.369958747360385698e-01
3.282499999999996732e+01 6.845203462762019520e-01 9.113379262386828855e-03 2.991466742878473584e-01 4.370164830237822651e-01
3.289999999999997016e+01 6.844994556128339847e-01 9.092613649828903619e-03 2.991469890793706510e-01 4.370302804865544566e-01
3.297499999999997300e+01 6.845254144439189004e-01 9.072145307477909662e-03 2.991539915140838390e-01 4.370239368791071222e-01
3.304999999999996874e+01 6.845513386347673590e-01 9.051534508559682182e-03 2.991532155078971966e-01 4.370062530364959841e-01
3.312499999999997158e+01 6.845384265159430992e-01 9.030700649829590324e-03 2.991419590256049199e-01 4.369980521738290324e-01
3.319999999999996732e+01 6.845446346778855107e-01 9.010612882510968258e-03 2.991523476993638297e-01 4.370092650571001380e-01
3.327499999999997016e+01 6.845971010562312831e-01 8.991385386383223335e-03 2.991883487319014767e-01 4.370283605792347759e-01
3.334999999999996589e+01 6.770462908778788202e-01 8.670142203366253131e-03 2.891492424822642571e-01 4.270745536576894263e-01
3.342499999999996874e+01 6.845786491543501828e-01 8.950707016469621261e-03 2.991773820254968186e-01 4.370241204499529242e-01
3.349999999999997158e+01 6.845488052358442710e-01 8.929964584311040829e-03 2.991538135744196136e-01 4.370087439877330393e-01
3.357499999999996732e+01 6.845656233176877770e-01 8.910224766279485620e-03 2.991607965278334502e-01 4.370082083262911699e-01
3.364999999999996305e+01 6.845709628929744772e-01 8.890778375427987532e-03 2.991746923331515262e-01 4.370250982730103928e-01
3.372499999999996589e+01 6.845485181164108202e-01 8.871066557095626942e-03 2.991767196380497040e-01 4.370423888452172889e-01
3.379999999999996874e+01 6.845528323456394615e-01 8.851423562051662780e-03 2.991781163973459279e-01 4.370416748875375346e-01
3.387499999999997158e+01 6.845835004945814983e-01 8.831849956653965369e-03 2.991789172816528009e-01 4.370232660668993407e-01
3.394999999999996732e+01 6.845875371419096744e-01 8.812053161633321557e-03 2.991692048374509083e-01 4.370065018806140733e-01
3.402499999999996305e+01 6.845812654812482023e-01 8.792616597682063190e-03 2.991687797361318735e-01 4.370098844668524052e-01
3.409999999999996589e+01 6.846178517031151767e-01 8.774193842035841670e-03 2.992000100134218910e-01 4.370321475975331160e-01
3.417499999999996874e+01 6.846639322500882585e-01 8.755967190687075422e-03 2.992351787417305564e-01 4.370541000433895151e-01
3.424999999999996447e+01 6.846538550176977100e-01 8.736757921180419648e-03 2.992339588004291340e-01 4.370587510862612435e-01
3.432499999999996021e+01 6.846152509332372738e-01 8.716962462065939304e-03 2.992097365104130491e-01 4.370480150749542214e-01
3.439999999999996305e+01 6.846075830337953194e-01 8.697673369546698313e-03 2.991999639124061083e-01 4.370386354567098453e-01
3.447499999999996589e+01 6.846084665889315968e-01 8.678842909210818593e-03 2.992031092950426796e-01 4.370426658405571763e-01
3.454999999999996874e+01 6.845808278217813125e-01 8.659881614668598487e-03 2.991989097867997494e-01 4.370541762596527047e-01
3.462499999999996447e+01 6.845614323635564880e-01 8.640924046867863237e-03 2.991919951227994812e-01 4.370564583076085308e-01
3.469999999999996021e+01 6.845777598435927036e-01 8.622155571711651381e-03 2.991887983383939575e-01 4.370413646022482945e-01
3.477499999999996305e+01 6.845835254690521010e-01 8.603197932533586736e-03 2.991762081038551457e-01 4.370192927135813643e-01
3.484999999999996589e+01 6.845620335375041110e-01 8.584206387736362590e-03 2.991595926126119354e-01 4.370087412921392911e-01
3.492499999999996163e+01 6.845709735038006949e-01 8.566040854138525992e-03 2.991689768307876918e-01 4.370167424709349158e-01
3.499999999999996447e+01 6.846177522938178273e-01 8.548556163841957919e-03 2.991994657344682063e-01 4.370314160449356722e-01
3.507499999999996021e+01 6.846270393792727171e-01 8.530457965196081016e-03 2.992058131292522072e-01 4.370347589550824807e-01
3.514999999999996305e+01 6.845827781685012159e-01 8.511455766986399107e-03 2.991776702095716445e-01 4.370219055319748414e-01
3.522499999999995879e+01 6.845583166512656526e-01 8.492724376126518926e-03 2.991562161490562977e-01 4.370061817559589556e-01
3.529999999999996163e+01 6.845733797685068511e-01 8.474836763292839872e-03 2.991617377442369330e-01 4.370046317684753157e-01
3.537499999999996447e+01 6.845700625115485050e-01 8.457118928159574819e-03 2.991705820836446650e-01 4.370196689379733934e-01
3.544999999999996021e+01 6.845445503982295898e-01 8.439237108981971491e-03 2.991709555134105525e-01 4.370365016263290658e-01
3.552499999999996305e+01 6.845516625133201138e-01 8.421554502204045209e-03 2.991757236907983675e-01 4.370389264593699807e-01
3.559999999999995879e+01 6.845820323261030405e-01 8.403944894111552155e-03 2.991804382303708820e-01 4.370264250345606838e-01
3.567499999999996163e+01 6.845819741412358939e-01 8.386044600385327008e-03 2.991721411187462376e-01 4.370143422108629938e-01
3.574999999999995737e+01 6.845724648004153368e-01 8.368390324654900042e-03 2.991699541064123391e-01 4.370172180291158615e-01
3.582499999999996021e+01 6.846060334179447926e-01 8.351588058216924404e-03 2.991956421856210024e-01 4.370333119792492171e-01
3.589999999999996305e+01 6.846473571583548967e-01 8.334900265861810986e-03 2.992229195444386924e-01 4.370467751257677280e-01
3.597499999999995879e+01 6.846335658846469663e-01 8.317319084398823101e-03 2.992155540612473352e-01 4.370448207204345459e-01
3.604999999999995453e+01 6.845959348198262795e-01 8.299302275516166894e-03 2.991898470323575143e-01 4.370312936653634184e-01
3.612499999999995737e+01 6.845950357321479718e-01 8.281889120188417122e-03 2.991832444668062196e-01 4.370222231407817626e-01
3.619999999999996021e+01 6.846072535489424737e-01 8.264995900832752818e-03 2.991928516101453051e-01 4.370284569132980579e-01
3.627499999999996305e+01 6.845905962955662893e-01 8.248003700721673673e-03 2.991963342436784190e-01 4.370441777358315960e-01
3.634999999999995879e+01 6.845772778625557331e-01 8.231000612630564803e-03 2.991968722691206173e-01 4.370534663424676114e-01
3.642499999999995453e+01 6.845988891054753944e-01 8.214200805566214056e-03 2.992022643427489914e-01 4.370475458026213955e-01
3.649999999999995737e+01 6.846155442339897368e-01 8.197268613888822331e-03 2.992003044069416751e-01 4.370340506096954680e-01
3.657499999999996021e+01 6.846044878969353986e-01 8.180224242423874206e-03 2.991917016666528761e-01 4.370285426929527706e-01
3.664999999999995595e+01 6.846128539882628816e-01 8.163754967864910242e-03 2.992016195722486671e-01 4.370376890080685528e-01
3.672499999999995168e+01 6.846542778246172967e-01 8.147847880007325419e-03 2.992297133932686481e-01 4.370522803772213805e-01
3.679999999999995453e+01 6.846685822154868761e-01 8.131507327741030119e-03 2.992394696608695615e-01 4.370573989134635129e-01
3.687499999999995737e+01 6.846368321063702744e-01 8.114427670466519554e-03 2.992195203484525612e-01 4.370485289666150575e-01
3.694999999999996021e+01 6.846166224750975804e-01 8.097490240414707829e-03 2.992022643833230910e-01 4.370362251819358002e-01
3.702499999999995595e+01 6.846278443475284359e-01 8.081188502363148909e-03 2.992060042999952207e-01 4.370345243336514196e-01
3.709999999999995168e+01 6.846257966532046657e-01 8.065036106799084586e-03 2.992128395622456472e-01 4.370458154293170860e-01
3.717499999999995453e+01 6.846055660321171965e-01 8.048760262303744986e-03 2.992126627511413339e-01 4.370584722022318735e-01
3.724999999999995737e+01 6.846100935378683916e-01 8.032628138069593943e-03 2.992153981430920595e-01 4.370595773673636719e-01
3.732499999999995310e+01 6.846329831814069733e-01 8.016558348864503275e-03 2.992180403713672332e-01 4.370488242925969491e-01
3.739999999999995595e+01 6.846324210117367137e-01 8.000289401678739587e-03 2.992108236227845053e-01 4.370386421090260987e-01
3.747499999999995168e+01 6.846251686520831159e-01 7.984229906057066853e-03 2.992090157294882147e-01 4.370406310340337885e-01
3.754999999999995453e+01 6.846520297702852753e-01 7.968822790184270852e-03 2.992292957714189905e-01 4.370531054612026844e-01
3.762499999999995026e+01 6.846837295620307184e-01 7.953488541777927953e-03 2.992500063843941405e-01 4.370631190196594407e-01
3.769999999999995310e+01 6.846709916156643594e-01 7.937471905142656770e-03 2.992426908238777772e-01 4.370605655684851043e-01
3.777499999999995595e+01 6.846404693331830105e-01 7.921149869347107048e-03 2.992214363145866418e-01 4.370490055985418731e-01
3.784999999999995168e+01 6.846398063638589049e-01 7.905312882913349479e-03 2.992160926182698688e-01 4.370416236932159748e-01
3.792499999999995453e+01 6.846483894417731975e-01 7.889873493562368431e-03 2.992234522433524502e-01 4.370468942274497448e-01
3.799999999999995026e+01 6.846336536005941387e-01 7.874359631640612256e-03 2.992256660023429049e-01 4.370595345827201217e-01
3.807499999999995310e+01 6.846231367775906795e-01 7.858851507005985837e-03 2.992257711292525268e-01 4.370664020174067632e-01
3.814999999999994884e+01 6.846406975815367835e-01 7.843501548406676960e-03 2.992295840717142941e-01 4.370607606715897209e-01
3.822499999999995168e+01 6.846527347005889608e-01 7.828046884954994664e-03 2.992270921774042858e-01 4.370494369065242024e-01
3.829999999999995453e+01 6.846431192579852665e-01 7.812533511378203649e-03 2.992200334857848532e-01 4.370452649989075566e-01
3.837499999999995026e+01 6.846513048918995148e-01 7.797499082598701586e-03 2.992290272947247809e-01 4.370531760572200497e-01
3.844999999999994600e+01 6.846853212752896933e-01 7.782886688605899009e-03 2.992519931768964359e-01 4.370650047229169832e-01
3.852499999999994884e+01 6.846947412239422492e-01 7.767903702206498291e-03 2.992584901275049392e-01 4.370684804626341347e-01
3.859999999999995168e+01 6.846674042042817376e-01 7.752359682837646135e-03 2.992410837575327776e-01 4.370605083870026109e-01
3.867499999999995453e+01 6.846518212221721633e-01 7.736970415961095561e-03 2.992273308372950247e-01 4.370503686138513810e-01
3.874999999999995026e+01 6.846611822222881116e-01 7.722086469525251545e-03 2.992308506941030455e-01 4.370495340817381891e-01
3.882499999999994600e+01 6.846579233939233955e-01 7.707304413200046118e-03 2.992360938424913908e-01 4.370592724015311403e-01
3.889999999999994884e+01 6.846410187655364021e-01 7.692433415103146557e-03 2.992356598475119922e-01 4.370694300307309543e-01
3.897499999999995168e+01 6.846459251718195471e-01 7.677687812389998902e-03 2.992378824878998422e-01 4.370695442506325468e-01
3.904999999999994742e+01 6.846643127851578248e-01 7.662982660974600180e-03 2.992394729110577911e-01 4.370601290635061087e-01
3.912499999999994316e+01 6.846624089643642552e-01 7.648129038746331702e-03 2.992330486409497947e-01 4.370519612630353601e-01
3.919999999999994600e+01 6.846573205999602063e-01 7.633480431165449477e-03 2.992324329016852191e-01 4.370543100882497423e-01
3.927499999999994884e+01 6.846812442301762891e-01 7.619355360585780383e-03 2.992501817870061309e-01 4.370649617012207222e-01
3.934999999999995168e+01 6.847062050593771820e-01 7.605246267500164782e-03 2.992664406261310583e-01 4.370727743005905497e-01
3.942499999999994742e+01 6.846931959746793694e-01 7.590583023786802094e-03 2.992587357127942660e-01 4.370698255395853993e-01
3.949999999999994316e+01 6.816350088630992454e-01 7.469201948837610877e-03 2.950334769790852185e-01 4.328320481531198194e-01
3.957499999999994600e+01 6.846690858440089844e-01 7.561277594327692024e-03 2.992375607955179984e-01 4.370542894114172738e-01
3.964999999999994884e+01 6.846752660786282751e-01 7.547131586627788338e-03 2.992437674097914169e-01 4.370594093805429958e-01
3.972499999999994458e+01 6.828865025484849305e-01 7.513385264123887720e-03 2.984692296173210302e-01 4.370700379981953265e-01
3.979999999999994742e+01 6.846540611675323573e-01 7.518724125233639498e-03 2.992452201842984438e-01 4.370750677707208043e-01
3.987499999999994316e+01 6.846694866935065793e-01 7.504657383495564812e-03 2.992482131668852130e-01 4.370695919458204015e-01
3.994999999999994600e+01 6.846780814786654901e-01 7.490500061201777783e-03 2.992454774450106214e-01 4.370601097653731282e-01
4.002499999999994174e+01 6.846697295180195209e-01 7.476325650738468130e-03 2.992399341708067428e-01 4.370573449792498621e-01
4.009999999999994458e+01 6.846786994223676981e-01 7.462564289473496044e-03 2.992488280078867691e-01 4.370646089331381434e-01
4.017499999999994742e+01 6.847074915663233785e-01 7.449111946222111529e-03 2.992680724394729541e-01 4.370743363050887953e-01
4.024999999999994316e+01 6.847127069437591862e-01 7.435323581534539032e-03 2.992717741567647582e-01 4.370764133947149244e-01
4.032499999999994600e+01 6.846887330203127453e-01 7.421111242355394634e-03 2.992563108479808776e-01 4.370691329005742531e-01
4.039999999999994174e+01 6.846774286116784625e-01 7.407072796032299761e-03 2.992457409597044649e-01 4.370609113936844148e-01
4.047499999999994458e+01 6.846856251818499439e-01 7.393438344634868827e-03 2.992494169990959074e-01 4.370610481556647109e-01
4.054999999999994031e+01 6.846811621760104938e-01 7.379861190453866800e-03 2.992533712729038564e-01 4.370696724324000249e-01
4.062499999999994316e+01 6.846670116201200029e-01 7.366220699389905945e-03 2.992527159127145175e-01 4.370777485022918074e-01
4.069999999999994600e+01 6.846727059527433212e-01 7.352694730522787124e-03 2.992546755322770258e-01 4.370769755102985044e-01
4.077499999999994174e+01 6.846876741747341955e-01 7.339192625813806617e-03 2.992555793175575296e-01 4.370687403979565122e-01
4.084999999999993747e+01 6.846847921765399914e-01 7.325581892995063592e-03 2.992500203288479543e-01 4.370624610743347183e-01
4.092499999999994031e+01 6.846819040010219126e-01 7.312173192450093125e-03 2.992506879010196075e-01 4.370652797340076057e-01
4.099999999999994316e+01 6.847037537139467611e-01 7.299182222170353708e-03 2.992664711089840779e-01 4.370743836085505540e-01
4.107499999999994600e+01 6.847230171070953775e-01 7.286156666242910029e-03 2.992788850659271471e-01 4.370802172393131180e-01
4.114999999999993463e+01 6.847096768806676392e-01 7.272680635558074168e-03 2.992708081532142739e-01 4.370769367779385184e-01
4.122499999999993747e+01 6.846896317062450832e-01 7.259099795215537276e-03 2.992563890577600860e-01 4.370686734542975627e-01
4.129999999999994031e+01 6.846920299067050797e-01 7.245879947775797289e-03 2.992548418431399959e-01 4.370648828553122534e-01
4.137499999999994316e+01 6.846961198691674522e-01 7.232873116249774470e-03 2.992601251848340249e-01 4.370699884235023647e-01
4.144999999999994600e+01 6.846834157860020031e-01 7.219795000523167652e-03 2.992605027716849220e-01 4.370786495947769357e-01
4.152499999999993463e+01 6.846780037909063754e-01 7.206748797334587044e-03 2.992602438093182604e-01 4.370817262309908413e-01
4.159999999999993747e+01 6.846916822785003021e-01 7.193810581534614869e-03 2.992625201918395206e-01 4.370763190754136107e-01
4.167499999999994031e+01 6.846978970968369271e-01 7.180807511073198507e-03 2.992601530239751284e-01 4.370688946071799030e-01
4.174999999999993605e+01 6.846915102732169522e-01 7.167828453461500340e-03 2.992568379320171834e-01 4.370681298685926142e-01
4.182499999999993889e+01 6.847016278875106554e-01 7.155199027535590235e-03 2.992661993266756415e-01 4.370753436792499391e-01
4.189999999999993463e+01 6.847256419745170186e-01 7.142766776543371318e-03 2.992819279371667918e-01 4.370829856380710199e-01
4.197499999999993747e+01 6.847265235256481120e-01 7.130011226235321610e-03 2.992822212212271626e-01 4.370828512385161457e-01
4.204999999999994031e+01 6.847046861809458207e-01 7.116941043378576665e-03 2.992673708740687388e-01 4.370751024697701603e-01
4.212499999999993605e+01 6.846966715692482941e-01 7.104075955170656605e-03 2.992591996115634423e-01 4.370682844502439268e-01
4.219999999999993889e+01 6.847045488915496358e-01 7.091563900016143590e-03 2.992639965806808133e-01 4.370702620059286891e-01
4.227499999999993463e+01 6.847008476432151491e-01 7.079098809266989173e-03 2.992689021617614964e-01 4.370797892128577278e-01
4.234999999999993747e+01 6.846905784675523243e-01 7.066584318617149911e-03 2.992698458934358596e-01 4.370877229875864689e-01
4.242499999999993321e+01 6.846968696383619601e-01 7.054137599903113551e-03 2.992717876758891338e-01 4.370865428871556491e-01
4.249999999999993605e+01 6.847076015509950819e-01 7.041662314807311043e-03 2.992706483793102779e-01 4.370780281997810324e-01
4.257499999999993889e+01 6.847023976396839906e-01 7.029092593945905285e-03 2.992636171872464779e-01 4.370710811279066021e-01
4.264999999999993463e+01 6.847001457005218450e-01 7.016728321189385706e-03 2.992634628987268508e-01 4.370722932920485526e-01
4.272499999999993747e+01 6.847197373716157331e-01 7.004726022100459665e-03 2.992769192942417167e-01 4.370794398932539293e-01
4.279999999999993321e+01 6.847352508931738857e-01 6.992692830567621629e-03 2.992872531482937415e-01 4.370846290707264825e-01
4.287499999999993605e+01 6.847237746869864194e-01 6.980322317671610981e-03 2.992813193701698848e-01 4.370832888152348938e-01
4.294999999999993179e+01 6.847092963053302839e-01 6.967918189832173446e-03 2.992720862532913806e-01 4.370790463458786301e-01
4.302499999999993463e+01 6.847136119837001766e-01 6.955820143261169999e-03 2.992741616638113777e-01 4.370793225459284059e-01
4.309999999999993747e+01 6.847178348509409540e-01 6.943876195268600636e-03 2.992810640160762370e-01 4.370867075212492292e-01
4.317499999999993321e+01 6.847091414131847298e-01 6.931868716028887108e-03 2.992834318145467520e-01 4.370957151190500434e-01
4.324999999999993605e+01 6.847072402520304468e-01 6.919872660791595576e-03 2.992844925792360611e-01 4.370984779846550650e-01
4.332499999999993179e+01 6.847175696771670150e-01 6.907913118502537544e-03 2.992853358591219814e-01 4.370931156333991430e-01
4.339999999999993463e+01 6.847189427676866336e-01 6.895870906347150234e-03 2.992807973354658646e-01 4.370856108139054008e-01
4.347499999999993747e+01 6.847130376816469299e-01 6.883877118790389903e-03 2.992765577394117527e-01 4.370831885321256882e-01
4.354999999999992610e+01 6.847232283557166399e-01 6.872176042495701208e-03 2.992832666506872741e-01 4.370864814523399700e-01
4.362499999999992895e+01 6.847403057759999800e-01 6.860573042011559181e-03 2.992924989577537831e-01 4.370890634494966065e-01
4.369999999999993179e+01 6.847341464661222954e-01 6.848670668859861005e-03 2.992869082291754745e-01 4.370848303298145998e-01
4.377499999999993463e+01 6.847133074362152794e-01 6.836576612143454440e-03 2.992711411965792712e-01 4.370751056630485798e-01
4.384999999999993747e+01 6.847087594966217994e-01 6.824721262487260832e-03 2.992640273600659651e-01 4.370676192021791251e-01
4.392499999999992610e+01 6.847143829309372265e-01 6.813135785570317675e-03 2.992669893811756854e-01 4.370683555676978527e-01
4.399999999999992895e+01 6.809508432501271136e-01 6.764241964642729241e-03 2.976266464442796078e-01 4.370750831641972978e-01
4.407499999999993179e+01 6.846958520759539590e-01 6.789940087885903801e-03 2.992666093735707467e-01 4.370796295409320464e-01
4.414999999999992752e+01 6.847035658746821740e-01 6.778434155065415218e-03 2.992678679461375779e-01 4.370765435752251848e-01
4.422499999999993037e+01 6.847132637004996747e-01 6.766915897104865303e-03 2.992668555494621963e-01 4.370688745418614962e-01
4.429999999999992610e+01 6.847076343663668352e-01 6.755341921471871673e-03 2.992616471212034002e-01 4.370648611186322974e-01
4.437499999999992895e+01 6.847078978266543103e-01 6.743992135790705805e-03 2.992646510257120918e-01 4.370690800786938279e-01
4.444999999999993179e+01 6.847285487117124037e-01 6.732946355833207587e-03 2.992794655167856366e-01 4.370775339802425163e-01
4.452499999999992752e+01 6.847410840906350549e-01 6.721795396933288348e-03 2.992879400484541597e-01 4.370819087712856099e-01
4.459999999999993037e+01 6.847268639603861784e-01 6.710298659134790976e-03 2.992793201974112138e-01 4.370783971676121538e-01
4.467499999999992610e+01 6.847127477506491644e-01 6.698791842737561106e-03 2.992685255743000594e-01 4.370716429005119807e-01
4.474999999999992895e+01 6.847174121508494693e-01 6.687579913408310713e-03 2.992692011250214223e-01 4.370696521137827917e-01
4.482499999999992468e+01 6.847197118341442623e-01 6.676497644299183437e-03 2.992740069057103769e-01 4.370752027921781524e-01
4.489999999999992752e+01 6.847092712053370889e-01 6.665362040918831020e-03 2.992747556372550299e-01 4.370829609338029442e-01
4.497499999999993037e+01 6.847079070275383650e-01 6.654269190676533573e-03 2.992757568506766441e-01 4.370852940049954061e-01
4.504999999999992610e+01 6.847198351847143538e-01 6.643233211473565346e-03 2.992776561768836219e-01 4.370804536371413751e-01
4.512499999999992895e+01 6.847221568645209810e-01 6.632121628627655509e-03 2.992744884918224768e-01 4.370743453991030592e-01
4.519999999999992468e+01 6.847162944689048070e-01 6.621056436895219818e-03 2.992717509476634508e-01 4.370740894661947484e-01
4.527499999999992752e+01 6.847265811007693381e-01 6.610282866893162600e-03 2.992805567985874493e-01 4.370803837021527416e-01
4.534999999999992326e+01 6.847456350732147312e-01 6.599632192192447962e-03 2.992933199159270030e-01 4.370868605594335765e-01
4.542499999999992610e+01 6.847437232176919464e-01 6.588719816850773479e-03 2.992925976804459154e-01 4.370870261855552275e-01
4.549999999999992895e+01 6.847264495573456289e-01 6.577606109723065433e-03 2.992810779923990028e-01 4.370812288409114954e-01
4.557499999999992468e+01 6.847224903803899032e-01 6.566668049167148982e-03 2.992758963407923245e-01 4.370761885950802395e-01
4.564999999999992752e+01 6.847283046745415991e-01 6.555957664327263616e-03 2.992794673765390989e-01 4.370776924707234223e-01
4.572499999999992326e+01 6.808375741566695671e-01 6.508113284667372406e-03 2.975834799414150966e-01 4.370843960984698295e-01
4.579999999999992610e+01 6.847148229007413711e-01 6.534532079778820716e-03 2.992815692538695060e-01 4.370893680758747291e-01
4.587499999999992895e+01 6.847218163989781115e-01 6.523889421830836484e-03 2.992834272264891515e-01 4.370876172756569256e-01
4.594999999999991758e+01 6.847303420947895569e-01 6.513230049029661468e-03 2.992829207529124069e-01 4.370814353535419361e-01
4.602499999999992042e+01 6.847259001648623444e-01 6.502520726046042213e-03 2.992785164162685696e-01 4.370778385105790198e-01
4.609999999999992326e+01 6.847263807861051488e-01 6.491992731736054810e-03 2.992808649330316317e-01 4.370809615797773828e-01
4.617499999999992610e+01 6.847434701686212488e-01 6.481708978263629045e-03 2.992929120713225810e-01 4.370876468491482481e-01
4.624999999999992895e+01 6.847530060230897497e-01 6.471336881403999541e-03 2.992993307649345347e-01 4.370909337122971805e-01
4.632499999999991758e+01 6.847403129272500166e-01 6.460690723140745037e-03 2.992914977494944839e-01 4.370875967124380757e-01
4.639999999999992042e+01 6.847284963148672077e-01 6.450047615557487346e-03 2.992822093618668911e-01 4.370815746278569058e-01
4.647499999999992326e+01 6.847321575035025809e-01 6.439644707432128079e-03 2.992824877779076687e-01 4.370796442058101361e-01
4.654999999999991900e+01 6.847330750622437900e-01 6.429343352428870499e-03 2.992859330555633912e-01 4.370840900716788102e-01
4.662499999999992184e+01 6.847239301291367930e-01 6.419006661340514140e-03 2.992861855850009745e-01 4.370902964185237605e-01
4.669999999999991758e+01 6.847235012300992851e-01 6.408715788692885031e-03 2.992870273319572227e-01 4.370917995282634361e-01
4.677499999999992042e+01 6.847337161126152427e-01 6.398469099443312470e-03 2.992883921264604119e-01 4.370872721524314830e-01
4.684999999999992326e+01 6.847349450730892961e-01 6.388158993486799456e-03 2.992852488448560777e-01 4.370818971608204651e-01
4.692499999999991900e+01 6.847301126997177301e-01 6.377901064752753563e-03 2.992830074635224324e-01 4.370817084172407552e-01
4.699999999999992184e+01 6.847397755680155740e-01 6.367891665472439830e-03 2.992909082772041707e-01 4.370870788525931805e-01
4.707499999999991758e+01 6.847556384434083654e-01 6.357970724439377525e-03 2.993014718529831697e-01 4.370923801859558644e-01
4.714999999999992042e+01 6.847525935028088151e-01 6.347825256086042645e-03 2.992999608244564236e-01 4.370921171592885845e-01
4.722499999999991616e+01 6.847375625100715624e-01 6.337528543257394190e-03 2.992897854553299153e-01 4.370868517249303919e-01
4.729999999999991900e+01 6.847348348730359913e-01 6.327391877027796659e-03 2.992856357834142722e-01 4.370825325965897457e-01
4.737499999999992184e+01 6.847395150063074754e-01 6.317439581371310682e-03 2.992887001674653380e-01 4.370840204317819055e-01
4.744999999999991758e+01 6.847340763970012345e-01 6.307488295962837554e-03 2.992903196434361091e-01 4.370898571577893632e-01
4.752499999999992042e+01 6.847277327443347383e-01 6.297534323283313779e-03 2.992903187140389942e-01 4.370939052147150283e-01
4.759999999999991616e+01 6.847345356625552659e-01 6.287647078899220865e-03 2.992920009556023775e-01 4.370920194145089255e-01
4.767499999999991900e+01 6.847413686240064745e-01 6.277739030875504472e-03 2.992912082969891863e-01 4.370865001167044683e-01
4.774999999999991473e+01 6.847370356975946981e-01 6.267796648091018309e-03 2.992872899463455694e-01 4.370835435262215851e-01
4.782499999999991758e+01 6.847383224202372443e-01 6.258021652582379524e-03 2.992898855347517761e-01 4.370865128110527076e-01
4.789999999999992042e+01 6.847536045164448471e-01 6.248445782288742506e-03 2.993005529716302737e-01 4.370923365682587436e-01
4.797499999999991616e+01 6.847606618276506074e-01 6.238778259449286219e-03 2.993053869970789815e-01 4.370948912255301355e-01
4.804999999999991900e+01 6.847487289274497568e-01 6.228885487733305110e-03 2.992979476855848198e-01 4.370916440464045483e-01
4.812499999999991473e+01 6.847391580726528426e-01 6.219015915364689909e-03 2.992901409269251856e-01 4.370863523700649900e-01
4.819999999999991758e+01 6.847428126459843556e-01 6.209352131528914943e-03 2.992907727396931783e-01 4.370849422766093229e-01
4.827499999999992042e+01 6.847429428509935745e-01 6.199765226534000202e-03 2.992936663109283524e-01 4.370890849415551282e-01
4.834999999999990905e+01 6.847349751557323394e-01 6.190151963026574791e-03 2.992938474123343351e-01 4.370944354701095658e-01
4.842499999999991189e+01 6.847356111818584390e-01 6.180583914646475656e-03 2.992947760667550305e-01 4.370953856922530356e-01
4.849999999999991473e+01 6.847445436235550797e-01 6.171046819848418664e-03 2.992957707626477948e-01 4.370911364679505029e-01
4.857499999999991758e+01 6.847447063625953234e-01 6.161454995125500468e-03 2.992926763882206576e-01 4.370865135680729319e-01
4.864999999999992042e+01 6.847407582233222545e-01 6.151923454031453173e-03 2.992910760386296998e-01 4.370866965991507258e-01
4.872499999999990905e+01 6.847501843736202298e-01 6.142607835017354322e-03 2.992985667612200196e-01 4.370916190917208399e-01
4.879999999999991189e+01 6.847634501435281296e-01 6.133348958058504330e-03 2.993074291532544784e-01 4.370960936809914488e-01
4.887499999999991473e+01 6.847593300812105932e-01 6.123891560813249368e-03 2.993052000347470321e-01 4.370954682709474737e-01
4.894999999999991047e+01 6.847463005146364745e-01 6.114324893558526625e-03 2.992962035396893317e-01 4.370906470246667119e-01
4.902499999999991331e+01 6.847449492189429110e-01 6.104908818627944982e-03 2.992931548332344871e-01 4.370870572680009003e-01
4.909999999999990905e+01 6.847489403438775657e-01 6.095642565072710919e-03 2.992960499450695311e-01 4.370887376543650116e-01
4.917499999999991189e+01 6.847438064310669148e-01 6.086373221479206459e-03 2.992974031662394285e-01 4.370939910010995799e-01
4.924999999999991473e+01 6.847391688792048292e-01 6.077109191191529432e-03 2.992976276661822865e-01 4.370972791816171710e-01
4.932499999999991047e+01 6.847459045817602119e-01 6.067900283340626338e-03 2.992991814757758329e-01 4.370952487238115580e-01
4.939999999999991331e+01 6.847511477631620380e-01 6.058666059765867480e-03 2.992981033524333423e-01 4.370903273840921477e-01
4.947499999999990905e+01 6.847468548938157040e-01 6.049411979215582082e-03 2.992946576716903895e-01 4.370880355749896529e-01
4.954999999999991189e+01 6.847488352821453628e-01 6.040313668010357379e-03 2.992975422499126736e-01 4.370909840636523214e-01
4.962499999999990763e+01 6.847622706105926937e-01 6.031373508909390786e-03 2.993069103796279773e-01 4.370960890014286004e-01
4.969999999999991047e+01 6.847667278965448023e-01 6.022337051900631365e-03 2.993101514794608287e-01 4.370979769984982277e-01
4.977499999999991331e+01 6.847552622319168503e-01 6.013118683869281972e-03 2.993029824895929725e-01 4.370948264260630101e-01
4.984999999999990905e+01 6.847477306328830782e-01 6.003943582344089917e-03 2.992965875798523356e-01 4.370902949955384198e-01
4.992499999999991189e+01 6.847515598407979409e-01 5.994946639609071565e-03 2.992977109824823678e-01 4.370894913361977885e-01
4.999999999999990763e+01 6.847513833380074466e-01 5.986006405729389634e-03 2.993003202864689127e-01 4.370934145871276932e-01
5.007499999999991047e+01 6.847450361334158631e-01 5.977046917980723302e-03 2.993006244178841868e-01 4.370979103520925557e-01
5.014999999999990621e+01 6.847471174814298012e-01 5.968130670265800637e-03 2.993017531138293386e-01 4.370982300950633226e-01
5.022499999999990905e+01 6.847554095810614028e-01 5.959235858337606079e-03 2.993026209850057073e-01 4.370942044373499202e-01
5.029999999999991189e+01 6.847554318699901055e-01 5.950298868567199632e-03 2.993000330889296068e-01 4.370904109100308133e-01
5.037499999999990763e+01 6.847530467841367319e-01 5.941429734329771277e-03 2.992995228668616781e-01 4.370911882356525169e-01
5.044999999999991047e+01 6.847622396072094997e-01 5.932740970555968642e-03 2.993067819645480743e-01 4.370959212590857512e-01
5.052499999999990621e+01 6.847723536790552012e-01 5.924073074997205680e-03 2.993137921142332569e-01 4.370997025597183061e-01
5.059999999999990905e+01 6.835517373265105334e-01 5.881492679354294491e-03 2.976035295753267640e-01 4.353782066874788970e-01
5.067499999999991189e+01 6.847538441710482315e-01 5.906299987478213186e-03 2.993017518654579323e-01 4.370939344309745511e-01
5.074999999999990052e+01 6.847522847092273324e-01 5.897514553559335924e-03 2.992988635931357333e-01 4.370907118918628820e-01
5.082499999999990337e+01 6.847542507856375638e-01 5.888851443015016666e-03 2.993008745912376645e-01 4.370923937278833327e-01
5.089999999999990621e+01 6.847485456147335281e-01 5.880190529838956980e-03 2.993016979688023493e-01 4.370972379358674109e-01
5.097499999999990905e+01 6.847453030696878384e-01 5.871552916976681587e-03 2.993024099428858165e-01 4.371003475323221865e-01
5.104999999999991189e+01 6.847527984912826771e-01 5.862972626897389183e-03 2.993047526031111794e-01 4.370989841335004567e-01
5.112499999999990052e+01 6.847586966049686863e-01 5.854373640308075180e-03 2.993048523607497735e-01 4.370953648996386831e-01
5.119999999999990337e+01 6.847570520821297801e-01 5.845765541435848575e-03 2.993031957215148697e-01 4.370939953249527443e-01
5.127499999999990621e+01 6.847614886889747954e-01 5.837287233582842336e-03 2.993069029019597149e-01 4.370965771965423241e-01
5.134999999999990195e+01 6.847744260552636186e-01 5.828918774475089735e-03 2.993149790692952728e-01 4.371001130891233322e-01
5.142499999999990479e+01 6.847782394469590361e-01 5.820452108513348745e-03 2.993167496802984218e-01 4.371002646375456990e-01
5.149999999999990052e+01 6.847691627393424074e-01 5.811845391153084260e-03 2.993100376443832422e-01 4.370962565648063292e-01
5.157499999999990337e+01 6.847641976808570563e-01 5.803294484387074362e-03 2.993049130322628093e-01 4.370919420815829737e-01
5.164999999999990621e+01 6.847678402906477446e-01 5.794897191586271396e-03 2.993064399454303803e-01 4.370918468051750438e-01
5.172499999999990195e+01 6.847676685295865928e-01 5.786554324197707919e-03 2.993095224191258952e-01 4.370964579297944574e-01
5.179999999999990479e+01 6.847636219503160371e-01 5.778212700769597317e-03 2.993114178998645958e-01 4.371018090116672861e-01
5.187499999999990052e+01 6.847666078652958621e-01 5.769909150189951770e-03 2.993140371661031640e-01 4.371037280850920692e-01
5.194999999999990337e+01 6.847727716573240864e-01 5.761609573305194985e-03 2.993156173332043313e-01 4.371021011959697056e-01
5.202499999999989910e+01 6.847719487982284470e-01 5.753276771369799508e-03 2.993142240305132207e-01 4.371005917456289858e-01
5.209999999999990195e+01 6.847709467339452294e-01 5.745008451820532609e-03 2.993149403398491781e-01 4.371022774366364883e-01
5.217499999999990479e+01 6.847782838330398469e-01 5.736861623348127673e-03 2.993207551981880155e-01 4.371060856701572961e-01
5.224999999999990052e+01 6.847825887236155262e-01 5.728687383781433384e-03 2.993239158025793323e-01 4.371079532855780547e-01
5.232499999999990337e+01 6.847736996159251577e-01 5.720368261213093670e-03 2.993182692679745571e-01 4.371053815820550859e-01
5.239999999999989910e+01 6.847635357542098955e-01 5.712029707764061312e-03 2.993103566868362542e-01 4.371003142817335707e-01
5.247499999999990195e+01 6.847621786889654949e-01 5.703812875629625176e-03 2.993075806486640289e-01 4.370971265114458326e-01
5.254999999999989768e+01 6.847595541916385864e-01 5.695660593044628989e-03 2.993069641644946488e-01 4.370979014930689299e-01
5.262499999999990052e+01 6.847505398960529455e-01 5.687498116837223956e-03 2.993045883985583355e-01 4.371001860677519169e-01
5.269999999999990337e+01 6.847476205963018980e-01 5.679373822560005933e-03 2.993030004489117823e-01 4.370997305376079778e-01
5.277499999999989910e+01 6.847531500162282736e-01 5.671290538713894512e-03 2.993023581806252276e-01 4.370952629769310760e-01
5.284999999999990195e+01 6.847528147866642767e-01 5.663172284434063279e-03 2.992986552323396721e-01 4.370900692472313165e-01
5.292499999999989768e+01 6.847470317873212142e-01 5.655080070550389144e-03 2.992951127338787654e-01 4.370885872300330210e-01
5.299999999999990052e+01 6.847520477141778583e-01 5.647158412463579996e-03 2.992993958605691951e-01 4.370916404845855419e-01
5.307499999999990337e+01 6.840211438939950428e-01 5.619838832956134886e-03 2.982729460591463377e-01 4.360580790838399223e-01
5.314999999999989200e+01 6.847634605395722662e-01 5.631367328760348775e-03 2.993071735236119135e-01 4.370957137341516252e-01
5.322499999999989484e+01 6.847508550263824434e-01 5.623280446072989776e-03 2.992991017422342859e-01 4.370919722775705174e-01
5.329999999999989768e+01 6.847468085795415105e-01 5.615287031742239969e-03 2.992947987918608277e-01 4.370882712293709949e-01
5.337499999999990052e+01 6.847512613137622939e-01 5.607438757382754782e-03 2.992970436753039642e-01 4.370887073666330780e-01
5.344999999999990337e+01 6.847484139186531538e-01 5.599603061180128544e-03 2.992987836200773355e-01 4.370930659149120379e-01
5.352499999999989200e+01 6.847418830335783024e-01 5.591754397614798720e-03 2.992986541323314764e-01 4.370970456872936838e-01
5.359999999999989484e+01 6.847458208067450647e-01 5.583959579659173410e-03 2.993002334697311140e-01 4.370968385277698709e-01
5.367499999999989768e+01 6.847534148262834908e-01 5.576171921931349397e-03 2.993010279096646187e-01 4.370931512413047670e-01
5.374999999999989342e+01 6.847515968728836722e-01 5.568341170558721749e-03 2.992983379175306879e-01 4.370903832635997799e-01
5.382499999999989626e+01 6.847500929802996517e-01 5.560589079383717812e-03 2.992987071978280289e-01 4.370918825219333170e-01
5.389999999999989200e+01 6.847608769939946827e-01 5.552996348808379029e-03 2.993065032007710125e-01 4.370963839445458077e-01
5.397499999999989484e+01 6.847702457232238693e-01 5.545394659669846890e-03 2.993126767556794077e-01 4.370994192943630230e-01
5.404999999999989768e+01 6.847638042124791768e-01 5.537631454524342099e-03 2.993089801170401021e-01 4.370981326346008999e-01
5.412499999999989342e+01 6.847543068612997885e-01 5.529832996701941616e-03 2.993022109464920089e-01 4.370943095172340476e-01
5.419999999999989626e+01 6.847557844565147489e-01 5.522168831754563703e-03 2.993015506810967619e-01 4.370924021016485694e-01
5.427499999999989200e+01 6.847581519933932936e-01 5.514586365367254821e-03 2.993041749803071472e-01 4.370947233107126406e-01
5.434999999999989484e+01 6.847524072378835536e-01 5.506984211301559941e-03 2.993045918842391906e-01 4.370989991719160805e-01
5.442499999999989058e+01 6.847500898681809778e-01 5.499400273189096987e-03 2.993048598683160089e-01 4.371008697873032811e-01
5.449999999999989342e+01 6.847569710188170511e-01 5.491858934519443236e-03 2.993063119313090770e-01 4.370985978952292572e-01
5.457499999999989626e+01 6.847600937190745363e-01 5.484290374926786837e-03 2.993051472116288192e-01 4.370949036852312952e-01
5.464999999999989200e+01 6.847565454618076419e-01 5.476724065886133877e-03 2.993029702006766435e-01 4.370939893664299580e-01
5.472499999999989484e+01 6.847606856745370729e-01 5.469289087481233637e-03 2.993068453124099193e-01 4.370970056751605215e-01
5.479999999999989058e+01 6.847723442130488891e-01 5.461944796408642853e-03 2.993145748431930153e-01 4.371008516519019338e-01
5.487499999999989342e+01 6.847737343424697976e-01 5.454499618996261172e-03 2.993156665924192605e-01 4.371015586335634251e-01
5.494999999999988916e+01 6.847638224200988111e-01 5.446938824102693331e-03 2.993092883844423735e-01 4.370985711929415984e-01
5.502499999999989200e+01 6.847597600085402192e-01 5.439441704550489719e-03 2.993052797928901221e-01 4.370953103160694075e-01
5.509999999999989484e+01 6.847632604150669655e-01 5.432067242193952886e-03 2.993069050448862178e-01 4.370954494016842107e-01
5.517499999999989058e+01 6.847611914375931752e-01 5.424710514520899966e-03 2.993084026386900742e-01 4.370989570981959060e-01
5.524999999999989342e+01 6.847555858344820390e-01 5.417342101138204920e-03 2.993081510878852214e-01 4.371021679554922268e-01
5.532499999999988916e+01 6.847583257782597910e-01 5.410014900150346938e-03 2.993090743508173279e-01 4.371017672704287094e-01
5.539999999999989200e+01 6.847643660779251240e-01 5.402696409916741410e-03 2.993093811093868739e-01 4.370983595769145635e-01
5.547499999999989484e+01 6.847628440556703389e-01 5.395348355941834498e-03 2.993069500458727106e-01 4.370957808883967899e-01
5.554999999999988347e+01 6.847616609995734738e-01 5.388068830988719006e-03 2.993072235614226972e-01 4.370969354863007417e-01
5.562499999999988631e+01 6.847707116694596863e-01 5.380921149068854797e-03 2.993137389169544527e-01 4.371006729934936996e-01
5.569999999999988916e+01 6.847783483616463052e-01 5.373765092618483161e-03 2.993187156588489328e-01 4.371030660869730244e-01
5.577499999999989200e+01 6.847725291891838539e-01 5.366476280633098589e-03 2.993152145523104712e-01 4.371016677709305132e-01
5.584999999999989484e+01 6.847642592935790917e-01 5.359161743465234128e-03 2.993091833725327611e-01 4.370981389731234401e-01
5.592499999999988347e+01 6.847653066352894502e-01 5.351961844182120606e-03 2.993084661358844656e-01 4.370964230162118214e-01
5.599999999999988631e+01 6.847669188339183810e-01 5.344831686646074609e-03 2.993105744521795675e-01 4.370984728086340088e-01
5.607499999999988916e+01 6.847617187991645871e-01 5.337687497514019379e-03 2.993108264230980309e-01 4.371021600739973811e-01
5.614999999999988489e+01 6.847597502633004929e-01 5.330560208678711276e-03 2.993109557173090352e-01 4.371036054648647640e-01
5.622499999999988773e+01 6.847655125533635978e-01 5.323467288333012977e-03 2.993119482865230774e-01 4.371013767478509893e-01
5.629999999999988347e+01 6.280316702653022665e-01 4.875868522173303944e-03 2.745113977983564268e-01 4.370980171786453261e-01
5.637499999999988631e+01 6.847645838961247122e-01 5.309245773424847367e-03 2.993087304768251578e-01 4.370972703842825879e-01
5.644999999999988916e+01 6.847685429038774529e-01 5.302255989141230370e-03 2.993123505870218803e-01 4.371000299133733225e-01
5.652499999999988489e+01 6.847786394648808228e-01 5.295339567852139044e-03 2.993190690728415593e-01 4.371033963716274284e-01
5.659999999999988773e+01 6.847792429305546991e-01 5.288332731918512532e-03 2.993196326265872287e-01 4.371038341431474072e-01
5.667499999999988347e+01 6.847702859241925344e-01 5.281231088315643807e-03 2.993137719302885191e-01 4.371009929648495551e-01
5.674999999999988631e+01 6.847668924477019470e-01 5.274190017863434471e-03 2.993102835137493312e-01 4.370980647791886664e-01
5.682499999999988205e+01 6.847698299127852328e-01 5.267254509071987549e-03 2.993117374780150941e-01 4.370983130435762698e-01
5.689999999999988489e+01 6.847676257897766794e-01 5.260333752925649628e-03 2.993129905414688707e-01 4.371015498816204214e-01
5.697499999999988773e+01 6.847627659360896457e-01 5.253405721729398521e-03 2.993127909955318744e-01 4.371043606414011240e-01
5.704999999999988347e+01 6.847654370880020824e-01 5.246513272119020417e-03 2.993135821743895253e-01 4.371038109739225352e-01
5.712499999999988631e+01 6.847704623708111837e-01 5.239625161709731034e-03 2.993135873626677768e-01 4.371006108037790439e-01
5.719999999999988205e+01 6.847687292156977579e-01 5.232714414954847681e-03 2.993112645354166768e-01 4.370983249749647026e-01
5.727499999999988489e+01 6.847680092504762062e-01 5.225870995332569484e-03 2.993117612576723374e-01 4.370995099278788265e-01
5.734999999999988063e+01 6.847764254161023967e-01 5.219142187201593168e-03 2.993178044360107481e-01 4.371029628453274585e-01
5.742499999999988347e+01 6.847827898397514934e-01 5.212398977042160750e-03 2.993220112566454816e-01 4.371050436689434271e-01
5.749999999999988631e+01 6.847770769076347852e-01 5.205539745493705309e-03 2.993185353658874837e-01 4.371036143872857327e-01
5.757499999999988205e+01 6.847698741774578268e-01 5.198664997238802363e-03 2.993131372160234838e-01 4.371003288886751159e-01
5.764999999999988489e+01 6.847709891413623629e-01 5.191892353404654534e-03 2.993125941737777573e-01 4.370988241617642656e-01
5.772499999999988063e+01 6.847720350373057707e-01 5.185177986012185110e-03 2.993143992425527644e-01 4.371007925670422622e-01
5.779999999999988347e+01 6.847672354994419619e-01 5.178453679642692348e-03 2.993146226833469647e-01 4.371041825110671408e-01
5.787499999999988631e+01 6.847659576789346669e-01 5.171748176143325937e-03 2.993149256942944092e-01 4.371054406805570114e-01
5.794999999999987494e+01 6.847712354112083233e-01 5.165069814044314159e-03 2.993157957238673506e-01 4.371033423215079927e-01
5.802499999999987779e+01 6.847727068430354835e-01 5.158368557656996950e-03 2.993143355580466514e-01 4.371002707423266020e-01
5.809999999999988063e+01 6.847697914665074048e-01 5.151680023140240219e-03 2.993126093444473668e-01 4.370996108099884925e-01
5.817499999999988347e+01 6.847738545974856317e-01 5.145098320296846196e-03 2.993160947832683716e-01 4.371021071755262222e-01
5.824999999999988631e+01 6.847828715606063543e-01 5.138576763243320709e-03 2.993220964589228261e-01 4.371051159278762643e-01
5.832499999999987494e+01 6.847828248549823194e-01 5.131973333190405565e-03 2.993223446583297420e-01 4.371055081904511308e-01
5.839999999999987779e+01 6.847748397663468989e-01 5.125293858097015702e-03 2.993171613128651209e-01 4.371030358168468966e-01
5.847499999999988063e+01 6.847723199416473339e-01 5.118671997693856335e-03 2.993143450651476467e-01 4.371005315907827704e-01
5.854999999999987637e+01 6.847747249819700066e-01 5.112136126572168308e-03 2.993155702107997973e-01 4.371007855447361923e-01
5.862499999999987921e+01 6.847720553204509342e-01 5.105608253110763446e-03 2.993162838386178581e-01 4.371035317709447421e-01
5.869999999999987494e+01 6.847677786466246364e-01 5.099079562789683197e-03 2.993159703357537449e-01 4.371058038497692699e-01
5.877499999999987779e+01 6.846839544519375265e-01 5.090381220729090113e-03 2.991871562483516822e-01 4.369711810872495272e-01
5.884999999999988063e+01 6.847751499477432446e-01 5.086099721010910873e-03 2.993169685814914827e-01 4.371025563709971529e-01
5.892499999999987637e+01 6.847734533480527297e-01 5.079594082887973171e-03 2.993150813341731720e-01 4.371008833224132584e-01
5.899999999999987921e+01 6.847733469902265169e-01 5.073150877530846828e-03 2.993159017743193262e-01 4.371021493314507511e-01
5.907499999999987494e+01 6.847811594105618349e-01 5.066801735007369321e-03 2.993213124955597104e-01 4.371050639786966951e-01
5.914999999999987779e+01 6.847860612274677683e-01 5.060430288128249000e-03 2.993244515427853081e-01 4.371065190875105810e-01
5.922499999999987352e+01 6.847803126701313969e-01 5.053961955443267949e-03 2.993208968111269463e-01 4.371049974319489162e-01
5.929999999999987637e+01 6.847743776018203610e-01 5.047494221774253068e-03 2.993164073512125656e-01 4.371022297876597795e-01
5.937499999999987921e+01 6.847758640962693377e-01 5.041118683331601187e-03 2.993164218228131501e-01 4.371013020703277685e-01
5.944999999999987494e+01 6.847763464856198024e-01 5.034785433661303870e-03 2.993179940311638809e-01 4.371032900994770154e-01
5.952499999999987779e+01 6.847716872952648304e-01 5.028439805979180964e-03 2.993178794509101515e-01 4.371060968264712798e-01
5.959999999999987352e+01 6.847708872924171963e-01 5.022113721910235508e-03 2.993179778258494572e-01 4.371067511490627222e-01
5.967499999999987637e+01 6.847757138503308694e-01 5.015813202632822022e-03 2.993186528671130109e-01 4.371046560400272951e-01
5.974999999999987210e+01 6.847767760010806670e-01 5.009497303161467192e-03 2.993174638638970153e-01 4.371022417142030325e-01
5.982499999999987494e+01 6.847746682503509374e-01 5.003202656929590583e-03 2.993165989508120850e-01 4.371023240617059602e-01
5.989999999999987779e+01 6.847792257158459295e-01 4.997002462007398872e-03 2.993204474742425791e-01 4.371050350736658263e-01
5.997499999999987352e+01 6.847870788350725046e-01 4.990840776607124822e-03 2.993256755770117294e-01 4.371076570051679044e-01
6.004999999999987637e+01 6.847859923471003585e-01 4.984598066561688259e-03 2.993251138970287606e-01 4.371075302973028709e-01
6.012499999999987210e+01 6.847786436581864145e-01 4.978296624369632495e-03 2.993200845402235188e-01 4.371048766083188708e-01
6.019999999999987494e+01 6.847768425056401931e-01 4.972054475946193972e-03 2.993176794519601946e-01 4.371025140931147357e-01
6.027499999999987779e+01 6.847787032375604044e-01 4.965884610443610861e-03 2.993186948944880355e-01 4.371028092423746569e-01
6.034999999999986642e+01 6.847756227716703670e-01 4.959717985842183700e-03 2.993189804455751446e-01 4.371051925506104219e-01
6.042499999999986926e+01 6.847718948796581717e-01 4.953554350496057294e-03 2.993185216287236328e-01 4.371069021185892689e-01
6.049999999999987210e+01 6.847749364572877084e-01 4.947426340992696313e-03 2.993192936300574925e-01 4.371060879923535092e-01
6.057499999999987494e+01 6.847788716698600675e-01 4.941304015233242281e-03 2.993194907227529900e-01 4.371038638982109870e-01
6.064999999999987779e+01 6.846078844411842557e-01 4.931361652993704672e-03 2.990870842540676033e-01 4.368735608386973279e-01
6.072499999999986642e+01 6.847327799711988572e-01 4.928114800696507293e-03 2.992597712722947501e-01 4.370460711474659643e-01
6.079999999999986926e+01 6.847863315917819271e-01 4.923127148883633952e-03 2.993261306521243226e-01 4.371087985304006329e-01
6.087499999999987210e+01 6.847906709191446950e-01 4.917115767975130218e-03 2.993294223754854322e-01 4.371108355984425486e-01
6.094999999999986784e+01 6.847861135528348075e-01 4.911024671372923346e-03 2.993269537201790342e-01 4.371101396422875651e-01
6.102499999999987068e+01 6.824535887807408052e-01 4.852959590007831225e-03 2.961518589802272228e-01 4.339516471872127967e-01
6.109999999999986642e+01 6.847831648263779103e-01 4.898923065431033327e-03 2.993241992978354915e-01 4.371079995427853415e-01
6.117499999999986926e+01 6.847823785435890320e-01 4.892929690029313057e-03 2.993249737875426364e-01 4.371096324414099343e-01
6.124999999999987210e+01 6.782485728123109903e-01 4.840327290897688053e-03 2.964700465674827701e-01 4.371111985362389207e-01
6.132499999999986784e+01 6.847777454100327788e-01 4.880936960028994451e-03 2.993234590737774425e-01 4.371103779001285772e-01
6.139999999999987068e+01 6.847809233791728456e-01 4.874962648934495595e-03 2.993227066445773854e-01 4.371072505459358548e-01
6.147499999999986642e+01 6.847798611961577464e-01 4.868975104072260571e-03 2.993202445228415609e-01 4.371043330625929979e-01
6.154999999999986926e+01 6.847778432783856450e-01 4.863022990788902142e-03 2.993190650830562793e-01 4.371038987623506178e-01
6.162499999999986500e+01 6.843065939740311521e-01 4.853779752877517180e-03 2.991141772710763647e-01 4.371055019856019408e-01
6.169999999999986784e+01 6.847887379194461666e-01 4.851305898555774258e-03 2.993255739408906546e-01 4.371064495749654721e-01
6.177499999999987068e+01 6.847850672867032973e-01 4.845371243426293238e-03 2.993228085626585822e-01 4.371047542678660469e-01
6.184999999999986642e+01 6.847777671475708816e-01 4.839406642757066411e-03 2.993173008545239044e-01 4.371013710058441193e-01
6.192499999999986926e+01 6.847774393256536030e-01 4.833519744865013082e-03 2.993157102007653059e-01 4.370992573813787252e-01
6.199999999999986500e+01 6.847793774074089068e-01 4.827697074234975523e-03 2.993172186025678805e-01 4.371002230467132543e-01
6.207499999999986784e+01 6.847757213738987492e-01 4.821868555241065786e-03 2.993174905665885177e-01 4.371029538927772018e-01
6.214999999999986358e+01 6.846225733801867275e-01 4.812750390268759337e-03 2.991124367552027152e-01 4.369012188400318575e-01
6.222499999999986642e+01 6.847762285944480887e-01 4.810247813404134980e-03 2.993176701890716274e-01 4.371028924345730093e-01
6.229999999999986926e+01 6.847790150751452698e-01 4.804445926957565463e-03 2.993169812494557158e-01 4.371001077137413593e-01
6.237499999999986500e+01 6.847764270139646836e-01 4.798639507136924845e-03 2.993151392576650638e-01 4.370990697837808803e-01
6.244999999999986784e+01 6.847776362551599716e-01 4.792906384206448329e-03 2.993170036936920742e-01 4.371010206036597401e-01
6.252499999999986358e+01 6.847856803185918828e-01 4.787246732453351653e-03 2.993226019466451726e-01 4.371040612405729386e-01
6.259999999999986642e+01 6.847887211078482750e-01 4.781544688455567280e-03 2.993246974973178265e-01 4.371051804315229106e-01
6.267499999999986926e+01 6.847824490222828020e-01 4.775760315449930488e-03 2.993207777708237760e-01 4.371034599356151129e-01
6.274999999999985789e+01 6.847782023197828138e-01 4.769996033401251688e-03 2.993172510959278831e-01 4.371010205668761639e-01
6.282499999999986073e+01 6.847805110728392153e-01 4.764314453730406941e-03 2.993180555556121947e-01 4.371007216409728002e-01
6.289999999999986358e+01 6.847804337283851517e-01 4.758658929501021970e-03 2.993196466656136145e-01 4.371030945436407134e-01
6.297499999999986642e+01 6.847763023460603504e-01 4.752992346541343519e-03 2.993196930234404141e-01 4.371057993653749696e-01
6.304999999999986926e+01 6.847767590815886374e-01 4.747345612860887076e-03 2.993201408908783279e-01 4.371061618567803064e-01
6.312499999999985789e+01 6.846417828288682283e-01 4.740747514873864914e-03 2.992596868764120233e-01 4.371040365662497429e-01
6.319999999999986073e+01 6.847810407102453700e-01 4.736061971797741847e-03 2.993191166176166762e-01 4.371019330604817288e-01
6.327499999999986358e+01 6.847791701216960902e-01 4.730439274017666541e-03 2.993185450634672229e-01 4.371022924226412587e-01
6.334999999999985931e+01 6.847841552166832324e-01 4.724901176109033707e-03 2.993224895065066393e-01 4.371048705293032466e-01
6.342499999999986215e+01 6.847907038894375242e-01 4.719382441506873860e-03 2.993268313525727642e-01 4.371070308818041372e-01
6.349999999999985789e+01 6.847883925346404110e-01 4.713787880414464088e-03 2.993255304063178190e-01 4.371066064633626902e-01
6.357499999999986073e+01 6.847819649247437468e-01 4.708157107405634874e-03 2.993210881033125936e-01 4.371042221244939019e-01
6.364999999999986358e+01 6.847815295774964950e-01 4.702588920940199702e-03 2.993197848178430487e-01 4.371025967983108718e-01
6.372499999999985931e+01 6.842055633121728597e-01 4.693114356540919151e-03 2.990687123705694228e-01 4.371035963560523374e-01
6.379999999999986215e+01 6.847805659900337849e-01 4.691565137487707822e-03 2.993218557717151063e-01 4.371062361253859052e-01
6.387499999999985789e+01 6.847780878339744248e-01 4.686055908958002350e-03 2.993218211846917498e-01 4.371077674688428338e-01
6.394999999999986073e+01 6.847813952886311339e-01 4.680570847690478792e-03 2.993225057098054531e-01 4.371066558892752196e-01
6.402499999999986358e+01 6.847838917508090040e-01 4.675078968236935986e-03 2.993219309413691631e-01 4.371042230214895463e-01
6.409999999999985221e+01 6.847817125334443311e-01 4.669583096504619120e-03 2.993202764859453913e-01 4.371031980082656920e-01
6.417499999999986926e+01 6.847829014182791330e-01 4.664150696127225028e-03 2.993218709239640063e-01 4.371047675168691082e-01
6.424999999999985789e+01 6.847898358883951486e-01 4.658780407587700088e-03 2.993266411875090682e-01 4.371073072356354006e-01
6.432499999999986073e+01 6.847921054752104109e-01 4.653372946632342196e-03 2.993282147921247915e-01 4.371081564738635850e-01
6.439999999999986358e+01 6.847863722632026029e-01 4.647897065089702517e-03 2.993245709917762287e-01 4.371064949825383961e-01
6.447499999999985221e+01 6.847826828346406103e-01 4.642441185580692062e-03 2.993213954403144417e-01 4.371042126843527886e-01
6.454999999999985505e+01 6.847845540883192861e-01 4.637056048810310471e-03 2.993219679507048703e-01 4.371038542906447444e-01
6.462499999999985789e+01 6.847841230538846968e-01 4.631692999955163564e-03 2.993231601221018057e-01 4.371058703686511726e-01
6.469999999999986073e+01 6.847804863836676192e-01 4.626323460118625386e-03 2.993231278696744102e-01 4.371081446120095304e-01
6.477499999999986358e+01 6.847811937019073758e-01 4.620973206718555909e-03 2.993235394651938552e-01 4.371082941794289800e-01
6.484999999999985221e+01 6.847850441902437746e-01 4.615633250057545912e-03 2.993238162662311685e-01 4.371062405724421840e-01
6.492499999999985505e+01 6.847846196595268609e-01 4.610277850467508348e-03 2.993222894416023294e-01 4.371042819133768020e-01
6.499999999999985789e+01 6.847830847259037679e-01 4.604951326108278759e-03 2.993218361970374497e-01 4.371045997972425878e-01
6.507499999999986073e+01 6.847878208984313764e-01 4.599700136965986265e-03 2.993254864130608928e-01 4.371069071005823647e-01
6.514999999999984936e+01 6.847933993890602533e-01 4.594462025418915782e-03 2.993292009560416522e-01 4.371087706497883696e-01
6.522499999999985221e+01 6.847908245053206944e-01 4.589156253745595333e-03 2.993277166505557974e-01 4.371082466923884580e-01
6.529999999999985505e+01 6.847850586901076397e-01 4.583822973102193860e-03 2.993236401435726002e-01 4.371059741229377238e-01
6.537499999999985789e+01 6.847848658126940435e-01 4.578547270737590852e-03 2.993225278244693310e-01 4.371044729051322131e-01
6.544999999999986073e+01 6.847864162349887041e-01 4.573320925213535636e-03 2.993238545552252550e-01 4.371054206958895350e-01
6.552499999999984936e+01 6.847837259346298833e-01 4.568093722864843137e-03 2.993243411907181573e-01 4.371078485870616981e-01
6.559999999999985221e+01 6.847818797690988779e-01 4.562872835445777597e-03 2.993244580052423220e-01 4.371091976121963540e-01
6.567499999999985505e+01 6.847851201243134733e-01 4.557672018326762442e-03 2.993251098036094904e-01 4.371080810711410747e-01
6.574999999999985789e+01 6.847870662683722687e-01 4.552461992245217248e-03 2.993243759901224044e-01 4.371057672295687313e-01
6.582499999999984652e+01 6.847849031109985996e-01 4.547250597655858907e-03 2.993227705906962299e-01 4.371048036118550528e-01
6.589999999999984936e+01 6.847862668310272793e-01 4.542099739976080373e-03 2.993243728644230384e-01 4.371062729537508185e-01
6.597499999999985221e+01 6.847925826993531695e-01 4.537002775808872922e-03 2.993287581339897363e-01 4.371086452982290149e-01
6.604999999999985505e+01 6.847941408293838350e-01 4.531869506644720970e-03 2.993299809138831868e-01 4.371094363502463498e-01
6.612499999999985789e+01 6.847886803857748950e-01 4.526677140455503782e-03 2.993265259126195454e-01 4.371078764678094641e-01
6.619999999999984652e+01 6.847855409695505768e-01 4.521505591946333412e-03 2.993236701868465799e-01 4.371057101513131649e-01
6.627499999999984936e+01 6.847872275365134431e-01 4.516395746392498460e-03 2.993241280921621339e-01 4.371053022834043844e-01
6.634999999999985221e+01 6.847865957568993744e-01 4.511305011327599625e-03 2.993250875015855961e-01 4.371071065880597351e-01
6.642499999999985505e+01 6.847835828556422255e-01 4.506213290430152382e-03 2.993252178168221977e-01 4.371092200671555794e-01
6.649999999999985789e+01 6.847849076078952324e-01 4.501142269088214028e-03 2.993259608943655836e-01 4.371094595819542961e-01
6.657499999999984652e+01 6.847886121505377677e-01 4.496077650237380666e-03 2.993263695645529410e-01 4.371076917072793111e-01
6.664999999999984936e+01 6.847880471210223696e-01 4.490996383869506198e-03 2.993249089849019384e-01 4.371059194787644264e-01
6.672499999999985221e+01 6.847867606960873488e-01 4.485941624456825025e-03 2.993244548918809755e-01 4.371060775001213150e-01
6.679999999999985505e+01 6.847911433734427122e-01 4.480953031526352034e-03 2.993276625059596574e-01 4.371079640887307605e-01
6.687499999999985789e+01 6.847956432012208827e-01 4.475973105823503884e-03 2.993307014519461795e-01 4.371095295709855888e-01
6.694999999999984652e+01 6.847926773545742751e-01 4.470935727503333283e-03 2.993291469563474916e-01 4.371091526747734601e-01
6.702499999999983515e+01 6.847875239763592248e-01 4.465881229987871300e-03 2.993256894399363155e-01 4.371073931105524668e-01
6.709999999999985221e+01 6.847875375989811442e-01 4.460878699711532357e-03 2.993249607506431875e-01 4.371063203050448154e-01
6.717499999999985505e+01 6.847884690721494083e-01 4.455913144344345218e-03 2.993259654713307238e-01 4.371071929363835595e-01
6.724999999999985789e+01 6.757850061635142236e-01 4.271958328508644077e-03 2.872891975922057251e-01 4.251192242680398858e-01
6.732499999999984652e+01 6.847839996907453264e-01 4.445983289727378947e-03 2.993258249808951055e-01 4.371098406447483375e-01
6.739999999999983515e+01 6.847874369344998380e-01 4.441045945807227911e-03 2.993264967474064120e-01 4.371086275872159144e-01
6.747499999999985221e+01 6.847896214985951246e-01 4.436104808880295819e-03 2.993261719791973086e-01 4.371067588964786532e-01
6.754999999999984084e+01 6.847884401462470683e-01 4.431167838482187073e-03 2.993253874894710176e-01 4.371063673702574315e-01
6.762499999999985789e+01 6.847906952350111265e-01 4.426284922070515375e-03 2.993275178550179882e-01 4.371080389056581916e-01
6.769999999999984652e+01 6.847966730971802862e-01 4.421440964788954028e-03 2.993315533162115294e-01 4.371101161493713416e-01
6.777499999999983515e+01 6.847975462271592706e-01 4.416557138533503020e-03 2.993321600641074554e-01 4.371104448508256746e-01
6.784999999999985221e+01 6.847923728094895690e-01 4.411624080804985373e-03 2.993286938826176247e-01 4.371086854466052496e-01
6.792499999999984084e+01 6.847897115150710645e-01 4.406715755774543927e-03 2.993261677109851915e-01 4.371066952053609400e-01
6.799999999999985789e+01 6.847908243185576449e-01 4.401861234483168094e-03 2.993265639448547955e-01 4.371065635155343965e-01
6.807499999999984652e+01 6.847892838086342415e-01 4.397020214552446737e-03 2.993271511056571077e-01 4.371084042683481830e-01
6.814999999999983515e+01 6.847860385689139573e-01 4.392179234660223940e-03 2.993270148420935639e-01 4.371102767627038643e-01
6.822499999999983800e+01 6.847870865940172136e-01 4.387357758511953483e-03 2.993274830744773185e-01 4.371102915553904955e-01
6.829999999999984084e+01 6.847898580900110277e-01 4.382540951835751583e-03 2.993275470103811120e-01 4.371086158391039311e-01
6.837499999999985789e+01 6.847887495716525885e-01 4.377712816471260142e-03 2.993261138262217624e-01 4.371072305341691111e-01
6.844999999999984652e+01 6.847878687489689087e-01 4.372915660955151509e-03 2.993260769923794529e-01 4.371077389837744187e-01
6.852499999999983515e+01 6.847925002529222649e-01 4.368177950842527975e-03 2.993293940814835130e-01 4.371096265962737260e-01
6.859999999999983800e+01 6.847967065225225580e-01 4.363441315284314302e-03 2.993320742285032754e-01 4.371108554954161729e-01
6.867499999999984084e+01 6.847940727268549965e-01 4.358651854189142007e-03 2.993304160864386221e-01 4.371101153000678252e-01
6.874999999999984368e+01 6.847901261298187103e-01 4.353853391505445661e-03 2.993274206659987113e-01 4.371082602456418664e-01
6.882499999999984652e+01 6.847911273957459910e-01 4.349106459893314555e-03 2.993272521021567156e-01 4.371073749750458148e-01
6.889999999999983515e+01 6.847927818353810592e-01 4.344393912856837209e-03 2.993287405958353631e-01 4.371084925772358853e-01
6.897499999999983800e+01 6.847910653180884211e-01 4.339678656893395173e-03 2.993293353592212380e-01 4.371104567787861828e-01
6.904999999999984084e+01 6.847906852017580093e-01 4.334969688552894537e-03 2.993296569945766983e-01 4.371111690959785800e-01
6.912499999999984368e+01 6.847939428989257005e-01 4.330273887727336020e-03 2.993301824891514418e-01 4.371098570498483382e-01
6.919999999999984652e+01 6.847955246060152268e-01 4.325571403973636937e-03 2.993295411549750096e-01 4.371079109011246633e-01
6.927499999999983515e+01 6.831453008720206332e-01 4.310470721792740434e-03 2.986078592521913544e-01 4.371073897032222710e-01
6.934999999999983800e+01 6.847969380620159141e-01 4.316233460476203224e-03 2.993307904840240008e-01 4.371088330668270183e-01
6.942499999999984084e+01 6.848019537082656871e-01 4.311620990243098840e-03 2.993342872476264516e-01 4.371107378223787476e-01
6.949999999999984368e+01 6.848023288925864094e-01 4.306975438370050542e-03 2.993347929667178331e-01 4.371112368306059315e-01
6.957499999999984652e+01 6.847983208174643899e-01 4.302296514666154037e-03 2.993322800078970225e-01 4.371101255776665417e-01
6.964999999999983515e+01 6.847967965356971387e-01 4.297643500486025316e-03 2.993308698088509301e-01 4.371090392407339098e-01
6.972499999999983800e+01 6.847977637483094737e-01 4.293032438269271146e-03 2.993316867583242225e-01 4.371096148443915919e-01
6.979999999999984084e+01 6.847964306159238790e-01 4.288431433825248829e-03 2.993325140810016993e-01 4.371116739200497925e-01
6.987499999999984368e+01 6.847945346614303652e-01 4.283833582697424945e-03 2.993328715909818749e-01 4.371134061970503581e-01
6.994999999999983231e+01 6.847959066809627959e-01 4.279248294400455656e-03 2.993334181933111626e-01 4.371133286180207689e-01
7.002499999999983515e+01 6.847972294204698329e-01 4.274658954298594764e-03 2.993329932747583744e-01 4.371118637966422416e-01
7.009999999999983800e+01 6.847954047750089979e-01 4.270063858816803420e-03 2.993314765030572477e-01 4.371108135595671018e-01
7.017499999999984084e+01 6.847951331156293397e-01 4.265503523955091469e-03 2.993317097935478399e-01 4.371113276341070941e-01
7.024999999999984368e+01 6.847986142567984436e-01 4.260983886650593529e-03 2.993341180372035559e-01 4.371126223175353931e-01
7.032499999999983231e+01 6.847991334517545825e-01 4.256445197023259880e-03 2.993345084806600109e-01 4.371128610689877791e-01
7.039999999999983515e+01 6.847938747208949239e-01 4.251862132533416883e-03 2.993310941303518602e-01 4.371112318321361268e-01
7.047499999999983800e+01 6.847898409002790565e-01 4.247289766385630751e-03 2.993277462860266525e-01 4.371089178141233100e-01
7.054999999999984084e+01 6.847900146140599720e-01 4.242765462234408640e-03 2.993271033606368370e-01 4.371078680657081161e-01
7.062499999999982947e+01 6.847885369609398865e-01 4.238258685211409270e-03 2.993270196430550811e-01 4.371086890143556780e-01
7.069999999999983231e+01 6.847845078516749950e-01 4.233750117826201587e-03 2.993261333303117722e-01 4.371099665635924669e-01
7.077499999999983515e+01 6.847842830302862671e-01 4.229260548206582870e-03 2.993259152993201777e-01 4.371097916773912795e-01
7.084999999999983800e+01 6.847872954090683528e-01 4.224783414978689616e-03 2.993259049512394521e-01 4.371078537203767489e-01
7.092499999999984084e+01 6.790522071126363635e-01 4.111215656419630118e-03 2.915879704315615939e-01 4.294043482627176722e-01
7.099999999999982947e+01 6.847844028444545206e-01 4.215818228303283045e-03 2.993230942095324032e-01 4.371055955220437550e-01
7.107499999999983231e+01 6.847876977193074755e-01 4.211405577802114844e-03 2.993256514422846237e-01 4.371072267203278128e-01
7.114999999999983515e+01 6.847930318817236905e-01 4.207014869485617425e-03 2.993291079639009977e-01 4.371088694366279670e-01
7.122499999999983800e+01 6.847913966727032786e-01 4.202573372646015853e-03 2.993282884667117782e-01 4.371087164954206017e-01
7.129999999999984084e+01 6.847857073003520423e-01 4.198100673863110026e-03 2.993245780464390826e-01 4.371069297378794571e-01
7.137499999999982947e+01 6.847848547448787127e-01 4.193670033704234752e-03 2.993231986556390556e-01 4.371054595930775610e-01
7.144999999999983231e+01 6.847867560804185016e-01 4.189284316202366958e-03 2.993243643926584152e-01 4.371059482895533477e-01
7.152499999999983515e+01 6.847846866373075159e-01 4.184898202744743133e-03 2.993248439513170878e-01 4.371079695446706825e-01
7.159999999999983800e+01 6.847821134324694192e-01 4.180513387102511788e-03 2.993247585165391689e-01 4.371094873027191463e-01
7.167499999999984084e+01 6.847847120789393172e-01 4.176150446723881846e-03 2.993255832689335483e-01 4.371090329400175722e-01
7.174999999999982947e+01 6.847877318567909821e-01 4.171786643343316364e-03 2.993256916598822093e-01 4.371072636600328298e-01
7.182499999999981810e+01 6.847863050401710172e-01 4.167411961090853809e-03 2.993243641053497939e-01 4.371062357734954995e-01
7.189999999999983515e+01 6.847863543984630263e-01 4.163074236984941334e-03 2.993250376392165846e-01 4.371071878354713114e-01
7.197499999999983800e+01 6.847918778395766237e-01 4.158789082630337877e-03 2.993288442223178691e-01 4.371092209309766496e-01
7.204999999999984084e+01 6.847951212358511786e-01 4.154489795665287054e-03 2.993309897776832429e-01 4.371102837845572964e-01
7.212499999999982947e+01 6.847911805915931627e-01 4.150137252742347807e-03 2.993286493540411319e-01 4.371093814255174737e-01
7.219999999999981810e+01 6.847874421139443779e-01 4.145786941431151180e-03 2.993258171713283344e-01 4.371076318913020842e-01
7.227499999999983515e+01 6.847887607138061217e-01 4.141487235269161911e-03 2.993259899290779957e-01 4.371070424944888400e-01
7.234999999999982379e+01 6.847892270681237292e-01 4.137209198743444644e-03 2.993270855290874888e-01 4.371083447247484655e-01
7.242499999999984084e+01 6.847862320291180360e-01 4.132924565964013995e-03 2.993270616899430525e-01 4.371102216862550183e-01
7.249999999999982947e+01 6.847859441146316728e-01 4.128652332249675705e-03 2.993272940881007704e-01 4.371107448402796747e-01
7.257499999999981810e+01 6.847893897092670601e-01 4.124394314355901529e-03 2.993279173643788038e-01 4.371094556407495446e-01
7.264999999999983515e+01 6.847901093170276621e-01 4.120125656360780486e-03 2.993271289346099984e-01 4.371078449616373485e-01
7.272499999999982379e+01 6.847885130824782340e-01 4.115865988564010834e-03 2.993263540183169757e-01 4.371077322412169064e-01
7.279999999999984084e+01 6.847913507089595786e-01 4.111657543628259928e-03 2.993286691761366525e-01 4.371093017840307349e-01
7.287499999999982947e+01 6.847965619088468570e-01 4.107472454905724234e-03 2.993320551512539396e-01 4.371109199451529426e-01
7.294999999999981810e+01 6.847959678943804640e-01 4.103245897778452431e-03 2.993317882429373800e-01 4.371109093462197670e-01
7.302499999999983515e+01 6.847912011583822123e-01 4.098988599375826339e-03 2.993286424694190373e-01 4.371093582439133929e-01
7.309999999999982379e+01 6.847901741343791482e-01 4.094764322336238299e-03 2.993272719627783074e-01 4.371080124523517574e-01
7.317499999999982663e+01 6.847917804168620615e-01 4.090580489846830543e-03 2.993282273445411201e-01 4.371083822915152739e-01
7.324999999999982947e+01 6.847901372620538440e-01 4.086398571744389446e-03 2.993286953802758443e-01 4.371101146068776533e-01
7.332499999999981810e+01 6.847878161744455072e-01 4.082216876839753206e-03 2.993285524942741471e-01 4.371113875338313859e-01
7.339999999999982094e+01 6.847897862052030327e-01 4.078052692430369532e-03 2.993290676243883786e-01 4.371108822798532301e-01
7.347499999999982379e+01 6.847922466403953967e-01 4.073889002370208873e-03 2.993289944491503984e-01 4.371092048977839872e-01
7.354999999999982663e+01 6.847910280747671052e-01 4.069718391423650383e-03 2.993277876892087574e-01 4.371082204898972812e-01
7.362499999999982947e+01 6.847911207244817833e-01 4.065580804967691524e-03 2.993283867657455799e-01 4.371090361818185110e-01
7.369999999999981810e+01 6.847958914803828900e-01 4.061488304463647253e-03 2.993316880389700341e-01 4.371108117951447714e-01
7.377499999999982094e+01 6.847985908291376322e-01 4.057383386460423035e-03 2.993334593361169915e-01 4.371116753813574229e-01
7.384999999999982379e+01 6.847950188047161602e-01 4.053233043696444736e-03 2.993312602769817588e-01 4.371107441748819378e-01
7.392499999999982663e+01 6.847916521829456871e-01 4.049085471048939448e-03 2.993286434472921531e-01 4.371090717784114066e-01
7.399999999999982947e+01 6.847926597860248821e-01 4.044982359355034363e-03 2.993286945922718489e-01 4.371085033034702860e-01
7.407499999999981810e+01 6.847928787277896001e-01 4.040899108639624780e-03 2.993296014724794452e-01 4.371096878644166739e-01
7.414999999999982094e+01 6.847901759506224151e-01 4.036811645081421832e-03 2.993295834827867097e-01 4.371113868087532772e-01
7.422499999999982379e+01 6.847899507775275785e-01 4.032735322360816825e-03 2.993297793022309250e-01 4.371118164955026253e-01
7.429999999999982663e+01 6.847928707946574489e-01 4.028670236992940717e-03 2.993301986085747934e-01 4.371105649234076074e-01
7.437499999999981526e+01 6.847932596399447513e-01 4.024595799773043533e-03 2.993293126081193467e-01 4.371090228976592940e-01
7.444999999999981810e+01 6.847917882240334153e-01 4.020531494980785457e-03 2.993285698013187224e-01 4.371088773970398522e-01
7.452499999999982094e+01 6.847944368160527873e-01 4.016513989273583392e-03 2.993307050506130995e-01 4.371103048709759076e-01
7.459999999999982379e+01 6.847990494752040913e-01 4.012516720682122312e-03 2.993337473628856493e-01 4.371118032250192464e-01
7.467499999999982663e+01 6.847983391233386508e-01 4.008482730790055050e-03 2.993334479217466537e-01 4.371118193787468797e-01
7.474999999999981526e+01 6.847940383229049743e-01 4.004422764209972750e-03 2.993306016246947143e-01 4.371104082006472824e-01
7.482499999999981810e+01 6.847931379641635230e-01 4.000392121375087248e-03 2.993293404818901937e-01 4.371091412682272526e-01
7.489999999999982094e+01 6.847943657441415422e-01 3.996395871010358265e-03 2.993300507386751352e-01 4.371093947500632182e-01
7.497499999999982379e+01 6.847926198988569801e-01 3.992401564039507397e-03 2.993303072638613394e-01 4.371108837418137827e-01
7.504999999999982663e+01 6.847905656172501576e-01 3.988410150410508226e-03 2.993301817883079474e-01 4.371120117849469633e-01
7.512499999999981526e+01 6.847925207151689397e-01 3.984436215219868023e-03 2.993307706683918656e-01 4.371116237598261511e-01
7.519999999999981810e+01 6.847947373365038670e-01 3.980462678144804783e-03 2.993307933964886036e-01 4.371102420569557001e-01
7.527499999999982094e+01 6.847935948679775287e-01 3.976482959133817441e-03 2.993297547487974164e-01 4.371094545744191873e-01
7.534999999999982379e+01 6.847937856626225006e-01 3.972532393874181507e-03 2.993303158784188511e-01 4.371101522026515362e-01
7.542499999999982663e+01 6.847980580119543692e-01 3.968619771427418959e-03 2.993331462599123638e-01 4.371115583021805140e-01
7.549999999999981526e+01 6.848001370314571457e-01 3.964694422360717958e-03 2.993344288882334725e-01 4.371121042495982323e-01
7.557499999999981810e+01 6.847966721432342529e-01 3.960731505215475678e-03 2.993322835066588583e-01 4.371111830462423575e-01
7.564999999999982094e+01 6.847938284132308873e-01 3.956776228738991680e-03 2.993301217041040019e-01 4.371098413630514212e-01
7.572499999999982379e+01 6.847949735898098966e-01 3.952862129862603005e-03 2.993304847838449412e-01 4.371096405902403226e-01
7.579999999999981242e+01 6.847950966820821606e-01 3.948963275025705114e-03 2.993314162469477013e-01 4.371109222265839866e-01
7.587499999999981526e+01 6.847925371709744358e-01 3.945058277286930815e-03 2.993312967891451626e-01 4.371123815480630892e-01
7.594999999999981810e+01 6.847923437032370497e-01 3.941162044052915620e-03 2.993312572458182164e-01 4.371124472961938068e-01
7.602499999999982094e+01 6.847948344440316637e-01 3.937275161973366640e-03 2.993313441890245175e-01 4.371109843900098380e-01
7.609999999999982379e+01 6.847949153962410440e-01 3.933381779251609971e-03 2.993303534010468558e-01 4.371094858784781434e-01
7.617499999999981242e+01 6.847936720422366230e-01 3.929502214983546238e-03 2.993298312263709127e-01 4.371095169931840108e-01
7.624999999999981526e+01 6.847964593214860285e-01 3.925667082823026087e-03 2.993321150652550333e-01 4.371110729191576283e-01
7.632499999999981810e+01 6.848007295356802748e-01 3.921847694445339781e-03 2.993350252785398347e-01 4.371125969469977779e-01
7.639999999999982094e+01 6.847998659835176083e-01 3.917993055216608018e-03 2.993346694185481383e-01 4.371126285029862668e-01
7.647499999999982379e+01 6.847959611778299260e-01 3.914116518241828394e-03 2.993320607325431482e-01 4.371113115470195987e-01
7.654999999999981242e+01 6.847953022031492143e-01 3.910267660115618674e-03 2.993309893818498768e-01 4.371101676936610669e-01
7.662499999999981526e+01 6.847962558704205893e-01 3.906447977351924609e-03 2.993315762645905043e-01 4.371104159793055555e-01
7.669999999999981810e+01 6.847801842258498528e-01 3.902406414261914026e-03 2.993145719738881105e-01 4.370958431168184277e-01
7.677499999999980673e+01 6.847924498577460106e-01 3.898812311204368029e-03 2.993313151927146087e-01 4.371124641559579471e-01
7.684999999999982379e+01 6.847943170488230979e-01 3.895012446580825051e-03 2.993317065197357296e-01 4.371118437573052740e-01
7.692499999999981242e+01 6.847961987816911789e-01 3.891213730679573407e-03 2.993316162325254659e-01 4.371105107841735116e-01
7.699999999999980105e+01 6.847951661751974228e-01 3.887413356726516535e-03 2.993308284679410125e-01 4.371100195402963240e-01
7.707499999999981810e+01 6.847957950681938799e-01 3.883643476833768208e-03 2.993318209769619820e-01 4.371110674637739280e-01
7.714999999999980673e+01 6.848000361480806042e-01 3.879906529966128080e-03 2.993347887868860191e-01 4.371126941969934454e-01
7.722499999999982379e+01 6.848017457126014396e-01 3.876153265553897252e-03 2.993359359323990443e-01 4.371132781224316144e-01
7.729999999999981242e+01 6.847983484148388866e-01 3.872364256700054977e-03 2.993337570429135397e-01 4.371122648525758159e-01
7.737499999999980105e+01 6.847959255941330481e-01 3.868586065681819171e-03 2.993318468321299886e-01 4.371110219039751055e-01
7.744999999999981810e+01 6.847966966732400573e-01 3.864838024154094304e-03 2.993317049707339139e-01 4.371103225598123032e-01
7.752499999999980673e+01 6.847963572946381694e-01 3.861106156842569314e-03 2.993322548092194335e-01 4.371113421101767704e-01
7.759999999999982379e+01 6.847939006007306428e-01 3.857371957987511864e-03 2.993320639398302507e-01 4.371126315191231626e-01
7.767499999999981242e+01 6.847940859853858253e-01 3.853649696708318431e-03 2.993322401918179221e-01 4.371127705653199413e-01
7.774999999999980105e+01 6.847965946562980522e-01 3.849936591249905355e-03 2.993325699696793851e-01 4.371116508251848276e-01
7.782499999999981810e+01 6.847966720670457530e-01 3.846217389697363220e-03 2.993318683531965840e-01 4.371105768514748080e-01
7.789999999999980673e+01 6.847957737677988765e-01 3.842511461415588740e-03 2.993316428442736044e-01 4.371108209347261964e-01
7.797499999999980957e+01 6.847985847846242979e-01 3.838843608081594395e-03 2.993338303401615885e-01 4.371122210106566097e-01
7.804999999999981242e+01 6.848021774260606431e-01 3.835184772967769815e-03 2.993361715301336989e-01 4.371133465948325858e-01
7.812499999999980105e+01 6.848008302300818695e-01 3.831492830932480952e-03 2.993353774165993242e-01 4.371130468928133839e-01
7.819999999999980389e+01 6.847972174904533027e-01 3.827786117529587747e-03 2.993328743908130196e-01 4.371116978070752612e-01
7.827499999999980673e+01 6.847969028415826775e-01 3.824108807449315851e-03 2.993321169030944695e-01 4.371107925006786910e-01
7.834999999999980957e+01 6.847978217549720581e-01 3.820458090257821716e-03 2.993328913716996054e-01 4.371113368973362778e-01
7.842499999999981242e+01 6.847961139667313457e-01 3.816807636151410381e-03 2.993331388651736535e-01 4.371127884053906953e-01
7.849999999999980105e+01 6.847947543967890516e-01 3.813161204311088688e-03 2.993331545384196879e-01 4.371136791228656948e-01
7.857499999999980389e+01 6.847967003270766240e-01 3.809528385921505216e-03 2.993336929237815358e-01 4.371132232103513426e-01
7.864999999999980673e+01 6.847982823568519173e-01 3.805895098103495491e-03 2.993336494658391800e-01 4.371121499248371012e-01
7.872499999999980957e+01 6.847974273253348843e-01 3.802262130830962646e-03 2.993330862496668132e-01 4.371118732422735187e-01
7.879999999999981242e+01 6.847984273575524750e-01 3.798657867666077430e-03 2.993342399720861913e-01 4.371129196764282354e-01
7.887499999999980105e+01 6.848022753063587320e-01 3.795079507034157095e-03 2.993368961173183962e-01 4.371143422141882118e-01
7.894999999999980389e+01 6.848033386869969430e-01 3.791483765720157426e-03 2.993376433036056827e-01 4.371147545476905538e-01
7.902499999999980673e+01 6.848002490425904032e-01 3.787860362612546425e-03 2.993356651554557324e-01 4.371138380483253760e-01
7.909999999999980957e+01 6.847984500168230459e-01 3.784248773380846382e-03 2.993340779744242397e-01 4.371126686502732062e-01
7.917499999999979821e+01 6.847992517851755334e-01 3.780667169381482506e-03 2.993343231357781242e-01 4.371125148800258930e-01
7.924999999999980105e+01 6.847983685643697083e-01 3.777092279033644404e-03 2.993345631134155527e-01 4.371134290827077273e-01
7.932499999999980389e+01 6.847960350926840523e-01 3.773514833371258669e-03 2.993340641571743399e-01 4.371141899451284618e-01
7.939999999999980673e+01 6.847964244946322943e-01 3.769948024458747923e-03 2.993338731420238652e-01 4.371136624478245691e-01
7.947499999999980957e+01 6.847981886888634406e-01 3.766386405981405217e-03 2.993335596153714473e-01 4.371120785066401337e-01
7.954999999999979821e+01 6.847974153118829843e-01 3.762820420262222645e-03 2.993323644318590659e-01 4.371108268502030270e-01
7.962499999999980105e+01 6.847967000133738935e-01 3.759273374992742195e-03 2.993321424837963596e-01 4.371109593225996348e-01
7.969999999999980389e+01 6.847998073218500847e-01 3.755762133345987193e-03 2.993342420276744464e-01 4.371120418364690119e-01
7.977499999999980673e+01 6.848025924402783016e-01 3.752251339400701404e-03 2.993358506006902342e-01 4.371126130437295587e-01
7.984999999999980957e+01 6.848002692104286915e-01 3.748707076691213703e-03 2.993342600737927128e-01 4.371117733626530555e-01
7.992499999999979821e+01 6.772450753215768504e-01 3.618282003689895186e-03 2.891911891449141514e-01 4.270111362679119837e-01
7.999999999999980105e+01 6.847971230466136650e-01 3.741640383596981940e-03 2.993312306877577988e-01 4.371093578139675362e-01
8.007499999999980389e+01 6.847978554390032890e-01 3.738145937370134213e-03 2.993320359349127546e-01 4.371100662151168326e-01
8.014999999999980673e+01 6.847957152374544165e-01 3.734648277935957369e-03 2.993320594765662701e-01 4.371114666989004416e-01
8.022499999999980957e+01 6.847945451154762164e-01 3.731155157696413975e-03 2.993319225261941163e-01 4.371120136123719524e-01
8.029999999999979821e+01 6.847966579455165848e-01 3.727674040317432384e-03 2.993322254374890523e-01 4.371111073110762191e-01
8.037499999999980105e+01 6.847976720283490693e-01 3.724189450312805419e-03 2.993317270688909959e-01 4.371097322546086961e-01
8.044999999999980389e+01 6.847962755936335411e-01 3.720707097506306595e-03 2.993308859943816236e-01 4.371093953963152146e-01
8.052499999999980673e+01 6.847974969959490510e-01 3.717257742039533838e-03 2.993321796777327348e-01 4.371105049169060619e-01
8.059999999999979536e+01 6.848016364579903037e-01 3.713833333243431699e-03 2.993349666594198322e-01 4.371119324534248340e-01
8.067499999999979821e+01 6.834610905721373308e-01 3.703119937681639308e-03 2.987492009724654896e-01 4.371122293477998078e-01
8.074999999999980105e+01 6.847988183994403455e-01 3.706912891574379136e-03 2.993332159946303639e-01 4.371111747742977838e-01
8.082499999999980389e+01 6.847971959362878502e-01 3.703454417248185342e-03 2.993317032740838712e-01 4.371100013994991262e-01
8.089999999999980673e+01 6.847984878022956856e-01 3.700028507219778502e-03 2.993323062340793594e-01 4.371100572881199131e-01
8.097499999999979536e+01 6.847978956368324654e-01 3.696609287761406289e-03 2.993329370764791220e-01 4.371113564800201967e-01
8.104999999999979821e+01 6.847957570821237017e-01 3.693187385886741083e-03 2.993328376261196189e-01 4.371125763126221253e-01
8.112499999999980105e+01 6.847964866130512585e-01 3.689776240918027361e-03 2.993330975444742359e-01 4.371124902012155644e-01
8.119999999999980389e+01 6.847986455112340387e-01 3.686369651334259635e-03 2.993332156883411477e-01 4.371112846826309961e-01
8.127499999999980673e+01 6.847981463051509010e-01 3.682957287152472097e-03 2.993323535133164404e-01 4.371103443085720963e-01
8.134999999999979536e+01 6.847975314692070770e-01 3.679561929093016961e-03 2.993323629317161672e-01 4.371107505155720219e-01
8.142499999999979821e+01 6.848006338475809418e-01 3.676200876337912520e-03 2.993346563558137996e-01 4.371121192952020507e-01
8.149999999999980105e+01 6.848035431934370587e-01 3.672841113532611303e-03 2.993365507529071046e-01 4.371130285877525834e-01
8.157499999999978968e+01 6.848016030257627618e-01 3.669449985318639588e-03 2.993353825523672462e-01 4.371125611122525512e-01
8.164999999999980673e+01 6.847985034431216533e-01 3.666052134524899406e-03 2.993331567839573326e-01 4.371112893485163964e-01
8.172499999999979536e+01 6.847987840218500155e-01 3.662683866576090311e-03 2.993328389959302172e-01 4.371106461929397113e-01
8.179999999999978400e+01 6.847994764458812389e-01 3.659335432445425928e-03 2.993336383740350382e-01 4.371113715325554150e-01
8.187499999999980105e+01 6.847976040313805690e-01 3.655984647385947077e-03 2.993337430047237069e-01 4.371127194992446841e-01
8.194999999999978968e+01 6.847966761250172674e-01 3.652638396490440458e-03 2.993337165923908305e-01 4.371132732217644645e-01
8.202499999999980673e+01 6.847986568637174365e-01 3.649302531326648578e-03 2.993340401320676580e-01 4.371124813576240387e-01
8.209999999999979536e+01 6.847995426318251866e-01 3.645963245196966358e-03 2.993335824306702087e-01 4.371112475926455798e-01
8.217499999999978400e+01 6.847983346852219988e-01 3.642626700110312109e-03 2.993328490815641008e-01 4.371109477349371941e-01
8.224999999999980105e+01 6.847995786413716424e-01 3.639320027845347263e-03 2.993340722902790851e-01 4.371119399403716743e-01
8.232499999999978968e+01 6.848032650153157430e-01 3.636034431116097910e-03 2.993365345416320045e-01 4.371131824772145347e-01
8.239999999999980673e+01 6.848036594154442991e-01 3.632728550218994497e-03 2.993368325380444395e-01 4.371133658858680215e-01
8.247499999999979536e+01 6.848003771365931414e-01 3.629399054670914230e-03 2.993346870339829158e-01 4.371123279540430895e-01
8.254999999999978400e+01 6.847989905060687388e-01 3.626085110458791665e-03 2.993333258683724685e-01 4.371112253643424927e-01
8.262499999999980105e+01 6.848000982105210133e-01 3.622799963303976849e-03 2.993338469679903691e-01 4.371112792626516974e-01
8.269999999999978968e+01 6.847994029208402944e-01 3.619520564853389525e-03 2.993343507133745529e-01 4.371124586800731460e-01
8.277499999999979252e+01 6.847975299228280521e-01 3.616239915679620061e-03 2.993342590203798004e-01 4.371135203336856123e-01
8.284999999999979536e+01 6.847983619587414417e-01 3.612969314893019375e-03 2.993345077388859243e-01 4.371133524366119794e-01
8.292499999999978400e+01 6.848002477816665934e-01 3.609701817230358354e-03 2.993345231938266959e-01 4.371121712696326433e-01
8.299999999999978684e+01 6.847996406206274811e-01 3.606429485889549487e-03 2.993336473288318311e-01 4.371112798154341283e-01
8.307499999999978968e+01 6.847991879999011378e-01 3.603174334093850895e-03 2.993337078048459166e-01 4.371116570379010580e-01
8.314999999999979252e+01 6.848021499749731289e-01 3.599950225878286759e-03 2.993358612817788034e-01 4.371129110688661834e-01
8.322499999999979536e+01 6.846089481589993087e-01 3.595697929579506815e-03 2.992519601892537073e-01 4.371137143240391154e-01
8.329999999999978400e+01 6.848025938111481636e-01 3.593472774229470364e-03 2.993362820933140878e-01 4.371132422665205963e-01
8.337499999999978684e+01 6.847997995784841363e-01 3.590215845407114005e-03 2.993342461108173813e-01 4.371120527416436641e-01
8.344999999999978968e+01 6.848001335752041951e-01 3.586986116005091291e-03 2.993339913806241093e-01 4.371114675720949028e-01
8.352499999999979252e+01 6.848006143855465133e-01 3.583773201487177804e-03 2.993346566542157694e-01 4.371121321536792781e-01
8.359999999999979536e+01 6.847988076458055851e-01 3.580558430493592775e-03 2.993346847892636164e-01 4.371133264941178265e-01
8.367499999999978400e+01 6.847981475414852692e-01 3.577349196492332455e-03 2.993346940164951508e-01 4.371137613195155147e-01
8.374999999999978684e+01 6.848001255307800683e-01 3.574149621820895545e-03 2.993350308274992377e-01 4.371129905904855839e-01
8.382499999999978968e+01 6.848009169576174671e-01 3.570946935781092128e-03 2.993346268918493092e-01 4.371118955589471389e-01
8.389999999999979252e+01 6.847999196335070593e-01 3.567748165255918251e-03 2.993340710649707859e-01 4.371117204937307044e-01
8.397499999999978115e+01 6.848013252637181747e-01 3.564577067710281589e-03 2.993353592609701019e-01 4.371127043974331050e-01
8.404999999999978400e+01 6.848046776765682742e-01 3.561422707308184530e-03 2.993375785492521368e-01 4.371138053040996008e-01
8.412499999999978684e+01 6.848046726721599420e-01 3.558247708417693923e-03 2.993375884706377388e-01 4.371138229863410496e-01
8.419999999999978968e+01 6.848014465448037935e-01 3.555052437673456456e-03 2.993354152521042755e-01 4.371127087455998206e-01
8.427499999999979252e+01 6.848002190737536576e-01 3.551873621580033200e-03 2.993341494586565510e-01 4.371116438361097867e-01
8.434999999999978115e+01 6.848011717953759181e-01 3.548721567643594362e-03 2.993346642307364025e-01 4.371117874199257347e-01
8.442499999999978400e+01 6.848003674927184425e-01 3.545575002023240111e-03 2.993351695458112971e-01 4.371130387119632199e-01
8.449999999999978684e+01 6.847987179974056593e-01 3.542428405430444668e-03 2.993352002588718364e-01 4.371141364490782610e-01
8.457499999999978968e+01 6.847996542514221963e-01 3.539290673496890693e-03 2.993355087109987878e-01 4.371139892560439999e-01
8.464999999999979252e+01 6.848012739145382666e-01 3.536153708165602760e-03 2.993354113962175544e-01 4.371128133058554965e-01
8.472499999999978115e+01 6.839159510029925171e-01 3.528448296739439879e-03 2.989477819412482695e-01 4.371118724498651575e-01
8.479999999999978400e+01 6.848001675711887781e-01 3.529887404586071024e-03 2.993344519088980693e-01 4.371121183725186210e-01
8.487499999999978684e+01 6.848031213550788143e-01 3.526792200884331253e-03 2.993364880500568592e-01 4.371132062858212319e-01
8.494999999999978968e+01 6.848054397806202509e-01 3.523696211473403665e-03 2.993379931646649172e-01 4.371139243002492014e-01
8.502499999999979252e+01 6.848036694347202635e-01 3.520575801319994046e-03 2.993369575072317712e-01 4.371135419795912913e-01
8.509999999999978115e+01 6.848014697311339827e-01 3.517454137290990795e-03 2.993353470834625440e-01 4.371125944005161967e-01
8.517499999999978400e+01 6.848021193484477021e-01 3.514357541355025115e-03 2.993354035849135064e-01 4.371122622542625846e-01
8.524999999999978684e+01 6.848026353600583649e-01 3.511274568854442710e-03 2.993361569948405077e-01 4.371130330674827258e-01
8.532499999999978968e+01 6.848010523396383942e-01 3.508188859782024847e-03 2.993362144609005293e-01 4.371141274362992379e-01
8.539999999999977831e+01 6.848005868504094540e-01 3.505107114339240694e-03 2.993361475645703873e-01 4.371143268747790245e-01
8.547499999999978115e+01 6.848021768333408810e-01 3.502031538143328144e-03 2.993361457228002065e-01 4.371133092873463744e-01
8.554999999999978400e+01 6.848023066914661339e-01 3.498951870205470327e-03 2.993353324960772444e-01 4.371120388631242193e-01
8.562499999999978684e+01 6.848010416054692850e-01 3.495878547914592609e-03 2.993346006651862456e-01 4.371117776973830193e-01
8.569999999999978968e+01 6.848023797272643209e-01 3.492833879338597472e-03 2.993358634593170642e-01 4.371127675965923443e-01
8.577499999999977831e+01 6.848053817347818928e-01 3.489804943828725674e-03 2.993380190569081556e-01 4.371139991607698727e-01
8.584999999999978115e+01 6.848050857478729103e-01 3.486757065676799119e-03 2.993380940883524355e-01 4.371142976566047000e-01
8.592499999999978400e+01 6.848020834195472917e-01 3.483692436645635486e-03 2.993362726187754896e-01 4.371135542170739852e-01
8.599999999999978684e+01 6.848011391700701278e-01 3.480643355650697539e-03 2.993353285859592372e-01 4.371127783880911499e-01
8.607499999999978968e+01 6.848019113983070394e-01 3.477615806379931451e-03 2.993357805341518851e-01 4.371129454398481329e-01
8.614999999999977831e+01 6.848008381398241751e-01 3.474590466417235620e-03 2.993359686818440890e-01 4.371139052559468441e-01
8.622499999999978115e+01 6.847992534469409254e-01 3.471565291293561128e-03 2.993357172417865364e-01 4.371145496071709990e-01
8.629999999999978400e+01 6.848002832604269674e-01 3.468549498960728662e-03 2.993358217603101501e-01 4.371140448936903788e-01
8.637499999999977263e+01 6.848018549404581989e-01 3.465535637350285886e-03 2.993356406761301658e-01 4.371127772458452965e-01
8.644999999999978968e+01 6.848012989953959906e-01 3.462519983486962716e-03 2.993348525724471854e-01 4.371119812587558329e-01
8.652499999999977831e+01 6.848014685877454877e-01 3.459523131216613902e-03 2.993352389285167670e-01 4.371124371941415010e-01
8.659999999999976694e+01 6.848046640822551545e-01 3.456552731321270357e-03 2.993374665324212147e-01 4.371136504065433193e-01
8.667499999999978400e+01 6.848070182005394635e-01 3.453579515599624651e-03 2.993390045145967182e-01 4.371143936304374145e-01
8.674999999999977263e+01 6.828131222668113454e-01 3.440543959627098171e-03 2.984671884976499712e-01 4.371140195823931540e-01
8.682499999999978968e+01 6.848039945755874935e-01 3.447587810998912344e-03 2.993368116899798315e-01 4.371131215078499777e-01
8.689999999999977831e+01 6.848048278621224894e-01 3.444614377992206468e-03 2.993369894475219617e-01 4.371128491923979009e-01
8.697499999999976694e+01 6.848054586938764343e-01 3.441653344914377254e-03 2.993377996739271518e-01 4.371136296793713405e-01
8.704999999999978400e+01 6.848044546505666075e-01 3.438691447775961505e-03 2.993380905288967053e-01 4.371146952915765937e-01
8.712499999999977263e+01 6.848045254295261897e-01 3.435733474510904804e-03 2.993382789667617949e-01 4.371149252832543519e-01
8.719999999999978968e+01 6.848060522667427374e-01 3.432779392229377835e-03 2.993383630024010200e-01 4.371140734103851622e-01
8.727499999999977831e+01 6.848061792222640554e-01 3.429821981210649622e-03 2.993377134101586901e-01 4.371130437960084048e-01
8.734999999999976694e+01 6.848054692594501836e-01 3.426872573874509623e-03 2.993373193279376121e-01 4.371129215011111402e-01
8.742499999999978400e+01 6.848069689797812165e-01 3.423947188311476323e-03 2.993385829381300933e-01 4.371138094346233016e-01
8.749999999999977263e+01 6.848091475675470718e-01 3.421030544388422179e-03 2.993401726339861568e-01 4.371147402122871339e-01
8.757499999999977547e+01 6.848082291768328167e-01 3.418096179440674367e-03 2.993397729145163000e-01 4.371147427278068709e-01
8.764999999999977831e+01 6.848056286892746369e-01 3.415151825405819165e-03 2.993380574968192986e-01 4.371138976613780924e-01
8.772499999999976694e+01 6.848049947337297993e-01 3.412223707358998017e-03 2.993373247280672889e-01 4.371132322778362722e-01
8.779999999999976978e+01 6.848052147450948146e-01 3.409312789367044232e-03 2.993376629064257166e-01 4.371135856753781135e-01
8.787499999999977263e+01 6.848038586131171002e-01 3.406404777965477224e-03 2.993378198637155485e-01 4.371146805012787739e-01
8.794999999999977547e+01 6.848028513477713020e-01 3.403500721557328919e-03 2.993378884609663171e-01 4.371154236169354501e-01
8.802499999999977831e+01 6.848039428617653801e-01 3.400603695291389006e-03 2.993381402780237455e-01 4.371150946168663731e-01
8.809999999999976694e+01 6.848044279080801600e-01 3.397703565054097010e-03 2.993376840812651540e-01 4.371141188378013798e-01
8.817499999999976978e+01 6.848030814071316419e-01 3.394802755842352398e-03 2.993367329963986245e-01 4.371135894735203031e-01
8.824999999999977263e+01 6.848032740504068627e-01 3.391922264208561185e-03 2.993371398164047514e-01 4.371140605767185883e-01
8.832499999999977547e+01 6.848056085101029700e-01 3.389060397496388832e-03 2.993387596088677993e-01 4.371149358138640695e-01
8.839999999999977831e+01 6.848056469637315846e-01 3.386186751651563270e-03 2.993389088459974534e-01 4.371151291949713080e-01
8.847499999999976694e+01 6.848024749192358485e-01 3.383293954579011647e-03 2.993369326313772838e-01 4.371142681204247538e-01
8.854999999999976978e+01 6.848005831590475712e-01 3.380410145858282409e-03 2.993353184157501179e-01 4.371131184422901717e-01
8.862499999999977263e+01 6.848010030651813240e-01 3.377548790248242894e-03 2.993352615357497415e-01 4.371127673527343549e-01
8.869999999999977547e+01 6.848000874993548370e-01 3.374693590556035287e-03 2.993353214823195607e-01 4.371134393037027221e-01
8.877499999999976410e+01 6.847979811672636474e-01 3.371838415504950157e-03 2.993349553364511584e-01 4.371142491194608404e-01
8.884999999999976694e+01 6.847983596832527553e-01 3.368993374283235729e-03 2.993350613050647091e-01 4.371141622528409987e-01
8.892499999999976978e+01 6.848001731802322301e-01 3.366152869450424710e-03 2.993351439158782323e-01 4.371131253161881780e-01
8.899999999999977263e+01 6.847996561164848561e-01 3.363306086174532288e-03 2.993342416695325969e-01 4.371121378288420622e-01
8.907499999999977547e+01 6.847986451737739788e-01 3.360469562302145427e-03 2.993338262620628409e-01 4.371121765086204425e-01
8.914999999999976410e+01 6.848009185276665578e-01 3.357661010273726813e-03 2.993354790659019660e-01 4.371131389681519042e-01
8.922499999999976694e+01 6.848036053746346941e-01 3.354858028569134096e-03 2.993372075990802239e-01 4.371139480717572412e-01
8.929999999999976978e+01 6.848021129837646992e-01 3.352031275790200680e-03 2.993363929280641322e-01 4.371137110307964369e-01
8.937499999999977263e+01 6.847990816977745920e-01 3.349195647287684513e-03 2.993343609763360336e-01 4.371126787060187757e-01
8.944999999999977547e+01 6.847990448491665383e-01 3.346381902133389527e-03 2.993338611458309373e-01 4.371119723330835760e-01
8.952499999999976410e+01 6.847998938489507914e-01 3.343585638909009946e-03 2.993345043233283098e-01 4.371123696309360263e-01
8.959999999999976694e+01 6.847983688195554697e-01 3.340787831889512581e-03 2.993345897372995390e-01 4.371134677982480565e-01
8.967499999999976978e+01 6.847972289228769771e-01 3.337993175589397225e-03 2.993345380209784246e-01 4.371141198859757604e-01
8.974999999999977263e+01 6.847990217596173768e-01 3.335209099034613846e-03 2.993350166383558220e-01 4.371136744167697930e-01
8.982499999999977547e+01 6.848003929670036793e-01 3.332423347796451951e-03 2.993349272158155605e-01 4.371126685820092561e-01
8.989999999999976410e+01 6.847993972870876078e-01 3.329635150163854935e-03 2.993341999997297664e-01 4.371122421917673639e-01
8.997499999999976694e+01 6.847999169387732898e-01 3.326867215976960120e-03 2.993348777575262076e-01 4.371129002112439932e-01
9.004999999999976978e+01 6.848031955458754316e-01 3.324120432883738256e-03 2.993370449811798562e-01 4.371139722012687967e-01
9.012499999999977263e+01 6.848043286786079653e-01 3.321362504875318648e-03 2.993377957518873478e-01 4.371143452458701173e-01
9.019999999999976126e+01 6.848016857304909388e-01 3.318582909181340065e-03 2.993361784081560728e-01 4.371136704911123272e-01
9.027499999999976410e+01 6.848000170518125929e-01 3.315810653622662269e-03 2.993348067557850545e-01 4.371127326259063306e-01
9.034999999999976694e+01 6.848010096789475254e-01 3.313061948166610721e-03 2.993351470168524875e-01 4.371125959016745055e-01
9.042499999999976978e+01 6.848008610239196825e-01 3.310319760310308137e-03 2.993356643260588479e-01 4.371134462046233349e-01
9.049999999999977263e+01 6.847990642495186409e-01 3.307574902624588978e-03 2.993355286875245547e-01 4.371143950314400062e-01
9.057499999999976126e+01 6.847993405240502263e-01 3.304837819550636695e-03 2.993356855057981436e-01 4.371144476814597946e-01
9.064999999999976410e+01 6.848013136268601420e-01 3.302106524002393958e-03 2.993359564008162277e-01 4.371135838152330200e-01
9.072499999999976694e+01 6.848013363570523149e-01 3.299370784740479016e-03 2.993354144455792065e-01 4.371127779013373460e-01
9.079999999999976978e+01 6.848006309261096547e-01 3.296643365618848708e-03 2.993352175981907060e-01 4.371129407304665815e-01
9.087499999999977263e+01 6.848027653487225308e-01 3.293940321109091983e-03 2.993368266807879818e-01 4.371139280203644173e-01
9.094999999999976126e+01 6.848054432920636092e-01 3.291242704077739032e-03 2.993385239358695715e-01 4.371146971274939008e-01
9.102499999999976410e+01 6.848043681881506028e-01 3.288523767879075656e-03 2.993378759711921022e-01 4.371144371686437324e-01
9.109999999999976694e+01 6.848016766072514416e-01 3.285796079437914696e-03 2.993360228367932807e-01 4.371134491372878905e-01
9.117499999999975557e+01 6.848015822857432822e-01 3.283088064527565127e-03 2.993355542832999427e-01 4.371128251254505770e-01
9.124999999999977263e+01 6.848024102807052094e-01 3.280396924212937177e-03 2.993362193344297761e-01 4.371132677697933122e-01
9.132499999999976126e+01 6.848011543172004556e-01 3.277704864888931514e-03 2.993363967859808961e-01 4.371143285884825369e-01
9.139999999999974989e+01 6.848000940507238399e-01 3.275014413392719065e-03 2.993363173840937197e-01 4.371148894175262423e-01
9.147499999999976694e+01 6.848015198052785912e-01 3.272332143967256277e-03 2.993365828694040109e-01 4.371143670278645477e-01
9.154999999999975557e+01 6.848025988329540237e-01 3.269648832402517573e-03 2.993363506064496971e-01 4.371133391090820108e-01
9.162499999999977263e+01 6.848017008915852077e-01 3.266965080330784272e-03 2.993356754853073731e-01 4.371129264071393905e-01
9.169999999999976126e+01 6.848022455580254908e-01 3.264300614163658226e-03 2.993363663188066681e-01 4.371135875509375990e-01
9.177499999999974989e+01 6.848052089277225640e-01 3.261654866843780899e-03 2.993383754045871870e-01 4.371146298277949205e-01
9.184999999999976694e+01 6.848061581251221330e-01 3.258998534616735793e-03 2.993390154045464380e-01 4.371149585221072997e-01
9.192499999999975557e+01 6.848037120738205141e-01 3.256322681712910810e-03 2.993374625164585412e-01 4.371142522139110920e-01
9.199999999999977263e+01 6.848021580895076177e-01 3.253653584816658655e-03 2.993361298031318452e-01 4.371132980045411287e-01
