x extracted_lubricated
1.000000000000000000e+00 7.119418598189606318e-01
1.004999999999999893e+00 7.115931004010115357e-01
1.009999999999999787e+00 7.112431679148401020e-01
1.014999999999999680e+00 7.108920816883160798e-01
1.019999999999999574e+00 7.105398612338672537e-01
1.024999999999999467e+00 7.101865262465456574e-01
1.029999999999999361e+00 7.098320966004461052e-01
1.034999999999999254e+00 7.094765923451816780e-01
1.039999999999999147e+00 7.091200337031662304e-01
1.044999999999999041e+00 7.087624410657984431e-01
1.049999999999998934e+00 7.084038349902228582e-01
1.054999999999998828e+00 7.080442361962466791e-01
1.059999999999998721e+00 7.076836655619459515e-01
1.064999999999998614e+00 7.073221441209829319e-01
1.069999999999998508e+00 7.069596930585562156e-01
1.074999999999998401e+00 7.065963337077459938e-01
1.079999999999998295e+00 7.062320875462946290e-01
1.084999999999998188e+00 7.058669761916867014e-01
1.089999999999998082e+00 7.055010213985458689e-01
1.094999999999997975e+00 7.051342450540060147e-01
1.099999999999997868e+00 7.047666691746051759e-01
1.104999999999997762e+00 7.043983159009348238e-01
1.109999999999997655e+00 7.040292074949155987e-01
1.114999999999997549e+00 7.036593663357275652e-01
1.119999999999997442e+00 7.032888149144638223e-01
1.124999999999997335e+00 7.029175758312938838e-01
1.129999999999997229e+00 7.025456717907583304e-01
1.134999999999997122e+00 7.021731255976744190e-01
1.139999999999997016e+00 7.017999601527825648e-01
1.144999999999996909e+00 7.014261984483858292e-01
1.149999999999996803e+00 7.010518635640899943e-01
1.154999999999996696e+00 7.006769786632427444e-01
1.159999999999996589e+00 7.003015669865995108e-01
1.164999999999996483e+00 6.999256518499024082e-01
1.169999999999996376e+00 6.995492566383594291e-01
1.174999999999996270e+00 6.991724048025685923e-01
1.179999999999996163e+00 6.987951198537522002e-01
1.184999999999996056e+00 6.984174253590742509e-01
1.189999999999995950e+00 6.980393449382421567e-01
1.194999999999995843e+00 6.976609022567398233e-01
1.199999999999995737e+00 6.972821210230981670e-01
1.204999999999995630e+00 6.969030249842762537e-01
1.209999999999995524e+00 6.965236379192314420e-01
1.214999999999995417e+00 6.961439836358291888e-01
1.219999999999995310e+00 6.957640859664934174e-01
1.224999999999995204e+00 6.953839687615217535e-01
1.229999999999995097e+00 6.950036558863479375e-01
1.234999999999994991e+00 6.946231712158847937e-01
1.239999999999994884e+00 6.942425386298359813e-01
1.244999999999994778e+00 6.938617820083091692e-01
1.249999999999994671e+00 6.934809252264875212e-01
1.254999999999994564e+00 6.930999921505028860e-01
1.259999999999994458e+00 6.927190066320443318e-01
1.264999999999994351e+00 6.923379925041135419e-01
1.269999999999994245e+00 6.919569735756915252e-01
1.274999999999994138e+00 6.915759736280413517e-01
1.279999999999994031e+00 6.911950164078340952e-01
1.284999999999993925e+00 6.908141256252181561e-01
1.289999999999993818e+00 6.904333249461598321e-01
1.294999999999993712e+00 6.900526379897777840e-01
1.299999999999993605e+00 6.896720883226210574e-01
1.304999999999993499e+00 6.892916994541108400e-01
1.309999999999993392e+00 6.889114948315488984e-01
1.314999999999993285e+00 6.885314978363979987e-01
1.319999999999993179e+00 6.881517317775660558e-01
1.324999999999993072e+00 6.877722198886303540e-01
1.329999999999992966e+00 6.873929853220269726e-01
1.334999999999992859e+00 6.870140511452178522e-01
1.339999999999992752e+00 6.866354403351538904e-01
1.344999999999992646e+00 6.862571757733477718e-01
1.349999999999992539e+00 6.858792802432559510e-01
1.354999999999992433e+00 6.855017764226599697e-01
1.359999999999992326e+00 6.851246868822811198e-01
1.364999999999992220e+00 6.847480340779901198e-01
1.369999999999992113e+00 6.843718403495111513e-01
1.374999999999992006e+00 6.839961279128715654e-01
1.379999999999991900e+00 6.836209188580691931e-01
1.384999999999991793e+00 6.832462351435520942e-01
1.389999999999991687e+00 6.828720985928850018e-01
1.394999999999991580e+00 6.824985308881188484e-01
1.399999999999991473e+00 6.821255535685915028e-01
1.404999999999991367e+00 6.817531880233492769e-01
1.409999999999991260e+00 6.813814554890721409e-01
1.414999999999991154e+00 6.810103770459369210e-01
1.419999999999991047e+00 6.806399736110885224e-01
1.424999999999990941e+00 6.802702659369875837e-01
1.429999999999990834e+00 6.799012746059561740e-01
1.434999999999990727e+00 6.795330200271356702e-01
1.439999999999990621e+00 6.791655224304922189e-01
1.444999999999990514e+00 6.787988018649235844e-01
1.449999999999990408e+00 6.784328781931886487e-01
1.454999999999990301e+00 6.780677710880615994e-01
1.459999999999990195e+00 6.777035000293223366e-01
1.464999999999990088e+00 6.773400842986082582e-01
1.469999999999989981e+00 6.769775429767903585e-01
1.474999999999989875e+00 6.766158949388911825e-01
1.479999999999989768e+00 6.762551588527493385e-01
1.484999999999989662e+00 6.758953531733324915e-01
1.489999999999989555e+00 6.755364961394109136e-01
1.494999999999989448e+00 6.751786057710383870e-01
1.499999999999989342e+00 6.748216998660847565e-01
1.504999999999989235e+00 6.744657959959645677e-01
1.509999999999989129e+00 6.741109115023118381e-01
1.514999999999989022e+00 6.737570634948907289e-01
1.519999999999988916e+00 6.734042688474822791e-01
1.524999999999988809e+00 6.730525441949886112e-01
1.529999999999988702e+00 6.727019059303692705e-01
1.534999999999988596e+00 6.723523702016305226e-01
1.539999999999988489e+00 6.720039529089191221e-01
1.544999999999988383e+00 6.716566697016008725e-01
1.549999999999988276e+00 6.713105359755244805e-01
1.554999999999988169e+00 6.709655668702155795e-01
1.559999999999988063e+00 6.706217772660175713e-01
1.564999999999987956e+00 6.702791817824508280e-01
1.569999999999987850e+00 6.699377947744412642e-01
1.574999999999987743e+00 6.695976303298750709e-01
1.579999999999987637e+00 6.692587022681901754e-01
1.584999999999987530e+00 6.689210241380745270e-01
1.589999999999987423e+00 6.685846092142038177e-01
1.594999999999987317e+00 6.682494704948015452e-01
1.599999999999987210e+00 6.679156207020833236e-01
1.604999999999987104e+00 6.675830722764244385e-01
1.609999999999986997e+00 6.672518373784528389e-01
1.614999999999986890e+00 6.669219278833682374e-01
1.619999999999986784e+00 6.665933553819312074e-01
1.624999999999986677e+00 6.662661311774439321e-01
1.629999999999986571e+00 6.659402662841210629e-01
1.634999999999986464e+00 6.656157714268202685e-01
1.639999999999986358e+00 6.652926570367539982e-01
1.644999999999986251e+00 6.649709332530672201e-01
1.649999999999986144e+00 6.646506099196514139e-01
1.654999999999986038e+00 6.643316965846600697e-01
1.659999999999985931e+00 6.640142024989112990e-01
1.664999999999985825e+00 6.636981366146571526e-01
1.669999999999985718e+00 6.633835075859708663e-01
1.674999999999985612e+00 6.630703237648517545e-01
1.679999999999985505e+00 6.627585932032913352e-01
1.684999999999985398e+00 6.624483236509051132e-01
1.689999999999985292e+00 6.621395225546010677e-01
1.694999999999985185e+00 6.618321970578533442e-01
1.699999999999985079e+00 6.615263540001511400e-01
1.704999999999984972e+00 6.612219999164901107e-01
1.709999999999984865e+00 6.609191410369321673e-01
1.714999999999984759e+00 6.606177832859789767e-01
1.719999999999984652e+00 6.603179322837663401e-01
1.724999999999984546e+00 6.600195933429449102e-01
1.729999999999984439e+00 6.597227714713812530e-01
1.734999999999984333e+00 6.594274713708926372e-01
1.739999999999984226e+00 6.591336974370541890e-01
1.744999999999984119e+00 6.588414537605811194e-01
1.749999999999984013e+00 6.585507441260290973e-01
1.754999999999983906e+00 6.582615720119315839e-01
1.759999999999983800e+00 6.579739405929266871e-01
1.764999999999983693e+00 6.576878527385856543e-01
1.769999999999983586e+00 6.574033110144557046e-01
1.774999999999983480e+00 6.571203176825425318e-01
1.779999999999983373e+00 6.568388747019189289e-01
1.784999999999983267e+00 6.565589837294409925e-01
1.789999999999983160e+00 6.562806461204753194e-01
1.794999999999983054e+00 6.560038629297605395e-01
1.799999999999982947e+00 6.557286349124554770e-01
1.804999999999982840e+00 6.554549625247784173e-01
1.809999999999982734e+00 6.551828459254825932e-01
1.814999999999982627e+00 6.549122849766012555e-01
1.819999999999982521e+00 6.546432792449610183e-01
1.824999999999982414e+00 6.543758280031188868e-01
1.829999999999982307e+00 6.541099302308659436e-01
1.834999999999982201e+00 6.538455846166337793e-01
1.839999999999982094e+00 6.535827895588756098e-01
1.844999999999981988e+00 6.533215431675384322e-01
1.849999999999981881e+00 6.530618432657132599e-01
1.854999999999981775e+00 6.528036873913470872e-01
1.859999999999981668e+00 6.525470727983821995e-01
1.864999999999981561e+00 6.522919964604403376e-01
1.869999999999981455e+00 6.520384550690997427e-01
1.874999999999981348e+00 6.517864450393070497e-01
1.879999999999981242e+00 6.515359625093861684e-01
1.884999999999981135e+00 6.512870033437602180e-01
1.889999999999981029e+00 6.510395631344947365e-01
1.894999999999980922e+00 6.507936372038541917e-01
1.899999999999980815e+00 6.505492206059275695e-01
1.904999999999980709e+00 6.503063081306102999e-01
1.909999999999980602e+00 6.500648943019222692e-01
1.914999999999980496e+00 6.498249733857773824e-01
1.919999999999980389e+00 6.495865393869324489e-01
1.924999999999980282e+00 6.493495860549904908e-01
1.929999999999980176e+00 6.491141068868560016e-01
1.934999999999980069e+00 6.488800951260390582e-01
1.939999999999979963e+00 6.486475437687932999e-01
1.944999999999979856e+00 6.484164455649260583e-01
1.949999999999979750e+00 6.481867930208253803e-01
1.954999999999979643e+00 6.479585784021407724e-01
1.959999999999979536e+00 6.477317937360703715e-01
1.964999999999979430e+00 6.475064308161917470e-01
1.969999999999979323e+00 6.472824812008347584e-01
1.974999999999979217e+00 6.470599362219759954e-01
1.979999999999979110e+00 6.468387869821697889e-01
1.984999999999979003e+00 6.466190243616863897e-01
1.989999999999978897e+00 6.464006390196281870e-01
1.994999999999978790e+00 6.461836213973891629e-01
1.999999999999978684e+00 6.459679617213964775e-01
2.004999999999978577e+00 6.457536500064996465e-01
2.009999999999978471e+00 6.455406760589802451e-01
2.014999999999978364e+00 6.453290294792852766e-01
2.019999999999978257e+00 6.451186996655331463e-01
2.024999999999978151e+00 6.449096758178889388e-01
2.029999999999978044e+00 6.447019469378579837e-01
2.034999999999977938e+00 6.444955018373924593e-01
2.039999999999977831e+00 6.442903291361712359e-01
2.044999999999977724e+00 6.440864172687150724e-01
2.049999999999977618e+00 6.438837544878236452e-01
2.054999999999977511e+00 6.436823288642705698e-01
2.059999999999977405e+00 6.434821282937751574e-01
2.064999999999977298e+00 6.432831405001999681e-01
2.069999999999977192e+00 6.430853530351141600e-01
2.074999999999977085e+00 6.428887532870234400e-01
2.079999999999976978e+00 6.426933284788662881e-01
2.084999999999976872e+00 6.424990656754218099e-01
2.089999999999976765e+00 6.423059517866618329e-01
2.094999999999976659e+00 6.421139735675930327e-01
2.099999999999976552e+00 6.419231176259889704e-01
2.104999999999976446e+00 6.417333704232099922e-01
2.109999999999976339e+00 6.415447182788882596e-01
2.114999999999976232e+00 6.413571473737819106e-01
2.119999999999976126e+00 6.411706437534608893e-01
2.124999999999976019e+00 6.409851933318907458e-01
2.129999999999975913e+00 6.408007818947526468e-01
2.134999999999975806e+00 6.406173951026780111e-01
2.139999999999975699e+00 6.404350184963112369e-01
2.144999999999975593e+00 6.402536374977405575e-01
2.149999999999975486e+00 6.400732374141394621e-01
2.154999999999975380e+00 6.398938034430615707e-01
2.159999999999975273e+00 6.397153206746529763e-01
2.164999999999975167e+00 6.395377740946509570e-01
2.169999999999975060e+00 6.393611485906856018e-01
2.174999999999974953e+00 6.391854289507342690e-01
2.179999999999974847e+00 6.390105998715684965e-01
2.184999999999974740e+00 6.388366459597495384e-01
2.189999999999974634e+00 6.386635517353252967e-01
2.194999999999974527e+00 6.384913016359122784e-01
2.199999999999974420e+00 6.383198800196118183e-01
2.204999999999974314e+00 6.381492711686987951e-01
2.209999999999974207e+00 6.379794592929887154e-01
2.214999999999974101e+00 6.378104285334001977e-01
2.219999999999973994e+00 6.376421629650862455e-01
2.224999999999973888e+00 6.374746466012757296e-01
2.229999999999973781e+00 6.373078633963519257e-01
2.234999999999973674e+00 6.371417972492792181e-01
2.239999999999973568e+00 6.369764320070362418e-01
2.244999999999973461e+00 6.368117514679763058e-01
2.249999999999973355e+00 6.366477393851162070e-01
2.254999999999973248e+00 6.364843794695350665e-01
2.259999999999973141e+00 6.363216553931921871e-01
2.264999999999973035e+00 6.361595507939710181e-01
2.269999999999972928e+00 6.359980492767941529e-01
2.274999999999972822e+00 6.358371344167952355e-01
2.279999999999972715e+00 6.356767897649348020e-01
2.284999999999972609e+00 6.355169988492326283e-01
2.289999999999972502e+00 6.353577451785552554e-01
2.294999999999972395e+00 6.351990122457777943e-01
2.299999999999972289e+00 6.350407835308727877e-01
2.304999999999972182e+00 6.348830425041033232e-01
2.309999999999972076e+00 6.347257726291198887e-01
2.314999999999971969e+00 6.345689573660656668e-01
2.319999999999971863e+00 6.344125801746250959e-01
2.324999999999971756e+00 6.342566245170697670e-01
2.329999999999971649e+00 6.341010738612461450e-01
2.334999999999971543e+00 6.339459116837068420e-01
2.339999999999971436e+00 6.337911214724761821e-01
2.344999999999971330e+00 6.336366867301823635e-01
2.349999999999971223e+00 6.334825909768744268e-01
2.354999999999971116e+00 6.333288177524899476e-01
2.359999999999971010e+00 6.331753506220560990e-01
2.364999999999970903e+00 6.330221731738844282e-01
2.369999999999970797e+00 6.328692690264957621e-01
2.374999999999970690e+00 6.327166218315722901e-01
2.379999999999970584e+00 6.325642152724260114e-01
2.384999999999970477e+00 6.324120330713267624e-01
2.389999999999970370e+00 6.322600589896175682e-01
2.394999999999970264e+00 6.321082768325384516e-01
2.399999999999970157e+00 6.319566704496415444e-01
2.404999999999970051e+00 6.318052237374168767e-01
2.409999999999969944e+00 6.316539206441286192e-01
2.414999999999969837e+00 6.315027451707122541e-01
2.419999999999969731e+00 6.313516813735686739e-01
2.424999999999969624e+00 6.312007133672038472e-01
2.429999999999969518e+00 6.310498253266945134e-01
2.434999999999969411e+00 6.308990014892881248e-01
2.439999999999969305e+00 6.307482261609658192e-01
2.444999999999969198e+00 6.305974837097966246e-01
2.449999999999969091e+00 6.304467585805876295e-01
2.454999999999968985e+00 6.302960352850037751e-01
2.459999999999968878e+00 6.301452984127496881e-01
2.464999999999968772e+00 6.299945326290878889e-01
2.469999999999968665e+00 6.298437226819036949e-01
2.474999999999968558e+00 6.296928533957401042e-01
2.479999999999968452e+00 6.295419096822799654e-01
2.484999999999968345e+00 6.293908765376027281e-01
2.489999999999968239e+00 6.292397390476776042e-01
2.494999999999968132e+00 6.290884823874546283e-01
2.499999999999968026e+00 6.289370918231572682e-01
2.504999999999967919e+00 6.287855527159814661e-01
2.509999999999967812e+00 6.286338505253732389e-01
2.514999999999967706e+00 6.284819708074461664e-01
2.519999999999967599e+00 6.283298992160164520e-01
2.524999999999967493e+00 6.281776215120681295e-01
2.529999999999967386e+00 6.280251235581265634e-01
2.534999999999967280e+00 6.278723913201242901e-01
2.539999999999967173e+00 6.277194108767544245e-01
2.544999999999967066e+00 6.275661684137768814e-01
2.549999999999966960e+00 6.274126502257032501e-01
2.554999999999966853e+00 6.272588427260765709e-01
2.559999999999966747e+00 6.271047324364740216e-01
2.564999999999966640e+00 6.269503060008453366e-01
2.569999999999966533e+00 6.267955501779215455e-01
2.574999999999966427e+00 6.266404518470682916e-01
2.579999999999966320e+00 6.264849980090202441e-01
2.584999999999966214e+00 6.263291757874798193e-01
2.589999999999966107e+00 6.261729724306447364e-01
2.594999999999966001e+00 6.260163753127515607e-01
2.599999999999965894e+00 6.258593719355393103e-01
2.604999999999965787e+00 6.257019499297289400e-01
2.609999999999965681e+00 6.255440970564567493e-01
2.614999999999965574e+00 6.253858012086773721e-01
2.619999999999965468e+00 6.252270504125354567e-01
2.624999999999965361e+00 6.250678328287703200e-01
2.629999999999965254e+00 6.249081367545492594e-01
2.634999999999965148e+00 6.247479506224173917e-01
2.639999999999965041e+00 6.245872630052228258e-01
2.644999999999964935e+00 6.244260626142501547e-01
2.649999999999964828e+00 6.242643383041236449e-01
2.654999999999964722e+00 6.241020790679585595e-01
2.659999999999964615e+00 6.239392740445578456e-01
2.664999999999964508e+00 6.237759125164855645e-01
2.669999999999964402e+00 6.236119839118767771e-01
2.674999999999964295e+00 6.234474778054517330e-01
2.679999999999964189e+00 6.232823839189821635e-01
2.684999999999964082e+00 6.231166921254198687e-01
2.689999999999963975e+00 6.229503924437426177e-01
2.694999999999963869e+00 6.227834750460865543e-01
2.699999999999963762e+00 6.226159302549795216e-01
2.704999999999963656e+00 6.224477485474819716e-01
2.709999999999963549e+00 6.222789205528612699e-01
2.714999999999963443e+00 6.221094370535911189e-01
2.719999999999963336e+00 6.219392889892375598e-01
2.724999999999963229e+00 6.217684674548294987e-01
2.729999999999963123e+00 6.215969637023469607e-01
2.734999999999963016e+00 6.214247691408284480e-01
2.739999999999962910e+00 6.212518753402589411e-01
2.744999999999962803e+00 6.210782740255048617e-01
2.749999999999962697e+00 6.209039570863177371e-01
2.754999999999962590e+00 6.207289165687402965e-01
2.759999999999962483e+00 6.205531446825947040e-01
2.764999999999962377e+00 6.203766337990200830e-01
2.769999999999962270e+00 6.201993764517352847e-01
2.774999999999962164e+00 6.200213653370020284e-01
2.779999999999962057e+00 6.198425933174256386e-01
2.784999999999961950e+00 6.196630534160462167e-01
2.789999999999961844e+00 6.194827388233485888e-01
2.794999999999961737e+00 6.193016428939164264e-01
2.799999999999961631e+00 6.191197591507511255e-01
2.804999999999961524e+00 6.189370812786766374e-01
2.809999999999961418e+00 6.187536031344776921e-01
2.814999999999961311e+00 6.185693187376217761e-01
2.819999999999961204e+00 6.183842222777634623e-01
2.824999999999961098e+00 6.181983081112809586e-01
2.829999999999960991e+00 6.180115707654841861e-01
2.834999999999960885e+00 6.178240049325061101e-01
2.839999999999960778e+00 6.176356054760921976e-01
2.844999999999960671e+00 6.174463674286849724e-01
2.849999999999960565e+00 6.172562859922602341e-01
2.854999999999960458e+00 6.170653565387109740e-01
2.859999999999960352e+00 6.168735746099820449e-01
2.864999999999960245e+00 6.166809359183534900e-01
2.869999999999960139e+00 6.164874363465605578e-01
2.874999999999960032e+00 6.162930719480613773e-01
2.879999999999959925e+00 6.160978389471277739e-01
2.884999999999959819e+00 6.159017337383150270e-01
2.889999999999959712e+00 6.157047528898929034e-01
2.894999999999959606e+00 6.155068931373364194e-01
2.899999999999959499e+00 6.153081513900278132e-01
2.904999999999959392e+00 6.151085247279642898e-01
2.909999999999959286e+00 6.149080104024161608e-01
2.914999999999959179e+00 6.147066058360332041e-01
2.919999999999959073e+00 6.145043086228259011e-01
2.924999999999958966e+00 6.143011165280073405e-01
2.929999999999958860e+00 6.140970274881376589e-01
2.934999999999958753e+00 6.138920396109118771e-01
2.939999999999958646e+00 6.136861511751143805e-01
2.944999999999958540e+00 6.134793606305438685e-01
2.949999999999958433e+00 6.132716665977649972e-01
2.954999999999958327e+00 6.130630678682277290e-01
2.959999999999958220e+00 6.128535634037777236e-01
2.964999999999958114e+00 6.126431523367130705e-01
2.969999999999958007e+00 6.124318339694008184e-01
2.974999999999957900e+00 6.122196077742133591e-01
2.979999999999957794e+00 6.120064733931966927e-01
2.984999999999957687e+00 6.117924306377827692e-01
2.989999999999957581e+00 6.115774794885732168e-01
2.994999999999957474e+00 6.113616200949867352e-01
2.999999999999957367e+00 6.111448527749185899e-01
3.004999999999957261e+00 6.109271780145003605e-01
3.009999999999957154e+00 6.107085964675970091e-01
3.014999999999957048e+00 6.104891089555932737e-01
3.019999999999956941e+00 6.102687164660907104e-01
3.024999999999956835e+00 6.100474201561068011e-01
3.029999999999956728e+00 6.098252213446855308e-01
3.034999999999956621e+00 6.096021215186419040e-01
3.039999999999956515e+00 6.093781223320422491e-01
3.044999999999956408e+00 6.091532255996032763e-01
3.049999999999956302e+00 6.089274333029215391e-01
3.054999999999956195e+00 6.087007475866278439e-01
3.059999999999956088e+00 6.084731707584282168e-01
3.064999999999955982e+00 6.082447052886131855e-01
3.069999999999955875e+00 6.080153538092962773e-01
3.074999999999955769e+00 6.077851191140862808e-01
3.079999999999955662e+00 6.075540041570166583e-01
3.084999999999955556e+00 6.073220120523985521e-01
3.089999999999955449e+00 6.070891460730333256e-01
3.094999999999955342e+00 6.068554096532416953e-01
3.099999999999955236e+00 6.066208063810696327e-01
3.104999999999955129e+00 6.063853400045550179e-01
3.109999999999955023e+00 6.061490144268102398e-01
3.114999999999954916e+00 6.059118337094061557e-01
3.119999999999954809e+00 6.056738020645702214e-01
3.124999999999954703e+00 6.054349238614211703e-01
3.129999999999954596e+00 6.051952036216232678e-01
3.134999999999954490e+00 6.049546460192554154e-01
3.139999999999954383e+00 6.047132558798399282e-01
3.144999999999954277e+00 6.044710381794987653e-01
3.149999999999954170e+00 6.042279980441995768e-01
3.154999999999954063e+00 6.039841407484687341e-01
3.159999999999953957e+00 6.037394717148617529e-01
3.164999999999953850e+00 6.034939965119106020e-01
3.169999999999953744e+00 6.032477208569639870e-01
3.174999999999953637e+00 6.030006506078519068e-01
3.179999999999953531e+00 6.027527917691571924e-01
3.184999999999953424e+00 6.025041504873964726e-01
3.189999999999953317e+00 6.022547330509123720e-01
3.194999999999953211e+00 6.020045458885167067e-01
3.199999999999953104e+00 6.017535955686311722e-01
3.204999999999952998e+00 6.015018887979668438e-01
3.209999999999952891e+00 6.012494324204163965e-01
3.214999999999952784e+00 6.009962334152382235e-01
3.219999999999952678e+00 6.007422988994520763e-01
3.224999999999952571e+00 6.004876361192936773e-01
3.229999999999952465e+00 6.002322524563872275e-01
3.234999999999952358e+00 5.999761554227254212e-01
3.239999999999952252e+00 5.997193526602468960e-01
3.244999999999952145e+00 5.994618519394934175e-01
3.249999999999952038e+00 5.992036611582235439e-01
3.254999999999951932e+00 5.989447883402808648e-01
3.259999999999951825e+00 5.986852416340520122e-01
3.264999999999951719e+00 5.984250293111629260e-01
3.269999999999951612e+00 5.981641597644936637e-01
3.274999999999951505e+00 5.979026415101994507e-01
3.279999999999951399e+00 5.976404831791359840e-01
3.284999999999951292e+00 5.973776935226582374e-01
3.289999999999951186e+00 5.971142814075832694e-01
3.294999999999951079e+00 5.968502558152950499e-01
3.299999999999950973e+00 5.965856258404336199e-01
3.304999999999950866e+00 5.963204006892025566e-01
3.309999999999950759e+00 5.960545896779239072e-01
3.314999999999950653e+00 5.957882022314630044e-01
3.319999999999950546e+00 5.955212478816767074e-01
3.324999999999950440e+00 5.952537362657356335e-01
3.329999999999950333e+00 5.949856771246559983e-01
3.334999999999950226e+00 5.947170803014873997e-01
3.339999999999950120e+00 5.944479557398691938e-01
3.344999999999950013e+00 5.941783134821615464e-01
3.349999999999949907e+00 5.939081636679087728e-01
3.354999999999949800e+00 5.936375165320980640e-01
3.359999999999949694e+00 5.933663824033874601e-01
3.364999999999949587e+00 5.930947717024550592e-01
3.369999999999949480e+00 5.928226949394189704e-01
3.374999999999949374e+00 5.925501627158813456e-01
3.379999999999949267e+00 5.922771857155678665e-01
3.384999999999949161e+00 5.920037747100810321e-01
3.389999999999949054e+00 5.917299405533331669e-01
3.394999999999948948e+00 5.914556941804128831e-01
3.399999999999948841e+00 5.911810466057692004e-01
3.404999999999948734e+00 5.909060089213123979e-01
3.409999999999948628e+00 5.906305922945522813e-01
3.414999999999948521e+00 5.903548079659528547e-01
3.419999999999948415e+00 5.900786672507859487e-01
3.424999999999948308e+00 5.898021815288112535e-01
3.429999999999948201e+00 5.895253622538364491e-01
3.434999999999948095e+00 5.892482209401844750e-01
3.439999999999947988e+00 5.889707691692878111e-01
3.444999999999947882e+00 5.886930185837183638e-01
3.449999999999947775e+00 5.884149808860773545e-01
3.454999999999947669e+00 5.881366678368447065e-01
3.459999999999947562e+00 5.878580912524771218e-01
3.464999999999947455e+00 5.875792630033136454e-01
3.469999999999947349e+00 5.873001950114912217e-01
3.474999999999947242e+00 5.870208992489128752e-01
3.479999999999947136e+00 5.867413877351647100e-01
3.484999999999947029e+00 5.864616725353679616e-01
3.489999999999946922e+00 5.861817657574102114e-01
3.494999999999946816e+00 5.859016795536428068e-01
3.499999999999946709e+00 5.856214261109309316e-01
3.504999999999946603e+00 5.853410176563775824e-01
3.509999999999946496e+00 5.850604664512762954e-01
3.514999999999946390e+00 5.847797847896888390e-01
3.519999999999946283e+00 5.844989849963373452e-01
3.524999999999946176e+00 5.842180794243512221e-01
3.529999999999946070e+00 5.839370804531345271e-01
3.534999999999945963e+00 5.836560004853874606e-01
3.539999999999945857e+00 5.833748519488752837e-01
3.544999999999945750e+00 5.830936472861883990e-01
3.549999999999945643e+00 5.828123989605957789e-01
3.554999999999945537e+00 5.825311194497683198e-01
3.559999999999945430e+00 5.822498212443675270e-01
3.564999999999945324e+00 5.819685168458089697e-01
3.569999999999945217e+00 5.816872187640098613e-01
3.574999999999945111e+00 5.814059395143433839e-01
3.579999999999945004e+00 5.811246916194375833e-01
3.584999999999944897e+00 5.808434875987853463e-01
3.589999999999944791e+00 5.805623399746352442e-01
3.594999999999944684e+00 5.802812612648151624e-01
3.599999999999944578e+00 5.800002639853718556e-01
3.604999999999944471e+00 5.797193606401499499e-01
3.609999999999944365e+00 5.794385637266346034e-01
3.614999999999944258e+00 5.791578857296848515e-01
3.619999999999944151e+00 5.788773391199627527e-01
3.624999999999944045e+00 5.785969363518770336e-01
3.629999999999943938e+00 5.783166898606811879e-01
3.634999999999943832e+00 5.780366120610747060e-01
3.639999999999943725e+00 5.777567153444628234e-01
3.644999999999943618e+00 5.774770120764237680e-01
3.649999999999943512e+00 5.771975145951168118e-01
3.654999999999943405e+00 5.769182352083273013e-01
3.659999999999943299e+00 5.766391861915909356e-01
3.664999999999943192e+00 5.763603797858120048e-01
3.669999999999943086e+00 5.760818281949244835e-01
3.674999999999942979e+00 5.758035435837891569e-01
3.679999999999942872e+00 5.755255380758265149e-01
3.684999999999942766e+00 5.752478237507863135e-01
3.689999999999942659e+00 5.749704126424691752e-01
3.694999999999942553e+00 5.746933167365654294e-01
3.699999999999942446e+00 5.744165479683857045e-01
3.704999999999942339e+00 5.741401182205158049e-01
3.709999999999942233e+00 5.738640393200743484e-01
3.714999999999942126e+00 5.735883230400602439e-01
3.719999999999942020e+00 5.733129810889173728e-01
3.724999999999941913e+00 5.730380251189762797e-01
3.729999999999941807e+00 5.727634667166221494e-01
3.734999999999941700e+00 5.724893174001248752e-01
3.739999999999941593e+00 5.722155886251122370e-01
3.744999999999941487e+00 5.719422917717390531e-01
3.749999999999941380e+00 5.716694381508821143e-01
3.754999999999941274e+00 5.713970389982742093e-01
3.759999999999941167e+00 5.711251054730959176e-01
3.764999999999941060e+00 5.708536486551173406e-01
3.769999999999940954e+00 5.705826795464232770e-01
3.774999999999940847e+00 5.703122090617090967e-01
3.779999999999940741e+00 5.700422480338157571e-01
3.784999999999940634e+00 5.697728072079045747e-01
3.789999999999940528e+00 5.695038972401960109e-01
3.794999999999940421e+00 5.692355286959059901e-01
3.799999999999940314e+00 5.689677120472210747e-01
3.804999999999940208e+00 5.687004576714552728e-01
3.809999999999940101e+00 5.684337758489449444e-01
3.814999999999939995e+00 5.681676767611306689e-01
3.819999999999939888e+00 5.679021704886564326e-01
3.824999999999939782e+00 5.676372670087050931e-01
3.829999999999939675e+00 5.673729761968974161e-01
3.834999999999939568e+00 5.671093078177606994e-01
3.839999999999939462e+00 5.668462715305462307e-01
3.844999999999939355e+00 5.665838768836609640e-01
3.849999999999939249e+00 5.663221333135011193e-01
3.854999999999939142e+00 5.660610501427013608e-01
3.859999999999939035e+00 5.658006365783712077e-01
3.864999999999938929e+00 5.655409017104289227e-01
3.869999999999938822e+00 5.652818545097968439e-01
3.874999999999938716e+00 5.650235038267585885e-01
3.879999999999938609e+00 5.647658583891930206e-01
3.884999999999938503e+00 5.645089268011342920e-01
3.889999999999938396e+00 5.642527175409693951e-01
3.894999999999938289e+00 5.639972389599158253e-01
3.899999999999938183e+00 5.637424992803824475e-01
3.904999999999938076e+00 5.634885065946333427e-01
3.909999999999937970e+00 5.632352688630594129e-01
3.914999999999937863e+00 5.629827939127601821e-01
3.919999999999937756e+00 5.627310894361489124e-01
3.924999999999937650e+00 5.624801629886471144e-01
3.929999999999937543e+00 5.622300219904826646e-01
3.934999999999937437e+00 5.619806737213747239e-01
3.939999999999937330e+00 5.617321253184417440e-01
3.944999999999937224e+00 5.614843837826347661e-01
3.949999999999937117e+00 5.612374559666033491e-01
3.954999999999937010e+00 5.609913485819737478e-01
3.959999999999936904e+00 5.607460681934788305e-01
3.964999999999936797e+00 5.605016212224176453e-01
3.969999999999936691e+00 5.602580139377186796e-01
3.974999999999936584e+00 5.600152524625866546e-01
3.979999999999936477e+00 5.597733427695638087e-01
3.984999999999936371e+00 5.595322906801468710e-01
3.989999999999936264e+00 5.592921018638481456e-01
3.994999999999936158e+00 5.590527818371816560e-01
3.999999999999936051e+00 5.588143359618679140e-01
4.004999999999935945e+00 5.585767694478600554e-01
4.009999999999935838e+00 5.583400873446168200e-01
4.014999999999935731e+00 5.581042945478862372e-01
4.019999999999935625e+00 5.578693957946392334e-01
4.024999999999935518e+00 5.576353956664789058e-01
4.029999999999935412e+00 5.574022985804426567e-01
4.034999999999935305e+00 5.571701088001407287e-01
4.039999999999935199e+00 5.569388304231162046e-01
4.044999999999935092e+00 5.567084673881725898e-01
4.049999999999934985e+00 5.564790234746807007e-01
4.054999999999934879e+00 5.562505022949387756e-01
4.059999999999934772e+00 5.560229073014761880e-01
4.064999999999934666e+00 5.557962417826127766e-01
4.069999999999934559e+00 5.555705088627613808e-01
4.074999999999934452e+00 5.553457115019713175e-01
4.079999999999934346e+00 5.551218524955439104e-01
4.084999999999934239e+00 5.548989344736157125e-01
4.089999999999934133e+00 5.546769599008870566e-01
4.094999999999934026e+00 5.544559310762646742e-01
4.099999999999933920e+00 5.542358501325832520e-01
4.104999999999933813e+00 5.540167190364678751e-01
4.109999999999933706e+00 5.537985395880385964e-01
4.114999999999933600e+00 5.535813134207946407e-01
4.119999999999933493e+00 5.533650420015299165e-01
4.124999999999933387e+00 5.531497266301391713e-01
4.129999999999933280e+00 5.529353684397416702e-01
4.134999999999933173e+00 5.527219683965178820e-01
4.139999999999933067e+00 5.525095272989980488e-01
4.144999999999932960e+00 5.522980457820777511e-01
4.149999999999932854e+00 5.520875243092158158e-01
4.154999999999932747e+00 5.518779631804595631e-01
4.159999999999932641e+00 5.516693625286843705e-01
4.164999999999932534e+00 5.514617223196703888e-01
4.169999999999932427e+00 5.512550423565829583e-01
4.174999999999932321e+00 5.510493222720314055e-01
4.179999999999932214e+00 5.508445615356533098e-01
4.184999999999932108e+00 5.506407594544496797e-01
4.189999999999932001e+00 5.504379151660261371e-01
4.194999999999931894e+00 5.502360276468998279e-01
4.199999999999931788e+00 5.500350957090799353e-01
4.204999999999931681e+00 5.498351180004164007e-01
4.209999999999931575e+00 5.496360930092383246e-01
4.214999999999931468e+00 5.494380190560551602e-01
4.219999999999931362e+00 5.492408943061330984e-01
4.224999999999931255e+00 5.490447167581563592e-01
4.229999999999931148e+00 5.488494842536489893e-01
4.234999999999931042e+00 5.486551944736898223e-01
4.239999999999930935e+00 5.484618449404070617e-01
4.244999999999930829e+00 5.482694330177619868e-01
4.249999999999930722e+00 5.480779559123466482e-01
4.254999999999930616e+00 5.478874106741650207e-01
4.259999999999930509e+00 5.476977941967142716e-01
4.264999999999930402e+00 5.475091032218589726e-01
4.269999999999930296e+00 5.473213343319378588e-01
4.274999999999930189e+00 5.471344839619557421e-01
4.279999999999930083e+00 5.469485483925173863e-01
4.284999999999929976e+00 5.467635237508030599e-01
4.289999999999929869e+00 5.465794060197580739e-01
4.294999999999929763e+00 5.463961910277438383e-01
4.299999999999929656e+00 5.462138744586180206e-01
4.304999999999929550e+00 5.460324518487696954e-01
4.309999999999929443e+00 5.458519185891248515e-01
4.314999999999929337e+00 5.456722699262752663e-01
4.319999999999929230e+00 5.454935009637364995e-01
4.324999999999929123e+00 5.453156066623500164e-01
4.329999999999929017e+00 5.451385818456284671e-01
4.334999999999928910e+00 5.449624211929597895e-01
4.339999999999928804e+00 5.447871192489407433e-01
4.344999999999928697e+00 5.446126704208342773e-01
4.349999999999928590e+00 5.444390689804796679e-01
4.354999999999928484e+00 5.442663090660915248e-01
4.359999999999928377e+00 5.440943846833165010e-01
4.364999999999928271e+00 5.439232897068210226e-01
4.369999999999928164e+00 5.437530178818221760e-01
4.374999999999928058e+00 5.435835628246551421e-01
4.379999999999927951e+00 5.434149180284363334e-01
4.384999999999927844e+00 5.432470768564064967e-01
4.389999999999927738e+00 5.430800325509144155e-01
4.394999999999927631e+00 5.429137782348637531e-01
4.399999999999927525e+00 5.427483069060954346e-01
4.404999999999927418e+00 5.425836114471400684e-01
4.409999999999927311e+00 5.424196846227238300e-01
4.414999999999927205e+00 5.422565190823424031e-01
4.419999999999927098e+00 5.420941073618882333e-01
4.424999999999926992e+00 5.419324418845207214e-01
4.429999999999926885e+00 5.417715149665165431e-01
4.434999999999926779e+00 5.416113188108457877e-01
4.439999999999926672e+00 5.414518455170422850e-01
4.444999999999926565e+00 5.412930870789398607e-01
4.449999999999926459e+00 5.411350353864495810e-01
4.454999999999926352e+00 5.409776822313991929e-01
4.459999999999926246e+00 5.408210193005069666e-01
4.464999999999926139e+00 5.406650381893003399e-01
4.469999999999926033e+00 5.405097303917580920e-01
4.474999999999925926e+00 5.403550873113509567e-01
4.479999999999925819e+00 5.402011002584790056e-01
4.484999999999925713e+00 5.400477604535171006e-01
4.489999999999925606e+00 5.398950590285174211e-01
4.494999999999925500e+00 5.397429870291807763e-01
4.499999999999925393e+00 5.395915354167989397e-01
4.504999999999925286e+00 5.394406950701329251e-01
4.509999999999925180e+00 5.392904567875006494e-01
4.514999999999925073e+00 5.391408112884423787e-01
4.519999999999924967e+00 5.389917492152961342e-01
4.524999999999924860e+00 5.388432611388592752e-01
4.529999999999924754e+00 5.386953375524282661e-01
4.534999999999924647e+00 5.385479688819106991e-01
4.539999999999924540e+00 5.384011454835970767e-01
4.544999999999924434e+00 5.382548576473036306e-01
4.549999999999924327e+00 5.381090955980535329e-01
4.554999999999924221e+00 5.379638494974678942e-01
4.559999999999924114e+00 5.378191094498407931e-01
4.564999999999924007e+00 5.376748654958762863e-01
4.569999999999923901e+00 5.375311076231801266e-01
4.574999999999923794e+00 5.373878257636951483e-01
4.579999999999923688e+00 5.372450097964681648e-01
4.584999999999923581e+00 5.371026495531775469e-01
4.589999999999923475e+00 5.369607348121637758e-01
4.594999999999923368e+00 5.368192553088280139e-01
4.599999999999923261e+00 5.366782007333880111e-01
4.604999999999923155e+00 5.365375607337088404e-01
4.609999999999923048e+00 5.363973249178254354e-01
4.614999999999922942e+00 5.362574828551989192e-01
4.619999999999922835e+00 5.361180240786989071e-01
4.624999999999922728e+00 5.359789380904897982e-01
4.629999999999922622e+00 5.358402143545386576e-01
4.634999999999922515e+00 5.357018423121120421e-01
4.639999999999922409e+00 5.355638113703872216e-01
4.644999999999922302e+00 5.354261109141544850e-01
4.649999999999922196e+00 5.352887303027189514e-01
4.654999999999922089e+00 5.351516588770284244e-01
4.659999999999921982e+00 5.350148859532356527e-01
4.664999999999921876e+00 5.348784008332682083e-01
4.669999999999921769e+00 5.347421928022599857e-01
4.674999999999921663e+00 5.346062511321575395e-01
4.679999999999921556e+00 5.344705650830667842e-01
4.684999999999921450e+00 5.343351239044540346e-01
4.689999999999921343e+00 5.341999168411406540e-01
4.694999999999921236e+00 5.340649331304777592e-01
4.699999999999921130e+00 5.339301620043046537e-01
4.704999999999921023e+00 5.337955926958621866e-01
4.709999999999920917e+00 5.336612144374798250e-01
4.714999999999920810e+00 5.335270164640539825e-01
4.719999999999920703e+00 5.333929880148357006e-01
4.724999999999920597e+00 5.332591183352327624e-01
4.729999999999920490e+00 5.331253966789187837e-01
4.734999999999920384e+00 5.329918123097348026e-01
4.739999999999920277e+00 5.328583545027038015e-01
4.744999999999920171e+00 5.327250125503733003e-01
4.749999999999920064e+00 5.325917757560333365e-01
4.754999999999919957e+00 5.324586334440726265e-01
4.759999999999919851e+00 5.323255749580123597e-01
4.764999999999919744e+00 5.321925896628312280e-01
4.769999999999919638e+00 5.320596669468763418e-01
4.774999999999919531e+00 5.319267962239428993e-01
4.779999999999919424e+00 5.317939669349962539e-01
4.784999999999919318e+00 5.316611685498087159e-01
4.789999999999919211e+00 5.315283905692256283e-01
4.794999999999919105e+00 5.313956225265766831e-01
4.799999999999918998e+00 5.312628539895840607e-01
4.804999999999918892e+00 5.311300745622703490e-01
4.809999999999918785e+00 5.309972738865674780e-01
4.814999999999918678e+00 5.308644416441749003e-01
4.819999999999918572e+00 5.307315675573333058e-01
4.824999999999918465e+00 5.305986413950877223e-01
4.829999999999918359e+00 5.304656529660249920e-01
4.834999999999918252e+00 5.303325921289752110e-01
4.839999999999918145e+00 5.301994487901460218e-01
4.844999999999918039e+00 5.300662129056294969e-01
4.849999999999917932e+00 5.299328744833368132e-01
4.854999999999917826e+00 5.297994235843298538e-01
4.859999999999917719e+00 5.296658503245605942e-01
4.864999999999917613e+00 5.295321448765352157e-01
4.869999999999917506e+00 5.293982974708871803e-01
4.874999999999917399e+00 5.292642983978962379e-01
4.879999999999917293e+00 5.291301380090761564e-01
4.884999999999917186e+00 5.289958067187742197e-01
4.889999999999917080e+00 5.288612950055952000e-01
4.894999999999916973e+00 5.287265934141407442e-01
4.899999999999916866e+00 5.285916925560598667e-01
4.904999999999916760e+00 5.284565831112353340e-01
4.909999999999916653e+00 5.283212558332724962e-01
4.914999999999916547e+00 5.281857015419653134e-01
4.919999999999916440e+00 5.280499111332797035e-01
4.924999999999916334e+00 5.279138755801888738e-01
4.929999999999916227e+00 5.277775859263253988e-01
4.934999999999916120e+00 5.276410332962374605e-01
4.939999999999916014e+00 5.275042088922744510e-01
4.944999999999915907e+00 5.273671039968440555e-01
4.949999999999915801e+00 5.272297099735513415e-01
4.954999999999915694e+00 5.270920182689240452e-01
4.959999999999915588e+00 5.269540204132936445e-01
4.964999999999915481e+00 5.268157080221876898e-01
4.969999999999915374e+00 5.266770727976229916e-01
4.974999999999915268e+00 5.265381065293777141e-01
4.979999999999915161e+00 5.263988010960620745e-01
4.984999999999915055e+00 5.262591484664506103e-01
4.989999999999914948e+00 5.261191407005447740e-01
4.994999999999914841e+00 5.259787699499460789e-01
4.999999999999914735e+00 5.258380284634173174e-01
5.004999999999914628e+00 5.256969085790128560e-01
5.009999999999914522e+00 5.255554027341204915e-01
5.014999999999914415e+00 5.254135034622037237e-01
5.019999999999914309e+00 5.252712033946747017e-01
5.024999999999914202e+00 5.251284952619176272e-01
5.029999999999914095e+00 5.249853718942424363e-01
5.034999999999913989e+00 5.248418262230499787e-01
5.039999999999913882e+00 5.246978512817631612e-01
5.044999999999913776e+00 5.245534402067538737e-01
5.049999999999913669e+00 5.244085862383291996e-01
5.054999999999913562e+00 5.242632827215453206e-01
5.059999999999913456e+00 5.241175231073937901e-01
5.064999999999913349e+00 5.239713009532858123e-01
5.069999999999913243e+00 5.238246099243595300e-01
5.074999999999913136e+00 5.236774437939575311e-01
5.079999999999913030e+00 5.235297964447297447e-01
5.084999999999912923e+00 5.233816618683032607e-01
5.089999999999912816e+00 5.232330341709224841e-01
5.094999999999912710e+00 5.230839075647887304e-01
5.099999999999912603e+00 5.229342763780945313e-01
5.104999999999912497e+00 5.227841350511975849e-01
5.109999999999912390e+00 5.226334781382480088e-01
5.114999999999912283e+00 5.224823003078450379e-01
5.119999999999912177e+00 5.223305963436544186e-01
5.124999999999912070e+00 5.221783611452548435e-01
5.129999999999911964e+00 5.220255897286349978e-01
5.134999999999911857e+00 5.218722772267394561e-01
5.139999999999911751e+00 5.217184188902097564e-01
5.144999999999911644e+00 5.215640100879298524e-01
5.149999999999911537e+00 5.214090463074678716e-01
5.154999999999911431e+00 5.212535231558285131e-01
5.159999999999911324e+00 5.210974363597575820e-01
5.164999999999911218e+00 5.209407817663412876e-01
5.169999999999911111e+00 5.207835553435071763e-01
5.174999999999911005e+00 5.206257531803797356e-01
5.179999999999910898e+00 5.204673714877997570e-01
5.184999999999910791e+00 5.203084065988494711e-01
5.189999999999910685e+00 5.201488549689521346e-01
5.194999999999910578e+00 5.199887131765665860e-01
5.199999999999910472e+00 5.198279779224109776e-01
5.204999999999910365e+00 5.196666460346451855e-01
5.209999999999910258e+00 5.195047144595966726e-01
5.214999999999910152e+00 5.193421802716354785e-01
5.219999999999910045e+00 5.191790406688260306e-01
5.224999999999909939e+00 5.190152929738048870e-01
5.229999999999909832e+00 5.188509346344281070e-01
5.234999999999909726e+00 5.186859632236021644e-01
5.239999999999909619e+00 5.185203764399737292e-01
5.244999999999909512e+00 5.183541721073987585e-01
5.249999999999909406e+00 5.181873481760487232e-01
5.254999999999909299e+00 5.180199027216499941e-01
5.259999999999909193e+00 5.178518339462365727e-01
5.264999999999909086e+00 5.176831401779430353e-01
5.269999999999908979e+00 5.175138198712145865e-01
5.274999999999908873e+00 5.173438716068273768e-01
5.279999999999908766e+00 5.171732940921016652e-01
5.284999999999908660e+00 5.170020861605830742e-01
5.289999999999908553e+00 5.168302467724652516e-01
5.294999999999908447e+00 5.166577750142238301e-01
5.299999999999908340e+00 5.164846700980054717e-01
5.304999999999908233e+00 5.163109313660013688e-01
5.309999999999908127e+00 5.161365582810392150e-01
5.314999999999908020e+00 5.159615504361270144e-01
5.319999999999907914e+00 5.157859075491932899e-01
5.324999999999907807e+00 5.156096294645281519e-01
5.329999999999907700e+00 5.154327161510681155e-01
5.334999999999907594e+00 5.152551677075862813e-01
5.339999999999907487e+00 5.150769843524229952e-01
5.344999999999907381e+00 5.148981664330951613e-01
5.349999999999907274e+00 5.147187144205853659e-01
5.354999999999907168e+00 5.145386289146511860e-01
5.359999999999907061e+00 5.143579106325767425e-01
5.364999999999906954e+00 5.141765604243433430e-01
5.369999999999906848e+00 5.139945792568565430e-01
5.374999999999906741e+00 5.138119682249409070e-01
5.379999999999906635e+00 5.136287285457340479e-01
5.384999999999906528e+00 5.134448615598679044e-01
5.389999999999906422e+00 5.132603687303645135e-01
5.394999999999906315e+00 5.130752516430303611e-01
5.399999999999906208e+00 5.128895120054964840e-01
5.404999999999906102e+00 5.127031516470519357e-01
5.409999999999905995e+00 5.125161725181429651e-01
5.414999999999905889e+00 5.123285766889684734e-01
5.419999999999905782e+00 5.121403663540088358e-01
5.424999999999905675e+00 5.119515438214937708e-01
5.429999999999905569e+00 5.117621115229447071e-01
5.434999999999905462e+00 5.115720720066150307e-01
5.439999999999905356e+00 5.113814279429911291e-01
5.444999999999905249e+00 5.111901821142301738e-01
5.449999999999905143e+00 5.109983374235912423e-01
5.454999999999905036e+00 5.108058968897158936e-01
5.459999999999904929e+00 5.106128636472032634e-01
5.464999999999904823e+00 5.104192409460094337e-01
5.469999999999904716e+00 5.102250321506206499e-01
5.474999999999904610e+00 5.100302407393345616e-01
5.479999999999904503e+00 5.098348703029942364e-01
5.484999999999904396e+00 5.096389245488310848e-01
5.489999999999904290e+00 5.094424072900369804e-01
5.494999999999904183e+00 5.092453224538417977e-01
5.499999999999904077e+00 5.090476740799934063e-01
5.504999999999903970e+00 5.088494663147821173e-01
5.509999999999903864e+00 5.086507034153519013e-01
5.514999999999903757e+00 5.084513897439585373e-01
5.519999999999903650e+00 5.082515297730080261e-01
5.524999999999903544e+00 5.080511280803843288e-01
5.529999999999903437e+00 5.078501893494927755e-01
5.534999999999903331e+00 5.076487183684522675e-01
5.539999999999903224e+00 5.074467200291976621e-01
5.544999999999903117e+00 5.072441993265915938e-01
5.549999999999903011e+00 5.070411613564949072e-01
5.554999999999902904e+00 5.068376113198258537e-01
5.559999999999902798e+00 5.066335545117122141e-01
5.564999999999902691e+00 5.064289963304332565e-01
5.569999999999902585e+00 5.062239422704608582e-01
5.574999999999902478e+00 5.060183979264522014e-01
5.579999999999902371e+00 5.058123689873531559e-01
5.584999999999902265e+00 5.056058612341733927e-01
5.589999999999902158e+00 5.053988805491939074e-01
5.594999999999902052e+00 5.051914329007711757e-01
5.599999999999901945e+00 5.049835243532200257e-01
5.604999999999901839e+00 5.047751610608649520e-01
5.609999999999901732e+00 5.045663492678545969e-01
5.614999999999901625e+00 5.043570953070790619e-01
5.619999999999901519e+00 5.041474055980592617e-01
5.624999999999901412e+00 5.039372866497161541e-01
5.629999999999901306e+00 5.037267450543647662e-01
5.634999999999901199e+00 5.035157874863522842e-01
5.639999999999901092e+00 5.033044207062190578e-01
5.644999999999900986e+00 5.030926515549657418e-01
5.649999999999900879e+00 5.028804869542842226e-01
5.654999999999900773e+00 5.026679339043028660e-01
5.659999999999900666e+00 5.024549994870263214e-01
5.664999999999900560e+00 5.022416908543796410e-01
5.669999999999900453e+00 5.020280152418626907e-01
5.674999999999900346e+00 5.018139799513037236e-01
5.679999999999900240e+00 5.015995923644172017e-01
5.684999999999900133e+00 5.013848599316247379e-01
5.689999999999900027e+00 5.011697901708956904e-01
5.694999999999899920e+00 5.009543906759260645e-01
5.699999999999899813e+00 5.007386691014003022e-01
5.704999999999899707e+00 5.005226331722001376e-01
5.709999999999899600e+00 5.003062906772086649e-01
5.714999999999899494e+00 5.000896494679414328e-01
5.719999999999899387e+00 4.998727174610234636e-01
5.724999999999899281e+00 4.996555026319537962e-01
5.729999999999899174e+00 4.994380130137004437e-01
5.734999999999899067e+00 4.992202567000895708e-01
5.739999999999898961e+00 4.990022418405372640e-01
5.744999999999898854e+00 4.987839766385566698e-01
5.749999999999898748e+00 4.985654693551895278e-01
5.754999999999898641e+00 4.983467282977392943e-01
5.759999999999898534e+00 4.981277618282612396e-01
5.764999999999898428e+00 4.979085783569109358e-01
5.769999999999898321e+00 4.976891863415645045e-01
5.774999999999898215e+00 4.974695942854022168e-01
5.779999999999898108e+00 4.972498107400863399e-01
5.784999999999898002e+00 4.970298442945817463e-01
5.789999999999897895e+00 4.968097035826446461e-01
5.794999999999897788e+00 4.965893972807132184e-01
5.799999999999897682e+00 4.963689340981914389e-01
5.804999999999897575e+00 4.961483227852238054e-01
5.809999999999897469e+00 4.959275721254970404e-01
5.814999999999897362e+00 4.957066909393625376e-01
5.819999999999897256e+00 4.954856880775550532e-01
5.824999999999897149e+00 4.952645724186720555e-01
5.829999999999897042e+00 4.950433528769661584e-01
5.834999999999896936e+00 4.948220383876149597e-01
5.839999999999896829e+00 4.946006379144640697e-01
5.844999999999896723e+00 4.943791604484490954e-01
5.849999999999896616e+00 4.941576149975195897e-01
5.854999999999896509e+00 4.939360105943756407e-01
5.859999999999896403e+00 4.937143562901951110e-01
5.864999999999896296e+00 4.934926611539146024e-01
5.869999999999896190e+00 4.932709342704743594e-01
5.874999999999896083e+00 4.930491847394924965e-01
5.879999999999895977e+00 4.928274216731475810e-01
5.884999999999895870e+00 4.926056541949127565e-01
5.889999999999895763e+00 4.923838914369284558e-01
5.894999999999895657e+00 4.921621425427449847e-01
5.899999999999895550e+00 4.919404166565876646e-01
5.904999999999895444e+00 4.917187229309091800e-01
5.909999999999895337e+00 4.914970705200777390e-01
5.914999999999895230e+00 4.912754685796277276e-01
5.919999999999895124e+00 4.910539262646239633e-01
5.924999999999895017e+00 4.908324527270206961e-01
5.929999999999894911e+00 4.906110571177109692e-01
5.934999999999894804e+00 4.903897485802099498e-01
5.939999999999894698e+00 4.901685362489802134e-01
5.944999999999894591e+00 4.899474292524123031e-01
5.949999999999894484e+00 4.897264367073783098e-01
5.954999999999894378e+00 4.895055677185587983e-01
5.959999999999894271e+00 4.892848313766873791e-01
5.964999999999894165e+00 4.890642367569639215e-01
5.969999999999894058e+00 4.888437929172767538e-01
5.974999999999893951e+00 4.886235088966423556e-01
5.979999999999893845e+00 4.884033937125143998e-01
5.984999999999893738e+00 4.881834563637568181e-01
5.989999999999893632e+00 4.879637058198059152e-01
5.994999999999893525e+00 4.877441510281753656e-01
5.999999999999893419e+00 4.875248009072651878e-01
6.004999999999893312e+00 4.873056643502237106e-01
6.009999999999893205e+00 4.870867502141625338e-01
6.014999999999893099e+00 4.868680673267109515e-01
6.019999999999892992e+00 4.866496244843587227e-01
6.024999999999892886e+00 4.864314304426608504e-01
6.029999999999892779e+00 4.862134939227520380e-01
6.034999999999892673e+00 4.859958236088304240e-01
6.039999999999892566e+00 4.857784281428820794e-01
6.044999999999892459e+00 4.855613161222037122e-01
6.049999999999892353e+00 4.853444961068066332e-01
6.054999999999892246e+00 4.851279766042615460e-01
6.059999999999892140e+00 4.849117660816669173e-01
6.064999999999892033e+00 4.846958729550097100e-01
6.069999999999891926e+00 4.844803055876246156e-01
6.074999999999891820e+00 4.842650722966963528e-01
6.079999999999891713e+00 4.840501813427079414e-01
6.084999999999891607e+00 4.838356409332976171e-01
6.089999999999891500e+00 4.836214592171971249e-01
6.094999999999891394e+00 4.834076442872284884e-01
6.099999999999891287e+00 4.831942041796113418e-01
6.104999999999891180e+00 4.829811468644476524e-01
6.109999999999891074e+00 4.827684802531509445e-01
6.114999999999890967e+00 4.825562121924642511e-01
6.119999999999890861e+00 4.823443504639036150e-01
6.124999999999890754e+00 4.821329027813722745e-01
6.129999999999890647e+00 4.819218767932884617e-01
6.134999999999890541e+00 4.817112800766556457e-01
6.139999999999890434e+00 4.815011201357073944e-01
6.144999999999890328e+00 4.812914044048449136e-01
6.149999999999890221e+00 4.810821402428592242e-01
6.154999999999890115e+00 4.808733349359122222e-01
6.159999999999890008e+00 4.806649956917981026e-01
6.164999999999889901e+00 4.804571296385911072e-01
6.169999999999889795e+00 4.802497438275032393e-01
6.174999999999889688e+00 4.800428452275669611e-01
6.179999999999889582e+00 4.798364407291744738e-01
6.184999999999889475e+00 4.796305371333355327e-01
6.189999999999889368e+00 4.794251411626154757e-01
6.194999999999889262e+00 4.792202594502492086e-01
6.199999999999889155e+00 4.790158985441131390e-01
6.204999999999889049e+00 4.788120649011487484e-01
6.209999999999888942e+00 4.786087648913702197e-01
6.214999999999888836e+00 4.784060047931519843e-01
6.219999999999888729e+00 4.782037907929820864e-01
6.224999999999888622e+00 4.780021289842187326e-01
6.229999999999888516e+00 4.778010253651336359e-01
6.234999999999888409e+00 4.776004858421025734e-01
6.239999999999888303e+00 4.774005162198087793e-01
6.244999999999888196e+00 4.772011222079996506e-01
6.249999999999888090e+00 4.770023094203633685e-01
6.254999999999887983e+00 4.768040833657378186e-01
6.259999999999887876e+00 4.766064494556751518e-01
6.264999999999887770e+00 4.764094129991813809e-01
6.269999999999887663e+00 4.762129792016673857e-01
6.274999999999887557e+00 4.760171531683130008e-01
6.279999999999887450e+00 4.758219398945092715e-01
6.284999999999887343e+00 4.756273442735238222e-01
6.289999999999887237e+00 4.754333710904931620e-01
6.294999999999887130e+00 4.752400250266002879e-01
6.299999999999887024e+00 4.750473106497036246e-01
6.304999999999886917e+00 4.748552324211998688e-01
6.309999999999886811e+00 4.746637946951793863e-01
6.314999999999886704e+00 4.744730017099770270e-01
6.319999999999886597e+00 4.742828575959070481e-01
6.324999999999886491e+00 4.740933663694230082e-01
6.329999999999886384e+00 4.739045319366375075e-01
6.334999999999886278e+00 4.737163580883549940e-01
6.339999999999886171e+00 4.735288484994373825e-01
6.344999999999886064e+00 4.733420067314886848e-01
6.349999999999885958e+00 4.731558362331173551e-01
6.354999999999885851e+00 4.729703403316811161e-01
6.359999999999885745e+00 4.727855222403272162e-01
6.364999999999885638e+00 4.726013850574398711e-01
6.369999999999885532e+00 4.724179317585028293e-01
6.374999999999885425e+00 4.722351652040032710e-01
6.379999999999885318e+00 4.720530881347866914e-01
6.384999999999885212e+00 4.718717031723865252e-01
6.389999999999885105e+00 4.716910128177722594e-01
6.394999999999884999e+00 4.715110194551376810e-01
6.399999999999884892e+00 4.713317253431196230e-01
6.404999999999884785e+00 4.711531326228239891e-01
6.409999999999884679e+00 4.709752433133171934e-01
6.414999999999884572e+00 4.707980593112893741e-01
6.419999999999884466e+00 4.706215823949719268e-01
6.424999999999884359e+00 4.704458142146827337e-01
6.429999999999884253e+00 4.702707563051102269e-01
6.434999999999884146e+00 4.700964100726260364e-01
6.439999999999884039e+00 4.699227768042062436e-01
6.444999999999883933e+00 4.697498576631893297e-01
6.449999999999883826e+00 4.695776536899290976e-01
6.454999999999883720e+00 4.694061658008580329e-01
6.459999999999883613e+00 4.692353947917505264e-01
6.464999999999883507e+00 4.690653413326940635e-01
6.469999999999883400e+00 4.688960059721765661e-01
6.474999999999883293e+00 4.687273891329934439e-01
6.479999999999883187e+00 4.685594911163622478e-01
6.484999999999883080e+00 4.683923121019886171e-01
6.489999999999882974e+00 4.682258521440283427e-01
6.494999999999882867e+00 4.680601111752746291e-01
6.499999999999882760e+00 4.678950890032280707e-01
6.504999999999882654e+00 4.677307853151179140e-01
6.509999999999882547e+00 4.675671996740045078e-01
6.514999999999882441e+00 4.674043315239194696e-01
6.519999999999882334e+00 4.672421801818777420e-01
6.524999999999882228e+00 4.670807448454996069e-01
6.529999999999882121e+00 4.669200245932871307e-01
6.534999999999882014e+00 4.667600183775880152e-01
6.539999999999881908e+00 4.666007250330834744e-01
6.544999999999881801e+00 4.664421432730626593e-01
6.549999999999881695e+00 4.662842716906069884e-01
6.554999999999881588e+00 4.661271087581754236e-01
6.559999999999881481e+00 4.659706528321746477e-01
6.564999999999881375e+00 4.658149021451395977e-01
6.569999999999881268e+00 4.656598548135915117e-01
6.574999999999881162e+00 4.655055088386680917e-01
6.579999999999881055e+00 4.653518620990969579e-01
6.584999999999880949e+00 4.651989123600314135e-01
6.589999999999880842e+00 4.650466572695253764e-01
6.594999999999880735e+00 4.648950943599099994e-01
6.599999999999880629e+00 4.647442210476259161e-01
6.604999999999880522e+00 4.645940346379616726e-01
6.609999999999880416e+00 4.644445323166575545e-01
6.614999999999880309e+00 4.642957111630417466e-01
6.619999999999880202e+00 4.641475681371581841e-01
6.624999999999880096e+00 4.640001000944963816e-01
6.629999999999879989e+00 4.638533037734579034e-01
6.634999999999879883e+00 4.637071758057450532e-01
6.639999999999879776e+00 4.635617127130554627e-01
6.644999999999879670e+00 4.634169109075836346e-01
6.649999999999879563e+00 4.632727666972417668e-01
6.654999999999879456e+00 4.631292762781641925e-01
6.659999999999879350e+00 4.629864357438590039e-01
6.664999999999879243e+00 4.628442410811759999e-01
6.669999999999879137e+00 4.627026881761925337e-01
6.674999999999879030e+00 4.625617728068246448e-01
6.679999999999878924e+00 4.624214906521590396e-01
6.684999999999878817e+00 4.622818372891998040e-01
6.689999999999878710e+00 4.621428081946604149e-01
6.694999999999878604e+00 4.620043987462763568e-01
6.699999999999878497e+00 4.618666042226199364e-01
6.704999999999878391e+00 4.617294198085530321e-01
6.709999999999878284e+00 4.615928405870439177e-01
6.714999999999878177e+00 4.614568615528537587e-01
6.719999999999878071e+00 4.613214776010515772e-01
6.724999999999877964e+00 4.611866835372410156e-01
6.729999999999877858e+00 4.610524740748404016e-01
6.734999999999877751e+00 4.609188438367129437e-01
6.739999999999877645e+00 4.607857873557127948e-01
6.744999999999877538e+00 4.606532990791816218e-01
6.749999999999877431e+00 4.605213733651100094e-01
6.754999999999877325e+00 4.603900044867241803e-01
6.759999999999877218e+00 4.602591866337464865e-01
6.764999999999877112e+00 4.601289139102096026e-01
6.769999999999877005e+00 4.599991803409205215e-01
6.774999999999876898e+00 4.598699798691086027e-01
6.779999999999876792e+00 4.597413063590093385e-01
6.784999999999876685e+00 4.596131535956253233e-01
6.789999999999876579e+00 4.594855152911647145e-01
6.794999999999876472e+00 4.593583850771223442e-01
6.799999999999876366e+00 4.592317565145361824e-01
6.804999999999876259e+00 4.591056230909512093e-01
6.809999999999876152e+00 4.589799782227048097e-01
6.814999999999876046e+00 4.588548152560731341e-01
6.819999999999875939e+00 4.587301274692034414e-01
6.824999999999875833e+00 4.586059080729078530e-01
6.829999999999875726e+00 4.584821502124200587e-01
6.834999999999875619e+00 4.583588469678367971e-01
6.839999999999875513e+00 4.582359913599404200e-01
6.844999999999875406e+00 4.581135763428902385e-01
6.849999999999875300e+00 4.579915948145015236e-01
6.854999999999875193e+00 4.578700396130864214e-01
6.859999999999875087e+00 4.577489035201252054e-01
6.864999999999874980e+00 4.576281792614133592e-01
6.869999999999874873e+00 4.575078595089030475e-01
6.874999999999874767e+00 4.573879368817558855e-01
6.879999999999874660e+00 4.572684039481753060e-01
6.884999999999874554e+00 4.571492532259525121e-01
6.889999999999874447e+00 4.570304771874533212e-01
6.894999999999874341e+00 4.569120682566812919e-01
6.899999999999874234e+00 4.567940188100640397e-01
6.904999999999874127e+00 4.566763211865593197e-01
6.909999999999874021e+00 4.565589676771076300e-01
6.914999999999873914e+00 4.564419505356758222e-01
6.919999999999873808e+00 4.563252619765071350e-01
6.924999999999873701e+00 4.562088941762481586e-01
6.929999999999873594e+00 4.560928392751999461e-01
6.934999999999873488e+00 4.559770893826727844e-01
6.939999999999873381e+00 4.558616365699962314e-01
6.944999999999873275e+00 4.557464728799243137e-01
6.949999999999873168e+00 4.556315903284410829e-01
6.954999999999873062e+00 4.555169808979070978e-01
6.959999999999872955e+00 4.554026365470240645e-01
6.964999999999872848e+00 4.552885492120572475e-01
6.969999999999872742e+00 4.551747108006558018e-01
6.974999999999872635e+00 4.550611132012433169e-01
6.979999999999872529e+00 4.549477482846588927e-01
6.984999999999872422e+00 4.548346078975610829e-01
6.989999999999872315e+00 4.547216838732796584e-01
6.994999999999872209e+00 4.546089680283390555e-01
6.999999999999872102e+00 4.544964521645780131e-01
7.004999999999871996e+00 4.543841280738549204e-01
7.009999999999871889e+00 4.542719875353536385e-01
7.014999999999871783e+00 4.541600223171216588e-01
7.019999999999871676e+00 4.540482241820230636e-01
7.024999999999871569e+00 4.539365848855781427e-01
7.029999999999871463e+00 4.538250961788534710e-01
7.034999999999871356e+00 4.537137498094133692e-01
7.039999999999871250e+00 4.536025375233559975e-01
7.044999999999871143e+00 4.534914510664406206e-01
7.049999999999871036e+00 4.533804821859985790e-01
7.054999999999870930e+00 4.532696226320896971e-01
7.059999999999870823e+00 4.531588641592452227e-01
7.064999999999870717e+00 4.530481985280327972e-01
7.069999999999870610e+00 4.529376175063115073e-01
7.074999999999870504e+00 4.528271128710361637e-01
7.079999999999870397e+00 4.527166764085024386e-01
7.084999999999870290e+00 4.526062999207964843e-01
7.089999999999870184e+00 4.524959752177122319e-01
7.094999999999870077e+00 4.523856941278611155e-01
7.099999999999869971e+00 4.522754484951367893e-01
7.104999999999869864e+00 4.521652301812313923e-01
7.109999999999869758e+00 4.520550310672266092e-01
7.114999999999869651e+00 4.519448430548480555e-01
7.119999999999869544e+00 4.518346580672586432e-01
7.124999999999869438e+00 4.517244680546729230e-01
7.129999999999869331e+00 4.516142649869913095e-01
7.134999999999869225e+00 4.515040408632141067e-01
7.139999999999869118e+00 4.513937877130713150e-01
7.144999999999869011e+00 4.512834975900411050e-01
7.149999999999868905e+00 4.511731625817606561e-01
7.154999999999868798e+00 4.510627748072457144e-01
7.159999999999868692e+00 4.509523264187069169e-01
7.164999999999868585e+00 4.508418096022256960e-01
7.169999999999868479e+00 4.507312165838273654e-01
7.174999999999868372e+00 4.506205396212837888e-01
7.179999999999868265e+00 4.505097710150116064e-01
7.184999999999868159e+00 4.503989031045259051e-01
7.189999999999868052e+00 4.502879282707854536e-01
7.194999999999867946e+00 4.501768389375082613e-01
7.199999999999867839e+00 4.500656275722761390e-01
7.204999999999867732e+00 4.499542866882068615e-01
7.209999999999867626e+00 4.498428088447921636e-01
7.214999999999867519e+00 4.497311866493574062e-01
7.219999999999867413e+00 4.496194127582808786e-01
7.224999999999867306e+00 4.495074798783200709e-01
7.229999999999867200e+00 4.493953807675733492e-01
7.234999999999867093e+00 4.492831082360475570e-01
7.239999999999866986e+00 4.491706551513028889e-01
7.244999999999866880e+00 4.490580144303769616e-01
7.249999999999866773e+00 4.489451790503296569e-01
7.254999999999866667e+00 4.488321420447222154e-01
7.259999999999866560e+00 4.487188965055719514e-01
7.264999999999866453e+00 4.486054355846466057e-01
7.269999999999866347e+00 4.484917524944087019e-01
7.274999999999866240e+00 4.483778405084694052e-01
7.279999999999866134e+00 4.482636929669234771e-01
7.284999999999866027e+00 4.481493032685360811e-01
7.289999999999865921e+00 4.480346648808085086e-01
7.294999999999865814e+00 4.479197713365052347e-01
7.299999999999865707e+00 4.478046162356156823e-01
7.304999999999865601e+00 4.476891932463563650e-01
7.309999999999865494e+00 4.475734961061099138e-01
7.314999999999865388e+00 4.474575186225800416e-01
7.319999999999865281e+00 4.473412546745790808e-01
7.324999999999865175e+00 4.472246982132173088e-01
7.329999999999865068e+00 4.471078432625555932e-01
7.334999999999864961e+00 4.469906839208001581e-01
7.339999999999864855e+00 4.468732143610922303e-01
7.344999999999864748e+00 4.467554288324803169e-01
7.349999999999864642e+00 4.466373216606724927e-01
7.354999999999864535e+00 4.465188872491631655e-01
7.359999999999864428e+00 4.464001200797698687e-01
7.364999999999864322e+00 4.462810147137549199e-01
7.369999999999864215e+00 4.461615657925012690e-01
7.374999999999864109e+00 4.460417680384184957e-01
7.379999999999864002e+00 4.459216162555589835e-01
7.384999999999863896e+00 4.458011053297618043e-01
7.389999999999863789e+00 4.456802302338151445e-01
7.394999999999863682e+00 4.455589860190103946e-01
7.399999999999863576e+00 4.454373678251631330e-01
7.404999999999863469e+00 4.453153708767438324e-01
7.409999999999863363e+00 4.451929904843243690e-01
7.414999999999863256e+00 4.450702220446499102e-01
7.419999999999863149e+00 4.449470610456077724e-01
7.424999999999863043e+00 4.448235030578889249e-01
7.429999999999862936e+00 4.446995437437067378e-01
7.434999999999862830e+00 4.445751788577514407e-01
7.439999999999862723e+00 4.444504042391000387e-01
7.444999999999862617e+00 4.443252158214049952e-01
7.449999999999862510e+00 4.441996096285444340e-01
7.454999999999862403e+00 4.440735817763238891e-01
7.459999999999862297e+00 4.439471284729269995e-01
7.464999999999862190e+00 4.438202460194403121e-01
7.469999999999862084e+00 4.436929308103998992e-01
7.474999999999861977e+00 4.435651793342414440e-01
7.479999999999861870e+00 4.434369881728830731e-01
7.484999999999861764e+00 4.433083540068923911e-01
7.489999999999861657e+00 4.431792736064979477e-01
7.494999999999861551e+00 4.430497438413457667e-01
7.499999999999861444e+00 4.429197616764438683e-01
7.504999999999861338e+00 4.427893241732042129e-01
7.509999999999861231e+00 4.426584284900916821e-01
7.514999999999861124e+00 4.425270718827915006e-01
7.519999999999861018e+00 4.423952517046671473e-01
7.524999999999860911e+00 4.422629654070158733e-01
7.529999999999860805e+00 4.421302105394651627e-01
7.534999999999860698e+00 4.419969847502143168e-01
7.539999999999860592e+00 4.418632857862948571e-01
7.544999999999860485e+00 4.417291114930104734e-01
7.549999999999860378e+00 4.415944598187253600e-01
7.554999999999860272e+00 4.414593288058186737e-01
7.559999999999860165e+00 4.413237166002724754e-01
7.564999999999860059e+00 4.411876214470855095e-01
7.569999999999859952e+00 4.410510416915399690e-01
7.574999999999859845e+00 4.409139757792450709e-01
7.579999999999859739e+00 4.407764222563826939e-01
7.584999999999859632e+00 4.406383797697596694e-01
7.589999999999859526e+00 4.404998470660109189e-01
7.594999999999859419e+00 4.403608229964900422e-01
7.599999999999859313e+00 4.402213065067920317e-01
7.604999999999859206e+00 4.400812966511961077e-01
7.609999999999859099e+00 4.399407925783764273e-01
7.614999999999858993e+00 4.397997935410153936e-01
7.619999999999858886e+00 4.396582988957324356e-01
7.624999999999858780e+00 4.395163080946006273e-01
7.629999999999858673e+00 4.393738206946193325e-01
7.634999999999858566e+00 4.392308363529383586e-01
7.639999999999858460e+00 4.390873548277132721e-01
7.644999999999858353e+00 4.389433759781518618e-01
7.649999999999858247e+00 4.387988997633082144e-01
7.654999999999858140e+00 4.386539262469975053e-01
7.659999999999858034e+00 4.385084555878773216e-01
7.664999999999857927e+00 4.383624880490818998e-01
7.669999999999857820e+00 4.382160239931784940e-01
7.674999999999857714e+00 4.380690638829718431e-01
7.679999999999857607e+00 4.379216082814487709e-01
7.684999999999857501e+00 4.377736578514220267e-01
7.689999999999857394e+00 4.376252133554002222e-01
7.694999999999857287e+00 4.374762756554444465e-01
7.699999999999857181e+00 4.373268457127110764e-01
7.704999999999857074e+00 4.371769245874752019e-01
7.709999999999856968e+00 4.370265134385764583e-01
7.714999999999856861e+00 4.368756135234202476e-01
7.719999999999856755e+00 4.367242261974329520e-01
7.724999999999856648e+00 4.365723529138726966e-01
7.729999999999856541e+00 4.364199952234800728e-01
7.734999999999856435e+00 4.362671547740570310e-01
7.739999999999856328e+00 4.361138333102560494e-01
7.744999999999856222e+00 4.359600326730245223e-01
7.749999999999856115e+00 4.358057547993177128e-01
7.754999999999856009e+00 4.356510017216935760e-01
7.759999999999855902e+00 4.354957755668412145e-01
7.764999999999855795e+00 4.353400785600418654e-01
7.769999999999855689e+00 4.351839130150287893e-01
7.774999999999855582e+00 4.350272813432013441e-01
7.779999999999855476e+00 4.348701860482573345e-01
7.784999999999855369e+00 4.347126297266636352e-01
7.789999999999855262e+00 4.345546150672038865e-01
7.794999999999855156e+00 4.343961448504568557e-01
7.799999999999855049e+00 4.342372219481064888e-01
7.804999999999854943e+00 4.340778493225425083e-01
7.809999999999854836e+00 4.339180300262115431e-01
7.814999999999854730e+00 4.337577672010356489e-01
7.819999999999854623e+00 4.335970640777526697e-01
7.824999999999854516e+00 4.334359239754919102e-01
7.829999999999854410e+00 4.332743503009293673e-01
7.834999999999854303e+00 4.331123465477036416e-01
7.839999999999854197e+00 4.329499162958301839e-01
7.844999999999854090e+00 4.327870632109196425e-01
7.849999999999853983e+00 4.326237910435888900e-01
7.854999999999853877e+00 4.324601036286719324e-01
7.859999999999853770e+00 4.322960048845960190e-01
7.864999999999853664e+00 4.321314988125162793e-01
7.869999999999853557e+00 4.319665894957462338e-01
7.874999999999853451e+00 4.318012810988658412e-01
7.879999999999853344e+00 4.316355778669925258e-01
7.884999999999853237e+00 4.314694841250101831e-01
7.889999999999853131e+00 4.313030042767898586e-01
7.894999999999853024e+00 4.311361428043413713e-01
7.899999999999852918e+00 4.309689042669551107e-01
7.904999999999852811e+00 4.308012933005209710e-01
7.909999999999852704e+00 4.306333146164599834e-01
7.914999999999852598e+00 4.304649730010531306e-01
7.919999999999852491e+00 4.302962733135016204e-01
7.924999999999852385e+00 4.301272204899333484e-01
7.929999999999852278e+00 4.299578195327436458e-01
7.934999999999852172e+00 4.297880755194624647e-01
7.939999999999852065e+00 4.296179935969089980e-01
7.944999999999851958e+00 4.294475789813103073e-01
7.949999999999851852e+00 4.292768369572342868e-01
7.954999999999851745e+00 4.291057728767623813e-01
7.959999999999851639e+00 4.289343921584672370e-01
7.964999999999851532e+00 4.287627002863801939e-01
7.969999999999851426e+00 4.285907028090687465e-01
7.974999999999851319e+00 4.284184053386164703e-01
7.979999999999851212e+00 4.282458135495732510e-01
7.984999999999851106e+00 4.280729331779663527e-01
7.989999999999850999e+00 4.278997700202340493e-01
7.994999999999850893e+00 4.277263299322330292e-01
7.999999999999850786e+00 4.275526188281067452e-01
8.004999999999849791e+00 4.273786426793026449e-01
8.009999999999850573e+00 4.272044075133408780e-01
8.014999999999851354e+00 4.270299194129686948e-01
8.019999999999850360e+00 4.268551845148287338e-01
8.024999999999849365e+00 4.266802090084533816e-01
8.029999999999850147e+00 4.265049991351115843e-01
8.034999999999850928e+00 4.263295611868204715e-01
8.039999999999849933e+00 4.261539015049447543e-01
8.044999999999848939e+00 4.259780264792756288e-01
8.049999999999849720e+00 4.258019425468146379e-01
8.054999999999850502e+00 4.256256561906124336e-01
8.059999999999849507e+00 4.254491739384300697e-01
8.064999999999848512e+00 4.252725023619657319e-01
8.069999999999849294e+00 4.250956480751119093e-01
8.074999999999850075e+00 4.249186177333276193e-01
8.079999999999849081e+00 4.247414180319193933e-01
8.084999999999848086e+00 4.245640557052765551e-01
8.089999999999848868e+00 4.243865375252879324e-01
8.094999999999849649e+00 4.242088703003507044e-01
8.099999999999848654e+00 4.240310608740087694e-01
8.104999999999847660e+00 4.238531161237830136e-01
8.109999999999848441e+00 4.236750429599053236e-01
8.114999999999849223e+00 4.234968483239898718e-01
8.119999999999848228e+00 4.233185391878835913e-01
8.124999999999847233e+00 4.231401225523855891e-01
8.129999999999848015e+00 4.229616054458208430e-01
8.134999999999848797e+00 4.227829949229682249e-01
8.139999999999847802e+00 4.226042980636469104e-01
8.144999999999846807e+00 4.224255219714930232e-01
8.149999999999847589e+00 4.222466737725501518e-01
8.154999999999848370e+00 4.220677606141921001e-01
8.159999999999847375e+00 4.218887896634812562e-01
8.164999999999846381e+00 4.217097681061827141e-01
8.169999999999847162e+00 4.215307031453724429e-01
8.174999999999847944e+00 4.213516019998392315e-01
8.179999999999846949e+00 4.211724719032259867e-01
8.184999999999845954e+00 4.209933201023423055e-01
8.189999999999846736e+00 4.208141538559617700e-01
8.194999999999847518e+00 4.206349804325176800e-01
8.199999999999846523e+00 4.204558071136648145e-01
8.204999999999845528e+00 4.202766411831783677e-01
8.209999999999846310e+00 4.200974899352142855e-01
8.214999999999847091e+00 4.199183606683812298e-01
8.219999999999846096e+00 4.197392606850699481e-01
8.224999999999845102e+00 4.195601972904420829e-01
8.229999999999845883e+00 4.193811777906288341e-01
8.234999999999846665e+00 4.192022094918433361e-01
8.239999999999845670e+00 4.190232996987318104e-01
8.244999999999844675e+00 4.188444557131346113e-01
8.249999999999845457e+00 4.186656848327525715e-01
8.254999999999846239e+00 4.184869943497111500e-01
8.259999999999845244e+00 4.183083915492241678e-01
8.264999999999844249e+00 4.181298837083854969e-01
8.269999999999845031e+00 4.179514780945723373e-01
8.274999999999845812e+00 4.177731819643115685e-01
8.279999999999844817e+00 4.175950025617995442e-01
8.284999999999843823e+00 4.174169471176178980e-01
8.289999999999844604e+00 4.172390228473540352e-01
8.294999999999845386e+00 4.170612369503938210e-01
8.299999999999844391e+00 4.168835966081744226e-01
8.304999999999843396e+00 4.167061089833327125e-01
8.309999999999844178e+00 4.165287812181066585e-01
8.314999999999844960e+00 4.163516204330127701e-01
8.319999999999843965e+00 4.161746337256173045e-01
8.324999999999842970e+00 4.159978281690642765e-01
8.329999999999843752e+00 4.158212108109123339e-01
8.334999999999844533e+00 4.156447886715547990e-01
8.339999999999843538e+00 4.154685687432645991e-01
8.344999999999842544e+00 4.152925579884951812e-01
8.349999999999843325e+00 4.151167633390595579e-01
8.354999999999844107e+00 4.149411916941601608e-01
8.359999999999843112e+00 4.147658499196160142e-01
8.364999999999842117e+00 4.145907448466478185e-01
8.369999999999842899e+00 4.144158832698992545e-01
8.374999999999843681e+00 4.142412719469945048e-01
8.379999999999842686e+00 4.140669175966498750e-01
8.384999999999841691e+00 4.138928268978656622e-01
8.389999999999842473e+00 4.137190064881564600e-01
8.394999999999843254e+00 4.135454629627834944e-01
8.399999999999842260e+00 4.133722028732277343e-01
8.404999999999841265e+00 4.131992327260242126e-01
8.409999999999842046e+00 4.130265589815112492e-01
8.414999999999842828e+00 4.128541880527406005e-01
8.419999999999841833e+00 4.126821263039579524e-01
8.424999999999840838e+00 4.125103800496841555e-01
8.429999999999841620e+00 4.123389555534561213e-01
8.434999999999842402e+00 4.121678590266301678e-01
8.439999999999841407e+00 4.119970966269708157e-01
8.444999999999840412e+00 4.118266744578895633e-01
8.449999999999841194e+00 4.116565985669926597e-01
8.454999999999841975e+00 4.114868749451229823e-01
8.459999999999840981e+00 4.113175095249466118e-01
8.464999999999839986e+00 4.111485081801568020e-01
8.469999999999840767e+00 4.109798767241685247e-01
8.474999999999841549e+00 4.108116209089546778e-01
8.479999999999840554e+00 4.106437464241706192e-01
8.484999999999839559e+00 4.104762588958533187e-01
8.489999999999840341e+00 4.103091638855052015e-01
8.494999999999841123e+00 4.101424668889272485e-01
8.499999999999840128e+00 4.099761733343162962e-01
8.504999999999839133e+00 4.098102885860489542e-01
8.509999999999839915e+00 4.096448179336923401e-01
8.514999999999840696e+00 4.094797666013735293e-01
8.519999999999839702e+00 4.093151397410416115e-01
8.524999999999838707e+00 4.091509424332319123e-01
8.529999999999839488e+00 4.089871796856609509e-01
8.534999999999840270e+00 4.088238564324465640e-01
8.539999999999839275e+00 4.086609775331685457e-01
8.544999999999838280e+00 4.084985477718611757e-01
8.549999999999839062e+00 4.083365718561423607e-01
8.554999999999839844e+00 4.081750544163033068e-01
8.559999999999838849e+00 4.080140000047352000e-01
8.564999999999837854e+00 4.078534130943846092e-01
8.569999999999838636e+00 4.076932980785840099e-01
8.574999999999839417e+00 4.075336592699323468e-01
8.579999999999838423e+00 4.073745008994824057e-01
8.584999999999837428e+00 4.072158271159643794e-01
8.589999999999838209e+00 4.070576419850141514e-01
8.594999999999838991e+00 4.068999494884941726e-01
8.599999999999837996e+00 4.067427535233812952e-01
8.604999999999837001e+00 4.065860579018080734e-01
8.609999999999837783e+00 4.064298663494939068e-01
8.614999999999838565e+00 4.062741825053456379e-01
8.619999999999837570e+00 4.061190099211202109e-01
8.624999999999836575e+00 4.059643520603180011e-01
8.629999999999837357e+00 4.058102122977575443e-01
8.634999999999838138e+00 4.056565939191386083e-01
8.639999999999837144e+00 4.055035001197326294e-01
8.644999999999836149e+00 4.053509340045142739e-01
8.649999999999836930e+00 4.051988985875489835e-01
8.654999999999837712e+00 4.050473967910730999e-01
8.659999999999836717e+00 4.048964314448821322e-01
8.664999999999835723e+00 4.047460052864404467e-01
8.669999999999836504e+00 4.045961209598244457e-01
8.674999999999837286e+00 4.044467810153863918e-01
8.679999999999836291e+00 4.042979879096675888e-01
8.684999999999835296e+00 4.041497440041731393e-01
8.689999999999836078e+00 4.040020515656335132e-01
8.694999999999836859e+00 4.038549127655685633e-01
8.699999999999835865e+00 4.037083296796274423e-01
8.704999999999834870e+00 4.035623042870618571e-01
8.709999999999835651e+00 4.034168384710225541e-01
8.714999999999836433e+00 4.032719340177115530e-01
8.719999999999835438e+00 4.031275926163110368e-01
8.724999999999834444e+00 4.029838158585767882e-01
8.729999999999835225e+00 4.028406052387119018e-01
8.734999999999836007e+00 4.026979621531353581e-01
8.739999999999835012e+00 4.025558879001845947e-01
8.744999999999834017e+00 4.024143836795072704e-01
8.749999999999834799e+00 4.022734505931200300e-01
8.754999999999835580e+00 4.021330896435831859e-01
8.759999999999834586e+00 4.019933017352617100e-01
8.764999999999833591e+00 4.018540876734906786e-01
8.769999999999834372e+00 4.017154481645823227e-01
8.774999999999835154e+00 4.015773838159937270e-01
8.779999999999834159e+00 4.014398951358753576e-01
8.784999999999833165e+00 4.013029825334887279e-01
8.789999999999833946e+00 4.011666463189043630e-01
8.794999999999834728e+00 4.010308867028076207e-01
8.799999999999833733e+00 4.008957037960571568e-01
8.804999999999832738e+00 4.007610976143600734e-01
8.809999999999833520e+00 4.006270680682887386e-01
8.814999999999834301e+00 4.004936149740065399e-01
8.819999999999833307e+00 4.003607380472864463e-01
8.824999999999832312e+00 4.002284369054899260e-01
8.829999999999833094e+00 4.000967110674664151e-01
8.834999999999833875e+00 3.999655599537453310e-01
8.839999999999832880e+00 3.998349828864518063e-01
8.844999999999831886e+00 3.997049790903314248e-01
8.849999999999832667e+00 3.995755476916604265e-01
8.854999999999833449e+00 3.994466877197441201e-01
8.859999999999832454e+00 3.993183981064714061e-01
8.864999999999831459e+00 3.991906776869498241e-01
8.869999999999832241e+00 3.990635251994884558e-01
8.874999999999833022e+00 3.989369392862646690e-01
8.879999999999832028e+00 3.988109184935073048e-01
8.884999999999831033e+00 3.986854612717948276e-01
8.889999999999831815e+00 3.985605659764109854e-01
8.894999999999832596e+00 3.984362308683999099e-01
8.899999999999831601e+00 3.983124541136897623e-01
8.904999999999830607e+00 3.981892337848034202e-01
8.909999999999831388e+00 3.980665678606706281e-01
8.914999999999832170e+00 3.979444542272493890e-01
8.919999999999831175e+00 3.978228906779651131e-01
8.924999999999830180e+00 3.977018749144475285e-01
8.929999999999830962e+00 3.975814045466959379e-01
8.934999999999831743e+00 3.974614770942632713e-01
8.939999999999830749e+00 3.973420899856799360e-01
8.944999999999829754e+00 3.972232405606389016e-01
8.949999999999830536e+00 3.971049260690628913e-01
8.954999999999831317e+00 3.969871436727314129e-01
8.959999999999830322e+00 3.968698904455113530e-01
8.964999999999829328e+00 3.967531633741174790e-01
8.969999999999830109e+00 3.966369593588418563e-01
8.974999999999830891e+00 3.965212752141146213e-01
8.979999999999829896e+00 3.964061076692719787e-01
8.984999999999828901e+00 3.962914533693231434e-01
8.989999999999829683e+00 3.961773088757278294e-01
8.994999999999830465e+00 3.960636706669176665e-01
8.999999999999829470e+00 3.959505351394562722e-01
9.004999999999828475e+00 3.958378986084551410e-01
9.009999999999829257e+00 3.957257573086346292e-01
9.014999999999830038e+00 3.956141073950006359e-01
9.019999999999829043e+00 3.955029449438627331e-01
9.024999999999828049e+00 3.953922659533781192e-01
9.029999999999828830e+00 3.952820663446733884e-01
9.034999999999829612e+00 3.951723419626955724e-01
9.039999999999828617e+00 3.950630885770195500e-01
9.044999999999827622e+00 3.949543018826638385e-01
9.049999999999828404e+00 3.948459775015427664e-01
9.054999999999829186e+00 3.947381109827537982e-01
9.059999999999828191e+00 3.946306978034768709e-01
9.064999999999827196e+00 3.945237333706566596e-01
9.069999999999827978e+00 3.944172130215192751e-01
9.074999999999828759e+00 3.943111320244002127e-01
9.079999999999827764e+00 3.942054855800931068e-01
9.084999999999826770e+00 3.941002688225805906e-01
9.089999999999827551e+00 3.939954768203398627e-01
9.094999999999828333e+00 3.938911045771524289e-01
9.099999999999827338e+00 3.937871470331225643e-01
9.104999999999826343e+00 3.936835990659697804e-01
9.109999999999827125e+00 3.935804554918568288e-01
9.114999999999827907e+00 3.934777110666505262e-01
9.119999999999826912e+00 3.933753604868283626e-01
9.124999999999825917e+00 3.932733983906973596e-01
9.129999999999826699e+00 3.931718193594873623e-01
9.134999999999827480e+00 3.930706179185267102e-01
9.139999999999826485e+00 3.929697885381258082e-01
9.144999999999825491e+00 3.928693256351242225e-01
9.149999999999826272e+00 3.927692235734911996e-01
9.154999999999827054e+00 3.926694766660043245e-01
9.159999999999826059e+00 3.925700791751113861e-01
9.164999999999825064e+00 3.924710253142224547e-01
9.169999999999825846e+00 3.923723092486840480e-01
9.174999999999826628e+00 3.922739250973063529e-01
9.179999999999825633e+00 3.921758669331033009e-01
9.184999999999824638e+00 3.920781287849391394e-01
9.189999999999825420e+00 3.919807046385467286e-01
9.194999999999826201e+00 3.918835884375437839e-01
9.199999999999825206e+00 3.917867740849022562e-01
9.204999999999824212e+00 3.916902554442187046e-01
9.209999999999824993e+00 3.915940263405888744e-01
9.214999999999825775e+00 3.914980805620534854e-01
9.219999999999824780e+00 3.914024118611914016e-01
9.224999999999823785e+00 3.913070139556046323e-01
9.229999999999824567e+00 3.912118805296503909e-01
9.234999999999825349e+00 3.911170052356632842e-01
9.239999999999824354e+00 3.910223816951661768e-01
9.244999999999823359e+00 3.909280035000265441e-01
9.249999999999824141e+00 3.908338642138315944e-01
9.254999999999824922e+00 3.907399573730536702e-01
9.259999999999823928e+00 3.906462764884303662e-01
9.264999999999822933e+00 3.905528150460329528e-01
9.269999999999823714e+00 3.904595665088066436e-01
9.274999999999824496e+00 3.903665243176034916e-01
9.279999999999823501e+00 3.902736818926391127e-01
9.284999999999822506e+00 3.901810326344998248e-01
9.289999999999823288e+00 3.900885699258437866e-01
9.294999999999824070e+00 3.899962871321023261e-01
9.299999999999823075e+00 3.899041776033589923e-01
9.304999999999822080e+00 3.898122346751044520e-01
9.309999999999822862e+00 3.897204516699098731e-01
9.314999999999823643e+00 3.896288218983722795e-01
9.319999999999822649e+00 3.895373386606492683e-01
9.324999999999821654e+00 3.894459952478249165e-01
9.329999999999822435e+00 3.893547849424763285e-01
9.334999999999823217e+00 3.892637010209150095e-01
9.339999999999822222e+00 3.891727367536775284e-01
9.344999999999821227e+00 3.890818854074234445e-01
9.349999999999822009e+00 3.889911402456015521e-01
9.354999999999822791e+00 3.889004945301087757e-01
9.359999999999821796e+00 3.888099415225352296e-01
9.364999999999820801e+00 3.887194744851025785e-01
9.369999999999821583e+00 3.886290866823580159e-01
9.374999999999822364e+00 3.885387713820677158e-01
9.379999999999821370e+00 3.884485218567061970e-01
9.384999999999820375e+00 3.883583313844299889e-01
9.389999999999821156e+00 3.882681932507313638e-01
9.394999999999821938e+00 3.881781007492126623e-01
9.399999999999820943e+00 3.880880471831283374e-01
9.404999999999819948e+00 3.879980258664798010e-01
9.409999999999820730e+00 3.879080301254548280e-01
9.414999999999821512e+00 3.878180532991165053e-01
9.419999999999820517e+00 3.877280887413341870e-01
9.424999999999819522e+00 3.876381298214300886e-01
9.429999999999820304e+00 3.875481699255414747e-01
9.434999999999821085e+00 3.874582024580139339e-01
9.439999999999820091e+00 3.873682208422326578e-01
9.444999999999819096e+00 3.872782185221020912e-01
9.449999999999819877e+00 3.871881889631715312e-01
9.454999999999820659e+00 3.870981256536384918e-01
9.459999999999819664e+00 3.870080221056756420e-01
9.464999999999818669e+00 3.869178718565150499e-01
9.469999999999819451e+00 3.868276684697778411e-01
9.474999999999820233e+00 3.867374055361798568e-01
9.479999999999819238e+00 3.866470766751928800e-01
9.484999999999818243e+00 3.865566755358292306e-01
9.489999999999819025e+00 3.864661957977786888e-01
9.494999999999819806e+00 3.863756311727149506e-01
9.499999999999818812e+00 3.862849754051935758e-01
9.504999999999817817e+00 3.861942222739621067e-01
9.509999999999818598e+00 3.861033655927667563e-01
9.514999999999819380e+00 3.860123992117008296e-01
9.519999999999818385e+00 3.859213170180020303e-01
9.524999999999817391e+00 3.858301129373937211e-01
9.529999999999818172e+00 3.857387809349421270e-01
9.534999999999818954e+00 3.856473150161693342e-01
9.539999999999817959e+00 3.855557092280504361e-01
9.544999999999816964e+00 3.854639576600745743e-01
9.549999999999817746e+00 3.853720544452704511e-01
9.554999999999818527e+00 3.852799937610832948e-01
9.559999999999817533e+00 3.851877698305432585e-01
9.564999999999816538e+00 3.850953769231371671e-01
9.569999999999817319e+00 3.850028093556973063e-01
9.574999999999818101e+00 3.849100614936141751e-01
9.579999999999817106e+00 3.848171277515209376e-01
9.584999999999816112e+00 3.847240025944922981e-01
9.589999999999816893e+00 3.846306805386661698e-01
9.594999999999817675e+00 3.845371561524766890e-01
9.599999999999816680e+00 3.844434240572534023e-01
9.604999999999815685e+00 3.843494789284249702e-01
9.609999999999816467e+00 3.842553154960812178e-01
9.614999999999817248e+00 3.841609285461562440e-01
9.619999999999816254e+00 3.840663129210903359e-01
9.624999999999815259e+00 3.839714635207200910e-01
9.629999999999816040e+00 3.838763753031152470e-01
9.634999999999816822e+00 3.837810432855086051e-01
9.639999999999815827e+00 3.836854625449537814e-01
9.644999999999814833e+00 3.835896282191522122e-01
9.649999999999815614e+00 3.834935355073859631e-01
9.654999999999816396e+00 3.833971796710645141e-01
9.659999999999815401e+00 3.833005560346850471e-01
9.664999999999814406e+00 3.832036599865486504e-01
9.669999999999815188e+00 3.831064869793995298e-01
9.674999999999815969e+00 3.830090325311876209e-01
9.679999999999814975e+00 3.829112922259854113e-01
9.684999999999813980e+00 3.828132617143683580e-01
9.689999999999814762e+00 3.827149367143022340e-01
9.694999999999815543e+00 3.826163130117219424e-01
9.699999999999814548e+00 3.825173864612914088e-01
9.704999999999813554e+00 3.824181529870594454e-01
9.709999999999814335e+00 3.823186085829295422e-01
9.714999999999815117e+00 3.822187493135028036e-01
9.719999999999814122e+00 3.821185713145281992e-01
9.724999999999813127e+00 3.820180707935236231e-01
9.729999999999813909e+00 3.819172440305567129e-01
9.734999999999814690e+00 3.818160873784132159e-01
9.739999999999813696e+00 3.817145972635951345e-01
9.744999999999812701e+00 3.816127701865171806e-01
9.749999999999813483e+00 3.815106027222734397e-01
9.754999999999814264e+00 3.814080915211215395e-01
9.759999999999813269e+00 3.813052333087515455e-01
9.764999999999812275e+00 3.812020248870828798e-01
9.769999999999813056e+00 3.810984631346107099e-01
9.774999999999813838e+00 3.809945450068184525e-01
9.779999999999812843e+00 3.808902675367435431e-01
9.784999999999811848e+00 3.807856278351967050e-01
9.789999999999812630e+00 3.806806230915644740e-01
9.794999999999813411e+00 3.805752505737498570e-01
9.799999999999812417e+00 3.804695076289342781e-01
9.804999999999811422e+00 3.803633916837909634e-01
9.809999999999812204e+00 3.802569002448289437e-01
9.814999999999812985e+00 3.801500308989690380e-01
9.819999999999811990e+00 3.800427813134549804e-01
9.824999999999810996e+00 3.799351492366006000e-01
9.829999999999811777e+00 3.798271324978775842e-01
9.834999999999812559e+00 3.797187290082325584e-01
9.839999999999811564e+00 3.796099367605007546e-01
9.844999999999810569e+00 3.795007538294545846e-01
9.849999999999811351e+00 3.793911783721521380e-01
9.854999999999812133e+00 3.792812086283674500e-01
9.859999999999811138e+00 3.791708429204015962e-01
9.864999999999810143e+00 3.790600796537334505e-01
9.869999999999810925e+00 3.789489173169425240e-01
9.874999999999811706e+00 3.788373544819359506e-01
9.879999999999810711e+00 3.787253898041438860e-01
9.884999999999809717e+00 3.786130220227024723e-01
9.889999999999810498e+00 3.785002499605375492e-01
9.894999999999811280e+00 3.783870725245720434e-01
9.899999999999810285e+00 3.782734887057774276e-01
9.904999999999809290e+00 3.781594975792109681e-01
9.909999999999810072e+00 3.780450983041669377e-01
9.914999999999810854e+00 3.779302901243334900e-01
9.919999999999809859e+00 3.778150723676477196e-01
9.924999999999808864e+00 3.776994444465500700e-01
9.929999999999809646e+00 3.775834058577923757e-01
9.934999999999810427e+00 3.774669561826459185e-01
9.939999999999809432e+00 3.773500950868109438e-01
9.944999999999808438e+00 3.772328223203373354e-01
9.949999999999809219e+00 3.771151377177892061e-01
9.954999999999810001e+00 3.769970411980033131e-01
9.959999999999809006e+00 3.768785327640942207e-01
9.964999999999808011e+00 3.767596125034125554e-01
9.969999999999808793e+00 3.766402805874232151e-01
9.974999999999809575e+00 3.765205372717281285e-01
9.979999999999808580e+00 3.764003828956651865e-01
9.984999999999807585e+00 3.762798178824893203e-01
9.989999999999808367e+00 3.761588427391569511e-01
9.994999999999809148e+00 3.760374580559543989e-01
9.999999999999808153e+00 3.759156645066226710e-01
1.000499999999980716e+01 3.757934628480464334e-01
1.000999999999980794e+01 3.756708539200185881e-01
1.001499999999980872e+01 3.755478386450427641e-01
1.001999999999980773e+01 3.754244180282270138e-01
1.002499999999980673e+01 3.753005931568989539e-01
1.002999999999980751e+01 3.751763652004123095e-01
1.003499999999980830e+01 3.750517354099208722e-01
1.003999999999980730e+01 3.749267051180958932e-01
1.004499999999980631e+01 3.748012757386540161e-01
1.004999999999980709e+01 3.746754487663683242e-01
1.005499999999980787e+01 3.745492257765293820e-01
1.005999999999980687e+01 3.744226084246642383e-01
1.006499999999980588e+01 3.742955984461840413e-01
1.006999999999980666e+01 3.741681976560443101e-01
1.007499999999980744e+01 3.740404079484525024e-01
1.007999999999980645e+01 3.739122312962767092e-01
1.008499999999980545e+01 3.737836697508958306e-01
1.008999999999980623e+01 3.736547254415686914e-01
1.009499999999980702e+01 3.735254005751783013e-01
1.009999999999980602e+01 3.733956974356824610e-01
1.010499999999980503e+01 3.732656183838340413e-01
1.010999999999980581e+01 3.731351658564262541e-01
1.011499999999980659e+01 3.730043423660814872e-01
1.011999999999980560e+01 3.728731505007455982e-01
1.012499999999980460e+01 3.727415929229720981e-01
1.012999999999980538e+01 3.726096723697120972e-01
1.013499999999980616e+01 3.724773916514892425e-01
1.013999999999980517e+01 3.723447536521694023e-01
1.014499999999980417e+01 3.722117613281311077e-01
1.014999999999980496e+01 3.720784177079454746e-01
1.015499999999980574e+01 3.719447258915484222e-01
1.015999999999980474e+01 3.718106890499094930e-01
1.016499999999980375e+01 3.716763104242968851e-01
1.016999999999980453e+01 3.715415933256673853e-01
1.017499999999980531e+01 3.714065411341165301e-01
1.017999999999980432e+01 3.712711572982355102e-01
1.018499999999980332e+01 3.711354453343648774e-01
1.018999999999980410e+01 3.709994088260251677e-01
1.019499999999980488e+01 3.708630514232511000e-01
1.019999999999980389e+01 3.707263768419823968e-01
1.020499999999980290e+01 3.705893888631806576e-01
1.020999999999980368e+01 3.704520913323283704e-01
1.021499999999980446e+01 3.703144881586186710e-01
1.021999999999980346e+01 3.701765833141916762e-01
1.022499999999980247e+01 3.700383808335307445e-01
1.022999999999980325e+01 3.698998848126360262e-01
1.023499999999980403e+01 3.697610994082824454e-01
1.023999999999980304e+01 3.696220288372237261e-01
1.024499999999980204e+01 3.694826773755819915e-01
1.024999999999980282e+01 3.693430493577198326e-01
1.025499999999980361e+01 3.692031491758885342e-01
1.025999999999980261e+01 3.690629812790098274e-01
1.026499999999980162e+01 3.689225501721024036e-01
1.026999999999980240e+01 3.687818604155042590e-01
1.027499999999980318e+01 3.686409166237574198e-01
1.027999999999980218e+01 3.684997234650710385e-01
1.028499999999980119e+01 3.683582856602866107e-01
1.028999999999980197e+01 3.682166079820587412e-01
1.029499999999980275e+01 3.680746952539883377e-01
1.029999999999980176e+01 3.679325523497680717e-01
1.030499999999980076e+01 3.677901841922076587e-01
1.030999999999980155e+01 3.676475957524244498e-01
1.031499999999980233e+01 3.675047920489317166e-01
1.031999999999980133e+01 3.673617781466391174e-01
1.032499999999980034e+01 3.672185591560036544e-01
1.032999999999980112e+01 3.670751402321033585e-01
1.033499999999980190e+01 3.669315265735759723e-01
1.033999999999980091e+01 3.667877234217944427e-01
1.034499999999979991e+01 3.666437360599791306e-01
1.034999999999980069e+01 3.664995698119492551e-01
1.035499999999980147e+01 3.663552300414135154e-01
1.035999999999980048e+01 3.662107221509376398e-01
1.036499999999979948e+01 3.660660515808350501e-01
1.036999999999980027e+01 3.659212238083170421e-01
1.037499999999980105e+01 3.657762443464100399e-01
1.037999999999980005e+01 3.656311187429511222e-01
1.038499999999979906e+01 3.654858525795999236e-01
1.038999999999979984e+01 3.653404514708651907e-01
1.039499999999980062e+01 3.651949210628809839e-01
1.039999999999979963e+01 3.650492670325995448e-01
1.040499999999979863e+01 3.649034950866552607e-01
1.040999999999979941e+01 3.647576109602737038e-01
1.041499999999980020e+01 3.646116204163324936e-01
1.041999999999979920e+01 3.644655292441429939e-01
1.042499999999979821e+01 3.643193432585676850e-01
1.042999999999979899e+01 3.641730682988231216e-01
1.043499999999979977e+01 3.640267102273935795e-01
1.043999999999979877e+01 3.638802749290895866e-01
1.044499999999979778e+01 3.637337683098291197e-01
1.044999999999979856e+01 3.635871962956321313e-01
1.045499999999979934e+01 3.634405648314331105e-01
1.045999999999979835e+01 3.632938798801761959e-01
1.046499999999979735e+01 3.631471474214157946e-01
1.046999999999979813e+01 3.630003734505197199e-01
1.047499999999979892e+01 3.628535639773400323e-01
1.047999999999979792e+01 3.627067250252316577e-01
1.048499999999979693e+01 3.625598626299140204e-01
1.048999999999979771e+01 3.624129828382535168e-01
1.049499999999979849e+01 3.622660917073083353e-01
1.049999999999979750e+01 3.621191953030523658e-01
1.050499999999979650e+01 3.619722996993635089e-01
1.050999999999979728e+01 3.618254109768195281e-01
1.051499999999979806e+01 3.616785352216791427e-01
1.051999999999979707e+01 3.615316785245205611e-01
1.052499999999979607e+01 3.613848469794461171e-01
1.052999999999979686e+01 3.612380466826196623e-01
1.053499999999979764e+01 3.610912837313067225e-01
1.053999999999979664e+01 3.609445642227696038e-01
1.054499999999979565e+01 3.607978942529696531e-01
1.054999999999979643e+01 3.606512799156361693e-01
1.055499999999979721e+01 3.605047273008847308e-01
1.055999999999979622e+01 3.603582424943929663e-01
1.056499999999979522e+01 3.602118315758785494e-01
1.056999999999979600e+01 3.600655006183214324e-01
1.057499999999979678e+01 3.599192556865947745e-01
1.057999999999979579e+01 3.597731028364319905e-01
1.058499999999979480e+01 3.596270481132274321e-01
1.058999999999979558e+01 3.594810975510195350e-01
1.059499999999979636e+01 3.593352571711823651e-01
1.059999999999979536e+01 3.591895329814292492e-01
1.060499999999979437e+01 3.590439309746410457e-01
1.060999999999979515e+01 3.588984571277147317e-01
1.061499999999979593e+01 3.587531174005016976e-01
1.061999999999979494e+01 3.586079177346400693e-01
1.062499999999979394e+01 3.584628640523735976e-01
1.062999999999979472e+01 3.583179622555790478e-01
1.063499999999979551e+01 3.581732182245346285e-01
1.063999999999979451e+01 3.580286378168186512e-01
1.064499999999979352e+01 3.578842268662684734e-01
1.064999999999979430e+01 3.577399911818222034e-01
1.065499999999979508e+01 3.575959365464440598e-01
1.065999999999979408e+01 3.574520687159884469e-01
1.066499999999979309e+01 3.573083934181902621e-01
1.066999999999979387e+01 3.571649163514696301e-01
1.067499999999979465e+01 3.570216431839259852e-01
1.067999999999979366e+01 3.568785795522684823e-01
1.068499999999979266e+01 3.567357310606921739e-01
1.068999999999979345e+01 3.565931032798750899e-01
1.069499999999979423e+01 3.564507017458155569e-01
1.069999999999979323e+01 3.563085319589090472e-01
1.070499999999979224e+01 3.561665993828168619e-01
1.070999999999979302e+01 3.560249094434355666e-01
1.071499999999979380e+01 3.558834675278745863e-01
1.071999999999979281e+01 3.557422789834936983e-01
1.072499999999979181e+01 3.556013491167346885e-01
1.072999999999979259e+01 3.554606831921938159e-01
1.073499999999979337e+01 3.553202864316790666e-01
1.073999999999979238e+01 3.551801640130758386e-01
1.074499999999979138e+01 3.550403210695091127e-01
1.074999999999979217e+01 3.549007626882164090e-01
1.075499999999979295e+01 3.547614939096879749e-01
1.075999999999979195e+01 3.546225197265986395e-01
1.076499999999979096e+01 3.544838450829627674e-01
1.076999999999979174e+01 3.543454748731211801e-01
1.077499999999979252e+01 3.542074139408571964e-01
1.077999999999979153e+01 3.540696670783437527e-01
1.078499999999979053e+01 3.539322390254007744e-01
1.078999999999979131e+01 3.537951344684373556e-01
1.079499999999979210e+01 3.536583580396475135e-01
1.079999999999979110e+01 3.535219143161467681e-01
1.080499999999979011e+01 3.533858078189310303e-01
1.080999999999979089e+01 3.532500430122215707e-01
1.081499999999979167e+01 3.531146243024207432e-01
1.081999999999979067e+01 3.529795560374729968e-01
1.082499999999978968e+01 3.528448425058104965e-01
1.082999999999979046e+01 3.527104879356943723e-01
1.083499999999979124e+01 3.525764964943408075e-01
1.083999999999979025e+01 3.524428722871088548e-01
1.084499999999978925e+01 3.523096193567959444e-01
1.084999999999979003e+01 3.521767416827583097e-01
1.085499999999979082e+01 3.520442431802136563e-01
1.085999999999978982e+01 3.519121276994962577e-01
1.086499999999978883e+01 3.517803990252963420e-01
1.086999999999978961e+01 3.516490608759288428e-01
1.087499999999979039e+01 3.515181169026491137e-01
1.087999999999978940e+01 3.513875706890074446e-01
1.088499999999978840e+01 3.512574257500101216e-01
1.088999999999978918e+01 3.511276855316382006e-01
1.089499999999978996e+01 3.509983534100494240e-01
1.089999999999978897e+01 3.508694326910339889e-01
1.090499999999978797e+01 3.507409266092932909e-01
1.090999999999978876e+01 3.506128383279206728e-01
1.091499999999978954e+01 3.504851709377762581e-01
1.091999999999978854e+01 3.503579274568761615e-01
1.092499999999978755e+01 3.502311108297857523e-01
1.092999999999978833e+01 3.501047239271702916e-01
1.093499999999978911e+01 3.499787695452142300e-01
1.093999999999978812e+01 3.498532504050284597e-01
1.094499999999978712e+01 3.497281691522512448e-01
1.094999999999978790e+01 3.496035283564436491e-01
1.095499999999978868e+01 3.494793305107204429e-01
1.095999999999978769e+01 3.493555780312180281e-01
1.096499999999978670e+01 3.492322732566431331e-01
1.096999999999978748e+01 3.491094184478600870e-01
1.097499999999978826e+01 3.489870157875226697e-01
1.097999999999978726e+01 3.488650673795899437e-01
1.098499999999978627e+01 3.487435752489761454e-01
1.098999999999978705e+01 3.486225413411889740e-01
1.099499999999978783e+01 3.485019675219744317e-01
1.099999999999978684e+01 3.483818555770539227e-01
1.100499999999978584e+01 3.482622072116133838e-01
1.100999999999978662e+01 3.481430240502261242e-01
1.101499999999978741e+01 3.480243076363999655e-01
1.101999999999978641e+01 3.479060594324250300e-01
1.102499999999978542e+01 3.477882808190284059e-01
1.102999999999978620e+01 3.476709730952091126e-01
1.103499999999978698e+01 3.475541374779764769e-01
1.103999999999978598e+01 3.474377751021540672e-01
1.104499999999978499e+01 3.473218870201945085e-01
1.104999999999978577e+01 3.472064742020977146e-01
1.105499999999978655e+01 3.470915375350550613e-01
1.105999999999978556e+01 3.469770778235490849e-01
1.106499999999978456e+01 3.468630957890687649e-01
1.106999999999978535e+01 3.467495920701004208e-01
1.107499999999978613e+01 3.466365672219965943e-01
1.107999999999978513e+01 3.465240217169550663e-01
1.108499999999978414e+01 3.464119559438632034e-01
1.108999999999978492e+01 3.463003702084703206e-01
1.109499999999978570e+01 3.461892647331343276e-01
1.109999999999978471e+01 3.460786396569977552e-01
1.110499999999978371e+01 3.459684950359349642e-01
1.110999999999978449e+01 3.458588308426364111e-01
1.111499999999978527e+01 3.457496469665343186e-01
1.111999999999978428e+01 3.456409432140692961e-01
1.112499999999978328e+01 3.455327193086156212e-01
1.112999999999978407e+01 3.454249748906773609e-01
1.113499999999978485e+01 3.453177095179417733e-01
1.113999999999978385e+01 3.452109226655117324e-01
1.114499999999978286e+01 3.451046137259469182e-01
1.114999999999978364e+01 3.449987820095116731e-01
1.115499999999978442e+01 3.448934267443810597e-01
1.115999999999978343e+01 3.447885470767798610e-01
1.116499999999978243e+01 3.446841420712300486e-01
1.116999999999978321e+01 3.445802107108211776e-01
1.117499999999978400e+01 3.444767518974312659e-01
1.117999999999978300e+01 3.443737644520128982e-01
1.118499999999978201e+01 3.442712471148989817e-01
1.118999999999978279e+01 3.441691985460517134e-01
1.119499999999978357e+01 3.440676173254325620e-01
1.119999999999978257e+01 3.439665019533674761e-01
1.120499999999978158e+01 3.438658508507974054e-01
1.120999999999978236e+01 3.437656623597563077e-01
1.121499999999978314e+01 3.436659347436991641e-01
1.121999999999978215e+01 3.435666661879081540e-01
1.122499999999978115e+01 3.434678547999246989e-01
1.122999999999978193e+01 3.433694986099917190e-01
1.123499999999978272e+01 3.432715955714230605e-01
1.123999999999978172e+01 3.431741435611883606e-01
1.124499999999978073e+01 3.430771403802913011e-01
1.124999999999978151e+01 3.429805837543245528e-01
1.125499999999978229e+01 3.428844713339729289e-01
1.125999999999978129e+01 3.427888006954509237e-01
1.126499999999978030e+01 3.426935693411560790e-01
1.126999999999978108e+01 3.425987747001646433e-01
1.127499999999978186e+01 3.425044141288050570e-01
1.127999999999978087e+01 3.424104849112148408e-01
1.128499999999977987e+01 3.423169842600193302e-01
1.128999999999978066e+01 3.422239093167960822e-01
1.129499999999978144e+01 3.421312571528544733e-01
1.129999999999978044e+01 3.420390247697337460e-01
1.130499999999977945e+01 3.419472090999952085e-01
1.130999999999978023e+01 3.418558070077456490e-01
1.131499999999978101e+01 3.417648152893730806e-01
1.131999999999978002e+01 3.416742306742764912e-01
1.132499999999977902e+01 3.415840498255122704e-01
1.132999999999977980e+01 3.414942693404912077e-01
1.133499999999978058e+01 3.414048857517759661e-01
1.133999999999977959e+01 3.413158955277652007e-01
1.134499999999977859e+01 3.412272950734704935e-01
1.134999999999977938e+01 3.411390807312406070e-01
1.135499999999978016e+01 3.410512487816089733e-01
1.135999999999977916e+01 3.409637954439581620e-01
1.136499999999977817e+01 3.408767168774850531e-01
1.136999999999977895e+01 3.407900091818436561e-01
1.137499999999977973e+01 3.407036683980731451e-01
1.137999999999977874e+01 3.406176905093455942e-01
1.138499999999977774e+01 3.405320714419145522e-01
1.138999999999977852e+01 3.404468070658400736e-01
1.139499999999977931e+01 3.403618931959436211e-01
1.139999999999977831e+01 3.402773255926300200e-01
1.140499999999977732e+01 3.401930999627800767e-01
1.140999999999977810e+01 3.401092119606543562e-01
1.141499999999977888e+01 3.400256571887449453e-01
1.141999999999977788e+01 3.399424311987559455e-01
1.142499999999977689e+01 3.398595294924210974e-01
1.142999999999977767e+01 3.397769475225539404e-01
1.143499999999977845e+01 3.396946806938520580e-01
1.143999999999977746e+01 3.396127243639275317e-01
1.144499999999977646e+01 3.395310738442133269e-01
1.144999999999977724e+01 3.394497244009367920e-01
1.145499999999977803e+01 3.393686712560769481e-01
1.145999999999977703e+01 3.392879095883439833e-01
1.146499999999977604e+01 3.392074345341244412e-01
1.146999999999977682e+01 3.391272411885180027e-01
1.147499999999977760e+01 3.390473246062889467e-01
1.147999999999977661e+01 3.389676798028883886e-01
1.148499999999977561e+01 3.388883017554508159e-01
1.148999999999977639e+01 3.388091854037665884e-01
1.149499999999977717e+01 3.387303256513540806e-01
1.149999999999977618e+01 3.386517173664682079e-01
1.150499999999977518e+01 3.385733553830886922e-01
1.150999999999977597e+01 3.384952345019922038e-01
1.151499999999977675e+01 3.384173494917754321e-01
1.151999999999977575e+01 3.383396950898597266e-01
1.152499999999977476e+01 3.382622660036188056e-01
1.152999999999977554e+01 3.381850569113385996e-01
1.153499999999977632e+01 3.381080624633082676e-01
1.153999999999977533e+01 3.380312772828892864e-01
1.154499999999977433e+01 3.379546959675279738e-01
1.154999999999977511e+01 3.378783130898891374e-01
1.155499999999977589e+01 3.378021231988584394e-01
1.155999999999977490e+01 3.377261208206253640e-01
1.156499999999977391e+01 3.376503004597500857e-01
1.156999999999977469e+01 3.375746566002910121e-01
1.157499999999977547e+01 3.374991837067714551e-01
1.157999999999977447e+01 3.374238762253748969e-01
1.158499999999977348e+01 3.373487285849054440e-01
1.158999999999977426e+01 3.372737351979779863e-01
1.159499999999977504e+01 3.371988904620180083e-01
1.159999999999977405e+01 3.371241887603633747e-01
1.160499999999977305e+01 3.370496244633717775e-01
1.160999999999977383e+01 3.369751919294730613e-01
1.161499999999977462e+01 3.369008855062573526e-01
1.161999999999977362e+01 3.368266995315715162e-01
1.162499999999977263e+01 3.367526283345831373e-01
1.162999999999977341e+01 3.366786662368653205e-01
1.163499999999977419e+01 3.366048075534885942e-01
1.163999999999977319e+01 3.365310465940840046e-01
1.164499999999977220e+01 3.364573776639399050e-01
1.164999999999977298e+01 3.363837950650681030e-01
1.165499999999977376e+01 3.363102930972804439e-01
1.165999999999977277e+01 3.362368660592724989e-01
1.166499999999977177e+01 3.361635082496740035e-01
1.166999999999977256e+01 3.360902139681499201e-01
1.167499999999977334e+01 3.360169775164243977e-01
1.167999999999977234e+01 3.359437931994307958e-01
1.168499999999977135e+01 3.358706553262421624e-01
1.168999999999977213e+01 3.357975582112881496e-01
1.169499999999977291e+01 3.357244961752572920e-01
1.169999999999977192e+01 3.356514635462601870e-01
1.170499999999977092e+01 3.355784546608595598e-01
1.170999999999977170e+01 3.355054638650463161e-01
1.171499999999977248e+01 3.354324855154095508e-01
1.171999999999977149e+01 3.353595139800356617e-01
1.172499999999977049e+01 3.352865436396496590e-01
1.172999999999977128e+01 3.352135688885929388e-01
1.173499999999977206e+01 3.351405841358545135e-01
1.173999999999977106e+01 3.350675838061090706e-01
1.174499999999977007e+01 3.349945623406978545e-01
1.174999999999977085e+01 3.349215141987000877e-01
1.175499999999977163e+01 3.348484338578691655e-01
1.175999999999977064e+01 3.347753158156802078e-01
1.176499999999976964e+01 3.347021545902912343e-01
1.176999999999977042e+01 3.346289447215771706e-01
1.177499999999977121e+01 3.345556807720591608e-01
1.177999999999977021e+01 3.344823573279064877e-01
1.178499999999976922e+01 3.344089689999214521e-01
1.178999999999977000e+01 3.343355104244725706e-01
1.179499999999977078e+01 3.342619762644745696e-01
1.179999999999976978e+01 3.341883612103423995e-01
1.180499999999976879e+01 3.341146599808887396e-01
1.180999999999976957e+01 3.340408673243297488e-01
1.181499999999977035e+01 3.339669780191744652e-01
1.181999999999976936e+01 3.338929868751248642e-01
1.182499999999976836e+01 3.338188887340484134e-01
1.182999999999976914e+01 3.337446784708474889e-01
1.183499999999976993e+01 3.336703509943503287e-01
1.183999999999976893e+01 3.335959012482435648e-01
1.184499999999976794e+01 3.335213242119018373e-01
1.184999999999976872e+01 3.334466149013123881e-01
1.185499999999976950e+01 3.333717683699096157e-01
1.185999999999976851e+01 3.332967797094352758e-01
1.186499999999976751e+01 3.332216440508180555e-01
1.186999999999976829e+01 3.331463565650065184e-01
1.187499999999976907e+01 3.330709124637423746e-01
1.187999999999976808e+01 3.329953070004583182e-01
1.188499999999976708e+01 3.329195354710783872e-01
1.188999999999976787e+01 3.328435932147926213e-01
1.189499999999976865e+01 3.327674756148752966e-01
1.189999999999976765e+01 3.326911780994777912e-01
1.190499999999976666e+01 3.326146961423979698e-01
1.190999999999976744e+01 3.325380252638160394e-01
1.191499999999976822e+01 3.324611610311145604e-01
1.191999999999976723e+01 3.323840990596605427e-01
1.192499999999976623e+01 3.323068350133057680e-01
1.192999999999976701e+01 3.322293646054614857e-01
1.193499999999976779e+01 3.321516835996020101e-01
1.193999999999976680e+01 3.320737878099656593e-01
1.194499999999976581e+01 3.319956731023314123e-01
1.194999999999976659e+01 3.319173353947110772e-01
1.195499999999976737e+01 3.318387706579736807e-01
1.195999999999976637e+01 3.317599749165271450e-01
1.196499999999976538e+01 3.316809442490489257e-01
1.196999999999976616e+01 3.316016747889561356e-01
1.197499999999976694e+01 3.315221627252529779e-01
1.197999999999976595e+01 3.314424043030062550e-01
1.198499999999976495e+01 3.313623958239995115e-01
1.198999999999976573e+01 3.312821336474247591e-01
1.199499999999976652e+01 3.312016141902809352e-01
1.199999999999976552e+01 3.311208339281406787e-01
1.200499999999976453e+01 3.310397893956248394e-01
1.200999999999976531e+01 3.309584771870005548e-01
1.201499999999976609e+01 3.308768939566869016e-01
1.201999999999976509e+01 3.307950364198336546e-01
1.202499999999976410e+01 3.307129013528208317e-01
1.202999999999976488e+01 3.306304855937893805e-01
1.203499999999976566e+01 3.305477860430805492e-01
1.203999999999976467e+01 3.304647996638825358e-01
1.204499999999976367e+01 3.303815234824918345e-01
1.204999999999976446e+01 3.302979545889459523e-01
1.205499999999976524e+01 3.302140901374367443e-01
1.205999999999976424e+01 3.301299273466853368e-01
1.206499999999976325e+01 3.300454635004822501e-01
1.206999999999976403e+01 3.299606959480321233e-01
1.207499999999976481e+01 3.298756221043668835e-01
1.207999999999976382e+01 3.297902394508266943e-01
1.208499999999976282e+01 3.297045455352653476e-01
1.208999999999976360e+01 3.296185379726289666e-01
1.209499999999976438e+01 3.295322144451651725e-01
1.209999999999976339e+01 3.294455727028430814e-01
1.210499999999976239e+01 3.293586105636632788e-01
1.210999999999976318e+01 3.292713259139825044e-01
1.211499999999976396e+01 3.291837167088568772e-01
1.211999999999976296e+01 3.290957809723099037e-01
1.212499999999976197e+01 3.290075167975919923e-01
1.212999999999976275e+01 3.289189223475081914e-01
1.213499999999976353e+01 3.288299958546873070e-01
1.213999999999976254e+01 3.287407356217649790e-01
1.214499999999976154e+01 3.286511400216863832e-01
1.214999999999976232e+01 3.285612074979036290e-01
1.215499999999976311e+01 3.284709365646212298e-01
1.215999999999976211e+01 3.283803258069046271e-01
1.216499999999976112e+01 3.282893738810236384e-01
1.216999999999976190e+01 3.281980795144671670e-01
1.217499999999976268e+01 3.281064415062110995e-01
1.217999999999976168e+01 3.280144587268347123e-01
1.218499999999976069e+01 3.279221301187061344e-01
1.218999999999976147e+01 3.278294546960197065e-01
1.219499999999976225e+01 3.277364315449573517e-01
1.219999999999976126e+01 3.276430598238310177e-01
1.220499999999976026e+01 3.275493387631580600e-01
1.220999999999976104e+01 3.274552676656314332e-01
1.221499999999976183e+01 3.273608459063321874e-01
1.221999999999976083e+01 3.272660729327517837e-01
1.222499999999975984e+01 3.271709482647345291e-01
1.222999999999976062e+01 3.270754714945924291e-01
1.223499999999976140e+01 3.269796422871659169e-01
1.223999999999976040e+01 3.268834603796602067e-01
1.224499999999975941e+01 3.267869255819013108e-01
1.224999999999976019e+01 3.266900377759670571e-01
1.225499999999976097e+01 3.265927969164643674e-01
1.225999999999975998e+01 3.264952030303212571e-01
1.226499999999975898e+01 3.263972562168248048e-01
1.226999999999975977e+01 3.262989566474200909e-01
1.227499999999976055e+01 3.262003045657644318e-01
1.227999999999975955e+01 3.261013002875589040e-01
1.228499999999975856e+01 3.260019442004547519e-01
1.228999999999975934e+01 3.259022367639437534e-01
1.229499999999976012e+01 3.258021785092313771e-01
1.229999999999975913e+01 3.257017700390841264e-01
1.230499999999975813e+01 3.256010120276422448e-01
1.230999999999975891e+01 3.254999052203479404e-01
1.231499999999975969e+01 3.253984504336773220e-01
1.231999999999975870e+01 3.252966485549525499e-01
1.232499999999975770e+01 3.251945005422274271e-01
1.232999999999975849e+01 3.250920074239571633e-01
1.233499999999975927e+01 3.249891702988492170e-01
1.233999999999975827e+01 3.248859903356108858e-01
1.234499999999975728e+01 3.247824687726928450e-01
1.234999999999975806e+01 3.246786069180085388e-01
1.235499999999975884e+01 3.245744061487246812e-01
1.235999999999975785e+01 3.244698679108412032e-01
1.236499999999975685e+01 3.243649937190626886e-01
1.236999999999975763e+01 3.242597851563998046e-01
1.237499999999975842e+01 3.241542438738436172e-01
1.237999999999975742e+01 3.240483715900656092e-01
1.238499999999975643e+01 3.239421700910509183e-01
1.238999999999975721e+01 3.238356412298039610e-01
1.239499999999975799e+01 3.237287869258598794e-01
1.239999999999975699e+01 3.236216091650436777e-01
1.240499999999975600e+01 3.235141099989948810e-01
1.240999999999975678e+01 3.234062915448109310e-01
1.241499999999975756e+01 3.232981559846305197e-01
1.241999999999975657e+01 3.231897055651713480e-01
1.242499999999975557e+01 3.230809425973867333e-01
1.242999999999975635e+01 3.229718694559157721e-01
1.243499999999975714e+01 3.228624885787504395e-01
1.243999999999975614e+01 3.227528024666226902e-01
1.244499999999975515e+01 3.226428136826755555e-01
1.244999999999975593e+01 3.225325248519028132e-01
1.245499999999975671e+01 3.224219386606200777e-01
1.245999999999975572e+01 3.223110578560612338e-01
1.246499999999975472e+01 3.221998852457801932e-01
1.246999999999975550e+01 3.220884236971048309e-01
1.247499999999975628e+01 3.219766761367170993e-01
1.247999999999975529e+01 3.218646455499633574e-01
1.248499999999975429e+01 3.217523349803692034e-01
1.248999999999975508e+01 3.216397475291319918e-01
1.249499999999975586e+01 3.215268863543703781e-01
1.249999999999975486e+01 3.214137546706717918e-01
1.250499999999975387e+01 3.213003557485183403e-01
1.250999999999975465e+01 3.211866929135677728e-01
1.251499999999975543e+01 3.210727695461050857e-01
1.251999999999975444e+01 3.209585890804118602e-01
1.252499999999975344e+01 3.208441550041085666e-01
1.252999999999975422e+01 3.207294708575336717e-01
1.253499999999975500e+01 3.206145402330484173e-01
1.253999999999975401e+01 3.204993667744858721e-01
1.254499999999975302e+01 3.203839541762518173e-01
1.254999999999975380e+01 3.202683061829315614e-01
1.255499999999975458e+01 3.201524265883845533e-01
1.255999999999975358e+01 3.200363192350639263e-01
1.256499999999975259e+01 3.199199880134560581e-01
1.256999999999975337e+01 3.198034368611778477e-01
1.257499999999975415e+01 3.196866697624353160e-01
1.257999999999975316e+01 3.195696907470940151e-01
1.258499999999975216e+01 3.194525038900923875e-01
1.258999999999975294e+01 3.193351133106299145e-01
1.259499999999975373e+01 3.192175231713983985e-01
1.259999999999975273e+01 3.190997376778381689e-01
1.260499999999975174e+01 3.189817610773640344e-01
1.260999999999975252e+01 3.188635976586410847e-01
1.261499999999975330e+01 3.187452517505849348e-01
1.261999999999975230e+01 3.186267277218463034e-01
1.262499999999975131e+01 3.185080299798003778e-01
1.262999999999975209e+01 3.183891629699225345e-01
1.263499999999975287e+01 3.182701311746657380e-01
1.263999999999975188e+01 3.181509391130296627e-01
1.264499999999975088e+01 3.180315913393846339e-01
1.264999999999975167e+01 3.179120924428613382e-01
1.265499999999975245e+01 3.177924470463420192e-01
1.265999999999975145e+01 3.176726598057849071e-01
1.266499999999975046e+01 3.175527354092335663e-01
1.266999999999975124e+01 3.174326785759148395e-01
1.267499999999975202e+01 3.173124940555136497e-01
1.267999999999975103e+01 3.171921866272402468e-01
1.268499999999975003e+01 3.170717610989112201e-01
1.268999999999975081e+01 3.169512223061022871e-01
1.269499999999975159e+01 3.168305751111630819e-01
1.269999999999975060e+01 3.167098244024933451e-01
1.270499999999974960e+01 3.165889750934715030e-01
1.270999999999975039e+01 3.164680321217065440e-01
1.271499999999975117e+01 3.163470004479116415e-01
1.271999999999975017e+01 3.162258850551966094e-01
1.272499999999974918e+01 3.161046909481010081e-01
1.272999999999974996e+01 3.159834231514496161e-01
1.273499999999975074e+01 3.158620867097844953e-01
1.273999999999974975e+01 3.157406866861542372e-01
1.274499999999974875e+01 3.156192281612764106e-01
1.274999999999974953e+01 3.154977162325364182e-01
1.275499999999975032e+01 3.153761560131829178e-01
1.275999999999974932e+01 3.152545526312576785e-01
1.276499999999974833e+01 3.151329112285687906e-01
1.276999999999974911e+01 3.150112369599492590e-01
1.277499999999974989e+01 3.148895349920489695e-01
1.277999999999974889e+01 3.147678105026653350e-01
1.278499999999974790e+01 3.146460686795199968e-01
1.278999999999974868e+01 3.145243147193397260e-01
1.279499999999974946e+01 3.144025538270708853e-01
1.279999999999974847e+01 3.142807912146672322e-01
1.280499999999974747e+01 3.141590321002337149e-01
1.280999999999974825e+01 3.140372817070375411e-01
1.281499999999974904e+01 3.139155452626046783e-01
1.281999999999974804e+01 3.137938279975245881e-01
1.282499999999974705e+01 3.136721351447436246e-01
1.282999999999974783e+01 3.135504719383666594e-01
1.283499999999974861e+01 3.134288436128276900e-01
1.283999999999974762e+01 3.133072554018276334e-01
1.284499999999974662e+01 3.131857125372990991e-01
1.284999999999974740e+01 3.130642202485393044e-01
1.285499999999974818e+01 3.129427837612065444e-01
1.285999999999974719e+01 3.128214082962606502e-01
1.286499999999974619e+01 3.127000990690225191e-01
1.286999999999974698e+01 3.125788612882423601e-01
1.287499999999974776e+01 3.124577001549757593e-01
1.287999999999974676e+01 3.123366208617939788e-01
1.288499999999974577e+01 3.122156285916431462e-01
1.288999999999974655e+01 3.120947285169600183e-01
1.289499999999974733e+01 3.119739257986314795e-01
1.289999999999974634e+01 3.118532255850351986e-01
1.290499999999974534e+01 3.117326330111332422e-01
1.290999999999974612e+01 3.116121531973494729e-01
1.291499999999974690e+01 3.114917912487657481e-01
1.291999999999974591e+01 3.113715522540791980e-01
1.292499999999974492e+01 3.112514412845202583e-01
1.292999999999974570e+01 3.111314633931911433e-01
1.293499999999974648e+01 3.110116236137230872e-01
1.293999999999974548e+01 3.108919269596112089e-01
1.294499999999974449e+01 3.107723784231756214e-01
1.294999999999974527e+01 3.106529829745094395e-01
1.295499999999974605e+01 3.105337455607182773e-01
1.295999999999974506e+01 3.104146711047769402e-01
1.296499999999974406e+01 3.102957645048207147e-01
1.296999999999974484e+01 3.101770306328737736e-01
1.297499999999974563e+01 3.100584743343449690e-01
1.297999999999974463e+01 3.099401004266812976e-01
1.298499999999974364e+01 3.098219136987965805e-01
1.298999999999974442e+01 3.097039189099473622e-01
1.299499999999974520e+01 3.095861207887930511e-01
1.299999999999974420e+01 3.094685240326561226e-01
1.300499999999974321e+01 3.093511333065829816e-01
1.300999999999974399e+01 3.092339532422442305e-01
1.301499999999974477e+01 3.091169884374169174e-01
1.301999999999974378e+01 3.090002434546911259e-01
1.302499999999974278e+01 3.088837228209170838e-01
1.302999999999974357e+01 3.087674310261404598e-01
1.303499999999974435e+01 3.086513725228659522e-01
1.303999999999974335e+01 3.085355517251173185e-01
1.304499999999974236e+01 3.084199730075885548e-01
1.304999999999974314e+01 3.083046407048867232e-01
1.305499999999974392e+01 3.081895591105545673e-01
1.305999999999974293e+01 3.080747324764663841e-01
1.306499999999974193e+01 3.079601650117552158e-01
1.306999999999974271e+01 3.078458608821176834e-01
1.307499999999974349e+01 3.077318242090573697e-01
1.307999999999974250e+01 3.076180590690373307e-01
1.308499999999974150e+01 3.075045694926649142e-01
1.308999999999974229e+01 3.073913594640717561e-01
1.309499999999974307e+01 3.072784329198130493e-01
1.309999999999974207e+01 3.071657937485133827e-01
1.310499999999974108e+01 3.070534457898130842e-01
1.310999999999974186e+01 3.069413928337987874e-01
1.311499999999974264e+01 3.068296386201588843e-01
1.311999999999974165e+01 3.067181868375379317e-01
1.312499999999974065e+01 3.066070411228127290e-01
1.312999999999974143e+01 3.064962050603536325e-01
1.313499999999974222e+01 3.063856821814075482e-01
1.313999999999974122e+01 3.062754759632985713e-01
1.314499999999974023e+01 3.061655898288718203e-01
1.314999999999974101e+01 3.060560271457855586e-01
1.315499999999974179e+01 3.059467912258490019e-01
1.315999999999974079e+01 3.058378853244126394e-01
1.316499999999973980e+01 3.057293126397365168e-01
1.316999999999974058e+01 3.056210763123954344e-01
1.317499999999974136e+01 3.055131794245891652e-01
1.317999999999974037e+01 3.054056249996209838e-01
1.318499999999973937e+01 3.052984160013579307e-01
1.318999999999974015e+01 3.051915553335424747e-01
1.319499999999974094e+01 3.050850458393389864e-01
1.319999999999973994e+01 3.049788903008026630e-01
1.320499999999973895e+01 3.048730914381768686e-01
1.320999999999973973e+01 3.047676519096325087e-01
1.321499999999974051e+01 3.046625743104918738e-01
1.321999999999973952e+01 3.045578611729468643e-01
1.322499999999973852e+01 3.044535149654502004e-01
1.322999999999973930e+01 3.043495380923603166e-01
1.323499999999974008e+01 3.042459328933120322e-01
1.323999999999973909e+01 3.041427016429621433e-01
1.324499999999973809e+01 3.040398465504359216e-01
1.324999999999973888e+01 3.039373697588821366e-01
1.325499999999973966e+01 3.038352733453077437e-01
1.325999999999973866e+01 3.037335593198361994e-01
1.326499999999973767e+01 3.036322296256195319e-01
1.326999999999973845e+01 3.035312861382626903e-01
1.327499999999973923e+01 3.034307306656987557e-01
1.327999999999973824e+01 3.033305649476725763e-01
1.328499999999973724e+01 3.032307906554554955e-01
1.328999999999973802e+01 3.031314093915869479e-01
1.329499999999973880e+01 3.030324226895680928e-01
1.329999999999973781e+01 3.029338320135388507e-01
1.330499999999973681e+01 3.028356387580525277e-01
1.330999999999973760e+01 3.027378442479095044e-01
1.331499999999973838e+01 3.026404497376224967e-01
1.331999999999973738e+01 3.025434564115520031e-01
1.332499999999973639e+01 3.024468653835547527e-01
1.332999999999973717e+01 3.023506776967303522e-01
1.333499999999973795e+01 3.022548943232632457e-01
1.333999999999973696e+01 3.021595161644153316e-01
1.334499999999973596e+01 3.020645440500989154e-01
1.334999999999973674e+01 3.019699787389863443e-01
1.335499999999973753e+01 3.018758209182922370e-01
1.335999999999973653e+01 3.017820712036237141e-01
1.336499999999973554e+01 3.016887301389457043e-01
1.336999999999973632e+01 3.015957981966383983e-01
1.337499999999973710e+01 3.015032757770661487e-01
1.337999999999973610e+01 3.014111632089224169e-01
1.338499999999973511e+01 3.013194607489602106e-01
1.338999999999973589e+01 3.012281685821162625e-01
1.339499999999973667e+01 3.011372868213393339e-01
1.339999999999973568e+01 3.010468155078865893e-01
1.340499999999973468e+01 3.009567546109216951e-01
1.340999999999973546e+01 3.008671040280595510e-01
1.341499999999973625e+01 3.007778635849965854e-01
1.341999999999973525e+01 3.006890330357805396e-01
1.342499999999973426e+01 3.006006120628924583e-01
1.342999999999973504e+01 3.005126002773638172e-01
1.343499999999973582e+01 3.004249972188587914e-01
1.343999999999973483e+01 3.003378023556743104e-01
1.344499999999973383e+01 3.002510150851280257e-01
1.344999999999973461e+01 3.001646347335495957e-01
1.345499999999973539e+01 3.000786605565480825e-01
1.345999999999973440e+01 2.999930917390988272e-01
1.346499999999973340e+01 2.999079273958106251e-01
1.346999999999973419e+01 2.998231665711741933e-01
1.347499999999973497e+01 2.997388082397305920e-01
1.347999999999973397e+01 2.996548513062859964e-01
1.348499999999973298e+01 2.995712946062779047e-01
1.348999999999973376e+01 2.994881369060696796e-01
1.349499999999973454e+01 2.994053769030070034e-01
1.349999999999973355e+01 2.993230132259266929e-01
1.350499999999973255e+01 2.992410444354460242e-01
1.350999999999973333e+01 2.991594690242511123e-01
1.351499999999973411e+01 2.990782854174522942e-01
1.351999999999973312e+01 2.989974919729580516e-01
1.352499999999973213e+01 2.989170869818064125e-01
1.352999999999973291e+01 2.988370686685398736e-01
1.353499999999973369e+01 2.987574351916560955e-01
1.353999999999973269e+01 2.986781846440415000e-01
1.354499999999973170e+01 2.985993150531763840e-01
1.354999999999973248e+01 2.985208243819916230e-01
1.355499999999973326e+01 2.984427105287765225e-01
1.355999999999973227e+01 2.983649713281706917e-01
1.356499999999973127e+01 2.982876045512583008e-01
1.356999999999973205e+01 2.982106079062111226e-01
1.357499999999973284e+01 2.981339790388002897e-01
1.357999999999973184e+01 2.980577155327768790e-01
1.358499999999973085e+01 2.979818149105382119e-01
1.358999999999973163e+01 2.979062746336484380e-01
1.359499999999973241e+01 2.978310921033456293e-01
1.359999999999973141e+01 2.977562646610426578e-01
1.360499999999973042e+01 2.976817895890491728e-01
1.360999999999973120e+01 2.976076641108481580e-01
1.361499999999973198e+01 2.975338853921449256e-01
1.361999999999973099e+01 2.974604505411901911e-01
1.362499999999972999e+01 2.973873566092721799e-01
1.362999999999973078e+01 2.973146005915814349e-01
1.363499999999973156e+01 2.972421794278735097e-01
1.363999999999973056e+01 2.971700900028688141e-01
1.364499999999972957e+01 2.970983291470837839e-01
1.364999999999973035e+01 2.970268936375166091e-01
1.365499999999973113e+01 2.969557801981785872e-01
1.365999999999973014e+01 2.968849855009647043e-01
1.366499999999972914e+01 2.968145061660962258e-01
1.366999999999972992e+01 2.967443387632244800e-01
1.367499999999973070e+01 2.966744798117902371e-01
1.367999999999972971e+01 2.966049257817670037e-01
1.368499999999972871e+01 2.965356730946581143e-01
1.368999999999972950e+01 2.964667181239718508e-01
1.369499999999973028e+01 2.963980571961954968e-01
1.369999999999972928e+01 2.963296865911856370e-01
1.370499999999972829e+01 2.962616025435916289e-01
1.370999999999972907e+01 2.961938012428032563e-01
1.371499999999972985e+01 2.961262788344384833e-01
1.371999999999972886e+01 2.960590314207173224e-01
1.372499999999972786e+01 2.959920550615010026e-01
1.372999999999972864e+01 2.959253457748129978e-01
1.373499999999972943e+01 2.958588995380537212e-01
1.373999999999972843e+01 2.957927122884535520e-01
1.374499999999972744e+01 2.957267799241441453e-01
1.374999999999972822e+01 2.956610983047798236e-01
1.375499999999972900e+01 2.955956632526350325e-01
1.375999999999972800e+01 2.955304705531398013e-01
1.376499999999972701e+01 2.954655159560468092e-01
1.376999999999972779e+01 2.954007951760588835e-01
1.377499999999972857e+01 2.953363038939015306e-01
1.377999999999972758e+01 2.952720377568444077e-01
1.378499999999972658e+01 2.952079923800260408e-01
1.378999999999972736e+01 2.951441633469489845e-01
1.379499999999972815e+01 2.950805462106453336e-01
1.379999999999972715e+01 2.950171364943853791e-01
1.380499999999972616e+01 2.949539296925453025e-01
1.380999999999972694e+01 2.948909212717872874e-01
1.381499999999972772e+01 2.948281066716017529e-01
1.381999999999972673e+01 2.947654813052970613e-01
1.382499999999972573e+01 2.947030405612854898e-01
1.382999999999972651e+01 2.946407798034253456e-01
1.383499999999972729e+01 2.945786943722716322e-01
1.383999999999972630e+01 2.945167795859501281e-01
1.384499999999972530e+01 2.944550307410774836e-01
1.384999999999972609e+01 2.943934431136713270e-01
1.385499999999972687e+01 2.943320119600982832e-01
1.385999999999972587e+01 2.942707325177130739e-01
1.386499999999972488e+01 2.942096000064602368e-01
1.386999999999972566e+01 2.941486096291829333e-01
1.387499999999972644e+01 2.940877565726729981e-01
1.387999999999972545e+01 2.940270360089928259e-01
1.388499999999972445e+01 2.939664430958945918e-01
1.388999999999972523e+01 2.939059729780886809e-01
1.389499999999972601e+01 2.938456207880875137e-01
1.389999999999972502e+01 2.937853816470836765e-01
1.390499999999972403e+01 2.937252506660480988e-01
1.390999999999972481e+01 2.936652229464302710e-01
1.391499999999972559e+01 2.936052935814702503e-01
1.391999999999972459e+01 2.935454576567557150e-01
1.392499999999972360e+01 2.934857102513446225e-01
1.392999999999972438e+01 2.934260464386372336e-01
1.393499999999972516e+01 2.933664612875171440e-01
1.393999999999972417e+01 2.933069498629743421e-01
1.394499999999972317e+01 2.932475072273079686e-01
1.394999999999972395e+01 2.931881284408258681e-01
1.395499999999972474e+01 2.931288085631770790e-01
1.395999999999972374e+01 2.930695426537537340e-01
1.396499999999972275e+01 2.930103257730214406e-01
1.396999999999972353e+01 2.929511529833042638e-01
1.397499999999972431e+01 2.928920193497175362e-01
1.397999999999972331e+01 2.928329199410893979e-01
1.398499999999972232e+01 2.927738498310318294e-01
1.398999999999972310e+01 2.927148040985317334e-01
1.399499999999972388e+01 2.926557778291897782e-01
1.399999999999972289e+01 2.925967661160980282e-01
1.400499999999972189e+01 2.925377640604774898e-01
1.400999999999972268e+01 2.924787667728487306e-01
1.401499999999972346e+01 2.924197693739833959e-01
1.401999999999972246e+01 2.923607669956441169e-01
1.402499999999972147e+01 2.923017547814956707e-01
1.402999999999972225e+01 2.922427278880274648e-01
1.403499999999972303e+01 2.921836814855261477e-01
1.403999999999972204e+01 2.921246107588252316e-01
1.404499999999972104e+01 2.920655109082575529e-01
1.404999999999972182e+01 2.920063771505647665e-01
1.405499999999972260e+01 2.919472047197653741e-01
1.405999999999972161e+01 2.918879888680420698e-01
1.406499999999972061e+01 2.918287248663170019e-01
1.406999999999972140e+01 2.917694080056312811e-01
1.407499999999972218e+01 2.917100335976070546e-01
1.407999999999972118e+01 2.916505969753057648e-01
1.408499999999972019e+01 2.915910934943263255e-01
1.408999999999972097e+01 2.915315185334383385e-01
1.409499999999972175e+01 2.914718674955497080e-01
1.409999999999972076e+01 2.914121358081490643e-01
1.410499999999971976e+01 2.913523189248303780e-01
1.410999999999972054e+01 2.912924123254667652e-01
1.411499999999972133e+01 2.912324115171459615e-01
1.411999999999972033e+01 2.911723120352879279e-01
1.412499999999971934e+01 2.911121094441592727e-01
1.412999999999972012e+01 2.910517993377551571e-01
1.413499999999972090e+01 2.909913773403382531e-01
1.413999999999971990e+01 2.909308391077161660e-01
1.414499999999971891e+01 2.908701803274844067e-01
1.414999999999971969e+01 2.908093967201866858e-01
1.415499999999972047e+01 2.907484840397746018e-01
1.415999999999971948e+01 2.906874380745077535e-01
1.416499999999971848e+01 2.906262546477653141e-01
1.416999999999971926e+01 2.905649296184168451e-01
1.417499999999972005e+01 2.905034588820221697e-01
1.417999999999971905e+01 2.904418383711597218e-01
1.418499999999971806e+01 2.903800640564528357e-01
1.418999999999971884e+01 2.903181319469745891e-01
1.419499999999971962e+01 2.902560380911421434e-01
1.419999999999971863e+01 2.901937785771802614e-01
1.420499999999971763e+01 2.901313495340647752e-01
1.420999999999971841e+01 2.900687471321440336e-01
1.421499999999971919e+01 2.900059675834985584e-01
1.421999999999971820e+01 2.899430071429232592e-01
1.422499999999971720e+01 2.898798621084786031e-01
1.422999999999971799e+01 2.898165288219878843e-01
1.423499999999971877e+01 2.897530036697591460e-01
1.423999999999971777e+01 2.896892830832777932e-01
1.424499999999971678e+01 2.896253635397530446e-01
1.424999999999971756e+01 2.895612415625556935e-01
1.425499999999971834e+01 2.894969137220223532e-01
1.425999999999971735e+01 2.894323766359311878e-01
1.426499999999971635e+01 2.893676269701196402e-01
1.426999999999971713e+01 2.893026614388712892e-01
1.427499999999971791e+01 2.892374768057792700e-01
1.427999999999971692e+01 2.891720698839949089e-01
1.428499999999971593e+01 2.891064375369178374e-01
1.428999999999971671e+01 2.890405766785075770e-01
1.429499999999971749e+01 2.889744842742933417e-01
1.429999999999971649e+01 2.889081573411214077e-01
1.430499999999971550e+01 2.888415929482444633e-01
1.430999999999971628e+01 2.887747882176859848e-01
1.431499999999971706e+01 2.887077403245330576e-01
1.431999999999971607e+01 2.886404464975390050e-01
1.432499999999971507e+01 2.885729040194672246e-01
1.432999999999971585e+01 2.885051102275541512e-01
1.433499999999971664e+01 2.884370625142380629e-01
1.433999999999971564e+01 2.883687583269941013e-01
1.434499999999971465e+01 2.883001951693028309e-01
1.434999999999971543e+01 2.882313706007124110e-01
1.435499999999971621e+01 2.881622822373759996e-01
1.435999999999971521e+01 2.880929277523138765e-01
1.436499999999971422e+01 2.880233048759362480e-01
1.436999999999971500e+01 2.879534113962364805e-01
1.437499999999971578e+01 2.878832451593773545e-01
1.437999999999971479e+01 2.878128040696328327e-01
1.438499999999971379e+01 2.877420860901486743e-01
1.438999999999971457e+01 2.876710892429874544e-01
1.439499999999971536e+01 2.875998116094826695e-01
1.439999999999971436e+01 2.875282513306189336e-01
1.440499999999971337e+01 2.874564066071136903e-01
1.440999999999971415e+01 2.873842757000777959e-01
1.441499999999971493e+01 2.873118569306739589e-01
1.441999999999971394e+01 2.872391486811042283e-01
1.442499999999971294e+01 2.871661493941674026e-01
1.442999999999971372e+01 2.870928575740086530e-01
1.443499999999971450e+01 2.870192717859291198e-01
1.443999999999971351e+01 2.869453906569045532e-01
1.444499999999971251e+01 2.868712128754617452e-01
1.444999999999971330e+01 2.867967371925415621e-01
1.445499999999971408e+01 2.867219624208856565e-01
1.445999999999971308e+01 2.866468874351580931e-01
1.446499999999971209e+01 2.865715111729740805e-01
1.446999999999971287e+01 2.864958326344326789e-01
1.447499999999971365e+01 2.864198508821064193e-01
1.447999999999971266e+01 2.863435650416464862e-01
1.448499999999971166e+01 2.862669743014261692e-01
1.448999999999971244e+01 2.861900779132162675e-01
1.449499999999971322e+01 2.861128751913262769e-01
1.449999999999971223e+01 2.860353655136876894e-01
1.450499999999971124e+01 2.859575483212783986e-01
1.450999999999971202e+01 2.858794231188815926e-01
1.451499999999971280e+01 2.858009894739076406e-01
1.451999999999971180e+01 2.857222470176383200e-01
1.452499999999971081e+01 2.856431954446264632e-01
1.452999999999971159e+01 2.855638345130060984e-01
1.453499999999971237e+01 2.854841640441040940e-01
1.453999999999971138e+01 2.854041839227985933e-01
1.454499999999971038e+01 2.853238940974646143e-01
1.454999999999971116e+01 2.852432945795861374e-01
1.455499999999971195e+01 2.851623854442922323e-01
1.455999999999971095e+01 2.850811668296591161e-01
1.456499999999970996e+01 2.849996389371979300e-01
1.456999999999971074e+01 2.849178020314656612e-01
1.457499999999971152e+01 2.848356564400710833e-01
1.457999999999971052e+01 2.847532025535727263e-01
1.458499999999970953e+01 2.846704408252875296e-01
1.458999999999971031e+01 2.845873717715788898e-01
1.459499999999971109e+01 2.845039959708710042e-01
1.459999999999971010e+01 2.844203140644326888e-01
1.460499999999970910e+01 2.843363267558785545e-01
1.460999999999970989e+01 2.842520348106015171e-01
1.461499999999971067e+01 2.841674390562309860e-01
1.461999999999970967e+01 2.840825403821545803e-01
1.462499999999970868e+01 2.839973397392669963e-01
1.462999999999970946e+01 2.839118381399624025e-01
1.463499999999971024e+01 2.838260366578697624e-01
1.463999999999970925e+01 2.837399364272555347e-01
1.464499999999970825e+01 2.836535386433714501e-01
1.464999999999970903e+01 2.835668445619731748e-01
1.465499999999970981e+01 2.834798554987812413e-01
1.465999999999970882e+01 2.833925728298337665e-01
1.466499999999970782e+01 2.833049979903854987e-01
1.466999999999970861e+01 2.832171324755355934e-01
1.467499999999970939e+01 2.831289778391935519e-01
1.467999999999970839e+01 2.830405356941301798e-01
1.468499999999970740e+01 2.829518077116153218e-01
1.468999999999970818e+01 2.828627956210872374e-01
1.469499999999970896e+01 2.827735012095869416e-01
1.469999999999970797e+01 2.826839263219680931e-01
1.470499999999970697e+01 2.825940728598536067e-01
1.470999999999970775e+01 2.825039427818053506e-01
1.471499999999970854e+01 2.824135381026415814e-01
1.471999999999970754e+01 2.823228608933661676e-01
1.472499999999970655e+01 2.822319132802482144e-01
1.472999999999970733e+01 2.821406974449868765e-01
1.473499999999970811e+01 2.820492156239240988e-01
1.473999999999970711e+01 2.819574701077694479e-01
1.474499999999970612e+01 2.818654632411828342e-01
1.474999999999970690e+01 2.817731974223068314e-01
1.475499999999970768e+01 2.816806751021067590e-01
1.475999999999970669e+01 2.815878987844143144e-01
1.476499999999970569e+01 2.814948710248070252e-01
1.476999999999970647e+01 2.814015944307135531e-01
1.477499999999970726e+01 2.813080716607090359e-01
1.477999999999970626e+01 2.812143054237043471e-01
1.478499999999970527e+01 2.811202984789400450e-01
1.478999999999970605e+01 2.810260536352823801e-01
1.479499999999970683e+01 2.809315737505292954e-01
1.479999999999970584e+01 2.808368617311088888e-01
1.480499999999970484e+01 2.807419205314826693e-01
1.480999999999970562e+01 2.806467531534751481e-01
1.481499999999970640e+01 2.805513626458621679e-01
1.481999999999970541e+01 2.804557521037511769e-01
1.482499999999970441e+01 2.803599246679823187e-01
1.482999999999970520e+01 2.802638835245755411e-01
1.483499999999970598e+01 2.801676319041779828e-01
1.483999999999970498e+01 2.800711730813097988e-01
1.484499999999970399e+01 2.799745103740483021e-01
1.484999999999970477e+01 2.798776471430280965e-01
1.485499999999970555e+01 2.797805867911887234e-01
1.485999999999970456e+01 2.796833327629628663e-01
1.486499999999970356e+01 2.795858885435221763e-01
1.486999999999970434e+01 2.794882576584214462e-01
1.487499999999970512e+01 2.793904436727648322e-01
1.487999999999970413e+01 2.792924501905424961e-01
1.488499999999970314e+01 2.791942808540451293e-01
1.488999999999970392e+01 2.790959393430946234e-01
1.489499999999970470e+01 2.789974293744576506e-01
1.489999999999970370e+01 2.788987547011143597e-01
1.490499999999970271e+01 2.787999191115537734e-01
1.490999999999970349e+01 2.787009264290336574e-01
1.491499999999970427e+01 2.786017805110745371e-01
1.491999999999970328e+01 2.785024852484910829e-01
1.492499999999970228e+01 2.784030445647998064e-01
1.492999999999970306e+01 2.783034624154835379e-01
1.493499999999970385e+01 2.782037427872223190e-01
1.493999999999970285e+01 2.781038896972750640e-01
1.494499999999970186e+01 2.780039071925619054e-01
1.494999999999970264e+01 2.779037993490408032e-01
1.495499999999970342e+01 2.778035702708736565e-01
1.495999999999970242e+01 2.777032240897513438e-01
1.496499999999970143e+01 2.776027649640505079e-01
1.496999999999970221e+01 2.775021970781199609e-01
1.497499999999970299e+01 2.774015246414958669e-01
1.497999999999970200e+01 2.773007518880633016e-01
1.498499999999970100e+01 2.771998830753118481e-01
1.498999999999970179e+01 2.770989224835780362e-01
1.499499999999970257e+01 2.769978744152192252e-01
1.499999999999970157e+01 2.768967431937676693e-01
1.500499999999970058e+01 2.767955331632186988e-01
1.500999999999970136e+01 2.766942486871887263e-01
1.501499999999970214e+01 2.765928941480439995e-01
1.501999999999970115e+01 2.764914739461669102e-01
1.502499999999970015e+01 2.763899924990531609e-01
1.502999999999970093e+01 2.762884542406499611e-01
1.503499999999970171e+01 2.761868636202817195e-01
1.503999999999970072e+01 2.760852251020567416e-01
1.504499999999969972e+01 2.759835431638530401e-01
1.504999999999970051e+01 2.758818222966271660e-01
1.505499999999970129e+01 2.757800670035580048e-01
1.505999999999970029e+01 2.756782817988487899e-01
1.506499999999969930e+01 2.755764712076518852e-01
1.506999999999970008e+01 2.754746397644625699e-01
1.507499999999970086e+01 2.753727920126097795e-01
1.507999999999969987e+01 2.752709325033940724e-01
1.508499999999969887e+01 2.751690657951812446e-01
1.508999999999969965e+01 2.750671964525827073e-01
1.509499999999970044e+01 2.749653290455587040e-01
1.509999999999969944e+01 2.748634681486248343e-01
1.510499999999969845e+01 2.747616183398672862e-01
1.510999999999969923e+01 2.746597842003500878e-01
1.511499999999970001e+01 2.745579703126147519e-01
1.511999999999969901e+01 2.744561812608716789e-01
1.512499999999969802e+01 2.743544216291164961e-01
1.512999999999969880e+01 2.742526960008799808e-01
1.513499999999969958e+01 2.741510089579458631e-01
1.513999999999969859e+01 2.740493650799648573e-01
1.514499999999969759e+01 2.739477689431038532e-01
1.514999999999969837e+01 2.738462251195142305e-01
1.515499999999969916e+01 2.737447381762803666e-01
1.515999999999969816e+01 2.736433126747365163e-01
1.516499999999969717e+01 2.735419531694098239e-01
1.516999999999969795e+01 2.734406642071909310e-01
1.517499999999969873e+01 2.733394503266109998e-01
1.517999999999969774e+01 2.732383160568334635e-01
1.518499999999969674e+01 2.731372659168507799e-01
1.518999999999969752e+01 2.730363044146050799e-01
1.519499999999969830e+01 2.729354360461977436e-01
1.519999999999969731e+01 2.728346652948775986e-01
1.520499999999969631e+01 2.727339966305009078e-01
1.520999999999969710e+01 2.726334345078954002e-01
1.521499999999969788e+01 2.725329833673892366e-01
1.521999999999969688e+01 2.724326476325746316e-01
1.522499999999969589e+01 2.723324317102273073e-01
1.522999999999969667e+01 2.722323399892485063e-01
1.523499999999969745e+01 2.721323768398400400e-01
1.523999999999969646e+01 2.720325466126569114e-01
1.524499999999969546e+01 2.719328536380258843e-01
1.524999999999969624e+01 2.718333022251375741e-01
1.525499999999969702e+01 2.717338966610212680e-01
1.525999999999969603e+01 2.716346412100942853e-01
1.526499999999969504e+01 2.715355401126836599e-01
1.526999999999969582e+01 2.714365975848905266e-01
1.527499999999969660e+01 2.713378178178599276e-01
1.527999999999969560e+01 2.712392049761529478e-01
1.528499999999969461e+01 2.711407631976281984e-01
1.528999999999969539e+01 2.710424965923544649e-01
1.529499999999969617e+01 2.709444092421441352e-01
1.529999999999969518e+01 2.708465051992610118e-01
1.530499999999969418e+01 2.707487884860135807e-01
1.530999999999969496e+01 2.706512630938985309e-01
1.531499999999969575e+01 2.705539329828022255e-01
1.531999999999969475e+01 2.704568020802308181e-01
1.532499999999969376e+01 2.703598742805331523e-01
1.532999999999969454e+01 2.702631534442627714e-01
1.533499999999969532e+01 2.701666433972156334e-01
1.533999999999969432e+01 2.700703479298447451e-01
1.534499999999969333e+01 2.699742707966317767e-01
1.534999999999969411e+01 2.698784157151258301e-01
1.535499999999969489e+01 2.697827863652161318e-01
1.535999999999969390e+01 2.696873863886038447e-01
1.536499999999969290e+01 2.695922193882148155e-01
1.536999999999969369e+01 2.694972889269741101e-01
1.537499999999969447e+01 2.694025985276122803e-01
1.537999999999969347e+01 2.693081516718382473e-01
1.538499999999969248e+01 2.692139517995181808e-01
1.538999999999969326e+01 2.691200023082454540e-01
1.539499999999969404e+01 2.690263065525210773e-01
1.539999999999969305e+01 2.689328678431429642e-01
1.540499999999969205e+01 2.688396894465795439e-01
1.540999999999969283e+01 2.687467745841934375e-01
1.541499999999969361e+01 2.686541264319000089e-01
1.541999999999969262e+01 2.685617481193308675e-01
1.542499999999969162e+01 2.684696427292811438e-01
1.542999999999969241e+01 2.683778132971538222e-01
1.543499999999969319e+01 2.682862628102896108e-01
1.543999999999969219e+01 2.681949942074103865e-01
1.544499999999969120e+01 2.681040103781501260e-01
1.544999999999969198e+01 2.680133141623141646e-01
1.545499999999969276e+01 2.679229083497527419e-01
1.545999999999969177e+01 2.678327956785008235e-01
1.546499999999969077e+01 2.677429788367001740e-01
1.546999999999969155e+01 2.676534604596029765e-01
1.547499999999969233e+01 2.675642431304176005e-01
1.547999999999969134e+01 2.674753293793181719e-01
1.548499999999969035e+01 2.673867216834557858e-01
1.548999999999969113e+01 2.672984224651659413e-01
1.549499999999969191e+01 2.672104340939300271e-01
1.549999999999969091e+01 2.671227588836798117e-01
1.550499999999968992e+01 2.670353990923901022e-01
1.550999999999969070e+01 2.669483569238441101e-01
1.551499999999969148e+01 2.668616345248066013e-01
1.551999999999969049e+01 2.667752339857922261e-01
1.552499999999968949e+01 2.666891573406196536e-01
1.552999999999969027e+01 2.666034065649302565e-01
1.553499999999969106e+01 2.665179835780249196e-01
1.553999999999969006e+01 2.664328902407111510e-01
1.554499999999968907e+01 2.663481283543141509e-01
1.554999999999968985e+01 2.662636996635506237e-01
1.555499999999969063e+01 2.661796058520329300e-01
1.555999999999968963e+01 2.660958485448602917e-01
1.556499999999968864e+01 2.660124293081460034e-01
1.556999999999968942e+01 2.659293496468887463e-01
1.557499999999969020e+01 2.658466110064703347e-01
1.557999999999968921e+01 2.657642147715350567e-01
1.558499999999968821e+01 2.656821622660158200e-01
1.558999999999968900e+01 2.656004547528317827e-01
1.559499999999968978e+01 2.655190934334825115e-01
1.559999999999968878e+01 2.654380794483480743e-01
1.560499999999968779e+01 2.653574138757051615e-01
1.560999999999968857e+01 2.652770977323095636e-01
1.561499999999968935e+01 2.651971319726986187e-01
1.561999999999968836e+01 2.651175174891450270e-01
1.562499999999968736e+01 2.650382551119290775e-01
1.562999999999968814e+01 2.649593456075354792e-01
1.563499999999968892e+01 2.648807896819705410e-01
1.563999999999968793e+01 2.648025879759705603e-01
1.564499999999968693e+01 2.647247410699393178e-01
1.564999999999968772e+01 2.646472494786988316e-01
1.565499999999968850e+01 2.645701136563333722e-01
1.565999999999968750e+01 2.644933339925348292e-01
1.566499999999968651e+01 2.644169108140806412e-01
1.566999999999968729e+01 2.643408443845060574e-01
1.567499999999968807e+01 2.642651349046540865e-01
1.567999999999968708e+01 2.641897825106027664e-01
1.568499999999968608e+01 2.641147872772409699e-01
1.568999999999968686e+01 2.640401492148825580e-01
1.569499999999968765e+01 2.639658682713179050e-01
1.569999999999968665e+01 2.638919443297760847e-01
1.570499999999968566e+01 2.638183772124549908e-01
1.570999999999968644e+01 2.637451666774422443e-01
1.571499999999968722e+01 2.636723124188224965e-01
1.571999999999968622e+01 2.635998140698664338e-01
1.572499999999968523e+01 2.635276711996842880e-01
1.572999999999968601e+01 2.634558833150772994e-01
1.573499999999968679e+01 2.633844498601493611e-01
1.573999999999968580e+01 2.633133702172505419e-01
1.574499999999968480e+01 2.632426437048506762e-01
1.574999999999968558e+01 2.631722695815509883e-01
1.575499999999968637e+01 2.631022470429636440e-01
1.575999999999968537e+01 2.630325752219183078e-01
1.576499999999968438e+01 2.629632531919232075e-01
1.576999999999968516e+01 2.628942799637496441e-01
1.577499999999968594e+01 2.628256544874745804e-01
1.577999999999968495e+01 2.627573756527439852e-01
1.578499999999968395e+01 2.626894422871528523e-01
1.578999999999968473e+01 2.626218531606041573e-01
1.579499999999968551e+01 2.625546069800435700e-01
1.579999999999968452e+01 2.624877023956415090e-01
1.580499999999968352e+01 2.624211379951885137e-01
1.580999999999968431e+01 2.623549123103597336e-01
1.581499999999968509e+01 2.622890238110643923e-01
1.581999999999968409e+01 2.622234709117621798e-01
1.582499999999968310e+01 2.621582519658719468e-01
1.582999999999968388e+01 2.620933652716018192e-01
1.583499999999968466e+01 2.620288090684789184e-01
1.583999999999968367e+01 2.619645815393289445e-01
1.584499999999968267e+01 2.619006808104339945e-01
1.584999999999968345e+01 2.618371049523038896e-01
1.585499999999968423e+01 2.617738519781800388e-01
1.585999999999968324e+01 2.617109198482794885e-01
1.586499999999968225e+01 2.616483064664529290e-01
1.586999999999968303e+01 2.615860096824648706e-01
1.587499999999968381e+01 2.615240272925634657e-01
1.587999999999968281e+01 2.614623570382925144e-01
1.588499999999968182e+01 2.614009966090135029e-01
1.588999999999968260e+01 2.613399436427672473e-01
1.589499999999968338e+01 2.612791957227921236e-01
1.589999999999968239e+01 2.612187503840680547e-01
1.590499999999968139e+01 2.611586051077703363e-01
1.590999999999968217e+01 2.610987573262690820e-01
1.591499999999968296e+01 2.610392044212231366e-01
1.591999999999968196e+01 2.609799437266123734e-01
1.592499999999968097e+01 2.609209725251668277e-01
1.592999999999968175e+01 2.608622880530640509e-01
1.593499999999968253e+01 2.608038874984441868e-01
1.593999999999968153e+01 2.607457680024446445e-01
1.594499999999968054e+01 2.606879266597519340e-01
1.594999999999968132e+01 2.606303605192101247e-01
1.595499999999968210e+01 2.605730665840656490e-01
1.595999999999968111e+01 2.605160418146595380e-01
1.596499999999968011e+01 2.604592831248263018e-01
1.596999999999968090e+01 2.604027873868081100e-01
1.597499999999968168e+01 2.603465514297563788e-01
1.597999999999968068e+01 2.602905720407847068e-01
1.598499999999967969e+01 2.602348459657166102e-01
1.598999999999968047e+01 2.601793699096653922e-01
1.599499999999968125e+01 2.601241405377533455e-01
1.599999999999968026e+01 2.600691544753908624e-01
1.600499999999967926e+01 2.600144083110956239e-01
1.600999999999967827e+01 2.599598985928472383e-01
1.601499999999968082e+01 2.599056218331965429e-01
1.601999999999967983e+01 2.598515745077109584e-01
1.602499999999967883e+01 2.597977530562492476e-01
1.602999999999968139e+01 2.597441538835258412e-01
1.603499999999968040e+01 2.596907733601232504e-01
1.603999999999967940e+01 2.596376078227934370e-01
1.604499999999967841e+01 2.595846535755761963e-01
1.604999999999967741e+01 2.595319068905438953e-01
1.605499999999967997e+01 2.594793640081743402e-01
1.605999999999967898e+01 2.594270211385545921e-01
1.606499999999967798e+01 2.593748744619085445e-01
1.606999999999968054e+01 2.593229201294129371e-01
1.607499999999967955e+01 2.592711542639797861e-01
1.607999999999967855e+01 2.592195729610101695e-01
1.608499999999967756e+01 2.591681722892175133e-01
1.608999999999967656e+01 2.591169482913759925e-01
1.609499999999967912e+01 2.590658969851272198e-01
1.609999999999967812e+01 2.590150143637832691e-01
1.610499999999967713e+01 2.589642963971292011e-01
1.610999999999967969e+01 2.589137390320920828e-01
1.611499999999967869e+01 2.588633381938298950e-01
1.611999999999967770e+01 2.588130897862709889e-01
1.612499999999967670e+01 2.587629896930321860e-01
1.612999999999967571e+01 2.587130337782366785e-01
1.613499999999967827e+01 2.586632178873301546e-01
1.613999999999967727e+01 2.586135378478147673e-01
1.614499999999967628e+01 2.585639894702234654e-01
1.614999999999967883e+01 2.585145685488027256e-01
1.615499999999967784e+01 2.584652708624037842e-01
1.615999999999967685e+01 2.584160921753030915e-01
1.616499999999967585e+01 2.583670282380081118e-01
1.616999999999967486e+01 2.583180747881087536e-01
1.617499999999967741e+01 2.582692275511085933e-01
1.617999999999967642e+01 2.582204822411411360e-01
1.618499999999967542e+01 2.581718345620083732e-01
1.618999999999967798e+01 2.581232802080501987e-01
1.619499999999967699e+01 2.580748148644921858e-01
1.619999999999967599e+01 2.580264342088292584e-01
1.620499999999967500e+01 2.579781339114143313e-01
1.620999999999967400e+01 2.579299096363527055e-01
1.621499999999967656e+01 2.578817570422825556e-01
1.621999999999967557e+01 2.578336717831808955e-01
1.622499999999967457e+01 2.577856495093869826e-01
1.622999999999967713e+01 2.577376858681682537e-01
1.623499999999967613e+01 2.576897765047350131e-01
1.623999999999967514e+01 2.576419170629897226e-01
1.624499999999967415e+01 2.575941031863724917e-01
1.624999999999967315e+01 2.575463305187745133e-01
1.625499999999967571e+01 2.574985947050124069e-01
1.625999999999967471e+01 2.574508913923854725e-01
1.626499999999967372e+01 2.574032162305137650e-01
1.626999999999967628e+01 2.573555648731158385e-01
1.627499999999967528e+01 2.573079329781585711e-01
1.627999999999967429e+01 2.572603162090107976e-01
1.628499999999967329e+01 2.572127102348953365e-01
1.628999999999967230e+01 2.571651107323140173e-01
1.629499999999967486e+01 2.571175133853353389e-01
1.629999999999967386e+01 2.570699138865533140e-01
1.630499999999967287e+01 2.570223079376605102e-01
1.630999999999967542e+01 2.569746912510745829e-01
1.631499999999967443e+01 2.569270595497318843e-01
1.631999999999967343e+01 2.568794085680882189e-01
1.632499999999967244e+01 2.568317340537311644e-01
1.632999999999967145e+01 2.567840317669360384e-01
1.633499999999967400e+01 2.567362974823512722e-01
1.633999999999967301e+01 2.566885269894658150e-01
1.634499999999967201e+01 2.566407160933582010e-01
1.634999999999967457e+01 2.565928606154437852e-01
1.635499999999967358e+01 2.565449563946369249e-01
1.635999999999967258e+01 2.564969992872405125e-01
1.636499999999967159e+01 2.564489851685335386e-01
1.636999999999967059e+01 2.564009099333302011e-01
1.637499999999967315e+01 2.563527694965292980e-01
1.637999999999967216e+01 2.563045597937079756e-01
1.638499999999967116e+01 2.562562767823017840e-01
1.638999999999967372e+01 2.562079164424013733e-01
1.639499999999967272e+01 2.561594747764717184e-01
1.639999999999967173e+01 2.561109478117231109e-01
1.640499999999967073e+01 2.560623315992591187e-01
1.640999999999966974e+01 2.560136222156398911e-01
1.641499999999967230e+01 2.559648157633607757e-01
1.641999999999967130e+01 2.559159083715825678e-01
1.642499999999967031e+01 2.558668961967839328e-01
1.642999999999967287e+01 2.558177754236788393e-01
1.643499999999967187e+01 2.557685422649695339e-01
1.643999999999967088e+01 2.557191929637783745e-01
1.644499999999966988e+01 2.556697237925960597e-01
1.644999999999966889e+01 2.556201310547485672e-01
1.645499999999967145e+01 2.555704110849671973e-01
1.645999999999967045e+01 2.555205602501166573e-01
1.646499999999966946e+01 2.554705749492093281e-01
1.646999999999967201e+01 2.554204516148227411e-01
1.647499999999967102e+01 2.553701867140544812e-01
1.647999999999967002e+01 2.553197767471727664e-01
1.648499999999966903e+01 2.552692182508826679e-01
1.648999999999966803e+01 2.552185077968852078e-01
1.649499999999967059e+01 2.551676419933675555e-01
1.649999999999966960e+01 2.551166174854602731e-01
1.650499999999966860e+01 2.550654309557554567e-01
1.650999999999967116e+01 2.550140791249201344e-01
1.651499999999967017e+01 2.549625587522605930e-01
1.651999999999966917e+01 2.549108666362552844e-01
1.652499999999966818e+01 2.548589996151383597e-01
1.652999999999966718e+01 2.548069545674176428e-01
1.653499999999966974e+01 2.547547284124084821e-01
1.653999999999966874e+01 2.547023181107713752e-01
1.654499999999966775e+01 2.546497206650162326e-01
1.654999999999967031e+01 2.545969331200356178e-01
1.655499999999966931e+01 2.545439525635684874e-01
1.655999999999966832e+01 2.544907761267269364e-01
1.656499999999966732e+01 2.544374009844818652e-01
1.656999999999966633e+01 2.543838243560810342e-01
1.657499999999966889e+01 2.543300435055995679e-01
1.657999999999966789e+01 2.542760557423353052e-01
1.658499999999966690e+01 2.542218584212945776e-01
1.658999999999966946e+01 2.541674489436234197e-01
1.659499999999966846e+01 2.541128247570178522e-01
1.659999999999966747e+01 2.540579833561838474e-01
1.660499999999966647e+01 2.540029222832261846e-01
1.660999999999966548e+01 2.539476391280754974e-01
1.661499999999966803e+01 2.538921315288596436e-01
1.661999999999966704e+01 2.538363971723019974e-01
1.662499999999966604e+01 2.537804337941216293e-01
1.662999999999966860e+01 2.537242391793697593e-01
1.663499999999966761e+01 2.536678111627994614e-01
1.663999999999966661e+01 2.536111476292445821e-01
1.664499999999966562e+01 2.535542465139209445e-01
1.664999999999966462e+01 2.534971058027679081e-01
1.665499999999966718e+01 2.534397235328084141e-01
1.665999999999966619e+01 2.533820977918059825e-01
1.666499999999966519e+01 2.533242267210643051e-01
1.666999999999966775e+01 2.532661085119192190e-01
1.667499999999966676e+01 2.532077414087319234e-01
1.667999999999966576e+01 2.531491237089668056e-01
1.668499999999966477e+01 2.530902537603000879e-01
1.668999999999966377e+01 2.530311299672891034e-01
1.669499999999966633e+01 2.529717507859710057e-01
1.669999999999966533e+01 2.529121147239350442e-01
1.670499999999966434e+01 2.528522203463737794e-01
1.670999999999966690e+01 2.527920662705788191e-01
1.671499999999966590e+01 2.527316511661576448e-01
1.671999999999966491e+01 2.526709737608628936e-01
1.672499999999966391e+01 2.526100328345864954e-01
1.672999999999966292e+01 2.525488272232462306e-01
1.673499999999966548e+01 2.524873558150375619e-01
1.673999999999966448e+01 2.524256175578116212e-01
1.674499999999966349e+01 2.523636114497542771e-01
1.674999999999966604e+01 2.523013365484661485e-01
1.675499999999966505e+01 2.522387919649104471e-01
1.675999999999966406e+01 2.521759768662368284e-01
1.676499999999966306e+01 2.521128904753039968e-01
1.676999999999966207e+01 2.520495320708541764e-01
1.677499999999966462e+01 2.519859009875841105e-01
1.677999999999966363e+01 2.519219966162735136e-01
1.678499999999966263e+01 2.518578184038078871e-01
1.678999999999966519e+01 2.517933658531689711e-01
1.679499999999966420e+01 2.517286385235885104e-01
1.679999999999966320e+01 2.516636360307136777e-01
1.680499999999966221e+01 2.515983580468891256e-01
1.680999999999966121e+01 2.515328042986016421e-01
1.681499999999966377e+01 2.514669745720993221e-01
1.681999999999966278e+01 2.514008687076437210e-01
1.682499999999966178e+01 2.513344866025659097e-01
1.682999999999966434e+01 2.512678282102308036e-01
1.683499999999966334e+01 2.512008935407306076e-01
1.683999999999966235e+01 2.511336826600511496e-01
1.684499999999966136e+01 2.510661956904288172e-01
1.684999999999966036e+01 2.509984328106407148e-01
1.685499999999966292e+01 2.509303942557647993e-01
1.685999999999966192e+01 2.508620803147917910e-01
1.686499999999966093e+01 2.507934913360738705e-01
1.686999999999966349e+01 2.507246277214805197e-01
1.687499999999966249e+01 2.506554899293306216e-01
1.687999999999966150e+01 2.505860784734728619e-01
1.688499999999966050e+01 2.505163939233859827e-01
1.688999999999965951e+01 2.504464369038251204e-01
1.689499999999966207e+01 2.503762080949630264e-01
1.689999999999966107e+01 2.503057082318884685e-01
1.690499999999966008e+01 2.502349381047628274e-01
1.690999999999966263e+01 2.501638985585037389e-01
1.691499999999966164e+01 2.500925904926125654e-01
1.691999999999966064e+01 2.500210148610029770e-01
1.692499999999965965e+01 2.499491726723804541e-01
1.692999999999965866e+01 2.498770649871557281e-01
1.693499999999966121e+01 2.498046929229929825e-01
1.693999999999966022e+01 2.497320576487767063e-01
1.694499999999965922e+01 2.496591603873771215e-01
1.694999999999966178e+01 2.495860024147216749e-01
1.695499999999966079e+01 2.495125850595611428e-01
1.695999999999965979e+01 2.494389097031750324e-01
1.696499999999965880e+01 2.493649777792877609e-01
1.696999999999965780e+01 2.492907907735074646e-01
1.697499999999966036e+01 2.492163502232496164e-01
1.697999999999965937e+01 2.491416577173475033e-01
1.698499999999965837e+01 2.490667148957561305e-01
1.698999999999966093e+01 2.489915234493450813e-01
1.699499999999965993e+01 2.489160851192862567e-01
1.699999999999965894e+01 2.488404016970616195e-01
1.700499999999965794e+01 2.487644750238907909e-01
1.700999999999965695e+01 2.486883069905785337e-01
1.701499999999965951e+01 2.486118995368889473e-01
1.701999999999965851e+01 2.485352546513677208e-01
1.702499999999965752e+01 2.484583743710246095e-01
1.702999999999966008e+01 2.483812607807189543e-01
1.703499999999965908e+01 2.483039160129416889e-01
1.703999999999965809e+01 2.482263422474085823e-01
1.704499999999965709e+01 2.481485417105337710e-01
1.704999999999965610e+01 2.480705166752349700e-01
1.705499999999965866e+01 2.479922694601338073e-01
1.705999999999965766e+01 2.479138024295385323e-01
1.706499999999965667e+01 2.478351179927199555e-01
1.706999999999965922e+01 2.477562186036037228e-01
1.707499999999965823e+01 2.476771067602261123e-01
1.707999999999965723e+01 2.475977850044150663e-01
1.708499999999965624e+01 2.475182559208666255e-01
1.708999999999965524e+01 2.474385221374889587e-01
1.709499999999965780e+01 2.473585863240616578e-01
1.709999999999965681e+01 2.472784511922886119e-01
1.710499999999965581e+01 2.471981194950175487e-01
1.710999999999965837e+01 2.471175940258462933e-01
1.711499999999965738e+01 2.470368776186007420e-01
1.711999999999965638e+01 2.469559731467730890e-01
1.712499999999965539e+01 2.468748835229505889e-01
1.712999999999965439e+01 2.467936116984955075e-01
1.713499999999965695e+01 2.467121606626236086e-01
1.713999999999965596e+01 2.466305334421446394e-01
1.714499999999965496e+01 2.465487331008661687e-01
1.714999999999965752e+01 2.464667627388970605e-01
1.715499999999965652e+01 2.463846254921829015e-01
1.715999999999965553e+01 2.463023245318646526e-01
1.716499999999965453e+01 2.462198630643721020e-01
1.716999999999965354e+01 2.461372443276703958e-01
1.717499999999965610e+01 2.460544715969086305e-01
1.717999999999965510e+01 2.459715481775253954e-01
1.718499999999965411e+01 2.458884774079455882e-01
1.718999999999965667e+01 2.458052626579807776e-01
1.719499999999965567e+01 2.457219073285933919e-01
1.719999999999965468e+01 2.456384148511543963e-01
1.720499999999965368e+01 2.455547886863713447e-01
1.720999999999965269e+01 2.454710323244875814e-01
1.721499999999965524e+01 2.453871492838984592e-01
1.721999999999965425e+01 2.453031431108102789e-01
1.722499999999965326e+01 2.452190173785785965e-01
1.722999999999965581e+01 2.451347756870040917e-01
1.723499999999965482e+01 2.450504216616295194e-01
1.723999999999965382e+01 2.449659589531404391e-01
1.724499999999965283e+01 2.448813912366065715e-01
1.724999999999965183e+01 2.447967222108637375e-01
1.725499999999965439e+01 2.447119555978410355e-01
1.725999999999965340e+01 2.446270951418295647e-01
1.726499999999965240e+01 2.445421446086855077e-01
1.726999999999965496e+01 2.444571077853253671e-01
1.727499999999965397e+01 2.443719884788674301e-01
1.727999999999965297e+01 2.442867905160812370e-01
1.728499999999965198e+01 2.442015177424843586e-01
1.728999999999965098e+01 2.441161740217463461e-01
1.729499999999965354e+01 2.440307632348609479e-01
1.729999999999965254e+01 2.439452892796202255e-01
1.730499999999965155e+01 2.438597560696461608e-01
1.730999999999965411e+01 2.437741675338267466e-01
1.731499999999965311e+01 2.436885276155338342e-01
1.731999999999965212e+01 2.436028402718827812e-01
1.732499999999965112e+01 2.435171094729831620e-01
1.732999999999965013e+01 2.434313392011841215e-01
1.733499999999965269e+01 2.433455334502880041e-01
1.733999999999965169e+01 2.432596962249581884e-01
1.734499999999965070e+01 2.431738315397886097e-01
1.734999999999965326e+01 2.430879434186937471e-01
1.735499999999965226e+01 2.430020358940654379e-01
1.735999999999965127e+01 2.429161130058245521e-01
1.736499999999965027e+01 2.428301788012361406e-01
1.736999999999964928e+01 2.427442373341374970e-01
1.737499999999965183e+01 2.426582926614277158e-01
1.737999999999965084e+01 2.425723488489485713e-01
1.738499999999964984e+01 2.424864099615358926e-01
1.738999999999965240e+01 2.424004800716939578e-01
1.739499999999965141e+01 2.423145632515065206e-01
1.739999999999965041e+01 2.422286635754887230e-01
1.740499999999964942e+01 2.421427851189237868e-01
1.740999999999964842e+01 2.420569319571733158e-01
1.741499999999965098e+01 2.419711081649191242e-01
1.741999999999964999e+01 2.418853178153261840e-01
1.742499999999964899e+01 2.417995649792875346e-01
1.742999999999965155e+01 2.417138537247261187e-01
1.743499999999965056e+01 2.416281881156519540e-01
1.743999999999964956e+01 2.415425722116962270e-01
1.744499999999964857e+01 2.414570100669089225e-01
1.744999999999964757e+01 2.413715057293245592e-01
1.745499999999965013e+01 2.412860632401276906e-01
1.745999999999964913e+01 2.412006866328239574e-01
1.746499999999964814e+01 2.411153799324646241e-01
1.746999999999965070e+01 2.410301471548757513e-01
1.747499999999964970e+01 2.409449923058503140e-01
1.747999999999964871e+01 2.408599193806261196e-01
1.748499999999964771e+01 2.407749323634910676e-01
1.748999999999964672e+01 2.406900352238221796e-01
1.749499999999964928e+01 2.406052319218678348e-01
1.749999999999964828e+01 2.405205264016089250e-01
1.750499999999964729e+01 2.404359225929441901e-01
1.750999999999964984e+01 2.403514244106874920e-01
1.751499999999964885e+01 2.402670357535028334e-01
1.751999999999964786e+01 2.401827605031773560e-01
1.752499999999964686e+01 2.400986025240406940e-01
1.752999999999964587e+01 2.400145656620943091e-01
1.753499999999964842e+01 2.399306537449881482e-01
1.753999999999964743e+01 2.398468705778977472e-01
1.754499999999964643e+01 2.397632199495637606e-01
1.754999999999964899e+01 2.396797056247303992e-01
1.755499999999964800e+01 2.395963313468874312e-01
1.755999999999964700e+01 2.395131008368143188e-01
1.756499999999964601e+01 2.394300177919306272e-01
1.756999999999964501e+01 2.393470858854669647e-01
1.757499999999964757e+01 2.392643087658150314e-01
1.757999999999964658e+01 2.391816900558843551e-01
1.758499999999964558e+01 2.390992333522642399e-01
1.758999999999964814e+01 2.390169422246267161e-01
1.759499999999964714e+01 2.389348202149951250e-01
1.759999999999964615e+01 2.388528708371155385e-01
1.760499999999964515e+01 2.387710975756091869e-01
1.760999999999964416e+01 2.386895038855429418e-01
1.761499999999964672e+01 2.386080931915459669e-01
1.761999999999964572e+01 2.385268688872420606e-01
1.762499999999964473e+01 2.384458343345353948e-01
1.762999999999964729e+01 2.383649928630394710e-01
1.763499999999964629e+01 2.382843477693528389e-01
1.763999999999964530e+01 2.382039023164165270e-01
1.764499999999964430e+01 2.381236597329974281e-01
1.764999999999964331e+01 2.380436232128109453e-01
1.765499999999964587e+01 2.379637959141548409e-01
1.765999999999964487e+01 2.378841809591893675e-01
1.766499999999964388e+01 2.378047814332795717e-01
1.766999999999964643e+01 2.377256003844019916e-01
1.767499999999964544e+01 2.376466408228673777e-01
1.767999999999964444e+01 2.375679057199397981e-01
1.768499999999964345e+01 2.374893980082941614e-01
1.768999999999964245e+01 2.374111205806602731e-01
1.769499999999964501e+01 2.373330762894023949e-01
1.769999999999964402e+01 2.372552679463234282e-01
1.770499999999964302e+01 2.371776983217035450e-01
1.770999999999964558e+01 2.371003701440227707e-01
1.771499999999964459e+01 2.370232860992367019e-01
1.771999999999964359e+01 2.369464488304132144e-01
1.772499999999964260e+01 2.368698609370402108e-01
1.772999999999964160e+01 2.367935249749140159e-01
1.773499999999964416e+01 2.367174434548597606e-01
1.773999999999964317e+01 2.366416188432837187e-01
1.774499999999964217e+01 2.365660535606326498e-01
1.774999999999964473e+01 2.364907499817258119e-01
1.775499999999964373e+01 2.364157104348954541e-01
1.775999999999964274e+01 2.363409372017194754e-01
1.776499999999964174e+01 2.362664325163546242e-01
1.776999999999964075e+01 2.361921985653442913e-01
1.777499999999964331e+01 2.361182374869992273e-01
1.777999999999964231e+01 2.360445513711565135e-01
1.778499999999964132e+01 2.359711422585735463e-01
1.778999999999964388e+01 2.358980121407206754e-01
1.779499999999964288e+01 2.358251629593095255e-01
1.779999999999964189e+01 2.357525966057782141e-01
1.780499999999964089e+01 2.356803149214685422e-01
1.780999999999963990e+01 2.356083196963322524e-01
1.781499999999964245e+01 2.355366126694713458e-01
1.781999999999964146e+01 2.354651955283610099e-01
1.782499999999964047e+01 2.353940699086287669e-01
1.782999999999964302e+01 2.353232373937364785e-01
1.783499999999964203e+01 2.352526995146384803e-01
1.783999999999964103e+01 2.351824577495579549e-01
1.784499999999964004e+01 2.351125135236419306e-01
1.784999999999963904e+01 2.350428682087233878e-01
1.785499999999964160e+01 2.349735231230624111e-01
1.785999999999964061e+01 2.349044795310737677e-01
1.786499999999963961e+01 2.348357386431266791e-01
1.786999999999964217e+01 2.347673016152442560e-01
1.787499999999964118e+01 2.346991695489925034e-01
1.787999999999964018e+01 2.346313434911115603e-01
1.788499999999963919e+01 2.345638244337195921e-01
1.788999999999963819e+01 2.344966133134323560e-01
1.789499999999964075e+01 2.344297110118199745e-01
1.789999999999963975e+01 2.343631183551752595e-01
1.790499999999963876e+01 2.342968361138640931e-01
1.790999999999964132e+01 2.342308650028046002e-01
1.791499999999964032e+01 2.341652056810014648e-01
1.791999999999963933e+01 2.340998587515111251e-01
1.792499999999963833e+01 2.340348247613455168e-01
1.792999999999963734e+01 2.339701042013637711e-01
1.793499999999963990e+01 2.339056975062153709e-01
1.793999999999963890e+01 2.338416050542654334e-01
1.794499999999963791e+01 2.337778271675016450e-01
1.794999999999964047e+01 2.337143641115652370e-01
1.795499999999963947e+01 2.336512160956326634e-01
1.795999999999963848e+01 2.335883832724857945e-01
1.796499999999963748e+01 2.335258657384093051e-01
1.796999999999963649e+01 2.334636635332530408e-01
1.797499999999963904e+01 2.334017766404470895e-01
1.797999999999963805e+01 2.333402049869925110e-01
1.798499999999963705e+01 2.332789484434843463e-01
1.798999999999963961e+01 2.332180068243055182e-01
1.799499999999963862e+01 2.331573798873629311e-01
1.799999999999963762e+01 2.330970673347129429e-01
1.800499999999963663e+01 2.330370688118929001e-01
1.800999999999963563e+01 2.329773839086393961e-01
1.801499999999963819e+01 2.329180121589618513e-01
1.801999999999963720e+01 2.328589530406352526e-01
1.802499999999963620e+01 2.328002059761453690e-01
1.802999999999963876e+01 2.327417703322661735e-01
1.803499999999963777e+01 2.326836454205316873e-01
1.803999999999963677e+01 2.326258304972970703e-01
1.804499999999963578e+01 2.325683247635078887e-01
1.804999999999963478e+01 2.325111273658926336e-01
1.805499999999963734e+01 2.324542373958929931e-01
1.805999999999963634e+01 2.323976538910358935e-01
1.806499999999963535e+01 2.323413758343257085e-01
1.806999999999963791e+01 2.322854021549059234e-01
1.807499999999963691e+01 2.322297317279729545e-01
1.807999999999963592e+01 2.321743633755580516e-01
1.808499999999963492e+01 2.321192958661695283e-01
1.808999999999963393e+01 2.320645279154867346e-01
1.809499999999963649e+01 2.320100581865443823e-01
1.809999999999963549e+01 2.319558852898329915e-01
1.810499999999963450e+01 2.319020077841432437e-01
1.810999999999963705e+01 2.318484241764641740e-01
1.811499999999963606e+01 2.317951329208480238e-01
1.811999999999963507e+01 2.317421324229317903e-01
1.812499999999963407e+01 2.316894210357687278e-01
1.812999999999963308e+01 2.316369970625040686e-01
1.813499999999963563e+01 2.315848587562333583e-01
1.813999999999963464e+01 2.315330043204756050e-01
1.814499999999963364e+01 2.314814319093038142e-01
1.814999999999963620e+01 2.314301396280151468e-01
1.815499999999963521e+01 2.313791255337890040e-01
1.815999999999963421e+01 2.313283876351892032e-01
1.816499999999963322e+01 2.312779238934611625e-01
1.816999999999963222e+01 2.312277322228578069e-01
1.817499999999963478e+01 2.311778104906063447e-01
1.817999999999963379e+01 2.311281565177570607e-01
1.818499999999963279e+01 2.310787680796196897e-01
1.818999999999963535e+01 2.310296429058539269e-01
1.819499999999963435e+01 2.309807786817052733e-01
1.819999999999963336e+01 2.309321730477519596e-01
1.820499999999963237e+01 2.308838236008101397e-01
1.820999999999963137e+01 2.308357278940297574e-01
1.821499999999963393e+01 2.307878834382554867e-01
1.821999999999963293e+01 2.307402877014458065e-01
1.822499999999963194e+01 2.306929381099420140e-01
1.822999999999963450e+01 2.306458320496151959e-01
1.823499999999963350e+01 2.305989668630418488e-01
1.823999999999963251e+01 2.305523398560971882e-01
1.824499999999963151e+01 2.305059482928327463e-01
1.824999999999963052e+01 2.304597893987903323e-01
1.825499999999963308e+01 2.304138603610397795e-01
1.825999999999963208e+01 2.303681583287833234e-01
1.826499999999963109e+01 2.303226804138857609e-01
1.826999999999963364e+01 2.302774236915748340e-01
1.827499999999963265e+01 2.302323852009280636e-01
1.827999999999963165e+01 2.301875619455674149e-01
1.828499999999963066e+01 2.301429508941986446e-01
1.828999999999962967e+01 2.300985489813363316e-01
1.829499999999963222e+01 2.300543531078340087e-01
1.829999999999963123e+01 2.300103601415547649e-01
1.830499999999963023e+01 2.299665669180463723e-01
1.830999999999963279e+01 2.299229702417399934e-01
1.831499999999963180e+01 2.298795668835873773e-01
1.831999999999963080e+01 2.298363535877563646e-01
1.832499999999962981e+01 2.297933270663278793e-01
1.832999999999962881e+01 2.297504840028648798e-01
1.833499999999963137e+01 2.297078210525753117e-01
1.833999999999963038e+01 2.296653348429144592e-01
1.834499999999962938e+01 2.296230219743145007e-01
1.834999999999963194e+01 2.295808790208687389e-01
1.835499999999963094e+01 2.295389025309803599e-01
1.835999999999962995e+01 2.294970890281221865e-01
1.836499999999962895e+01 2.294554350114880181e-01
1.836999999999962796e+01 2.294139369566062792e-01
1.837499999999963052e+01 2.293725913163464081e-01
1.837999999999962952e+01 2.293313945212158145e-01
1.838499999999962853e+01 2.292903429804084292e-01
1.838999999999963109e+01 2.292494330823703907e-01
1.839499999999963009e+01 2.292086611960685028e-01
1.839999999999962910e+01 2.291680236689585537e-01
1.840499999999962810e+01 2.291275168338263168e-01
1.840999999999962711e+01 2.290871370011976493e-01
1.841499999999962967e+01 2.290468804684057946e-01
1.841999999999962867e+01 2.290067435140812346e-01
1.842499999999962768e+01 2.289667224019142910e-01
1.842999999999963023e+01 2.289268133805411609e-01
1.843499999999962924e+01 2.288870126851089148e-01
1.843999999999962824e+01 2.288473165350034533e-01
1.844499999999962725e+01 2.288077211403939382e-01
1.844999999999962625e+01 2.287682226976666955e-01
1.845499999999962881e+01 2.287288173904242217e-01
1.845999999999962782e+01 2.286895013957715994e-01
1.846499999999962682e+01 2.286502708764390768e-01
1.846999999999962938e+01 2.286111219903157743e-01
1.847499999999962839e+01 2.285720508846977306e-01
1.847999999999962739e+01 2.285330537005801632e-01
1.848499999999962640e+01 2.284941265704511226e-01
1.848999999999962540e+01 2.284552656220034117e-01
1.849499999999962796e+01 2.284164669789569557e-01
1.849999999999962697e+01 2.283777267584887471e-01
1.850499999999962597e+01 2.283390410749688570e-01
1.850999999999962853e+01 2.283004060395240342e-01
1.851499999999962753e+01 2.282618177618565003e-01
1.851999999999962654e+01 2.282232723479617198e-01
1.852499999999962554e+01 2.281847659046297716e-01
1.852999999999962455e+01 2.281462945397842446e-01
1.853499999999962711e+01 2.281078543601875175e-01
1.853999999999962611e+01 2.280694414746069210e-01
1.854499999999962512e+01 2.280310519948070824e-01
1.854999999999962768e+01 2.279926820326249048e-01
1.855499999999962668e+01 2.279543277077534236e-01
1.855999999999962569e+01 2.279159851415806792e-01
1.856499999999962469e+01 2.278776504611440545e-01
1.856999999999962370e+01 2.278393197996647912e-01
1.857499999999962625e+01 2.278009892965206784e-01
1.857999999999962526e+01 2.277626550987064680e-01
1.858499999999962427e+01 2.277243133611965287e-01
1.858999999999962682e+01 2.276859602476259403e-01
1.859499999999962583e+01 2.276475919311736762e-01
1.859999999999962483e+01 2.276092045951954856e-01
1.860499999999962384e+01 2.275707944339078470e-01
1.860999999999962284e+01 2.275323576538414716e-01
1.861499999999962540e+01 2.274938904717374588e-01
1.861999999999962441e+01 2.274553891194601718e-01
1.862499999999962341e+01 2.274168498410615302e-01
1.862999999999962597e+01 2.273782688978824296e-01
1.863499999999962498e+01 2.273396425614398475e-01
1.863999999999962398e+01 2.273009671248394648e-01
1.864499999999962299e+01 2.272622388910155722e-01
1.864999999999962199e+01 2.272234541865149338e-01
1.865499999999962455e+01 2.271846093528000488e-01
1.865999999999962355e+01 2.271457007477232226e-01
1.866499999999962256e+01 2.271067247503691378e-01
1.866999999999962512e+01 2.270676777623785725e-01
1.867499999999962412e+01 2.270285562001424506e-01
1.867999999999962313e+01 2.269893565040376482e-01
1.868499999999962213e+01 2.269500751378834835e-01
1.868999999999962114e+01 2.269107085853374339e-01
1.869499999999962370e+01 2.268712533538642384e-01
1.869999999999962270e+01 2.268317059743696351e-01
1.870499999999962171e+01 2.267920630022180750e-01
1.870999999999962427e+01 2.267523210178735704e-01
1.871499999999962327e+01 2.267124766277383296e-01
1.871999999999962228e+01 2.266725264608969448e-01
1.872499999999962128e+01 2.266324671785807376e-01
1.872999999999962029e+01 2.265922954668014022e-01
1.873499999999962284e+01 2.265520080362861677e-01
1.873999999999962185e+01 2.265116016319389247e-01
1.874499999999962085e+01 2.264710730252451898e-01
1.874999999999962341e+01 2.264304190149163398e-01
1.875499999999962242e+01 2.263896364329732735e-01
1.875999999999962142e+01 2.263487221411523420e-01
1.876499999999962043e+01 2.263076730315383422e-01
1.876999999999961943e+01 2.262664860319477111e-01
1.877499999999962199e+01 2.262251580967099551e-01
1.877999999999962100e+01 2.261836862169853968e-01
1.878499999999962000e+01 2.261420674163980016e-01
1.878999999999962256e+01 2.261002987524961261e-01
1.879499999999962156e+01 2.260583773173358013e-01
1.879999999999962057e+01 2.260163002369085239e-01
1.880499999999961958e+01 2.259740646768445549e-01
1.880999999999961858e+01 2.259316678323824157e-01
1.881499999999962114e+01 2.258891069384983408e-01
1.881999999999962014e+01 2.258463792689955063e-01
1.882499999999961915e+01 2.258034821321112662e-01
1.882999999999962171e+01 2.257604128760559437e-01
1.883499999999962071e+01 2.257171688840122203e-01
1.883999999999961972e+01 2.256737475812054528e-01
1.884499999999961872e+01 2.256301464309194427e-01
1.884999999999961773e+01 2.255863629350314536e-01
1.885499999999962029e+01 2.255423946388811773e-01
1.885999999999961929e+01 2.254982391246778961e-01
1.886499999999961830e+01 2.254538940177851503e-01
1.886999999999962085e+01 2.254093569819237142e-01
1.887499999999961986e+01 2.253646257253880958e-01
1.887999999999961886e+01 2.253196979964356694e-01
1.888499999999961787e+01 2.252745715892514600e-01
1.888999999999961688e+01 2.252292443379277087e-01
1.889499999999961943e+01 2.251837141185376867e-01
1.889999999999961844e+01 2.251379788532990034e-01
1.890499999999961744e+01 2.250920365062537565e-01
1.890999999999962000e+01 2.250458850889919260e-01
1.891499999999961901e+01 2.249995226542247373e-01
1.891999999999961801e+01 2.249529473018616887e-01
1.892499999999961702e+01 2.249061571735195830e-01
1.892999999999961602e+01 2.248591504596550439e-01
1.893499999999961858e+01 2.248119253953856089e-01
1.893999999999961759e+01 2.247644802618714854e-01
1.894499999999961659e+01 2.247168133865739548e-01
1.894999999999961915e+01 2.246689231435294309e-01
1.895499999999961815e+01 2.246208079537634072e-01
1.895999999999961716e+01 2.245724662852033593e-01
1.896499999999961616e+01 2.245238966532286107e-01
1.896999999999961517e+01 2.244750976208841620e-01
1.897499999999961773e+01 2.244260677989512176e-01
1.897999999999961673e+01 2.243768058461833859e-01
1.898499999999961574e+01 2.243273104696572873e-01
1.898999999999961830e+01 2.242775804248710869e-01
1.899499999999961730e+01 2.242276145160047585e-01
1.899999999999961631e+01 2.241774115960373792e-01
1.900499999999961531e+01 2.241269705668522683e-01
1.900999999999961432e+01 2.240762903796162664e-01
1.901499999999961688e+01 2.240253700347826504e-01
1.901999999999961588e+01 2.239742085822197526e-01
1.902499999999961489e+01 2.239228051204389669e-01
1.902999999999961744e+01 2.238711588006033204e-01
1.903499999999961645e+01 2.238192688210769998e-01
1.903999999999961545e+01 2.237671344308313215e-01
1.904499999999961446e+01 2.237147549289699167e-01
1.904999999999961346e+01 2.236621296648226564e-01
1.905499999999961602e+01 2.236092580381520145e-01
1.905999999999961503e+01 2.235561394987814754e-01
1.906499999999961403e+01 2.235027735470870303e-01
1.906999999999961659e+01 2.234491597339493263e-01
1.907499999999961560e+01 2.233952976606886076e-01
1.907999999999961460e+01 2.233411869792361060e-01
1.908499999999961361e+01 2.232868273921581048e-01
1.908999999999961261e+01 2.232322186524368923e-01
1.909499999999961517e+01 2.231773605640221536e-01
1.909999999999961418e+01 2.231222529813597089e-01
1.910499999999961318e+01 2.230668958093462162e-01
1.910999999999961574e+01 2.230112890039546159e-01
1.911499999999961474e+01 2.229554325713337670e-01
1.911999999999961375e+01 2.228993265684084679e-01
1.912499999999961275e+01 2.228429711028189208e-01
1.912999999999961176e+01 2.227863663324424481e-01
1.913499999999961432e+01 2.227295124657738823e-01
1.913999999999961332e+01 2.226724097615541687e-01
1.914499999999961233e+01 2.226150585290646855e-01
1.914999999999961489e+01 2.225574591276701930e-01
1.915499999999961389e+01 2.224996119670240025e-01
1.915999999999961290e+01 2.224415175063603201e-01
1.916499999999961190e+01 2.223831762556170988e-01
1.916999999999961091e+01 2.223245887740677718e-01
1.917499999999961346e+01 2.222657556707412774e-01
1.917999999999961247e+01 2.222066776043305214e-01
1.918499999999961148e+01 2.221473552830420251e-01
1.918999999999961403e+01 2.220877894640064243e-01
1.919499999999961304e+01 2.220279809539793536e-01
1.919999999999961204e+01 2.219679306083658932e-01
1.920499999999961105e+01 2.219076393314138584e-01
1.920999999999961005e+01 2.218471080759710778e-01
1.921499999999961261e+01 2.217863378433262700e-01
1.921999999999961162e+01 2.217253296829842513e-01
1.922499999999961062e+01 2.216640846923366159e-01
1.922999999999961318e+01 2.216026040168976308e-01
1.923499999999961219e+01 2.215408888490949524e-01
1.923999999999961119e+01 2.214789404293789066e-01
1.924499999999961020e+01 2.214167600449607198e-01
1.924999999999960920e+01 2.213543490299420824e-01
1.925499999999961176e+01 2.212917087647789105e-01
1.925999999999961076e+01 2.212288406765307025e-01
1.926499999999960977e+01 2.211657462382704276e-01
1.926999999999961233e+01 2.211024269686658328e-01
1.927499999999961133e+01 2.210388844319730595e-01
1.927999999999961034e+01 2.209751202375202228e-01
1.928499999999960934e+01 2.209111360395852597e-01
1.928999999999960835e+01 2.208469335367170272e-01
1.929499999999961091e+01 2.207825144722048716e-01
1.929999999999960991e+01 2.207178806328138065e-01
1.930499999999960892e+01 2.206530338489895160e-01
1.930999999999961148e+01 2.205879759943813190e-01
1.931499999999961048e+01 2.205227089856624800e-01
1.931999999999960949e+01 2.204572347813863742e-01
1.932499999999960849e+01 2.203915553830256557e-01
1.932999999999960750e+01 2.203256728335100112e-01
1.933499999999961005e+01 2.202595892169314229e-01
1.933999999999960906e+01 2.201933066585227139e-01
1.934499999999960806e+01 2.201268273242602547e-01
1.934999999999961062e+01 2.200601534200391229e-01
1.935499999999960963e+01 2.199932871915493693e-01
1.935999999999960863e+01 2.199262309240199442e-01
1.936499999999960764e+01 2.198589869415445708e-01
1.936999999999960664e+01 2.197915576064438659e-01
1.937499999999960920e+01 2.197239453193972902e-01
1.937999999999960821e+01 2.196561525186483954e-01
1.938499999999960721e+01 2.195881816794206798e-01
1.938999999999960977e+01 2.195200353138238025e-01
1.939499999999960878e+01 2.194517159700716813e-01
1.939999999999960778e+01 2.193832262321152304e-01
1.940499999999960679e+01 2.193145687192674109e-01
1.940999999999960579e+01 2.192457460854632390e-01
1.941499999999960835e+01 2.191767610191850402e-01
1.941999999999960735e+01 2.191076162425077134e-01
1.942499999999960636e+01 2.190383145108705520e-01
1.942999999999960892e+01 2.189688586123728076e-01
1.943499999999960792e+01 2.188992513674758722e-01
1.943999999999960693e+01 2.188294956284919379e-01
1.944499999999960593e+01 2.187595942786886016e-01
1.944999999999960494e+01 2.186895502320967410e-01
1.945499999999960750e+01 2.186193664330606523e-01
1.945999999999960650e+01 2.185490458552267201e-01
1.946499999999960551e+01 2.184785915012961155e-01
1.946999999999960806e+01 2.184080064027989765e-01
1.947499999999960707e+01 2.183372936186951940e-01
1.947999999999960608e+01 2.182664562357553295e-01
1.948499999999960508e+01 2.181954973668645825e-01
1.948999999999960409e+01 2.181244201519892123e-01
1.949499999999960664e+01 2.180532277558293597e-01
1.949999999999960565e+01 2.179819233687835811e-01
1.950499999999960465e+01 2.179105102052096843e-01
1.950999999999960721e+01 2.178389915035602031e-01
1.951499999999960622e+01 2.177673705252629044e-01
1.951999999999960522e+01 2.176956505547477660e-01
1.952499999999960423e+01 2.176238348981062165e-01
1.952999999999960323e+01 2.175519268828244313e-01
1.953499999999960579e+01 2.174799298574331685e-01
1.953999999999960480e+01 2.174078471905612486e-01
1.954499999999960380e+01 2.173356822697609103e-01
1.954999999999960636e+01 2.172634385022333137e-01
1.955499999999960536e+01 2.171911193132828322e-01
1.955999999999960437e+01 2.171187281452799933e-01
1.956499999999960338e+01 2.170462684582167290e-01
1.956999999999960238e+01 2.169737437279741499e-01
1.957499999999960494e+01 2.169011574463378944e-01
1.957999999999960394e+01 2.168285131199602644e-01
1.958499999999960295e+01 2.167558142699230472e-01
1.958999999999960551e+01 2.166830644309804543e-01
1.959499999999960451e+01 2.166102671507151856e-01
1.959999999999960352e+01 2.165374259895380959e-01
1.960499999999960252e+01 2.164645445189647688e-01
1.960999999999960153e+01 2.163916263220785341e-01
1.961499999999960409e+01 2.163186749920026353e-01
1.961999999999960309e+01 2.162456941315591130e-01
1.962499999999960210e+01 2.161726873526811088e-01
1.962999999999960465e+01 2.160996582753550721e-01
1.963499999999960366e+01 2.160266105275496229e-01
1.963999999999960266e+01 2.159535477438981887e-01
1.964499999999960167e+01 2.158804735666186581e-01
1.964999999999960067e+01 2.158073916398975944e-01
1.965499999999960323e+01 2.157343056162918382e-01
1.965999999999960224e+01 2.156612191515197841e-01
1.966499999999960124e+01 2.155881359034167721e-01
1.966999999999960380e+01 2.155150595364071775e-01
1.967499999999960281e+01 2.154419937132539264e-01
1.967999999999960181e+01 2.153689421003232851e-01
1.968499999999960082e+01 2.152959083617522473e-01
1.968999999999959982e+01 2.152228961647462413e-01
1.969499999999960238e+01 2.151499091748111103e-01
1.969999999999960139e+01 2.150769510560203157e-01
1.970499999999960039e+01 2.150040254704148890e-01
1.970999999999960295e+01 2.149311360774203983e-01
1.971499999999960195e+01 2.148582865322524182e-01
1.971999999999960096e+01 2.147854804871223433e-01
1.972499999999959996e+01 2.147127215885328289e-01
1.972999999999959897e+01 2.146400134776543234e-01
1.973499999999960153e+01 2.145673597893853757e-01
1.973999999999960053e+01 2.144947641516940784e-01
1.974499999999959954e+01 2.144222301848710543e-01
1.974999999999960210e+01 2.143497615008166102e-01
1.975499999999960110e+01 2.142773617025099109e-01
1.975999999999960011e+01 2.142050343830265990e-01
1.976499999999959911e+01 2.141327831250908476e-01
1.976999999999959812e+01 2.140606115003552690e-01
1.977499999999960067e+01 2.139885230686783824e-01
1.977999999999959968e+01 2.139165213772998841e-01
1.978499999999959869e+01 2.138446099604604245e-01
1.978999999999960124e+01 2.137727923383944406e-01
1.979499999999960025e+01 2.137010720168579514e-01
1.979999999999959925e+01 2.136294524864304212e-01
1.980499999999959826e+01 2.135579372217756566e-01
1.980999999999959726e+01 2.134865296809768664e-01
1.981499999999959982e+01 2.134152333049496864e-01
1.981999999999959883e+01 2.133440515166367402e-01
1.982499999999959783e+01 2.132729877204776747e-01
1.982999999999960039e+01 2.132020453016840456e-01
1.983499999999959940e+01 2.131312276255869775e-01
1.983999999999959840e+01 2.130605380369494373e-01
1.984499999999959741e+01 2.129899798594272753e-01
1.984999999999959641e+01 2.129195563948238501e-01
1.985499999999959897e+01 2.128492709224287238e-01
1.985999999999959797e+01 2.127791266984741525e-01
1.986499999999959698e+01 2.127091269554381436e-01
1.986999999999959954e+01 2.126392749014357486e-01
1.987499999999959854e+01 2.125695737183752876e-01
1.987999999999959755e+01 2.125000265673597788e-01
1.988499999999959655e+01 2.124306365747308800e-01
1.988999999999959556e+01 2.123614068486300299e-01
1.989499999999959812e+01 2.122923404648130452e-01
1.989999999999959712e+01 2.122234404721127787e-01
1.990499999999959613e+01 2.121547098907767825e-01
1.990999999999959869e+01 2.120861517119038697e-01
1.991499999999959769e+01 2.120177688977792629e-01
1.991999999999959670e+01 2.119495643755835712e-01
1.992499999999959570e+01 2.118815410487783768e-01
1.992999999999959471e+01 2.118137017856017712e-01
1.993499999999959726e+01 2.117460494184174036e-01
1.993999999999959627e+01 2.116785867557458012e-01
1.994499999999959527e+01 2.116113165640020888e-01
1.994999999999959783e+01 2.115442415809522803e-01
1.995499999999959684e+01 2.114773645087858756e-01
1.995999999999959584e+01 2.114106880148041989e-01
1.996499999999959485e+01 2.113442147297511509e-01
1.996999999999959385e+01 2.112779472535517844e-01
1.997499999999959641e+01 2.112118881408924231e-01
1.997999999999959542e+01 2.111460399196523618e-01
1.998499999999959442e+01 2.110804050702882739e-01
1.998999999999959698e+01 2.110149860454182680e-01
1.999499999999959599e+01 2.109497852492313308e-01
1.999999999999959499e+01 2.108848050572280919e-01
