x extracted_lubricated
1.000000000000000000e+00 3.436920100425841507e-01
1.010000000000000009e+00 3.290210977467084574e-01
1.020000000000000018e+00 3.110095673243431502e-01
1.030000000000000027e+00 2.905736382568997467e-01
1.040000000000000036e+00 2.688291814570709093e-01
1.050000000000000044e+00 2.470320198164115688e-01
1.060000000000000053e+00 2.264702326933241139e-01
1.070000000000000062e+00 2.083035924476393519e-01
1.080000000000000071e+00 1.933700683695983025e-01
1.090000000000000080e+00 1.820124867561661586e-01
1.100000000000000089e+00 1.739965526294496023e-01
1.110000000000000098e+00 1.685688467844931870e-01
1.120000000000000107e+00 1.646430028716981686e-01
1.130000000000000115e+00 1.610453730946936057e-01
1.140000000000000124e+00 1.567413001790189664e-01
1.150000000000000133e+00 1.509982829680252825e-01
1.160000000000000142e+00 1.434843855827357961e-01
1.170000000000000151e+00 1.343197268635479558e-01
1.180000000000000160e+00 1.240931409112682043e-01
1.190000000000000169e+00 1.138347957710980907e-01
1.200000000000000178e+00 1.049132473075481409e-01
1.210000000000000187e+00 9.883011133979374696e-02
1.220000000000000195e+00 9.693610578149210177e-02
1.230000000000000204e+00 1.001263028535065436e-01
1.240000000000000213e+00 1.085524742309041113e-01
1.250000000000000222e+00 1.214688334558758215e-01
1.260000000000000231e+00 1.373884475568155628e-01
1.270000000000000240e+00 1.544875112620118229e-01
1.280000000000000249e+00 1.709955965049488880e-01
1.290000000000000258e+00 1.854220065577865950e-01
1.300000000000000266e+00 1.966350283527172893e-01
1.310000000000000275e+00 2.038625648139343327e-01
1.320000000000000284e+00 2.066655540076811626e-01
1.330000000000000293e+00 2.049100119661781405e-01
1.340000000000000302e+00 1.987473123621240623e-01
1.350000000000000311e+00 1.886039486517110120e-01
1.360000000000000320e+00 1.751770921719578433e-01
1.370000000000000329e+00 1.594274527222187265e-01
1.380000000000000338e+00 1.425543662049359728e-01
1.390000000000000346e+00 1.259302022276052313e-01
1.400000000000000355e+00 1.109684382018141791e-01
1.410000000000000364e+00 9.891692011551132813e-02
1.420000000000000373e+00 9.061590492071509850e-02
1.430000000000000382e+00 8.631154538869739712e-02
1.440000000000000391e+00 8.560900509164402761e-02
1.450000000000000400e+00 8.758908734660303397e-02
1.460000000000000409e+00 9.105456383436558165e-02
1.470000000000000417e+00 9.481864945577656023e-02
1.480000000000000426e+00 9.793349406717766215e-02
1.490000000000000435e+00 9.981592839167070796e-02
1.500000000000000444e+00 1.002893406004851801e-01
1.510000000000000453e+00 9.957290552910109949e-02
1.520000000000000462e+00 9.823182916982221846e-02
1.530000000000000471e+00 9.708338915249273282e-02
1.540000000000000480e+00 9.705011586608795759e-02
1.550000000000000488e+00 9.897194896164640543e-02
1.560000000000000497e+00 1.034206641942136268e-01
1.570000000000000506e+00 1.105685491818479138e-01
1.580000000000000515e+00 1.201429122251534004e-01
1.590000000000000524e+00 1.314747280828570120e-01
1.600000000000000533e+00 1.436251370827352491e-01
1.610000000000000542e+00 1.555460655636808909e-01
1.620000000000000551e+00 1.662257611458589635e-01
1.630000000000000560e+00 1.747917862893056673e-01
1.640000000000000568e+00 1.805698024198647555e-01
1.650000000000000577e+00 1.831098681700395747e-01
1.660000000000000586e+00 1.821936006748971215e-01
1.670000000000000595e+00 1.778318381716925134e-01
1.680000000000000604e+00 1.702577700736150890e-01
1.690000000000000613e+00 1.599163637495823187e-01
1.700000000000000622e+00 1.474473553667822179e-01
1.710000000000000631e+00 1.336558890630341334e-01
1.720000000000000639e+00 1.194625009454987064e-01
1.730000000000000648e+00 1.058242881250163470e-01
1.740000000000000657e+00 9.362487611864338255e-02
1.750000000000000666e+00 8.354443218919151148e-02
1.760000000000000675e+00 7.593911609803702389e-02
1.770000000000000684e+00 7.077167566695474754e-02
1.780000000000000693e+00 6.763050583208804478e-02
1.790000000000000702e+00 6.584656168102759333e-02
1.800000000000000711e+00 6.467211481963332231e-02
1.810000000000000719e+00 6.345779055383206357e-02
1.820000000000000728e+00 6.178166369547764131e-02
1.830000000000000737e+00 5.951982779135152335e-02
1.840000000000000746e+00 5.686518696559009906e-02
1.850000000000000755e+00 5.429652890806204585e-02
1.860000000000000764e+00 5.249002641696588062e-02
1.870000000000000773e+00 5.217347901578121144e-02
1.880000000000000782e+00 5.395968308987067474e-02
1.890000000000000790e+00 5.821390286084122956e-02
1.900000000000000799e+00 6.497174711222904187e-02
1.910000000000000808e+00 7.390495672358250723e-02
1.920000000000000817e+00 8.435984242769234420e-02
1.930000000000000826e+00 9.547299893262659043e-02
1.940000000000000835e+00 1.063180566997052046e-01
1.950000000000000844e+00 1.160315268583009263e-01
1.960000000000000853e+00 1.238959310257520680e-01
1.970000000000000862e+00 1.293839113663097229e-01
1.980000000000000870e+00 1.321758247187942437e-01
1.990000000000000879e+00 1.321619695920747961e-01
2.000000000000000888e+00 1.294361897687829610e-01
2.010000000000000675e+00 1.242833357881204248e-01
2.020000000000000906e+00 1.171596905951687584e-01
2.030000000000001137e+00 1.086630269412523220e-01
2.040000000000000924e+00 9.948777827165897203e-02
2.050000000000000711e+00 9.036180773306981551e-02
2.060000000000000941e+00 8.196561555222187101e-02
2.070000000000001172e+00 7.484248508037270875e-02
2.080000000000000959e+00 6.931634735874361852e-02
2.090000000000000746e+00 6.543920907368415418e-02
2.100000000000000977e+00 6.298961503294668585e-02
2.110000000000001208e+00 6.153373513281346768e-02
2.120000000000000995e+00 6.053695271462947863e-02
2.130000000000000782e+00 5.949030562236005265e-02
2.140000000000001013e+00 5.801614333095066189e-02
2.150000000000001243e+00 5.593677876045309583e-02
2.160000000000001030e+00 5.330568039877233572e-02
2.170000000000000817e+00 5.040303153883061993e-02
2.180000000000001048e+00 4.769199916733164041e-02
2.190000000000001279e+00 4.573116397912851960e-02
2.200000000000001066e+00 4.505607953878529998e-02
2.210000000000000853e+00 4.607036516514093766e-02
2.220000000000001084e+00 4.897778286007599402e-02
2.230000000000001315e+00 5.374290498787859943e-02
2.240000000000001101e+00 6.007084811069368646e-02
2.250000000000000888e+00 6.743299918066376908e-02
2.260000000000001119e+00 7.515036407606850988e-02
2.270000000000001350e+00 8.250385980942863406e-02
2.280000000000001137e+00 8.883289239955219352e-02
2.290000000000000924e+00 9.360377472695817491e-02
2.300000000000001155e+00 9.644831958916820491e-02
2.310000000000001386e+00 9.718032584730573742e-02
2.320000000000001172e+00 9.579738530846167166e-02
2.330000000000000959e+00 9.247239914128742300e-02
2.340000000000001190e+00 8.753596887757032763e-02
2.350000000000001421e+00 8.144838808852239431e-02
2.360000000000001208e+00 7.475886774761258957e-02
2.370000000000000995e+00 6.805059814424140041e-02
2.380000000000001226e+00 6.187384821440049254e-02
2.390000000000001457e+00 5.667474316242127053e-02
2.400000000000001243e+00 5.273181671023566969e-02
2.410000000000001030e+00 5.011376067138628709e-02
2.420000000000001261e+00 4.867190290724145163e-02
2.430000000000001492e+00 4.807877584881127542e-02
2.440000000000001279e+00 4.790997572493380097e-02
2.450000000000001066e+00 4.774455764500440402e-02
2.460000000000001297e+00 4.725325247798341927e-02
2.470000000000001528e+00 4.625785892454956083e-02
2.480000000000001315e+00 4.475966594706590890e-02
2.490000000000001101e+00 4.293869251287396605e-02
2.500000000000001332e+00 4.112263286042650012e-02
2.510000000000001563e+00 3.972344125282743083e-02
2.520000000000001350e+00 3.914972690545952261e-02
2.530000000000001137e+00 3.972225692479340597e-02
2.540000000000001368e+00 4.162043414206492015e-02
2.550000000000001599e+00 4.485746670221060772e-02
2.560000000000001386e+00 4.926781501188341739e-02
2.570000000000001172e+00 5.451326618843160138e-02
2.580000000000001403e+00 6.012344548444775033e-02
2.590000000000001634e+00 6.556534317725462579e-02
2.600000000000001421e+00 7.031930384553690405e-02
2.610000000000001208e+00 7.394225928165816530e-02
2.620000000000001439e+00 7.611078041331766075e-02
2.630000000000001670e+00 7.664497109047428702e-02
2.640000000000001457e+00 7.551708169200295473e-02
2.650000000000001243e+00 7.284813985952075244e-02
2.660000000000001474e+00 6.889411210430598786e-02
2.670000000000001705e+00 6.402147250076575813e-02
2.680000000000001492e+00 5.867140170881187528e-02
2.690000000000001279e+00 5.331283595111542539e-02
2.700000000000001510e+00 4.838746494164445494e-02
2.710000000000001741e+00 4.425349527088819762e-02
2.720000000000001528e+00 4.113710860718913787e-02
2.730000000000001315e+00 3.910009210323606155e-02
2.740000000000001545e+00 3.803243601249264166e-02
2.750000000000001776e+00 3.767966577777897424e-02
2.760000000000001563e+00 3.770555805486390522e-02
2.770000000000001350e+00 3.777207730682727999e-02
2.780000000000001581e+00 3.761121127416583443e-02
2.790000000000001812e+00 3.707399455759616963e-02
2.800000000000001599e+00 3.615405365494674117e-02
2.810000000000001386e+00 3.498667028126765249e-02
2.820000000000001616e+00 3.382271212911338448e-02
2.830000000000001847e+00 3.297688401986686307e-02
2.840000000000001634e+00 3.275828604861583115e-02
2.850000000000001421e+00 3.340544482484554545e-02
2.860000000000001652e+00 3.504720940691250647e-02
2.870000000000001883e+00 3.768733357174861714e-02
2.880000000000001670e+00 4.119822966496608507e-02
2.890000000000001457e+00 4.532503850793301314e-02
2.900000000000001688e+00 4.971152049721602045e-02
2.910000000000001918e+00 5.394786445130720504e-02
2.920000000000001705e+00 5.762727875715745879e-02
2.930000000000001492e+00 6.039713835373913126e-02
2.940000000000001723e+00 6.199693272747182349e-02
2.950000000000001954e+00 6.228144113042493463e-02
2.960000000000001741e+00 6.123056664352858475e-02
2.970000000000001528e+00 5.894769646387668094e-02
2.980000000000001759e+00 5.564771121555247418e-02
2.990000000000001990e+00 5.163495635917191712e-02
3.000000000000001776e+00 4.727139895486758003e-02
3.010000000000001563e+00 4.293633014997964847e-02
3.020000000000001794e+00 3.898126986932348714e-02
3.030000000000002025e+00 3.568601836331065924e-02
3.040000000000001812e+00 3.322226041597458462e-02
3.050000000000001599e+00 3.163005921967720208e-02
3.060000000000001830e+00 3.081360869031857588e-02
3.070000000000002061e+00 3.056447437795904026e-02
3.080000000000001847e+00 3.061286260658777764e-02
3.090000000000001634e+00 3.069179065904426712e-02
3.100000000000001865e+00 3.059391227786432965e-02
3.110000000000002096e+00 3.020969044944132528e-02
3.120000000000001883e+00 2.954478451992179414e-02
3.130000000000001670e+00 2.871700349761193913e-02
3.140000000000001901e+00 2.793212623908483683e-02
3.150000000000002132e+00 2.743910609425985123e-02
3.160000000000001918e+00 2.747335740134375023e-02
3.170000000000001705e+00 2.820746193686376330e-02
3.180000000000001936e+00 2.972465919663667966e-02
3.190000000000002167e+00 3.201042728051097658e-02
3.200000000000001954e+00 3.494990730344659652e-02
3.210000000000001741e+00 3.833217448417566842e-02
3.220000000000001972e+00 4.187013372495584224e-02
3.230000000000002203e+00 4.523678581308194363e-02
3.240000000000001990e+00 4.810898620035363588e-02
3.250000000000001776e+00 5.020825441529338379e-02
3.260000000000002007e+00 5.133214069303652233e-02
3.270000000000002238e+00 5.137397447267630368e-02
3.280000000000002025e+00 5.033126313684842951e-02
3.290000000000001812e+00 4.830370661534750393e-02
3.300000000000002043e+00 4.548161614264092933e-02
3.310000000000002274e+00 4.212530446617959029e-02
3.320000000000002061e+00 3.853636239041871581e-02
3.330000000000001847e+00 3.502294130431154312e-02
3.340000000000002078e+00 3.186289222910613367e-02
3.350000000000002309e+00 2.926970486021128470e-02
3.360000000000002096e+00 2.736557570928145958e-02
3.370000000000001883e+00 2.616503923040270144e-02
3.380000000000002114e+00 2.557457518225663209e-02
3.390000000000002345e+00 2.541510570037759306e-02
3.400000000000002132e+00 2.546623481554105908e-02
3.410000000000001918e+00 2.551835507239650497e-02
3.420000000000002149e+00 2.541676021754411818e-02
3.430000000000002380e+00 2.508995019132552115e-02
3.440000000000002167e+00 2.456082985017239359e-02
3.450000000000001954e+00 2.394074481417000563e-02
3.460000000000002185e+00 2.340568031335208549e-02
3.470000000000002416e+00 2.315625688872625237e-02
3.480000000000002203e+00 2.337118697225843908e-02
3.490000000000001990e+00 2.417107707849413395e-02
3.500000000000002220e+00 2.560213287406304730e-02
3.510000000000002451e+00 2.763258596994474722e-02
3.520000000000002238e+00 3.015227602181877464e-02
3.530000000000002025e+00 3.297757636293582872e-02
3.540000000000002256e+00 3.586850024631539624e-02
3.550000000000002487e+00 3.855812152393940651e-02
3.560000000000002274e+00 4.078753510767717944e-02
3.570000000000002061e+00 4.233850855263966706e-02
3.580000000000002292e+00 4.305869508321059219e-02
3.590000000000002522e+00 4.287733493510437893e-02
3.600000000000002309e+00 4.181123527186138278e-02
3.610000000000002096e+00 3.996152576859575423e-02
3.620000000000002327e+00 3.750182508866645864e-02
3.630000000000002558e+00 3.465862403538660236e-02
3.640000000000002345e+00 3.168531228709435543e-02
3.650000000000002132e+00 2.883241197326300367e-02
3.660000000000002363e+00 2.631771142762228885e-02
3.670000000000002593e+00 2.430011257530628743e-02
3.680000000000002380e+00 2.285988860791406813e-02
3.690000000000002167e+00 2.198791070918932819e-02
3.700000000000002398e+00 2.158910685739535637e-02
3.710000000000002629e+00 2.150552842291244063e-02
3.720000000000002416e+00 2.155554098997033638e-02
3.730000000000002203e+00 2.157616132529081854e-02
3.740000000000002434e+00 2.145662353585488236e-02
3.750000000000002665e+00 2.115832185466753196e-02
3.760000000000002451e+00 2.072047464002589948e-02
3.770000000000002238e+00 2.025117734345935686e-02
3.780000000000002469e+00 1.990343401503043286e-02
3.790000000000002700e+00 1.983912983731970364e-02
3.800000000000002487e+00 2.019147438964123339e-02
3.810000000000002274e+00 2.103992423141658533e-02
3.820000000000002505e+00 2.240162899431175081e-02
3.830000000000002736e+00 2.423081067502450697e-02
3.840000000000002522e+00 2.641962031725897386e-02
3.850000000000002309e+00 2.880386023228484124e-02
3.860000000000002540e+00 3.117867944520293089e-02
3.870000000000002771e+00 3.332348049204355428e-02
3.880000000000002558e+00 3.503046778269367639e-02
3.890000000000002345e+00 3.613082119492856681e-02
3.900000000000002576e+00 3.651453309535007685e-02
3.910000000000002807e+00 3.614216064309237059e-02
3.920000000000002593e+00 3.504815068749458917e-02
3.930000000000002380e+00 3.333604901480852201e-02
3.940000000000002611e+00 3.116623130803028094e-02
3.950000000000002842e+00 2.873721013319698384e-02
3.960000000000002629e+00 2.626231277481331366e-02
3.970000000000002416e+00 2.394445578776899231e-02
3.980000000000002647e+00 2.195225223159336797e-02
3.990000000000002878e+00 2.040010160666282449e-02
4.000000000000002665e+00 1.933386047869729493e-02
4.010000000000002451e+00 1.872461988860755697e-02
4.020000000000003126e+00 1.847588231792511235e-02
4.030000000000002913e+00 1.844742163506450650e-02
4.040000000000002700e+00 1.849002407625917332e-02
4.050000000000002487e+00 1.847945499170666056e-02
4.060000000000002274e+00 1.834130826596934785e-02
4.070000000000002949e+00 1.806408284236370523e-02
4.080000000000002736e+00 1.770014537901606205e-02
4.090000000000002522e+00 1.735408778906400926e-02
4.100000000000003197e+00 1.715864287735926336e-02
4.110000000000002984e+00 1.724263048749544516e-02
4.120000000000002771e+00 1.770183185526929062e-02
4.130000000000002558e+00 1.858318942531048817e-02
4.140000000000002345e+00 1.988159573114764433e-02
4.150000000000003020e+00 2.154077514966539278e-02
4.160000000000002807e+00 2.345499586733768363e-02
4.170000000000002593e+00 2.547564188603003085e-02
4.180000000000003268e+00 2.742607620853828101e-02
4.190000000000003055e+00 2.912322567173312310e-02
4.200000000000002842e+00 3.040115865380158683e-02
4.210000000000002629e+00 3.113199591098573735e-02
4.220000000000002416e+00 3.124113370553402436e-02
4.230000000000003091e+00 3.071539987060587645e-02
4.240000000000002878e+00 2.960384014831555360e-02
4.250000000000002665e+00 2.801143593544331775e-02
4.260000000000003340e+00 2.608649605649680445e-02
4.270000000000003126e+00 2.400301546937965921e-02
4.280000000000002913e+00 2.194001797674497919e-02
4.290000000000002700e+00 2.006051573826274706e-02
4.300000000000002487e+00 1.849264619452299641e-02
4.310000000000003162e+00 1.731459191903009232e-02
4.320000000000002949e+00 1.654440625493944911e-02
4.330000000000002736e+00 1.613778831884361484e-02
4.340000000000003411e+00 1.599873643232937667e-02
4.350000000000003197e+00 1.600373217496094125e-02
4.360000000000002984e+00 1.603197695785282470e-02
4.370000000000002771e+00 1.599199951961780344e-02
4.380000000000002558e+00 1.583934376286073170e-02
4.390000000000003233e+00 1.558408518164956617e-02
4.400000000000003020e+00 1.528788269064025075e-02
4.410000000000002807e+00 1.505009082186647452e-02
4.420000000000003482e+00 1.498401380149356164e-02
4.430000000000003268e+00 1.518927954176936372e-02
4.440000000000003055e+00 1.573070290394234724e-02
4.450000000000002842e+00 1.662981206908544993e-02
4.460000000000002629e+00 1.786484382795512985e-02
4.470000000000003304e+00 1.937221852587244983e-02
4.480000000000003091e+00 2.104900437697116919e-02
4.490000000000002878e+00 2.276032071419928013e-02
4.500000000000003553e+00 2.435354452571912229e-02
4.510000000000003340e+00 2.567718284149840546e-02
4.520000000000003126e+00 2.660038117441944697e-02
4.530000000000002913e+00 2.702945307922272403e-02
4.540000000000002700e+00 2.691915549910773794e-02
4.550000000000003375e+00 2.627768137391541317e-02
4.560000000000003162e+00 2.516519343665623090e-02
4.570000000000002949e+00 2.368629211424064587e-02
4.580000000000003624e+00 2.197731779310041489e-02
4.590000000000003411e+00 2.018997613821578094e-02
4.600000000000003197e+00 1.847336868656717854e-02
4.610000000000002984e+00 1.695674527858870295e-02
4.620000000000002771e+00 1.573475822137573171e-02
4.630000000000003446e+00 1.485607031531810222e-02
4.640000000000003233e+00 1.431659156412160884e-02
4.650000000000003020e+00 1.406102390816992530e-02
4.660000000000003695e+00 1.399649903404434972e-02
4.670000000000003482e+00 1.401618549238820184e-02
4.680000000000003268e+00 1.402480142754870124e-02
4.690000000000003055e+00 1.395877440901325053e-02
4.700000000000002842e+00 1.379809797218259533e-02
4.710000000000003517e+00 1.356935818424487294e-02
4.720000000000003304e+00 1.333956214037795504e-02
4.730000000000003091e+00 1.320056877917263026e-02
4.740000000000003766e+00 1.324643487305549212e-02
4.750000000000003553e+00 1.355082491510787961e-02
4.760000000000003340e+00 1.415317562112879818e-02
4.770000000000003126e+00 1.505548669438413860e-02
4.780000000000002913e+00 1.622384588383058573e-02
4.790000000000003588e+00 1.759010044976279039e-02
4.800000000000003375e+00 1.905512433499889635e-02
4.810000000000003162e+00 2.049694437490868354e-02
4.820000000000003837e+00 2.178425358819360835e-02
4.830000000000003624e+00 2.279288231444771134e-02
4.840000000000003411e+00 2.342183271182041865e-02
4.850000000000003197e+00 2.360608738105393276e-02
4.860000000000002984e+00 2.332450773042852102e-02
4.870000000000003659e+00 2.260211034182390416e-02
4.880000000000003446e+00 2.150671400919840909e-02
4.890000000000003233e+00 2.014049543997791999e-02
4.900000000000003908e+00 1.862752022158525173e-02
4.910000000000003695e+00 1.709885826714152915e-02
4.920000000000003482e+00 1.567726733996287203e-02
4.930000000000003268e+00 1.446327365760280426e-02
4.940000000000003055e+00 1.352368470674830854e-02
4.950000000000003730e+00 1.288307125729326076e-02
4.960000000000003517e+00 1.252012022435734610e-02
4.970000000000003304e+00 1.237279099265418958e-02
4.980000000000003979e+00 1.235409533114588919e-02
4.990000000000003766e+00 1.237407100512199348e-02
5.000000000000003553e+00 1.236048591046311033e-02
5.010000000000003340e+00 1.227346127687344718e-02
5.020000000000003126e+00 1.211261253629767123e-02
5.030000000000003801e+00 1.191642918299234966e-02
5.040000000000003588e+00 1.175348613157268726e-02
5.050000000000003375e+00 1.170589027934830322e-02
5.060000000000004050e+00 1.184867136198699232e-02
5.070000000000003837e+00 1.223269002341129986e-02
5.080000000000003624e+00 1.287699349132105479e-02
5.090000000000003411e+00 1.376887796182276087e-02
5.100000000000003197e+00 1.486585241496455462e-02
5.110000000000003872e+00 1.609748744438986232e-02
5.120000000000003659e+00 1.736954771252004204e-02
5.130000000000003446e+00 1.857264182485493520e-02
5.140000000000004121e+00 1.959490303122189692e-02
5.150000000000003908e+00 2.033622529331172157e-02
5.160000000000003695e+00 2.072124844847973019e-02
5.170000000000003482e+00 2.070896534181752152e-02
5.180000000000003268e+00 2.029773953747058060e-02
5.190000000000003944e+00 1.952530474327453247e-02
5.200000000000003730e+00 1.846392446511072732e-02
5.210000000000003517e+00 1.721141257741044470e-02
5.220000000000004192e+00 1.587922011753885657e-02
5.230000000000003979e+00 1.457921690262195362e-02
5.240000000000003766e+00 1.341089664666778210e-02
5.250000000000003553e+00 1.245025514693958758e-02
5.260000000000003340e+00 1.174082555893977281e-02
5.270000000000004015e+00 1.128759306500203008e-02
5.280000000000003801e+00 1.105646094397790685e-02
5.290000000000003588e+00 1.098267022977973163e-02
5.300000000000004263e+00 1.098757284632709101e-02
5.310000000000004050e+00 1.099803714563028084e-02
5.320000000000003837e+00 1.096251761473615582e-02
5.330000000000003624e+00 1.086103490106033430e-02
5.340000000000003411e+00 1.070850182260351530e-02
5.350000000000004086e+00 1.055111364642311728e-02
5.360000000000003872e+00 1.045553130639317180e-02
5.370000000000003659e+00 1.049220240924583596e-02
5.380000000000004334e+00 1.071779420457879585e-02
5.390000000000004121e+00 1.116365106702559701e-02
5.400000000000003908e+00 1.183284686030003537e-02
5.410000000000003695e+00 1.270184889368648068e-02
5.420000000000003482e+00 1.372240885083975473e-02
5.430000000000004157e+00 1.482376301913831441e-02
5.440000000000003944e+00 1.591761529886497398e-02
5.450000000000003730e+00 1.690704325283855225e-02
5.460000000000004405e+00 1.769817350288469676e-02
5.470000000000004192e+00 1.821228800197976366e-02
5.480000000000003979e+00 1.839609159085365750e-02
5.490000000000003766e+00 1.822854930836043455e-02
5.500000000000003553e+00 1.772346666279183205e-02
5.510000000000004228e+00 1.692763691367566228e-02
5.520000000000004015e+00 1.591492001236513576e-02
5.530000000000003801e+00 1.477710607131868352e-02
5.540000000000004476e+00 1.361285035440681392e-02
5.550000000000004263e+00 1.251621135507502078e-02
5.560000000000004050e+00 1.156613846268216006e-02
5.570000000000003837e+00 1.081759715097902093e-02
5.580000000000003624e+00 1.029460107471040498e-02
5.590000000000004299e+00 9.986473251569000925e-03
5.600000000000004086e+00 9.850475346234401422e-03
5.610000000000003872e+00 9.822790521535411726e-03
5.620000000000004547e+00 9.835024133665602394e-03
5.630000000000004334e+00 9.830431563496788011e-03
5.640000000000004121e+00 9.775768083488496282e-03
5.650000000000003908e+00 9.667442236908765224e-03
5.660000000000003695e+00 9.531726404170073191e-03
5.670000000000004370e+00 9.418693610491739310e-03
5.680000000000004157e+00 9.390024584962419069e-03
5.690000000000003944e+00 9.503207962496887373e-03
5.700000000000004619e+00 9.797834520400340932e-03
5.710000000000004405e+00 1.028909446274632253e-02
5.720000000000004192e+00 1.096787383828610497e-02
5.730000000000003979e+00 1.180286677358815227e-02
5.740000000000003766e+00 1.274232850682303041e-02
5.750000000000004441e+00 1.371682599488227051e-02
5.760000000000004228e+00 1.464494939733934110e-02
5.770000000000004015e+00 1.544217508638405685e-02
5.780000000000004690e+00 1.603137341940670535e-02
5.790000000000004476e+00 1.635287479820304868e-02
5.800000000000004263e+00 1.637230279492422544e-02
5.810000000000004050e+00 1.608501948965030195e-02
5.820000000000003837e+00 1.551667471031258592e-02
5.830000000000004512e+00 1.471990923763415171e-02
5.840000000000004299e+00 1.376774902617567201e-02
5.850000000000004086e+00 1.274466161608704164e-02
5.860000000000004761e+00 1.173656427342924073e-02
5.870000000000004547e+00 1.082110150992760152e-02
5.880000000000004334e+00 1.005908581225981729e-02
5.890000000000004121e+00 9.487376952712458025e-03
5.900000000000003908e+00 9.113666029018573436e-03
5.910000000000004583e+00 8.915235739271328702e-03
5.920000000000004370e+00 8.844601807358545148e-03
5.930000000000004157e+00 8.842017634052609654e-03
5.940000000000004832e+00 8.850573571782897539e-03
5.950000000000004619e+00 8.829034222629757872e-03
5.960000000000004405e+00 8.760023427832183338e-03
5.970000000000004192e+00 8.653040092479465789e-03
5.980000000000003979e+00 8.542087381689371373e-03
5.990000000000004654e+00 8.477653830567146234e-03
6.000000000000004441e+00 8.513925205254792641e-03
6.010000000000004228e+00 8.694914202679282847e-03
6.020000000000004903e+00 9.045018349883422737e-03
6.030000000000004690e+00 9.566525922102242854e-03
6.040000000000004476e+00 1.024125493704379324e-02
6.050000000000004263e+00 1.103252513830861592e-02
6.060000000000004050e+00 1.188695693843741345e-02
6.070000000000004725e+00 1.273788679417313212e-02
6.080000000000004512e+00 1.351159246978197656e-02
6.090000000000004299e+00 1.413581912337035992e-02
6.100000000000004974e+00 1.454899257680879014e-02
6.110000000000004761e+00 1.470834187356786366e-02
6.120000000000004547e+00 1.459555752457646419e-02
6.130000000000004334e+00 1.421918992701739007e-02
6.140000000000004121e+00 1.361354779462468044e-02
6.150000000000004796e+00 1.283434600718047144e-02
6.160000000000004583e+00 1.195178545470056489e-02
6.170000000000004370e+00 1.104210082903317285e-02
6.180000000000005045e+00 1.017877619776435053e-02
6.190000000000004832e+00 9.424434640542385389e-03
6.200000000000004619e+00 8.823859512097442445e-03
6.210000000000004405e+00 8.398284956003060353e-03
6.220000000000004192e+00 8.141974448426141445e-03
6.230000000000004867e+00 8.023662781730040924e-03
6.240000000000004654e+00 7.994691095031612738e-03
6.250000000000004441e+00 8.001829186414689474e-03
6.260000000000005116e+00 8.000183811664490080e-03
6.270000000000004903e+00 7.962773960412500643e-03
6.280000000000004690e+00 7.885630531381400063e-03
6.290000000000004476e+00 7.788217718823416645e-03
6.300000000000004263e+00 7.708908151236622611e-03
6.310000000000004938e+00 7.695556848813034714e-03
6.320000000000004725e+00 7.793040350098060995e-03
6.330000000000004512e+00 8.032220940263356396e-03
6.340000000000005187e+00 8.424598259004874995e-03
6.350000000000004974e+00 8.962499689839913131e-03
6.360000000000004761e+00 9.621164553751615500e-03
6.370000000000004547e+00 1.036045061012912973e-02
6.380000000000004334e+00 1.112692372607838355e-02
6.390000000000005009e+00 1.185792625184627948e-02
6.400000000000004796e+00 1.248804650880162501e-02
6.410000000000004583e+00 1.295704835540603846e-02
6.420000000000005258e+00 1.321770998412693555e-02
6.430000000000005045e+00 1.324211689462816144e-02
6.440000000000004832e+00 1.302539482505101279e-02
6.450000000000004619e+00 1.258638594267547962e-02
6.460000000000004405e+00 1.196525591403515415e-02
6.470000000000005080e+00 1.121845120877153212e-02
6.480000000000004867e+00 1.041179496588864016e-02
6.490000000000004654e+00 9.612753335490352435e-03
6.500000000000005329e+00 8.882889294884087350e-03
6.510000000000005116e+00 8.271146078134986382e-03
6.520000000000004903e+00 7.808107787054494389e-03
6.530000000000004690e+00 7.501582875650903044e-03
6.540000000000004476e+00 7.335215473258388172e-03
6.550000000000005151e+00 7.272585898887334172e-03
6.560000000000004938e+00 7.266955525629796922e-03
6.570000000000004725e+00 7.273296153556257394e-03
6.580000000000005400e+00 7.258632592481639376e-03
6.590000000000005187e+00 7.208696904048485926e-03
6.600000000000004974e+00 7.130460465370932685e-03
6.610000000000004761e+00 7.050374508133907224e-03
6.620000000000004547e+00 7.008088327743977781e-03
6.630000000000005222e+00 7.046288094349497343e-03
6.640000000000005009e+00 7.199549717207313904e-03
6.650000000000004796e+00 7.486669565078344843e-03
6.660000000000005471e+00 7.908686524924019023e-03
6.670000000000005258e+00 8.450462870140651103e-03
6.680000000000005045e+00 9.082619230273749830e-03
6.690000000000004832e+00 9.763127354625101770e-03
6.700000000000004619e+00 1.043986886827133129e-02
6.710000000000005294e+00 1.105522939795602726e-02
6.720000000000005080e+00 1.155252952367990214e-02
6.730000000000004867e+00 1.188315024754297254e-02
6.740000000000005542e+00 1.201296667225178715e-02
6.750000000000005329e+00 1.192694559141890299e-02
6.760000000000005116e+00 1.163119966868109145e-02
6.770000000000004903e+00 1.115225222159398066e-02
6.780000000000004690e+00 1.053369267272789324e-02
6.790000000000005365e+00 9.830777282948037141e-03
6.800000000000005151e+00 9.103817348850984717e-03
6.810000000000004938e+00 8.411304927463742614e-03
6.820000000000005613e+00 7.803533221275242571e-03
6.830000000000005400e+00 7.317009328711227695e-03
6.840000000000005187e+00 6.969731604024515144e-03
6.850000000000004974e+00 6.758187240802290136e-03
6.860000000000004761e+00 6.658244982142362892e-03
6.870000000000005436e+00 6.631526047670183339e-03
6.880000000000005222e+00 6.635681282408586144e-03
6.890000000000005009e+00 6.634821719834693536e-03
6.900000000000005684e+00 6.607280890390278966e-03
6.910000000000005471e+00 6.549764769407699465e-03
6.920000000000005258e+00 6.477731669433546384e-03
6.930000000000005045e+00 6.421781794789926251e-03
6.940000000000004832e+00 6.420069604939509546e-03
6.950000000000005507e+00 6.508223397710395479e-03
6.960000000000005294e+00 6.710389201594777094e-03
6.970000000000005080e+00 7.034925208912532271e-03
6.980000000000005755e+00 7.474725995022255334e-03
6.990000000000005542e+00 8.009206723511547166e-03
7.000000000000005329e+00 8.605932860785519417e-03
7.010000000000005116e+00 9.222339732270302959e-03
7.020000000000004903e+00 9.808817442924973665e-03
7.030000000000005578e+00 1.031362616954114263e-02
7.040000000000005365e+00 1.068902658641749867e-02
7.050000000000005151e+00 1.089745306840624560e-02
7.060000000000005826e+00 1.091655801807505516e-02
7.070000000000005613e+00 1.074226797044803075e-02
7.080000000000005400e+00 1.038940544281532347e-02
7.090000000000005187e+00 9.889841453877279420e-03
7.100000000000004974e+00 9.288516851152554821e-03
7.110000000000005649e+00 8.637980592936066529e-03
7.120000000000005436e+00 7.992279114195132220e-03
7.130000000000005222e+00 7.400987879503930986e-03
7.140000000000005898e+00 6.903843695271345490e-03
7.150000000000005684e+00 6.526044836827808379e-03
7.160000000000005471e+00 6.274511876809764528e-03
7.170000000000005258e+00 6.136580675604920952e-03
7.180000000000005045e+00 6.083219080787839045e-03
7.190000000000005720e+00 6.076916334381341975e-03
7.200000000000005507e+00 6.081472967328816967e-03
7.210000000000005294e+00 6.070415466854161245e-03
7.220000000000005969e+00 6.032394257440781317e-03
7.230000000000005755e+00 5.973221595916896470e-03
7.240000000000005542e+00 5.914415312263466944e-03
7.250000000000005329e+00 5.888050767305886939e-03
7.260000000000005116e+00 5.928442106242290052e-03
7.270000000000005791e+00 6.063035085426668816e-03
7.280000000000005578e+00 6.306192810893323369e-03
7.290000000000005365e+00 6.657718162403599219e-03
7.300000000000006040e+00 7.104377351548201401e-03
7.310000000000005826e+00 7.621733628504895157e-03
7.320000000000005613e+00 8.175591121138275907e-03
7.330000000000005400e+00 8.724037261018805986e-03
7.340000000000005187e+00 9.220991758822703888e-03
7.350000000000005862e+00 9.621205360339056198e-03
7.360000000000005649e+00 9.885870585221275680e-03
7.370000000000005436e+00 9.987753685561756925e-03
7.380000000000006111e+00 9.914906245212531943e-03
7.390000000000005898e+00 9.672350938184127306e-03
7.400000000000005684e+00 9.281517420280941538e-03
7.410000000000005471e+00 8.777568920384282158e-03
7.420000000000005258e+00 8.205079228385561002e-03
7.430000000000005933e+00 7.612752375160767443e-03
7.440000000000005720e+00 7.047943615349686226e-03
7.450000000000005507e+00 6.551551941497606515e-03
7.460000000000006182e+00 6.153468614622690028e-03
7.470000000000005969e+00 5.868625091416296118e-03
7.480000000000005755e+00 5.694407481528736444e-03
7.490000000000005542e+00 5.611317786958681594e-03
7.500000000000005329e+00 5.588205442969546195e-03
7.510000000000006004e+00 5.590723588110320559e-03
7.520000000000005791e+00 5.589879017326750132e-03
7.530000000000005578e+00 5.568356101249788935e-03
7.540000000000006253e+00 5.523859681441901058e-03
7.550000000000006040e+00 5.469359388050002747e-03
7.560000000000005826e+00 5.430050191437263245e-03
7.570000000000005613e+00 5.437040409640038659e-03
7.580000000000005400e+00 5.519020539641107323e-03
7.590000000000006075e+00 5.694937035671608638e-03
7.600000000000005862e+00 5.970584546645158093e-03
7.610000000000005649e+00 6.339073451573899558e-03
7.620000000000006324e+00 6.782689143567384275e-03
7.630000000000006111e+00 7.274416971852895597e-03
7.640000000000005898e+00 7.779419455419880718e-03
7.650000000000005684e+00 8.257490950507061223e-03
7.660000000000005471e+00 8.666922598455620644e-03
7.670000000000006146e+00 8.969351038640238985e-03
7.680000000000005933e+00 9.134683880349334442e-03
7.690000000000005720e+00 9.145155770364125219e-03
7.700000000000006395e+00 8.997798227375283092e-03
7.710000000000006182e+00 8.704939974704535913e-03
7.720000000000005969e+00 8.292701185067419267e-03
7.730000000000005755e+00 7.797763879188681149e-03
7.740000000000005542e+00 7.262958928628956631e-03
7.750000000000006217e+00 6.732350123375805892e-03
7.760000000000006004e+00 6.246433356559551002e-03
7.770000000000005791e+00 5.837773162204408853e-03
7.780000000000006466e+00 5.527093751565156747e-03
7.790000000000006253e+00 5.320100910285572963e-03
7.800000000000006040e+00 5.206349562220334397e-03
7.810000000000005826e+00 5.161940369487900623e-03
7.820000000000005613e+00 5.156111111397125579e-03
7.830000000000006288e+00 5.159348704260435792e-03
7.840000000000006075e+00 5.150298153776425823e-03
7.850000000000005862e+00 5.120141817809523155e-03
7.860000000000006537e+00 5.074189575977786082e-03
7.870000000000006324e+00 5.030570776866982903e-03
7.880000000000006111e+00 5.015861171399224605e-03
7.890000000000005898e+00 5.058104667991525707e-03
7.900000000000005684e+00 5.179268697458149287e-03
7.910000000000006359e+00 5.390216732860539373e-03
7.920000000000006146e+00 5.689679780416361313e-03
7.930000000000005933e+00 6.065726880977947294e-03
7.940000000000006608e+00 6.497468749494215989e-03
7.950000000000006395e+00 6.956371494498425970e-03
7.960000000000006182e+00 7.407957937529080147e-03
7.970000000000005969e+00 7.814651999658280349e-03
7.980000000000005755e+00 8.139767460048817627e-03
7.990000000000006430e+00 8.352002791201814866e-03
8.000000000000007105e+00 8.429571582923291520e-03
8.010000000000005116e+00 8.363195294273829614e-03
8.020000000000006679e+00 8.157450012443131712e-03
8.030000000000006466e+00 7.830275912035628699e-03
8.040000000000006253e+00 7.410768340306607416e-03
8.050000000000006040e+00 6.935639175024794524e-03
8.060000000000005826e+00 6.444923639108972313e-03
8.070000000000007390e+00 5.977542092679088981e-03
8.080000000000005400e+00 5.567144397206807808e-03
8.090000000000006963e+00 5.238340798254265823e-03
8.100000000000006750e+00 5.003355894933790397e-03
8.110000000000006537e+00 4.859825628621056159e-03
8.120000000000006324e+00 4.791390228503948807e-03
8.130000000000006111e+00 4.772159088564269409e-03
8.140000000000005898e+00 4.773819389887512359e-03
8.150000000000005684e+00 4.772730029117267826e-03
8.160000000000007248e+00 4.755098983723177707e-03
8.170000000000005258e+00 4.719656210067698504e-03
8.180000000000006821e+00 4.677737020802516348e-03
8.190000000000006608e+00 4.650616536173660803e-03
8.200000000000006395e+00 4.664118974337172659e-03
8.210000000000006182e+00 4.741611343600118586e-03
8.220000000000005969e+00 4.897971792125634279e-03
8.230000000000007532e+00 5.136938328632190652e-03
8.240000000000005542e+00 5.451708921896545636e-03
8.250000000000007105e+00 5.826669891355612182e-03
8.260000000000006892e+00 6.238801499384938332e-03
8.270000000000006679e+00 6.658975917608646322e-03
8.280000000000006466e+00 7.053981947564904979e-03
8.290000000000006253e+00 7.389651746039810343e-03
8.300000000000006040e+00 7.634773996041195783e-03
8.310000000000005826e+00 7.765074578539581975e-03
8.320000000000007390e+00 7.766494778119492105e-03
8.330000000000005400e+00 7.637172707904139185e-03
8.340000000000006963e+00 7.387807007150820442e-03
8.350000000000006750e+00 7.040374808610390736e-03
8.360000000000006537e+00 6.625447002735507587e-03
8.370000000000006324e+00 6.178557451204768312e-03
8.380000000000006111e+00 5.736185548365999726e-03
8.390000000000007674e+00 5.331835475403749400e-03
8.400000000000005684e+00 4.992432066030175891e-03
8.410000000000007248e+00 4.735021690956458564e-03
8.420000000000007034e+00 4.564058491687499920e-03
8.430000000000006821e+00 4.470479093753670051e-03
8.440000000000006608e+00 4.434087108771377940e-03
8.450000000000006395e+00 4.429200118527574365e-03
8.460000000000006182e+00 4.431470410653719216e-03
8.470000000000005969e+00 4.423601858481594935e-03
8.480000000000007532e+00 4.398904160746621231e-03
8.490000000000005542e+00 4.362496754299742888e-03
8.500000000000007105e+00 4.330070062664903748e-03
8.510000000000006892e+00 4.324065250800671230e-03
8.520000000000006679e+00 4.367705313978637732e-03
8.530000000000006466e+00 4.478675655768038499e-03
8.540000000000006253e+00 4.665067478391104680e-03
8.550000000000007816e+00 4.924735383327147331e-03
8.560000000000005826e+00 5.246715680764949506e-03
8.570000000000007390e+00 5.612790507867500105e-03
8.580000000000007176e+00 5.998680996250837193e-03
8.590000000000006963e+00 6.375505264570707417e-03
8.600000000000006750e+00 6.712125228572626313e-03
8.610000000000006537e+00 6.978400796975304382e-03
8.620000000000006324e+00 7.148847031200745820e-03
8.630000000000006111e+00 7.205988799884448584e-03
8.640000000000007674e+00 7.142776169345642530e-03
8.650000000000005684e+00 6.963638213114116925e-03
8.660000000000007248e+00 6.684018776233567778e-03
8.670000000000007034e+00 6.328501631790311305e-03
8.680000000000006821e+00 5.927859399674562275e-03
8.690000000000006608e+00 5.515508588221230968e-03
8.700000000000006395e+00 5.123862423968265738e-03
8.710000000000007958e+00 4.780898796397013879e-03
8.720000000000005969e+00 4.506990556154825966e-03
8.730000000000007532e+00 4.312042138459815099e-03
8.740000000000007319e+00 4.193628374980033595e-03
8.750000000000007105e+00 4.137603798620548279e-03
8.760000000000006892e+00 4.122029850609138825e-03
8.770000000000006679e+00 4.123252895710242949e-03
8.780000000000006466e+00 4.121848190528684848e-03
8.790000000000006253e+00 4.106875858199111884e-03
8.800000000000007816e+00 4.078002403972066578e-03
8.810000000000005826e+00 4.045426958203450149e-03
8.820000000000007390e+00 4.027472184211781936e-03
8.830000000000007176e+00 4.045883820334930311e-03
8.840000000000006963e+00 4.119857098379290164e-03
8.850000000000006750e+00 4.261049544314324776e-03
8.860000000000006537e+00 4.471560932367259211e-03
8.870000000000008100e+00 4.744644852637524071e-03
8.880000000000006111e+00 5.066307462287667276e-03
8.890000000000007674e+00 5.416589833948493027e-03
8.900000000000007461e+00 5.770722596896793108e-03
8.910000000000007248e+00 6.100841154794829808e-03
8.920000000000007034e+00 6.378574477290156752e-03
8.930000000000006821e+00 6.578258515408342763e-03
8.940000000000006608e+00 6.680191196605639141e-03
8.950000000000006395e+00 6.673296603396702831e-03
8.960000000000007958e+00 6.556706344474702922e-03
8.970000000000005969e+00 6.339993909655679272e-03
8.980000000000007532e+00 6.042046541028138658e-03
8.990000000000007319e+00 5.688789216279984892e-03
9.000000000000007105e+00 5.310151017934514918e-03
9.010000000000006892e+00 4.936736483218386040e-03
9.020000000000006679e+00 4.596578966472550029e-03
9.030000000000006466e+00 4.312118820554641796e-03
9.040000000000006253e+00 4.097381385320345709e-03
9.050000000000007816e+00 3.955650909264868051e-03
9.060000000000007603e+00 3.878758072047257862e-03
9.070000000000007390e+00 3.849273918629470079e-03
9.080000000000007176e+00 3.845442937053442350e-03
9.090000000000006963e+00 3.846984559827910065e-03
9.100000000000006750e+00 3.839853066297875886e-03
9.110000000000006537e+00 3.819121513260132286e-03
9.120000000000008100e+00 3.789859822328172593e-03
9.130000000000007887e+00 3.765925302963714708e-03
9.140000000000007674e+00 3.766552622220775172e-03
9.150000000000007461e+00 3.811169376833468177e-03
9.160000000000007248e+00 3.914059430272443657e-03
9.170000000000007034e+00 4.081105696047255225e-03
9.180000000000006821e+00 4.309470685456622159e-03
9.190000000000006608e+00 4.588960175910078605e-03
9.200000000000006395e+00 4.903448325274314783e-03
9.210000000000007958e+00 5.231958630797537563e-03
9.220000000000007745e+00 5.549937784065168273e-03
9.230000000000007532e+00 5.831236486778663443e-03
9.240000000000007319e+00 6.050813828415004501e-03
9.250000000000007105e+00 6.187753344251726781e-03
9.260000000000006892e+00 6.228010539108321322e-03
9.270000000000006679e+00 6.166365117815270601e-03
9.280000000000008242e+00 6.007229173304103921e-03
9.290000000000008029e+00 5.764187812565313256e-03
9.300000000000007816e+00 5.458373670276781865e-03
9.310000000000007603e+00 5.115967147687437711e-03
9.320000000000007390e+00 4.765229953610264704e-03
9.330000000000007176e+00 4.433469122508181329e-03
9.340000000000006963e+00 4.144162775650663336e-03
9.350000000000006750e+00 3.914256047571795100e-03
9.360000000000006537e+00 3.751688090575821567e-03
9.370000000000008100e+00 3.653834560730918196e-03
9.380000000000007887e+00 3.608176237554791208e-03
9.390000000000007674e+00 3.595832549530660754e-03
9.400000000000007461e+00 3.596826904599891104e-03
9.410000000000007248e+00 3.595105453722346935e-03
9.420000000000007034e+00 3.582045911839694310e-03
9.430000000000006821e+00 3.558126232328020101e-03
9.440000000000008384e+00 3.532708871086287158e-03
9.450000000000008171e+00 3.521815796474707990e-03
9.460000000000007958e+00 3.543962963451920134e-03
9.470000000000007745e+00 3.615013572115294196e-03
9.480000000000007532e+00 3.744046735485814185e-03
9.490000000000007319e+00 3.931861679482191903e-03
9.500000000000007105e+00 4.171775810598302853e-03
9.510000000000006892e+00 4.451097773625952575e-03
9.520000000000006679e+00 4.752289386248705581e-03
9.530000000000008242e+00 5.054000569992940332e-03
9.540000000000008029e+00 5.332551643170326504e-03
9.550000000000007816e+00 5.564117297084655855e-03
9.560000000000007603e+00 5.727404386903266545e-03
9.570000000000007390e+00 5.806341040318171130e-03
9.580000000000007176e+00 5.792252858559215380e-03
9.590000000000006963e+00 5.685118730320526566e-03
9.600000000000008527e+00 5.493691590156455154e-03
9.610000000000008313e+00 5.234481930864104578e-03
9.620000000000008100e+00 4.929797174953896507e-03
9.630000000000007887e+00 4.605173544125228113e-03
9.640000000000007674e+00 4.286584454538512265e-03
9.650000000000007461e+00 3.997717569235231458e-03
9.660000000000007248e+00 3.757405326876549385e-03
9.670000000000007034e+00 3.577181948915647905e-03
9.680000000000006821e+00 3.459285480740475951e-03
9.690000000000008384e+00 3.396151815969907124e-03
9.700000000000008171e+00 3.372489577963917393e-03
9.710000000000007958e+00 3.369653286232690559e-03
9.720000000000007745e+00 3.370621680287382276e-03
9.730000000000007532e+00 3.363979337396271092e-03
9.740000000000007319e+00 3.346253263370329439e-03
9.750000000000007105e+00 3.322518973141031298e-03
9.760000000000008669e+00 3.305200528895519286e-03
9.770000000000008455e+00 3.310976265878679513e-03
9.780000000000008242e+00 3.356222188811341847e-03
9.790000000000008029e+00 3.452480349541228819e-03
9.800000000000007816e+00 3.603864558258577412e-03
9.810000000000007603e+00 3.807005386927132286e-03
9.820000000000007390e+00 4.052354916549899544e-03
9.830000000000007176e+00 4.325478378270980299e-03
9.840000000000006963e+00 4.608031732044117444e-03
9.850000000000008527e+00 4.878890052195111390e-03
9.860000000000008313e+00 5.115849560914409976e-03
9.870000000000008100e+00 5.297909632297652556e-03
9.880000000000007887e+00 5.407788988150450532e-03
9.890000000000007674e+00 5.434192533838223642e-03
9.900000000000007461e+00 5.373390892132825537e-03
9.910000000000007248e+00 5.229825812864165313e-03
9.920000000000008811e+00 5.015647355536668496e-03
9.930000000000008598e+00 4.749281101228504040e-03
9.940000000000008384e+00 4.453282970349028806e-03
9.950000000000008171e+00 4.151827970850706546e-03
9.960000000000007958e+00 3.868153298003884199e-03
9.970000000000007745e+00 3.622119469574792711e-03
9.980000000000007532e+00 3.427872868752393585e-03
9.990000000000007319e+00 3.291694029572958622e-03
1.000000000000000711e+01 3.210710729526035367e-03
1.001000000000000867e+01 3.173645826840619955e-03
1.002000000000000846e+01 3.164049172141124647e-03
1.003000000000000824e+01 3.164903945115361134e-03
1.004000000000000803e+01 3.162888671125380080e-03
1.005000000000000782e+01 3.151274855264754766e-03
1.006000000000000760e+01 3.131223304808323799e-03
1.007000000000000739e+01 3.111444870743210710e-03
1.008000000000000895e+01 3.106113667700008320e-03
1.009000000000000874e+01 3.131129264288699723e-03
1.010000000000000853e+01 3.199648364758067316e-03
1.011000000000000831e+01 3.318664887531029388e-03
1.012000000000000810e+01 3.487948193638950624e-03
1.013000000000000789e+01 3.700902510653594768e-03
1.014000000000000767e+01 3.945919303443789182e-03
1.015000000000000746e+01 4.207425431342344535e-03
1.016000000000000725e+01 4.466815804385475611e-03
1.017000000000000881e+01 4.703753978016128774e-03
1.018000000000000860e+01 4.898042761733076809e-03
1.019000000000000838e+01 5.031883250380436018e-03
1.020000000000000817e+01 5.092116040499763963e-03
1.021000000000000796e+01 5.072006382462915068e-03
1.022000000000000774e+01 4.972235402780955486e-03
1.023000000000000753e+01 4.800925057266477308e-03
1.024000000000000909e+01 4.572707066218527697e-03
1.025000000000000888e+01 4.307011933891729920e-03
1.026000000000000867e+01 4.025870478055747735e-03
1.027000000000000846e+01 3.751547217654341640e-03
1.028000000000000824e+01 3.504229287103644876e-03
1.029000000000000803e+01 3.299812542652763060e-03
1.030000000000000782e+01 3.147764581588768408e-03
1.031000000000000760e+01 3.049408921956774359e-03
1.032000000000000739e+01 2.997614051065555004e-03
1.033000000000000895e+01 2.978790799767563630e-03
1.034000000000000874e+01 2.976810887529849400e-03
1.035000000000000853e+01 2.977306857834538523e-03
1.036000000000000831e+01 2.971013395253950876e-03
1.037000000000000810e+01 2.955654507940757864e-03
1.038000000000000789e+01 2.936323490219802049e-03
1.039000000000000767e+01 2.924283410871213532e-03
1.040000000000000924e+01 2.934124351624708277e-03
1.041000000000000902e+01 2.979722947706432614e-03
1.042000000000000881e+01 3.070382804477050052e-03
1.043000000000000860e+01 3.208793482974879423e-03
1.044000000000000838e+01 3.391187825265980053e-03
1.045000000000000817e+01 3.608583020412271108e-03
1.046000000000000796e+01 3.847946757266261075e-03
1.047000000000000774e+01 4.093080715566557205e-03
1.048000000000000753e+01 4.325630456874909012e-03
1.049000000000000909e+01 4.526568722975057336e-03
1.050000000000000888e+01 4.678145371235330544e-03
1.051000000000000867e+01 4.766007044586527235e-03
1.052000000000000846e+01 4.781078961407126023e-03
1.053000000000000824e+01 4.720843014548612056e-03
1.054000000000000803e+01 4.589777133323379860e-03
1.055000000000000782e+01 4.398887248608962172e-03
1.056000000000000938e+01 4.164428173830841615e-03
1.057000000000000917e+01 3.906042629174430632e-03
1.058000000000000895e+01 3.644613755889979621e-03
1.059000000000000874e+01 3.400088463665385495e-03
1.060000000000000853e+01 3.189382105170207333e-03
1.061000000000000831e+01 3.024333613769315896e-03
1.062000000000000810e+01 2.909823182275673471e-03
1.063000000000000789e+01 2.842728090167463868e-03
1.064000000000000767e+01 2.812756436983425597e-03
1.065000000000000924e+01 2.805436927508756558e-03
1.066000000000000902e+01 2.806177446310001954e-03
1.067000000000000881e+01 2.803899254397534610e-03
1.068000000000000860e+01 2.793430657315305009e-03
1.069000000000000838e+01 2.776496304598983882e-03
1.070000000000000817e+01 2.761272629238695382e-03
1.071000000000000796e+01 2.760409459944988039e-03
1.072000000000000952e+01 2.787644255547684722e-03
1.073000000000000931e+01 2.853902882543601742e-03
1.074000000000000909e+01 2.964478372200061995e-03
1.075000000000000888e+01 3.118327241113112713e-03
1.076000000000000867e+01 3.308966883654464262e-03
1.077000000000000846e+01 3.525712791405676960e-03
1.078000000000000824e+01 3.754621510409763586e-03
1.079000000000000803e+01 3.979334922649646958e-03
1.080000000000000782e+01 4.182234965425063629e-03
1.081000000000000938e+01 4.346065628434294704e-03
1.082000000000000917e+01 4.455858284781324431e-03
1.083000000000000895e+01 4.500813406625538138e-03
1.084000000000000874e+01 4.475769582728611126e-03
1.085000000000000853e+01 4.381979418580164709e-03
1.086000000000000831e+01 4.227055725853161826e-03
1.087000000000000810e+01 4.024109170385763330e-03
1.088000000000000966e+01 3.790239408668238507e-03
1.089000000000000945e+01 3.544634989103639770e-03
1.090000000000000924e+01 3.306547418508274869e-03
1.091000000000000902e+01 3.093307447634976830e-03
1.092000000000000881e+01 2.918393829222129358e-03
1.093000000000000860e+01 2.789547693254064258e-03
1.094000000000000838e+01 2.707303362763139286e-03
1.095000000000000817e+01 2.664858867837099042e-03
1.096000000000000796e+01 2.650018858635033812e-03
1.097000000000000952e+01 2.648732160419340568e-03
1.098000000000000931e+01 2.648822906668460257e-03
1.099000000000000909e+01 2.642799822409660701e-03
1.100000000000000888e+01 2.629372375827554020e-03
1.101000000000000867e+01 2.613642927286852560e-03
1.102000000000000846e+01 2.605904271783018866e-03
1.103000000000000824e+01 2.619003760224244623e-03
1.104000000000000981e+01 2.664737729576190182e-03
1.105000000000000959e+01 2.750562257068977015e-03
1.106000000000000938e+01 2.878016123614211049e-03
1.107000000000000917e+01 3.043044929438830110e-03
1.108000000000000895e+01 3.237174157313688766e-03
1.109000000000000874e+01 3.448558947985741127e-03
1.110000000000000853e+01 3.662782877101904838e-03
1.111000000000000831e+01 3.863769187973941505e-03
1.112000000000000810e+01 4.035088117371807628e-03
1.113000000000000966e+01 4.161640363243772171e-03
1.114000000000000945e+01 4.231457215666899370e-03
1.115000000000000924e+01 4.237270442761686268e-03
1.116000000000000902e+01 4.177545157298217376e-03
1.117000000000000881e+01 4.056783813199130000e-03
1.118000000000000860e+01 3.885054255791409953e-03
1.119000000000000838e+01 3.676836588693944887e-03
1.120000000000000995e+01 3.449394032916494775e-03
1.121000000000000973e+01 3.220920065643763375e-03
1.122000000000000952e+01 3.008666821352259761e-03
1.123000000000000931e+01 2.827123496367438000e-03
1.124000000000000909e+01 2.686208296298066203e-03
1.125000000000000888e+01 2.589616433877758687e-03
1.126000000000000867e+01 2.533995301176056140e-03
1.127000000000000846e+01 2.509862928038686988e-03
1.128000000000000824e+01 2.504394258334589896e-03
1.129000000000000981e+01 2.505014616285186364e-03
1.130000000000000959e+01 2.502506790336726013e-03
1.131000000000000938e+01 2.492986210909004657e-03
1.132000000000000917e+01 2.478636181477329031e-03
1.133000000000000895e+01 2.467174577689171169e-03
1.134000000000000874e+01 2.469964135690783102e-03
1.135000000000000853e+01 2.498924340773274206e-03
1.136000000000001009e+01 2.563119053620656514e-03
1.137000000000000988e+01 2.666444184591870454e-03
1.138000000000000966e+01 2.807217985729000467e-03
1.139000000000000945e+01 2.979095689688760710e-03
1.140000000000000924e+01 3.172197487791446856e-03
1.141000000000000902e+01 3.373955668341015440e-03
1.142000000000000881e+01 3.569882095285109146e-03
1.143000000000000860e+01 3.744603063955648063e-03
1.144000000000000838e+01 3.883279811383559630e-03
1.145000000000000995e+01 3.973263356789562620e-03
1.146000000000000973e+01 4.005683916306094702e-03
1.147000000000000952e+01 3.976662144449047941e-03
1.148000000000000931e+01 3.887909372617526400e-03
1.149000000000000909e+01 3.746610248426053211e-03
1.150000000000000888e+01 3.564618118813657997e-03
1.151000000000000867e+01 3.357113047938214707e-03
1.152000000000001023e+01 3.140945989870007598e-03
1.153000000000001002e+01 2.932888983302824396e-03
1.154000000000000981e+01 2.747914038621474681e-03
1.155000000000000959e+01 2.597489045526061788e-03
1.156000000000000938e+01 2.487902426424847425e-03
1.157000000000000917e+01 2.419013033093613159e-03
1.158000000000000895e+01 2.384287838137692187e-03
1.159000000000000874e+01 2.372701763278783557e-03
1.160000000000000853e+01 2.371946961103604899e-03
1.161000000000001009e+01 2.371680123815020878e-03
1.162000000000000988e+01 2.365885987732360175e-03
1.163000000000000966e+01 2.354085557331604597e-03
1.164000000000000945e+01 2.341372074171271106e-03
1.165000000000000924e+01 2.337205217078319047e-03
1.166000000000000902e+01 2.352950617831483810e-03
1.167000000000000881e+01 2.398648959352400224e-03
1.168000000000001037e+01 2.480217551178643797e-03
1.169000000000001016e+01 2.598263467033747574e-03
1.170000000000000995e+01 2.748535168796540414e-03
1.171000000000000973e+01 2.923024217643589544e-03
1.172000000000000952e+01 3.110908193240392774e-03
1.173000000000000931e+01 3.299273862128185818e-03
1.174000000000000909e+01 3.473944926048963718e-03
1.175000000000000888e+01 3.620644741031956403e-03
1.176000000000000867e+01 3.726462074156062631e-03
1.177000000000001023e+01 3.781390054676198823e-03
1.178000000000001002e+01 3.779640760649352876e-03
1.179000000000000981e+01 3.720477381922064099e-03
1.180000000000000959e+01 3.608408165353269720e-03
1.181000000000000938e+01 3.452713132356400628e-03
1.182000000000000917e+01 3.266396721285970157e-03
1.183000000000000895e+01 3.064750664566217794e-03
1.184000000000001052e+01 2.863742525387015427e-03
1.185000000000001030e+01 2.678391067459553153e-03
1.186000000000001009e+01 2.521164703513708878e-03
1.187000000000000988e+01 2.400367982371858812e-03
1.188000000000000966e+01 2.318690396386169535e-03
1.189000000000000945e+01 2.272581073507927256e-03
1.190000000000000924e+01 2.253245997376300547e-03
1.191000000000000902e+01 2.249255843416254289e-03
1.192000000000000881e+01 2.249737444018795607e-03
1.193000000000001037e+01 2.247033957135954104e-03
1.194000000000001016e+01 2.238330399518262837e-03
1.195000000000000995e+01 2.226177780779275625e-03
1.196000000000000973e+01 2.217885531066705537e-03
1.197000000000000952e+01 2.223707321039149372e-03
1.198000000000000931e+01 2.254010938107928012e-03
1.199000000000000909e+01 2.316289562493471527e-03
1.200000000000001066e+01 2.413285388928013749e-03
1.201000000000001044e+01 2.542819479675991617e-03
1.202000000000001023e+01 2.698705931535373605e-03
1.203000000000001002e+01 2.871776841527721134e-03
1.204000000000000981e+01 3.050643133420480844e-03
1.205000000000000959e+01 3.222395073046706998e-03
1.206000000000000938e+01 3.373536746985477709e-03
1.207000000000000917e+01 3.491240227939590868e-03
1.208000000000000895e+01 3.564777812897136633e-03
1.209000000000001052e+01 3.586870972591625541e-03
1.210000000000001030e+01 3.554689695512288153e-03
1.211000000000001009e+01 3.470309013759607583e-03
1.212000000000000988e+01 3.340541198378432428e-03
1.213000000000000966e+01 3.176181407451550507e-03
1.214000000000000945e+01 2.990805843756792325e-03
1.215000000000000924e+01 2.799318363576947053e-03
1.216000000000001080e+01 2.616426589095320089e-03
1.217000000000001059e+01 2.455133106393472559e-03
1.218000000000001037e+01 2.325215958903626909e-03
1.219000000000001016e+01 2.231732659562462532e-03
1.220000000000000995e+01 2.173967555438903378e-03
1.221000000000000973e+01 2.145622230907691646e-03
1.222000000000000952e+01 2.136676178477994216e-03
1.223000000000000931e+01 2.136306550813614046e-03
1.224000000000000909e+01 2.135719105671113685e-03
1.225000000000001066e+01 2.130135613851438878e-03
1.226000000000001044e+01 2.119745267270262915e-03
1.227000000000001023e+01 2.109610461253284743e-03
1.228000000000001002e+01 2.108458835701107394e-03
1.229000000000000981e+01 2.126375763186752303e-03
1.230000000000000959e+01 2.171902693958616126e-03
1.231000000000000938e+01 2.249665937489350558e-03
1.232000000000001094e+01 2.359518069221343620e-03
1.233000000000001073e+01 2.497083475209705555e-03
1.234000000000001052e+01 2.654786585605620110e-03
1.235000000000001030e+01 2.822697469094634544e-03
1.236000000000001009e+01 2.989187978498063312e-03
1.237000000000000988e+01 3.141687962978518319e-03
1.238000000000000966e+01 3.267726980711121998e-03
1.239000000000000945e+01 3.356219341782510843e-03
1.240000000000000924e+01 3.398786850799848536e-03
1.241000000000001080e+01 3.390862427281711011e-03
1.242000000000001059e+01 3.332357073469364040e-03
1.243000000000001037e+01 3.227764539915414614e-03
1.244000000000001016e+01 3.085689655405725752e-03
1.245000000000000995e+01 2.917891566273650948e-03
1.246000000000000973e+01 2.738007750367252042e-03
1.247000000000000952e+01 2.560142292031998036e-03
1.248000000000001108e+01 2.397442729064329803e-03
1.249000000000001087e+01 2.260676869347217136e-03
1.250000000000001066e+01 2.156781697242517171e-03
1.251000000000001044e+01 2.087590637501161080e-03
1.252000000000001023e+01 2.049390627618261941e-03
1.253000000000001002e+01 2.033989151339589234e-03
1.254000000000000981e+01 2.031159876744305457e-03
1.255000000000000959e+01 2.031481656962453100e-03
1.256000000000000938e+01 2.028616789192573718e-03
1.257000000000001094e+01 2.020642873046068176e-03
1.258000000000001073e+01 2.010400790390322063e-03
1.259000000000001052e+01 2.004825263182774629e-03
1.260000000000001030e+01 2.013197486916005335e-03
1.261000000000001009e+01 2.044543732516611399e-03
1.262000000000000988e+01 2.105020629613289437e-03
1.263000000000000966e+01 2.196414179709537447e-03
1.264000000000001123e+01 2.316162781210145700e-03
1.265000000000001101e+01 2.458256236461461332e-03
1.266000000000001080e+01 2.614164205296555781e-03
1.267000000000001059e+01 2.773519948234350746e-03
1.268000000000001037e+01 2.924762325371302839e-03
1.269000000000001016e+01 3.055984867075730964e-03
1.270000000000000995e+01 3.156050378089776589e-03
1.271000000000000973e+01 3.215837506838189509e-03
1.272000000000000952e+01 3.229389774121339558e-03
1.273000000000001108e+01 3.194739434347813184e-03
1.274000000000001087e+01 3.114246109555490315e-03
1.275000000000001066e+01 2.994389611421111735e-03
1.276000000000001044e+01 2.845060564789877143e-03
1.277000000000001023e+01 2.678477950767604691e-03
1.278000000000001002e+01 2.507905235975045870e-03
1.279000000000000981e+01 2.346312773963965970e-03
1.280000000000001137e+01 2.205041833277729835e-03
1.281000000000001116e+01 2.092436874925967649e-03
1.282000000000001094e+01 2.012505667796799565e-03
1.283000000000001073e+01 1.964046890411049687e-03
1.284000000000001052e+01 1.940978784400191389e-03
1.285000000000001030e+01 1.934159863296483961e-03
1.286000000000001009e+01 1.934048475789413354e-03
1.287000000000000988e+01 1.933172143537131111e-03
1.288000000000000966e+01 1.927795864079084051e-03
1.289000000000001123e+01 1.918658329420635253e-03
1.290000000000001101e+01 1.910768847149720137e-03
1.291000000000001080e+01 1.912199237784720359e-03
1.292000000000001059e+01 1.931913300444314556e-03
1.293000000000001037e+01 1.977159531198994114e-03
1.294000000000001016e+01 2.051475001915839969e-03
1.295000000000000995e+01 2.154102410613816573e-03
1.296000000000001151e+01 2.280601057152555414e-03
1.297000000000001130e+01 2.423800766706878801e-03
1.298000000000001108e+01 2.574559457926163704e-03
1.299000000000001087e+01 2.722360189152831910e-03
1.300000000000001066e+01 2.856005428934999934e-03
1.301000000000001044e+01 2.964555918271716706e-03
1.302000000000001023e+01 3.038463607755630472e-03
1.303000000000001002e+01 3.070713382892417079e-03
1.304000000000000981e+01 3.057750845946096731e-03
1.305000000000001137e+01 3.000012607440958462e-03
1.306000000000001116e+01 2.901958702099363078e-03
1.307000000000001094e+01 2.771605375766469058e-03
1.308000000000001073e+01 2.619647212251937068e-03
1.309000000000001052e+01 2.458317877733661155e-03
1.310000000000001030e+01 2.300145035399148424e-03
1.311000000000001009e+01 2.156692596541362732e-03
1.312000000000001165e+01 2.037283316854949372e-03
1.313000000000001144e+01 1.947685736763243945e-03
1.314000000000001123e+01 1.889002882755567297e-03
1.315000000000001101e+01 1.857396507919461355e-03
1.316000000000001080e+01 1.845213145484848839e-03
1.317000000000001059e+01 1.843278073943347816e-03
1.318000000000001037e+01 1.843421841172723308e-03
1.319000000000001016e+01 1.840430141876467276e-03
1.320000000000000995e+01 1.833127867172837377e-03
1.321000000000001151e+01 1.824579420037901597e-03
1.322000000000001130e+01 1.821367949468466691e-03
1.323000000000001108e+01 1.831909176818738091e-03
1.324000000000001087e+01 1.864056932905934364e-03
1.325000000000001066e+01 1.922822525974319683e-03
1.326000000000001044e+01 2.009197902506565468e-03
1.327000000000001023e+01 2.120332148233789772e-03
1.328000000000001180e+01 2.250403544690911511e-03
1.329000000000001158e+01 2.391458213382905915e-03
1.330000000000001137e+01 2.534025495920966698e-03
1.331000000000001116e+01 2.667708699772536763e-03
1.332000000000001094e+01 2.781960500102583032e-03
1.333000000000001073e+01 2.867078801315222410e-03
1.334000000000001052e+01 2.915296587235822849e-03
1.335000000000001030e+01 2.921763161604843187e-03
1.336000000000001009e+01 2.885221712865230700e-03
1.337000000000001165e+01 2.808251018145347961e-03
1.338000000000001144e+01 2.697028138239425735e-03
1.339000000000001123e+01 2.560660099761689987e-03
1.340000000000001101e+01 2.410204377367269803e-03
1.341000000000001080e+01 2.257528225176536237e-03
1.342000000000001059e+01 2.114125676310467817e-03
1.343000000000001037e+01 1.989923119788970188e-03
1.344000000000001194e+01 1.892038038716671545e-03
1.345000000000001172e+01 1.823577790355033861e-03
1.346000000000001151e+01 1.782933376866684561e-03
1.347000000000001130e+01 1.764231937923498852e-03
1.348000000000001108e+01 1.759113756962994539e-03
1.349000000000001087e+01 1.759154651212806956e-03
1.350000000000001066e+01 1.758019052715515968e-03
1.351000000000001044e+01 1.752856311301655796e-03
1.352000000000001023e+01 1.744855792909696468e-03
1.353000000000001180e+01 1.738952445184391944e-03
1.354000000000001158e+01 1.742621024503911240e-03
1.355000000000001137e+01 1.763831197129446873e-03
1.356000000000001116e+01 1.808707334955109982e-03
1.357000000000001094e+01 1.879863790792376090e-03
1.358000000000001073e+01 1.976052324506994036e-03
1.359000000000001052e+01 2.092814576838485530e-03
1.360000000000001208e+01 2.223362078614762264e-03
1.361000000000001187e+01 2.359254716956769426e-03
1.362000000000001165e+01 2.490945859136127743e-03
1.363000000000001144e+01 2.608422501494590644e-03
1.364000000000001123e+01 2.702055516870602823e-03
1.365000000000001101e+01 2.763602989327480167e-03
1.366000000000001080e+01 2.787198852211576761e-03
1.367000000000001059e+01 2.770132982071515492e-03
1.368000000000001037e+01 2.713267898267695578e-03
1.369000000000001194e+01 2.621012889230452548e-03
1.370000000000001172e+01 2.500863807529135011e-03
1.371000000000001151e+01 2.362594810074355664e-03
1.372000000000001130e+01 2.217236211585268436e-03
1.373000000000001108e+01 2.075969360256581936e-03
1.374000000000001087e+01 1.949005392231724278e-03
1.375000000000001066e+01 1.844428006640326479e-03
1.376000000000001222e+01 1.766999995815465678e-03
1.377000000000001201e+01 1.717200328922564639e-03
1.378000000000001180e+01 1.691101658843603998e-03
1.379000000000001158e+01 1.681543500180096313e-03
1.380000000000001137e+01 1.680281449516355394e-03
1.381000000000001116e+01 1.680234387648263600e-03
1.382000000000001094e+01 1.677150659313179221e-03
1.383000000000001073e+01 1.670482150251629541e-03
1.384000000000001052e+01 1.663460236415690479e-03
1.385000000000001208e+01 1.662332661949579007e-03
1.386000000000001187e+01 1.674735189017840555e-03
1.387000000000001165e+01 1.707487698365903889e-03
1.388000000000001144e+01 1.764614721229546641e-03
1.389000000000001123e+01 1.846448594086947705e-03
1.390000000000001101e+01 1.949925424640177327e-03
1.391000000000001080e+01 2.069421072765735385e-03
1.392000000000001236e+01 2.197506810495536249e-03
1.393000000000001215e+01 2.325504419500947374e-03
1.394000000000001194e+01 2.444031921801345913e-03
1.395000000000001172e+01 2.543714680932285688e-03
1.396000000000001151e+01 2.616078975909639538e-03
1.397000000000001130e+01 2.654508178680371581e-03
1.398000000000001108e+01 2.655081986762561092e-03
1.399000000000001087e+01 2.617131300132206385e-03
1.400000000000001066e+01 2.543400105662426205e-03
1.401000000000001222e+01 2.439785714292769334e-03
1.402000000000001201e+01 2.314708461096427056e-03
1.403000000000001180e+01 2.178221837019659896e-03
1.404000000000001158e+01 2.040993664375714660e-03
1.405000000000001137e+01 1.913252049913050090e-03
1.406000000000001116e+01 1.803707552255255295e-03
1.407000000000001094e+01 1.718418861483081254e-03
1.408000000000001251e+01 1.659717232704674764e-03
1.409000000000001229e+01 1.625654572804275397e-03
1.410000000000001208e+01 1.610565406468525071e-03
1.411000000000001187e+01 1.606794754563850352e-03
1.412000000000001165e+01 1.606902108043166324e-03
1.413000000000001144e+01 1.605536496774320754e-03
1.414000000000001123e+01 1.600600067116487481e-03
1.415000000000001101e+01 1.593650053735586568e-03
1.416000000000001080e+01 1.589527404585350549e-03
1.417000000000001236e+01 1.595156088176140135e-03
1.418000000000001215e+01 1.617615918992808049e-03
1.419000000000001194e+01 1.662047586924180744e-03
1.420000000000001172e+01 1.730281815704481137e-03
1.421000000000001151e+01 1.820677885452186111e-03
1.422000000000001130e+01 1.928797710441375974e-03
1.423000000000001108e+01 2.048213446892873518e-03
1.424000000000001265e+01 2.171115296681418953e-03
1.425000000000001243e+01 2.288811129353894754e-03
1.426000000000001222e+01 2.392318939075274622e-03
1.427000000000001201e+01 2.473139830507358698e-03
1.428000000000001180e+01 2.524149730190243177e-03
1.429000000000001158e+01 2.540457401044284892e-03
1.430000000000001137e+01 2.520059646504750183e-03
1.431000000000001116e+01 2.464163240370560379e-03
1.432000000000001094e+01 2.377112241161091766e-03
1.433000000000001251e+01 2.265936968016453532e-03
1.434000000000001229e+01 2.139607824464600724e-03
1.435000000000001208e+01 2.008114231855105507e-03
1.436000000000001187e+01 1.881477691292182675e-03
1.437000000000001165e+01 1.768743673466352268e-03
1.438000000000001144e+01 1.676924425795324773e-03
1.439000000000001123e+01 1.609911265559305560e-03
1.440000000000001279e+01 1.567649881065927417e-03
1.441000000000001258e+01 1.546158032010486877e-03
1.442000000000001236e+01 1.538733399343002054e-03
1.443000000000001215e+01 1.537962826337120831e-03
1.444000000000001194e+01 1.537718390544544388e-03
1.445000000000001172e+01 1.534577607126440127e-03
1.446000000000001151e+01 1.528518920115900549e-03
1.447000000000001130e+01 1.522892387165325273e-03
1.448000000000001108e+01 1.523621890723682922e-03
1.449000000000001265e+01 1.537632925007197506e-03
1.450000000000001243e+01 1.570826833788595668e-03
1.451000000000001222e+01 1.626374623599836358e-03
1.452000000000001201e+01 1.704061480685151609e-03
1.453000000000001180e+01 1.800673081858828774e-03
1.454000000000001158e+01 1.910788779241833239e-03
1.455000000000001137e+01 2.027461124781102485e-03
1.456000000000001293e+01 2.142718063929480686e-03
1.457000000000001272e+01 2.248068995745416011e-03
1.458000000000001251e+01 2.335159148261640658e-03
1.459000000000001229e+01 2.396574087421511710e-03
1.460000000000001208e+01 2.426680815186479153e-03
1.461000000000001187e+01 2.422345920311162141e-03
1.462000000000001165e+01 2.383387039273660111e-03
1.463000000000001144e+01 2.312668961843240400e-03
1.464000000000001123e+01 2.215827745748980872e-03
1.465000000000001279e+01 2.100675958239501401e-03
1.466000000000001258e+01 1.976391522593374042e-03
1.467000000000001236e+01 1.852603166635748795e-03
1.468000000000001215e+01 1.738444360812847495e-03
1.469000000000001194e+01 1.641572066381372184e-03
1.470000000000001172e+01 1.567124402928670064e-03
1.471000000000001151e+01 1.516761081043016849e-03
1.472000000000001307e+01 1.488255430187229549e-03
1.473000000000001286e+01 1.476151525403400673e-03
1.474000000000001265e+01 1.473436706908619592e-03
1.475000000000001243e+01 1.473543051114837958e-03
1.476000000000001222e+01 1.471977172106189941e-03
1.477000000000001201e+01 1.467284046643777722e-03
1.478000000000001180e+01 1.461318943461035720e-03
1.479000000000001158e+01 1.458811034238719677e-03
1.480000000000001137e+01 1.466170738812510883e-03
1.481000000000001293e+01 1.489674918179273140e-03
1.482000000000001272e+01 1.533599186104869219e-03
1.483000000000001251e+01 1.599108052961747527e-03
1.484000000000001229e+01 1.684250245420719320e-03
1.485000000000001208e+01 1.784638086979887552e-03
1.486000000000001187e+01 1.894185166476342096e-03
1.487000000000001165e+01 2.005651372573027339e-03
1.488000000000001322e+01 2.111102688624185136e-03
1.489000000000001300e+01 2.202461282159357252e-03
1.490000000000001279e+01 2.272210419438697518e-03
1.491000000000001258e+01 2.314189123793116733e-03
1.492000000000001236e+01 2.324337855913177243e-03
1.493000000000001215e+01 2.301247477085985489e-03
1.494000000000001194e+01 2.246401871239618077e-03
1.495000000000001172e+01 2.164067905356154183e-03
1.496000000000001151e+01 2.060855370543525876e-03
1.497000000000001307e+01 1.945026638551713332e-03
1.498000000000001286e+01 1.825663381116426334e-03
1.499000000000001265e+01 1.711779841521823657e-03
1.500000000000001243e+01 1.611408829648720755e-03
1.501000000000001222e+01 1.530628735772223553e-03
1.502000000000001201e+01 1.472571361400708181e-03
1.503000000000001180e+01 1.436727327186666922e-03
1.504000000000001336e+01 1.419091367827948367e-03
1.505000000000001315e+01 1.413392253439900220e-03
1.506000000000001293e+01 1.412965651698609541e-03
1.507000000000001272e+01 1.412523572961504360e-03
1.508000000000001251e+01 1.409360734257329544e-03
1.509000000000001229e+01 1.403897605987654675e-03
1.510000000000001208e+01 1.399561551148889452e-03
1.511000000000001187e+01 1.401961048666903803e-03
1.512000000000001165e+01 1.417369230073472130e-03
1.513000000000001322e+01 1.450866677731646286e-03
1.514000000000001300e+01 1.504884252389557774e-03
1.515000000000001279e+01 1.578754747781071143e-03
1.516000000000001258e+01 1.669164700030822913e-03
1.517000000000001236e+01 1.770900177009905596e-03
1.518000000000001215e+01 1.877456941940423667e-03
1.519000000000001194e+01 1.981496401030795069e-03
1.520000000000001350e+01 2.075316553630607297e-03
1.521000000000001329e+01 2.151455843112239780e-03
1.522000000000001307e+01 2.203419374212160255e-03
1.523000000000001286e+01 2.226420129152412945e-03
1.524000000000001265e+01 2.217993204582595357e-03
1.525000000000001243e+01 2.178359721957655922e-03
1.526000000000001222e+01 2.110468740351287113e-03
1.527000000000001201e+01 2.019710463780896581e-03
1.528000000000001180e+01 1.913354917639151003e-03
1.529000000000001336e+01 1.799810360891287552e-03
1.530000000000001315e+01 1.687798368117068414e-03
1.531000000000001293e+01 1.585498456484519094e-03
1.532000000000001272e+01 1.499647337779035213e-03
1.533000000000001251e+01 1.434577248652051671e-03
1.534000000000001229e+01 1.391365247961842775e-03
1.535000000000001208e+01 1.367559718819469621e-03
1.536000000000001364e+01 1.357918430669630876e-03
1.537000000000001343e+01 1.356019301485633308e-03
1.538000000000001322e+01 1.356073389424322607e-03
1.539000000000001300e+01 1.354337811114046967e-03
1.540000000000001279e+01 1.349907644902803702e-03
1.541000000000001258e+01 1.344876906533370780e-03
1.542000000000001236e+01 1.343847090774582522e-03
1.543000000000001215e+01 1.352745700141937514e-03
1.544000000000001194e+01 1.377120349600323857e-03
1.545000000000001350e+01 1.420483144597151255e-03
1.546000000000001329e+01 1.483432406445151647e-03
1.547000000000001307e+01 1.563774741023759912e-03
1.548000000000001286e+01 1.657196606174561170e-03
1.549000000000001265e+01 1.757935272251211992e-03
1.550000000000001243e+01 1.859268396059151696e-03
1.551000000000001222e+01 1.953938950117516029e-03
1.552000000000001378e+01 2.034667380204593489e-03
1.553000000000001357e+01 2.094795985567846942e-03
1.554000000000001336e+01 2.128998490055699581e-03
1.555000000000001315e+01 2.133928447066859874e-03
1.556000000000001293e+01 2.108677360545754050e-03
1.557000000000001272e+01 2.054950790073725459e-03
1.558000000000001251e+01 1.976928772110002862e-03
1.559000000000001229e+01 1.880838144658889812e-03
1.560000000000001208e+01 1.774312735752487259e-03
1.561000000000001364e+01 1.665636692616021897e-03
1.562000000000001343e+01 1.562942968594017165e-03
1.563000000000001322e+01 1.473377847408717089e-03
1.564000000000001300e+01 1.402199807816689216e-03
1.565000000000001279e+01 1.351875478946086345e-03
1.566000000000001258e+01 1.321508437518121443e-03
1.567000000000001236e+01 1.307099723538177440e-03
1.568000000000001393e+01 1.302787418184727861e-03
1.569000000000001371e+01 1.302586242649194466e-03
1.570000000000001350e+01 1.301952068045396241e-03
1.571000000000001329e+01 1.298802009022106355e-03
1.572000000000001307e+01 1.293926868108504500e-03
1.573000000000001286e+01 1.290795716566503579e-03
1.574000000000001265e+01 1.294708041660092793e-03
1.575000000000001243e+01 1.311333662794921407e-03
1.576000000000001222e+01 1.345016528853711568e-03
1.577000000000001378e+01 1.397544874455404918e-03
1.578000000000001357e+01 1.467879411714575035e-03
1.579000000000001336e+01 1.552649571578911284e-03
1.580000000000001315e+01 1.646849131822666857e-03
1.581000000000001293e+01 1.744383631100697917e-03
1.582000000000001272e+01 1.838486012140972542e-03
1.583000000000001251e+01 1.922156339844407341e-03
1.584000000000001407e+01 1.988720257621894114e-03
1.585000000000001386e+01 2.032485807632707780e-03
1.586000000000001364e+01 2.049397333431535965e-03
1.587000000000001343e+01 2.037560028938160354e-03
1.588000000000001322e+01 1.997529464958553054e-03
1.589000000000001300e+01 1.932308919021599259e-03
1.590000000000001279e+01 1.847055957743761693e-03
1.591000000000001258e+01 1.748552684560210606e-03
1.592000000000001236e+01 1.644525942712555351e-03
1.593000000000001393e+01 1.542899696875202429e-03
1.594000000000001371e+01 1.451015975747313187e-03
1.595000000000001350e+01 1.374801726697119078e-03
1.596000000000001329e+01 1.317879389174931746e-03
1.597000000000001307e+01 1.280819773091157812e-03
1.598000000000001286e+01 1.260994043331118515e-03
1.599000000000001265e+01 1.253378647496243775e-03
1.600000000000001421e+01 1.252098217622814617e-03
1.601000000000001222e+01 1.252062852423494821e-03
1.602000000000001378e+01 1.250188992660682119e-03
1.603000000000001535e+01 1.246042982718626466e-03
1.604000000000001336e+01 1.241906919901725843e-03
1.605000000000001137e+01 1.242240507417771570e-03
1.606000000000001293e+01 1.252514105842980575e-03
1.607000000000001450e+01 1.277609685308312348e-03
1.608000000000001251e+01 1.320363922065614579e-03
1.609000000000001407e+01 1.380894806550971325e-03
1.610000000000001563e+01 1.456824130300184280e-03
1.611000000000001364e+01 1.543930934242508657e-03
1.612000000000001165e+01 1.636759584795176260e-03
1.613000000000001322e+01 1.729060583990252569e-03
1.614000000000001478e+01 1.814184937176416051e-03
1.615000000000001279e+01 1.885562084662072624e-03
1.616000000000001435e+01 1.937290009046016039e-03
1.617000000000001592e+01 1.964769662431233889e-03
1.618000000000001393e+01 1.965268628129513730e-03
1.619000000000001194e+01 1.938301224547821222e-03
1.620000000000001350e+01 1.885748744433452190e-03
1.621000000000001506e+01 1.811696811770601269e-03
1.622000000000001307e+01 1.722021175896990127e-03
1.623000000000001108e+01 1.623793850694165179e-03
1.624000000000001265e+01 1.524593541007568907e-03
1.625000000000001421e+01 1.431776724521802635e-03
1.626000000000001222e+01 1.351707923427921754e-03
1.627000000000001378e+01 1.288920884278021506e-03
1.628000000000001535e+01 1.245297428290585533e-03
1.629000000000001336e+01 1.219613787884444569e-03
1.630000000000001137e+01 1.207904040786765987e-03
1.631000000000001293e+01 1.204697391437822276e-03
1.632000000000001450e+01 1.204627595413407162e-03
1.633000000000001251e+01 1.203812010377780734e-03
1.634000000000001407e+01 1.200709188723645326e-03
1.635000000000001563e+01 1.196419010735573669e-03
1.636000000000001364e+01 1.194421493859999751e-03
1.637000000000001165e+01 1.199712218314960858e-03
1.638000000000001322e+01 1.217400049620915225e-03
1.639000000000001478e+01 1.251165739901063424e-03
1.640000000000001279e+01 1.302239561357991515e-03
1.641000000000001435e+01 1.369278516494249094e-03
1.642000000000001592e+01 1.448889310474923845e-03
1.643000000000001393e+01 1.536272610410763153e-03
1.644000000000001194e+01 1.625714071550668927e-03
1.645000000000001350e+01 1.710964931245554125e-03
1.646000000000001506e+01 1.785653777491734949e-03
1.647000000000001307e+01 1.843803897044858729e-03
1.648000000000001464e+01 1.880428130583275273e-03
1.649000000000001620e+01 1.892105969681783482e-03
1.650000000000001421e+01 1.877430316800741917e-03
1.651000000000001222e+01 1.837233635971136829e-03
1.652000000000001378e+01 1.774548709942906253e-03
1.653000000000001535e+01 1.694312102101874816e-03
1.654000000000001336e+01 1.602864274243018120e-03
1.655000000000001137e+01 1.507324880688382020e-03
1.656000000000001293e+01 1.414911949596674981e-03
1.657000000000001450e+01 1.332227132881059518e-03
1.658000000000001251e+01 1.264479862128418345e-03
1.659000000000001407e+01 1.214664084018740814e-03
1.660000000000001563e+01 1.182910743638972140e-03
1.661000000000001364e+01 1.166456413922310883e-03
1.662000000000001165e+01 1.160501274948190064e-03
1.663000000000001322e+01 1.159678681106236005e-03
1.664000000000001478e+01 1.159528662275590869e-03
1.665000000000001279e+01 1.157548644740197859e-03
1.666000000000001435e+01 1.153708701391303578e-03
1.667000000000001592e+01 1.150435431010564911e-03
1.668000000000001393e+01 1.152034288487275432e-03
1.669000000000001194e+01 1.163540699965897544e-03
1.670000000000001350e+01 1.189226781177268096e-03
1.671000000000001506e+01 1.231331017032295284e-03
1.672000000000001307e+01 1.289565217648741373e-03
1.673000000000001464e+01 1.361414408638526039e-03
1.674000000000001620e+01 1.442764319942283413e-03
1.675000000000001421e+01 1.528450818164977165e-03
1.676000000000001222e+01 1.612658035126864845e-03
1.677000000000001378e+01 1.689285872910354031e-03
1.678000000000001535e+01 1.752396821804548706e-03
1.679000000000001336e+01 1.796757053148204542e-03
1.680000000000001492e+01 1.818404061012992646e-03
1.681000000000001648e+01 1.815136109810149001e-03
1.682000000000001450e+01 1.786825090924593724e-03
1.683000000000001251e+01 1.735489819862198529e-03
1.684000000000001407e+01 1.665115704843550277e-03
1.685000000000001563e+01 1.581254802423038642e-03
1.686000000000001364e+01 1.490473881706299089e-03
1.687000000000001165e+01 1.399723755731081300e-03
1.688000000000001322e+01 1.315672259130100776e-03
1.689000000000001478e+01 1.243989778330987367e-03
1.690000000000001279e+01 1.188565527804263120e-03
1.691000000000001435e+01 1.150765738236003135e-03
1.692000000000001592e+01 1.129092131591731161e-03
1.693000000000001393e+01 1.119635968159568909e-03
1.694000000000001194e+01 1.117301776325941480e-03
1.695000000000001350e+01 1.117289953900908826e-03
1.696000000000001506e+01 1.116308028129261391e-03
1.697000000000001307e+01 1.113286307413853277e-03
1.698000000000001464e+01 1.109581045631572848e-03
1.699000000000001620e+01 1.108656503089713733e-03
1.700000000000001421e+01 1.115208622474315710e-03
1.701000000000001577e+01 1.133822598430780666e-03
1.702000000000001378e+01 1.167580939005023570e-03
1.703000000000001535e+01 1.217230031361136045e-03
1.704000000000001336e+01 1.281181557944746988e-03
1.705000000000001492e+01 1.356047514775708153e-03
1.706000000000001293e+01 1.437233183248039572e-03
1.707000000000001450e+01 1.519377815463386194e-03
1.708000000000001251e+01 1.596704782762684753e-03
1.709000000000001407e+01 1.663408166057922738e-03
1.710000000000001563e+01 1.714132607799323180e-03
1.711000000000001364e+01 1.744512483405066339e-03
1.712000000000001521e+01 1.751681067659661235e-03
1.713000000000001322e+01 1.734649542726714698e-03
1.714000000000001478e+01 1.694479041633487927e-03
1.715000000000001279e+01 1.634211538587164664e-03
1.716000000000001435e+01 1.558573047074374293e-03
1.717000000000001592e+01 1.473502016233238726e-03
1.718000000000001393e+01 1.385573866946357337e-03
1.719000000000001549e+01 1.301377956355803623e-03
1.720000000000001350e+01 1.226857066747657349e-03
1.721000000000001506e+01 1.166580720839861503e-03
1.722000000000001307e+01 1.122983878896709892e-03
1.723000000000001464e+01 1.095815911206576756e-03
1.724000000000001620e+01 1.082216964095513703e-03
1.725000000000001421e+01 1.077615557217036484e-03
1.726000000000001577e+01 1.077120200888781725e-03
1.727000000000001378e+01 1.076840457686811109e-03
1.728000000000001535e+01 1.074786882988735398e-03
1.729000000000001336e+01 1.071275003110066246e-03
1.730000000000001492e+01 1.068838195016734438e-03
1.731000000000001293e+01 1.071616732729976582e-03
1.732000000000001450e+01 1.084230712989997167e-03
1.733000000000001606e+01 1.110392098733293219e-03
1.734000000000001407e+01 1.151809568335165120e-03
1.735000000000001563e+01 1.207853092310583274e-03
1.736000000000001364e+01 1.275911215288802860e-03
1.737000000000001521e+01 1.351986889346225035e-03
1.738000000000001322e+01 1.431192762974766016e-03
1.739000000000001478e+01 1.508112100344405782e-03
1.740000000000001279e+01 1.577142580027486671e-03
1.741000000000001435e+01 1.632914620817152093e-03
1.742000000000001592e+01 1.670787926351787345e-03
1.743000000000001393e+01 1.687359439046610086e-03
1.744000000000001549e+01 1.680887501059605098e-03
1.745000000000001350e+01 1.651546575589101385e-03
1.746000000000001506e+01 1.601461120219934905e-03
1.747000000000001307e+01 1.534512038766472483e-03
1.748000000000001464e+01 1.455951535634083128e-03
1.749000000000001620e+01 1.371889510168303270e-03
1.750000000000001421e+01 1.288714669263851418e-03
1.751000000000001577e+01 1.212480276213931656e-03
1.752000000000001378e+01 1.148236360631752937e-03
1.753000000000001535e+01 1.099295792640988352e-03
1.754000000000001336e+01 1.066569496791038713e-03
1.755000000000001492e+01 1.048331786934533598e-03
1.756000000000001648e+01 1.040752710313623281e-03
1.757000000000001450e+01 1.039097862257935519e-03
1.758000000000001606e+01 1.039087947734403930e-03
1.759000000000001407e+01 1.037958383063986197e-03
1.760000000000001563e+01 1.035050823009539891e-03
1.761000000000001364e+01 1.031932240946082692e-03
1.762000000000001521e+01 1.032027861726326178e-03
1.763000000000001322e+01 1.039737821830592724e-03
1.764000000000001478e+01 1.059157074686727529e-03
1.765000000000001634e+01 1.092828008918603384e-03
1.766000000000001435e+01 1.141078348436764698e-03
1.767000000000001592e+01 1.202124414061794344e-03
1.768000000000001393e+01 1.272606200232444902e-03
1.769000000000001549e+01 1.348130183983034004e-03
1.770000000000001350e+01 1.423665345825774874e-03
1.771000000000001506e+01 1.493866872088564718e-03
1.772000000000001307e+01 1.553439898454500893e-03
1.773000000000001464e+01 1.597584938869308670e-03
1.774000000000001620e+01 1.622486737651295105e-03
1.775000000000001421e+01 1.625763070852049392e-03
1.776000000000001577e+01 1.606784538354513519e-03
1.777000000000001378e+01 1.566800352569534035e-03
1.778000000000001535e+01 1.508844998964298505e-03
1.779000000000001336e+01 1.437443485784924710e-03
1.780000000000001492e+01 1.358166500621178253e-03
1.781000000000001648e+01 1.277099025684437939e-03
1.782000000000001450e+01 1.200267280577218230e-03
1.783000000000001606e+01 1.133024003222892926e-03
1.784000000000001407e+01 1.079364595325274729e-03
1.785000000000001563e+01 1.041225084843749437e-03
1.786000000000001364e+01 1.018024961334961257e-03
1.787000000000001521e+01 1.006842156093757691e-03
1.788000000000001677e+01 1.003337344907845319e-03
1.789000000000001478e+01 1.003064006488622482e-03
1.790000000000001634e+01 1.002647941413924420e-03
1.791000000000001435e+01 1.000553623009832688e-03
1.792000000000001592e+01 9.973914072812881549e-04
1.793000000000001393e+01 9.957685962616463510e-04
1.794000000000001549e+01 9.996507537280525588e-04
1.795000000000001350e+01 1.013260384051045508e-03
1.796000000000001506e+01 1.039794207620308450e-03
1.797000000000001663e+01 1.080492130783903193e-03
1.798000000000001464e+01 1.134438299344237965e-03
1.799000000000001620e+01 1.198958510442691338e-03
1.800000000000001421e+01 1.270180537410429619e-03
1.801000000000001577e+01 1.343479894657118858e-03
1.802000000000001378e+01 1.413808428770018961e-03
1.803000000000001535e+01 1.476017082478433629e-03
1.804000000000001336e+01 1.525247948664180822e-03
1.805000000000001492e+01 1.557390097433389775e-03
1.806000000000001648e+01 1.569533929661235490e-03
1.807000000000001450e+01 1.560337683774989503e-03
1.808000000000001606e+01 1.530231784124346352e-03
1.809000000000001407e+01 1.481419657931365517e-03
1.810000000000001563e+01 1.417674693029115276e-03
1.811000000000001364e+01 1.343970205518049514e-03
1.812000000000001521e+01 1.266000915727864828e-03
1.813000000000001677e+01 1.189649588342665473e-03
1.814000000000001478e+01 1.120417738778505456e-03
1.815000000000001634e+01 1.062797563971630338e-03
1.816000000000001435e+01 1.019584108606643672e-03
1.817000000000001592e+01 9.912860795186781773e-04
1.818000000000001393e+01 9.759926301735856935e-04
1.819000000000001549e+01 9.699717245871943092e-04
1.820000000000001705e+01 9.688367199511748948e-04
1.821000000000001506e+01 9.687871798479686910e-04
1.822000000000001663e+01 9.675316012059039525e-04
1.823000000000001464e+01 9.647702622052558739e-04
1.824000000000001620e+01 9.622410515709012681e-04
1.825000000000001421e+01 9.633097925040402321e-04
1.826000000000001577e+01 9.720844945390223757e-04
1.827000000000001378e+01 9.922003752292820472e-04
1.828000000000001535e+01 1.025712246359698505e-03
1.829000000000001691e+01 1.072586868834311509e-03
1.830000000000001492e+01 1.130887975586568903e-03
1.831000000000001648e+01 1.197301827356408001e-03
1.832000000000001450e+01 1.267631798480827864e-03
1.833000000000001606e+01 1.337155000070126875e-03
1.834000000000001407e+01 1.400922981416552601e-03
1.835000000000001563e+01 1.454104583925567304e-03
1.836000000000001364e+01 1.492399583862281812e-03
1.837000000000001521e+01 1.512481852756805689e-03
1.838000000000001677e+01 1.512394300121320395e-03
1.839000000000001478e+01 1.491816760710046362e-03
1.840000000000001634e+01 1.452152222815491492e-03
1.841000000000001435e+01 1.396414010964170446e-03
1.842000000000001592e+01 1.328934949297609636e-03
1.843000000000001393e+01 1.254947813257587105e-03
1.844000000000001549e+01 1.180093415867369301e-03
1.845000000000001705e+01 1.109890735093684152e-03
1.846000000000001506e+01 1.049160909265978853e-03
1.847000000000001663e+01 1.001381427425631319e-03
1.848000000000001464e+01 9.680418429293685548e-04
1.849000000000001620e+01 9.482780251463994925e-04
1.850000000000001421e+01 9.391363479327749595e-04
1.851000000000001577e+01 9.365124506152818721e-04
1.852000000000001734e+01 9.363772136490531575e-04
1.853000000000001535e+01 9.358252536169587524e-04
1.854000000000001691e+01 9.337229480419702342e-04
1.855000000000001492e+01 9.309312228764365666e-04
1.856000000000001648e+01 9.301025290453773103e-04
1.857000000000001450e+01 9.350194917645602124e-04
1.858000000000001606e+01 9.495234582807480627e-04
1.859000000000001407e+01 9.763370036790251566e-04
1.860000000000001563e+01 1.016286088236880401e-03
1.861000000000001720e+01 1.068217899849116873e-03
1.862000000000001521e+01 1.129423665802749364e-03
1.863000000000001677e+01 1.196161177264845003e-03
1.864000000000001478e+01 1.264055648725779732e-03
1.865000000000001634e+01 1.328400295616080206e-03
1.866000000000001435e+01 1.384460310119704990e-03
1.867000000000001592e+01 1.427840532340216495e-03
1.868000000000001393e+01 1.454903879096678494e-03
1.869000000000001549e+01 1.463177364503058563e-03
1.870000000000001705e+01 1.451667528522481007e-03
1.871000000000001506e+01 1.421021067861948876e-03
1.872000000000001663e+01 1.373498013923027351e-03
1.873000000000001464e+01 1.312762294468623183e-03
1.874000000000001620e+01 1.243526939161828607e-03
1.875000000000001421e+01 1.171107666124048940e-03
1.876000000000001577e+01 1.100929518032073675e-03
1.877000000000001734e+01 1.037995822154620098e-03
1.878000000000001535e+01 9.862942715855135996e-04
1.879000000000001691e+01 9.481528046051308518e-04
1.880000000000001492e+01 9.237251637029898809e-04
1.881000000000001648e+01 9.109534110369971269e-04
1.882000000000001450e+01 9.062201591092324156e-04
1.883000000000001606e+01 9.054737681720327743e-04
1.884000000000001762e+01 9.053552204065905967e-04
1.885000000000001563e+01 9.039975289623470396e-04
1.886000000000001720e+01 9.014132935896371907e-04
1.887000000000001521e+01 8.994763992957176572e-04
1.888000000000001677e+01 9.014754006566326515e-04
1.889000000000001478e+01 9.112299309537424258e-04
1.890000000000001634e+01 9.319437611875496961e-04
1.891000000000001435e+01 9.652320236445806551e-04
1.892000000000001592e+01 1.010751735861916811e-03
1.893000000000001748e+01 1.066450648741544245e-03
1.894000000000001549e+01 1.129075840517524505e-03
1.895000000000001705e+01 1.194622626560706532e-03
1.896000000000001506e+01 1.258656618654926907e-03
1.897000000000001663e+01 1.316594368602312009e-03
1.898000000000001464e+01 1.364026972210170613e-03
1.899000000000001620e+01 1.397104211014959336e-03
1.900000000000001421e+01 1.412936049095145754e-03
1.901000000000001577e+01 1.409939357786244669e-03
1.902000000000001734e+01 1.388060204618085484e-03
1.903000000000001535e+01 1.348826255166967868e-03
1.904000000000001691e+01 1.295218498161771706e-03
1.905000000000001492e+01 1.231385801367247722e-03
1.906000000000001648e+01 1.162249229171062083e-03
1.907000000000001450e+01 1.093045454053996179e-03
1.908000000000001606e+01 1.028834123244512207e-03
1.909000000000001762e+01 9.739546752044319364e-04
1.910000000000001563e+01 9.314151090788137972e-04
1.911000000000001720e+01 9.023048351876101917e-04
1.912000000000001521e+01 8.855178313055001851e-04
1.913000000000001677e+01 8.780963314217456010e-04
1.914000000000001478e+01 8.761726101174799070e-04
1.915000000000001634e+01 8.761094556993658531e-04
1.916000000000001791e+01 8.754277968573752431e-04
1.917000000000001592e+01 8.733499450381793745e-04
1.918000000000001748e+01 8.709484625676873568e-04
1.919000000000001549e+01 8.708956111613441915e-04
1.920000000000001705e+01 8.767840711279575004e-04
1.921000000000001506e+01 8.920896044322410099e-04
1.922000000000001663e+01 9.190986601916289328e-04
1.923000000000001464e+01 9.582727421924208330e-04
1.924000000000001620e+01 1.008264749661901818e-03
1.925000000000001776e+01 1.066354788836481856e-03
1.926000000000001577e+01 1.128933906494504827e-03
1.927000000000001734e+01 1.191864561961815784e-03
1.928000000000001535e+01 1.250756971670815209e-03
1.929000000000001691e+01 1.301256173675913045e-03
1.930000000000001492e+01 1.339386932441936949e-03
1.931000000000001648e+01 1.361937674174186659e-03
1.932000000000001450e+01 1.366822769640507534e-03
1.933000000000001606e+01 1.353352591524936829e-03
1.934000000000001762e+01 1.322356167709168610e-03
1.935000000000001563e+01 1.276131346035873143e-03
1.936000000000001720e+01 1.218231537867758320e-03
1.937000000000001521e+01 1.153126120740640987e-03
1.938000000000001677e+01 1.085783390910119483e-03
1.939000000000001478e+01 1.021212273167465285e-03
1.940000000000001634e+01 9.639637856131868902e-04
1.941000000000001791e+01 9.175669071707249092e-04
1.942000000000001592e+01 8.839268843590000323e-04
1.943000000000001748e+01 8.628849825098776696e-04
1.944000000000001549e+01 8.522705797139136161e-04
1.945000000000001705e+01 8.485953550812441954e-04
1.946000000000001506e+01 8.481301899112636891e-04
1.947000000000001663e+01 8.479233865050674187e-04
1.948000000000001819e+01 8.464891820688017323e-04
1.949000000000001620e+01 8.441115953340220255e-04
1.950000000000001776e+01 8.427696928449674276e-04
1.951000000000001577e+01 8.456590641721582714e-04
1.952000000000001734e+01 8.563149678875801429e-04
1.953000000000001535e+01 8.775363385023440431e-04
1.954000000000001691e+01 9.105425843855916457e-04
1.955000000000001492e+01 9.547265411257899355e-04
1.956000000000001648e+01 1.007951259140031251e-03
1.957000000000001805e+01 1.067036073130119304e-03
1.958000000000001606e+01 1.128162811072017319e-03
1.959000000000001762e+01 1.187167677085253573e-03
1.960000000000001563e+01 1.239804331756641205e-03
1.961000000000001720e+01 1.282049619590519898e-03
1.962000000000001521e+01 1.310460207051520731e-03
1.963000000000001677e+01 1.322535954453946550e-03
1.964000000000001478e+01 1.317023348699935311e-03
1.965000000000001634e+01 1.294097667251750726e-03
1.966000000000001791e+01 1.255386490625850322e-03
1.967000000000001592e+01 1.203829374679853776e-03
1.968000000000001748e+01 1.143398956425847272e-03
1.969000000000001549e+01 1.078727733323386635e-03
1.970000000000001705e+01 1.014683040310923601e-03
1.971000000000001506e+01 9.559064416156821389e-04
1.972000000000001663e+01 9.062985069689064596e-04
1.973000000000001819e+01 8.684398299116105006e-04
1.974000000000001620e+01 8.430610567347197708e-04
1.975000000000001776e+01 8.288521584051593630e-04
1.976000000000001577e+01 8.228756596655854329e-04
1.977000000000001734e+01 8.215009477131228954e-04
1.978000000000001535e+01 8.214589020614832980e-04
1.979000000000001691e+01 8.206584287018345997e-04
1.980000000000001847e+01 8.186369157895056169e-04
1.981000000000001648e+01 8.166441133658582010e-04
1.982000000000001805e+01 8.173496790220529783e-04
1.983000000000001606e+01 8.241505051972269902e-04
1.984000000000001762e+01 8.401718172218820878e-04
1.985000000000001563e+01 8.672994275666245532e-04
1.986000000000001720e+01 9.056752078395368050e-04
1.987000000000001521e+01 9.537950189038233969e-04
1.988000000000001677e+01 1.008947261826994386e-03
1.989000000000001833e+01 1.067657889225218266e-03
1.990000000000001634e+01 1.126014827219578695e-03
1.991000000000001791e+01 1.179923372036730238e-03
1.992000000000001592e+01 1.225377899776122249e-03
1.993000000000001748e+01 1.258785399906489546e-03
1.994000000000001549e+01 1.277317480421817164e-03
1.995000000000001705e+01 1.279232955284291279e-03
1.996000000000001506e+01 1.264107514821523077e-03
1.997000000000001663e+01 1.232923377645286922e-03
1.998000000000001819e+01 1.188000408080905259e-03
1.999000000000001620e+01 1.132781177017208422e-03
2.000000000000001776e+01 1.071506381900923927e-03
2.001000000000001577e+01 1.008824609870156291e-03
2.002000000000001734e+01 9.493647170627249115e-04
2.003000000000001535e+01 8.972648852207940669e-04
2.004000000000001691e+01 8.556349735328749482e-04
2.005000000000001847e+01 8.259968534710954028e-04
2.006000000000001648e+01 8.079178663015394116e-04
2.007000000000001805e+01 7.991458458239457342e-04
2.008000000000001606e+01 7.963337357316574352e-04
2.009000000000001762e+01 7.960625618682865392e-04
2.010000000000001563e+01 7.957566814749414755e-04
2.011000000000001720e+01 7.942727527516066539e-04
2.012000000000001876e+01 7.921298799762208293e-04
2.013000000000001677e+01 7.913849673488294141e-04
2.014000000000001833e+01 7.951268543983580021e-04
2.015000000000001634e+01 8.066108221703905019e-04
2.016000000000001791e+01 8.282563024157846678e-04
2.017000000000001592e+01 8.609275197010248827e-04
2.018000000000001748e+01 9.037936913962334087e-04
2.019000000000001549e+01 9.546598335107165647e-04
2.020000000000001705e+01 1.010426373738258256e-03
2.021000000000001862e+01 1.067455904488258086e-03
2.022000000000001663e+01 1.121838833243386834e-03
2.023000000000001819e+01 1.169640993474654542e-03
2.024000000000001620e+01 1.207192648687758184e-03
2.025000000000001776e+01 1.231419389281269202e-03
2.026000000000001577e+01 1.240170513282817365e-03
2.027000000000001734e+01 1.232483499727820035e-03
2.028000000000001535e+01 1.208730823994811276e-03
2.029000000000001691e+01 1.170618850485217414e-03
2.030000000000001847e+01 1.121038339022591233e-03
2.031000000000001648e+01 1.063792983693324966e-03
2.032000000000001805e+01 1.003247269947527302e-03
2.033000000000001606e+01 9.439295850702169189e-04
2.034000000000001762e+01 8.900990604127091135e-04
2.035000000000001563e+01 8.452543614102575511e-04
2.036000000000001720e+01 8.115856006645562641e-04
2.037000000000001876e+01 7.895020146512854789e-04
2.038000000000001677e+01 7.775241378934356342e-04
2.039000000000001833e+01 7.727564325736056101e-04
2.040000000000001634e+01 7.718046752777131536e-04
2.041000000000001791e+01 7.717454138003874064e-04
2.042000000000001592e+01 7.708407708402948734e-04
2.043000000000001748e+01 7.689067086915217812e-04
2.044000000000001904e+01 7.673395141259005100e-04
2.045000000000001705e+01 7.687863349214600671e-04
2.046000000000001862e+01 7.764435577344089290e-04
2.047000000000001663e+01 7.931006574110504356e-04
2.048000000000001819e+01 8.202761700504040878e-04
2.049000000000001620e+01 8.578330159611796549e-04
2.050000000000001776e+01 9.041425000825757501e-04
2.051000000000001577e+01 9.565172904596064979e-04
2.052000000000001734e+01 1.011618618310972237e-03
2.053000000000001890e+01 1.065748746892253599e-03
2.054000000000001691e+01 1.115088248413295983e-03
2.055000000000001847e+01 1.155953643449484595e-03
2.056000000000001648e+01 1.185100775828681809e-03
2.057000000000001805e+01 1.200047172004720672e-03
2.058000000000001606e+01 1.199358512701015084e-03
2.059000000000001762e+01 1.182842297263728961e-03
2.060000000000001563e+01 1.151608828972912378e-03
2.061000000000001720e+01 1.107986692335885927e-03
2.062000000000001876e+01 1.055307896357200173e-03
2.063000000000001677e+01 9.975980078327732065e-04
2.064000000000001833e+01 9.392103305796714943e-04
2.065000000000001634e+01 8.844250032723175196e-04
2.066000000000001791e+01 8.370014781405015619e-04
2.067000000000001592e+01 7.996649928396827069e-04
2.068000000000001748e+01 7.735892374160344056e-04
2.069000000000001904e+01 7.581028920963670198e-04
2.070000000000001705e+01 7.509004203507830275e-04
2.071000000000001862e+01 7.487861101832042317e-04
2.072000000000001663e+01 7.486387619670335607e-04
2.073000000000001819e+01 7.482299624305706722e-04
2.074000000000001620e+01 7.467238418387792684e-04
2.075000000000001776e+01 7.448421435230712572e-04
2.076000000000001933e+01 7.446952209839210199e-04
2.077000000000001734e+01 7.492530884925517913e-04
2.078000000000001890e+01 7.614959604589247944e-04
2.079000000000001691e+01 7.834881182459614611e-04
2.080000000000001847e+01 8.157761187809588546e-04
2.081000000000001648e+01 8.573416689816981250e-04
2.082000000000001805e+01 9.059544038060878988e-04
2.083000000000001606e+01 9.586025093785149756e-04
2.084000000000001762e+01 1.011823400367959074e-03
2.085000000000001918e+01 1.061946646774557766e-03
2.086000000000001720e+01 1.105327859242268397e-03
2.087000000000001876e+01 1.138621939729248011e-03
2.088000000000001677e+01 1.159089808208658935e-03
2.089000000000001833e+01 1.164894588426505524e-03
2.090000000000001634e+01 1.155330956660489527e-03
2.091000000000001791e+01 1.130940799287096345e-03
2.092000000000001592e+01 1.093491190044999957e-03
2.093000000000001748e+01 1.045818179423039151e-03
2.094000000000001904e+01 9.915634149429124883e-04
2.095000000000001705e+01 9.348417092385108602e-04
2.096000000000001862e+01 8.798691363359245664e-04
2.097000000000001663e+01 8.305533138302159798e-04
2.098000000000001819e+01 7.900230888819422198e-04
2.099000000000001620e+01 7.601108218454782125e-04
2.100000000000001776e+01 7.409384056093171970e-04
2.101000000000001933e+01 7.308885902604037726e-04
2.102000000000001734e+01 7.271268124840205233e-04
2.103000000000001890e+01 7.264933462047395030e-04
2.104000000000001691e+01 7.263891753189844012e-04
2.105000000000001847e+01 7.253979736041805872e-04
2.106000000000001648e+01 7.235815067266927747e-04
2.107000000000001805e+01 7.224551791780708119e-04
2.108000000000001961e+01 7.246259032528223724e-04
2.109000000000001762e+01 7.330859424894478876e-04
2.110000000000001918e+01 7.503037405996338272e-04
2.111000000000001720e+01 7.774620765384263445e-04
2.112000000000001876e+01 8.141818678377162706e-04
2.113000000000001677e+01 8.587381300832249570e-04
2.114000000000001833e+01 9.084808312686510571e-04
2.115000000000001634e+01 9.602058358252955851e-04
2.116000000000001791e+01 1.010419235116213855e-03
2.117000000000001947e+01 1.055558916326168216e-03
2.118000000000001748e+01 1.092239187459663518e-03
2.119000000000001904e+01 1.117535057804005302e-03
2.120000000000001705e+01 1.129277003126230323e-03
2.121000000000001862e+01 1.126304514435481040e-03
2.122000000000001663e+01 1.108627626409595252e-03
2.123000000000001819e+01 1.077463029384522451e-03
2.124000000000001620e+01 1.035136840502878320e-03
2.125000000000001776e+01 9.848712754228364577e-04
2.126000000000001933e+01 9.304890870704324085e-04
2.127000000000001734e+01 8.760699059777211656e-04
2.128000000000001890e+01 8.255725047089297088e-04
2.129000000000001691e+01 7.824072000093381307e-04
2.130000000000001847e+01 7.489449210678122753e-04
2.131000000000001648e+01 7.260430315951124864e-04
2.132000000000001805e+01 7.128240188303025830e-04
2.133000000000001961e+01 7.069544159994242336e-04
2.134000000000001762e+01 7.053979261316089796e-04
2.135000000000001918e+01 7.053187155292653127e-04
2.136000000000001720e+01 7.048089061476744922e-04
2.137000000000001876e+01 7.033084825239408703e-04
2.138000000000001677e+01 7.017127046049252475e-04
2.139000000000001833e+01 7.021635225093050348e-04
2.140000000000001990e+01 7.075016062723077761e-04
2.141000000000001791e+01 7.204376224659112676e-04
2.142000000000001947e+01 7.427042801009830532e-04
2.143000000000001748e+01 7.745652524897033613e-04
2.144000000000001904e+01 8.148468395310253572e-04
2.145000000000001705e+01 8.613024562849357123e-04
2.146000000000001862e+01 9.110129067214447780e-04
2.147000000000001663e+01 9.606843937057610869e-04
2.148000000000001819e+01 1.006871811113667879e-03
2.149000000000001975e+01 1.046200344911833204e-03
2.150000000000001776e+01 1.075623789887598632e-03
2.151000000000001933e+01 1.092708519621735791e-03
2.152000000000001734e+01 1.095899991144923301e-03
2.153000000000001890e+01 1.084720382042786251e-03
2.154000000000001691e+01 1.059856785092753474e-03
2.155000000000001847e+01 1.023121494021186038e-03
2.156000000000001648e+01 9.772911514415239583e-04
2.157000000000001805e+01 9.258518980915440540e-04
2.158000000000001961e+01 8.726852974969837506e-04
2.159000000000001762e+01 8.217185231624889521e-04
2.160000000000001918e+01 7.765345835990303779e-04
2.161000000000001720e+01 7.399205339573652245e-04
2.162000000000001876e+01 7.133803082520619003e-04
2.163000000000001677e+01 6.967798105593335381e-04
2.164000000000001833e+01 6.883930384077827395e-04
2.165000000000001990e+01 6.854629810874043145e-04
2.166000000000001791e+01 6.850614113184033205e-04
2.167000000000001947e+01 6.848935633144411037e-04
2.168000000000001748e+01 6.838356999065489921e-04
2.169000000000001904e+01 6.821658327329688286e-04
2.170000000000001705e+01 6.814938333242087122e-04
2.171000000000001862e+01 6.843705691566638648e-04
2.172000000000002018e+01 6.935816529877795967e-04
2.173000000000001819e+01 7.112892900211389806e-04
2.174000000000001975e+01 7.383703791021620092e-04
2.175000000000001776e+01 7.742373818106523158e-04
2.176000000000001933e+01 8.170935519169917824e-04
2.177000000000001734e+01 8.643366843232607637e-04
2.178000000000001890e+01 9.128958303282806806e-04
2.179000000000001691e+01 9.594709917379924289e-04
2.180000000000001847e+01 1.000741023721738203e-03
2.181000000000002004e+01 1.033596105117131269e-03
2.182000000000001805e+01 1.055403871637333822e-03
2.183000000000001961e+01 1.064278443050762843e-03
2.184000000000001762e+01 1.059303914643282708e-03
2.185000000000001918e+01 1.040667186582271879e-03
2.186000000000001720e+01 1.009672533237968624e-03
2.187000000000001876e+01 9.686341982384789190e-04
2.188000000000001677e+01 9.206657682298524355e-04
2.189000000000001833e+01 8.693984196034661898e-04
2.190000000000001990e+01 8.186572853054846196e-04
2.191000000000001791e+01 7.721036970928770241e-04
2.192000000000001947e+01 7.328246321240160840e-04
2.193000000000001748e+01 7.028635914498485926e-04
2.194000000000001904e+01 6.827907647870190468e-04
2.195000000000001705e+01 6.715524907771781848e-04
2.196000000000001862e+01 6.668102600463766787e-04
2.197000000000002018e+01 6.656933722128862427e-04
2.198000000000001819e+01 6.656389027849207935e-04
2.199000000000001975e+01 6.650347007463114574e-04
2.200000000000001776e+01 6.635678840467916072e-04
2.201000000000001933e+01 6.622809614717227759e-04
2.202000000000001734e+01 6.633278231932615088e-04
2.203000000000001890e+01 6.694107168145012592e-04
2.204000000000002046e+01 6.829769590538120215e-04
2.205000000000001847e+01 7.054506279769225683e-04
2.206000000000002004e+01 7.368447809957435080e-04
2.207000000000001805e+01 7.758587970641512644e-04
2.208000000000001961e+01 8.202459915452967607e-04
2.209000000000001762e+01 8.671831514265722308e-04
2.210000000000001918e+01 9.135392218225112018e-04
2.211000000000001720e+01 9.560816594121697345e-04
2.212000000000001876e+01 9.916869275540095979e-04
2.213000000000002032e+01 1.017584577768208039e-03
2.214000000000001833e+01 1.031619746924133333e-03
2.215000000000001990e+01 1.032492254588801735e-03
2.216000000000001791e+01 1.019925583913768767e-03
2.217000000000001947e+01 9.947308830468770333e-04
2.218000000000001748e+01 9.587523734663124528e-04
2.219000000000001904e+01 9.147036100647555493e-04
2.220000000000001705e+01 8.659214339189928245e-04
2.221000000000001862e+01 8.160689136804614562e-04
2.222000000000002018e+01 7.688049536273150204e-04
2.223000000000001819e+01 7.274114368886059863e-04
2.224000000000001975e+01 6.943582816732194254e-04
2.225000000000001776e+01 6.708475695289365130e-04
2.226000000000001933e+01 6.565183073740466033e-04
2.227000000000001734e+01 6.495623715605440638e-04
2.228000000000001890e+01 6.473145636255372634e-04
2.229000000000002046e+01 6.470741323439000315e-04
2.230000000000001847e+01 6.468313201849880617e-04
2.231000000000002004e+01 6.457283965166392197e-04
2.232000000000001805e+01 6.442328414958053365e-04
2.233000000000001961e+01 6.440267272575957418e-04
2.234000000000001762e+01 6.475907783648614680e-04
2.235000000000001918e+01 6.575025140557212971e-04
2.236000000000002075e+01 6.756328594044648138e-04
2.237000000000001876e+01 7.025811994212266846e-04
2.238000000000002032e+01 7.375819570636280671e-04
2.239000000000001833e+01 7.787878303237075455e-04
2.240000000000001990e+01 8.236528360251590616e-04
2.241000000000001791e+01 8.692371447518978857e-04
2.242000000000001947e+01 9.124253157180040605e-04
2.243000000000001748e+01 9.501222421661659938e-04
2.244000000000001904e+01 9.794741697655734870e-04
2.245000000000002061e+01 9.981175298233429388e-04
2.246000000000001862e+01 1.004423926390130136e-03
2.247000000000002018e+01 9.976961513395454523e-04
2.248000000000001819e+01 9.782753836639723581e-04
2.249000000000001975e+01 9.475371492660324005e-04
2.250000000000001776e+01 9.077759227016328611e-04
2.251000000000001933e+01 8.619981417556648196e-04
2.252000000000001734e+01 8.136536854076271497e-04
2.253000000000001890e+01 7.663302467142482774e-04
2.254000000000002046e+01 7.234126939670250042e-04
2.255000000000001847e+01 6.876872589740859682e-04
2.256000000000002004e+01 6.608940959622672988e-04
2.257000000000001805e+01 6.433431751335283357e-04
2.258000000000001961e+01 6.338325840446648162e-04
2.259000000000001762e+01 6.300392526953230979e-04
2.260000000000001918e+01 6.292624963039338297e-04
2.261000000000002075e+01 6.291998115613788543e-04
2.262000000000001876e+01 6.285116539527894897e-04
2.263000000000002032e+01 6.271060843982471759e-04
2.264000000000001833e+01 6.261490573069149624e-04
2.265000000000001990e+01 6.277886667056660442e-04
2.266000000000001791e+01 6.345810169826558971e-04
2.267000000000001947e+01 6.487170019970556678e-04
2.268000000000002103e+01 6.713344524699490883e-04
2.269000000000001904e+01 7.022257242510831577e-04
2.270000000000002061e+01 7.399884812072852992e-04
2.271000000000001862e+01 7.823894151193078314e-04
2.272000000000002018e+01 8.267034299357122785e-04
2.273000000000001819e+01 8.699562196725721961e-04
2.274000000000001975e+01 9.091160103773624499e-04
2.275000000000001776e+01 9.412939053191153030e-04
2.276000000000001933e+01 9.639743325268254484e-04
2.277000000000002089e+01 9.752572454073752924e-04
2.278000000000001890e+01 9.740718838906281887e-04
2.279000000000002046e+01 9.603198453778833158e-04
2.280000000000001847e+01 9.349177990826450582e-04
2.281000000000002004e+01 8.997304762669989901e-04
2.282000000000001805e+01 8.574055188706091249e-04
2.283000000000001961e+01 8.111363643049363231e-04
2.284000000000001762e+01 7.643808681189245618e-04
2.285000000000001918e+01 7.205478814688168676e-04
2.286000000000002075e+01 6.826387273744315793e-04
2.287000000000001876e+01 6.528280494964451824e-04
2.288000000000002032e+01 6.320404344892839067e-04
2.289000000000001833e+01 6.197151619712686034e-04
2.290000000000001990e+01 6.139863814013723576e-04
2.291000000000001791e+01 6.122927805885167423e-04
2.292000000000001947e+01 6.121561354242159884e-04
2.293000000000002103e+01 6.118333244631337644e-04
2.294000000000001904e+01 6.107081477839673093e-04
2.295000000000002061e+01 6.094131915455384919e-04
2.296000000000001862e+01 6.096825299656861985e-04
2.297000000000002018e+01 6.139141981242592040e-04
2.298000000000001819e+01 6.244772643798726132e-04
2.299000000000001975e+01 6.429665477543651097e-04
2.300000000000002132e+01 6.697308548526432082e-04
2.301000000000001933e+01 7.038540891923037845e-04
2.302000000000002089e+01 7.434566476223047199e-04
2.303000000000001890e+01 7.860553566200280179e-04
2.304000000000002046e+01 8.288389653053920792e-04
2.305000000000001847e+01 8.688677736534188359e-04
2.306000000000002004e+01 9.032590337313887822e-04
2.307000000000001805e+01 9.293970886901672902e-04
2.308000000000001961e+01 9.451656812694298479e-04
2.309000000000002117e+01 9.491704495933320131e-04
2.310000000000001918e+01 9.409098178120938426e-04
2.311000000000002075e+01 9.208593081340895334e-04
2.312000000000001876e+01 8.904514834874528760e-04
2.313000000000002032e+01 8.519544391050532439e-04
2.314000000000001833e+01 8.082691902066571968e-04
2.315000000000001990e+01 7.626737418275264437e-04
2.316000000000001791e+01 7.185335448153183343e-04
2.317000000000001947e+01 6.789754366200552796e-04
2.318000000000002103e+01 6.465048047469279524e-04
2.319000000000001904e+01 6.225802679912284575e-04
2.320000000000002061e+01 6.072767350099359624e-04
2.321000000000001862e+01 5.992699917466372175e-04
2.322000000000002018e+01 5.962706077806252886e-04
2.323000000000001819e+01 5.957507048735986507e-04
2.324000000000001975e+01 5.956557134755097399e-04
2.325000000000002132e+01 5.948970992483514466e-04
2.326000000000001933e+01 5.935798961552297796e-04
2.327000000000002089e+01 5.929718368862724924e-04
2.328000000000001890e+01 5.951991837054447683e-04
2.329000000000002046e+01 6.026654748059691227e-04
2.330000000000001847e+01 6.173128654884724089e-04
2.331000000000002004e+01 6.400147976655755746e-04
2.332000000000002160e+01 6.703706118458651990e-04
2.333000000000001961e+01 7.068984835651715955e-04
2.334000000000002117e+01 7.473896606509520179e-04
2.335000000000001918e+01 7.892182921431477316e-04
2.336000000000002075e+01 8.295609283672884457e-04
2.337000000000001876e+01 8.655756433732589034e-04
2.338000000000002032e+01 8.945929965677985960e-04
2.339000000000001833e+01 9.143333717455590613e-04
2.340000000000001990e+01 9.231299684566221520e-04
2.341000000000002146e+01 9.201191221004607684e-04
2.342000000000001947e+01 9.053599462331185553e-04
2.343000000000002103e+01 8.798583492875769073e-04
2.344000000000001904e+01 8.454897602933999015e-04
2.345000000000002061e+01 8.048338019269978124e-04
2.346000000000001862e+01 7.609461000243653928e-04
2.347000000000002018e+01 7.170912790388455195e-04
2.348000000000001819e+01 6.764442425367633545e-04
2.349000000000001975e+01 6.417438253278545191e-04
2.350000000000002132e+01 6.148889611189733203e-04
2.351000000000001933e+01 5.965493204703524411e-04
2.352000000000002089e+01 5.859899574097291635e-04
2.353000000000001890e+01 5.813095719734694697e-04
2.354000000000002046e+01 5.800607597811028053e-04
2.355000000000001847e+01 5.799820548238668457e-04
2.356000000000002004e+01 5.795794152772738199e-04
2.357000000000002160e+01 5.784555711810213888e-04
2.358000000000001961e+01 5.773859567807474325e-04
2.359000000000002117e+01 5.781382579360504073e-04
2.360000000000001918e+01 5.830167050380393465e-04
2.361000000000002075e+01 5.941826417970700897e-04
2.362000000000001876e+01 6.129701854476663457e-04
2.363000000000002032e+01 6.395031115509759549e-04
2.364000000000002188e+01 6.727396280130138774e-04
2.365000000000001990e+01 7.107834655740536897e-04
2.366000000000002146e+01 7.512193193302994180e-04
2.367000000000001947e+01 7.913616301773496219e-04
2.368000000000002103e+01 8.284381262636306533e-04
2.369000000000001904e+01 8.597658471840899895e-04
2.370000000000002061e+01 8.829508681783546954e-04
2.371000000000001862e+01 8.961047931593248920e-04
2.372000000000002018e+01 8.980462004395401831e-04
2.373000000000002174e+01 8.884485418635442843e-04
2.374000000000001975e+01 8.679040383311502826e-04
2.375000000000002132e+01 8.378899001326868936e-04
2.376000000000001933e+01 8.006423268664709112e-04
2.377000000000002089e+01 7.589588274951319935e-04
2.378000000000001890e+01 7.159541800402494018e-04
2.379000000000002046e+01 6.747851523488131555e-04
2.380000000000001847e+01 6.383367789244982337e-04
2.381000000000002004e+01 6.088512472961959878e-04
2.382000000000002160e+01 5.875256271266384714e-04
2.383000000000001961e+01 5.742234374074111887e-04
2.384000000000002117e+01 5.675223042719257892e-04
2.385000000000001918e+01 5.651824663573389333e-04
2.386000000000002075e+01 5.648501521904117362e-04
2.387000000000001876e+01 5.647062853293294965e-04
2.388000000000002032e+01 5.638931274290296660e-04
2.389000000000002188e+01 5.626906706203631909e-04
2.390000000000001990e+01 5.624486209189740122e-04
2.391000000000002146e+01 5.652568992069069431e-04
2.392000000000001947e+01 5.733613104930110642e-04
2.393000000000002103e+01 5.884637197880345210e-04
2.394000000000001904e+01 6.111945105936371575e-04
2.395000000000002061e+01 6.409855659619265785e-04
2.396000000000002217e+01 6.762950934275673747e-04
2.397000000000002018e+01 7.149480887892386291e-04
2.398000000000002174e+01 7.544182575024021859e-04
2.399000000000001975e+01 7.920272519370949362e-04
2.400000000000002132e+01 8.251128588682609321e-04
2.401000000000001933e+01 8.512111885912072590e-04
2.402000000000002089e+01 8.682613698821054675e-04
2.403000000000001890e+01 8.748103461334551852e-04
2.404000000000002046e+01 8.701814974060256922e-04
2.405000000000002203e+01 8.545731041732909433e-04
2.406000000000002004e+01 8.290659807709126498e-04
2.407000000000002160e+01 7.955378220104241619e-04
2.408000000000001961e+01 7.564987263316821703e-04
2.409000000000002117e+01 7.148718112809024361e-04
2.410000000000001918e+01 6.737392856339405670e-04
2.411000000000002075e+01 6.360563627432796107e-04
2.412000000000001876e+01 6.043153347385997031e-04
2.413000000000002032e+01 5.801571134636154380e-04
2.414000000000002188e+01 5.640176085040325259e-04
2.415000000000001990e+01 5.550116632038913297e-04
2.416000000000002146e+01 5.512227821420805692e-04
2.417000000000001947e+01 5.503255705187286686e-04
2.418000000000002103e+01 5.502688426848837029e-04
2.419000000000001904e+01 5.497908540986749023e-04
2.420000000000002061e+01 5.486923387808661373e-04
2.421000000000002217e+01 5.478711620888778149e-04
2.422000000000002018e+01 5.491118270831326894e-04
2.423000000000002174e+01 5.546149861258970176e-04
2.424000000000001975e+01 5.663360634751275725e-04
2.425000000000002132e+01 5.853640907754110610e-04
2.426000000000001933e+01 6.116219895669923858e-04
2.427000000000002089e+01 6.439645841742668107e-04
2.428000000000002245e+01 6.804922539124762118e-04
2.429000000000002046e+01 7.188613363040562186e-04
2.430000000000002203e+01 7.565088277806036399e-04
2.431000000000002004e+01 7.908220512629813258e-04
2.432000000000002160e+01 8.193062457704415472e-04
2.433000000000001961e+01 8.397742576406480195e-04
2.434000000000002117e+01 8.505478824755069488e-04
2.435000000000001918e+01 8.506395946405237093e-04
2.436000000000002075e+01 8.398794110710779744e-04
2.437000000000002231e+01 8.189605963386955255e-04
2.438000000000002032e+01 7.893941948365968461e-04
2.439000000000002188e+01 7.533799309296529021e-04
2.440000000000001990e+01 7.136138609295816261e-04
2.441000000000002146e+01 6.730554761902194033e-04
2.442000000000001947e+01 6.346649659532214429e-04
2.443000000000002103e+01 6.010998793967305782e-04
2.444000000000001904e+01 5.743549688595214840e-04
2.445000000000002061e+01 5.553842884419383239e-04
2.446000000000002217e+01 5.438623884605252399e-04
2.447000000000002018e+01 5.382911644711693092e-04
2.448000000000002174e+01 5.364944874699464515e-04
2.449000000000001975e+01 5.362926465841337358e-04
2.450000000000002132e+01 5.360897054915039848e-04
2.451000000000001933e+01 5.352397749168057075e-04
2.452000000000002089e+01 5.341775153234834756e-04
2.453000000000002245e+01 5.343164328480935884e-04
2.454000000000002046e+01 5.376969883145052637e-04
2.455000000000002203e+01 5.464033136039048817e-04
2.456000000000002004e+01 5.619061806703776760e-04
2.457000000000002160e+01 5.846136854358981389e-04
2.458000000000001961e+01 6.138137691266793913e-04
2.459000000000002117e+01 6.479217356122310466e-04
2.460000000000002274e+01 6.848038049738471239e-04
2.461000000000002075e+01 7.220328947173758729e-04
2.462000000000002231e+01 7.570701691532379530e-04
2.463000000000002032e+01 7.874237032234181763e-04
2.464000000000002188e+01 8.108223803805137591e-04
2.465000000000001990e+01 8.254083632265363278e-04
2.466000000000002146e+01 8.299246449480397487e-04
2.467000000000001947e+01 8.238635852416235916e-04
2.468000000000002103e+01 8.075462416994609247e-04
2.469000000000002260e+01 7.821156933925865144e-04
2.470000000000002061e+01 7.494446595111512463e-04
2.471000000000002217e+01 7.119727121961106318e-04
2.472000000000002018e+01 6.724954810033745593e-04
2.473000000000002174e+01 6.339225259310728687e-04
2.474000000000001975e+01 5.990020028921605325e-04
2.475000000000002132e+01 5.699937989663368589e-04
2.476000000000001933e+01 5.482969791051970753e-04
2.477000000000002089e+01 5.341337043114088943e-04
2.478000000000002245e+01 5.264912605034170398e-04
2.479000000000002046e+01 5.234562611687073718e-04
2.480000000000002203e+01 5.228316395466481390e-04
2.481000000000002004e+01 5.227694145509987483e-04
2.482000000000002160e+01 5.222240977053229510e-04
2.483000000000001961e+01 5.211750007130454233e-04
2.484000000000002117e+01 5.206236199041338903e-04
2.485000000000002274e+01 5.223559043438578920e-04
2.486000000000002075e+01 5.284604336543440072e-04
2.487000000000002231e+01 5.406895838460528975e-04
2.488000000000002032e+01 5.599030849389131578e-04
2.489000000000002188e+01 5.858458123800731367e-04
2.490000000000001990e+01 6.172891799469650215e-04
2.491000000000002146e+01 6.523414746653267591e-04
2.492000000000002302e+01 6.887333820446124924e-04
2.493000000000002103e+01 7.240211481975869457e-04
2.494000000000002260e+01 7.557443059027447920e-04
2.495000000000002061e+01 7.815855802027486983e-04
2.496000000000002217e+01 7.995508680848940073e-04
2.497000000000002018e+01 8.081560455528787219e-04
2.498000000000002174e+01 8.065902363008976188e-04
2.499000000000001975e+01 7.948234320748241103e-04
2.500000000000002132e+01 7.736360210092094181e-04

